出表日期,年度,季別,公司代號,公司名稱,流動資產,非流動資產,資產總計,流動負債,非流動負債,負債總計,股本,權益─具證券性質之虛擬通貨,資本公積,保留盈餘,其他權益,庫藏股票,歸屬於母公司業主之權益合計,共同控制下前手權益,合併前非屬共同控制股權,非控制權益,權益總計,待註銷股本股數（單位：股）,預收股款（權益項下）之約當發行股數（單位：股）,母公司暨子公司所持有之母公司庫藏股股數（單位：股）,每股參考淨值
"115/08/26","115","1","1240","茂生農經","1220776.00","1054687.00","2275463.00","610593.00","46897.00","657490.00","442324.00","--","144279.00","861201.00","110049.00","--","1557853.00","--","--","60120.00","1617973.00","--","0.00","0.00","35.22"
"115/08/26","115","1","1259","安心","1196902.00","5259256.00","6456158.00","2026357.00","1858656.00","3885013.00","323895.00","--","809816.00","963001.00","465945.00","--","2562657.00","--","--","8488.00","2571145.00","0.00","0.00","0.00","79.12"
"115/08/26","115","1","1264","德麥","3387125.00","2702736.00","6089861.00","1820028.00","106494.00","1926522.00","370524.00","--","673219.00","2265969.00","37459.00","0.00","3347171.00","--","--","816168.00","4163339.00","--","0.00","0.00","90.34"
"115/08/26","115","1","1268","漢來美食","2299358.00","4896459.00","7195817.00","2060201.00","2582935.00","4643136.00","422237.00","--","1123334.00","1016975.00","-9865.00","--","2552681.00","--","--","--","2552681.00","--","0.00","0.00","60.46"
"115/08/26","115","1","1294","漢田生技","608049.00","585615.00","1193664.00","224694.00","93988.00","318682.00","305716.00","--","313772.00","280782.00","--","-28362.00","871908.00","--","--","3074.00","874982.00","--","0.00","300000.00","28.80"
"115/08/26","115","1","1295","生合","960816.00","2332235.00","3293051.00","921196.00","1121187.00","2042383.00","344748.00","--","402165.00","489626.00","14129.00","--","1250668.00","--","--","--","1250668.00","0.00","0.00","0.00","36.28"
"115/08/26","115","1","1336","台翰","1262838.00","1976437.00","3239275.00","1057635.00","302511.00","1360146.00","776144.00","--","676871.00","544381.00","-118267.00","--","1879129.00","--","--","--","1879129.00","0.00","0.00","0.00","24.21"
"115/08/26","115","1","1565","精華","3948087.00","3665859.00","7613946.00","1117579.00","167143.00","1284722.00","504165.00","--","526000.00","5296933.00","2126.00","--","6329224.00","--","--","--","6329224.00","0.00","0.00","0.00","125.54"
"115/08/26","115","1","1569","濱川","3671340.00","2982082.00","6653422.00","2576382.00","806713.00","3383095.00","1442474.00","--","1809696.00","-127683.00","-28645.00","--","3095842.00","--","--","174485.00","3270327.00","--","0.00","0.00","21.46"
"115/08/26","115","1","1570","力肯","850348.00","281011.00","1131359.00","83186.00","8668.00","91854.00","515008.00","--","--","462866.00","61631.00","--","1039505.00","--","--","--","1039505.00","0.00","0.00","0.00","20.18"
"115/08/26","115","1","1580","新麥","2800330.00","1794418.00","4594748.00","1203297.00","223723.00","1427020.00","493392.00","--","212373.00","2300964.00","-8434.00","--","2998295.00","--","--","169433.00","3167728.00","--","0.00","0.00","60.77"
"115/08/26","115","1","1584","精剛","3042517.00","4720711.00","7763228.00","1851676.00","1140961.00","2992637.00","2324705.00","--","2044435.00","555493.00","-47957.00","-177757.00","4698919.00","--","--","71672.00","4770591.00","0.00","0.00","7518000.00","20.89"
"115/08/26","115","1","1586","和勤","1788709.00","1802693.00","3591402.00","1141147.00","475291.00","1616438.00","1068495.00","--","832685.00","323973.00","-29865.00","-220324.00","1974964.00","--","--","--","1974964.00","0.00","0.00","5554000.00","19.50"
"115/08/26","115","1","1591","駿吉-KY","444474.00","324082.00","768556.00","291864.00","30798.00","322662.00","380480.00","--","149153.00","30358.00","-114097.00","--","445894.00","--","--","--","445894.00","--","0.00","0.00","11.72"
"115/08/26","115","1","1593","祺驊","1435719.00","708778.00","2144497.00","486005.00","255223.00","741228.00","397848.00","--","586170.00","355979.00","-53052.00","--","1286945.00","--","--","116324.00","1403269.00","--","0.00","0.00","32.35"
"115/08/26","115","1","1595","川寶","2365347.00","1520643.00","3885990.00","831365.00","366843.00","1198208.00","541995.00","--","781593.00","1368550.00","2988.00","-7623.00","2687503.00","--","--","279.00","2687782.00","--","0.00","233000.00","49.80"
"115/08/26","115","1","1599","宏佳騰","1381244.00","1447418.00","2828662.00","663472.00","263281.00","926753.00","745287.00","--","451593.00","810814.00","-52405.00","-95750.00","1859539.00","--","--","42370.00","1901909.00","0.00","0.00","2500000.00","25.82"
"115/08/26","115","1","1742","台蠟","272653.00","1075018.00","1347671.00","16652.00","53373.00","70025.00","926713.00","--","162473.00","171733.00","16727.00","0.00","1277646.00","--","--","--","1277646.00","0.00","0.00","0.00","13.79"
"115/08/26","115","1","1777","生泰","1618432.00","1404909.00","3023341.00","474354.00","65421.00","539775.00","445917.00","--","983776.00","1057255.00","-3382.00","--","--","--","--","--","2483566.00","--","0.00","0.00","55.70"
"115/08/26","115","1","1780","立弘","1544315.00","637127.00","2181442.00","863473.00","43863.00","907336.00","962432.00","--","12756.00","302481.00","-3563.00","--","1274106.00","--","--","--","1274106.00","0.00","0.00","0.00","13.24"
"115/08/26","115","1","1781","合世","435769.00","227542.00","663311.00","154888.00","196769.00","351657.00","474076.00","--","35107.00","-139328.00","-58201.00","--","311654.00","--","--","--","311654.00","0.00","0.00","0.00","6.57"
"115/08/26","115","1","1784","訊聯","1932689.00","1167067.00","3099756.00","456857.00","426209.00","883066.00","531212.00","--","768213.00","69514.00","-8468.00","-120579.00","1239892.00","--","--","976798.00","2216690.00","0.00","0.00","2815000.00","24.65"
"115/08/26","115","1","1785","光洋科","30427096.00","8752347.00","39179443.00","16538096.00","5406957.00","21945053.00","5959802.00","--","4199835.00","6497396.00","-22271.00","--","16634762.00","--","--","599628.00","17234390.00","--","0.00","0.00","27.91"
"115/08/26","115","1","1788","杏昌","2704855.00","2563837.00","5268692.00","1519398.00","593022.00","2112420.00","445210.00","--","1601988.00","1153803.00","-44729.00","--","3156272.00","--","--","--","3156272.00","0.00","0.00","0.00","70.89"
"115/08/26","115","1","1796","金穎生技","576964.00","685250.00","1262214.00","177816.00","302970.00","480786.00","414598.00","--","294336.00","74125.00","-1631.00","--","781428.00","--","--","--","781428.00","0.00","0.00","0.00","18.85"
"115/08/26","115","1","1799","易威","718569.00","619724.00","1338293.00","293556.00","311574.00","605130.00","1246895.00","--","188970.00","-740538.00","24129.00","--","719456.00","--","--","13707.00","733163.00","0.00","0.00","0.00","5.77"
"115/08/26","115","1","1813","寶利徠","298111.00","651400.00","949511.00","278515.00","10431.00","288946.00","466355.00","--","219660.00","20083.00","-18472.00","--","687626.00","--","--","-27061.00","660565.00","--","0.00","0.00","14.74"
"115/08/26","115","1","1815","富喬","6997720.00","12508390.00","19506110.00","2083591.00","4242717.00","6326308.00","5854795.00","--","6106828.00","1470488.00","-237868.00","-14441.00","13179802.00","--","--","--","13179802.00","--","0.00","600000.00","22.53"
"115/08/26","115","1","2035","唐榮公司","3732488.00","14084563.00","17817051.00","3307923.00","12119572.00","15427495.00","3500000.00","--","46.00","-1214087.00","103597.00","--","--","--","--","--","2389556.00","--","0.00","0.00","6.83"
"115/08/26","115","1","2061","風青","976322.00","249031.00","1225353.00","559112.00","31757.00","590869.00","573781.00","--","89538.00","-36327.00","7492.00","--","634484.00","--","--","--","634484.00","0.00","0.00","0.00","11.06"
"115/08/26","115","1","2063","世鎧精密","1084492.00","900840.00","1985332.00","780307.00","276789.00","1057096.00","481015.00","--","241906.00","339594.00","-134219.00","-60.00","928236.00","--","--","--","928236.00","--","0.00","2000.00","19.30"
"115/08/26","115","1","2064","晉椿","1068561.00","1355494.00","2424055.00","1394658.00","95924.00","1490582.00","693300.00","--","101567.00","153545.00","-15708.00","--","932704.00","--","--","769.00","933473.00","--","0.00","0.00","13.45"
"115/08/26","115","1","2065","世豐","1417868.00","2123677.00","3541545.00","1106779.00","681925.00","1788704.00","635167.00","--","778544.00","500862.00","-161732.00","0.00","1752841.00","--","--","--","1752841.00","--","0.00","0.00","27.60"
"115/08/26","115","1","2066","世德","2661996.00","1183577.00","3845573.00","1347175.00","291186.00","1638361.00","444495.00","--","515893.00","1285234.00","-21657.00","-16753.00","2207212.00","--","--","--","2207212.00","0.00","0.00","260000.00","49.95"
"115/08/26","115","1","2067","嘉鋼","843675.00","1087263.00","1930938.00","1361177.00","301076.00","1662253.00","451382.00","--","--","-371858.00","152105.00","--","231629.00","--","--","37056.00","268685.00","--","0.00","0.00","5.13"
"115/08/26","115","1","2070","精湛","1026852.00","654546.00","1681398.00","444560.00","97398.00","541958.00","417828.00","--","158740.00","607321.00","-44449.00","--","1139440.00","--","--","--","1139440.00","0.00","0.00","0.00","27.27"
"115/08/26","115","1","2073","雄順","196747.00","518907.00","715654.00","193461.00","117174.00","310635.00","275000.00","--","63203.00","69196.00","-2380.00","--","--","--","--","--","405019.00","--","0.00","0.00","14.73"
"115/08/26","115","1","2221","大甲","1227831.00","491781.00","1719612.00","360278.00","164903.00","525181.00","423250.00","0.00","59634.00","615507.00","-232.00","0.00","1098159.00","0.00","--","96272.00","1194431.00","0.00","0.00","0.00","25.95"
"115/08/26","115","1","2230","泰茂","1270052.00","608884.00","1878936.00","562143.00","199708.00","761851.00","680296.00","--","265713.00","168062.00","-8731.00","-6954.00","1098386.00","--","--","18699.00","1117085.00","--","0.00","206000.00","16.19"
"115/08/26","115","1","2235","謚源","476388.00","944295.00","1420683.00","134975.00","42715.00","177690.00","358780.00","--","497802.00","386411.00","0.00","--","--","--","--","--","1242993.00","--","0.00","0.00","34.64"
"115/08/26","115","1","2596","綠意","5716572.00","550559.00","6267131.00","3783929.00","--","3783929.00","1000000.00","--","189208.00","937013.00","0.00","--","2126221.00","--","--","356981.00","2483202.00","--","0.00","0.00","21.26"
"115/08/26","115","1","2640","大車隊","1744334.00","2210214.00","3954548.00","1679740.00","334652.00","2014392.00","592650.00","--","497933.00","766865.00","-587.00","--","1856861.00","--","--","83295.00","1940156.00","0.00","0.00","0.00","31.33"
"115/08/26","115","1","2641","正德","3261172.00","12311777.00","15572949.00","1386448.00","4981343.00","6367791.00","3303337.00","--","1807075.00","2791645.00","385274.00","--","8287331.00","--","--","917827.00","9205158.00","0.00","0.00","0.00","25.09"
"115/08/26","115","1","2643","捷迅","2429724.00","505293.00","2935017.00","783475.00","111605.00","895080.00","350000.00","--","421105.00","1199436.00","69396.00","--","2039937.00","--","--","--","2039937.00","--","0.00","0.00","58.28"
"115/08/26","115","1","2718","全心投控","5017661.00","2885054.00","7902715.00","896581.00","514262.00","1410843.00","875760.00","--","727191.00","4923644.00","-14967.00","-19756.00","6491872.00","--","--","--","6491872.00","0.00","0.00","379000.00","74.45"
"115/08/26","115","1","2719","燦星旅","695646.00","424937.00","1120583.00","280925.00","79604.00","360529.00","691825.00","--","15731.00","52498.00","--","--","760054.00","--","--","--","760054.00","0.00","0.00","0.00","10.99"
"115/08/26","115","1","2724","藝舍-KY","436707.00","66476.00","503183.00","60862.00","12648.00","73510.00","596564.00","--","--","-164974.00","-9472.00","--","422118.00","--","--","7555.00","429673.00","0.00","0.00","0.00","7.08"
"115/08/26","115","1","2726","雅茗-KY","244871.00","421388.00","666259.00","152373.00","136506.00","288879.00","379225.00","--","71743.00","-17669.00","-49005.00","-15512.00","368782.00","--","--","8598.00","377380.00","--","0.00","232637.00","9.78"
"115/08/26","115","1","2729","瓦城","1350103.00","4887024.00","6237127.00","2494177.00","1201744.00","3695921.00","430408.00","--","1368275.00","817913.00","-14430.00","-83575.00","2518591.00","--","--","22615.00","2541206.00","0.00","0.00","407000.00","59.07"
"115/08/26","115","1","2732","六角","2154763.00","3689395.00","5844158.00","2110782.00","1572533.00","3683315.00","465186.00","--","1134899.00","336547.00","-18418.00","-177744.00","1740470.00","--","--","420373.00","2160843.00","--","0.00","1823000.00","38.94"
"115/08/26","115","1","2734","易飛網","583359.00","424673.00","1008032.00","291846.00","51092.00","342938.00","572598.00","--","282223.00","-187235.00","-4643.00","--","662943.00","--","--","2151.00","665094.00","--","0.00","0.00","11.58"
"115/08/26","115","1","2736","富野","355253.00","2008878.00","2364131.00","298081.00","608759.00","906840.00","799721.00","--","663059.00","2469.00","-55575.00","--","1409674.00","--","--","47617.00","1457291.00","0.00","0.00","0.00","17.63"
"115/08/26","115","1","2740","華軒","146423.00","52760.00","199183.00","23191.00","34015.00","57206.00","167620.00","--","334167.00","-359797.00","-13.00","--","141977.00","--","--","--","141977.00","--","0.00","0.00","8.47"
"115/08/26","115","1","2743","山富","2444054.00","772700.00","3216754.00","1651178.00","309249.00","1960427.00","468152.00","--","213608.00","574567.00","--","--","1256327.00","--","--","--","1256327.00","--","0.00","0.00","26.84"
"115/08/26","115","1","2745","五福","2720730.00","230210.00","2950940.00","1477375.00","358559.00","1835934.00","338085.00","--","124169.00","652752.00","--","--","1115006.00","--","--","--","1115006.00","--","0.00","0.00","32.98"
"115/08/26","115","1","2751","王座","443340.00","764591.00","1207931.00","407968.00","327039.00","735007.00","197650.00","--","164375.00","43413.00","-54.00","--","405384.00","--","--","67540.00","472924.00","--","0.00","0.00","20.51"
"115/08/26","115","1","2752","豆府","1396458.00","1139611.00","2536069.00","968504.00","414566.00","1383070.00","266939.00","--","483986.00","388546.00","-7622.00","--","1131849.00","--","--","21150.00","1152999.00","--","0.00","0.00","42.40"
"115/08/26","115","1","2754","亞洲藏壽司","799419.00","4165590.00","4965009.00","990967.00","2155591.00","3146558.00","468670.00","--","583085.00","764666.00","2030.00","--","1818451.00","--","--","--","1818451.00","--","0.00","0.00","38.80"
"115/08/26","115","1","2755","揚秦","924424.00","1254819.00","2179243.00","521854.00","509566.00","1031420.00","373742.00","--","262698.00","508737.00","2646.00","--","1147823.00","--","--","--","1147823.00","--","367921.00","0.00","30.71"
"115/08/26","115","1","2756","聯發國際","666431.00","640068.00","1306499.00","555161.00","226665.00","781826.00","245976.00","--","185126.00","111009.00","10466.00","-27904.00","524673.00","--","--","--","524673.00","--","0.00","353000.00","21.64"
"115/08/26","115","1","2916","滿心","1454124.00","738286.00","2192410.00","639099.00","68054.00","707153.00","646269.00","--","463666.00","378916.00","-3594.00","--","--","--","--","--","1485257.00","0.00","0.00","0.00","22.98"
"115/08/26","115","1","2924","宏太-KY","968298.00","40339.00","1008637.00","544535.00","1032.00","545567.00","520359.00","--","207394.00","-263892.00","-791.00","--","463070.00","--","--","--","463070.00","--","0.00","0.00","8.90"
"115/08/26","115","1","2926","誠品生活","4238883.00","11084432.00","15323315.00","5246886.00","9463011.00","14709897.00","473897.00","--","79121.00","12171.00","41851.00","--","607040.00","--","--","6378.00","613418.00","0.00","0.00","0.00","12.81"
"115/08/26","115","1","2937","集雅社","2318223.00","853647.00","3171870.00","2078051.00","33900.00","2111951.00","435420.00","--","136138.00","488361.00","--","--","1059919.00","--","--","--","1059919.00","0.00","0.00","0.00","24.34"
"115/08/26","115","1","2941","米斯特","421409.00","207738.00","629147.00","225190.00","65371.00","290561.00","153900.00","--","151372.00","33838.00","-524.00","--","--","--","--","--","338586.00","0.00","0.00","0.00","22.00"
"115/08/26","115","1","2947","振宇五金","888512.00","2167047.00","3055559.00","780973.00","1478963.00","2259936.00","214931.00","--","334997.00","263797.00","-18102.00","--","795623.00","--","--","--","795623.00","0.00","0.00","0.00","37.02"
"115/08/26","115","1","2948","寶陞","1987646.00","477233.00","2464879.00","1034677.00","364293.00","1398970.00","310000.00","--","400597.00","309056.00","46256.00","--","1065909.00","--","--","--","1065909.00","--","0.00","0.00","34.38"
"115/08/26","115","1","2949","欣新網","2571704.00","310637.00","2882341.00","1477420.00","218803.00","1696223.00","306411.00","--","452617.00","341431.00","-1746.00","-46618.00","1052095.00","--","--","134023.00","1186118.00","--","0.00","500000.00","34.91"
"115/08/26","115","1","3064","泰偉","56881.00","255359.00","312240.00","81205.00","169999.00","251204.00","130115.00","--","774.00","-81006.00","6966.00","0.00","56849.00","--","--","4187.00","61036.00","0.00","0.00","0.00","4.37"
"115/08/26","115","1","3066","李洲","755176.00","1082056.00","1837232.00","519021.00","97233.00","616254.00","830706.00","--","33136.00","-80098.00","363408.00","--","1147152.00","--","--","73826.00","1220978.00","--","0.00","0.00","13.81"
"115/08/26","115","1","3067","全域","76735.00","235837.00","312572.00","13787.00","50902.00","64689.00","200000.00","--","18210.00","29673.00","0.00","--","247883.00","--","--","--","247883.00","--","0.00","0.00","12.39"
"115/08/26","115","1","3071","協禧","2799967.00","1194730.00","3994697.00","1677767.00","303863.00","1981630.00","1100000.00","--","64372.00","414207.00","-8336.00","--","1570243.00","--","--","442824.00","2013067.00","0.00","0.00","0.00","14.27"
"115/08/26","115","1","3073","天方能源","411657.00","1908111.00","2319768.00","437556.00","1199441.00","1636997.00","395111.00","--","301191.00","16404.00","-30855.00","--","681851.00","--","--","920.00","682771.00","--","0.00","0.00","17.26"
"115/08/26","115","1","3078","僑威","8567875.00","2180745.00","10748620.00","3392223.00","629052.00","4021275.00","2273911.00","--","214554.00","4154301.00","84579.00","--","6727345.00","--","--","--","6727345.00","--","0.00","0.00","29.58"
"115/08/26","115","1","3081","聯亞","3182499.00","2495638.00","5678137.00","1100813.00","337768.00","1438581.00","925173.00","--","1800026.00","1528374.00","-14017.00","--","--","--","--","--","4239556.00","--","0.00","0.00","45.82"
"115/08/26","115","1","3083","網龍","747304.00","696726.00","1444030.00","94424.00","14369.00","108793.00","864869.00","--","359068.00","57835.00","20608.00","--","1302380.00","--","--","32857.00","1335237.00","--","0.00","0.00","15.06"
"115/08/26","115","1","3085","新零售","358514.00","150186.00","508700.00","106154.00","8996.00","115150.00","690193.00","--","0.00","-302619.00","5976.00","--","393550.00","--","--","--","393550.00","--","0.00","0.00","5.70"
"115/08/26","115","1","3086","華義*","234475.00","114346.00","348821.00","26940.00","1686.00","28626.00","272710.00","--","29199.00","12333.00","-129.00","--","314113.00","--","--","6082.00","320195.00","--","0.00","0.00","1.15"
"115/08/26","115","1","3088","艾訊","5302422.00","2709601.00","8012023.00","2370327.00","450371.00","2820698.00","1086490.00","--","1179174.00","2787741.00","77384.00","--","5130789.00","--","--","60536.00","5191325.00","--","0.00","0.00","47.22"
"115/08/26","115","1","3093","港建*","1250173.00","404998.00","1655171.00","693646.00","7878.00","701524.00","362888.00","--","44670.00","562241.00","-16152.00","--","953647.00","--","--","0.00","953647.00","--","0.00","0.00","6.57"
"115/08/26","115","1","3095","及成","410810.00","578943.00","989753.00","216596.00","579336.00","795932.00","161800.00","--","89843.00","-76837.00","19015.00","--","193821.00","--","--","--","193821.00","0.00","0.00","0.00","11.98"
"115/08/26","115","1","3105","穩懋","14458348.00","46106993.00","60565341.00","6475261.00","12798618.00","19273879.00","4239404.00","--","9978051.00","18680959.00","8021193.00","--","40919607.00","--","--","371855.00","41291462.00","--","0.00","0.00","96.52"
"115/08/26","115","1","3114","好德","2245407.00","405285.00","2650692.00","998281.00","27883.00","1026164.00","651298.00","--","52062.00","787088.00","151241.00","-17161.00","1624528.00","--","--","--","1624528.00","--","0.00","700000.00","25.21"
"115/08/26","115","1","3115","富榮綱","563218.00","14787.00","578005.00","30075.00","9361.00","39436.00","721976.00","--","--","-186278.00","2871.00","--","538569.00","--","--","--","538569.00","--","0.00","0.00","7.46"
"115/08/26","115","1","3118","進階","474591.00","359819.00","834410.00","225458.00","11483.00","236941.00","324529.00","--","56048.00","216892.00","--","--","--","--","--","--","597469.00","0.00","0.00","0.00","18.41"
"115/08/26","115","1","3122","笙泉","418178.00","194191.00","612369.00","260245.00","1284.00","261529.00","407648.00","--","26499.00","-83397.00","90.00","--","350840.00","--","--","--","350840.00","--","0.00","0.00","8.61"
"115/08/26","115","1","3128","昇銳","576664.00","1222930.00","1799594.00","566732.00","411098.00","977830.00","473175.00","--","150093.00","177102.00","--","0.00","800370.00","--","--","21394.00","821764.00","--","0.00","0.00","16.91"
"115/08/26","115","1","3131","弘塑","11128269.00","3231175.00","14359444.00","7546406.00","2837741.00","10384147.00","292589.00","--","1983638.00","2290869.00","136224.00","-757077.00","3946243.00","--","--","29054.00","3975297.00","0.00","42912.00","500000.00","137.22"
"115/08/26","115","1","3141","晶宏","1824127.00","2161090.00","3985217.00","1145244.00","96439.00","1241683.00","754607.00","--","425715.00","1391431.00","153700.00","-62495.00","2662958.00","--","--","80576.00","2743534.00","--","0.00","1074000.00","35.80"
"115/08/26","115","1","3147","大綜","4074071.00","654363.00","4728434.00","3102575.00","23616.00","3126191.00","436868.00","--","237150.00","932346.00","-4121.00","--","1602243.00","--","--","--","1602243.00","0.00","0.00","0.00","36.68"
"115/08/26","115","1","3152","璟德","2801063.00","1803318.00","4604381.00","463523.00","13387.00","476910.00","690162.00","--","573532.00","2863777.00","0.00","--","--","--","--","--","4127471.00","--","0.00","0.00","59.80"
"115/08/26","115","1","3158","嘉實","928994.00","554331.00","1483325.00","332057.00","67261.00","399318.00","304784.00","--","341287.00","444535.00","-6613.00","--","1083993.00","--","--","14.00","1084007.00","0.00","0.00","0.00","35.57"
"115/08/26","115","1","3162","精確","5713336.00","5265056.00","10978392.00","5941452.00","876404.00","6817856.00","1543711.00","--","2165019.00","242558.00","165495.00","-4427.00","4112356.00","--","--","48180.00","4160536.00","0.00","0.00","95000.00","26.66"
"115/08/26","115","1","3163","波若威","3569395.00","728131.00","4297526.00","945982.00","158604.00","1104586.00","805407.00","--","601382.00","1819338.00","-33187.00","--","3192940.00","--","--","--","3192940.00","0.00","0.00","0.00","39.64"
"115/08/26","115","1","3169","亞信","1958183.00","150635.00","2108818.00","189169.00","9695.00","198864.00","633070.00","--","493438.00","794165.00","-10719.00","--","1909954.00","--","--","--","1909954.00","--","0.00","0.00","30.27"
"115/08/26","115","1","3171","炎洲流通","1202732.00","430874.00","1633606.00","892083.00","40002.00","932085.00","331181.00","--","164187.00","179501.00","9514.00","-92933.00","591450.00","--","--","110071.00","701521.00","--","0.00","1507000.00","18.71"
"115/08/26","115","1","3176","基亞","3878090.00","3069312.00","6947402.00","716374.00","1513181.00","2229555.00","1393068.00","--","669844.00","-514611.00","-53787.00","--","1494514.00","--","--","3223333.00","4717847.00","--","0.00","0.00","10.73"
"115/08/26","115","1","3178","公準","941574.00","1739463.00","2681037.00","556602.00","927899.00","1484501.00","450500.00","--","171083.00","567905.00","266.00","--","1189754.00","--","--","6782.00","1196536.00","0.00","0.00","0.00","26.41"
"115/08/26","115","1","3188","鑫龍騰","10459987.00","18534.00","10478521.00","5752924.00","1593938.00","7346862.00","1886124.00","--","239271.00","1006264.00","0.00","--","3131659.00","--","--","--","3131659.00","--","280247.00","0.00","16.60"
"115/08/26","115","1","3191","雲嘉南","208039.00","165475.00","373514.00","35960.00","96823.00","132783.00","435974.00","--","3385.00","-198087.00","-541.00","--","240731.00","--","--","--","240731.00","--","0.00","0.00","5.52"
"115/08/26","115","1","3205","佰研","855734.00","231731.00","1087465.00","72712.00","920.00","73632.00","675456.00","--","370412.00","-46246.00","11786.00","--","1011408.00","--","--","2425.00","1013833.00","--","0.00","0.00","14.97"
"115/08/26","115","1","3206","志豐","2553826.00","485675.00","3039501.00","1145746.00","131040.00","1276786.00","589167.00","--","198250.00","772437.00","37740.00","0.00","1597594.00","--","--","165121.00","1762715.00","0.00","0.00","0.00","27.12"
"115/08/26","115","1","3207","耀勝","2645425.00","4191744.00","6837169.00","2844790.00","249769.00","3094559.00","664222.00","--","911048.00","-65425.00","229548.00","-1280.00","1738113.00","--","--","2004497.00","3742610.00","--","0.00","20000.00","26.18"
"115/08/26","115","1","3211","順達","12710109.00","5772603.00","18482712.00","8983680.00","801352.00","9785032.00","1543050.00","--","2445889.00","4945481.00","-236740.00","--","8697680.00","--","--","0.00","8697680.00","0.00","0.00","0.00","56.37"
"115/08/26","115","1","3213","茂訊","4274179.00","944672.00","5218851.00","1019460.00","170180.00","1189640.00","586855.00","--","74381.00","3003229.00","327245.00","--","3991710.00","--","--","37501.00","4029211.00","0.00","0.00","0.00","68.02"
"115/08/26","115","1","3217","優群","4320737.00","2359328.00","6680065.00","1397414.00","82049.00","1479463.00","901042.00","--","851701.00","2512773.00","935086.00","--","5200602.00","--","--","--","5200602.00","0.00","0.00","0.00","57.72"
"115/08/26","115","1","3218","大學光","3303289.00","3241162.00","6544451.00","1733780.00","1026250.00","2760030.00","847249.00","--","381924.00","2418396.00","6776.00","--","3654345.00","--","--","130076.00","3784421.00","--","0.00","0.00","43.13"
"115/08/26","115","1","3219","倚強科","2097119.00","843421.00","2940540.00","955167.00","209482.00","1164649.00","717809.00","--","230454.00","496848.00","3240.00","--","1448351.00","--","--","327540.00","1775891.00","--","0.00","0.00","20.18"
"115/08/26","115","1","3221","台嘉碩","1805131.00","1245944.00","3051075.00","693853.00","201671.00","895524.00","1050621.00","--","728406.00","634748.00","-319809.00","--","2093966.00","--","--","61585.00","2155551.00","0.00","0.00","0.00","19.93"
"115/08/26","115","1","3224","三顧","2015463.00","1672426.00","3687889.00","587462.00","399118.00","986580.00","781726.00","--","945505.00","-335134.00","11492.00","-1864.00","1401725.00","--","--","1299584.00","2701309.00","0.00","0.00","40000.00","17.94"
"115/08/26","115","1","3226","龍鋒","1148605.00","1358293.00","2506898.00","588084.00","36093.00","624177.00","644306.00","--","14894.00","1226540.00","-3019.00","--","--","--","--","--","1882721.00","--","0.00","0.00","29.22"
"115/08/26","115","1","3227","原相","10106782.00","5790521.00","15897303.00","4050943.00","443066.00","4494009.00","1505043.00","--","3585898.00","5416884.00","851969.00","--","11359794.00","--","--","43500.00","11403294.00","--","0.00","0.00","75.48"
"115/08/26","115","1","3228","金麗科","280401.00","447489.00","727890.00","86177.00","4372.00","90549.00","715115.00","--","242226.00","-295919.00","-24081.00","--","--","--","--","--","637341.00","0.00","0.00","0.00","8.91"
"115/08/26","115","1","3230","錦明","697008.00","592891.00","1289899.00","265421.00","89213.00","354634.00","860109.00","0.00","351031.00","-163737.00","-61635.00","-50503.00","935265.00","0.00","--","0.00","935265.00","0.00","0.00","895000.00","10.99"
"115/08/26","115","1","3232","昱捷","870874.00","308586.00","1179460.00","383234.00","119452.00","502686.00","465679.00","--","164541.00","36076.00","10478.00","--","676774.00","--","--","--","676774.00","0.00","0.00","0.00","14.53"
"115/08/26","115","1","3234","光環","700349.00","563878.00","1264227.00","334439.00","201518.00","535957.00","1114747.00","--","306312.00","-699835.00","-9239.00","--","711985.00","--","--","16285.00","728270.00","0.00","0.00","0.00","6.39"
"115/08/26","115","1","3236","千如","1416809.00","1705937.00","3122746.00","841169.00","656627.00","1497796.00","1050006.00","--","181063.00","409130.00","-15249.00","--","1624950.00","--","--","--","1624950.00","--","0.00","0.00","15.48"
"115/08/26","115","1","3252","海灣","532463.00","3397557.00","3930020.00","302540.00","1606430.00","1908970.00","501958.00","--","282210.00","1156012.00","28500.00","--","1968680.00","--","--","52370.00","2021050.00","--","0.00","0.00","39.22"
"115/08/26","115","1","3259","鑫創","388134.00","106377.00","494511.00","55089.00","59061.00","114150.00","729659.00","--","0.00","-349298.00","0.00","--","--","--","--","--","380361.00","--","0.00","0.00","5.21"
"115/08/26","115","1","3260","威剛","66138060.00","29006678.00","95144738.00","41894415.00","22665878.00","64560293.00","3257440.00","--","9077811.00","16777739.00","-821826.00","-737990.00","27553174.00","--","--","3031271.00","30584445.00","0.00","0.00","8510000.00","86.85"
"115/08/26","115","1","3264","欣銓","9161378.00","26474488.00","35635866.00","7244788.00","8146021.00","15390809.00","4901701.00","--","955655.00","14187737.00","326736.00","-126772.00","20245057.00","--","--","--","20245057.00","0.00","0.00","16250750.00","42.72"
"115/08/26","115","1","3265","台星科","3972924.00","5718811.00","9691735.00","1981885.00","1678192.00","3660077.00","1362617.00","--","366243.00","4199095.00","103703.00","--","6031658.00","--","--","--","6031658.00","0.00","0.00","0.00","44.27"
"115/08/26","115","1","3268","海德威","552188.00","396032.00","948220.00","375052.00","102394.00","477446.00","347208.00","--","84873.00","35349.00","3344.00","--","470774.00","--","--","--","470774.00","--","0.00","0.00","13.56"
"115/08/26","115","1","3272","東碩","2296156.00","2293196.00","4589352.00","1919973.00","1790821.00","3710794.00","611768.00","--","787445.00","-449598.00","-37477.00","-33580.00","878558.00","--","--","--","878558.00","0.00","0.00","1275000.00","14.67"
"115/08/26","115","1","3276","宇環","391141.00","1113834.00","1504975.00","478991.00","113408.00","592399.00","697127.00","--","28787.00","111859.00","13451.00","--","851224.00","--","--","61352.00","912576.00","0.00","0.00","0.00","12.21"
"115/08/26","115","1","3284","太普高","2081219.00","1291907.00","3373126.00","542437.00","1040904.00","1583341.00","1084825.00","--","153802.00","368820.00","-15091.00","--","1592356.00","--","--","197429.00","1789785.00","--","0.00","0.00","14.68"
"115/08/26","115","1","3285","微端","863551.00","169330.00","1032881.00","388288.00","31264.00","419552.00","427353.00","--","26471.00","155970.00","-12652.00","--","597142.00","--","--","16187.00","613329.00","--","0.00","0.00","13.97"
"115/08/26","115","1","3287","廣寰科","888006.00","147193.00","1035199.00","307386.00","2791.00","310177.00","439705.00","--","16259.00","206212.00","-697.00","--","661479.00","--","--","63543.00","725022.00","--","0.00","0.00","15.04"
"115/08/26","115","1","3288","點晶","172578.00","32973.00","205551.00","79113.00","19902.00","99015.00","163800.00","--","7981.00","-76281.00","12416.00","--","107916.00","--","--","-1380.00","106536.00","--","0.00","0.00","6.59"
"115/08/26","115","1","3289","宜特","2797912.00","5715812.00","8513724.00","1948816.00","1773597.00","3722413.00","877620.00","--","3245736.00","723236.00","-55281.00","--","4791311.00","--","--","0.00","4791311.00","--","271500.00","0.00","55.23"
"115/08/26","115","1","3290","東浦","3632331.00","2480266.00","6112597.00","1856878.00","1900806.00","3757684.00","902150.00","--","516164.00","1031666.00","-95067.00","--","2354913.00","--","--","--","2354913.00","0.00","0.00","0.00","26.10"
"115/08/26","115","1","3293","鈊象","23759325.00","5704404.00","29463729.00","17340145.00","81874.00","17422019.00","2818016.00","--","317283.00","8568887.00","333923.00","--","12038109.00","--","--","3601.00","12041710.00","--","0.00","0.00","42.72"
"115/08/26","115","1","3294","英濟","3433648.00","1649361.00","5083009.00","1536080.00","1237065.00","2773145.00","1320159.00","--","857020.00","-91034.00","182474.00","--","2268619.00","--","--","41245.00","2309864.00","0.00","0.00","0.00","17.18"
"115/08/26","115","1","3297","杭特","250014.00","467860.00","717874.00","135914.00","2979.00","138893.00","360494.00","--","112612.00","105875.00","--","0.00","578981.00","--","--","0.00","578981.00","0.00","0.00","0.00","16.06"
"115/08/26","115","1","3303","岱稜","2426135.00","1677522.00","4103657.00","1143815.00","700049.00","1843864.00","940906.00","--","413167.00","896714.00","18198.00","-27093.00","2241892.00","--","--","17901.00","2259793.00","--","0.00","554000.00","23.97"
"115/08/26","115","1","3306","鼎天","942897.00","2717973.00","3660870.00","388739.00","2423.00","391162.00","506077.00","--","481430.00","236733.00","2045468.00","--","--","--","--","--","3269708.00","--","0.00","0.00","64.61"
"115/08/26","115","1","3310","佳穎","5243436.00","1048675.00","6292111.00","4077255.00","190951.00","4268206.00","749485.00","--","171723.00","943849.00","154271.00","--","2019328.00","--","--","4577.00","2023905.00","0.00","0.00","0.00","26.94"
"115/08/26","115","1","3313","斐成","3276355.00","355294.00","3631649.00","1040634.00","380832.00","1421466.00","2211338.00","--","671770.00","-671547.00","-1392.00","--","2210169.00","--","--","14.00","2210183.00","0.00","0.00","0.00","9.99"
"115/08/26","115","1","3317","尼克森","3459886.00","611890.00","4071776.00","686635.00","71060.00","757695.00","900000.00","--","676048.00","1655879.00","-1727.00","--","3230200.00","--","--","83881.00","3314081.00","0.00","0.00","0.00","35.89"
"115/08/26","115","1","3322","建舜電","1921586.00","1865826.00","3787412.00","1780187.00","370778.00","2150965.00","1376094.00","--","240601.00","-66160.00","85912.00","--","1636447.00","--","--","0.00","1636447.00","0.00","0.00","0.00","11.89"
"115/08/26","115","1","3323","加百裕","4365995.00","632638.00","4998633.00","2355470.00","113099.00","2468569.00","994032.00","--","1093773.00","317986.00","37897.00","--","2443688.00","--","--","86376.00","2530064.00","--","0.00","0.00","24.58"
"115/08/26","115","1","3324","雙鴻","24498202.00","8546318.00","33044520.00","12327843.00","6777794.00","19105637.00","930768.00","--","3575541.00","8681487.00","235026.00","0.00","13422822.00","--","--","516061.00","13938883.00","0.00","2042.00","0.00","144.21"
"115/08/26","115","1","3325","旭品","1162686.00","683973.00","1846659.00","653170.00","86415.00","739585.00","1101686.00","--","246308.00","-356200.00","54182.00","--","1045976.00","--","--","61098.00","1107074.00","--","0.00","0.00","9.49"
"115/08/26","115","1","3332","幸康","1759694.00","693234.00","2452928.00","500017.00","24341.00","524358.00","481042.00","--","180703.00","1240626.00","26199.00","--","1928570.00","--","--","--","1928570.00","0.00","0.00","0.00","40.09"
"115/08/26","115","1","3339","泰谷","778594.00","522805.00","1301399.00","552888.00","93336.00","646224.00","665683.00","--","222368.00","-134255.00","--","-102878.00","650918.00","--","--","4257.00","655175.00","0.00","0.00","3258000.00","10.28"
"115/08/26","115","1","3349","寶德","302706.00","156057.00","458763.00","84604.00","52688.00","137292.00","460716.00","--","87667.00","-225127.00","-1785.00","--","321471.00","--","--","--","321471.00","0.00","0.00","0.00","6.98"
"115/08/26","115","1","3354","律勝","341037.00","532221.00","873258.00","22850.00","66295.00","89145.00","701124.00","--","34462.00","70285.00","-21758.00","--","784113.00","--","--","--","784113.00","0.00","0.00","0.00","11.18"
"115/08/26","115","1","3357","臺慶科","6648182.00","8644097.00","15292279.00","3854525.00","1261515.00","5116040.00","1149370.00","--","3151045.00","4371478.00","1246986.00","--","9918879.00","--","--","257360.00","10176239.00","0.00","0.00","0.00","86.30"
"115/08/26","115","1","3360","尚立","3958271.00","478618.00","4436889.00","3399967.00","215619.00","3615586.00","764021.00","--","93254.00","-35081.00","5053.00","--","827247.00","--","--","-5944.00","821303.00","--","0.00","0.00","10.83"
"115/08/26","115","1","3362","先進光","4018435.00","6600528.00","10618963.00","4294176.00","2681411.00","6975587.00","1424455.00","--","1512469.00","671856.00","34430.00","--","3643210.00","--","--","166.00","3643376.00","0.00","0.00","0.00","25.58"
"115/08/26","115","1","3363","上詮","5262406.00","1042882.00","6305288.00","475375.00","95817.00","571192.00","1136406.00","--","4652897.00","166452.00","-221659.00","--","5734096.00","--","--","--","5734096.00","0.00","0.00","0.00","50.46"
"115/08/26","115","1","3372","典範","781785.00","1043686.00","1825471.00","248528.00","80230.00","328758.00","1753240.00","--","132984.00","-389511.00","0.00","--","--","--","--","--","1496713.00","0.00","0.00","0.00","8.54"
"115/08/26","115","1","3373","熱映","651597.00","214210.00","865807.00","73142.00","475.00","73617.00","476188.00","--","88777.00","292934.00","-65709.00","--","792190.00","--","--","--","792190.00","--","0.00","0.00","16.64"
"115/08/26","115","1","3374","精材","7919873.00","9202806.00","17122679.00","2468491.00","4512159.00","6980650.00","2713643.00","--","396424.00","7031962.00","--","--","--","--","--","--","10142029.00","--","0.00","0.00","37.37"
"115/08/26","115","1","3379","彬台","627774.00","530048.00","1157822.00","523418.00","8027.00","531445.00","380417.00","--","70015.00","54200.00","121745.00","--","626377.00","--","--","--","626377.00","0.00","0.00","0.00","16.47"
"115/08/26","115","1","3388","崇越電","6016030.00","1398588.00","7414618.00","1628382.00","1085281.00","2713663.00","740656.00","--","1521240.00","2013885.00","264408.00","--","4540189.00","--","--","160766.00","4700955.00","--","0.00","0.00","61.30"
"115/08/26","115","1","3390","旭軟","1111540.00","790852.00","1902392.00","325807.00","195405.00","521212.00","793297.00","--","490480.00","34628.00","62775.00","0.00","1381180.00","--","--","0.00","1381180.00","0.00","371400.00","0.00","17.41"
"115/08/26","115","1","3402","漢科","5257364.00","1383294.00","6640658.00","4492869.00","186514.00","4679383.00","730476.00","--","54813.00","1145643.00","30343.00","--","1961275.00","--","--","--","1961275.00","--","0.00","0.00","26.85"
"115/08/26","115","1","3430","奇鈦科","1178733.00","655756.00","1834489.00","434134.00","258001.00","692135.00","337161.00","--","161772.00","636522.00","6899.00","--","1142354.00","--","--","--","1142354.00","--","0.00","0.00","33.88"
"115/08/26","115","1","3434","哲固","438036.00","258420.00","696456.00","114932.00","76076.00","191008.00","357547.00","--","105901.00","46063.00","-4063.00","--","505448.00","--","--","--","505448.00","0.00","0.00","0.00","14.14"
"115/08/26","115","1","3438","類比科","1130583.00","1785534.00","2916117.00","180047.00","241316.00","421363.00","471658.00","--","582219.00","498126.00","942751.00","--","--","--","--","--","2494754.00","0.00","0.00","0.00","52.89"
"115/08/26","115","1","3441","聯一光電","966303.00","126053.00","1092356.00","183372.00","61743.00","245115.00","400399.00","--","57641.00","351788.00","23639.00","--","833467.00","--","--","13774.00","847241.00","--","0.00","0.00","20.82"
"115/08/26","115","1","3444","利機","983465.00","460561.00","1444026.00","416235.00","9734.00","425969.00","449969.00","--","261106.00","344080.00","-37098.00","--","1018057.00","--","--","--","1018057.00","--","0.00","0.00","22.63"
"115/08/26","115","1","3455","由田","2052190.00","1772291.00","3824481.00","1044264.00","468556.00","1512820.00","598507.00","--","190131.00","1552052.00","-29029.00","--","2311661.00","--","--","--","2311661.00","--","0.00","0.00","38.62"
"115/08/26","115","1","3465","進泰電子","1204751.00","1012004.00","2216755.00","888255.00","507012.00","1395267.00","353298.00","--","283304.00","111660.00","28931.00","--","777193.00","--","--","44295.00","821488.00","0.00","0.00","0.00","22.00"
"115/08/26","115","1","3466","德晉","1194444.00","588322.00","1782766.00","231554.00","118826.00","350380.00","778921.00","--","1186479.00","-446710.00","-86304.00","--","1432386.00","--","--","--","1432386.00","0.00","0.00","0.00","18.39"
"115/08/26","115","1","3467","台灣精材","478414.00","417386.00","895800.00","198045.00","93794.00","291839.00","311066.00","--","180519.00","112376.00","--","--","--","--","--","--","603961.00","--","0.00","0.00","19.42"
"115/08/26","115","1","3479","安勤","5691080.00","2837702.00","8528782.00","3453637.00","1212970.00","4666607.00","726302.00","0.00","1160477.00","1354206.00","-1902.00","-1535.00","3237548.00","0.00","--","624627.00","3862175.00","--","0.00","76201.00","44.62"
"115/08/26","115","1","3483","力致","6747897.00","2714556.00","9462453.00","3951889.00","739680.00","4691569.00","990493.00","--","2360869.00","1418187.00","93583.00","-92248.00","4770884.00","--","--","--","4770884.00","--","0.00","1000000.00","48.66"
"115/08/26","115","1","3484","崧騰","3835244.00","1341455.00","5176699.00","1479504.00","269616.00","1749120.00","788282.00","--","861329.00","1612784.00","128443.00","--","3390838.00","--","--","36741.00","3427579.00","--","0.00","0.00","43.02"
"115/08/26","115","1","3485","敘豐","1228813.00","317766.00","1546579.00","155230.00","8351.00","163581.00","341919.00","--","21655.00","1031314.00","-11890.00","--","1382998.00","--","--","--","1382998.00","--","0.00","0.00","40.45"
"115/08/26","115","1","3489","森寶","3946824.00","192511.00","4139335.00","2933173.00","3294.00","2936467.00","904522.00","--","286093.00","12253.00","--","--","1202868.00","--","--","--","1202868.00","0.00","0.00","0.00","13.30"
"115/08/26","115","1","3490","單井","658242.00","1483005.00","2141247.00","422072.00","366602.00","788674.00","550065.00","--","344954.00","465778.00","-8224.00","0.00","1352573.00","--","--","--","1352573.00","--","0.00","0.00","24.59"
"115/08/26","115","1","3491","昇達科","2799806.00","2926693.00","5726499.00","2023846.00","217986.00","2241832.00","688051.00","--","1976679.00","655519.00","164380.00","--","3484629.00","--","--","38.00","3484667.00","--","0.00","0.00","50.64"
"115/08/26","115","1","3492","長盛","690377.00","277567.00","967944.00","248562.00","48873.00","297435.00","355316.00","--","19787.00","302199.00","-6793.00","0.00","670509.00","--","--","--","670509.00","0.00","0.00","0.00","18.87"
"115/08/26","115","1","3498","陽程","3822519.00","868835.00","4691354.00","2240707.00","182566.00","2423273.00","612730.00","--","1354253.00","400617.00","-71415.00","-28951.00","2267234.00","--","--","847.00","2268081.00","--","0.00","862000.00","37.53"
"115/08/26","115","1","3499","環天科","346452.00","299280.00","645732.00","186189.00","15603.00","201792.00","549706.00","--","28440.00","-123539.00","-10667.00","--","443940.00","--","--","0.00","443940.00","0.00","0.00","0.00","8.08"
"115/08/26","115","1","3508","位速","868737.00","1843216.00","2711953.00","1719551.00","585347.00","2304898.00","1043117.00","--","2113176.00","-2583861.00","-24255.00","-56294.00","491883.00","--","--","-84828.00","407055.00","--","0.00","1076366.00","4.76"
"115/08/26","115","1","3511","矽瑪","1156923.00","1316249.00","2473172.00","539276.00","129359.00","668635.00","799729.00","--","551718.00","-62417.00","9185.00","--","1298215.00","--","--","506322.00","1804537.00","--","0.00","0.00","16.23"
"115/08/26","115","1","3512","皇龍","5601572.00","65309.00","5666881.00","3153009.00","11361.00","3164370.00","1130724.00","--","992448.00","379339.00","0.00","--","2502511.00","--","--","--","2502511.00","--","0.00","0.00","22.13"
"115/08/26","115","1","3516","亞帝歐","744973.00","2068739.00","2813712.00","345646.00","794983.00","1140629.00","595609.00","--","886282.00","107804.00","-46421.00","--","1543274.00","--","--","129809.00","1673083.00","--","0.00","0.00","25.91"
"115/08/26","115","1","3520","華盈","934504.00","597819.00","1532323.00","451938.00","279768.00","731706.00","688468.00","--","61539.00","54770.00","-4160.00","--","800617.00","--","--","0.00","800617.00","0.00","0.00","0.00","11.63"
"115/08/26","115","1","3521","台鋼建設","1316858.00","501171.00","1818029.00","39065.00","20559.00","59624.00","1457656.00","--","429965.00","-139776.00","10560.00","--","1758405.00","--","--","0.00","1758405.00","--","0.00","0.00","12.06"
"115/08/26","115","1","3522","御嵿","766247.00","1720249.00","2486496.00","969224.00","711687.00","1680911.00","1040962.00","--","153079.00","-378236.00","-15005.00","--","800800.00","--","--","4785.00","805585.00","0.00","0.00","0.00","7.69"
"115/08/26","115","1","3523","迎輝","113597.00","1679013.00","1792610.00","465602.00","926474.00","1392076.00","642579.00","--","15776.00","-763020.00","501494.00","--","396829.00","--","--","3705.00","400534.00","--","0.00","0.00","6.18"
"115/08/26","115","1","3526","凡甲","6847752.00","1560644.00","8408396.00","3362014.00","1456632.00","4818646.00","658509.00","--","1195220.00","1636226.00","99795.00","--","3589750.00","--","--","0.00","3589750.00","--","229400.00","0.00","54.51"
"115/08/26","115","1","3527","聚積","2107559.00","391942.00","2499501.00","264333.00","8351.00","272684.00","444451.00","--","1298953.00","489645.00","-6232.00","--","2226817.00","--","--","--","2226817.00","--","0.00","0.00","50.10"
"115/08/26","115","1","3529","力旺","4568062.00","1017866.00","5585928.00","1083025.00","14113.00","1097138.00","746865.00","--","132918.00","3568611.00","-9407.00","--","4438987.00","--","--","49803.00","4488790.00","--","0.00","0.00","59.43"
"115/08/26","115","1","3531","先益","2046848.00","284484.00","2331332.00","403464.00","38544.00","442008.00","611750.00","--","669790.00","689098.00","-101955.00","--","1868683.00","--","--","20641.00","1889324.00","0.00","0.00","0.00","30.55"
"115/08/26","115","1","3537","堡達","1717875.00","246851.00","1964726.00","575217.00","37049.00","612266.00","562430.00","0.00","105466.00","694254.00","-9690.00","0.00","1352460.00","0.00","--","0.00","1352460.00","0.00","0.00","0.00","24.05"
"115/08/26","115","1","3540","曜越","4963737.00","854303.00","5818040.00","3143043.00","891019.00","4034062.00","724585.00","--","512283.00","541426.00","60211.00","0.00","1838505.00","--","--","-54527.00","1783978.00","--","0.00","0.00","25.37"
"115/08/26","115","1","3541","西柏","1590621.00","640243.00","2230864.00","1013357.00","496240.00","1509597.00","563491.00","--","266682.00","-41829.00","-25787.00","-41290.00","721267.00","0.00","--","--","721267.00","0.00","0.00","618000.00","12.94"
"115/08/26","115","1","3546","宇峻","1673244.00","843802.00","2517046.00","533727.00","351638.00","885365.00","584275.00","--","298384.00","723486.00","25536.00","--","1631681.00","--","--","--","1631681.00","--","0.00","0.00","27.93"
"115/08/26","115","1","3548","兆利","7645361.00","3846686.00","11492047.00","3499905.00","1763588.00","5263493.00","677442.00","--","2154364.00","3185136.00","211612.00","0.00","6228554.00","--","--","--","6228554.00","--","0.00","0.00","91.94"
"115/08/26","115","1","3551","世禾","3159188.00","3155785.00","6314973.00","727852.00","491040.00","1218892.00","622749.00","--","914200.00","3581375.00","9087.00","-31330.00","5096081.00","--","--","--","5096081.00","0.00","0.00","538000.00","82.55"
"115/08/26","115","1","3552","同致","7850047.00","2834513.00","10684560.00","4444263.00","1730833.00","6175096.00","979183.00","--","938275.00","2798937.00","-206931.00","--","4509464.00","--","--","--","4509464.00","--","0.00","0.00","46.05"
"115/08/26","115","1","3555","博士旺","814286.00","138800.00","953086.00","164852.00","7170.00","172022.00","399988.00","--","215159.00","156493.00","-645.00","--","770995.00","--","--","10069.00","781064.00","0.00","0.00","0.00","19.28"
"115/08/26","115","1","3556","禾瑞亞","1449192.00","109197.00","1558389.00","362796.00","20788.00","383584.00","637029.00","--","19842.00","473733.00","328.00","--","1130932.00","--","--","43873.00","1174805.00","--","0.00","0.00","17.75"
"115/08/26","115","1","3558","神準","7434955.00","5094946.00","12529901.00","5230619.00","894057.00","6124676.00","590609.00","--","1886279.00","3712938.00","-71744.00","--","6118082.00","--","--","287143.00","6405225.00","0.00","0.00","0.00","103.59"
"115/08/26","115","1","3564","其陽","1845087.00","972576.00","2817663.00","951322.00","506810.00","1458132.00","591231.00","--","548910.00","202383.00","17007.00","--","1359531.00","--","--","--","1359531.00","0.00","0.00","0.00","22.99"
"115/08/26","115","1","3567","逸昌","231776.00","387428.00","619204.00","30329.00","8339.00","38668.00","339540.00","--","51287.00","195021.00","-5312.00","--","--","--","--","--","580536.00","--","0.00","0.00","17.10"
"115/08/26","115","1","3570","大塚","1602555.00","190533.00","1793088.00","725278.00","69076.00","794354.00","170970.00","--","68813.00","760260.00","-1309.00","--","998734.00","--","--","--","998734.00","--","0.00","0.00","58.42"
"115/08/26","115","1","3577","泓格","1027447.00","814189.00","1841636.00","337497.00","20644.00","358141.00","639657.00","--","68630.00","772041.00","3167.00","--","1483495.00","--","--","--","1483495.00","0.00","0.00","0.00","23.19"
"115/08/26","115","1","3580","友威科","837792.00","986568.00","1824360.00","196035.00","590274.00","786309.00","394707.00","--","186218.00","429919.00","28805.00","-1598.00","1038051.00","--","--","--","1038051.00","--","0.00","26000.00","26.32"
"115/08/26","115","1","3581","博磊","1937877.00","306307.00","2244184.00","1124644.00","31514.00","1156158.00","510060.00","--","81293.00","285005.00","29007.00","--","905365.00","--","--","182661.00","1088026.00","0.00","0.00","0.00","17.75"
"115/08/26","115","1","3587","閎康","5241052.00","4261373.00","9502425.00","2618389.00","1766971.00","4385360.00","674950.00","--","2377482.00","1918428.00","146205.00","0.00","5117065.00","--","--","0.00","5117065.00","0.00","0.00","0.00","75.81"
"115/08/26","115","1","3594","磐儀","3948137.00","1285964.00","5234101.00","2256694.00","395710.00","2652404.00","959484.00","--","827872.00","456511.00","-5038.00","-14134.00","2224695.00","--","--","357002.00","2581697.00","--","0.00","568000.00","23.32"
"115/08/26","115","1","3597","映興","654299.00","916232.00","1570531.00","273656.00","702370.00","976026.00","392364.00","--","86083.00","143468.00","-21760.00","-5650.00","594505.00","--","--","--","594505.00","0.00","0.00","238000.00","15.24"
"115/08/26","115","1","3609","三一東林","696495.00","322464.00","1018959.00","407638.00","132313.00","539951.00","384194.00","--","359863.00","-225840.00","-32583.00","-6626.00","479008.00","--","--","--","479008.00","0.00","0.00","150000.00","12.52"
"115/08/26","115","1","3611","鼎翰","6067504.00","6786968.00","12854472.00","3502924.00","3776416.00","7279340.00","475546.00","--","756732.00","4253200.00","83911.00","--","5569389.00","--","--","5743.00","5575132.00","0.00","0.00","0.00","117.12"
"115/08/26","115","1","3615","安可","1090934.00","1905696.00","2996630.00","261209.00","308487.00","569696.00","684670.00","--","1431482.00","116590.00","-27300.00","--","2205442.00","--","--","221492.00","2426934.00","0.00","0.00","0.00","32.21"
"115/08/26","115","1","3623","富晶通","404588.00","50749.00","455337.00","75305.00","15294.00","90599.00","291859.00","--","62213.00","10990.00","-324.00","--","--","--","--","--","364738.00","0.00","0.00","0.00","12.50"
"115/08/26","115","1","3624","光頡","2994472.00","1320922.00","4315394.00","690966.00","34233.00","725199.00","1173408.00","--","730121.00","1645878.00","17275.00","--","3566682.00","--","--","23513.00","3590195.00","0.00","0.00","0.00","30.40"
"115/08/26","115","1","3625","西勝","512730.00","1201528.00","1714258.00","691620.00","456735.00","1148355.00","1142468.00","--","34940.00","-534080.00","-40197.00","-37228.00","565903.00","--","--","--","565903.00","--","0.00","4309000.00","5.15"
"115/08/26","115","1","3628","盈正","2540719.00","943253.00","3483972.00","1786321.00","122767.00","1909088.00","450000.00","--","713348.00","420838.00","-12724.00","--","1571462.00","--","--","3422.00","1574884.00","0.00","0.00","0.00","34.92"
"115/08/26","115","1","3629","地心引力","51384.00","7266.00","58650.00","10079.00","2404.00","12483.00","329548.00","--","--","-269578.00","-13803.00","--","46167.00","--","--","--","46167.00","--","0.00","0.00","1.40"
"115/08/26","115","1","3630","新鉅科","2523469.00","1828022.00","4351491.00","862043.00","499044.00","1361087.00","2041919.00","--","2642228.00","-1590900.00","-102843.00","--","2990404.00","--","--","--","2990404.00","0.00","0.00","0.00","14.65"
"115/08/26","115","1","3631","晟楠","817369.00","1686881.00","2504250.00","323495.00","706207.00","1029702.00","818209.00","--","447841.00","-69630.00","11475.00","0.00","1207895.00","--","--","266653.00","1474548.00","--","0.00","0.00","14.76"
"115/08/26","115","1","3632","研勤","95835.00","218728.00","314563.00","85482.00","92198.00","177680.00","408897.00","--","1808.00","-257767.00","-30894.00","--","122044.00","--","--","14839.00","136883.00","--","0.00","0.00","2.98"
"115/08/26","115","1","3646","艾恩特","672029.00","240848.00","912877.00","346957.00","50806.00","397763.00","392974.00","--","15166.00","84928.00","22046.00","--","515114.00","--","--","--","515114.00","--","0.00","0.00","13.11"
"115/08/26","115","1","3663","鑫科","3852948.00","958324.00","4811272.00","1582809.00","593445.00","2176254.00","1084940.00","--","752214.00","145632.00","137690.00","--","2120476.00","--","--","514542.00","2635018.00","--","0.00","0.00","19.54"
"115/08/26","115","1","3664","安瑞-KY","500090.00","155342.00","655432.00","467263.00","130915.00","598178.00","719454.00","--","442757.00","-996224.00","-108733.00","--","57254.00","--","--","0.00","57254.00","--","0.00","0.00","0.80"
"115/08/26","115","1","3666","光耀","1897064.00","379833.00","2276897.00","558111.00","1713.00","559824.00","1389499.00","--","823063.00","-304396.00","-88025.00","-103068.00","1717073.00","--","--","--","1717073.00","--","0.00","3396000.00","12.67"
"115/08/26","115","1","3672","康聯訊","305921.00","238385.00","544306.00","187966.00","45477.00","233443.00","407903.00","--","60442.00","-143657.00","-13937.00","0.00","310751.00","--","--","112.00","310863.00","--","0.00","0.00","7.62"
"115/08/26","115","1","3675","德微","2012749.00","2782469.00","4795218.00","1276670.00","887654.00","2164324.00","530579.00","--","1473611.00","552885.00","1329.00","--","2558404.00","--","--","72490.00","2630894.00","0.00","0.00","0.00","48.22"
"115/08/26","115","1","3680","家登","10854114.00","15173295.00","26027409.00","5410969.00","7755638.00","13166607.00","960415.00","--","6914418.00","2001087.00","1353732.00","--","11229652.00","--","--","1631150.00","12860802.00","--","0.00","0.00","116.92"
"115/08/26","115","1","3684","榮昌","851921.00","546606.00","1398527.00","284014.00","356360.00","640374.00","303027.00","--","116702.00","338829.00","-405.00","--","758153.00","--","--","--","758153.00","0.00","0.00","0.00","25.02"
"115/08/26","115","1","3685","元創精密","1318189.00","917810.00","2235999.00","892435.00","121330.00","1013765.00","795740.00","--","44887.00","-88219.00","-30779.00","--","721629.00","--","--","500605.00","1222234.00","--","0.00","0.00","9.07"
"115/08/26","115","1","3687","歐買尬","7203507.00","2192710.00","9396217.00","4737084.00","644505.00","5381589.00","300608.00","--","1082111.00","194292.00","-24885.00","--","1552126.00","--","--","2462502.00","4014628.00","--","0.00","0.00","51.63"
"115/08/26","115","1","3689","湧德","5189776.00","2938551.00","8128327.00","3151636.00","144838.00","3296474.00","893910.00","--","1523888.00","2329061.00","-34102.00","--","4712757.00","--","--","119096.00","4831853.00","--","1979406.00","0.00","52.72"
"115/08/26","115","1","3691","碩禾","5912852.00","6862571.00","12775423.00","2176629.00","3507833.00","5684462.00","918834.00","--","5668178.00","-271077.00","-299663.00","--","6016272.00","--","--","1074689.00","7090961.00","--","0.00","0.00","65.48"
"115/08/26","115","1","3693","營邦","4951639.00","2912733.00","7864372.00","2005356.00","512254.00","2517610.00","429907.00","--","1945035.00","2884254.00","32952.00","--","5292148.00","--","--","54614.00","5346762.00","0.00","0.00","0.00","123.10"
"115/08/26","115","1","3707","漢磊","6454507.00","6530920.00","12985427.00","2138449.00","1608430.00","3746879.00","3964719.00","--","3984033.00","-640456.00","-112591.00","--","7195705.00","--","--","2042843.00","9238548.00","0.00","0.00","0.00","18.15"
"115/08/26","115","1","3709","鑫聯大投控","24985462.00","487862.00","25473324.00","20941820.00","380171.00","21321991.00","1255695.00","--","841536.00","1984942.00","100802.00","--","4182975.00","--","--","-31642.00","4151333.00","0.00","0.00","0.00","33.31"
"115/08/26","115","1","3710","連展投控","4553703.00","3593899.00","8147602.00","5267559.00","1216314.00","6483873.00","2872507.00","--","90273.00","-1373566.00","-399014.00","--","1190200.00","--","--","473529.00","1663729.00","--","0.00","0.00","4.14"
"115/08/26","115","1","3713","新晶投控","372762.00","2362854.00","2735616.00","557039.00","1481769.00","2038808.00","880994.00","--","230237.00","-421924.00","-1182.00","--","688125.00","--","--","8683.00","696808.00","0.00","9380.00","0.00","7.81"
"115/08/26","115","1","4102","永日","361623.00","584674.00","946297.00","190513.00","86965.00","277478.00","423735.00","--","29919.00","88083.00","47304.00","--","589041.00","--","--","79778.00","668819.00","0.00","0.00","0.00","13.90"
"115/08/26","115","1","4105","東洋","6186925.00","5488941.00","11675866.00","3621362.00","655827.00","4277189.00","2486500.00","--","317559.00","3751309.00","12978.00","--","6568346.00","--","--","830331.00","7398677.00","0.00","0.00","0.00","26.42"
"115/08/26","115","1","4107","邦特","2457437.00","2348425.00","4805862.00","972549.00","453592.00","1426141.00","692983.00","--","317117.00","2341655.00","27966.00","--","3379721.00","--","--","--","3379721.00","--","0.00","0.00","48.77"
"115/08/26","115","1","4109","加捷生醫","596420.00","1325949.00","1922369.00","146095.00","74793.00","220888.00","1187367.00","--","251579.00","335380.00","-103186.00","--","1671140.00","--","--","30341.00","1701481.00","0.00","0.00","0.00","14.07"
"115/08/26","115","1","4111","濟生","948802.00","998927.00","1947729.00","419437.00","93671.00","513108.00","598321.00","--","48848.00","790296.00","-2844.00","--","--","--","--","--","1434621.00","--","0.00","0.00","23.98"
"115/08/26","115","1","4113","聯上","14744354.00","1165710.00","15910064.00","10880664.00","793065.00","11673729.00","2311382.00","--","1310195.00","614758.00","0.00","--","--","--","--","--","4236335.00","--","0.00","0.00","18.33"
"115/08/26","115","1","4114","健喬","6461547.00","7578023.00","14039570.00","2484813.00","1482672.00","3967485.00","5101756.00","--","2623253.00","1412968.00","-82661.00","-251906.00","8803410.00","--","--","1268675.00","10072085.00","--","0.00","10403799.00","17.61"
"115/08/26","115","1","4116","明基醫","3644967.00","1939835.00","5584802.00","2288186.00","1054040.00","3342226.00","445660.00","--","298107.00","305127.00","-1528.00","--","1047366.00","--","--","1195210.00","2242576.00","--","0.00","0.00","23.50"
"115/08/26","115","1","4120","友華","4035677.00","7579036.00","11614713.00","2922955.00","1936203.00","4859158.00","867471.00","--","508927.00","3742101.00","549421.00","--","5667920.00","--","--","1087635.00","6755555.00","--","0.00","0.00","65.34"
"115/08/26","115","1","4121","優盛","2083347.00","1994483.00","4077830.00","1058089.00","1087291.00","2145380.00","833615.00","--","307513.00","304321.00","-31450.00","-23253.00","1390746.00","--","--","541704.00","1932450.00","--","363000.00","2533000.00","17.26"
"115/08/26","115","1","4123","晟德","4819129.00","32907864.00","37726993.00","5168207.00","4215288.00","9383495.00","7612257.00","--","4912258.00","16302648.00","109059.00","-592731.00","28343491.00","--","--","7.00","28343498.00","--","0.00","14692467.00","37.97"
"115/08/26","115","1","4126","太醫","1902979.00","2074453.00","3977432.00","476788.00","428737.00","905525.00","726000.00","--","344888.00","2001019.00","0.00","--","--","--","--","--","3071907.00","--","0.00","0.00","42.31"
"115/08/26","115","1","4127","天良","312874.00","907071.00","1219945.00","716493.00","138.00","716631.00","457600.00","--","0.00","57459.00","-11745.00","--","503314.00","--","--","--","503314.00","--","0.00","0.00","11.00"
"115/08/26","115","1","4128","中天","3322474.00","8704290.00","12026764.00","576810.00","1532930.00","2109740.00","5881706.00","--","3938947.00","-919209.00","-242380.00","--","8659064.00","--","--","1257960.00","9917024.00","--","0.00","0.00","14.72"
"115/08/26","115","1","4129","聯合","4507970.00","3755402.00","8263372.00","2723083.00","1229726.00","3952809.00","964376.00","--","2281472.00","992633.00","-32871.00","--","4205610.00","--","--","104953.00","4310563.00","0.00","0.00","0.00","43.61"
"115/08/26","115","1","4131","浩泰","231778.00","309868.00","541646.00","186229.00","52746.00","238975.00","398570.00","--","24407.00","-99643.00","-39628.00","--","283706.00","--","--","18965.00","302671.00","--","137000.00","0.00","7.12"
"115/08/26","115","1","4138","曜亞","1944014.00","1206998.00","3151012.00","989142.00","357373.00","1346515.00","399300.00","--","630771.00","385803.00","163094.00","--","1578968.00","--","--","225529.00","1804497.00","0.00","0.00","0.00","39.54"
"115/08/26","115","1","4139","馬光-KY","306011.00","1012417.00","1318428.00","614382.00","251533.00","865915.00","450099.00","--","36900.00","-108479.00","45729.00","--","424249.00","--","--","28264.00","452513.00","--","0.00","0.00","9.43"
"115/08/26","115","1","4147","中裕","3179107.00","1454755.00","4633862.00","188950.00","647374.00","836324.00","2732024.00","--","2472337.00","-1287811.00","-36254.00","-82758.00","3797538.00","--","--","--","3797538.00","0.00","0.00","1488000.00","13.98"
"115/08/26","115","1","4153","鈺緯","1117166.00","266307.00","1383473.00","446329.00","1075.00","447404.00","586682.00","--","287098.00","69093.00","-6804.00","0.00","936069.00","--","--","--","936069.00","--","0.00","0.00","15.96"
"115/08/26","115","1","4154","樂威科-KY","158062.00","247560.00","405622.00","60859.00","86975.00","147834.00","383900.00","--","23607.00","-162059.00","-280.00","--","245168.00","--","--","12620.00","257788.00","--","0.00","0.00","6.39"
"115/08/26","115","1","4157","太景*-KY","1047428.00","62376.00","1109804.00","54157.00","7797.00","61954.00","20767.00","--","451809.00","619999.00","-44725.00","--","1047850.00","--","--","--","1047850.00","--","0.00","0.00","1.47"
"115/08/26","115","1","4160","訊聯基因","552245.00","188275.00","740520.00","222444.00","4197.00","226641.00","266903.00","--","55292.00","70066.00","121111.00","--","513372.00","--","--","507.00","513879.00","0.00","0.00","0.00","19.23"
"115/08/26","115","1","4161","聿新科","942653.00","632858.00","1575511.00","517457.00","107264.00","624721.00","598081.00","--","287751.00","86336.00","-26294.00","--","945874.00","--","--","4916.00","950790.00","0.00","0.00","0.00","15.82"
"115/08/26","115","1","4162","智擎","5218641.00","59293.00","5277934.00","178937.00","35864.00","214801.00","1456776.00","--","1615939.00","2123828.00","0.00","-133410.00","--","--","--","--","5063133.00","0.00","0.00","2000000.00","35.24"
"115/08/26","115","1","4163","鐿鈦","2304623.00","2520983.00","4825606.00","1265761.00","888224.00","2153985.00","507006.00","--","502834.00","1662882.00","-60511.00","--","2612211.00","--","--","59410.00","2671621.00","0.00","0.00","0.00","51.52"
"115/08/26","115","1","4166","友霖","1289057.00","1656539.00","2945596.00","158218.00","184129.00","342347.00","2430351.00","--","369051.00","-202296.00","6143.00","--","2603249.00","--","--","--","2603249.00","--","0.00","0.00","10.71"
"115/08/26","115","1","4167","松瑞藥","2852005.00","1671670.00","4523675.00","719898.00","182531.00","902429.00","3104441.00","--","132746.00","383234.00","--","--","3620421.00","--","--","825.00","3621246.00","--","0.00","0.00","11.66"
"115/08/26","115","1","4168","醣聯","656369.00","797257.00","1453626.00","67073.00","480746.00","547819.00","1125213.00","--","158597.00","-366445.00","-11558.00","--","905807.00","--","--","--","905807.00","0.00","0.00","0.00","8.05"
"115/08/26","115","1","4171","瑞基","481416.00","383182.00","864598.00","191715.00","79900.00","271615.00","580575.00","--","150536.00","-122696.00","-7557.00","-17305.00","583553.00","--","--","9430.00","592983.00","0.00","0.00","755000.00","10.18"
"115/08/26","115","1","4173","久裕","4166607.00","683365.00","4849972.00","2816165.00","107673.00","2923838.00","745744.00","--","656515.00","208682.00","315193.00","--","1926134.00","--","--","--","1926134.00","0.00","0.00","0.00","25.83"
"115/08/26","115","1","4174","浩鼎","1134217.00","1728022.00","2862239.00","330137.00","292510.00","622647.00","1315797.00","--","9217795.00","-9056557.00","-11496.00","0.00","1465539.00","--","--","774053.00","2239592.00","0.00","0.00","0.00","11.14"
"115/08/26","115","1","4175","杏一","2167361.00","4979062.00","7146423.00","2611679.00","2942767.00","5554446.00","423233.00","--","761821.00","394826.00","7152.00","--","1587032.00","--","--","4945.00","1591977.00","--","0.00","0.00","37.50"
"115/08/26","115","1","4183","福永生技","318144.00","177165.00","495309.00","130684.00","95810.00","226494.00","238000.00","--","31600.00","-785.00","--","--","--","--","--","--","268815.00","--","0.00","0.00","11.29"
"115/08/26","115","1","4188","安克","391910.00","214226.00","606136.00","16868.00","10129.00","26997.00","633329.00","--","142286.00","-266598.00","-6489.00","--","502528.00","--","--","76611.00","579139.00","--","0.00","0.00","7.93"
"115/08/26","115","1","4192","杏國","204456.00","51488.00","255944.00","17912.00","5383.00","23295.00","351645.00","--","12624.00","-95290.00","-36330.00","--","232649.00","--","--","--","232649.00","--","0.00","0.00","6.62"
"115/08/26","115","1","4198","欣大健康","245052.00","114849.00","359901.00","78004.00","15403.00","93407.00","241080.00","--","40724.00","-81639.00","16142.00","--","216307.00","--","--","50187.00","266494.00","0.00","0.00","0.00","8.97"
"115/08/26","115","1","4205","中華食","1699650.00","1095690.00","2795340.00","286215.00","93993.00","380208.00","976492.00","--","51989.00","1386651.00","0.00","--","--","--","--","--","2415132.00","0.00","0.00","0.00","24.73"
"115/08/26","115","1","4207","環泰","3372303.00","3371574.00","6743877.00","1489962.00","1250910.00","2740872.00","1985380.00","--","79957.00","876936.00","-120844.00","--","2821429.00","--","--","1181576.00","4003005.00","--","0.00","0.00","14.21"
"115/08/26","115","1","4303","信立","1489952.00","3391305.00","4881257.00","872101.00","177808.00","1049909.00","946053.00","--","191457.00","2214898.00","-524.00","--","3351884.00","--","--","479464.00","3831348.00","0.00","0.00","0.00","35.43"
"115/08/26","115","1","4304","勝昱","305304.00","344085.00","649389.00","316970.00","26232.00","343202.00","610380.00","--","--","-466652.00","162459.00","--","306187.00","--","--","--","306187.00","--","0.00","0.00","5.02"
"115/08/26","115","1","4305","世坤","1235075.00","298103.00","1533178.00","207701.00","8639.00","216340.00","550140.00","--","75.00","766623.00","--","--","--","--","--","--","1316838.00","0.00","0.00","0.00","23.94"
"115/08/26","115","1","4401","東隆興","2509035.00","3198763.00","5707798.00","2113252.00","819069.00","2932321.00","1226920.00","--","167271.00","1376140.00","-45073.00","--","2725258.00","--","--","50219.00","2775477.00","--","0.00","0.00","22.21"
"115/08/26","115","1","4402","郡都開發","225873.00","379123.00","604996.00","6323.00","5245.00","11568.00","679918.00","--","0.00","-243914.00","157424.00","--","593428.00","--","--","0.00","593428.00","--","0.00","0.00","8.73"
"115/08/26","115","1","4406","新昕纖","425609.00","447866.00","873475.00","233259.00","36897.00","270156.00","519120.00","--","40320.00","-31001.00","74880.00","0.00","--","--","--","--","603319.00","0.00","0.00","0.00","11.62"
"115/08/26","115","1","4413","飛寶企業","331385.00","139873.00","471258.00","30780.00","86370.00","117150.00","313147.00","--","0.00","41647.00","-686.00","--","354108.00","--","--","--","354108.00","--","0.00","0.00","11.31"
"115/08/26","115","1","4416","三圓","10971872.00","2413348.00","13385220.00","6079597.00","5620826.00","11700423.00","735861.00","--","809866.00","217179.00","231.00","-78340.00","1684797.00","--","--","--","1684797.00","--","0.00","671687.00","23.11"
"115/08/26","115","1","4417","金洲","3125542.00","2159250.00","5284792.00","967334.00","511083.00","1478417.00","839713.00","--","38917.00","2658795.00","-201357.00","--","3336068.00","--","--","470307.00","3806375.00","--","0.00","0.00","39.73"
"115/08/26","115","1","4419","皇家美食","564419.00","2428359.00","2992778.00","1181049.00","765903.00","1946952.00","1691631.00","--","330980.00","-1061505.00","-471.00","--","960635.00","--","--","85191.00","1045826.00","--","0.00","0.00","5.68"
"115/08/26","115","1","4420","光明","571042.00","1270714.00","1841756.00","409369.00","41893.00","451262.00","404550.00","--","203158.00","789474.00","-6688.00","0.00","--","--","0.00","--","1390494.00","0.00","0.00","0.00","34.37"
"115/08/26","115","1","4430","耀億","1538093.00","2023317.00","3561410.00","1268182.00","514561.00","1782743.00","562736.00","--","734559.00","585549.00","-104177.00","--","1778667.00","--","--","--","1778667.00","0.00","0.00","0.00","31.61"
"115/08/26","115","1","4432","銘旺實","1642764.00","261304.00","1904068.00","307638.00","17573.00","325211.00","505890.00","--","371339.00","781667.00","-80039.00","--","1578857.00","--","--","--","1578857.00","0.00","0.00","0.00","31.21"
"115/08/26","115","1","4433","興采","2185552.00","4536042.00","6721594.00","2543151.00","2067701.00","4610852.00","612998.00","--","931617.00","388243.00","-10617.00","-25914.00","1896327.00","--","--","214415.00","2110742.00","0.00","0.00","860000.00","31.38"
"115/08/26","115","1","4442","竣邦-KY","1044597.00","282294.00","1326891.00","325953.00","78895.00","404848.00","321840.00","--","343695.00","242755.00","13753.00","--","922043.00","--","--","--","922043.00","--","0.00","0.00","28.65"
"115/08/26","115","1","4502","健信","1049908.00","1299746.00","2349654.00","970159.00","837551.00","1807710.00","574697.00","--","275558.00","-239715.00","-44021.00","-25114.00","541405.00","--","--","539.00","541944.00","0.00","0.00","1428000.00","9.66"
"115/08/26","115","1","4503","金雨","1314239.00","486258.00","1800497.00","95032.00","23878.00","118910.00","783133.00","--","904287.00","-17297.00","6739.00","--","1676862.00","--","--","4725.00","1681587.00","--","0.00","0.00","21.41"
"115/08/26","115","1","4506","崇友","8448599.00","2676327.00","11124926.00","4845587.00","59498.00","4905085.00","1770120.00","--","63404.00","4453351.00","-66675.00","0.00","6220200.00","--","--","-359.00","6219841.00","0.00","0.00","0.00","35.14"
"115/08/26","115","1","4510","高鋒","3136224.00","2943443.00","6079667.00","3021032.00","1101247.00","4122279.00","1089777.00","--","374264.00","239324.00","67697.00","--","1771062.00","--","--","186326.00","1957388.00","0.00","14459.00","0.00","16.25"
"115/08/26","115","1","4513","福裕","2900455.00","914808.00","3815263.00","1285554.00","1376703.00","2662257.00","1143619.00","--","178307.00","-160633.00","-8287.00","--","1153006.00","--","--","--","1153006.00","--","0.00","0.00","10.08"
"115/08/26","115","1","4523","永彰","1795245.00","1346345.00","3141590.00","902572.00","174621.00","1077193.00","649490.00","--","361638.00","1291432.00","-154163.00","--","2148397.00","--","--","-84000.00","2064397.00","--","0.00","0.00","33.08"
"115/08/26","115","1","4527","方方土霖","2535799.00","778868.00","3314667.00","1386142.00","197451.00","1583593.00","761524.00","--","128616.00","807594.00","-66903.00","--","1630831.00","--","--","100243.00","1731074.00","0.00","0.00","0.00","21.42"
"115/08/26","115","1","4528","江興鍛","1463926.00","2158830.00","3622756.00","857187.00","490830.00","1348017.00","841657.00","--","16775.00","1439407.00","-23100.00","0.00","2274739.00","--","--","0.00","2274739.00","0.00","0.00","0.00","27.03"
"115/08/26","115","1","4529","淳紳","183162.00","320178.00","503340.00","63766.00","153842.00","217608.00","845491.00","--","14509.00","-533108.00","-42099.00","--","284793.00","--","--","939.00","285732.00","--","0.00","0.00","3.37"
"115/08/26","115","1","4530","天意能創","750782.00","194517.00","945299.00","343726.00","59014.00","402740.00","357950.00","--","119350.00","2470.00","-20643.00","--","459127.00","--","--","83432.00","542559.00","--","0.00","0.00","12.83"
"115/08/26","115","1","4533","協易機","4318237.00","1722895.00","6041132.00","2388396.00","1062571.00","3450967.00","1584341.00","--","184982.00","874887.00","-54045.00","--","2590165.00","--","--","--","2590165.00","--","0.00","0.00","16.35"
"115/08/26","115","1","4534","慶騰","966698.00","483791.00","1450489.00","607650.00","126617.00","734267.00","867889.00","--","59249.00","-181039.00","-29877.00","--","716222.00","--","--","0.00","716222.00","--","0.00","0.00","8.25"
"115/08/26","115","1","4535","至興","2233266.00","1009289.00","3242555.00","319717.00","39692.00","359409.00","756617.00","--","150801.00","1692540.00","-88164.00","0.00","2511794.00","--","--","371352.00","2883146.00","0.00","0.00","0.00","33.20"
"115/08/26","115","1","4538","大詠城","487626.00","464008.00","951634.00","66287.00","5844.00","72131.00","594696.00","--","105673.00","179134.00","--","--","--","--","--","--","879503.00","0.00","0.00","0.00","14.79"
"115/08/26","115","1","4541","晟田","1881735.00","1963329.00","3845064.00","888611.00","1294846.00","2183457.00","676471.00","--","832312.00","152824.00","--","--","--","--","--","--","1661607.00","0.00","0.00","0.00","24.56"
"115/08/26","115","1","4542","科嶠","1340207.00","563727.00","1903934.00","909353.00","124125.00","1033478.00","345864.00","--","377613.00","96563.00","42672.00","--","862712.00","--","--","7744.00","870456.00","0.00","0.00","0.00","24.94"
"115/08/26","115","1","4543","萬在","1247877.00","1398132.00","2646009.00","536755.00","283543.00","820298.00","597723.00","--","309560.00","922995.00","-4567.00","--","1825711.00","--","--","--","1825711.00","--","0.00","0.00","30.54"
"115/08/26","115","1","4549","桓達","1760307.00","986522.00","2746829.00","230836.00","543402.00","774238.00","570025.00","--","445121.00","982647.00","-25294.00","--","1972499.00","--","--","92.00","1972591.00","--","0.00","0.00","34.60"
"115/08/26","115","1","4550","長佳","853279.00","787522.00","1640801.00","476159.00","191474.00","667633.00","378387.00","--","116849.00","492521.00","-14589.00","--","973168.00","--","--","--","973168.00","--","0.00","0.00","25.72"
"115/08/26","115","1","4554","橙的","661564.00","150379.00","811943.00","260622.00","43473.00","304095.00","263274.00","--","170884.00","78697.00","-5007.00","--","507848.00","--","--","--","507848.00","--","0.00","0.00","19.29"
"115/08/26","115","1","4556","旭然","704063.00","889053.00","1593116.00","548239.00","202019.00","750258.00","423028.00","--","289202.00","154165.00","-23537.00","--","842858.00","--","--","--","842858.00","0.00","0.00","0.00","19.92"
"115/08/26","115","1","4558","寶緯","1658055.00","1422826.00","3080881.00","1111354.00","1091128.00","2202482.00","500000.00","--","234187.00","144212.00","--","--","--","--","--","--","878399.00","--","0.00","0.00","17.57"
"115/08/26","115","1","4561","健椿","916983.00","1280387.00","2197370.00","330112.00","490131.00","820243.00","585216.00","--","210536.00","581375.00","--","--","--","--","--","--","1377127.00","--","0.00","0.00","23.53"
"115/08/26","115","1","4563","百德","3079603.00","1299092.00","4378695.00","1856180.00","1048937.00","2905117.00","549500.00","--","842246.00","-115183.00","116239.00","--","1392802.00","--","--","80776.00","1473578.00","--","0.00","0.00","25.35"
"115/08/26","115","1","4568","科際精密","1150107.00","567973.00","1718080.00","400160.00","189070.00","589230.00","317301.00","--","500244.00","341521.00","-24861.00","-5355.00","1128850.00","--","--","--","1128850.00","--","0.00","112000.00","35.70"
"115/08/26","115","1","4577","達航科技","775572.00","1081198.00","1856770.00","377394.00","533581.00","910975.00","491380.00","--","188014.00","366000.00","-99599.00","--","945795.00","--","--","--","945795.00","--","0.00","0.00","19.25"
"115/08/26","115","1","4580","捷流閥業","2462110.00","1428689.00","3890799.00","692216.00","341128.00","1033344.00","468031.00","--","1055798.00","1303436.00","30190.00","--","2857455.00","--","--","--","2857455.00","--","0.00","0.00","61.05"
"115/08/26","115","1","4584","君帆","1007492.00","1007505.00","2014997.00","608609.00","305187.00","913796.00","300024.00","--","280684.00","520158.00","335.00","--","1101201.00","--","--","--","1101201.00","0.00","0.00","0.00","36.70"
"115/08/26","115","1","4609","唐鋒","354334.00","245995.00","600329.00","186055.00","276921.00","462976.00","479468.00","--","3333.00","-303640.00","-41808.00","--","137353.00","--","--","--","137353.00","--","0.00","0.00","2.86"
"115/08/26","115","1","4702","中美實","687289.00","906046.00","1593335.00","250222.00","5282.00","255504.00","723332.00","--","0.00","571829.00","42670.00","--","1337831.00","--","--","--","1337831.00","0.00","0.00","0.00","18.50"
"115/08/26","115","1","4706","大恭","1489714.00","217735.00","1707449.00","153877.00","7068.00","160945.00","790301.00","--","1170.00","768288.00","-14116.00","--","1545643.00","--","--","861.00","1546504.00","--","0.00","0.00","19.56"
"115/08/26","115","1","4707","磐亞","797055.00","8092058.00","8889113.00","2102869.00","334370.00","2437239.00","4037153.00","--","883020.00","1776620.00","-244919.00","--","--","--","--","--","6451874.00","--","0.00","0.00","15.98"
"115/08/26","115","1","4711","永純","843378.00","407911.00","1251289.00","161462.00","56811.00","218273.00","610560.00","--","53311.00","369145.00","--","--","1033016.00","--","--","--","1033016.00","--","0.00","0.00","16.92"
"115/08/26","115","1","4714","永捷","6672073.00","5060383.00","11732456.00","3091297.00","668612.00","3759909.00","1780882.00","--","345024.00","107491.00","-125163.00","0.00","2108234.00","--","--","5864313.00","7972547.00","0.00","0.00","0.00","11.84"
"115/08/26","115","1","4716","大立","1038433.00","691789.00","1730222.00","470340.00","116970.00","587310.00","944272.00","--","87220.00","115668.00","-4715.00","--","1142445.00","--","--","467.00","1142912.00","--","0.00","0.00","12.10"
"115/08/26","115","1","4721","美琪瑪","1882937.00","639006.00","2521943.00","1198787.00","8096.00","1206883.00","749863.00","--","24825.00","628464.00","-88092.00","--","1315060.00","--","--","--","1315060.00","--","0.00","0.00","17.54"
"115/08/26","115","1","4726","永昕","848476.00","2494938.00","3343414.00","1359341.00","497309.00","1856650.00","2070418.00","--","73837.00","-657617.00","126.00","--","1486764.00","--","--","--","1486764.00","210000.00","0.00","0.00","7.18"
"115/08/26","115","1","4728","雙美","1395425.00","987433.00","2382858.00","1044678.00","151932.00","1196610.00","544630.00","--","3651.00","629684.00","8283.00","--","1186248.00","--","--","--","1186248.00","--","0.00","0.00","21.78"
"115/08/26","115","1","4729","熒茂","1438750.00","1681596.00","3120346.00","1158369.00","611772.00","1770141.00","792268.00","--","149335.00","107035.00","100541.00","--","1149179.00","--","--","201026.00","1350205.00","--","0.00","0.00","14.50"
"115/08/26","115","1","4735","豪展","805462.00","714116.00","1519578.00","480330.00","10451.00","490781.00","415688.00","--","292609.00","509995.00","-66358.00","-123137.00","1028797.00","--","--","0.00","1028797.00","0.00","0.00","3063000.00","26.72"
"115/08/26","115","1","4741","泓瀚","571237.00","551650.00","1122887.00","202835.00","2414.00","205249.00","348121.00","--","353350.00","210571.00","-1265.00","--","910777.00","--","--","6861.00","917638.00","--","0.00","0.00","26.16"
"115/08/26","115","1","4743","合一","5731300.00","5328807.00","11060107.00","151256.00","725160.00","876416.00","4804095.00","--","6525620.00","-1188968.00","-77482.00","-25777.00","10037488.00","--","--","146203.00","10183691.00","--","0.00","1033339.00","20.94"
"115/08/26","115","1","4744","皇將","1238549.00","965529.00","2204078.00","724583.00","250714.00","975297.00","569485.00","--","462077.00","245606.00","-17806.00","-30581.00","1228781.00","--","--","0.00","1228781.00","--","0.00","1477000.00","22.15"
"115/08/26","115","1","4745","合富-KY","5501560.00","1675031.00","7176591.00","2010977.00","25336.00","2036313.00","774496.00","--","1610050.00","611874.00","-73986.00","-12177.00","2910257.00","--","--","2230021.00","5140278.00","--","0.00","641000.00","37.89"
"115/08/26","115","1","4747","強生製藥","1368313.00","1715026.00","3083339.00","1311264.00","0.00","1311264.00","454610.00","--","1074364.00","256677.00","-13576.00","--","1772075.00","--","--","--","1772075.00","--","0.00","0.00","38.98"
"115/08/26","115","1","4749","新應材","5569933.00","5311496.00","10881429.00","1679489.00","251308.00","1930797.00","927328.00","--","6574108.00","1277713.00","162451.00","--","8941600.00","--","--","9032.00","8950632.00","--","0.00","0.00","96.42"
"115/08/26","115","1","4754","國碳科","596348.00","408792.00","1005140.00","297570.00","141467.00","439037.00","302832.00","--","43287.00","224649.00","-4665.00","--","566103.00","--","--","--","566103.00","0.00","0.00","0.00","18.69"
"115/08/26","115","1","4760","勤凱科技","1840271.00","434344.00","2274615.00","1272899.00","1810.00","1274709.00","322183.00","--","216768.00","458857.00","2098.00","0.00","--","--","--","--","999906.00","--","0.00","0.00","31.04"
"115/08/26","115","1","4767","誠泰科技","997273.00","388804.00","1386077.00","237277.00","215083.00","452360.00","314150.00","--","80349.00","559380.00","-19446.00","--","934433.00","--","--","-716.00","933717.00","--","0.00","0.00","29.74"
"115/08/26","115","1","4768","晶呈科技","1836777.00","2663672.00","4500449.00","1610350.00","1131784.00","2742134.00","474879.00","--","935704.00","61703.00","7202.00","--","1479488.00","--","--","278827.00","1758315.00","0.00","0.00","0.00","31.16"
"115/08/26","115","1","4772","台特化","3020206.00","4517596.00","7537802.00","1116168.00","2073687.00","3189855.00","1476816.00","--","1284588.00","699365.00","16116.00","--","3476885.00","--","--","871062.00","4347947.00","0.00","0.00","0.00","23.54"
"115/08/26","115","1","4804","大略-KY","56020.00","329393.00","385413.00","203181.00","104573.00","307754.00","719919.00","--","--","-625182.00","-17078.00","--","77659.00","--","--","--","77659.00","--","0.00","0.00","1.08"
"115/08/26","115","1","4806","桂田文創","500582.00","364431.00","865013.00","119210.00","102589.00","221799.00","999471.00","--","9253.00","-303783.00","-61727.00","--","643214.00","--","--","0.00","643214.00","0.00","0.00","0.00","6.44"
"115/08/26","115","1","4903","聯光通","852051.00","878814.00","1730865.00","508655.00","13890.00","522545.00","1053437.00","--","0.00","159099.00","-4216.00","--","1208320.00","--","--","--","1208320.00","--","0.00","0.00","11.47"
"115/08/26","115","1","4905","台聯電","1737692.00","2722149.00","4459841.00","1082721.00","297334.00","1380055.00","292600.00","--","10696.00","2694145.00","-114981.00","-14.00","2882446.00","--","--","197340.00","3079786.00","--","0.00","595.00","98.51"
"115/08/26","115","1","4907","富宇","8435067.00","101595.00","8536662.00","5650863.00","91271.00","5742134.00","1181458.00","--","70025.00","1525822.00","17223.00","--","--","--","--","--","2794528.00","--","0.00","0.00","23.65"
"115/08/26","115","1","4908","前鼎","1542780.00","429137.00","1971917.00","186817.00","1621.00","188438.00","782169.00","--","94151.00","907061.00","98.00","--","--","--","--","--","1783479.00","0.00","0.00","0.00","22.80"
"115/08/26","115","1","4909","新復興","2333206.00","349091.00","2682297.00","104901.00","31466.00","136367.00","933568.00","--","514835.00","1103014.00","-5487.00","--","2545930.00","--","--","--","2545930.00","--","0.00","0.00","27.27"
"115/08/26","115","1","4911","德英","473845.00","508413.00","982258.00","39249.00","46.00","39295.00","637196.00","--","134235.00","171532.00","--","--","--","--","--","--","942963.00","0.00","0.00","0.00","14.80"
"115/08/26","115","1","4923","力士","787351.00","70239.00","857590.00","171897.00","262441.00","434338.00","338908.00","--","336601.00","-196730.00","-49.00","-55478.00","423252.00","--","--","--","423252.00","0.00","0.00","1150000.00","12.93"
"115/08/26","115","1","4924","欣厚-KY","278475.00","497507.00","775982.00","260556.00","116293.00","376849.00","371644.00","--","5238.00","72669.00","-50418.00","--","399133.00","--","--","--","399133.00","--","0.00","0.00","10.74"
"115/08/26","115","1","4931","新盛力","1876450.00","302290.00","2178740.00","841745.00","8047.00","849792.00","655658.00","--","38811.00","692453.00","-57974.00","--","1328948.00","--","--","--","1328948.00","--","0.00","0.00","20.27"
"115/08/26","115","1","4933","友輝","3692523.00","1206710.00","4899233.00","1017027.00","247218.00","1264245.00","826117.00","--","1046420.00","1788082.00","-25631.00","--","3634988.00","--","--","--","3634988.00","--","307000.00","0.00","44.00"
"115/08/26","115","1","4939","亞電","1753557.00","1123745.00","2877302.00","1067027.00","378410.00","1445437.00","982009.00","--","192899.00","241651.00","15306.00","--","1431865.00","--","--","--","1431865.00","0.00","0.00","0.00","14.58"
"115/08/26","115","1","4946","辣椒","211372.00","21769.00","233141.00","76050.00","3299.00","79349.00","88528.00","--","76364.00","-11483.00","0.00","--","153409.00","--","--","383.00","153792.00","--","0.00","0.00","17.33"
"115/08/26","115","1","4950","金耘國際","799244.00","419418.00","1218662.00","460337.00","36901.00","497238.00","577291.00","--","3015.00","-9080.00","-42388.00","--","528838.00","0.00","--","192586.00","721424.00","--","0.00","0.00","9.16"
"115/08/26","115","1","4951","精拓科","704439.00","494577.00","1199016.00","290356.00","15377.00","305733.00","341487.00","--","123645.00","437157.00","-9006.00","--","893283.00","--","--","0.00","893283.00","0.00","0.00","0.00","26.16"
"115/08/26","115","1","4953","緯致","5578493.00","940944.00","6519437.00","2100785.00","167628.00","2268413.00","733264.00","--","1353880.00","2308984.00","73254.00","-218358.00","4251024.00","--","--","--","4251024.00","0.00","0.00","1906000.00","59.67"
"115/08/26","115","1","4966","譜瑞-KY","16875752.00","9015964.00","25891716.00","3391408.00","248443.00","3639851.00","800578.00","--","3271565.00","18715461.00","1487517.00","-2023256.00","22251865.00","--","--","--","22251865.00","0.00","0.00","3215192.00","289.58"
"115/08/26","115","1","4971","IET-KY","884700.00","1415913.00","2300613.00","199258.00","7705.00","206963.00","399857.00","--","986278.00","594560.00","112356.00","--","2093051.00","--","--","599.00","2093650.00","--","0.00","0.00","52.34"
"115/08/26","115","1","4972","湯石照明","1089099.00","739016.00","1828115.00","337305.00","45621.00","382926.00","568886.00","--","824316.00","77538.00","-14543.00","-11008.00","1445189.00","--","--","--","1445189.00","0.00","0.00","500000.00","25.63"
"115/08/26","115","1","4973","廣穎電通","3959177.00","1055667.00","5014844.00","2428996.00","53961.00","2482957.00","652928.00","--","350746.00","1121472.00","406741.00","--","2531887.00","--","--","--","2531887.00","0.00","0.00","0.00","38.78"
"115/08/26","115","1","4974","亞泰","4242376.00","142741.00","4385117.00","1152537.00","67258.00","1219795.00","725001.00","--","707351.00","1693929.00","39041.00","--","3165322.00","--","--","--","3165322.00","--","0.00","0.00","43.66"
"115/08/26","115","1","4979","華星光","4685214.00","1146094.00","5831308.00","1197509.00","500541.00","1698050.00","1423593.00","--","1423122.00","1289494.00","-2951.00","--","4133258.00","--","--","--","4133258.00","--","1302962.00","0.00","29.03"
"115/08/26","115","1","4991","環宇-KY","3388594.00","1471560.00","4860154.00","314591.00","281694.00","596285.00","1209432.00","--","2915704.00","213559.00","-74826.00","--","4263869.00","--","--","--","4263869.00","0.00","0.00","0.00","35.26"
"115/08/26","115","1","4995","晶達","793515.00","987437.00","1780952.00","511525.00","358149.00","869674.00","425920.00","--","193439.00","288487.00","3432.00","--","911278.00","--","--","--","911278.00","--","152000.00","0.00","21.40"
"115/08/26","115","1","5009","榮剛","13083680.00","20335081.00","33418761.00","9780034.00","6181034.00","15961068.00","6024712.00","--","6909000.00","5604588.00","-241141.00","-1265207.00","17031952.00","--","--","425741.00","17457693.00","--","0.00","16099044.00","29.05"
"115/08/26","115","1","5011","久陽","2036015.00","3630608.00","5666623.00","2790430.00","709671.00","3500101.00","1006739.00","--","1110593.00","-27939.00","-66395.00","--","2022998.00","--","--","143524.00","2166522.00","0.00","0.00","0.00","20.09"
"115/08/26","115","1","5013","強新","5048193.00","3568944.00","8617137.00","1757234.00","1549558.00","3306792.00","1334160.00","--","20054.00","2547810.00","-10498.00","--","3891526.00","--","--","1418819.00","5310345.00","--","0.00","0.00","29.17"
"115/08/26","115","1","5014","建錩","4728635.00","4044803.00","8773438.00","4591210.00","1360590.00","5951800.00","1832651.00","--","363596.00","693643.00","-77283.00","0.00","2812607.00","--","--","9031.00","2821638.00","0.00","0.00","0.00","15.35"
"115/08/26","115","1","5015","華祺","1889354.00","612403.00","2501757.00","1234214.00","30892.00","1265106.00","606392.00","--","93952.00","546355.00","-10048.00","0.00","1236651.00","--","--","0.00","1236651.00","0.00","0.00","0.00","20.39"
"115/08/26","115","1","5016","松和","1541733.00","980754.00","2522487.00","451591.00","548100.00","999691.00","496221.00","--","8000.00","1017642.00","-10411.00","--","1511452.00","--","--","11344.00","1522796.00","0.00","0.00","0.00","30.46"
"115/08/26","115","1","5201","凱衛","513416.00","414473.00","927889.00","151990.00","131376.00","283366.00","386746.00","--","204025.00","89165.00","-38304.00","--","641632.00","--","--","2891.00","644523.00","0.00","0.00","0.00","16.59"
"115/08/26","115","1","5202","力新","502096.00","712299.00","1214395.00","46864.00","21985.00","68849.00","890940.00","--","73001.00","190429.00","-8827.00","--","1145543.00","--","--","3.00","1145546.00","0.00","0.00","0.00","12.86"
"115/08/26","115","1","5205","中茂","74856.00","41489.00","116345.00","29076.00","4508.00","33584.00","135000.00","--","52391.00","-44843.00","-59965.00","--","82583.00","0.00","--","178.00","82761.00","--","0.00","0.00","6.12"
"115/08/26","115","1","5206","坤悅","16917299.00","100812.00","17018111.00","12886028.00","21329.00","12907357.00","1715175.00","--","91297.00","2304282.00","0.00","0.00","4110754.00","--","--","--","4110754.00","0.00","0.00","0.00","23.97"
"115/08/26","115","1","5209","新鼎","4224562.00","396801.00","4621363.00","3561067.00","183932.00","3744999.00","285513.00","--","233668.00","362518.00","-5338.00","--","876361.00","--","--","3.00","876364.00","0.00","103242.00","0.00","30.69"
"115/08/26","115","1","5210","寶碩","486188.00","454321.00","940509.00","63556.00","54843.00","118399.00","821778.00","--","180003.00","-153909.00","-25762.00","--","822110.00","--","--","0.00","822110.00","0.00","0.00","0.00","10.00"
"115/08/26","115","1","5211","蒙恬","224717.00","161991.00","386708.00","21307.00","14155.00","35462.00","320247.00","--","112766.00","-91155.00","921.00","--","342779.00","--","--","8467.00","351246.00","--","0.00","0.00","10.70"
"115/08/26","115","1","5212","凌網","1144382.00","200018.00","1344400.00","418790.00","395864.00","814654.00","346330.00","--","42564.00","128065.00","-1592.00","--","515367.00","--","--","14379.00","529746.00","--","0.00","0.00","14.88"
"115/08/26","115","1","5213","亞昕","65770838.00","5264744.00","71035582.00","45365683.00","10076960.00","55442643.00","7213343.00","--","4959795.00","1931027.00","94578.00","-31810.00","14166933.00","--","--","1426006.00","15592939.00","0.00","0.00","1420000.00","19.68"
"115/08/26","115","1","5220","萬達光電","559101.00","624309.00","1183410.00","248406.00","186722.00","435128.00","396670.00","--","45834.00","311850.00","59.00","-6131.00","748282.00","--","--","--","748282.00","0.00","0.00","303000.00","19.01"
"115/08/26","115","1","5223","安力-KY","1550146.00","2161753.00","3711899.00","930199.00","418908.00","1349107.00","445498.00","--","561556.00","1003631.00","352107.00","--","2362792.00","--","--","--","2362792.00","0.00","0.00","0.00","53.04"
"115/08/26","115","1","5227","立凱-KY","317799.00","379463.00","697262.00","215511.00","46350.00","261861.00","680000.00","--","429000.00","-700766.00","27167.00","--","435401.00","--","--","--","435401.00","0.00","0.00","0.00","6.40"
"115/08/26","115","1","5228","鈺鎧","305635.00","887035.00","1192670.00","185977.00","457732.00","643709.00","380563.00","--","71655.00","93711.00","3032.00","--","--","--","--","--","548961.00","0.00","0.00","0.00","14.42"
"115/08/26","115","1","5230","雷笛克光學","1196827.00","1144874.00","2341701.00","647650.00","387647.00","1035297.00","559768.00","--","657791.00","188524.00","-85027.00","-22864.00","1298192.00","--","--","8212.00","1306404.00","--","0.00","1231000.00","23.71"
"115/08/26","115","1","5245","智晶","589962.00","1092251.00","1682213.00","809601.00","220366.00","1029967.00","451271.00","--","530048.00","-261630.00","--","-84691.00","634998.00","--","--","17248.00","652246.00","--","0.00","1830000.00","14.67"
"115/08/26","115","1","5251","天鉞電","401474.00","85789.00","487263.00","67234.00","12672.00","79906.00","337334.00","--","66629.00","9654.00","-6260.00","0.00","407357.00","--","--","--","407357.00","--","0.00","0.00","12.08"
"115/08/26","115","1","5263","智崴","3050229.00","3127978.00","6178207.00","1342401.00","1051371.00","2393772.00","739034.00","--","3464573.00","-140743.00","30693.00","-309122.00","3784435.00","--","--","--","3784435.00","--","0.00","3000000.00","53.37"
"115/08/26","115","1","5272","笙科","299074.00","716691.00","1015765.00","104218.00","75409.00","179627.00","552761.00","--","316760.00","-105050.00","71667.00","--","--","--","--","--","836138.00","--","0.00","0.00","15.13"
"115/08/26","115","1","5274","信驊","10382455.00","1964834.00","12347289.00","6064401.00","322120.00","6386521.00","378027.00","--","1507659.00","4105432.00","-30350.00","0.00","5960768.00","--","--","--","5960768.00","--","0.00","0.00","157.68"
"115/08/26","115","1","5276","達輝-KY","622608.00","205287.00","827895.00","271335.00","13398.00","284733.00","395000.00","--","104156.00","172601.00","-128595.00","--","543162.00","--","--","--","543162.00","0.00","0.00","0.00","13.75"
"115/08/26","115","1","5278","尚凡*","7545032.00","341113.00","7886145.00","1431634.00","867212.00","2298846.00","300000.00","--","3170763.00","245332.00","145311.00","--","3861406.00","--","--","1725893.00","5587299.00","0.00","0.00","0.00","12.87"
"115/08/26","115","1","5287","數字","2309088.00","2438092.00","4747180.00","1759566.00","503520.00","2263086.00","603106.00","--","427588.00","1695368.00","-258590.00","--","2467472.00","--","--","16622.00","2484094.00","--","0.00","0.00","40.91"
"115/08/26","115","1","5289","宜鼎","20788487.00","3842210.00","24630697.00","9317883.00","626282.00","9944165.00","963374.00","--","2243010.00","11538528.00","-244526.00","--","14500386.00","--","--","186146.00","14686532.00","17800.00","0.00","0.00","150.52"
"115/08/26","115","1","5291","邑昇","1120789.00","895626.00","2016415.00","746141.00","316681.00","1062822.00","398906.00","--","183159.00","395085.00","-33138.00","--","944012.00","--","--","9581.00","953593.00","--","0.00","0.00","23.67"
"115/08/26","115","1","5299","杰力","2110315.00","1784713.00","3895028.00","728881.00","1317.00","730198.00","508890.00","--","1670211.00","984349.00","1380.00","--","3164830.00","--","--","--","3164830.00","--","0.00","0.00","62.19"
"115/08/26","115","1","5301","寶得利","636352.00","116441.00","752793.00","179138.00","33877.00","213015.00","658903.00","--","197.00","-131262.00","-3208.00","--","524630.00","--","--","15148.00","539778.00","--","0.00","0.00","7.96"
"115/08/26","115","1","5302","太欣","68366.00","1715602.00","1783968.00","217747.00","316584.00","534331.00","1598883.00","--","1062.00","-341696.00","-10931.00","--","1247318.00","--","--","2319.00","1249637.00","--","0.00","0.00","7.80"
"115/08/26","115","1","5309","系統電","5387671.00","3166076.00","8553747.00","1313388.00","1639713.00","2953101.00","2303661.00","--","2855784.00","202567.00","-112452.00","-31289.00","5218271.00","--","--","382375.00","5600646.00","0.00","366300.00","895000.00","22.74"
"115/08/26","115","1","5310","天剛","316206.00","5094.00","321300.00","41151.00","5612.00","46763.00","289435.00","--","0.00","-14898.00","0.00","--","274537.00","--","--","--","274537.00","--","0.00","0.00","9.49"
"115/08/26","115","1","5312","寶島科","5515408.00","3703570.00","9218978.00","3442173.00","1905777.00","5347950.00","600599.00","--","475043.00","2654921.00","140465.00","0.00","3871028.00","--","--","0.00","3871028.00","0.00","0.00","0.00","64.45"
"115/08/26","115","1","5314","世紀*","3027107.00","2946112.00","5973219.00","1976010.00","585483.00","2561493.00","146000.00","--","15957.00","1733795.00","7906.00","-31.00","1903627.00","--","--","1508099.00","3411726.00","0.00","0.00","3000.00","6.52"
"115/08/26","115","1","5315","光聯","1844831.00","299419.00","2144250.00","504308.00","30149.00","534457.00","1063518.00","--","51410.00","480060.00","14805.00","--","1609793.00","--","--","--","1609793.00","--","0.00","0.00","15.14"
"115/08/26","115","1","5321","美而快","1351339.00","3171942.00","4523281.00","1904413.00","1905500.00","3809913.00","531798.00","--","105922.00","-5659.00","53.00","--","632114.00","--","--","81254.00","713368.00","--","0.00","0.00","11.89"
"115/08/26","115","1","5324","士開","9380458.00","1315763.00","10696221.00","7736723.00","1375386.00","9112109.00","2263791.00","--","17484.00","-591090.00","-219600.00","--","1470585.00","--","--","113527.00","1584112.00","0.00","0.00","0.00","6.50"
"115/08/26","115","1","5328","華容","1546806.00","1020711.00","2567517.00","428438.00","32741.00","461179.00","1727107.00","--","9688.00","224281.00","141209.00","--","2102285.00","--","--","4053.00","2106338.00","--","0.00","0.00","12.17"
"115/08/26","115","1","5340","建榮","1583773.00","1399921.00","2983694.00","709921.00","7318.00","717239.00","1948940.00","--","--","317515.00","--","--","--","--","--","--","2266455.00","0.00","0.00","0.00","11.63"
"115/08/26","115","1","5344","立衛","278820.00","325718.00","604538.00","65928.00","34671.00","100599.00","794474.00","--","--","-235535.00","-55000.00","--","--","--","--","--","503939.00","--","0.00","0.00","6.34"
"115/08/26","115","1","5345","馥鴻","161486.00","54048.00","215534.00","2767.00","0.00","2767.00","377950.00","--","21561.00","-186744.00","--","--","212767.00","--","--","--","212767.00","--","0.00","0.00","5.63"
"115/08/26","115","1","5347","世界","71173748.00","148032189.00","219205937.00","47890183.00","76601329.00","124491512.00","18670782.00","--","19829457.00","29481638.00","434345.00","--","68416222.00","--","--","26298203.00","94714425.00","--","0.00","0.00","36.64"
"115/08/26","115","1","5348","正能量智能","202367.00","38621.00","240988.00","86926.00","17559.00","104485.00","147759.00","--","1104.00","-35572.00","-591.00","0.00","112700.00","0.00","--","23803.00","136503.00","--","0.00","0.00","7.63"
"115/08/26","115","1","5351","鈺創","6117754.00","2773341.00","8891095.00","2611840.00","1458671.00","4070511.00","3373716.00","--","794639.00","115103.00","464580.00","--","4748038.00","--","--","72546.00","4820584.00","0.00","2749000.00","0.00","14.46"
"115/08/26","115","1","5353","台林","1365865.00","734440.00","2100305.00","646530.00","89651.00","736181.00","757650.00","--","199230.00","342649.00","64595.00","--","1364124.00","--","--","--","1364124.00","--","0.00","0.00","18.00"
"115/08/26","115","1","5355","佳總","604203.00","431745.00","1035948.00","201843.00","106345.00","308188.00","1661228.00","--","474.00","-910924.00","-23018.00","--","727760.00","--","--","0.00","727760.00","--","0.00","0.00","4.38"
"115/08/26","115","1","5356","協益","2899248.00","2817728.00","5716976.00","783601.00","431304.00","1214905.00","1030400.00","--","367270.00","3285412.00","-181011.00","--","4502071.00","--","--","0.00","4502071.00","--","0.00","0.00","43.69"
"115/08/26","115","1","5364","力麗店","499019.00","636125.00","1135144.00","346860.00","46999.00","393859.00","638499.00","--","194642.00","-58305.00","-63684.00","--","711152.00","--","--","30133.00","741285.00","--","0.00","0.00","11.14"
"115/08/26","115","1","5371","中光電","34937536.00","23157054.00","58094590.00","28518741.00","1271332.00","29790073.00","3909811.00","--","1939694.00","17180872.00","3377448.00","0.00","26407825.00","--","--","1896692.00","28304517.00","0.00","0.00","0.00","67.54"
"115/08/26","115","1","5381","光譜","1422420.00","3507193.00","4929613.00","1379264.00","1212596.00","2591860.00","2078351.00","--","110013.00","30378.00","51332.00","--","2270074.00","--","--","67679.00","2337753.00","--","0.00","0.00","10.92"
"115/08/26","115","1","5386","青雲","9342387.00","24741.00","9367128.00","6937897.00","474.00","6938371.00","360809.00","--","78871.00","1995066.00","-5989.00","--","--","--","--","--","2428757.00","--","0.00","0.00","67.31"
"115/08/26","115","1","5392","能率","7751205.00","7680079.00","15431284.00","4703211.00","2659984.00","7363195.00","1765622.00","--","2663913.00","1382437.00","-175748.00","-5714.00","5630510.00","--","--","2437579.00","8068089.00","0.00","0.00","1028147.00","32.08"
"115/08/26","115","1","5398","慕康生醫","267510.00","309385.00","576895.00","58846.00","4665.00","63511.00","494655.00","--","65853.00","4958.00","-52082.00","--","513384.00","--","--","--","513384.00","--","0.00","0.00","10.38"
"115/08/26","115","1","5403","中菲","3570860.00","1453129.00","5023989.00","2353522.00","249205.00","2602727.00","781629.00","--","367981.00","1299188.00","-27536.00","--","--","--","--","--","2421262.00","--","0.00","0.00","30.98"
"115/08/26","115","1","5410","國眾","2963100.00","1000174.00","3963274.00","2188616.00","78179.00","2266795.00","922846.00","--","53882.00","697173.00","22320.00","--","1696221.00","--","--","258.00","1696479.00","--","228500.00","0.00","18.38"
"115/08/26","115","1","5425","台半","12036834.00","9438117.00","21474951.00","5226591.00","4885012.00","10111603.00","2634854.00","--","2290130.00","3905387.00","-175515.00","-741295.00","7913561.00","--","--","3449787.00","11363348.00","0.00","0.00","18960000.00","32.36"
"115/08/26","115","1","5426","振發","1610327.00","1484166.00","3094493.00","529444.00","239877.00","769321.00","1438000.00","--","77934.00","844050.00","-39424.00","0.00","2320560.00","--","--","4612.00","2325172.00","0.00","0.00","0.00","16.14"
"115/08/26","115","1","5432","新門","305633.00","122832.00","428465.00","51757.00","3429.00","55186.00","206878.00","--","--","190630.00","-24229.00","--","--","--","--","--","373279.00","0.00","0.00","0.00","18.04"
"115/08/26","115","1","5438","東友","1005373.00","2379264.00","3384637.00","385553.00","60803.00","446356.00","1125365.00","--","0.00","1272010.00","540906.00","--","2938281.00","--","--","--","2938281.00","0.00","0.00","0.00","26.11"
"115/08/26","115","1","5439","高技","7804888.00","3339468.00","11144356.00","4202432.00","2669152.00","6871584.00","929757.00","--","936621.00","2406321.00","73.00","--","4272772.00","--","--","--","4272772.00","--","0.00","0.00","45.96"
"115/08/26","115","1","5443","均豪","4812382.00","16417840.00","21230222.00","5324511.00","2293646.00","7618157.00","1647466.00","--","267981.00","459174.00","10245777.00","-462609.00","12157789.00","--","--","1454276.00","13612065.00","0.00","0.00","3668000.00","75.48"
"115/08/26","115","1","5450","南良","1804820.00","1705336.00","3510156.00","546318.00","1192882.00","1739200.00","1224032.00","--","100784.00","264485.00","181655.00","--","1770956.00","--","--","--","1770956.00","--","0.00","0.00","14.47"
"115/08/26","115","1","5452","佶優","3363933.00","836012.00","4199945.00","1304754.00","476977.00","1781731.00","1487637.00","--","161630.00","481188.00","61964.00","-31487.00","2160932.00","0.00","--","257282.00","2418214.00","0.00","0.00","1000000.00","14.62"
"115/08/26","115","1","5455","昇益","4524729.00","113086.00","4637815.00","3266760.00","420.00","3267180.00","655018.00","--","3737.00","700005.00","11875.00","--","--","--","--","--","1370635.00","--","0.00","0.00","20.93"
"115/08/26","115","1","5457","宣德","19362655.00","12642638.00","32005293.00","17569774.00","2194168.00","19763942.00","1964554.00","--","1136145.00","2512030.00","216529.00","--","5829258.00","--","--","6412093.00","12241351.00","0.00","0.00","0.00","29.67"
"115/08/26","115","1","5460","同協","576889.00","242852.00","819741.00","50725.00","28185.00","78910.00","587781.00","--","13799.00","157860.00","-18609.00","--","740831.00","--","--","--","740831.00","--","0.00","0.00","12.60"
"115/08/26","115","1","5464","霖宏","1962076.00","2086805.00","4048881.00","2060697.00","820452.00","2881149.00","710715.00","--","92576.00","364441.00","--","--","1167732.00","--","--","--","1167732.00","--","0.00","0.00","16.43"
"115/08/26","115","1","5465","富驊","4229598.00","789799.00","5019397.00","1838150.00","28669.00","1866819.00","1476826.00","--","315269.00","697879.00","43086.00","--","2533060.00","--","--","619518.00","3152578.00","--","0.00","0.00","17.15"
"115/08/26","115","1","5468","凱鈺","675661.00","85188.00","760849.00","171799.00","26672.00","198471.00","589229.00","--","154881.00","-149732.00","-32000.00","--","562378.00","--","--","--","562378.00","--","0.00","0.00","9.54"
"115/08/26","115","1","5474","聰泰","1257027.00","1207714.00","2464741.00","522162.00","59771.00","581933.00","397569.00","--","793.00","1484446.00","--","0.00","--","--","--","--","1882808.00","0.00","0.00","0.00","47.36"
"115/08/26","115","1","5475","德宏","1295510.00","1326508.00","2622018.00","614253.00","1063767.00","1678020.00","1271270.00","--","--","-889390.00","570391.00","--","952271.00","--","--","-8273.00","943998.00","--","0.00","0.00","7.49"
"115/08/26","115","1","5478","智冠","17208247.00","3932973.00","21141220.00","11414665.00","295004.00","11709669.00","1560743.00","--","4079435.00","3908218.00","-854676.00","-567008.00","8126712.00","--","--","1304839.00","9431551.00","--","0.00","6246414.00","54.24"
"115/08/26","115","1","5481","新華","480446.00","1036070.00","1516516.00","21248.00","314636.00","335884.00","714029.00","--","80172.00","452518.00","-174.00","-65913.00","1180632.00","--","--","0.00","1180632.00","--","0.00","5000000.00","17.78"
"115/08/26","115","1","5483","中美晶","99540171.00","161541769.00","261081940.00","78010853.00","64467956.00","142478809.00","6412217.00","--","32230081.00","21696640.00","-6539889.00","-4382100.00","49416949.00","--","--","69186182.00","118603131.00","0.00","0.00","27050000.00","80.46"
"115/08/26","115","1","5487","通泰","478369.00","99660.00","578029.00","34442.00","19869.00","54311.00","242225.00","--","40846.00","235607.00","5040.00","--","523718.00","--","--","--","523718.00","--","0.00","0.00","21.62"
"115/08/26","115","1","5488","松普","1311947.00","155292.00","1467239.00","414395.00","43657.00","458052.00","915861.00","--","0.00","65030.00","28296.00","0.00","1009187.00","--","--","0.00","1009187.00","0.00","0.00","0.00","11.02"
"115/08/26","115","1","5489","彩富","1914769.00","936404.00","2851173.00","343420.00","126627.00","470047.00","1027064.00","--","111844.00","1368115.00","58.00","-131062.00","2376019.00","--","--","5107.00","2381126.00","--","0.00","3235000.00","23.89"
"115/08/26","115","1","5490","同亨","1657003.00","230793.00","1887796.00","394450.00","64147.00","458597.00","961522.00","--","82291.00","457630.00","10574.00","-82818.00","1429199.00","--","--","--","1429199.00","--","0.00","3000000.00","15.34"
"115/08/26","115","1","5493","三聯","3406579.00","2432364.00","5838943.00","2403889.00","277341.00","2681230.00","436892.00","--","44196.00","996963.00","360628.00","--","1838679.00","--","--","1319034.00","3157713.00","0.00","0.00","0.00","42.09"
"115/08/26","115","1","5498","凱崴","2420543.00","1596931.00","4017474.00","1746512.00","78821.00","1825333.00","1935485.00","--","68024.00","251683.00","-82083.00","--","2173109.00","--","--","19032.00","2192141.00","--","0.00","0.00","11.23"
"115/08/26","115","1","5508","永信建","19327335.00","102137.00","19429472.00","10769419.00","3390592.00","14160011.00","2174281.00","--","216152.00","2879028.00","0.00","--","5269461.00","--","--","--","5269461.00","--","0.00","0.00","24.24"
"115/08/26","115","1","5511","德昌","13368594.00","2755067.00","16123661.00","7736066.00","1092520.00","8828586.00","1134400.00","--","143538.00","5836696.00","64219.00","--","7178853.00","--","--","116222.00","7295075.00","--","0.00","0.00","63.28"
"115/08/26","115","1","5512","力麒","27510767.00","17394405.00","44905172.00","16918995.00","9387584.00","26306579.00","7663125.00","--","740935.00","5353993.00","-104485.00","-98195.00","13555373.00","--","--","5043220.00","18598593.00","0.00","0.00","6493959.00","17.84"
"115/08/26","115","1","5514","三豐","5643427.00","1250126.00","6893553.00","3679423.00","6007.00","3685430.00","2361183.00","--","1346.00","515416.00","353586.00","-23395.00","3208136.00","--","--","-13.00","3208123.00","--","0.00","9477708.00","14.16"
"115/08/26","115","1","5516","雙喜","2541336.00","434900.00","2976236.00","2413299.00","93376.00","2506675.00","515452.00","--","0.00","-45891.00","0.00","0.00","--","--","--","--","469561.00","0.00","0.00","0.00","9.11"
"115/08/26","115","1","5520","力泰","3304130.00","1388723.00","4692853.00","1648799.00","100259.00","1749058.00","599752.00","--","37005.00","2016006.00","127136.00","--","2779899.00","--","--","163896.00","2943795.00","0.00","0.00","0.00","46.35"
"115/08/26","115","1","5523","豐謙","5136986.00","424881.00","5561867.00","2688422.00","26775.00","2715197.00","1550015.00","--","5526.00","1287171.00","3958.00","--","2846670.00","--","--","0.00","2846670.00","0.00","0.00","0.00","18.37"
"115/08/26","115","1","5529","鉅陞","4621171.00","223019.00","4844190.00","3275770.00","18254.00","3294024.00","1018374.00","--","419715.00","112077.00","--","--","1550166.00","--","--","--","1550166.00","0.00","0.00","0.00","15.22"
"115/08/26","115","1","5530","龍巖","52523625.00","27135694.00","79659319.00","50764381.00","129057.00","50893438.00","4200842.00","--","2930717.00","18587057.00","3012100.00","--","28730716.00","--","--","35165.00","28765881.00","--","0.00","0.00","68.39"
"115/08/26","115","1","5536","聖暉*","39250668.00","5410230.00","44660898.00","23788516.00","1548092.00","25336608.00","620405.00","--","3827301.00","6951338.00","1702490.00","--","13101534.00","--","--","6222756.00","19324290.00","0.00","0.00","0.00","105.59"
"115/08/26","115","1","5543","桓鼎-KY","2729410.00","940946.00","3670356.00","2298566.00","307370.00","2605936.00","467036.00","--","369643.00","-401079.00","-41206.00","--","394394.00","--","--","670026.00","1064420.00","0.00","0.00","0.00","8.44"
"115/08/26","115","1","5547","久舜","1753829.00","263366.00","2017195.00","1205179.00","22823.00","1228002.00","452880.00","--","143729.00","192584.00","--","--","--","--","--","--","789193.00","0.00","0.00","0.00","17.43"
"115/08/26","115","1","5548","安倉","1875011.00","366674.00","2241685.00","1047182.00","82892.00","1130074.00","578240.00","--","342362.00","193320.00","-2101.00","-210.00","--","--","--","--","1111611.00","--","0.00","21000.00","19.23"
"115/08/26","115","1","5601","台聯櫃","119571.00","1760326.00","1879897.00","19785.00","465481.00","485266.00","648000.00","--","3030.00","747871.00","-4270.00","--","--","--","--","--","1394631.00","0.00","0.00","0.00","21.52"
"115/08/26","115","1","5603","陸海","653192.00","2040519.00","2693711.00","487871.00","219453.00","707324.00","1048766.00","--","148032.00","778904.00","-67529.00","--","1908173.00","--","--","78214.00","1986387.00","0.00","0.00","0.00","18.19"
"115/08/26","115","1","5604","中連","53278.00","2400472.00","2453750.00","30561.00","503406.00","533967.00","1087830.00","--","11030.00","820923.00","0.00","--","1919783.00","--","--","0.00","1919783.00","0.00","0.00","0.00","17.65"
"115/08/26","115","1","5609","中菲行","8670881.00","1742742.00","10413623.00","3893967.00","382233.00","4276200.00","1428840.00","--","62243.00","4094936.00","618883.00","-181852.00","6023050.00","0.00","--","114373.00","6137423.00","0.00","0.00","2140000.00","42.79"
"115/08/26","115","1","5701","劍湖山","110914.00","2283632.00","2394546.00","1225875.00","668246.00","1894121.00","1430000.00","--","783.00","-919203.00","-11155.00","--","500425.00","--","--","--","500425.00","--","0.00","0.00","3.50"
"115/08/26","115","1","5703","亞都麗緻","371522.00","616897.00","988419.00","261507.00","185598.00","447105.00","702396.00","--","--","-133365.00","-27717.00","--","541314.00","--","--","--","541314.00","--","0.00","0.00","7.71"
"115/08/26","115","1","5704","老爺知","676046.00","456915.00","1132961.00","119209.00","3658.00","122867.00","588617.00","--","241906.00","179571.00","--","--","--","--","--","--","1010094.00","0.00","0.00","0.00","17.16"
"115/08/26","115","1","5878","台名","430779.00","355091.00","785870.00","231806.00","67436.00","299242.00","250243.00","--","76710.00","166035.00","-6360.00","--","486628.00","--","--","--","486628.00","--","0.00","0.00","19.45"
"115/08/26","115","1","5902","德記","1202848.00","571010.00","1773858.00","405366.00","33206.00","438572.00","945000.00","--","0.00","409957.00","-19671.00","--","1335286.00","--","--","--","1335286.00","--","0.00","0.00","14.13"
"115/08/26","115","1","5903","全家","18273361.00","61755505.00","80028866.00","40864433.00","29748662.00","70613095.00","2232200.00","--","355986.00","5746706.00","-110992.00","--","8223900.00","--","--","1191871.00","9415771.00","0.00","0.00","0.00","36.84"
"115/08/26","115","1","5904","寶雅*","12247336.00","20479487.00","32726823.00","12103327.00","14239454.00","26342781.00","1064438.00","--","1475884.00","3843720.00","--","--","--","--","--","--","6384042.00","0.00","0.00","0.00","59.98"
"115/08/26","115","1","5905","南仁湖","2079706.00","6051846.00","8131552.00","2125202.00","2560180.00","4685382.00","2816232.00","--","415276.00","-465410.00","-1458.00","--","2764640.00","--","--","681530.00","3446170.00","0.00","0.00","0.00","9.82"
"115/08/26","115","1","6028","公勝保經","1473420.00","477024.00","1950444.00","1020151.00","133069.00","1153220.00","250000.00","--","270096.00","277128.00","--","--","797224.00","--","--","--","797224.00","0.00","0.00","0.00","31.89"
"115/08/26","115","1","6101","寬魚國際","1518970.00","497087.00","2016057.00","366331.00","379566.00","745897.00","1146184.00","--","34361.00","84335.00","5280.00","0.00","1270160.00","--","--","--","1270160.00","--","0.00","0.00","11.08"
"115/08/26","115","1","6103","合邦","156749.00","819.00","157568.00","4444.00","815.00","5259.00","136049.00","--","0.00","15495.00","765.00","--","152309.00","--","--","--","152309.00","--","0.00","0.00","11.20"
"115/08/26","115","1","6104","創惟","2417571.00","1328830.00","3746401.00","1729205.00","6972.00","1736177.00","911271.00","--","366719.00","782514.00","-53953.00","0.00","2006551.00","--","--","3673.00","2010224.00","--","0.00","0.00","22.02"
"115/08/26","115","1","6109","亞元","871734.00","240475.00","1112209.00","447936.00","45036.00","492972.00","718527.00","--","5345.00","-83772.00","-20668.00","0.00","619432.00","--","--","-195.00","619237.00","0.00","3910000.00","0.00","8.63"
"115/08/26","115","1","6111","光聚晶電","10892267.00","18940280.00","29832547.00","12617750.00","7514652.00","20132402.00","1090911.00","--","1062414.00","156674.00","-170816.00","-304204.00","1834979.00","--","--","7865166.00","9700145.00","--","0.00","14868498.00","19.47"
"115/08/26","115","1","6113","亞矽","528228.00","257632.00","785860.00","179390.00","63213.00","242603.00","525495.00","--","69491.00","-1625.00","-50104.00","--","543257.00","--","--","0.00","543257.00","0.00","0.00","0.00","10.34"
"115/08/26","115","1","6114","久威","1982071.00","383386.00","2365457.00","691192.00","52473.00","743665.00","439119.00","--","172560.00","1012361.00","-2248.00","--","1621792.00","--","--","--","1621792.00","0.00","0.00","0.00","36.93"
"115/08/26","115","1","6118","建達","3452496.00","207586.00","3660082.00","2514032.00","9341.00","2523373.00","908896.00","--","67418.00","161863.00","-1468.00","--","1136709.00","--","--","--","1136709.00","--","0.00","0.00","12.51"
"115/08/26","115","1","6121","新普","68803961.00","13988194.00","82792155.00","31860255.00","4909450.00","36769705.00","1849705.00","--","5692496.00","30153451.00","129687.00","--","37825339.00","--","--","8197111.00","46022450.00","--","0.00","0.00","204.49"
"115/08/26","115","1","6122","擎邦","4024091.00","591424.00","4615515.00","2765690.00","171382.00","2937072.00","780916.00","--","10354.00","803536.00","163501.00","-79864.00","1678443.00","--","--","--","1678443.00","0.00","0.00","1558000.00","21.93"
"115/08/26","115","1","6123","上奇","3411888.00","622579.00","4034467.00","1881416.00","16877.00","1898293.00","620894.00","--","541082.00","389566.00","46010.00","-86401.00","1511151.00","--","--","625023.00","2136174.00","--","0.00","1596000.00","24.98"
"115/08/26","115","1","6124","業強","2143834.00","2547971.00","4691805.00","1435985.00","75043.00","1511028.00","1824799.00","--","836172.00","544759.00","-96160.00","--","3109570.00","--","--","71207.00","3180777.00","--","0.00","0.00","17.04"
"115/08/26","115","1","6125","廣運","4427287.00","6892752.00","11320039.00","2988047.00","2653816.00","5641863.00","2590112.00","0.00","1144238.00","817320.00","-179372.00","0.00","4372298.00","0.00","--","1305878.00","5678176.00","--","0.00","0.00","16.88"
"115/08/26","115","1","6126","信音","7232271.00","3744194.00","10976465.00","3156176.00","1187987.00","4344163.00","1297709.00","--","1806409.00","522868.00","68718.00","-29030.00","3666674.00","--","--","2965628.00","6632302.00","--","0.00","1230000.00","28.96"
"115/08/26","115","1","6127","九豪","1299166.00","2247169.00","3546335.00","1129640.00","1252471.00","2382111.00","1080798.00","--","56549.00","-47006.00","73883.00","--","1164224.00","0.00","--","0.00","1164224.00","--","0.00","0.00","10.77"
"115/08/26","115","1","6129","普誠","1331230.00","968303.00","2299533.00","555118.00","46341.00","601459.00","1809437.00","--","73967.00","-234095.00","2421.00","--","1651730.00","--","--","46344.00","1698074.00","0.00","0.00","0.00","9.13"
"115/08/26","115","1","6130","上亞科技","168186.00","563794.00","731980.00","72414.00","128707.00","201121.00","443000.00","--","198353.00","-89877.00","-20617.00","--","530859.00","--","--","0.00","530859.00","--","0.00","0.00","11.98"
"115/08/26","115","1","6134","萬旭","1874964.00","612044.00","2487008.00","1264894.00","75089.00","1339983.00","818821.00","--","131997.00","40298.00","84218.00","--","1075334.00","--","--","71691.00","1147025.00","0.00","0.00","0.00","13.13"
"115/08/26","115","1","6138","茂達","5798653.00","1432822.00","7231475.00","2692188.00","181233.00","2873421.00","756355.00","--","993292.00","1917741.00","-193710.00","-54326.00","3419352.00","--","--","938702.00","4358054.00","0.00","0.00","1265088.00","45.98"
"115/08/26","115","1","6140","訊達電腦","1017393.00","446895.00","1464288.00","835718.00","102301.00","938019.00","548978.00","--","422.00","-16355.00","-6776.00","--","526269.00","--","--","--","526269.00","--","0.00","0.00","9.59"
"115/08/26","115","1","6143","振曜","6027589.00","1527576.00","7555165.00","2938535.00","136428.00","3074963.00","860589.00","--","441036.00","1416288.00","-27789.00","0.00","2690124.00","--","--","1790078.00","4480202.00","--","0.00","0.00","31.26"
"115/08/26","115","1","6144","得利影","246000.00","110486.00","356486.00","44424.00","12792.00","57216.00","382737.00","--","1890.00","-86183.00","826.00","--","--","--","--","--","299270.00","0.00","0.00","0.00","7.82"
"115/08/26","115","1","6146","耕興","6237251.00","2221270.00","8458521.00","1528722.00","258984.00","1787706.00","1018672.00","--","895271.00","4106910.00","126692.00","--","6147545.00","--","--","523270.00","6670815.00","--","0.00","0.00","60.35"
"115/08/26","115","1","6147","頎邦","14865711.00","40620139.00","55485850.00","6098495.00","2505886.00","8604381.00","7445935.00","--","4071451.00","35296250.00","67833.00","--","46881469.00","--","--","--","46881469.00","0.00","0.00","0.00","62.96"
"115/08/26","115","1","6148","驊宏資","850603.00","420416.00","1271019.00","508718.00","210492.00","719210.00","466038.00","--","11229.00","74542.00","0.00","0.00","551809.00","--","--","0.00","551809.00","0.00","0.00","0.00","11.84"
"115/08/26","115","1","6150","撼訊","2990799.00","1114371.00","4105170.00","2320382.00","89293.00","2409675.00","483460.00","--","847266.00","367343.00","-10734.00","--","1687335.00","--","--","8160.00","1695495.00","--","0.00","0.00","34.90"
"115/08/26","115","1","6151","晉倫","1065511.00","567314.00","1632825.00","583637.00","89151.00","672788.00","552573.00","--","78055.00","325479.00","3930.00","0.00","960037.00","--","--","0.00","960037.00","0.00","0.00","0.00","17.37"
"115/08/26","115","1","6154","順發","1372738.00","700567.00","2073305.00","608361.00","168598.00","776959.00","800800.00","--","3420.00","492381.00","-255.00","--","1296346.00","--","--","--","1296346.00","--","0.00","0.00","16.19"
"115/08/26","115","1","6156","松上","4938460.00","2007624.00","6946084.00","2695369.00","886223.00","3581592.00","1078750.00","--","423655.00","865575.00","-72047.00","0.00","2295933.00","0.00","--","1068559.00","3364492.00","0.00","0.00","0.00","21.28"
"115/08/26","115","1","6158","禾昌","1365406.00","938039.00","2303445.00","1077524.00","111933.00","1189457.00","556982.00","--","89997.00","577907.00","-91845.00","-19053.00","1113988.00","--","--","--","1113988.00","--","0.00","800000.00","20.29"
"115/08/26","115","1","6160","欣技","875556.00","233277.00","1108833.00","409445.00","72796.00","482241.00","684891.00","--","1151.00","-63787.00","3493.00","--","625748.00","--","--","844.00","626592.00","--","0.00","0.00","9.14"
"115/08/26","115","1","6161","捷波","1203535.00","618942.00","1822477.00","413840.00","44171.00","458011.00","562375.00","--","127452.00","667457.00","7182.00","0.00","1364466.00","--","--","0.00","1364466.00","--","0.00","0.00","24.26"
"115/08/26","115","1","6163","華電網","5724899.00","1047926.00","6772825.00","3442688.00","369554.00","3812242.00","1472800.00","--","509087.00","930769.00","46422.00","--","2959078.00","--","--","1505.00","2960583.00","0.00","0.00","0.00","20.09"
"115/08/26","115","1","6167","久正","994073.00","1041334.00","2035407.00","310636.00","5016.00","315652.00","1460000.00","--","89079.00","241127.00","-70451.00","--","1719755.00","--","--","0.00","1719755.00","0.00","0.00","0.00","11.78"
"115/08/26","115","1","6169","昱泉","45554.00","395384.00","440938.00","27188.00","193977.00","221165.00","233950.00","--","3877.00","-6886.00","-11168.00","--","219773.00","--","--","--","219773.00","--","0.00","0.00","9.39"
"115/08/26","115","1","6170","統振","4383559.00","713366.00","5096925.00","3204414.00","37623.00","3242037.00","972601.00","--","456857.00","388380.00","22253.00","0.00","1840091.00","--","--","14797.00","1854888.00","--","0.00","0.00","18.92"
"115/08/26","115","1","6171","大城地產","4451955.00","8398.00","4460353.00","2116734.00","0.00","2116734.00","1000000.00","--","201784.00","1141835.00","0.00","--","--","--","--","--","2343619.00","--","0.00","0.00","23.44"
"115/08/26","115","1","6173","信昌電","3354993.00","7021809.00","10376802.00","1243169.00","217844.00","1461013.00","1720000.00","--","497255.00","4758426.00","1994479.00","-54371.00","8915789.00","--","--","--","8915789.00","--","0.00","800000.00","52.08"
"115/08/26","115","1","6174","安��","595486.00","408812.00","1004298.00","294265.00","46752.00","341017.00","500000.00","--","--","157366.00","5915.00","--","663281.00","--","--","--","663281.00","0.00","0.00","0.00","13.27"
"115/08/26","115","1","6175","立敦","3407838.00","3168879.00","6576717.00","1034049.00","250928.00","1284977.00","1501218.00","--","818086.00","1905058.00","43567.00","0.00","4267929.00","--","--","1023811.00","5291740.00","0.00","0.00","0.00","28.43"
"115/08/26","115","1","6179","亞通","11116329.00","2841322.00","13957651.00","8247104.00","1630696.00","9877800.00","1773246.00","--","1931570.00","65149.00","-74142.00","0.00","3695823.00","--","--","384028.00","4079851.00","0.00","0.00","0.00","20.84"
"115/08/26","115","1","6180","橘子","3151357.00","5185009.00","8336366.00","3524789.00","98089.00","3622878.00","1754936.00","--","1340208.00","1765217.00","-472367.00","-41168.00","4346826.00","--","--","366662.00","4713488.00","0.00","0.00","947000.00","24.90"
"115/08/26","115","1","6182","合晶","10827445.00","29465541.00","40292986.00","4948733.00","9161508.00","14110241.00","5736413.00","--","6955455.00","2620775.00","-56491.00","--","15256152.00","--","--","10926593.00","26182745.00","--","2985.00","0.00","26.60"
"115/08/26","115","1","6185","幃翔","1729952.00","717115.00","2447067.00","179199.00","150068.00","329267.00","1498675.00","--","65247.00","553803.00","75.00","--","2117800.00","--","--","--","2117800.00","--","0.00","0.00","14.13"
"115/08/26","115","1","6186","新潤","13957210.00","1312284.00","15269494.00","7871028.00","1862331.00","9733359.00","1949076.00","--","847530.00","2739529.00","--","--","--","--","--","--","5536135.00","0.00","0.00","0.00","28.40"
"115/08/26","115","1","6187","萬潤","7254868.00","3679150.00","10934018.00","3647779.00","276231.00","3924010.00","976355.00","--","3301922.00","2130076.00","484942.00","-67901.00","6825394.00","--","--","184614.00","7010008.00","0.00","450828.00","898000.00","70.56"
"115/08/26","115","1","6188","廣明","11673495.00","9349367.00","21022862.00","5815513.00","391652.00","6207165.00","2783589.00","--","5162978.00","4260310.00","303094.00","--","12509971.00","--","--","2305726.00","14815697.00","--","0.00","0.00","44.94"
"115/08/26","115","1","6190","萬泰科","6269989.00","3005456.00","9275445.00","3718658.00","1372632.00","5091290.00","1865225.00","--","1179560.00","644188.00","125170.00","-143584.00","3670559.00","--","--","513596.00","4184155.00","--","0.00","4239000.00","20.14"
"115/08/26","115","1","6194","育富","2208942.00","229530.00","2438472.00","318722.00","94533.00","413255.00","480000.00","--","45667.00","1489027.00","10523.00","--","2025217.00","--","--","--","2025217.00","--","0.00","0.00","42.19"
"115/08/26","115","1","6195","詩肯","755444.00","2774882.00","3530326.00","877993.00","1326751.00","2204744.00","501930.00","--","294834.00","492264.00","36554.00","--","1325582.00","--","--","0.00","1325582.00","--","0.00","0.00","26.41"
"115/08/26","115","1","6198","瑞築","6579090.00","70156.00","6649246.00","1347801.00","565526.00","1913327.00","1714004.00","--","3111709.00","-89515.00","-279.00","--","4735919.00","--","--","--","4735919.00","--","0.00","0.00","27.63"
"115/08/26","115","1","6199","天品","1694914.00","179205.00","1874119.00","243099.00","576570.00","819669.00","617600.00","--","70981.00","354751.00","-6019.00","--","1037313.00","--","--","17137.00","1054450.00","--","0.00","0.00","16.80"
"115/08/26","115","1","6203","海韻電","3393147.00","424695.00","3817842.00","556042.00","34622.00","590664.00","824013.00","--","276618.00","2135516.00","-8969.00","--","3227178.00","--","--","--","3227178.00","--","0.00","0.00","39.16"
"115/08/26","115","1","6204","艾華","305306.00","213252.00","518558.00","98316.00","60578.00","158894.00","231021.00","--","4633.00","142019.00","-18009.00","--","359664.00","--","--","--","359664.00","--","0.00","0.00","15.57"
"115/08/26","115","1","6207","雷科","2783247.00","1562757.00","4346004.00","1383223.00","963893.00","2347116.00","797612.00","--","217491.00","779057.00","203124.00","--","1997284.00","--","--","1604.00","1998888.00","0.00","0.00","0.00","25.04"
"115/08/26","115","1","6208","日揚","3116629.00","3856614.00","6973243.00","2696575.00","1111801.00","3808376.00","944623.00","--","320371.00","1851909.00","-13090.00","--","3103813.00","--","--","61054.00","3164867.00","0.00","0.00","0.00","32.86"
"115/08/26","115","1","6210","慶生","238470.00","234240.00","472710.00","123573.00","1327.00","124900.00","350480.00","--","20025.00","-22695.00","--","--","--","--","--","--","347810.00","0.00","0.00","0.00","9.92"
"115/08/26","115","1","6212","理銘","10886541.00","100862.00","10987403.00","7219743.00","702.00","7220445.00","1020000.00","--","0.00","2771310.00","-24352.00","--","--","--","--","--","3766958.00","0.00","0.00","0.00","36.93"
"115/08/26","115","1","6217","中探針","3725935.00","3292667.00","7018602.00","2918674.00","1160629.00","4079303.00","1172100.00","--","1876719.00","-18796.00","13696.00","-90099.00","2953620.00","--","--","-14321.00","2939299.00","0.00","0.00","3193000.00","25.91"
"115/08/26","115","1","6218","豪勉","1042002.00","423992.00","1465994.00","604128.00","2292.00","606420.00","642620.00","--","40295.00","169265.00","7394.00","--","859574.00","--","--","--","859574.00","--","0.00","0.00","13.38"
"115/08/26","115","1","6219","富旺","12889696.00","1382465.00","14272161.00","10395317.00","1794921.00","12190238.00","1249671.00","--","347852.00","482930.00","1470.00","--","2081923.00","--","--","--","2081923.00","0.00","0.00","0.00","16.66"
"115/08/26","115","1","6220","岳豐","7046583.00","2660854.00","9707437.00","5348897.00","1178742.00","6527639.00","1464627.00","--","988829.00","722815.00","3527.00","--","3179798.00","--","--","0.00","3179798.00","0.00","0.00","0.00","21.71"
"115/08/26","115","1","6221","晉泰","5388605.00","556995.00","5945600.00","2756152.00","91720.00","2847872.00","1686039.00","--","115654.00","870713.00","425322.00","--","3097728.00","--","--","--","3097728.00","--","10000.00","0.00","18.37"
"115/08/26","115","1","6222","立軒","753620.00","537962.00","1291582.00","4318.00","59907.00","64225.00","956889.00","--","464935.00","-181723.00","-12788.00","--","1227313.00","--","--","44.00","1227357.00","--","0.00","0.00","12.83"
"115/08/26","115","1","6223","旺矽","13524449.00","12189790.00","25714239.00","7558421.00","2400184.00","9958605.00","979813.00","--","5165644.00","9438881.00","171296.00","--","15755634.00","--","--","0.00","15755634.00","--","0.00","0.00","160.80"
"115/08/26","115","1","6227","茂綸","10247128.00","158689.00","10405817.00","7277239.00","194371.00","7471610.00","761118.00","--","117952.00","1979826.00","21383.00","--","2880279.00","--","--","53928.00","2934207.00","--","0.00","0.00","37.84"
"115/08/26","115","1","6228","全譜","159861.00","255197.00","415058.00","152716.00","20669.00","173385.00","260000.00","--","39971.00","-50838.00","-7460.00","--","241673.00","--","--","--","241673.00","--","0.00","0.00","9.30"
"115/08/26","115","1","6229","研通","1326204.00","515364.00","1841568.00","1050293.00","80867.00","1131160.00","403607.00","--","73537.00","190748.00","42516.00","--","710408.00","--","--","--","710408.00","0.00","0.00","0.00","17.60"
"115/08/26","115","1","6231","系微","1348411.00","365713.00","1714124.00","687918.00","32160.00","720078.00","456522.00","--","67477.00","450741.00","19306.00","--","994046.00","--","--","--","994046.00","--","0.00","0.00","21.77"
"115/08/26","115","1","6233","旺玖","1056655.00","522174.00","1578829.00","160783.00","34058.00","194841.00","810219.00","--","145306.00","382712.00","90408.00","-44657.00","1383988.00","--","--","--","1383988.00","--","0.00","2000000.00","17.51"
"115/08/26","115","1","6234","高僑","2525228.00","1653715.00","4178943.00","1315391.00","57337.00","1372728.00","1003864.00","--","975948.00","769075.00","57328.00","--","2806215.00","--","--","--","2806215.00","0.00","0.00","0.00","27.95"
"115/08/26","115","1","6236","中湛","147016.00","19660.00","166676.00","7664.00","3287.00","10951.00","416540.00","--","0.00","-258986.00","-1829.00","--","155725.00","--","--","--","155725.00","--","0.00","0.00","3.74"
"115/08/26","115","1","6237","驊訊","477236.00","1094822.00","1572058.00","88710.00","8970.00","97680.00","796454.00","--","519199.00","154846.00","3879.00","--","1474378.00","--","--","0.00","1474378.00","0.00","0.00","0.00","18.51"
"115/08/26","115","1","6240","松崗","208694.00","704815.00","913509.00","404560.00","131607.00","536167.00","228674.00","--","0.00","136469.00","12199.00","--","377342.00","--","--","--","377342.00","--","0.00","0.00","16.50"
"115/08/26","115","1","6241","鑫永洋","332042.00","283264.00","615306.00","236238.00","1376.00","237614.00","487000.00","--","0.00","-109308.00","0.00","--","--","--","--","--","377692.00","--","0.00","0.00","7.76"
"115/08/26","115","1","6242","立康","248810.00","844665.00","1093475.00","158384.00","53622.00","212006.00","318065.00","--","213389.00","367383.00","-17368.00","--","881469.00","--","--","--","881469.00","--","0.00","0.00","27.71"
"115/08/26","115","1","6244","茂迪","4474157.00","5200885.00","9675042.00","2222392.00","2970024.00","5192416.00","3870419.00","--","533418.00","429034.00","-437439.00","--","4395432.00","--","--","87194.00","4482626.00","--","0.00","0.00","11.36"
"115/08/26","115","1","6245","立端","7921494.00","1565033.00","9486527.00","2718576.00","427042.00","3145618.00","1466083.00","--","1508822.00","3342172.00","23832.00","--","6340909.00","--","--","--","6340909.00","0.00","0.00","0.00","43.25"
"115/08/26","115","1","6246","臺龍","1040238.00","123063.00","1163301.00","742394.00","3303.00","745697.00","378514.00","--","21431.00","17720.00","-61.00","--","417604.00","--","--","--","417604.00","0.00","0.00","0.00","11.03"
"115/08/26","115","1","6248","沛波","2120268.00","1881889.00","4002157.00","981686.00","837568.00","1819254.00","999561.00","--","910034.00","345195.00","-13847.00","-58040.00","2182903.00","--","--","--","2182903.00","0.00","0.00","2700.00","21.84"
"115/08/26","115","1","6259","百徽","496881.00","55739.00","552620.00","135474.00","7729.00","143203.00","279561.00","--","41941.00","71189.00","16055.00","--","408746.00","--","--","671.00","409417.00","--","0.00","0.00","14.62"
"115/08/26","115","1","6261","久元","4143980.00","4154647.00","8298627.00","1357826.00","265700.00","1623526.00","1284980.00","--","2457186.00","2825507.00","-47148.00","--","6520525.00","--","--","154576.00","6675101.00","--","0.00","0.00","50.74"
"115/08/26","115","1","6263","普萊德","2203592.00","174733.00","2378325.00","421927.00","64122.00","486049.00","625010.00","--","11694.00","1255572.00","0.00","--","1892276.00","--","--","--","1892276.00","0.00","0.00","0.00","30.28"
"115/08/26","115","1","6264","富裔","3936940.00","886463.00","4823403.00","1498907.00","2234635.00","3733542.00","1363553.00","--","0.00","-684297.00","281035.00","--","960291.00","--","--","129570.00","1089861.00","--","0.00","0.00","7.04"
"115/08/26","115","1","6265","方土昶","1713744.00","223719.00","1937463.00","293891.00","5854.00","299745.00","1181722.00","--","313679.00","207661.00","-65344.00","--","1637718.00","--","--","--","1637718.00","0.00","0.00","0.00","13.86"
"115/08/26","115","1","6266","泰詠","2806050.00","796901.00","3602951.00","1112293.00","128982.00","1241275.00","1538715.00","--","263443.00","495456.00","64062.00","--","2361676.00","--","--","--","2361676.00","0.00","0.00","0.00","15.35"
"115/08/26","115","1","6270","倍微","1875118.00","1624104.00","3499222.00","966426.00","1495.00","967921.00","721458.00","--","332523.00","167412.00","1309908.00","--","2531301.00","--","--","--","2531301.00","0.00","0.00","0.00","35.09"
"115/08/26","115","1","6274","台燿","36269119.00","7988996.00","44258115.00","18826060.00","7370451.00","26196511.00","2888134.00","--","5527618.00","9162223.00","483629.00","--","18061604.00","--","--","--","18061604.00","--","38750.00","0.00","62.54"
"115/08/26","115","1","6275","元山","2397928.00","1568722.00","3966650.00","1724360.00","617540.00","2341900.00","802446.00","--","118165.00","665322.00","38677.00","0.00","1624610.00","--","--","140.00","1624750.00","0.00","0.00","0.00","20.25"
"115/08/26","115","1","6276","安鈦克","455371.00","69529.00","524900.00","302480.00","11197.00","313677.00","220430.00","--","0.00","-10457.00","1250.00","--","211223.00","--","--","0.00","211223.00","--","0.00","0.00","9.58"
"115/08/26","115","1","6279","胡連","9466772.00","6342383.00","15809155.00","6094616.00","293635.00","6388251.00","1190157.00","--","2171757.00","5945936.00","57795.00","--","9365645.00","--","--","55259.00","9420904.00","--","0.00","0.00","78.69"
"115/08/26","115","1","6284","佳邦","6151305.00","8141894.00","14293199.00","4500649.00","1905420.00","6406069.00","1489803.00","--","3284618.00","3364100.00","-127294.00","-155622.00","7855605.00","--","--","31525.00","7887130.00","--","0.00","1810000.00","53.38"
"115/08/26","115","1","6290","良維","9105634.00","3843468.00","12949102.00","3872573.00","1292698.00","5165271.00","1694772.00","--","2466854.00","3353071.00","34644.00","--","7549341.00","--","--","234490.00","7783831.00","0.00","0.00","0.00","44.54"
"115/08/26","115","1","6291","沛亨","1876540.00","409805.00","2286345.00","851366.00","56326.00","907692.00","420000.00","--","492339.00","362647.00","3598.00","--","1278584.00","--","--","100069.00","1378653.00","--","0.00","0.00","30.44"
"115/08/26","115","1","6292","迅德","1224848.00","437481.00","1662329.00","456576.00","138756.00","595332.00","466007.00","--","48889.00","597568.00","-45467.00","0.00","1066997.00","0.00","--","0.00","1066997.00","--","0.00","0.00","22.90"
"115/08/26","115","1","6294","智基","661865.00","714264.00","1376129.00","699475.00","176938.00","876413.00","260471.00","--","--","239245.00","--","--","499716.00","--","--","--","499716.00","0.00","0.00","0.00","19.19"
"115/08/26","115","1","6411","晶焱","4161853.00","2456221.00","6618074.00","1632951.00","32931.00","1665882.00","992306.00","--","1972985.00","1862069.00","76058.00","-110287.00","4793131.00","--","--","159061.00","4952192.00","0.00","0.00","1491002.00","49.04"
"115/08/26","115","1","6417","韋僑","1476723.00","1442208.00","2918931.00","508196.00","618282.00","1126478.00","422740.00","--","347958.00","1023283.00","-1528.00","--","1792453.00","--","--","--","1792453.00","--","0.00","0.00","42.40"
"115/08/26","115","1","6418","詠昇","558366.00","415052.00","973418.00","221036.00","243902.00","464938.00","345220.00","--","89591.00","68790.00","4879.00","--","508480.00","--","--","--","508480.00","0.00","0.00","0.00","14.73"
"115/08/26","115","1","6419","京晨科","771461.00","118612.00","890073.00","197477.00","173679.00","371156.00","131592.00","--","1276.00","380334.00","5715.00","--","518917.00","--","--","0.00","518917.00","--","0.00","0.00","39.43"
"115/08/26","115","1","6423","億而得","325436.00","440220.00","765656.00","82766.00","170221.00","252987.00","310160.00","--","245243.00","26981.00","0.00","-69715.00","--","--","--","--","512669.00","--","0.00","744000.00","16.94"
"115/08/26","115","1","6425","易發","1647360.00","1358216.00","3005576.00","1172299.00","508401.00","1680700.00","509223.00","--","834143.00","-25511.00","-43596.00","-4981.00","1269278.00","--","--","55598.00","1324876.00","--","1090250.00","97000.00","24.50"
"115/08/26","115","1","6432","今展科","1106984.00","292685.00","1399669.00","420483.00","41314.00","461797.00","343670.00","--","373247.00","240325.00","-19370.00","--","937872.00","--","--","--","937872.00","--","450122.00","0.00","27.29"
"115/08/26","115","1","6435","大中","1974856.00","894425.00","2869281.00","949485.00","15723.00","965208.00","374613.00","--","169546.00","1223529.00","136385.00","--","--","--","--","--","1904073.00","0.00","0.00","0.00","50.83"
"115/08/26","115","1","6441","廣錠","627545.00","972331.00","1599876.00","633655.00","9475.00","643130.00","533185.00","--","763675.00","-347073.00","-226.00","--","949561.00","--","--","7185.00","956746.00","--","0.00","0.00","17.81"
"115/08/26","115","1","6461","益得","395604.00","1931918.00","2327522.00","411204.00","924677.00","1335881.00","1783198.00","--","282410.00","-1071428.00","-2539.00","--","--","--","--","--","991641.00","32000.00","0.00","0.00","5.56"
"115/08/26","115","1","6462","神盾","6414623.00","13081492.00","19496115.00","5330235.00","1049789.00","6380024.00","912508.00","--","7592692.00","-456807.00","-1257012.00","--","6791381.00","--","--","6324710.00","13116091.00","--","0.00","0.00","74.43"
"115/08/26","115","1","6465","威潤","359575.00","278453.00","638028.00","62808.00","32048.00","94856.00","470737.00","--","395.00","75013.00","-2973.00","0.00","543172.00","--","--","--","543172.00","0.00","0.00","0.00","11.54"
"115/08/26","115","1","6469","大樹","7645904.00","6107360.00","13753264.00","5162362.00","4941712.00","10104074.00","1500602.00","--","1405512.00","630774.00","32612.00","--","3569500.00","0.00","--","79690.00","3649190.00","0.00","109700.00","0.00","23.79"
"115/08/26","115","1","6470","宇智","1568267.00","71935.00","1640202.00","381728.00","139177.00","520905.00","376941.00","--","265332.00","471915.00","5109.00","--","1119297.00","--","--","--","1119297.00","--","0.00","0.00","29.69"
"115/08/26","115","1","6474","華豫寧","2522791.00","695638.00","3218429.00","1344934.00","242940.00","1587874.00","525262.00","--","180687.00","866337.00","58269.00","--","1630555.00","--","--","--","1630555.00","--","0.00","0.00","31.04"
"115/08/26","115","1","6482","弘煜科","473516.00","61590.00","535106.00","84397.00","7841.00","92238.00","286343.00","--","43516.00","125481.00","-16936.00","--","438404.00","--","--","4464.00","442868.00","--","0.00","0.00","15.31"
"115/08/26","115","1","6485","點序","1308244.00","1123129.00","2431373.00","404435.00","6294.00","410729.00","473665.00","--","857786.00","688824.00","20.00","--","2020295.00","--","--","349.00","2020644.00","--","2119485.00","0.00","42.65"
"115/08/26","115","1","6486","互動","2449100.00","1010912.00","3460012.00","1663570.00","42359.00","1705929.00","508933.00","--","887670.00","345121.00","-87.00","--","1741637.00","--","--","12446.00","1754083.00","--","0.00","0.00","34.22"
"115/08/26","115","1","6488","環球晶","76922308.00","134114614.00","211036922.00","62223760.00","55433704.00","117657464.00","4781137.00","--","44763934.00","51309672.00","-7471730.00","--","93383013.00","--","--","-3555.00","93379458.00","0.00","0.00","0.00","195.32"
"115/08/26","115","1","6492","生華科","695250.00","36613.00","731863.00","23926.00","10659.00","34585.00","899036.00","--","181918.00","-333024.00","-1291.00","-49361.00","697278.00","--","--","--","697278.00","0.00","0.00","518000.00","7.80"
"115/08/26","115","1","6494","九齊","1017751.00","228415.00","1246166.00","179110.00","47462.00","226572.00","315597.00","--","196884.00","504032.00","3081.00","--","1019594.00","--","--","--","1019594.00","--","0.00","0.00","32.31"
"115/08/26","115","1","6496","科懋","691923.00","738314.00","1430237.00","388498.00","295895.00","684393.00","473960.00","--","259163.00","27033.00","9424.00","-23736.00","745844.00","--","--","--","745844.00","0.00","0.00","818000.00","16.01"
"115/08/26","115","1","6498","久禾光","2152572.00","429075.00","2581647.00","933239.00","193841.00","1127080.00","471649.00","--","372420.00","584594.00","25904.00","--","1454567.00","--","--","--","1454567.00","--","0.00","0.00","30.84"
"115/08/26","115","1","6499","益安","1182041.00","497384.00","1679425.00","143979.00","127097.00","271076.00","969449.00","--","1958796.00","-1618033.00","47963.00","0.00","1358175.00","--","--","50174.00","1408349.00","0.00","0.00","0.00","14.01"
"115/08/26","115","1","6506","雙邦","962785.00","1677884.00","2640669.00","796452.00","574180.00","1370632.00","823608.00","--","10660.00","398388.00","0.00","--","1232656.00","--","--","37381.00","1270037.00","--","0.00","0.00","14.97"
"115/08/26","115","1","6508","惠光","1964858.00","764058.00","2728916.00","287056.00","48115.00","335171.00","865389.00","--","224222.00","1352970.00","-48836.00","--","2393745.00","--","--","--","2393745.00","0.00","0.00","0.00","27.66"
"115/08/26","115","1","6509","聚和","4334833.00","3769508.00","8104341.00","2106109.00","749820.00","2855929.00","1965433.00","--","1305581.00","2212313.00","-234915.00","--","5248412.00","--","--","--","5248412.00","--","0.00","0.00","26.70"
"115/08/26","115","1","6510","精測","9080342.00","4151275.00","13231617.00","1476942.00","1941087.00","3418029.00","327890.00","--","4602609.00","4848425.00","27668.00","--","9806592.00","--","--","6996.00","9813588.00","--","0.00","0.00","299.08"
"115/08/26","115","1","6512","啟發電","273860.00","94170.00","368030.00","20757.00","0.00","20757.00","252600.00","--","121827.00","-27154.00","--","--","347273.00","--","--","--","347273.00","--","0.00","0.00","13.75"
"115/08/26","115","1","6516","勤崴國際","982307.00","275984.00","1258291.00","162667.00","61997.00","224664.00","563369.00","--","348646.00","186709.00","-25751.00","-39346.00","--","--","--","--","1033627.00","--","0.00","500000.00","18.51"
"115/08/26","115","1","6517","保勝光學","666388.00","132674.00","799062.00","138874.00","19291.00","158165.00","305791.00","--","83154.00","251952.00","--","--","640897.00","--","--","--","640897.00","--","0.00","0.00","20.96"
"115/08/26","115","1","6523","達爾膚","1360089.00","323603.00","1683692.00","304466.00","29579.00","334045.00","450477.00","--","151700.00","747470.00","--","--","1349647.00","--","--","--","1349647.00","0.00","0.00","0.00","29.96"
"115/08/26","115","1","6527","明達醫","596776.00","736729.00","1333505.00","340547.00","3885.00","344432.00","254586.00","--","215176.00","531222.00","-5335.00","-6576.00","989073.00","0.00","--","0.00","989073.00","--","0.00","117000.00","39.03"
"115/08/26","115","1","6530","創威","577202.00","15311.00","592513.00","82016.00","2813.00","84829.00","337500.00","--","46856.00","123328.00","--","--","--","--","--","--","507684.00","--","0.00","0.00","15.04"
"115/08/26","115","1","6532","瑞耘","716621.00","844942.00","1561563.00","362047.00","4384.00","366431.00","374451.00","--","248454.00","562152.00","10075.00","--","1195132.00","--","--","--","1195132.00","--","0.00","0.00","31.92"
"115/08/26","115","1","6535","順藥","905396.00","621075.00","1526471.00","122920.00","0.00","122920.00","1678408.00","--","265828.00","-460227.00","-32364.00","-56802.00","1394843.00","--","--","8708.00","1403551.00","0.00","0.00","355000.00","8.33"
"115/08/26","115","1","6538","倉和","1564906.00","1300710.00","2865616.00","496115.00","491218.00","987333.00","380730.00","--","501092.00","1034426.00","-3292.00","-34673.00","1878283.00","--","--","--","1878283.00","--","0.00","494000.00","49.98"
"115/08/26","115","1","6542","隆中","792890.00","118630.00","911520.00","134020.00","2008.00","136028.00","420006.00","--","287147.00","33240.00","8164.00","-51809.00","696748.00","--","--","78744.00","775492.00","0.00","0.00","1000000.00","16.99"
"115/08/26","115","1","6546","正基","2080560.00","1218352.00","3298912.00","1246373.00","76808.00","1323181.00","668484.00","--","932244.00","359415.00","-9907.00","--","1950236.00","--","--","25495.00","1975731.00","--","0.00","0.00","29.17"
"115/08/26","115","1","6547","高端疫苗","2821895.00","1957508.00","4779403.00","184168.00","1075629.00","1259797.00","3287491.00","--","443517.00","-168568.00","-42834.00","--","3519606.00","--","--","--","3519606.00","--","0.00","0.00","10.71"
"115/08/26","115","1","6548","長科*","15731265.00","8204175.00","23935440.00","5898923.00","6270075.00","12168998.00","380186.00","--","6071591.00","4748375.00","1049524.00","-951253.00","11298423.00","--","--","468019.00","11766442.00","--","0.00","27423905.00","12.24"
"115/08/26","115","1","6556","勝品","1318663.00","893753.00","2212416.00","610136.00","22548.00","632684.00","287500.00","--","407097.00","845813.00","1236.00","--","1541646.00","--","--","38086.00","1579732.00","--","0.00","0.00","53.62"
"115/08/26","115","1","6560","欣普羅","417315.00","289389.00","706704.00","40521.00","12701.00","53222.00","324747.00","--","216133.00","112602.00","--","--","--","--","--","--","653482.00","--","0.00","0.00","20.12"
"115/08/26","115","1","6561","是方","879782.00","6071039.00","6950821.00","1663784.00","2301595.00","3965379.00","779584.00","--","1379929.00","1158998.00","7177.00","-347503.00","2978185.00","--","--","7257.00","2985442.00","0.00","0.00","957000.00","38.68"
"115/08/26","115","1","6568","宏觀","1478363.00","369857.00","1848220.00","317097.00","1611.00","318708.00","308179.00","--","386926.00","862581.00","-28174.00","0.00","1529512.00","--","--","--","1529512.00","0.00","0.00","0.00","49.63"
"115/08/26","115","1","6569","醫揚","881789.00","1397121.00","2278910.00","479760.00","197285.00","677045.00","390707.00","--","759947.00","454773.00","-3562.00","--","1601865.00","--","--","0.00","1601865.00","0.00","0.00","0.00","41.00"
"115/08/26","115","1","6570","維田","609856.00","832765.00","1442621.00","306989.00","336178.00","643167.00","371191.00","--","295942.00","134951.00","-2630.00","--","799454.00","--","--","--","799454.00","--","0.00","0.00","21.54"
"115/08/26","115","1","6574","霈方","717086.00","489010.00","1206096.00","210695.00","98814.00","309509.00","219900.00","--","106907.00","462390.00","107390.00","--","896587.00","--","--","--","896587.00","--","0.00","0.00","40.77"
"115/08/26","115","1","6576","逸達","1225172.00","717481.00","1942653.00","90009.00","457860.00","547869.00","1575405.00","--","6133280.00","-6286867.00","-27034.00","--","1394784.00","--","--","--","1394784.00","0.00","0.00","0.00","8.85"
"115/08/26","115","1","6577","勁豐","1931985.00","472607.00","2404592.00","746883.00","60289.00","807172.00","600602.00","--","376336.00","678344.00","-57862.00","--","1597420.00","--","--","--","1597420.00","--","0.00","0.00","26.60"
"115/08/26","115","1","6578","達邦蛋白","215925.00","869513.00","1085438.00","69280.00","17664.00","86944.00","719419.00","--","338702.00","-49703.00","-9924.00","--","998494.00","--","--","--","998494.00","0.00","0.00","0.00","13.88"
"115/08/26","115","1","6584","南俊國際","1740792.00","3230422.00","4971214.00","720464.00","683925.00","1404389.00","706434.00","--","1649685.00","1233392.00","-20110.00","-2576.00","3566825.00","--","--","--","3566825.00","0.00","0.00","23000.00","50.51"
"115/08/26","115","1","6588","東典光電","477297.00","715668.00","1192965.00","136929.00","147884.00","284813.00","347008.00","--","479146.00","-67766.00","7227.00","--","765615.00","--","--","142537.00","908152.00","--","0.00","0.00","22.06"
"115/08/26","115","1","6590","普鴻","658636.00","541152.00","1199788.00","296745.00","146708.00","443453.00","249641.00","--","242441.00","175201.00","-7550.00","--","659733.00","--","--","96602.00","756335.00","0.00","0.00","0.00","26.43"
"115/08/26","115","1","6593","台灣銘板","417436.00","568767.00","986203.00","82258.00","25284.00","107542.00","318566.00","--","431762.00","125666.00","100.00","--","876094.00","--","--","2567.00","878661.00","--","0.00","0.00","27.50"
"115/08/26","115","1","6596","寬宏藝術","1941086.00","765476.00","2706562.00","1667034.00","7987.00","1675021.00","380000.00","--","461434.00","196456.00","-6349.00","--","1031541.00","0.00","--","0.00","1031541.00","--","0.00","0.00","27.15"
"115/08/26","115","1","6597","立誠","728788.00","1566312.00","2295100.00","520872.00","1003980.00","1524852.00","300423.00","--","391960.00","145645.00","--","-67780.00","--","--","--","--","770248.00","0.00","0.00","840000.00","26.38"
"115/08/26","115","1","6603","富強鑫","5307688.00","3061084.00","8368772.00","3157314.00","2377998.00","5535312.00","1674430.00","--","80754.00","875318.00","34056.00","-23773.00","2640785.00","--","--","192675.00","2833460.00","--","0.00","1403000.00","15.90"
"115/08/26","115","1","6609","瀧澤科","2306777.00","1095993.00","3402770.00","944015.00","103817.00","1047832.00","724562.00","--","146793.00","1481192.00","2391.00","--","2354938.00","--","--","--","2354938.00","--","0.00","0.00","32.50"
"115/08/26","115","1","6612","奈米醫材","1714981.00","1482348.00","3197329.00","827758.00","370326.00","1198084.00","475146.00","--","910164.00","474876.00","31762.00","-13291.00","1878657.00","--","--","120588.00","1999245.00","--","0.00","174000.00","39.68"
"115/08/26","115","1","6613","朋億*","10689828.00","1664004.00","12353832.00","4809131.00","697202.00","5506333.00","389007.00","--","1874515.00","2456760.00","390465.00","--","5110747.00","--","--","1736752.00","6847499.00","0.00","0.00","0.00","65.69"
"115/08/26","115","1","6615","慧智","230410.00","500141.00","730551.00","66333.00","21782.00","88115.00","215934.00","--","341589.00","85329.00","-178.00","--","642674.00","--","--","-238.00","642436.00","0.00","0.00","0.00","29.76"
"115/08/26","115","1","6616","特昇-KY","553837.00","166487.00","720324.00","256672.00","23583.00","280255.00","354785.00","--","98252.00","-67410.00","57688.00","--","443315.00","--","--","-3246.00","440069.00","--","0.00","0.00","12.50"
"115/08/26","115","1","6617","共信-KY","1750380.00","925069.00","2675449.00","190382.00","98955.00","289337.00","1275061.00","--","3499715.00","-1685603.00","-47398.00","-640262.00","2401513.00","--","--","-15401.00","2386112.00","0.00","0.00","6296000.00","19.81"
"115/08/26","115","1","6620","漢達","4291267.00","1593619.00","5884886.00","481845.00","115107.00","596952.00","1699831.00","--","3094309.00","797143.00","-38209.00","-265140.00","5287934.00","--","--","--","5287934.00","--","0.00","3453000.00","31.75"
"115/08/26","115","1","6624","萬年清","566831.00","258565.00","825396.00","210802.00","107816.00","318618.00","225795.00","--","239224.00","41010.00","-1587.00","--","504442.00","--","--","2336.00","506778.00","--","142854.00","0.00","22.34"
"115/08/26","115","1","6629","泰金-KY","1988399.00","617844.00","2606243.00","921649.00","34696.00","956345.00","383712.00","--","587183.00","596599.00","80735.00","--","1648229.00","--","--","1669.00","1649898.00","0.00","0.00","0.00","42.95"
"115/08/26","115","1","6637","醫影","1113276.00","729035.00","1842311.00","309679.00","382037.00","691716.00","268100.00","--","316316.00","566889.00","-710.00","--","1150595.00","--","--","--","1150595.00","--","0.00","0.00","42.92"
"115/08/26","115","1","6640","均華","2965732.00","3724945.00","6690677.00","2994394.00","453911.00","3448305.00","285175.00","--","391943.00","387397.00","2335287.00","-157430.00","3242372.00","--","--","0.00","3242372.00","--","0.00","207000.00","114.53"
"115/08/26","115","1","6642","富致","631786.00","1162573.00","1794359.00","313050.00","453704.00","766754.00","373996.00","--","356834.00","313970.00","-17195.00","--","1027605.00","--","--","--","1027605.00","0.00","0.00","0.00","27.48"
"115/08/26","115","1","6643","M31","1146444.00","878828.00","2025272.00","206678.00","16549.00","223227.00","417982.00","--","744643.00","642205.00","623.00","-3408.00","1802045.00","--","--","--","1802045.00","--","0.00","7000.00","43.12"
"115/08/26","115","1","6649","台生材","443886.00","328721.00","772607.00","80637.00","48745.00","129382.00","420000.00","--","192668.00","30557.00","--","--","--","--","--","--","643225.00","0.00","0.00","0.00","15.31"
"115/08/26","115","1","6651","全宇昕","1337668.00","302604.00","1640272.00","415904.00","3111.00","419015.00","346016.00","--","295400.00","579841.00","0.00","--","--","--","--","--","1221257.00","0.00","0.00","0.00","35.29"
"115/08/26","115","1","6654","天正國際","1121324.00","1163139.00","2284463.00","655416.00","458350.00","1113766.00","409627.00","--","641207.00","40563.00","59388.00","--","1150785.00","--","--","19912.00","1170697.00","--","0.00","0.00","28.09"
"115/08/26","115","1","6661","威健生技","301684.00","293347.00","595031.00","154076.00","161053.00","315129.00","233043.00","--","50932.00","15012.00","-24069.00","--","274918.00","--","--","4984.00","279902.00","--","0.00","0.00","11.80"
"115/08/26","115","1","6662","樂斯科","206571.00","379982.00","586553.00","88536.00","77972.00","166508.00","256124.00","--","84121.00","107254.00","-27454.00","--","--","--","--","--","420045.00","--","0.00","0.00","16.40"
"115/08/26","115","1","6664","群翊","7627884.00","1597581.00","9225465.00","4079929.00","1279858.00","5359787.00","608066.00","--","904295.00","2354481.00","-1164.00","--","3865678.00","0.00","--","0.00","3865678.00","--","0.00","0.00","63.57"
"115/08/26","115","1","6667","信紘科","5666015.00","1087694.00","6753709.00","3958403.00","475557.00","4433960.00","492789.00","--","1255037.00","549725.00","-10679.00","--","2286872.00","--","--","32877.00","2319749.00","--","0.00","0.00","46.41"
"115/08/26","115","1","6679","鈺太","4131922.00","2265049.00","6396971.00","593755.00","36319.00","630074.00","549753.00","--","3710547.00","892433.00","978581.00","-364417.00","5766897.00","--","--","--","5766897.00","--","0.00","1688000.00","108.22"
"115/08/26","115","1","6680","鑫創電子","516116.00","940771.00","1456887.00","226654.00","681995.00","908649.00","239542.00","--","170310.00","138395.00","-9.00","--","548238.00","--","--","--","548238.00","--","0.00","0.00","22.89"
"115/08/26","115","1","6683","雍智科技","2627941.00","967744.00","3595685.00","668844.00","27631.00","696475.00","275572.00","--","430367.00","2252282.00","-59011.00","--","2899210.00","--","--","--","2899210.00","--","0.00","0.00","105.21"
"115/08/26","115","1","6684","安格","618316.00","1092418.00","1710734.00","109619.00","24652.00","134271.00","445595.00","--","1345976.00","-124215.00","-100453.00","--","1566903.00","--","--","9560.00","1576463.00","--","0.00","0.00","35.16"
"115/08/26","115","1","6690","安�硌穈T","2459751.00","2262222.00","4721973.00","1169703.00","615194.00","1784897.00","299997.00","--","2289805.00","383099.00","-35825.00","--","2937076.00","--","--","--","2937076.00","--","0.00","0.00","97.90"
"115/08/26","115","1","6692","進能服","1537366.00","382756.00","1920122.00","855542.00","40554.00","896096.00","588439.00","--","297906.00","149113.00","-17459.00","--","1017999.00","0.00","--","6027.00","1024026.00","0.00","20000.00","0.00","17.30"
"115/08/26","115","1","6693","廣閎科","1203791.00","559435.00","1763226.00","433294.00","192891.00","626185.00","457200.00","--","582219.00","142396.00","-5879.00","-38895.00","1137041.00","--","--","--","1137041.00","--","0.00","674000.00","25.24"
"115/08/26","115","1","6697","東捷資訊","824397.00","150599.00","974996.00","391345.00","10200.00","401545.00","273234.00","--","158042.00","141700.00","475.00","--","573451.00","--","--","--","573451.00","0.00","0.00","0.00","20.99"
"115/08/26","115","1","6703","軒郁","1698883.00","758817.00","2457700.00","875157.00","337122.00","1212279.00","329838.00","--","581407.00","340287.00","-13302.00","-36008.00","1202222.00","--","--","43199.00","1245421.00","--","0.00","250000.00","36.73"
"115/08/26","115","1","6708","天擎","378660.00","43595.00","422255.00","42886.00","6253.00","49139.00","290088.00","--","114776.00","-5626.00","-5706.00","-20416.00","373116.00","--","--","--","373116.00","--","0.00","420000.00","13.05"
"115/08/26","115","1","6712","長聖","1344648.00","2309773.00","3654421.00","765128.00","52104.00","817232.00","969210.00","--","1674940.00","253542.00","-60503.00","0.00","2837189.00","--","--","--","2837189.00","--","0.00","0.00","29.27"
"115/08/26","115","1","6716","應廣","1069095.00","121139.00","1190234.00","407295.00","34432.00","441727.00","302418.00","--","193425.00","310262.00","-57598.00","--","748507.00","--","--","--","748507.00","28000.00","0.00","0.00","24.75"
"115/08/26","115","1","6720","久昌","855748.00","263501.00","1119249.00","213802.00","35636.00","249438.00","302257.00","--","538231.00","54785.00","7517.00","-32979.00","869811.00","--","--","--","869811.00","--","0.00","250000.00","29.02"
"115/08/26","115","1","6721","信實","1021766.00","173228.00","1194994.00","458990.00","38224.00","497214.00","225000.00","--","178626.00","289269.00","--","--","692895.00","--","--","4885.00","697780.00","--","0.00","0.00","30.80"
"115/08/26","115","1","6725","矽科宏晟","3925621.00","301218.00","4226839.00","1561181.00","123152.00","1684333.00","371300.00","--","900762.00","1264008.00","8940.00","-2504.00","2542506.00","--","--","--","2542506.00","--","0.00","10000.00","68.49"
"115/08/26","115","1","6727","亞泰金屬","4133233.00","795168.00","4928401.00","3365512.00","73834.00","3439346.00","268842.00","--","394221.00","818009.00","7983.00","--","1489055.00","--","--","--","1489055.00","--","0.00","0.00","55.39"
"115/08/26","115","1","6728","上洋","2512977.00","2035714.00","4548691.00","1716437.00","949987.00","2666424.00","301200.00","--","898442.00","674513.00","-1058.00","--","1873097.00","--","--","9170.00","1882267.00","--","0.00","0.00","62.19"
"115/08/26","115","1","6730","常廣","320160.00","824205.00","1144365.00","169467.00","251515.00","420982.00","362982.00","--","143337.00","217457.00","-393.00","--","723383.00","--","--","--","723383.00","--","0.00","0.00","19.93"
"115/08/26","115","1","6732","昇佳電子","3480081.00","2082619.00","5562700.00","1380807.00","94897.00","1475704.00","489126.00","--","2202370.00","1331477.00","64023.00","--","--","--","--","--","4086996.00","--","0.00","0.00","83.56"
"115/08/26","115","1","6733","博晟生醫","982452.00","167300.00","1149752.00","28584.00","18553.00","47137.00","1343560.00","--","261189.00","-498715.00","-17631.00","--","1088403.00","--","--","14212.00","1102615.00","0.00","10000000.00","0.00","8.10"
"115/08/26","115","1","6735","美達科技","709212.00","439559.00","1148771.00","170546.00","8810.00","179356.00","461823.00","--","341234.00","167010.00","-652.00","--","969415.00","--","--","--","969415.00","0.00","0.00","0.00","20.99"
"115/08/26","115","1","6739","竹陞科技","1069229.00","459331.00","1528560.00","668579.00","4284.00","672863.00","233925.00","--","370363.00","254477.00","45.00","-3113.00","855697.00","--","--","--","855697.00","0.00","0.00","57000.00","36.67"
"115/08/26","115","1","6741","91APP*-KY","3217684.00","1936543.00","5154227.00","1976140.00","50454.00","2026594.00","602890.00","--","1230594.00","1801348.00","117292.00","-634565.00","3117559.00","--","--","10074.00","3127633.00","--","0.00","5710000.00","27.14"
"115/08/26","115","1","6751","智聯服務","755063.00","670126.00","1425189.00","433775.00","33609.00","467384.00","222000.00","--","598809.00","96400.00","-12350.00","--","904859.00","--","--","52946.00","957805.00","--","0.00","0.00","40.76"
"115/08/26","115","1","6752","叡揚","1247124.00","1569088.00","2816212.00","1334660.00","182854.00","1517514.00","371441.00","--","138303.00","707225.00","64580.00","--","1281549.00","--","--","17149.00","1298698.00","--","0.00","0.00","34.50"
"115/08/26","115","1","6761","穩得","1490322.00","1236386.00","2726708.00","1006591.00","74278.00","1080869.00","349559.00","--","901096.00","412762.00","-11431.00","-15598.00","1636388.00","--","--","9451.00","1645839.00","0.00","0.00","174000.00","47.05"
"115/08/26","115","1","6762","達亞","490596.00","2269866.00","2760462.00","926517.00","551869.00","1478386.00","351717.00","--","665467.00","264892.00","--","--","--","--","--","--","1282076.00","0.00","0.00","0.00","36.45"
"115/08/26","115","1","6763","綠界科技*","5828009.00","1457199.00","7285208.00","4281371.00","87237.00","4368608.00","184039.00","--","2129823.00","673831.00","-107820.00","--","2879873.00","--","--","36727.00","2916600.00","--","0.00","0.00","15.65"
"115/08/26","115","1","6767","台微醫","487767.00","218675.00","706442.00","51500.00","78784.00","130284.00","391836.00","--","325191.00","-140966.00","97.00","--","576158.00","--","--","--","576158.00","--","0.00","0.00","14.70"
"115/08/26","115","1","6785","昱展新藥","2341304.00","133835.00","2475139.00","93626.00","13469.00","107095.00","668000.00","--","1578777.00","113527.00","7740.00","--","--","--","--","--","2368044.00","--","0.00","0.00","35.45"
"115/08/26","115","1","6788","華景電","3216949.00","818721.00","4035670.00","1346823.00","261087.00","1607910.00","387397.00","--","1209373.00","778878.00","44395.00","--","2420043.00","--","--","7717.00","2427760.00","0.00","0.00","0.00","62.47"
"115/08/26","115","1","6791","虎門科技","705592.00","205483.00","911075.00","402325.00","23874.00","426199.00","208470.00","--","116177.00","124769.00","-92.00","--","449324.00","--","--","35552.00","484876.00","--","0.00","0.00","21.55"
"115/08/26","115","1","6803","崑鼎","5281458.00","12418734.00","17700192.00","7240272.00","3488590.00","10728862.00","727944.00","--","3018733.00","2438199.00","113957.00","-57.00","6298776.00","--","--","672554.00","6971330.00","0.00","130246.00","1605.00","86.53"
"115/08/26","115","1","6804","明係","1005908.00","1165869.00","2171777.00","752664.00","132784.00","885448.00","475000.00","--","615846.00","218268.00","-22785.00","--","1286329.00","--","--","--","1286329.00","--","0.00","0.00","27.08"
"115/08/26","115","1","6811","宏�硌穈T","4623020.00","2048157.00","6671177.00","4413836.00","129190.00","4543026.00","414490.00","--","630999.00","1117903.00","-35241.00","--","2128151.00","0.00","--","--","2128151.00","0.00","0.00","0.00","51.34"
"115/08/26","115","1","6821","聯寶","870689.00","313627.00","1184316.00","219396.00","334696.00","554092.00","319390.00","--","148262.00","219760.00","-24119.00","-33069.00","630224.00","0.00","--","0.00","630224.00","--","359492.00","855000.00","20.33"
"115/08/26","115","1","6823","濾能","462454.00","764341.00","1226795.00","381462.00","281777.00","663239.00","305339.00","--","602564.00","-339984.00","-3458.00","-1714.00","562747.00","--","--","809.00","563556.00","0.00","0.00","28000.00","18.45"
"115/08/26","115","1","6829","千附精密","1248930.00","2264151.00","3513081.00","898151.00","577816.00","1475967.00","591690.00","--","972310.00","473114.00","--","--","--","--","--","--","2037114.00","--","0.00","0.00","34.43"
"115/08/26","115","1","6840","東研信超","546965.00","1213222.00","1760187.00","234030.00","454335.00","688365.00","307551.00","--","490212.00","278427.00","-4368.00","--","1071822.00","--","--","--","1071822.00","--","0.00","0.00","34.85"
"115/08/26","115","1","6841","長佳智能","1239355.00","1169872.00","2409227.00","101056.00","548.00","101604.00","952230.00","--","850782.00","-25347.00","--","-74766.00","1702899.00","--","--","604724.00","2307623.00","--","0.00","765000.00","18.03"
"115/08/26","115","1","6843","進典","972496.00","488780.00","1461276.00","146578.00","425293.00","571871.00","333040.00","--","287527.00","247947.00","19395.00","--","887909.00","--","--","1496.00","889405.00","--","0.00","0.00","26.66"
"115/08/26","115","1","6844","諾貝兒","2608963.00","2280961.00","4889924.00","819897.00","965810.00","1785707.00","374284.00","--","1326137.00","1401989.00","1807.00","--","3104217.00","--","--","--","3104217.00","--","0.00","0.00","82.94"
"115/08/26","115","1","6846","綠茵","1552096.00","752166.00","2304262.00","403329.00","997750.00","1401079.00","270660.00","--","259149.00","373721.00","-347.00","--","903183.00","--","--","--","903183.00","--","0.00","0.00","33.37"
"115/08/26","115","1","6855","數泓科","1350478.00","82552.00","1433030.00","595839.00","5090.00","600929.00","232497.00","--","69316.00","530446.00","-158.00","--","--","--","--","--","832101.00","--","0.00","0.00","35.79"
"115/08/26","115","1","6856","鑫傳","634866.00","410428.00","1045294.00","200092.00","17498.00","217590.00","282000.00","--","239153.00","264510.00","-508.00","--","785155.00","--","--","42549.00","827704.00","0.00","0.00","0.00","27.84"
"115/08/26","115","1","6859","伯特光","1651638.00","993880.00","2645518.00","453206.00","87986.00","541192.00","415886.00","--","635354.00","1052110.00","976.00","--","2104326.00","--","--","--","2104326.00","--","0.00","0.00","50.60"
"115/08/26","115","1","6865","偉康科技","409038.00","121618.00","530656.00","128303.00","54226.00","182529.00","158518.00","--","154742.00","48068.00","-233.00","-12968.00","--","--","--","--","348127.00","0.00","10500.00","281000.00","22.37"
"115/08/26","115","1","6870","騰雲","1062290.00","1248282.00","2310572.00","309398.00","745998.00","1055396.00","233755.00","--","738833.00","231661.00","-5665.00","--","1198584.00","--","--","56592.00","1255176.00","--","27322.00","0.00","51.28"
"115/08/26","115","1","6872","浩宇生醫","421836.00","174966.00","596802.00","47080.00","10446.00","57526.00","707505.00","--","537740.00","-716988.00","274.00","--","528531.00","--","--","10745.00","539276.00","0.00","0.00","0.00","7.47"
"115/08/26","115","1","6874","倍力","1205696.00","339677.00","1545373.00","929454.00","105605.00","1035059.00","220000.00","--","154724.00","170477.00","--","-34887.00","--","--","--","--","510314.00","0.00","0.00","438000.00","23.67"
"115/08/26","115","1","6875","國邑*","953350.00","665235.00","1618585.00","52683.00","100593.00","153276.00","645914.00","--","1284723.00","-465336.00","8.00","--","1465309.00","--","--","--","1465309.00","0.00","30000.00","0.00","11.34"
"115/08/26","115","1","6877","鏵友益","763290.00","401628.00","1164918.00","136112.00","170798.00","306910.00","469671.00","--","390957.00","17252.00","-19872.00","0.00","858008.00","--","--","--","858008.00","0.00","0.00","0.00","18.27"
"115/08/26","115","1","6881","潤德","1838565.00","392066.00","2230631.00","1245944.00","15034.00","1260978.00","150000.00","--","403635.00","428770.00","-12752.00","--","--","--","--","--","969653.00","0.00","0.00","0.00","64.64"
"115/08/26","115","1","6884","海柏特","576543.00","122981.00","699524.00","244585.00","136213.00","380798.00","183900.00","--","65277.00","53605.00","12895.00","--","315677.00","--","--","3049.00","318726.00","0.00","0.00","0.00","17.17"
"115/08/26","115","1","6894","衛司特","2058091.00","1050889.00","3108980.00","783364.00","566998.00","1350362.00","238000.00","--","701921.00","557310.00","23485.00","--","1520716.00","--","--","237902.00","1758618.00","--","0.00","0.00","63.90"
"115/08/26","115","1","6895","宏碩系統","709914.00","520190.00","1230104.00","245832.00","18447.00","264279.00","341000.00","--","534929.00","89896.00","--","--","--","--","--","--","965825.00","0.00","0.00","0.00","28.32"
"115/08/26","115","1","6899","創為精密","1221015.00","1138752.00","2359767.00","360783.00","190463.00","551246.00","423985.00","--","363678.00","1047925.00","-1201.00","-26105.00","1808282.00","--","--","239.00","1808521.00","0.00","0.00","500000.00","43.16"
"115/08/26","115","1","6903","巨漢","5325012.00","281208.00","5606220.00","1891722.00","2217.00","1893939.00","666760.00","--","1197290.00","1957989.00","--","-109758.00","--","--","--","--","3712281.00","--","0.00","828000.00","56.38"
"115/08/26","115","1","6904","伯鑫","929171.00","947969.00","1877140.00","541945.00","265076.00","807021.00","185000.00","--","239467.00","652523.00","-6871.00","--","1070119.00","--","--","--","1070119.00","0.00","0.00","0.00","57.84"
"115/08/26","115","1","6907","雅特力-KY","2024009.00","78686.00","2102695.00","527410.00","84041.00","611451.00","624786.00","--","404754.00","400347.00","61357.00","--","1491244.00","--","--","--","1491244.00","--","0.00","0.00","23.87"
"115/08/26","115","1","6910","德鴻","558077.00","39159.00","597236.00","154849.00","11205.00","166054.00","305210.00","--","87239.00","34971.00","3762.00","--","431182.00","--","--","--","431182.00","--","0.00","0.00","14.13"
"115/08/26","115","1","6913","鴻呈","2587970.00","946608.00","3534578.00","1165355.00","639221.00","1804576.00","438488.00","--","662326.00","586185.00","-30702.00","-28969.00","1627328.00","--","--","102674.00","1730002.00","--","0.00","268000.00","37.34"
"115/08/26","115","1","6922","宸曜","1235580.00","963301.00","2198881.00","633442.00","569579.00","1203021.00","271554.00","--","359056.00","351253.00","13997.00","--","995860.00","--","--","--","995860.00","0.00","0.00","0.00","36.67"
"115/08/26","115","1","6925","意藍","435706.00","99171.00","534877.00","104772.00","54861.00","159633.00","200003.00","--","106476.00","68765.00","--","--","--","--","--","--","375244.00","--","0.00","0.00","18.76"
"115/08/26","115","1","6929","佑全","1368544.00","1549268.00","2917812.00","920465.00","968370.00","1888835.00","450986.00","--","670012.00","-82013.00","-10008.00","--","--","--","--","--","1028977.00","--","5000.00","0.00","22.82"
"115/08/26","115","1","6945","圓祥生技","1150406.00","138196.00","1288602.00","33842.00","50566.00","84408.00","855734.00","--","880215.00","-534743.00","2988.00","--","1204194.00","--","--","--","1204194.00","0.00","0.00","0.00","14.07"
"115/08/26","115","1","6953","家碩","2106263.00","738130.00","2844393.00","1046678.00","275783.00","1322461.00","300146.00","--","785742.00","401596.00","34448.00","--","1521932.00","--","--","--","1521932.00","--","0.00","0.00","50.71"
"115/08/26","115","1","6961","旅天下","1285144.00","168108.00","1453252.00","362709.00","49552.00","412261.00","268340.00","--","583497.00","183544.00","-2053.00","--","1033328.00","--","--","7663.00","1040991.00","0.00","0.00","0.00","38.51"
"115/08/26","115","1","6967","汎瑋材料","1099007.00","194530.00","1293537.00","512621.00","7771.00","520392.00","249045.00","--","299602.00","241918.00","8217.00","-25637.00","773145.00","--","--","--","773145.00","--","0.00","500000.00","31.68"
"115/08/26","115","1","6968","萬達寵物","1299874.00","2068646.00","3368520.00","683689.00","1330819.00","2014508.00","494473.00","--","585658.00","273350.00","0.00","--","1353481.00","--","--","531.00","1354012.00","0.00","0.00","0.00","27.37"
"115/08/26","115","1","6971","惠民實業","2168216.00","1108957.00","3277173.00","1787591.00","561308.00","2348899.00","386680.00","--","269514.00","247306.00","4129.00","--","907629.00","--","--","20645.00","928274.00","0.00","0.00","0.00","23.47"
"115/08/26","115","1","6982","大井泵浦","1054172.00","1837519.00","2891691.00","643973.00","1325635.00","1969608.00","407491.00","--","455842.00","65474.00","-6724.00","--","922083.00","--","--","--","922083.00","0.00","74432.00","0.00","22.63"
"115/08/26","115","1","6983","華洋精機","411321.00","330402.00","741723.00","173941.00","165552.00","339493.00","159000.00","--","141359.00","101871.00","--","--","--","--","--","--","402230.00","0.00","0.00","0.00","25.30"
"115/08/26","115","1","6986","和迅","625973.00","225170.00","851143.00","48818.00","32021.00","80839.00","460000.00","--","140705.00","169599.00","--","--","--","--","--","--","770304.00","0.00","0.00","0.00","16.75"
"115/08/26","115","1","6996","力領科技","2798073.00","802129.00","3600202.00","1107570.00","19821.00","1127391.00","420053.00","--","1492915.00","567682.00","-7839.00","--","--","--","--","--","2472811.00","--","0.00","0.00","58.87"
"115/08/26","115","1","6997","博弘","1752977.00","61325.00","1814302.00","1169518.00","69549.00","1239067.00","221005.00","--","255519.00","94748.00","3963.00","--","575235.00","--","--","--","575235.00","--","0.00","0.00","26.03"
"115/08/26","115","1","7402","邑錡","718874.00","406236.00","1125110.00","113992.00","371339.00","485331.00","352806.00","--","268592.00","49280.00","-30899.00","0.00","--","0.00","0.00","--","639779.00","0.00","0.00","0.00","18.13"
"115/08/26","115","1","7547","碩網","1043002.00","70166.00","1113168.00","114509.00","3172.00","117681.00","336280.00","--","537860.00","116972.00","4375.00","--","995487.00","--","--","--","995487.00","--","0.00","0.00","29.60"
"115/08/26","115","1","7556","意德士科技","1043380.00","1153398.00","2196778.00","370765.00","420914.00","791679.00","273257.00","--","480351.00","455136.00","193148.00","--","1401892.00","--","--","3207.00","1405099.00","--","552.00","0.00","51.30"
"115/08/26","115","1","7584","樂意","206400.00","567491.00","773891.00","313253.00","19129.00","332382.00","164628.00","--","179362.00","90948.00","11602.00","-5031.00","441509.00","--","--","0.00","441509.00","--","0.00","150000.00","27.07"
"115/08/26","115","1","7642","昶瑞機電","378052.00","1031822.00","1409874.00","237017.00","244550.00","481567.00","301500.00","--","344742.00","282065.00","--","--","928307.00","--","--","--","928307.00","--","0.00","0.00","30.79"
"115/08/26","115","1","7703","銳澤","2423538.00","672451.00","3095989.00","1110540.00","45710.00","1156250.00","347450.00","--","1158344.00","427465.00","3918.00","--","1937177.00","--","--","2562.00","1939739.00","0.00","0.00","0.00","55.75"
"115/08/26","115","1","7704","明遠精密","1022984.00","344330.00","1367314.00","222305.00","14456.00","236761.00","337698.00","--","667847.00","114422.00","5122.00","--","1125089.00","0.00","--","5464.00","1130553.00","--","0.00","0.00","33.32"
"115/08/26","115","1","7708","全家餐飲","1145685.00","796968.00","1942653.00","693378.00","303293.00","996671.00","255000.00","--","412310.00","277052.00","1620.00","--","945982.00","--","--","--","945982.00","0.00","0.00","0.00","37.10"
"115/08/26","115","1","7709","榮田","1588327.00","860334.00","2448661.00","703972.00","100565.00","804537.00","391027.00","--","197061.00","1056036.00","0.00","--","--","--","--","--","1644124.00","--","0.00","0.00","42.05"
"115/08/26","115","1","7712","博盛半導體","1286444.00","1270289.00","2556733.00","343685.00","264441.00","608126.00","325619.00","--","730158.00","891759.00","1071.00","--","1948607.00","--","--","--","1948607.00","0.00","0.00","0.00","59.84"
"115/08/26","115","1","7713","威力德生醫","806792.00","1669594.00","2476386.00","591258.00","758475.00","1349733.00","454789.00","--","384305.00","273070.00","14489.00","--","1126653.00","--","--","--","1126653.00","--","0.00","0.00","24.77"
"115/08/26","115","1","7714","創泓科技","923571.00","79573.00","1003144.00","454693.00","13569.00","468262.00","210000.00","--","209634.00","108015.00","768.00","--","528417.00","--","--","6465.00","534882.00","--","0.00","0.00","25.16"
"115/08/26","115","1","7715","裕山","1151497.00","327420.00","1478917.00","370516.00","208874.00","579390.00","327470.00","--","321752.00","248209.00","2096.00","0.00","899527.00","--","--","--","899527.00","--","0.00","0.00","27.47"
"115/08/26","115","1","7716","昱臺國際","540217.00","211035.00","751252.00","189652.00","60819.00","250471.00","225000.00","--","64974.00","209367.00","-1177.00","--","498164.00","--","--","2617.00","500781.00","--","0.00","0.00","22.14"
"115/08/26","115","1","7717","萊德光電-KY","1203514.00","220660.00","1424174.00","237203.00","123348.00","360551.00","247777.00","--","551169.00","246524.00","12018.00","--","1057488.00","--","--","6135.00","1063623.00","0.00","0.00","0.00","42.68"
"115/08/26","115","1","7718","友鋮","1325288.00","765319.00","2090607.00","396384.00","74149.00","470533.00","463565.00","--","419152.00","773792.00","2368.00","-38803.00","1620074.00","--","--","--","1620074.00","--","0.00","800000.00","35.56"
"115/08/26","115","1","7723","築間","484433.00","3407824.00","3892257.00","1093134.00","2032367.00","3125501.00","496195.00","--","610110.00","-305606.00","-2639.00","-34964.00","763096.00","--","--","3660.00","766756.00","0.00","0.00","1026000.00","15.70"
"115/08/26","115","1","7728","光焱科技","855680.00","69788.00","925468.00","209340.00","10440.00","219780.00","138541.00","--","500670.00","66266.00","211.00","--","705688.00","--","--","--","705688.00","--","0.00","0.00","50.94"
"115/08/26","115","1","7734","印能科技","7192296.00","1001621.00","8193917.00","915113.00","399868.00","1314981.00","280000.00","--","3850876.00","2998576.00","1336.00","-281845.00","6848943.00","--","--","29993.00","6878936.00","--","0.00","250000.00","246.81"
"115/08/26","115","1","7738","東聯互動","2140980.00","122917.00","2263897.00","446348.00","4882.00","451230.00","273558.00","--","1208505.00","309621.00","20983.00","--","1812667.00","--","--","--","1812667.00","--","0.00","0.00","66.26"
"115/08/26","115","1","7743","金利食安","630579.00","483690.00","1114269.00","206218.00","180551.00","386769.00","364833.00","--","198249.00","62565.00","2194.00","--","627841.00","--","--","99659.00","727500.00","--","0.00","0.00","17.21"
"115/08/26","115","1","7744","崴寶","2414992.00","1275738.00","3690730.00","981077.00","66686.00","1047763.00","320000.00","--","1264483.00","1072065.00","-13581.00","--","2642967.00","--","--","--","2642967.00","--","0.00","0.00","82.59"
"115/08/26","115","1","7747","昕奇雲端","1294024.00","105502.00","1399526.00","431613.00","9448.00","441061.00","274260.00","--","539321.00","104398.00","2918.00","--","920897.00","0.00","--","37568.00","958465.00","0.00","0.00","0.00","33.58"
"115/08/26","115","1","7751","竑騰","4045746.00","272607.00","4318353.00","2070659.00","67365.00","2138024.00","268886.00","--","758421.00","1143438.00","3895.00","--","2174640.00","--","--","5689.00","2180329.00","--","0.00","0.00","80.88"
"115/08/26","115","1","7753","星亞","686582.00","251226.00","937808.00","319665.00","40136.00","359801.00","250000.00","--","141352.00","186655.00","--","--","--","--","--","--","578007.00","--","0.00","0.00","23.12"
"115/08/26","115","1","7757","金色三麥","797924.00","1203568.00","2001492.00","621776.00","401592.00","1023368.00","241000.00","--","538951.00","178377.00","0.00","--","958328.00","--","--","19796.00","978124.00","0.00","0.00","0.00","39.76"
"115/08/26","115","1","7767","仁大資訊","1566041.00","911739.00","2477780.00","1345150.00","278320.00","1623470.00","301000.00","--","169512.00","385781.00","-1983.00","--","854310.00","--","--","0.00","854310.00","--","0.00","0.00","28.38"
"115/08/26","115","1","7770","君曜","645675.00","90200.00","735875.00","78493.00","35397.00","113890.00","300621.00","--","152752.00","168567.00","45.00","--","621985.00","--","--","--","621985.00","0.00","0.00","0.00","20.69"
"115/08/26","115","1","7772","耀穎","423907.00","682629.00","1106536.00","196385.00","235805.00","432190.00","240786.00","--","271488.00","162072.00","--","--","--","--","--","--","674346.00","0.00","0.00","0.00","28.01"
"115/08/26","115","1","7777","能率亞洲","540343.00","1526364.00","2066707.00","11833.00","0.00","11833.00","1825000.00","--","179036.00","84496.00","-33658.00","--","--","--","--","--","2054874.00","0.00","0.00","0.00","11.26"
"115/08/26","115","1","7782","光速火箭","467019.00","407901.00","874920.00","211125.00","207495.00","418620.00","232130.00","--","174332.00","47017.00","--","-5530.00","447949.00","--","--","8351.00","456300.00","0.00","0.00","130000.00","19.41"
"115/08/26","115","1","7792","安葆","4999594.00","726257.00","5725851.00","2442617.00","203931.00","2646548.00","466620.00","--","1518144.00","1093960.00","579.00","--","3079303.00","--","--","--","3079303.00","0.00","0.00","0.00","65.99"
"115/08/26","115","1","7794","宏�硒撥s","701500.00","433731.00","1135231.00","470473.00","324861.00","795334.00","250000.00","--","46487.00","54373.00","-10963.00","--","339897.00","--","--","--","339897.00","0.00","0.00","0.00","13.60"
"115/08/26","115","1","7805","威聯通","6152778.00","4384711.00","10537489.00","3255818.00","241569.00","3497387.00","331251.00","--","2372645.00","4331944.00","4262.00","--","7040102.00","--","--","--","7040102.00","0.00","0.00","0.00","212.53"
"115/08/26","115","1","7810","捷創科技","1002146.00","173888.00","1176034.00","176480.00","15598.00","192078.00","202500.00","--","556002.00","225212.00","242.00","--","--","--","--","--","983956.00","--","0.00","0.00","48.59"
"115/08/26","115","1","7811","民盛","1920632.00","1131097.00","3051729.00","807022.00","92304.00","899326.00","333770.00","--","1237524.00","484791.00","96318.00","--","2152403.00","--","--","0.00","2152403.00","--","0.00","0.00","64.49"
"115/08/26","115","1","7814","海昌生技","243021.00","67924.00","310945.00","19142.00","40.00","19182.00","400000.00","--","0.00","-108237.00","--","--","291763.00","--","--","--","291763.00","0.00","0.00","0.00","7.29"
"115/08/26","115","1","7819","精誠金融","514635.00","141491.00","656126.00","162265.00","24788.00","187053.00","219635.00","--","80298.00","169140.00","--","--","--","--","--","--","469073.00","--","0.00","0.00","21.36"
"115/08/26","115","1","7820","立盈","584022.00","805602.00","1389624.00","149024.00","493009.00","642033.00","343481.00","--","288387.00","115723.00","--","--","--","--","--","--","747591.00","0.00","0.00","0.00","21.77"
"115/08/26","115","1","7828","創新服務","1285957.00","488456.00","1774413.00","521938.00","193889.00","715827.00","366859.00","--","514058.00","177014.00","655.00","--","1058586.00","--","--","--","1058586.00","0.00","0.00","0.00","28.86"
"115/08/26","115","1","7839","達人網","206974.00","17239.00","224213.00","39792.00","2338.00","42130.00","133160.00","--","--","49048.00","-125.00","--","182083.00","--","--","--","182083.00","0.00","0.00","0.00","13.67"
"115/08/26","115","1","7842","天能綠電","852300.00","121325.00","973625.00","508248.00","48681.00","556929.00","149880.00","--","225840.00","40976.00","--","--","--","--","--","--","416696.00","0.00","0.00","0.00","27.80"
"115/08/26","115","1","8024","佑華","298761.00","142133.00","440894.00","27024.00","12752.00","39776.00","451601.00","--","46431.00","-94780.00","-2134.00","--","401118.00","--","--","0.00","401118.00","--","0.00","0.00","8.88"
"115/08/26","115","1","8027","鈦昇","2391873.00","1930264.00","4322137.00","701276.00","873292.00","1574568.00","1097505.00","--","1878349.00","-25550.00","-19220.00","-197697.00","2733387.00","0.00","--","14182.00","2747569.00","--","9000.00","2823000.00","26.07"
"115/08/26","115","1","8032","光菱","2669243.00","1064470.00","3733713.00","1437155.00","159553.00","1596708.00","518103.00","--","51534.00","1284565.00","280243.00","--","2134445.00","--","--","2560.00","2137005.00","--","0.00","0.00","41.20"
"115/08/26","115","1","8034","榮群","785282.00","40814.00","826096.00","88025.00","15842.00","103867.00","565863.00","--","12883.00","158107.00","-9570.00","-5054.00","722229.00","--","--","--","722229.00","0.00","0.00","354057.00","12.84"
"115/08/26","115","1","8038","長園科","752754.00","595705.00","1348459.00","583188.00","218938.00","802126.00","622782.00","--","123704.00","-269511.00","-20.00","0.00","476955.00","--","--","69378.00","546333.00","0.00","0.00","0.00","7.66"
"115/08/26","115","1","8040","九暘","2268392.00","301207.00","2569599.00","110829.00","2293.00","113122.00","964139.00","--","1538222.00","-45884.00","0.00","--","--","--","--","--","2456477.00","--","0.00","0.00","25.48"
"115/08/26","115","1","8042","金山電","5578940.00","4033010.00","9611950.00","3469025.00","1832730.00","5301755.00","1294625.00","--","1146565.00","1719161.00","58942.00","--","4219293.00","--","--","90902.00","4310195.00","0.00","0.00","0.00","32.59"
"115/08/26","115","1","8043","蜜望實","6431504.00","447041.00","6878545.00","3962807.00","109028.00","4071835.00","799072.00","--","316897.00","1711822.00","-21081.00","--","2806710.00","--","--","--","2806710.00","0.00","0.00","0.00","35.12"
"115/08/26","115","1","8044","網家","16850717.00","16277296.00","33128013.00","16814971.00","7452207.00","24267178.00","2056470.00","--","7000382.00","-1568735.00","-607963.00","-210502.00","6669652.00","--","--","2191183.00","8860835.00","0.00","0.00","2779000.00","32.88"
"115/08/26","115","1","8047","星雲","303694.00","161960.00","465654.00","78077.00","434.00","78511.00","416663.00","--","8839.00","-34042.00","-4317.00","--","387143.00","--","--","--","387143.00","0.00","0.00","0.00","9.29"
"115/08/26","115","1","8048","德勝","1246421.00","287897.00","1534318.00","330006.00","3228.00","333234.00","577058.00","--","42532.00","612542.00","-31048.00","0.00","1201084.00","--","--","--","1201084.00","--","0.00","0.00","20.81"
"115/08/26","115","1","8049","晶采","1372974.00","1268110.00","2641084.00","269778.00","66113.00","335891.00","1182798.00","--","31471.00","833474.00","257450.00","0.00","2305193.00","--","--","0.00","2305193.00","0.00","0.00","0.00","19.49"
"115/08/26","115","1","8050","廣積","5044359.00","7452579.00","12496938.00","2970292.00","1894138.00","4864430.00","2052049.00","--","2562195.00","2209458.00","327008.00","-243522.00","6907188.00","--","--","725320.00","7632508.00","--","0.00","6000000.00","34.67"
"115/08/26","115","1","8054","安國","4360302.00","3658794.00","8019096.00","3245889.00","366275.00","3612164.00","1057726.00","--","1974089.00","-332047.00","-104659.00","--","2595109.00","--","--","1811823.00","4406932.00","--","0.00","0.00","24.53"
"115/08/26","115","1","8059","凱碩","5625260.00","1423192.00","7048452.00","5549967.00","101308.00","5651275.00","1940455.00","--","154920.00","-932118.00","-25817.00","--","1137440.00","--","--","259737.00","1397177.00","--","10000.00","0.00","5.86"
"115/08/26","115","1","8064","東捷","5157218.00","1451294.00","6608512.00","1580402.00","446519.00","2026921.00","1848178.00","--","1284780.00","1081244.00","114434.00","--","4328636.00","--","--","252955.00","4581591.00","--","0.00","0.00","23.42"
"115/08/26","115","1","8066","來思達","866880.00","430970.00","1297850.00","515381.00","138035.00","653416.00","366423.00","--","94877.00","83739.00","14530.00","0.00","559569.00","--","--","84865.00","644434.00","--","0.00","0.00","15.27"
"115/08/26","115","1","8067","志旭","221464.00","136599.00","358063.00","187686.00","40650.00","228336.00","207000.00","--","10899.00","-89559.00","1387.00","--","129727.00","--","--","--","129727.00","--","0.00","0.00","6.27"
"115/08/26","115","1","8068","全達","1012250.00","1001973.00","2014223.00","784218.00","98958.00","883176.00","807659.00","--","4212.00","226277.00","16011.00","--","1054159.00","--","--","76888.00","1131047.00","--","0.00","0.00","13.05"
"115/08/26","115","1","8069","元太","35562862.00","74134845.00","109697707.00","26620658.00","17413715.00","44034373.00","11652632.00","--","11863364.00","25643055.00","15268316.00","--","64427367.00","--","--","1235967.00","65663334.00","--","1990196.00","0.00","55.81"
"115/08/26","115","1","8071","能率網通","1563551.00","1238268.00","2801819.00","1215102.00","561075.00","1776177.00","600843.00","--","282085.00","-106717.00","-25615.00","--","750596.00","0.00","--","275046.00","1025642.00","--","0.00","0.00","12.49"
"115/08/26","115","1","8074","鉅橡","1600757.00","1825667.00","3426424.00","999562.00","814939.00","1814501.00","809745.00","--","323615.00","451913.00","-32330.00","0.00","1552943.00","--","--","58980.00","1611923.00","--","0.00","0.00","19.18"
"115/08/26","115","1","8076","伍豐","2527747.00","3850726.00","6378473.00","2421385.00","150356.00","2571741.00","2922136.00","--","578024.00","1147579.00","-903974.00","0.00","3743765.00","--","--","62967.00","3806732.00","--","0.00","0.00","12.81"
"115/08/26","115","1","8077","洛��","501951.00","2121980.00","2623931.00","729228.00","1352088.00","2081316.00","219457.00","--","45507.00","277651.00","--","--","--","--","--","--","542615.00","--","0.00","0.00","24.73"
"115/08/26","115","1","8080","泰霖","910194.00","109933.00","1020127.00","449569.00","13685.00","463254.00","671639.00","--","41200.00","-123748.00","-32218.00","--","556873.00","--","--","--","556873.00","--","0.00","0.00","8.29"
"115/08/26","115","1","8083","瑞穎","948948.00","721278.00","1670226.00","346598.00","1168.00","347766.00","351332.00","--","215705.00","755423.00","0.00","--","--","--","--","--","1322460.00","0.00","0.00","0.00","37.64"
"115/08/26","115","1","8084","巨虹","1267440.00","924364.00","2191804.00","251090.00","425176.00","676266.00","695142.00","--","20460.00","-180318.00","504.00","--","535788.00","--","--","979750.00","1515538.00","0.00","0.00","0.00","7.71"
"115/08/26","115","1","8085","福華","1371243.00","1307266.00","2678509.00","249940.00","1171110.00","1421050.00","1399830.00","0.00","48716.00","-176090.00","-14997.00","0.00","1257459.00","0.00","--","0.00","1257459.00","--","0.00","0.00","8.98"
"115/08/26","115","1","8086","宏捷科","5960568.00","4889019.00","10849587.00","2018410.00","631648.00","2650058.00","1965161.00","--","4140631.00","2093737.00","--","--","--","--","--","--","8199529.00","0.00","0.00","0.00","41.72"
"115/08/26","115","1","8087","麗升能源","1645961.00","550344.00","2196305.00","784851.00","628122.00","1412973.00","386691.00","--","334135.00","88332.00","2855.00","-28681.00","783332.00","--","--","0.00","783332.00","0.00","0.00","800000.00","20.69"
"115/08/26","115","1","8088","品安","1141364.00","428417.00","1569781.00","387303.00","1324.00","388627.00","609217.00","--","177777.00","394800.00","-640.00","0.00","--","--","--","--","1181154.00","--","0.00","0.00","19.39"
"115/08/26","115","1","8089","康全電訊","1122377.00","373439.00","1495816.00","272554.00","190478.00","463032.00","659987.00","--","251154.00","73776.00","47867.00","--","1032784.00","--","--","--","1032784.00","--","0.00","0.00","15.65"
"115/08/26","115","1","8091","翔名","3013229.00","2405375.00","5418604.00","1554846.00","124843.00","1679689.00","534386.00","--","1952094.00","1195134.00","15810.00","0.00","3697424.00","--","--","41491.00","3738915.00","--","7000.00","0.00","69.25"
"115/08/26","115","1","8092","建暐","451458.00","408304.00","859762.00","272989.00","47470.00","320459.00","571723.00","--","159862.00","-191167.00","-1165.00","--","539253.00","--","--","50.00","539303.00","0.00","0.00","0.00","9.43"
"115/08/26","115","1","8093","保銳","189699.00","214776.00","404475.00","150266.00","2909.00","153175.00","365676.00","--","48480.00","-149128.00","-14776.00","--","250252.00","--","--","1048.00","251300.00","0.00","0.00","0.00","6.84"
"115/08/26","115","1","8096","擎亞","13819370.00","637318.00","14456688.00","11527337.00","32033.00","11559370.00","1493431.00","--","804947.00","549293.00","49647.00","--","2897318.00","--","--","--","2897318.00","0.00","0.00","0.00","19.40"
"115/08/26","115","1","8097","常珵","764529.00","728804.00","1493333.00","315913.00","80250.00","396163.00","638025.00","--","594915.00","405.00","16565.00","-152740.00","1097170.00","--","--","--","1097170.00","--","0.00","2382000.00","17.86"
"115/08/26","115","1","8099","大世科","3287545.00","397995.00","3685540.00","1751808.00","169308.00","1921116.00","1000728.00","--","80788.00","686981.00","-4073.00","--","1764424.00","--","--","--","1764424.00","--","0.00","0.00","17.63"
"115/08/26","115","1","8102","傑霖科技","371675.00","143895.00","515570.00","85563.00","24838.00","110401.00","233584.00","--","107087.00","65010.00","-512.00","--","405169.00","--","--","--","405169.00","0.00","0.00","0.00","17.35"
"115/08/26","115","1","8107","大億金茂","793694.00","2119494.00","2913188.00","471786.00","926686.00","1398472.00","750000.00","--","70161.00","606086.00","88469.00","--","1514716.00","--","--","0.00","1514716.00","0.00","0.00","0.00","20.20"
"115/08/26","115","1","8109","博大","2672906.00","1480684.00","4153590.00","973350.00","324205.00","1297555.00","821612.00","--","334259.00","1851946.00","-106340.00","-45442.00","2856035.00","--","--","0.00","2856035.00","0.00","0.00","444000.00","34.95"
"115/08/26","115","1","8111","立��","1439866.00","706320.00","2146186.00","810298.00","20549.00","830847.00","1091022.00","--","6534.00","218648.00","-3658.00","0.00","1312546.00","0.00","--","2793.00","1315339.00","0.00","0.00","0.00","12.03"
"115/08/26","115","1","8121","越峰","2548807.00","3083328.00","5632135.00","779204.00","2088131.00","2867335.00","2129937.00","--","54.00","-64618.00","-28000.00","--","2037373.00","--","--","727427.00","2764800.00","--","0.00","0.00","9.57"
"115/08/26","115","1","8147","正淩","1302303.00","1205062.00","2507365.00","664021.00","288694.00","952715.00","416347.00","--","820308.00","314421.00","-5605.00","0.00","1545471.00","0.00","--","9179.00","1554650.00","0.00","266000.00","0.00","37.12"
"115/08/26","115","1","8155","博智","4650105.00","1709106.00","6359211.00","2035908.00","399893.00","2435801.00","606934.00","--","1529653.00","1628203.00","6141.00","0.00","3770931.00","--","--","152479.00","3923410.00","0.00","0.00","0.00","62.13"
"115/08/26","115","1","8171","天宇","1509776.00","1908889.00","3418665.00","450562.00","651973.00","1102535.00","1128533.00","--","1461058.00","-638480.00","-1502.00","-45833.00","1903776.00","--","--","412354.00","2316130.00","0.00","0.00","1114000.00","17.04"
"115/08/26","115","1","8176","智捷","568072.00","183212.00","751284.00","135633.00","26665.00","162298.00","717010.00","--","422.00","-105946.00","-11028.00","-25992.00","574466.00","--","--","14520.00","588986.00","--","0.00","2466410.00","8.30"
"115/08/26","115","1","8182","加高","3191961.00","2607055.00","5799016.00","1322753.00","855888.00","2178641.00","1070412.00","--","749262.00","1730609.00","60792.00","--","3611075.00","--","--","9300.00","3620375.00","0.00","0.00","0.00","33.74"
"115/08/26","115","1","8183","精星","6912454.00","1875013.00","8787467.00","4838947.00","134762.00","4973709.00","1212511.00","--","231854.00","2321559.00","81939.00","-34105.00","3813758.00","--","--","--","3813758.00","--","0.00","500000.00","31.58"
"115/08/26","115","1","8227","巨有科技","1860655.00","202388.00","2063043.00","885249.00","13345.00","898594.00","395430.00","--","575066.00","193684.00","269.00","--","1164449.00","--","--","--","1164449.00","--","0.00","0.00","29.45"
"115/08/26","115","1","8234","新漢","3947327.00","2538527.00","6485854.00","2946793.00","426532.00","3373325.00","1412265.00","--","386828.00","1274869.00","-31402.00","--","3042560.00","--","--","69969.00","3112529.00","0.00","0.00","0.00","21.54"
"115/08/26","115","1","8240","華宏","5091619.00","2687879.00","7779498.00","2393853.00","672768.00","3066621.00","1000044.00","--","1994505.00","1716094.00","-109734.00","0.00","4600909.00","--","--","111968.00","4712877.00","--","0.00","0.00","46.01"
"115/08/26","115","1","8255","朋程","5133692.00","10892455.00","16026147.00","4525946.00","1644770.00","6170716.00","1017975.00","--","3430443.00","2983740.00","371053.00","--","7803211.00","--","--","2052220.00","9855431.00","--","0.00","0.00","76.65"
"115/08/26","115","1","8272","全景軟體","801731.00","12805.00","814536.00","188944.00","2270.00","191214.00","189978.00","--","149476.00","283868.00","--","--","--","--","--","--","623322.00","--","0.00","0.00","32.81"
"115/08/26","115","1","8277","商丞","159204.00","306303.00","465507.00","20783.00","1669.00","22452.00","916288.00","--","60698.00","-524155.00","-9776.00","0.00","443055.00","0.00","--","0.00","443055.00","0.00","0.00","0.00","4.84"
"115/08/26","115","1","8279","生展","1175191.00","1886928.00","3062119.00","637663.00","153105.00","790768.00","271009.00","--","618356.00","1378170.00","3816.00","--","2271351.00","--","--","--","2271351.00","0.00","0.00","0.00","83.81"
"115/08/26","115","1","8284","三竹","1565088.00","520512.00","2085600.00","646735.00","6385.00","653120.00","473420.00","--","296410.00","713132.00","-50482.00","--","1432480.00","--","--","--","1432480.00","0.00","0.00","0.00","30.26"
"115/08/26","115","1","8289","泰藝","1597660.00","914718.00","2512378.00","570305.00","337575.00","907880.00","683338.00","--","387846.00","565096.00","-31782.00","0.00","1604498.00","--","--","0.00","1604498.00","0.00","0.00","0.00","23.48"
"115/08/26","115","1","8291","尚茂","200650.00","215753.00","416403.00","324183.00","26869.00","351052.00","174784.00","--","118.00","-109551.00","0.00","--","--","--","--","--","65351.00","--","0.00","0.00","3.74"
"115/08/26","115","1","8299","群聯","120178393.00","20887905.00","141066298.00","61319256.00","5616965.00","66936221.00","2210857.00","--","21467324.00","50577857.00","-137783.00","--","74118255.00","--","--","11822.00","74130077.00","0.00","3251374.00","0.00","335.25"
"115/08/26","115","1","8342","益張","994322.00","763018.00","1757340.00","459721.00","158691.00","618412.00","335367.00","--","43601.00","748926.00","-22477.00","--","1105417.00","--","--","33511.00","1138928.00","--","0.00","0.00","32.96"
"115/08/26","115","1","8349","�矬ㄟ篕�","10552039.00","13951694.00","24503733.00","9140859.00","6788568.00","15929427.00","2188214.00","--","3657733.00","1789479.00","-108889.00","-58242.00","7468295.00","--","--","1106011.00","8574306.00","--","0.00","1377000.00","34.35"
"115/08/26","115","1","8354","冠好","2262394.00","1950062.00","4212456.00","1907353.00","195486.00","2102839.00","785323.00","--","58939.00","1229525.00","35830.00","--","2109617.00","--","--","--","2109617.00","0.00","0.00","0.00","26.86"
"115/08/26","115","1","8358","金居","5119705.00","5545243.00","10664948.00","2500650.00","15595.00","2516245.00","2525880.00","--","1571196.00","3654383.00","402556.00","-5312.00","8148703.00","--","--","--","8148703.00","--","0.00","97000.00","32.27"
"115/08/26","115","1","8383","千附","3312173.00","3598526.00","6910699.00","1636862.00","611844.00","2248706.00","1137605.00","--","1233393.00","1539849.00","29183.00","-31717.00","3908313.00","--","--","753680.00","4661993.00","--","0.00","951759.00","34.65"
"115/08/26","115","1","8390","金益鼎","3421319.00","1406384.00","4827703.00","1080592.00","53708.00","1134300.00","961161.00","--","782341.00","1777119.00","30190.00","--","3550811.00","--","--","142592.00","3693403.00","0.00","0.00","0.00","36.94"
"115/08/26","115","1","8401","白紗科","884376.00","1155247.00","2039623.00","364577.00","514199.00","878776.00","706690.00","--","158246.00","295911.00","--","0.00","--","--","--","--","1160847.00","0.00","0.00","0.00","16.43"
"115/08/26","115","1","8403","盛弘","3084406.00","3447357.00","6531763.00","1530303.00","1199250.00","2729553.00","1376404.00","--","1150776.00","1077735.00","-182690.00","--","3422225.00","--","--","379985.00","3802210.00","0.00","0.00","0.00","24.86"
"115/08/26","115","1","8409","商之器","176700.00","244181.00","420881.00","94947.00","7102.00","102049.00","320000.00","--","72427.00","-64973.00","-8622.00","--","318832.00","--","--","--","318832.00","--","0.00","0.00","9.96"
"115/08/26","115","1","8410","森田","1431876.00","833357.00","2265233.00","181232.00","197189.00","378421.00","365892.00","--","324441.00","1196479.00","0.00","0.00","--","--","--","--","1886812.00","0.00","0.00","0.00","51.57"
"115/08/26","115","1","8415","大國鋼","22811762.00","23944196.00","46755958.00","10176329.00","5535975.00","15712304.00","10315000.00","--","3858578.00","13325860.00","1045509.00","-301436.00","28243511.00","--","--","2800143.00","31043654.00","--","0.00","28505000.00","28.16"
"115/08/26","115","1","8416","實威","1083669.00","1036037.00","2119706.00","316139.00","35010.00","351149.00","282107.00","--","132625.00","1342302.00","11523.00","--","1768557.00","--","--","--","1768557.00","0.00","0.00","0.00","62.69"
"115/08/26","115","1","8421","旭源","889452.00","1017925.00","1907377.00","577617.00","550697.00","1128314.00","548171.00","--","89343.00","191790.00","-74958.00","-19455.00","734891.00","--","--","44172.00","779063.00","0.00","0.00","1270000.00","13.72"
"115/08/26","115","1","8423","保綠-KY","335124.00","598931.00","934055.00","78108.00","220740.00","298848.00","417140.00","--","137385.00","124431.00","-43749.00","--","635207.00","--","--","--","635207.00","--","0.00","0.00","15.23"
"115/08/26","115","1","8424","惠普","686457.00","744288.00","1430745.00","184702.00","23663.00","208365.00","360544.00","--","61697.00","800139.00","--","--","1222380.00","--","--","--","1222380.00","--","0.00","0.00","33.90"
"115/08/26","115","1","8426","紅木-KY","1282044.00","1120615.00","2402659.00","672451.00","463992.00","1136443.00","502425.00","--","293911.00","683033.00","-213153.00","--","1266216.00","--","--","--","1266216.00","--","0.00","0.00","25.20"
"115/08/26","115","1","8431","匯鑽科","1111257.00","1225943.00","2337200.00","532851.00","929552.00","1462403.00","487783.00","--","356173.00","-24763.00","-229.00","-83793.00","735171.00","--","--","139626.00","874797.00","--","0.00","1523000.00","15.56"
"115/08/26","115","1","8432","東生華","1439205.00","543752.00","1982957.00","223320.00","6071.00","229391.00","383981.00","--","459613.00","619917.00","11610.00","--","1475121.00","--","--","278445.00","1753566.00","--","0.00","0.00","38.42"
"115/08/26","115","1","8433","弘帆","2289459.00","2421733.00","4711192.00","2049895.00","377316.00","2427211.00","545062.00","--","320813.00","1356731.00","61375.00","--","2283981.00","--","--","0.00","2283981.00","--","0.00","0.00","41.90"
"115/08/26","115","1","8435","鉅邁","959706.00","357655.00","1317361.00","339506.00","43302.00","382808.00","352004.00","--","227996.00","298071.00","-11827.00","--","866244.00","--","--","68309.00","934553.00","0.00","0.00","0.00","24.61"
"115/08/26","115","1","8436","大江","7793032.00","6543024.00","14336056.00","4075642.00","773106.00","4848748.00","1177288.00","--","2465458.00","4907452.00","-12955.00","-443317.00","8093926.00","--","--","1393382.00","9487308.00","0.00","0.00","7546000.00","73.46"
"115/08/26","115","1","8437","大地-KY","1059970.00","1686710.00","2746680.00","341312.00","24295.00","365607.00","470141.00","--","800322.00","1402198.00","-291588.00","0.00","2381073.00","--","--","--","2381073.00","0.00","0.00","0.00","50.65"
"115/08/26","115","1","8440","綠電","336613.00","559848.00","896461.00","177394.00","65626.00","243020.00","502553.00","--","1496.00","149392.00","--","--","653441.00","--","--","--","653441.00","0.00","0.00","0.00","13.00"
"115/08/26","115","1","8444","綠河-KY","455411.00","6845313.00","7300724.00","7111515.00","186365.00","7297880.00","1111669.00","--","1716862.00","-3066216.00","276486.00","-33670.00","5131.00","--","--","-2287.00","2844.00","0.00","0.00","497000.00","0.05"
"115/08/26","115","1","8446","華研","1586834.00","1358906.00","2945740.00","953919.00","89646.00","1043565.00","529144.00","--","246100.00","1131222.00","-3585.00","--","1902881.00","--","--","-706.00","1902175.00","0.00","0.00","0.00","35.96"
"115/08/26","115","1","8450","霹靂","400121.00","595553.00","995674.00","262863.00","296654.00","559517.00","513099.00","--","653301.00","-543481.00","-190627.00","--","432292.00","--","--","3865.00","436157.00","--","0.00","0.00","8.43"
"115/08/26","115","1","8455","大拓-KY","814663.00","683938.00","1498601.00","761581.00","121231.00","882812.00","252191.00","--","24870.00","309955.00","-58089.00","--","528927.00","--","--","86862.00","615789.00","--","0.00","0.00","20.97"
"115/08/26","115","1","8472","納維康","366824.00","676561.00","1043385.00","543579.00","233691.00","777270.00","177358.00","--","116144.00","-27939.00","552.00","--","266115.00","--","--","--","266115.00","--","0.00","0.00","15.00"
"115/08/26","115","1","8477","創業家","345022.00","286798.00","631820.00","255730.00","18865.00","274595.00","641706.00","--","428.00","-300356.00","-191.00","--","341587.00","--","--","15638.00","357225.00","--","0.00","0.00","5.32"
"115/08/26","115","1","8489","三貝德","1489081.00","2164283.00","3653364.00","1129876.00","1142146.00","2272022.00","599491.00","--","616343.00","-294574.00","44.00","0.00","921304.00","--","--","460038.00","1381342.00","--","0.00","0.00","15.37"
"115/08/26","115","1","8905","裕國","1581603.00","1918030.00","3499633.00","511739.00","224395.00","736134.00","1194400.00","--","203918.00","1344116.00","57467.00","-36820.00","2763081.00","--","--","418.00","2763499.00","--","0.00","4123000.00","23.96"
"115/08/26","115","1","8906","花王","218906.00","2944368.00","3163274.00","323764.00","2377962.00","2701726.00","440374.00","--","56698.00","-44477.00","62792.00","-53839.00","--","--","--","--","461548.00","0.00","0.00","1877203.00","10.95"
"115/08/26","115","1","8908","欣雄","5309989.00","6818955.00","12128944.00","4216430.00","3660883.00","7877313.00","3153327.00","--","3038.00","1018249.00","17878.00","-40094.00","4152398.00","--","--","99233.00","4251631.00","--","0.00","940000.00","13.21"
"115/08/26","115","1","8916","光隆","4276762.00","5658962.00","9935724.00","4035009.00","923718.00","4958727.00","1506311.00","--","2162210.00","1565056.00","-241967.00","-35403.00","4956207.00","--","--","20790.00","4976997.00","--","18500.00","747000.00","33.08"
"115/08/26","115","1","8917","欣泰","2828385.00","3275748.00","6104133.00","1639482.00","1637922.00","3277404.00","1626524.00","--","--","1185814.00","14391.00","--","--","--","--","--","2826729.00","--","0.00","0.00","17.38"
"115/08/26","115","1","8921","沈氏","355059.00","1522071.00","1877130.00","258689.00","456759.00","715448.00","465922.00","--","252343.00","91938.00","236577.00","--","1046780.00","--","--","114902.00","1161682.00","0.00","0.00","0.00","22.47"
"115/08/26","115","1","8923","時報","574328.00","312526.00","886854.00","370910.00","51688.00","422598.00","303758.00","--","12800.00","156495.00","-8797.00","--","464256.00","--","--","--","464256.00","0.00","0.00","0.00","15.28"
"115/08/26","115","1","8924","大田","4038321.00","1765084.00","5803405.00","1810022.00","41021.00","1851043.00","838000.00","--","101239.00","2742808.00","270315.00","--","3952362.00","--","--","--","3952362.00","--","0.00","0.00","47.16"
"115/08/26","115","1","8927","北基","7131614.00","26786821.00","33918435.00","13771329.00","11518808.00","25290137.00","4235423.00","--","1142352.00","325163.00","-54761.00","-27811.00","5620366.00","--","--","3007932.00","8628298.00","0.00","0.00","1174000.00","13.31"
"115/08/26","115","1","8928","鉅明","1345585.00","1706648.00","3052233.00","1302060.00","667228.00","1969288.00","508540.00","--","164.00","596461.00","-22220.00","0.00","1082945.00","0.00","--","0.00","1082945.00","0.00","0.00","0.00","21.30"
"115/08/26","115","1","8929","富堡","942686.00","421334.00","1364020.00","411172.00","123016.00","534188.00","505809.00","--","216198.00","37917.00","56309.00","--","816233.00","--","--","13599.00","829832.00","0.00","0.00","0.00","16.14"
"115/08/26","115","1","8930","青鋼","1047766.00","1023096.00","2070862.00","373388.00","363366.00","736754.00","818094.00","--","132386.00","431562.00","0.00","-47934.00","--","--","--","--","1334108.00","--","0.00","1522000.00","16.62"
"115/08/26","115","1","8931","大汽電","637028.00","4419889.00","5056917.00","814684.00","2141969.00","2956653.00","1222549.00","--","0.00","963887.00","-86172.00","--","--","--","--","--","2100264.00","--","0.00","0.00","17.18"
"115/08/26","115","1","8932","智通*","2491496.00","1233859.00","3725355.00","772131.00","391234.00","1163365.00","894908.00","--","681851.00","1109715.00","82289.00","-248408.00","2520355.00","--","--","41635.00","2561990.00","--","0.00","3832000.00","7.12"
"115/08/26","115","1","8933","愛地雅","2614649.00","1267323.00","3881972.00","1734998.00","533600.00","2268598.00","3267243.00","--","102317.00","-1742367.00","-13819.00","--","1613374.00","--","--","--","1613374.00","--","0.00","0.00","4.94"
"115/08/26","115","1","8935","邦泰","596505.00","874187.00","1470692.00","335595.00","264545.00","600140.00","1134950.00","--","0.00","-229680.00","-34718.00","--","870552.00","--","--","--","870552.00","--","0.00","0.00","7.67"
"115/08/26","115","1","8936","國統","6496729.00","7699508.00","14196237.00","2782784.00","2626012.00","5408796.00","2480782.00","--","1470181.00","3099792.00","-86018.00","--","6964737.00","--","--","1822704.00","8787441.00","--","0.00","0.00","28.07"
"115/08/26","115","1","8937","合騏*","780116.00","4491398.00","5271514.00","2586547.00","149557.00","2736104.00","1079201.00","--","1703320.00","-55428.00","-26085.00","-259693.00","2441315.00","--","--","94095.00","2535410.00","--","0.00","1735000.00","5.68"
"115/08/26","115","1","8938","明安","7899333.00","6064145.00","13963478.00","4154070.00","2147348.00","6301418.00","1569865.00","--","2201860.00","4069920.00","21335.00","-200920.00","7662060.00","--","--","--","7662060.00","0.00","0.00","2629000.00","49.64"
"115/08/26","115","1","8941","關中","1132082.00","808542.00","1940624.00","783434.00","123624.00","907058.00","349721.00","--","58692.00","283457.00","277652.00","--","969522.00","--","--","64044.00","1033566.00","--","0.00","0.00","27.72"
"115/08/26","115","1","8942","森鉅","3761356.00","11083906.00","14845262.00","2999165.00","1192119.00","4191284.00","1988423.00","--","2424508.00","5183717.00","39118.00","--","9635766.00","--","--","1018212.00","10653978.00","--","0.00","0.00","48.46"
"115/08/26","115","1","9949","琉園","551283.00","119429.00","670712.00","145440.00","19995.00","165435.00","448608.00","--","16465.00","39075.00","1129.00","--","505277.00","--","--","0.00","505277.00","--","0.00","0.00","11.47"
"115/08/26","115","1","9950","萬國通","1399167.00","2718825.00","4117992.00","1021115.00","1632601.00","2653716.00","1677160.00","--","29442.00","-244391.00","2065.00","--","1464276.00","--","--","0.00","1464276.00","--","0.00","0.00","8.73"
"115/08/26","115","1","9951","皇田","4394244.00","1734292.00","6128536.00","2220572.00","163057.00","2383629.00","733000.00","--","0.00","2967286.00","73132.00","-28511.00","3744907.00","--","--","--","3744907.00","0.00","0.00","540000.00","51.47"
"115/08/26","115","1","9960","邁達康","688564.00","400714.00","1089278.00","263575.00","150913.00","414488.00","335925.00","--","35138.00","278812.00","24915.00","--","674790.00","--","--","--","674790.00","--","0.00","0.00","20.09"
"115/08/26","115","1","9962","有益","1025601.00","417380.00","1442981.00","378892.00","6759.00","385651.00","902203.00","--","8385.00","156721.00","-9979.00","--","1057330.00","--","--","0.00","1057330.00","--","0.00","0.00","11.72"
