出表日期,年度,季別,公司代號,公司名稱,營業活動之淨現金流入（流出）,投資活動之淨現金流入（流出）,籌資活動之淨現金流入（流出）,匯率變動對現金及約當現金之影響,本期現金及約當現金增加（減少）數,期初現金及約當現金餘額,期末現金及約當現金餘額
"115/08/26","114","4","1240","茂生農經","219924.00","-26038.00","-108512.00","--","85374.00","70934.00","156308.00"
"115/08/26","114","4","1259","安心","785611.00","-627848.00","-564570.00","-622.00","-407429.00","750414.00","342985.00"
"115/08/26","114","4","1264","德麥","1037038.00","-518122.00","-574599.00","-3647.00","-59330.00","794621.00","735291.00"
"115/08/26","114","4","1268","漢來美食","1080143.00","-605835.00","-562582.00","--","-88274.00","1018259.00","929985.00"
"115/08/26","114","4","1294","漢田生技","160632.00","-107404.00","-186285.00","30.00","-133027.00","382423.00","249396.00"
"115/08/26","114","4","1295","生合","143348.00","-838869.00","492198.00","3872.00","-199451.00","469387.00","269936.00"
"115/08/26","114","4","1336","台翰","225962.00","-226941.00","84576.00","12603.00","96200.00","319733.00","415933.00"
"115/08/26","114","4","1565","精華","592160.00","-169300.00","-627618.00","-104.00","-204862.00","2376201.00","2171339.00"
"115/08/26","114","4","1569","濱川","-422617.00","-275848.00","690440.00","-7723.00","-15748.00","867338.00","851590.00"
"115/08/26","114","4","1570","力肯","12124.00","324201.00","-72701.00","134.00","263758.00","134410.00","398168.00"
"115/08/26","114","4","1580","新麥","718413.00","-175820.00","-598584.00","-18549.00","-74540.00","1223143.00","1148603.00"
"115/08/26","114","4","1584","精剛","1001146.00","-484094.00","-370985.00","--","146067.00","408080.00","554147.00"
"115/08/26","114","4","1586","和勤","252162.00","-53718.00","-186485.00","-2881.00","9078.00","449309.00","458387.00"
"115/08/26","114","4","1591","駿吉-KY","-120916.00","-9746.00","96661.00","2793.00","-31208.00","152845.00","121637.00"
"115/08/26","114","4","1593","祺驊","147924.00","-89051.00","-46614.00","-12473.00","-214.00","313124.00","312910.00"
"115/08/26","114","4","1595","川寶","-98583.00","67936.00","-394917.00","-106.00","-425670.00","1121857.00","696187.00"
"115/08/26","114","4","1599","宏佳騰","-30171.00","-117660.00","-24752.00","33157.00","-139426.00","601326.00","461900.00"
"115/08/26","114","4","1742","台蠟","463393.00","-4313.00","-308054.00","4912.00","155938.00","106772.00","262710.00"
"115/08/26","114","4","1777","生泰","559492.00","-58305.00","-109381.00","--","391806.00","656797.00","1048603.00"
"115/08/26","114","4","1780","立弘","217129.00","-89488.00","-319332.00","2441.00","-189250.00","978331.00","789081.00"
"115/08/26","114","4","1781","合世","3184.00","41959.00","-21911.00","-2607.00","20625.00","227022.00","247647.00"
"115/08/26","114","4","1784","訊聯","148040.00","35366.00","-169956.00","-195.00","13255.00","242792.00","256047.00"
"115/08/26","114","4","1785","光洋科","-451565.00","870382.00","674710.00","-200943.00","892584.00","1731756.00","2624340.00"
"115/08/26","114","4","1788","杏昌","389543.00","-93276.00","-244541.00","-2631.00","49095.00","414865.00","463960.00"
"115/08/26","114","4","1796","金穎生技","99312.00","-22585.00","81064.00","19.00","157810.00","122450.00","280260.00"
"115/08/26","114","4","1799","易威","124779.00","-25044.00","-142699.00","-1639.00","-44603.00","325665.00","281062.00"
"115/08/26","114","4","1813","寶利徠","46809.00","-10055.00","-18843.00","2639.00","20550.00","85482.00","106032.00"
"115/08/26","114","4","1815","富喬","694714.00","-2325518.00","2251038.00","-27869.00","592365.00","1318310.00","1910675.00"
"115/08/26","114","4","2035","唐榮公司","-981073.00","-227247.00","1316453.00","--","108133.00","114169.00","222302.00"
"115/08/26","114","4","2061","風青","-73423.00","22395.00","15912.00","3401.00","-31715.00","91154.00","59439.00"
"115/08/26","114","4","2063","世鎧精密","139584.00","-258604.00","-137083.00","-764.00","-256867.00","603009.00","346142.00"
"115/08/26","114","4","2064","晉椿","-21212.00","-35052.00","52905.00","-1101.00","-4460.00","368781.00","364321.00"
"115/08/26","114","4","2065","世豐","185528.00","-698680.00","362165.00","33794.00","-117193.00","387299.00","270106.00"
"115/08/26","114","4","2066","世德","144311.00","-18747.00","-164477.00","27680.00","-11233.00","897246.00","886013.00"
"115/08/26","114","4","2067","嘉鋼","-34456.00","-32935.00","54411.00","3838.00","-9142.00","89229.00","80087.00"
"115/08/26","114","4","2070","精湛","126004.00","-62826.00","33551.00","206.00","96935.00","186106.00","283041.00"
"115/08/26","114","4","2073","雄順","67672.00","-50582.00","-33273.00","--","-16183.00","49687.00","33504.00"
"115/08/26","114","4","2221","大甲","235176.00","-43152.00","-36581.00","620.00","156063.00","283329.00","439392.00"
"115/08/26","114","4","2230","泰茂","-350678.00","-107231.00","349071.00","-13036.00","-121874.00","523969.00","402095.00"
"115/08/26","114","4","2235","謚源","102524.00","7689.00","-120273.00","--","-10060.00","106807.00","96747.00"
"115/08/26","114","4","2596","綠意","174061.00","15000.00","-369300.00","--","-180239.00","342746.00","162507.00"
"115/08/26","114","4","2640","大車隊","695066.00","-15427.00","-166073.00","--","513566.00","883246.00","1396812.00"
"115/08/26","114","4","2641","正德","1349387.00","-3270510.00","2554871.00","11837.00","645585.00","475521.00","1121106.00"
"115/08/26","114","4","2643","捷迅","-33521.00","297160.00","-179832.00","-9637.00","74170.00","441961.00","516131.00"
"115/08/26","114","4","2718","全心投控","2130055.00","-2710774.00","-185066.00","--","-765785.00","3643342.00","2877557.00"
"115/08/26","114","4","2719","燦星旅","-10455.00","56255.00","-11083.00","--","34717.00","161509.00","196226.00"
"115/08/26","114","4","2724","藝舍-KY","-174771.00","-22177.00","-26631.00","0.00","-223579.00","324040.00","100461.00"
"115/08/26","114","4","2726","雅茗-KY","-74.00","-17559.00","18469.00","-2873.00","-2037.00","151261.00","149224.00"
"115/08/26","114","4","2729","瓦城","840679.00","-569559.00","-161937.00","-7587.00","101596.00","271994.00","373590.00"
"115/08/26","114","4","2732","六角","576931.00","-591447.00","467980.00","-18305.00","435159.00","1176629.00","1611788.00"
"115/08/26","114","4","2734","易飛網","93861.00","-37901.00","-164591.00","--","-108631.00","479985.00","371354.00"
"115/08/26","114","4","2736","富野","27015.00","-97489.00","151949.00","-68.00","81407.00","208546.00","289953.00"
"115/08/26","114","4","2740","華軒","38968.00","-7277.00","23007.00","--","54698.00","13202.00","67900.00"
"115/08/26","114","4","2743","山富","96846.00","-66705.00","16086.00","--","46227.00","1060311.00","1106538.00"
"115/08/26","114","4","2745","五福","469085.00","88169.00","74529.00","--","631783.00","699256.00","1331039.00"
"115/08/26","114","4","2751","王座","301842.00","-197179.00","-232896.00","-189.00","-128422.00","386713.00","258291.00"
"115/08/26","114","4","2752","豆府","745412.00","-47866.00","-578623.00","-214.00","118709.00","376144.00","494853.00"
"115/08/26","114","4","2754","亞洲藏壽司","888471.00","-252647.00","-410192.00","-1398.00","224234.00","396905.00","621139.00"
"115/08/26","114","4","2755","揚秦","387919.00","-111756.00","-162280.00","-1672.00","112211.00","632292.00","744503.00"
"115/08/26","114","4","2756","聯發國際","113548.00","103439.00","-72534.00","4693.00","149146.00","190608.00","339754.00"
"115/08/26","114","4","2916","滿心","273384.00","-134790.00","-207161.00","--","-68567.00","267667.00","199100.00"
"115/08/26","114","4","2924","宏太-KY","-163305.00","657.00","17480.00","-1017.00","-146185.00","397340.00","251155.00"
"115/08/26","114","4","2926","誠品生活","1651949.00","-333266.00","-1486587.00","-4835.00","-172739.00","1480077.00","1307338.00"
"115/08/26","114","4","2937","集雅社","-5939.00","-111758.00","37614.00","--","-80083.00","314384.00","234301.00"
"115/08/26","114","4","2941","米斯特","130162.00","-44340.00","-101128.00","--","-15306.00","132739.00","117433.00"
"115/08/26","114","4","2947","振宇五金","277768.00","-51025.00","-217975.00","--","8768.00","266661.00","275429.00"
"115/08/26","114","4","2948","寶陞","175780.00","2269.00","-164247.00","-47077.00","-33275.00","102431.00","69156.00"
"115/08/26","114","4","2949","欣新網","92868.00","60893.00","-101211.00","-777.00","51773.00","384357.00","436130.00"
"115/08/26","114","4","3064","泰偉","-29331.00","26105.00","-9375.00","-279.00","-12880.00","45395.00","32515.00"
"115/08/26","114","4","3066","李洲","-6620.00","-31701.00","-24569.00","-5318.00","-68208.00","109084.00","40876.00"
"115/08/26","114","4","3067","全域","-30790.00","-34466.00","27418.00","189.00","-37649.00","95586.00","57937.00"
"115/08/26","114","4","3071","協禧","303862.00","-38214.00","-251564.00","1970.00","16054.00","1550281.00","1566335.00"
"115/08/26","114","4","3073","天方能源","-85865.00","-475976.00","565308.00","-600.00","2867.00","102774.00","105641.00"
"115/08/26","114","4","3078","僑威","1882527.00","-915362.00","-909339.00","-104954.00","-47128.00","3450712.00","3403584.00"
"115/08/26","114","4","3081","聯亞","713897.00","-487201.00","-53069.00","590.00","174217.00","529126.00","703343.00"
"115/08/26","114","4","3083","網龍","50408.00","-105741.00","-16319.00","-8889.00","-80541.00","332426.00","251885.00"
"115/08/26","114","4","3085","新零售","-16007.00","-371095.00","-6758.00","0.00","-393860.00","415084.00","21224.00"
"115/08/26","114","4","3086","華義*","-18171.00","34077.00","-5420.00","-164.00","10322.00","142689.00","153011.00"
"115/08/26","114","4","3088","艾訊","496246.00","-110144.00","-515861.00","11472.00","-118287.00","1745946.00","1627659.00"
"115/08/26","114","4","3093","港建*","257857.00","-20361.00","-158117.00","-5293.00","74086.00","746093.00","820179.00"
"115/08/26","114","4","3095","及成","-46497.00","-29382.00","54584.00","13585.00","-7710.00","115179.00","107469.00"
"115/08/26","114","4","3105","穩懋","4952971.00","5112280.00","-8280005.00","-137642.00","1647604.00","5419305.00","7066909.00"
"115/08/26","114","4","3114","好德","-8926.00","98880.00","-56827.00","-23789.00","9338.00","900014.00","909352.00"
"115/08/26","114","4","3115","富榮綱","17989.00","-9825.00","378892.00","4316.00","391372.00","166727.00","558099.00"
"115/08/26","114","4","3118","進階","59608.00","-38934.00","-63118.00","--","-42444.00","252782.00","210338.00"
"115/08/26","114","4","3122","笙泉","-35574.00","-419.00","-1626.00","109.00","-37510.00","96326.00","58816.00"
"115/08/26","114","4","3128","昇銳","-1657.00","-258471.00","198390.00","1023.00","-60715.00","110142.00","49427.00"
"115/08/26","114","4","3131","弘塑","1820681.00","-2188959.00","-43655.00","172.00","-411761.00","2985012.00","2573251.00"
"115/08/26","114","4","3141","晶宏","232373.00","-679015.00","-121510.00","-2129.00","-570281.00","1331043.00","760762.00"
"115/08/26","114","4","3147","大綜","657171.00","48893.00","-627193.00","-9833.00","69038.00","95152.00","164190.00"
"115/08/26","114","4","3152","璟德","523518.00","-24834.00","-385801.00","--","112883.00","161084.00","273967.00"
"115/08/26","114","4","3158","嘉實","276084.00","-287032.00","168843.00","-545.00","157350.00","232611.00","389961.00"
"115/08/26","114","4","3162","精確","982602.00","-1229948.00","16539.00","84569.00","-146238.00","481446.00","335208.00"
"115/08/26","114","4","3163","波若威","149085.00","-191858.00","-273793.00","-9060.00","-325626.00","954759.00","629133.00"
"115/08/26","114","4","3169","亞信","294620.00","-39766.00","-190422.00","-7143.00","57289.00","1364814.00","1422103.00"
"115/08/26","114","4","3171","炎洲流通","137574.00","25829.00","-109385.00","20157.00","74175.00","241972.00","316147.00"
"115/08/26","114","4","3176","基亞","40545.00","-66627.00","-37804.00","-229.00","-64115.00","1387713.00","1323598.00"
"115/08/26","114","4","3178","公準","135072.00","-99761.00","-37645.00","91.00","-2243.00","231574.00","229331.00"
"115/08/26","114","4","3188","鑫龍騰","-618141.00","-622.00","1336087.00","--","717324.00","448215.00","1165539.00"
"115/08/26","114","4","3191","雲嘉南","-89015.00","39592.00","-13976.00","1120.00","-62279.00","105756.00","43477.00"
"115/08/26","114","4","3205","佰研","-36046.00","-558615.00","662888.00","-474.00","67753.00","83793.00","151546.00"
"115/08/26","114","4","3206","志豐","272713.00","-421671.00","-254968.00","8936.00","-394990.00","1137475.00","742485.00"
"115/08/26","114","4","3207","耀勝","-202840.00","935850.00","166131.00","-8931.00","890210.00","574953.00","1465163.00"
"115/08/26","114","4","3211","順達","1655170.00","2439314.00","-2884839.00","-310341.00","899304.00","2538544.00","3437848.00"
"115/08/26","114","4","3213","茂訊","645159.00","774306.00","-395535.00","1350.00","1025280.00","533521.00","1558801.00"
"115/08/26","114","4","3217","優群","1260914.00","-211907.00","-799995.00","-13455.00","235557.00","1692681.00","1928238.00"
"115/08/26","114","4","3218","大學光","1666439.00","-543591.00","-845225.00","-5238.00","272385.00","506854.00","779239.00"
"115/08/26","114","4","3219","倚強科","111337.00","-59728.00","-5721.00","-33656.00","12232.00","904949.00","917181.00"
"115/08/26","114","4","3221","台嘉碩","-1496.00","-97791.00","52003.00","330.00","-46954.00","672983.00","626029.00"
"115/08/26","114","4","3224","三顧","-204843.00","-417514.00","242630.00","-17986.00","-397713.00","1618500.00","1220787.00"
"115/08/26","114","4","3226","龍鋒","253694.00","-408920.00","27797.00","-22323.00","-149752.00","781991.00","632239.00"
"115/08/26","114","4","3227","原相","2842267.00","-84365.00","-1529974.00","-15017.00","1212911.00","4897832.00","6110743.00"
"115/08/26","114","4","3228","金麗科","5675.00","-101968.00","124377.00","--","28084.00","67699.00","95783.00"
"115/08/26","114","4","3230","錦明","18812.00","-149326.00","-29364.00","364.00","-159514.00","681401.00","521887.00"
"115/08/26","114","4","3232","昱捷","55510.00","14825.00","-87301.00","-987.00","-17953.00","270713.00","252760.00"
"115/08/26","114","4","3234","光環","-31332.00","-19753.00","-69307.00","2256.00","-118136.00","317418.00","199282.00"
"115/08/26","114","4","3236","千如","168228.00","-102082.00","-105473.00","-27478.00","-66805.00","745011.00","678206.00"
"115/08/26","114","4","3252","海灣","133222.00","-139930.00","-17348.00","--","-24056.00","105541.00","81485.00"
"115/08/26","114","4","3259","鑫創","-78366.00","-286048.00","18410.00","--","-346004.00","430667.00","84663.00"
"115/08/26","114","4","3260","威剛","2130438.00","-4405877.00","3977904.00","539194.00","2241659.00","3765884.00","6007543.00"
"115/08/26","114","4","3264","欣銓","5716339.00","-2855670.00","-2790595.00","-23637.00","46437.00","2161694.00","2208131.00"
"115/08/26","114","4","3265","台星科","1364911.00","-687083.00","510803.00","-28604.00","1160027.00","1140120.00","2300147.00"
"115/08/26","114","4","3268","海德威","-13044.00","36529.00","-85698.00","-105.00","-62318.00","142714.00","80396.00"
"115/08/26","114","4","3272","東碩","-37868.00","-393247.00","215659.00","-51223.00","-266679.00","739231.00","472552.00"
"115/08/26","114","4","3276","宇環","-53730.00","173373.00","-10599.00","--","109044.00","98999.00","208043.00"
"115/08/26","114","4","3284","太普高","-8649.00","-81977.00","-39804.00","224.00","-130206.00","708341.00","578135.00"
"115/08/26","114","4","3285","微端","43982.00","36359.00","-53595.00","-3898.00","22848.00","445312.00","468160.00"
"115/08/26","114","4","3287","廣寰科","58817.00","18112.00","-73966.00","-17425.00","-14462.00","180918.00","166456.00"
"115/08/26","114","4","3288","點晶","-2045.00","-6888.00","11984.00","-2767.00","284.00","4279.00","4563.00"
"115/08/26","114","4","3289","宜特","632583.00","-1235915.00","422070.00","-4110.00","-185372.00","924526.00","739154.00"
"115/08/26","114","4","3290","東浦","107751.00","-407699.00","235261.00","-48669.00","-113356.00","1249280.00","1135924.00"
"115/08/26","114","4","3293","鈊象","11676753.00","-5254340.00","-8164235.00","13809.00","-1728013.00","2842817.00","1114804.00"
"115/08/26","114","4","3294","英濟","74931.00","-434624.00","-122508.00","-7160.00","-489361.00","1487239.00","997878.00"
"115/08/26","114","4","3297","杭特","25114.00","116132.00","-115000.00","-739.00","25507.00","58462.00","83969.00"
"115/08/26","114","4","3303","岱稜","-25522.00","277554.00","-61839.00","21756.00","211949.00","751882.00","963831.00"
"115/08/26","114","4","3306","鼎天","-255334.00","33551.00","-116451.00","--","-338234.00","475529.00","137295.00"
"115/08/26","114","4","3310","佳穎","720827.00","-16245.00","-861902.00","-9337.00","-166657.00","625586.00","458929.00"
"115/08/26","114","4","3313","斐成","-118880.00","-333757.00","623688.00","-222.00","170829.00","327567.00","498396.00"
"115/08/26","114","4","3317","尼克森","353113.00","-21614.00","-55443.00","189.00","276245.00","1546015.00","1822260.00"
"115/08/26","114","4","3322","建舜電","139619.00","-195348.00","26788.00","-22989.00","-51930.00","276606.00","224676.00"
"115/08/26","114","4","3323","加百裕","81494.00","-209494.00","-192575.00","-15757.00","-336332.00","1556438.00","1220106.00"
"115/08/26","114","4","3324","雙鴻","-570908.00","-2694544.00","1950342.00","-54765.00","-1369875.00","2808811.00","1438936.00"
"115/08/26","114","4","3325","旭品","81570.00","-85105.00","15429.00","-9793.00","2101.00","306710.00","308811.00"
"115/08/26","114","4","3332","幸康","221753.00","-48834.00","-62218.00","-34731.00","75970.00","806715.00","882685.00"
"115/08/26","114","4","3339","泰谷","-51340.00","-186717.00","57302.00","--","-180755.00","394500.00","213745.00"
"115/08/26","114","4","3349","寶德","74848.00","-11844.00","75681.00","-335.00","138350.00","70046.00","208396.00"
"115/08/26","114","4","3354","律勝","-66602.00","64902.00","-99562.00","1781.00","-99481.00","198779.00","99298.00"
"115/08/26","114","4","3357","臺慶科","773762.00","-591061.00","330329.00","-36430.00","476600.00","1780997.00","2257597.00"
"115/08/26","114","4","3360","尚立","-246555.00","-87460.00","272013.00","-9938.00","-71940.00","475419.00","403479.00"
"115/08/26","114","4","3362","先進光","210960.00","-900578.00","690624.00","34187.00","35193.00","904151.00","939344.00"
"115/08/26","114","4","3363","上詮","-17452.00","-164827.00","121572.00","2938.00","-57769.00","1469741.00","1411972.00"
"115/08/26","114","4","3372","典範","-85290.00","59896.00","-2007.00","--","-27401.00","314125.00","286724.00"
"115/08/26","114","4","3373","熱映","2792.00","-11927.00","-45.00","-3995.00","-13175.00","147920.00","134745.00"
"115/08/26","114","4","3374","精材","1865575.00","-2829548.00","282361.00","--","-681612.00","5035697.00","4354085.00"
"115/08/26","114","4","3379","彬台","96882.00","-146536.00","-35346.00","8311.00","-76689.00","340322.00","263633.00"
"115/08/26","114","4","3388","崇越電","370163.00","19075.00","-347273.00","-90008.00","-48043.00","2917814.00","2869771.00"
"115/08/26","114","4","3390","旭軟","-48645.00","-291395.00","354136.00","6672.00","20768.00","417499.00","438267.00"
"115/08/26","114","4","3402","漢科","-242193.00","-246332.00","-330493.00","13538.00","-805480.00","3242199.00","2436719.00"
"115/08/26","114","4","3430","奇鈦科","129393.00","-88309.00","-119599.00","-2408.00","-80923.00","402396.00","321473.00"
"115/08/26","114","4","3434","哲固","4081.00","-63324.00","49592.00","45.00","-9606.00","99799.00","90193.00"
"115/08/26","114","4","3438","類比科","76383.00","98358.00","-71117.00","--","103624.00","547756.00","651380.00"
"115/08/26","114","4","3441","聯一光電","76971.00","-65082.00","-8310.00","-11311.00","-7732.00","589089.00","581357.00"
"115/08/26","114","4","3444","利機","121789.00","150831.00","-95527.00","-556.00","176537.00","333159.00","509696.00"
"115/08/26","114","4","3455","由田","389305.00","41920.00","-225643.00","-2762.00","202820.00","502862.00","705682.00"
"115/08/26","114","4","3465","進泰電子","110719.00","-126788.00","-23949.00","-232.00","-40250.00","233041.00","192791.00"
"115/08/26","114","4","3466","德晉","81139.00","12875.00","533000.00","463.00","627477.00","224184.00","851661.00"
"115/08/26","114","4","3467","台灣精材","78346.00","-91418.00","90362.00","--","77290.00","129737.00","207027.00"
"115/08/26","114","4","3479","安勤","575209.00","89262.00","-55788.00","-44661.00","564022.00","903956.00","1467978.00"
"115/08/26","114","4","3483","力致","773644.00","-323177.00","-657026.00","28848.00","-177711.00","1790862.00","1613151.00"
"115/08/26","114","4","3484","崧騰","332545.00","-371785.00","-346217.00","-85051.00","-470508.00","1904792.00","1434284.00"
"115/08/26","114","4","3485","敘豐","88120.00","-14143.00","-189318.00","1739.00","-113602.00","1065785.00","952183.00"
"115/08/26","114","4","3489","森寶","-383936.00","-150038.00","-51898.00","--","-585872.00","898533.00","312661.00"
"115/08/26","114","4","3490","單井","41004.00","-334618.00","209598.00","3650.00","-80366.00","247082.00","166716.00"
"115/08/26","114","4","3491","昇達科","471152.00","-816741.00","400108.00","-24981.00","29538.00","1246567.00","1276105.00"
"115/08/26","114","4","3492","長盛","79574.00","-64390.00","-50093.00","858.00","-34051.00","296936.00","262885.00"
"115/08/26","114","4","3498","陽程","199815.00","-285173.00","-53309.00","5784.00","-132883.00","1065641.00","932758.00"
"115/08/26","114","4","3499","環天科","22643.00","28141.00","-94068.00","-4998.00","-48282.00","248260.00","199978.00"
"115/08/26","114","4","3508","位速","-65715.00","-40565.00","-17577.00","-410.00","-124267.00","496550.00","372283.00"
"115/08/26","114","4","3511","矽瑪","-119709.00","-113020.00","-7685.00","-3024.00","-243438.00","541627.00","298189.00"
"115/08/26","114","4","3512","皇龍","60059.00","35255.00","364895.00","0.00","460209.00","480656.00","940865.00"
"115/08/26","114","4","3516","亞帝歐","54557.00","-193436.00","103666.00","-23205.00","-58418.00","338810.00","280392.00"
"115/08/26","114","4","3520","華盈","29152.00","-30747.00","8320.00","-6540.00","185.00","215711.00","215896.00"
"115/08/26","114","4","3521","台鋼建設","70873.00","-211147.00","159704.00","-42.00","19388.00","723982.00","743370.00"
"115/08/26","114","4","3522","御嵿","84399.00","-22368.00","-68640.00","-319.00","-6928.00","190698.00","183770.00"
"115/08/26","114","4","3523","迎輝","-63643.00","-13475.00","115703.00","0.00","38585.00","14298.00","52883.00"
"115/08/26","114","4","3526","凡甲","1035229.00","-504999.00","431869.00","-73652.00","888447.00","1969578.00","2858025.00"
"115/08/26","114","4","3527","聚積","217647.00","-24475.00","-116128.00","2867.00","79911.00","1131962.00","1211873.00"
"115/08/26","114","4","3529","力旺","2201738.00","-313243.00","-1637712.00","-26474.00","224309.00","3307749.00","3532058.00"
"115/08/26","114","4","3531","先益","172406.00","-373101.00","-65481.00","-8945.00","-275121.00","1396693.00","1121572.00"
"115/08/26","114","4","3537","堡達","227271.00","1242.00","-119474.00","-2414.00","106625.00","270567.00","377192.00"
"115/08/26","114","4","3540","曜越","28968.00","-58723.00","57624.00","-17462.00","10407.00","728557.00","738964.00"
"115/08/26","114","4","3541","西柏","39668.00","468810.00","-19236.00","-103.00","489139.00","613613.00","1102752.00"
"115/08/26","114","4","3546","宇峻","240473.00","170973.00","-237048.00","-4050.00","170348.00","361013.00","531361.00"
"115/08/26","114","4","3548","兆利","516265.00","-538758.00","953118.00","3277.00","933902.00","3275344.00","4209246.00"
"115/08/26","114","4","3551","世禾","-312872.00","-257027.00","610381.00","-969.00","39513.00","869901.00","909414.00"
"115/08/26","114","4","3552","同致","272338.00","326229.00","-481020.00","2853.00","120400.00","2084423.00","2204823.00"
"115/08/26","114","4","3555","博士旺","-104336.00","-25712.00","230919.00","-185.00","100686.00","34412.00","135098.00"
"115/08/26","114","4","3556","禾瑞亞","217078.00","-9296.00","-151462.00","-837.00","55483.00","642660.00","698143.00"
"115/08/26","114","4","3558","神準","498752.00","-1210683.00","336691.00","-25454.00","-400694.00","4073866.00","3673172.00"
"115/08/26","114","4","3564","其陽","104322.00","-45632.00","-19443.00","3020.00","42267.00","377537.00","419804.00"
"115/08/26","114","4","3567","逸昌","83563.00","-34157.00","-62322.00","-1.00","-12917.00","153070.00","140153.00"
"115/08/26","114","4","3570","大塚","222496.00","-5958.00","-170488.00","1102.00","47152.00","662396.00","709548.00"
"115/08/26","114","4","3577","泓格","205538.00","-47461.00","-138998.00","92.00","19171.00","153434.00","172605.00"
"115/08/26","114","4","3580","友威科","103441.00","-235864.00","4949.00","-8771.00","-136245.00","647728.00","511483.00"
"115/08/26","114","4","3581","博磊","-13283.00","65077.00","-85698.00","7781.00","-26123.00","638398.00","612275.00"
"115/08/26","114","4","3587","閎康","1835794.00","-1086981.00","-98324.00","21135.00","671624.00","1874842.00","2546466.00"
"115/08/26","114","4","3594","磐儀","-127682.00","-148527.00","309630.00","-2866.00","30555.00","469359.00","499914.00"
"115/08/26","114","4","3597","映興","45683.00","-540094.00","516761.00","-14769.00","7581.00","216591.00","224172.00"
"115/08/26","114","4","3609","三一東林","-137748.00","467602.00","-369680.00","3264.00","-36562.00","208064.00","171502.00"
"115/08/26","114","4","3611","鼎翰","1462221.00","-372661.00","-1290413.00","-78641.00","-279494.00","1822879.00","1543385.00"
"115/08/26","114","4","3615","安可","250882.00","-278142.00","-308203.00","-3445.00","-338908.00","929320.00","590412.00"
"115/08/26","114","4","3623","富晶通","-137.00","-25145.00","-15833.00","--","-41115.00","95398.00","54283.00"
"115/08/26","114","4","3624","光頡","406827.00","-269587.00","-174257.00","-7247.00","-44264.00","681702.00","637438.00"
"115/08/26","114","4","3625","西勝","-166847.00","90767.00","109657.00","-5215.00","28362.00","193555.00","221917.00"
"115/08/26","114","4","3628","盈正","390165.00","-72879.00","-297595.00","-5968.00","13723.00","330796.00","344519.00"
"115/08/26","114","4","3629","地心引力","-32604.00","7648.00","-1746.00","-295.00","-26997.00","58467.00","31470.00"
"115/08/26","114","4","3630","新鉅科","19627.00","2127184.00","-1085031.00","-43215.00","1018565.00","172804.00","1191369.00"
"115/08/26","114","4","3631","晟楠","20347.00","102636.00","-209630.00","-4044.00","-90691.00","440715.00","350024.00"
"115/08/26","114","4","3632","研勤","18337.00","-7936.00","-5482.00","-155.00","4764.00","19086.00","23850.00"
"115/08/26","114","4","3646","艾恩特","74831.00","-43113.00","-23092.00","1781.00","10407.00","258214.00","268621.00"
"115/08/26","114","4","3663","鑫科","-91833.00","-131542.00","71072.00","6863.00","-145440.00","527111.00","381671.00"
"115/08/26","114","4","3664","安瑞-KY","-99295.00","-16863.00","114888.00","10095.00","8825.00","17342.00","26167.00"
"115/08/26","114","4","3666","光耀","-62783.00","-23913.00","1322294.00","-4220.00","1231378.00","60249.00","1291627.00"
"115/08/26","114","4","3672","康聯訊","-27309.00","1153.00","11253.00","3718.00","-11185.00","157410.00","146225.00"
"115/08/26","114","4","3675","德微","531603.00","-362160.00","-423285.00","289.00","-253553.00","919532.00","665979.00"
"115/08/26","114","4","3680","家登","1390836.00","-2501612.00","1956541.00","-28138.00","817627.00","4291482.00","5109109.00"
"115/08/26","114","4","3684","榮昌","169326.00","-90630.00","130933.00","-1690.00","207939.00","165580.00","373519.00"
"115/08/26","114","4","3685","元創精密","32416.00","23740.00","-46956.00","-1002.00","8198.00","359063.00","367261.00"
"115/08/26","114","4","3687","歐買尬","409175.00","182359.00","-235888.00","-577.00","355069.00","1267587.00","1622656.00"
"115/08/26","114","4","3689","湧德","1028634.00","-1242564.00","377095.00","-195203.00","-32038.00","1388302.00","1356264.00"
"115/08/26","114","4","3691","碩禾","-53632.00","-844085.00","619861.00","-15297.00","-293153.00","1684115.00","1390962.00"
"115/08/26","114","4","3693","營邦","1556809.00","-561887.00","-434629.00","-32184.00","528109.00","2023865.00","2551974.00"
"115/08/26","114","4","3707","漢磊","20110.00","-1400830.00","-158394.00","-528.00","-1539642.00","5545353.00","4005711.00"
"115/08/26","114","4","3709","鑫聯大投控","-2700138.00","-36691.00","3015025.00","19324.00","297520.00","1332837.00","1630357.00"
"115/08/26","114","4","3710","連展投控","175980.00","-370452.00","186039.00","-14089.00","-22522.00","724358.00","701836.00"
"115/08/26","114","4","3713","新晶投控","-94419.00","3306.00","6394.00","--","-84719.00","181554.00","96835.00"
"115/08/26","114","4","4102","永日","-4042.00","-35476.00","-439.00","1472.00","-38485.00","133526.00","95041.00"
"115/08/26","114","4","4105","東洋","1761837.00","-367363.00","-1593212.00","-53028.00","-251766.00","2772615.00","2520849.00"
"115/08/26","114","4","4107","邦特","664199.00","-215060.00","-518089.00","-7355.00","-76305.00","1236955.00","1160650.00"
"115/08/26","114","4","4109","加捷生醫","21343.00","-186119.00","348510.00","-209.00","183525.00","112942.00","296467.00"
"115/08/26","114","4","4111","濟生","274610.00","-97165.00","-69728.00","--","107717.00","336189.00","443906.00"
"115/08/26","114","4","4113","聯上","-2918514.00","-540355.00","2560089.00","--","-898780.00","1060511.00","161731.00"
"115/08/26","114","4","4114","健喬","411573.00","-663535.00","964201.00","-7103.00","705136.00","1186105.00","1891241.00"
"115/08/26","114","4","4116","明基醫","358753.00","-79759.00","-191204.00","-1655.00","86135.00","863191.00","949326.00"
"115/08/26","114","4","4120","友華","-292211.00","1294746.00","-483304.00","-4612.00","514619.00","1435088.00","1949707.00"
"115/08/26","114","4","4121","優盛","284199.00","-45712.00","-217550.00","-1492.00","19445.00","594256.00","613701.00"
"115/08/26","114","4","4123","晟德","27164.00","1652892.00","-2884806.00","39.00","-1204711.00","1442273.00","237562.00"
"115/08/26","114","4","4126","太醫","542086.00","-75216.00","-374805.00","-6350.00","85715.00","740071.00","825786.00"
"115/08/26","114","4","4127","天良","19231.00","-281708.00","254121.00","--","-8356.00","130667.00","122311.00"
"115/08/26","114","4","4128","中天","85272.00","117053.00","-170279.00","5809.00","37855.00","673278.00","711133.00"
"115/08/26","114","4","4129","聯合","1025827.00","-714922.00","-238231.00","-20547.00","52127.00","610682.00","662809.00"
"115/08/26","114","4","4131","浩泰","-20583.00","-63208.00","-9695.00","--","-93486.00","207992.00","114506.00"
"115/08/26","114","4","4138","曜亞","314861.00","-47882.00","-268422.00","-2102.00","-3545.00","726279.00","722734.00"
"115/08/26","114","4","4139","馬光-KY","238899.00","-68385.00","-113280.00","-4583.00","52651.00","73538.00","126189.00"
"115/08/26","114","4","4147","中裕","191144.00","154020.00","-21643.00","-5371.00","318150.00","580230.00","898380.00"
"115/08/26","114","4","4153","鈺緯","20769.00","5171.00","-120125.00","-925.00","-95110.00","589143.00","494033.00"
"115/08/26","114","4","4154","樂威科-KY","-68188.00","-35648.00","-11298.00","-1690.00","-116824.00","163439.00","46615.00"
"115/08/26","114","4","4157","太景*-KY","20929.00","83371.00","-34641.00","1292.00","70951.00","74136.00","145087.00"
"115/08/26","114","4","4160","訊聯基因","-18332.00","-26343.00","-18514.00","-139.00","-63328.00","129002.00","65674.00"
"115/08/26","114","4","4161","聿新科","59989.00","-37275.00","-4072.00","-2.00","18640.00","380664.00","399304.00"
"115/08/26","114","4","4162","智擎","1726850.00","-266655.00","-870369.00","--","589826.00","993699.00","1583525.00"
"115/08/26","114","4","4163","鐿鈦","458690.00","-254254.00","-84855.00","-5902.00","113679.00","877146.00","990825.00"
"115/08/26","114","4","4166","友霖","359858.00","-73067.00","218029.00","-1717.00","503103.00","84495.00","587598.00"
"115/08/26","114","4","4167","松瑞藥","-21041.00","-233060.00","-280560.00","--","-534661.00","1358063.00","823402.00"
"115/08/26","114","4","4168","醣聯","-166287.00","98722.00","425723.00","--","358158.00","109508.00","467666.00"
"115/08/26","114","4","4171","瑞基","-13515.00","126998.00","-63515.00","-5166.00","44802.00","110269.00","155071.00"
"115/08/26","114","4","4173","久裕","-1903634.00","-16682.00","402842.00","--","-1517474.00","2228637.00","711163.00"
"115/08/26","114","4","4174","浩鼎","-2020134.00","908934.00","141631.00","-3151.00","-972720.00","1732050.00","759330.00"
"115/08/26","114","4","4175","杏一","903967.00","-307492.00","-715108.00","-3029.00","-121662.00","528534.00","406872.00"
"115/08/26","114","4","4183","福永生技","603.00","-23969.00","17995.00","-493.00","-5864.00","128942.00","123078.00"
"115/08/26","114","4","4188","安克","-47062.00","58931.00","-5023.00","--","6846.00","17756.00","24602.00"
"115/08/26","114","4","4192","杏國","-38333.00","-252.00","-9630.00","62.00","-48153.00","205487.00","157334.00"
"115/08/26","114","4","4198","欣大健康","-26657.00","18231.00","-39566.00","4818.00","-43174.00","150020.00","106846.00"
"115/08/26","114","4","4205","中華食","456982.00","-105440.00","-178244.00","--","173298.00","989379.00","1162677.00"
"115/08/26","114","4","4207","環泰","774369.00","-577552.00","-559764.00","54130.00","-308817.00","821895.00","513078.00"
"115/08/26","114","4","4303","信立","65996.00","954921.00","-711713.00","282.00","309486.00","143398.00","452884.00"
"115/08/26","114","4","4304","勝昱","21057.00","-1207.00","95618.00","492.00","115960.00","10006.00","125966.00"
"115/08/26","114","4","4305","世坤","273902.00","-13407.00","-155746.00","--","104749.00","90706.00","195455.00"
"115/08/26","114","4","4401","東隆興","573920.00","-197037.00","-345352.00","-6617.00","24914.00","707850.00","732764.00"
"115/08/26","114","4","4402","郡都開發","-8553.00","4660.00","-252.00","--","-4145.00","263428.00","259283.00"
"115/08/26","114","4","4406","新昕纖","-106366.00","127998.00","68861.00","0.00","90493.00","11992.00","102485.00"
"115/08/26","114","4","4413","飛寶企業","62291.00","6752.00","-10782.00","-203.00","58058.00","84321.00","142379.00"
"115/08/26","114","4","4416","三圓","-592504.00","-15642.00","-701311.00","--","-1309457.00","1313606.00","4149.00"
"115/08/26","114","4","4417","金洲","811634.00","91587.00","-450379.00","-134461.00","318381.00","800805.00","1119186.00"
"115/08/26","114","4","4419","皇家美食","169760.00","-181732.00","-44485.00","--","-56457.00","293555.00","237098.00"
"115/08/26","114","4","4420","光明","-148871.00","621071.00","-433395.00","--","38805.00","54487.00","93292.00"
"115/08/26","114","4","4430","耀億","194657.00","-207326.00","-41361.00","-7122.00","-61152.00","419844.00","358692.00"
"115/08/26","114","4","4432","銘旺實","367.00","-378316.00","87638.00","-15558.00","-305869.00","861945.00","556076.00"
"115/08/26","114","4","4433","興采","-17316.00","-207946.00","322802.00","4003.00","101543.00","940331.00","1041874.00"
"115/08/26","114","4","4442","竣邦-KY","135716.00","-127727.00","180628.00","10625.00","199242.00","472084.00","671326.00"
"115/08/26","114","4","4502","健信","76570.00","-56848.00","-44643.00","-4723.00","-29644.00","189468.00","159824.00"
"115/08/26","114","4","4503","金雨","138090.00","-29867.00","-38059.00","-748.00","69416.00","801033.00","870449.00"
"115/08/26","114","4","4506","崇友","1539797.00","-145962.00","-806216.00","-11417.00","576202.00","2792171.00","3368373.00"
"115/08/26","114","4","4510","高鋒","-112621.00","299532.00","-107578.00","-7114.00","72219.00","315478.00","387697.00"
"115/08/26","114","4","4513","福裕","-141751.00","71101.00","-14365.00","-15971.00","-100986.00","242311.00","141325.00"
"115/08/26","114","4","4523","永彰","-406376.00","1506315.00","-405705.00","-2361.00","691873.00","175149.00","867022.00"
"115/08/26","114","4","4527","方方土霖","435342.00","-50550.00","-223537.00","-19783.00","141472.00","793597.00","935069.00"
"115/08/26","114","4","4528","江興鍛","235950.00","-26713.00","-35933.00","3147.00","176451.00","445263.00","621714.00"
"115/08/26","114","4","4529","淳紳","-89427.00","58273.00","16104.00","-1039.00","-16089.00","30255.00","14166.00"
"115/08/26","114","4","4530","天意能創","37239.00","73704.00","187389.00","--","298332.00","82695.00","381027.00"
"115/08/26","114","4","4533","協易機","-15114.00","-228547.00","-254530.00","-39719.00","-537910.00","2728467.00","2190557.00"
"115/08/26","114","4","4534","慶騰","25007.00","73351.00","27804.00","2849.00","129011.00","275665.00","404676.00"
"115/08/26","114","4","4535","至興","416838.00","-101114.00","-234735.00","-19462.00","61527.00","1099466.00","1160993.00"
"115/08/26","114","4","4538","大詠城","100221.00","-106666.00","-36809.00","12.00","-43242.00","70330.00","27088.00"
"115/08/26","114","4","4541","晟田","296446.00","254870.00","-364159.00","--","187157.00","317861.00","505018.00"
"115/08/26","114","4","4542","科嶠","32400.00","40146.00","-10159.00","2559.00","64946.00","381930.00","446876.00"
"115/08/26","114","4","4543","萬在","81718.00","1036.00","-140571.00","6178.00","-51639.00","555198.00","503559.00"
"115/08/26","114","4","4549","桓達","146882.00","-167768.00","-203887.00","6652.00","-218121.00","1058388.00","840267.00"
"115/08/26","114","4","4550","長佳","306961.00","-192855.00","-77933.00","61.00","36234.00","418969.00","455203.00"
"115/08/26","114","4","4554","橙的","38041.00","-29684.00","15173.00","1225.00","24755.00","339111.00","363866.00"
"115/08/26","114","4","4556","旭然","100918.00","-22161.00","-58269.00","-10085.00","10403.00","271137.00","281540.00"
"115/08/26","114","4","4558","寶緯","-2378.00","-244162.00","398914.00","--","152374.00","209374.00","361748.00"
"115/08/26","114","4","4561","健椿","101658.00","-92913.00","-81203.00","--","-72458.00","679163.00","606705.00"
"115/08/26","114","4","4563","百德","277245.00","-167784.00","-48333.00","52130.00","113258.00","810330.00","923588.00"
"115/08/26","114","4","4568","科際精密","77860.00","-48131.00","-70728.00","-1397.00","-42396.00","536982.00","494586.00"
"115/08/26","114","4","4577","達航科技","108368.00","-55659.00","-67075.00","-3476.00","-17842.00","174098.00","156256.00"
"115/08/26","114","4","4580","捷流閥業","237395.00","-175694.00","-240025.00","4235.00","-174089.00","1334227.00","1160138.00"
"115/08/26","114","4","4584","君帆","99863.00","-22406.00","-152579.00","6080.00","-69042.00","399451.00","330409.00"
"115/08/26","114","4","4609","唐鋒","-34562.00","-1213.00","-1293.00","248.00","-36820.00","267424.00","230604.00"
"115/08/26","114","4","4702","中美實","-45379.00","109781.00","49934.00","--","114336.00","281227.00","395563.00"
"115/08/26","114","4","4706","大恭","28370.00","23532.00","-55099.00","1291.00","-1906.00","173885.00","171979.00"
"115/08/26","114","4","4707","磐亞","86358.00","93919.00","-226051.00","--","-45774.00","546266.00","500492.00"
"115/08/26","114","4","4711","永純","86971.00","-9214.00","-46283.00","--","31474.00","362218.00","393692.00"
"115/08/26","114","4","4714","永捷","-56913.00","692607.00","-197166.00","73.00","438601.00","564126.00","1002727.00"
"115/08/26","114","4","4716","大立","-73784.00","-8144.00","-83939.00","-51.00","-165918.00","513835.00","347917.00"
"115/08/26","114","4","4721","美琪瑪","185759.00","-46296.00","-137099.00","-11664.00","-9300.00","466188.00","456888.00"
"115/08/26","114","4","4726","永昕","-27241.00","-112444.00","94907.00","-242.00","-45020.00","269565.00","224545.00"
"115/08/26","114","4","4728","雙美","825918.00","-239956.00","-663132.00","13294.00","-63876.00","775465.00","711589.00"
"115/08/26","114","4","4729","熒茂","134627.00","19000.00","2955.00","-107765.00","48817.00","288179.00","336996.00"
"115/08/26","114","4","4735","豪展","64459.00","-326914.00","75607.00","19857.00","-166991.00","434151.00","267160.00"
"115/08/26","114","4","4741","泓瀚","34258.00","-121150.00","-25652.00","-2562.00","-115106.00","375859.00","260753.00"
"115/08/26","114","4","4743","合一","-460241.00","1076808.00","-12493.00","6897.00","610971.00","1047758.00","1658729.00"
"115/08/26","114","4","4744","皇將","53449.00","-54951.00","-185890.00","-15851.00","-203243.00","758918.00","555675.00"
"115/08/26","114","4","4745","合富-KY","15530.00","-174032.00","-122234.00","41399.00","-239337.00","1182832.00","943495.00"
"115/08/26","114","4","4747","強生製藥","71707.00","-153763.00","61529.00","--","-20527.00","1070057.00","1049530.00"
"115/08/26","114","4","4749","新應材","1116791.00","-4175991.00","3628201.00","-40840.00","528161.00","436567.00","964728.00"
"115/08/26","114","4","4754","國碳科","131320.00","-136800.00","-24775.00","-1171.00","-31426.00","97036.00","65610.00"
"115/08/26","114","4","4760","勤凱科技","87495.00","-55995.00","6315.00","-44.00","37771.00","90968.00","128739.00"
"115/08/26","114","4","4767","誠泰科技","153265.00","-129007.00","-68599.00","-4523.00","-48864.00","374058.00","325194.00"
"115/08/26","114","4","4768","晶呈科技","243945.00","-552598.00","572577.00","1947.00","265871.00","282878.00","548749.00"
"115/08/26","114","4","4772","台特化","946942.00","-1375849.00","1685548.00","29505.00","1286146.00","725590.00","2011736.00"
"115/08/26","114","4","4804","大略-KY","22906.00","-60308.00","34350.00","-192.00","-3244.00","27557.00","24313.00"
"115/08/26","114","4","4806","桂田文創","-29175.00","473217.00","-20167.00","--","423875.00","92084.00","515959.00"
"115/08/26","114","4","4903","聯光通","97435.00","-317960.00","240505.00","--","19980.00","243882.00","263862.00"
"115/08/26","114","4","4905","台聯電","55762.00","17900.00","-203097.00","-2066.00","-131501.00","387643.00","256142.00"
"115/08/26","114","4","4907","富宇","-1571675.00","18180.00","1026031.00","--","-527464.00","686583.00","159119.00"
"115/08/26","114","4","4908","前鼎","213015.00","-194951.00","-137138.00","--","-119074.00","175821.00","56747.00"
"115/08/26","114","4","4909","新復興","554895.00","34893.00","-559944.00","-19069.00","10775.00","1147980.00","1158755.00"
"115/08/26","114","4","4911","德英","70177.00","-98815.00","-45534.00","--","-74172.00","152585.00","78413.00"
"115/08/26","114","4","4923","力士","-137859.00","-2882.00","170854.00","620.00","30733.00","144352.00","175085.00"
"115/08/26","114","4","4924","欣厚-KY","61768.00","-52062.00","-39008.00","-9953.00","-39255.00","81118.00","41863.00"
"115/08/26","114","4","4931","新盛力","266974.00","-66909.00","-135684.00","-3579.00","60802.00","607621.00","668423.00"
"115/08/26","114","4","4933","友輝","572899.00","-361348.00","-509229.00","25184.00","-272494.00","1776107.00","1503613.00"
"115/08/26","114","4","4939","亞電","76420.00","-121885.00","-5093.00","-16176.00","-66734.00","602629.00","535895.00"
"115/08/26","114","4","4946","辣椒","61989.00","-7116.00","-27344.00","0.00","27529.00","51270.00","78799.00"
"115/08/26","114","4","4950","金耘國際","112480.00","-12346.00","-245953.00","-5828.00","-151647.00","264767.00","113120.00"
"115/08/26","114","4","4951","精拓科","173460.00","25315.00","-114555.00","--","84220.00","241815.00","326035.00"
"115/08/26","114","4","4953","緯致","504827.00","-28838.00","-330139.00","-3083.00","142767.00","1601286.00","1744053.00"
"115/08/26","114","4","4966","譜瑞-KY","3419069.00","-613509.00","-2163116.00","-274823.00","367621.00","10531902.00","10899523.00"
"115/08/26","114","4","4971","IET-KY","234841.00","-292060.00","-1323.00","-6326.00","-64868.00","149324.00","84456.00"
"115/08/26","114","4","4972","湯石照明","62631.00","8570.00","-156867.00","-7635.00","-93301.00","465153.00","371852.00"
"115/08/26","114","4","4973","廣穎電通","-507199.00","-18988.00","447326.00","1575.00","-77286.00","339547.00","262261.00"
"115/08/26","114","4","4974","亞泰","319369.00","-32834.00","-410942.00","-88564.00","-212971.00","3095821.00","2882850.00"
"115/08/26","114","4","4979","華星光","681288.00","-1047768.00","-217526.00","--","-584006.00","3127743.00","2543737.00"
"115/08/26","114","4","4991","環宇-KY","396121.00","146598.00","107113.00","-15982.00","633850.00","576516.00","1210366.00"
"115/08/26","114","4","4995","晶達","108877.00","-15021.00","-116208.00","-762.00","-23114.00","271848.00","248734.00"
"115/08/26","114","4","5009","榮剛","1025289.00","-2829432.00","-2819598.00","-56040.00","-4679781.00","6506988.00","1827207.00"
"115/08/26","114","4","5011","久陽","92821.00","-156459.00","242760.00","--","179122.00","371660.00","550782.00"
"115/08/26","114","4","5013","強新","898355.00","-218632.00","-381084.00","-62377.00","236262.00","549476.00","785738.00"
"115/08/26","114","4","5014","建錩","117259.00","2504200.00","-2661773.00","-65518.00","-105832.00","637274.00","531442.00"
"115/08/26","114","4","5015","華祺","135646.00","1433.00","-137188.00","2250.00","2141.00","1134147.00","1136288.00"
"115/08/26","114","4","5016","松和","105877.00","-104114.00","-40335.00","-12649.00","-51221.00","410406.00","359185.00"
"115/08/26","114","4","5201","凱衛","15051.00","-182077.00","277455.00","0.00","110429.00","118576.00","229005.00"
"115/08/26","114","4","5202","力新","-105560.00","120747.00","-56305.00","-789.00","-41907.00","206234.00","164327.00"
"115/08/26","114","4","5205","中茂","-30744.00","-151.00","-6768.00","0.00","-37663.00","88023.00","50360.00"
"115/08/26","114","4","5206","坤悅","-1251888.00","267034.00","1131738.00","--","146884.00","757305.00","904189.00"
"115/08/26","114","4","5209","新鼎","-65142.00","591.00","-374787.00","-115.00","-439453.00","1573252.00","1133799.00"
"115/08/26","114","4","5210","寶碩","14109.00","163988.00","20556.00","-732.00","197921.00","152488.00","350409.00"
"115/08/26","114","4","5211","蒙恬","-24382.00","-8651.00","-1654.00","-2182.00","-36869.00","85687.00","48818.00"
"115/08/26","114","4","5212","凌網","160141.00","-60348.00","-141746.00","-432.00","-42385.00","544534.00","502149.00"
"115/08/26","114","4","5213","亞昕","-5113039.00","-287649.00","3765660.00","12264.00","-1622764.00","2836724.00","1213960.00"
"115/08/26","114","4","5220","萬達光電","9021.00","-9878.00","-58640.00","-111.00","-59608.00","320008.00","260400.00"
"115/08/26","114","4","5223","安力-KY","236277.00","3479.00","-161884.00","-4232.00","73640.00","311409.00","385049.00"
"115/08/26","114","4","5227","立凱-KY","-322564.00","635448.00","-212702.00","-44.00","100138.00","51586.00","151724.00"
"115/08/26","114","4","5228","鈺鎧","25554.00","-5121.00","-19861.00","--","572.00","51684.00","52256.00"
"115/08/26","114","4","5230","雷笛克光學","216848.00","-152765.00","-46788.00","-6817.00","10478.00","274640.00","285118.00"
"115/08/26","114","4","5245","智晶","-173373.00","37082.00","155704.00","1314.00","20727.00","205192.00","225919.00"
"115/08/26","114","4","5251","天鉞電","-13930.00","131449.00","-4950.00","-8240.00","104329.00","99342.00","203671.00"
"115/08/26","114","4","5263","智崴","425530.00","-944949.00","606856.00","2369.00","89806.00","761952.00","851758.00"
"115/08/26","114","4","5272","笙科","-16599.00","10865.00","-13008.00","-2110.00","-20852.00","74635.00","53783.00"
"115/08/26","114","4","5274","信驊","4495900.00","-394671.00","-1991482.00","19291.00","2129038.00","3659252.00","5788290.00"
"115/08/26","114","4","5276","達輝-KY","4171.00","-23024.00","-47447.00","11971.00","-54329.00","220741.00","166412.00"
"115/08/26","114","4","5278","尚凡*","346262.00","-3270814.00","4820659.00","76252.00","1972359.00","1490549.00","3462908.00"
"115/08/26","114","4","5287","數字","862548.00","-63050.00","-597782.00","-1296.00","200420.00","1127311.00","1327731.00"
"115/08/26","114","4","5289","宜鼎","-2273804.00","-114353.00","1031493.00","1817.00","-1354847.00","3000257.00","1645410.00"
"115/08/26","114","4","5291","邑昇","16190.00","-201739.00","167813.00","-427.00","-18163.00","185336.00","167173.00"
"115/08/26","114","4","5299","杰力","355073.00","-113899.00","-217590.00","207.00","23791.00","193138.00","216929.00"
"115/08/26","114","4","5301","寶得利","-2530.00","625.00","-15883.00","5055.00","-12733.00","19602.00","6869.00"
"115/08/26","114","4","5302","太欣","-1055.00","-8711.00","23660.00","-17.00","13877.00","41078.00","54955.00"
"115/08/26","114","4","5309","系統電","84858.00","-1410876.00","2148554.00","-8032.00","814504.00","1797789.00","2612293.00"
"115/08/26","114","4","5310","天剛","-34936.00","174672.00","-31299.00","0.00","108437.00","16939.00","125376.00"
"115/08/26","114","4","5312","寶島科","833621.00","-473127.00","-339757.00","32380.00","53117.00","164020.00","217137.00"
"115/08/26","114","4","5314","世紀*","1008688.00","-639180.00","687349.00","4754.00","1061611.00","239681.00","1301292.00"
"115/08/26","114","4","5315","光聯","167069.00","74083.00","-161385.00","2092.00","81859.00","356609.00","438468.00"
"115/08/26","114","4","5321","美而快","429756.00","-276265.00","-47706.00","83.00","105868.00","576371.00","682239.00"
"115/08/26","114","4","5324","士開","-514437.00","89330.00","351328.00","--","-73779.00","679664.00","605885.00"
"115/08/26","114","4","5328","華容","-157285.00","90689.00","187096.00","5253.00","125753.00","371710.00","497463.00"
"115/08/26","114","4","5340","建榮","390083.00","-184831.00","-47524.00","--","157728.00","235575.00","393303.00"
"115/08/26","114","4","5344","立衛","-3725.00","-36202.00","-10582.00","7018.00","-43491.00","107313.00","63822.00"
"115/08/26","114","4","5345","馥鴻","-51982.00","22878.00","-2226.00","--","-31330.00","150759.00","119429.00"
"115/08/26","114","4","5347","世界","25439228.00","-59710578.00","13459626.00","-248515.00","-21060239.00","60695212.00","39634973.00"
"115/08/26","114","4","5348","正能量智能","17310.00","-1704.00","-10847.00","--","4759.00","61091.00","65850.00"
"115/08/26","114","4","5351","鈺創","-436503.00","-409295.00","937238.00","-3095.00","88345.00","785230.00","873575.00"
"115/08/26","114","4","5353","台林","206253.00","-90249.00","-104635.00","-55.00","11314.00","532067.00","543381.00"
"115/08/26","114","4","5355","佳總","-153588.00","49249.00","80198.00","-2703.00","-26844.00","223681.00","196837.00"
"115/08/26","114","4","5356","協益","198419.00","48016.00","-433327.00","-17536.00","-204428.00","1141413.00","936985.00"
"115/08/26","114","4","5364","力麗店","-54228.00","29214.00","-77851.00","--","-102865.00","207565.00","104700.00"
"115/08/26","114","4","5371","中光電","-1103349.00","-3449144.00","789575.00","-301191.00","-4064109.00","12982509.00","8918400.00"
"115/08/26","114","4","5381","光譜","423271.00","-1819969.00","1403894.00","--","7196.00","394810.00","402006.00"
"115/08/26","114","4","5386","青雲","-964609.00","-6549.00","1074469.00","--","103311.00","65418.00","168729.00"
"115/08/26","114","4","5392","能率","493146.00","-726631.00","-612470.00","-172552.00","-1018507.00","4199982.00","3181475.00"
"115/08/26","114","4","5398","慕康生醫","9142.00","9303.00","-17692.00","-893.00","-140.00","59709.00","59569.00"
"115/08/26","114","4","5403","中菲","760286.00","-57019.00","-385765.00","--","317502.00","1114567.00","1432069.00"
"115/08/26","114","4","5410","國眾","352229.00","163046.00","-134906.00","259.00","380628.00","816540.00","1197168.00"
"115/08/26","114","4","5425","台半","2577923.00","-803262.00","-1665732.00","-98356.00","10573.00","3524621.00","3535194.00"
"115/08/26","114","4","5426","振發","174657.00","-125814.00","126811.00","-7453.00","168201.00","640152.00","808353.00"
"115/08/26","114","4","5432","新門","76506.00","103080.00","-23161.00","--","156425.00","59304.00","215729.00"
"115/08/26","114","4","5438","東友","19349.00","137917.00","92887.00","-1408.00","248745.00","356392.00","605137.00"
"115/08/26","114","4","5439","高技","515427.00","-1481752.00","2711327.00","95.00","1745097.00","395861.00","2140958.00"
"115/08/26","114","4","5443","均豪","488828.00","-704869.00","257216.00","17912.00","59087.00","1076461.00","1135548.00"
"115/08/26","114","4","5450","南良","200174.00","-133068.00","-68954.00","-2092.00","-3940.00","801397.00","797457.00"
"115/08/26","114","4","5452","佶優","386760.00","-36133.00","-177110.00","8994.00","182511.00","677757.00","860268.00"
"115/08/26","114","4","5455","昇益","-492945.00","-17190.00","41988.00","--","-468147.00","471692.00","3545.00"
"115/08/26","114","4","5457","宣德","2536797.00","-3321940.00","1054103.00","-5640.00","263320.00","5617323.00","5880643.00"
"115/08/26","114","4","5460","同協","37827.00","-77883.00","-2419.00","1127.00","-41348.00","85778.00","44430.00"
"115/08/26","114","4","5464","霖宏","-96032.00","-1311399.00","120010.00","--","-1287421.00","1681649.00","394228.00"
"115/08/26","114","4","5465","富驊","-515407.00","-96542.00","531020.00","1426.00","-79503.00","377182.00","297679.00"
"115/08/26","114","4","5468","凱鈺","-55911.00","-1008.00","150242.00","--","93323.00","66864.00","160187.00"
"115/08/26","114","4","5474","聰泰","88106.00","-14091.00","-179480.00","--","-105465.00","595531.00","490066.00"
"115/08/26","114","4","5475","德宏","-62051.00","-192033.00","184587.00","5618.00","-63879.00","154744.00","90865.00"
"115/08/26","114","4","5478","智冠","2136293.00","-300665.00","-1186258.00","-33589.00","615781.00","4020788.00","4636569.00"
"115/08/26","114","4","5481","新華","-21762.00","97633.00","-22671.00","12.00","53212.00","191284.00","244496.00"
"115/08/26","114","4","5483","中美晶","15910934.00","-37268682.00","1358632.00","608148.00","-19390968.00","54136770.00","34745802.00"
"115/08/26","114","4","5487","通泰","15786.00","18307.00","195.00","675.00","34963.00","209406.00","244369.00"
"115/08/26","114","4","5488","松普","-11359.00","9818.00","-8944.00","-625.00","-11110.00","330145.00","319035.00"
"115/08/26","114","4","5489","彩富","295699.00","-629697.00","-213050.00","-1405.00","-548453.00","894227.00","345774.00"
"115/08/26","114","4","5490","同亨","-189798.00","14970.00","-45379.00","-47896.00","-268103.00","743132.00","475029.00"
"115/08/26","114","4","5493","三聯","395250.00","-125277.00","-239428.00","-1705.00","28840.00","784856.00","813696.00"
"115/08/26","114","4","5498","凱崴","-25100.00","146087.00","16574.00","-10146.00","127415.00","227514.00","354929.00"
"115/08/26","114","4","5508","永信建","-990284.00","-840566.00","1702419.00","--","-128431.00","279819.00","151388.00"
"115/08/26","114","4","5511","德昌","1619636.00","-159213.00","-750481.00","-4578.00","705364.00","1720166.00","2425530.00"
"115/08/26","114","4","5512","力麒","-1333685.00","-381203.00","2524640.00","--","809752.00","3716903.00","4526655.00"
"115/08/26","114","4","5514","三豐","-818558.00","23671.00","532628.00","--","-262259.00","372261.00","110002.00"
"115/08/26","114","4","5516","雙喜","259038.00","41055.00","-480932.00","0.00","-180839.00","447452.00","266613.00"
"115/08/26","114","4","5520","力泰","876387.00","-558421.00","-353850.00","-1758.00","-37642.00","680960.00","643318.00"
"115/08/26","114","4","5523","豐謙","-1088028.00","141345.00","414951.00","--","-531732.00","576040.00","44308.00"
"115/08/26","114","4","5529","鉅陞","235769.00","-95610.00","-308192.00","--","-168033.00","283514.00","115481.00"
"115/08/26","114","4","5530","龍巖","-874643.00","-1546941.00","2300891.00","-2996.00","-123689.00","652716.00","529027.00"
"115/08/26","114","4","5536","聖暉*","5801023.00","-213326.00","-2467224.00","-23512.00","3096961.00","9899280.00","12996241.00"
"115/08/26","114","4","5543","桓鼎-KY","108923.00","-47207.00","-15569.00","9830.00","55977.00","314243.00","370220.00"
"115/08/26","114","4","5547","久舜","145104.00","7930.00","-59716.00","--","93318.00","355287.00","448605.00"
"115/08/26","114","4","5548","安倉","220020.00","-100668.00","-437936.00","115.00","-318469.00","507509.00","189040.00"
"115/08/26","114","4","5601","台聯櫃","33310.00","-1078.00","-25784.00","--","6448.00","41518.00","47966.00"
"115/08/26","114","4","5603","陸海","250564.00","-49475.00","-144477.00","-249.00","56363.00","95030.00","151393.00"
"115/08/26","114","4","5604","中連","41558.00","212649.00","-253093.00","--","1114.00","5322.00","6436.00"
"115/08/26","114","4","5609","中菲行","1546939.00","-88499.00","-984735.00","-406341.00","67364.00","4569519.00","4636883.00"
"115/08/26","114","4","5701","劍湖山","39100.00","9364.00","-61124.00","2.00","-12658.00","100313.00","87655.00"
"115/08/26","114","4","5703","亞都麗緻","81550.00","-13084.00","-6508.00","--","61958.00","171157.00","233115.00"
"115/08/26","114","4","5704","老爺知","57924.00","-55642.00","-830.00","--","1452.00","155448.00","156900.00"
"115/08/26","114","4","5878","台名","82249.00","-24587.00","-80582.00","--","-22920.00","67802.00","44882.00"
"115/08/26","114","4","5902","德記","216173.00","195975.00","-164816.00","113.00","247445.00","535740.00","783185.00"
"115/08/26","114","4","5903","全家","10395215.00","-3757945.00","-7547208.00","-160.00","-910098.00","8067692.00","7157594.00"
"115/08/26","114","4","5904","寶雅*","5898320.00","-1147469.00","-3911779.00","--","839072.00","2834366.00","3673438.00"
"115/08/26","114","4","5905","南仁湖","-281308.00","-570496.00","422030.00","3253.00","-426521.00","800135.00","373614.00"
"115/08/26","114","4","6028","公勝保經","256571.00","-100020.00","-227551.00","--","-71000.00","521992.00","450992.00"
"115/08/26","114","4","6101","寬魚國際","9493.00","-7904.00","60053.00","237.00","61879.00","208051.00","269930.00"
"115/08/26","114","4","6103","合邦","-30616.00","-34765.00","-3595.00","-18.00","-68994.00","119393.00","50399.00"
"115/08/26","114","4","6104","創惟","516093.00","-311308.00","-246754.00","-1474.00","-43443.00","1243793.00","1200350.00"
"115/08/26","114","4","6109","亞元","-58530.00","-14641.00","74143.00","674.00","1646.00","415716.00","417362.00"
"115/08/26","114","4","6111","光聚晶電","-229302.00","106301.00","1489433.00","-36904.00","1329528.00","1062709.00","2392237.00"
"115/08/26","114","4","6113","亞矽","45851.00","-3859.00","-271021.00","-5746.00","-234775.00","357885.00","123110.00"
"115/08/26","114","4","6114","久威","20724.00","192217.00","-202006.00","-1061.00","9874.00","1133862.00","1143736.00"
"115/08/26","114","4","6118","建達","-173718.00","-47.00","295009.00","--","121244.00","256897.00","378141.00"
"115/08/26","114","4","6121","新普","5927738.00","-4259068.00","-3473912.00","-178718.00","-1983960.00","23967140.00","21983180.00"
"115/08/26","114","4","6122","擎邦","-799768.00","-15577.00","-176823.00","-2985.00","-995153.00","1313852.00","318699.00"
"115/08/26","114","4","6123","上奇","503648.00","13330.00","57934.00","-56474.00","518438.00","1621521.00","2139959.00"
"115/08/26","114","4","6124","業強","234230.00","-221608.00","148678.00","10722.00","172022.00","491483.00","663505.00"
"115/08/26","114","4","6125","廣運","278560.00","-389500.00","-299070.00","12040.00","-397970.00","2379762.00","1981792.00"
"115/08/26","114","4","6126","信音","280795.00","-2777455.00","-144572.00","-131740.00","-2772972.00","4898212.00","2125240.00"
"115/08/26","114","4","6127","九豪","-148262.00","88100.00","54317.00","3920.00","-1925.00","135912.00","133987.00"
"115/08/26","114","4","6129","普誠","-37648.00","-87158.00","-7385.00","5237.00","-126954.00","445013.00","318059.00"
"115/08/26","114","4","6130","上亞科技","-44153.00","-42552.00","32735.00","--","-53970.00","241555.00","187585.00"
"115/08/26","114","4","6134","萬旭","-15907.00","-66752.00","-53336.00","3480.00","-132515.00","280769.00","148254.00"
"115/08/26","114","4","6138","茂達","1533742.00","-742876.00","-808874.00","223.00","-17785.00","716882.00","699097.00"
"115/08/26","114","4","6140","訊達電腦","87549.00","-20335.00","-11100.00","801.00","56915.00","41495.00","98410.00"
"115/08/26","114","4","6143","振曜","1375423.00","442003.00","-784320.00","-27538.00","1005568.00","2097640.00","3103208.00"
"115/08/26","114","4","6144","得利影","2663.00","-10688.00","-6998.00","--","-15023.00","43349.00","28326.00"
"115/08/26","114","4","6146","耕興","1367263.00","-440729.00","-1111065.00","34893.00","-149638.00","2210086.00","2060448.00"
"115/08/26","114","4","6147","頎邦","3548454.00","-3590506.00","-1548672.00","-209589.00","-1800313.00","8625470.00","6825157.00"
"115/08/26","114","4","6148","驊宏資","34082.00","-8946.00","-40736.00","13.00","-15587.00","346536.00","330949.00"
"115/08/26","114","4","6150","撼訊","-135508.00","-30310.00","268087.00","-6232.00","96037.00","555970.00","652007.00"
"115/08/26","114","4","6151","晉倫","218498.00","1000.00","-157698.00","-17874.00","43926.00","80447.00","124373.00"
"115/08/26","114","4","6154","順發","119841.00","28694.00","-144895.00","--","3640.00","208657.00","212297.00"
"115/08/26","114","4","6156","松上","70736.00","-423832.00","-277943.00","-23208.00","-654247.00","1952397.00","1298150.00"
"115/08/26","114","4","6158","禾昌","167039.00","-215676.00","-50317.00","-13746.00","-112700.00","437779.00","325079.00"
"115/08/26","114","4","6160","欣技","-16625.00","-17354.00","6185.00","-737.00","-28531.00","129690.00","101159.00"
"115/08/26","114","4","6161","捷波","25215.00","73681.00","-182298.00","-19318.00","-102720.00","612147.00","509427.00"
"115/08/26","114","4","6163","華電網","739441.00","-183602.00","43638.00","4.00","599481.00","986557.00","1586038.00"
"115/08/26","114","4","6167","久正","-35461.00","16931.00","-207020.00","-3054.00","-228604.00","705953.00","477349.00"
"115/08/26","114","4","6169","昱泉","-50705.00","-2176.00","55477.00","209.00","2805.00","20667.00","23472.00"
"115/08/26","114","4","6170","統振","278949.00","-12898.00","-338659.00","--","-72608.00","445949.00","373341.00"
"115/08/26","114","4","6171","大城地產","-445623.00","205578.00","-295980.00","--","-536025.00","652179.00","116154.00"
"115/08/26","114","4","6173","信昌電","919228.00","-48320.00","-308055.00","-14451.00","548402.00","398844.00","947246.00"
"115/08/26","114","4","6174","安��","19425.00","-126906.00","105828.00","-3298.00","-4951.00","76082.00","71131.00"
"115/08/26","114","4","6175","立敦","853843.00","-259910.00","-635191.00","35662.00","-5596.00","1107290.00","1101694.00"
"115/08/26","114","4","6179","亞通","-1692340.00","-877563.00","2972124.00","-20053.00","382168.00","647939.00","1030107.00"
"115/08/26","114","4","6180","橘子","394345.00","-446009.00","99584.00","-17055.00","30865.00","1971073.00","2001938.00"
"115/08/26","114","4","6182","合晶","1564503.00","-7208802.00","2714375.00","-140940.00","-3070864.00","7878232.00","4807368.00"
"115/08/26","114","4","6185","幃翔","73918.00","336481.00","-44987.00","-39741.00","325671.00","306243.00","631914.00"
"115/08/26","114","4","6186","新潤","2795036.00","532808.00","-3544207.00","--","-216363.00","1616347.00","1399984.00"
"115/08/26","114","4","6187","萬潤","1958047.00","-665920.00","-645465.00","-1073.00","645589.00","3536438.00","4182027.00"
"115/08/26","114","4","6188","廣明","-252619.00","-3197734.00","3961015.00","-73911.00","436751.00","1432867.00","1869618.00"
"115/08/26","114","4","6190","萬泰科","307812.00","-900615.00","753150.00","-18130.00","142217.00","838373.00","980590.00"
"115/08/26","114","4","6194","育富","185789.00","-261921.00","-100800.00","-33933.00","-210865.00","995351.00","784486.00"
"115/08/26","114","4","6195","詩肯","480917.00","-97350.00","-297236.00","3484.00","89815.00","214154.00","303969.00"
"115/08/26","114","4","6198","瑞築","-1381784.00","-99906.00","17577.00","-25.00","-1464138.00","2132326.00","668188.00"
"115/08/26","114","4","6199","天品","18854.00","64181.00","12956.00","--","95991.00","167666.00","263657.00"
"115/08/26","114","4","6203","海韻電","674661.00","77633.00","-305092.00","604.00","447806.00","1388758.00","1836564.00"
"115/08/26","114","4","6204","艾華","46904.00","-67296.00","-13935.00","-756.00","-35083.00","208919.00","173836.00"
"115/08/26","114","4","6207","雷科","131638.00","-125529.00","70752.00","-47946.00","28915.00","900821.00","929736.00"
"115/08/26","114","4","6208","日揚","357384.00","-345560.00","-267640.00","-38800.00","-294616.00","1232128.00","937512.00"
"115/08/26","114","4","6210","慶生","-125151.00","104149.00","10000.00","--","-11002.00","44676.00","33674.00"
"115/08/26","114","4","6212","理銘","-331070.00","2682.00","-302472.00","--","-630860.00","753818.00","122958.00"
"115/08/26","114","4","6217","中探針","-362852.00","-66851.00","174429.00","-5540.00","-260814.00","854613.00","593799.00"
"115/08/26","114","4","6218","豪勉","39433.00","90201.00","23151.00","-2350.00","150435.00","214510.00","364945.00"
"115/08/26","114","4","6219","富旺","-1827195.00","-443421.00","2494678.00","--","224062.00","659876.00","883938.00"
"115/08/26","114","4","6220","岳豐","624124.00","-135419.00","-366179.00","-52466.00","70060.00","1420208.00","1490268.00"
"115/08/26","114","4","6221","晉泰","980291.00","-153152.00","-2572.00","-178.00","824389.00","1638808.00","2463197.00"
"115/08/26","114","4","6222","立軒","-15294.00","-373657.00","627920.00","0.00","238969.00","164593.00","403562.00"
"115/08/26","114","4","6223","旺矽","2037993.00","-4075393.00","3760565.00","12182.00","1735347.00","3709627.00","5444974.00"
"115/08/26","114","4","6227","茂綸","185952.00","-21064.00","-191258.00","-17213.00","-43583.00","571402.00","527819.00"
"115/08/26","114","4","6228","全譜","-1414.00","-33353.00","25011.00","-1147.00","-10903.00","61821.00","50918.00"
"115/08/26","114","4","6229","研通","-123300.00","-16706.00","136394.00","-2642.00","-6254.00","165571.00","159317.00"
"115/08/26","114","4","6231","系微","361000.00","-80073.00","-347361.00","-14252.00","-80686.00","1157491.00","1076805.00"
"115/08/26","114","4","6233","旺玖","43682.00","37470.00","-65527.00","0.00","15625.00","471491.00","487116.00"
"115/08/26","114","4","6234","高僑","-28424.00","7128.00","-102931.00","3106.00","-121121.00","1032137.00","911016.00"
"115/08/26","114","4","6236","中湛","9290.00","1746.00","-2918.00","--","8118.00","133091.00","141209.00"
"115/08/26","114","4","6237","驊訊","-70322.00","-117101.00","-13502.00","-2115.00","-203040.00","489182.00","286142.00"
"115/08/26","114","4","6240","松崗","-3300.00","16444.00","-16777.00","--","-3633.00","113149.00","109516.00"
"115/08/26","114","4","6241","鑫永洋","-46183.00","-2745.00","45915.00","--","-3013.00","24526.00","21513.00"
"115/08/26","114","4","6242","立康","92146.00","-83572.00","-30596.00","--","-22022.00","64947.00","42925.00"
"115/08/26","114","4","6244","茂迪","782629.00","-713351.00","-86670.00","-2359.00","-19751.00","2651875.00","2632124.00"
"115/08/26","114","4","6245","立端","847048.00","-1837624.00","-620285.00","-16117.00","-1626978.00","2960253.00","1333275.00"
"115/08/26","114","4","6246","臺龍","99222.00","54947.00","-33987.00","4830.00","125012.00","334767.00","459779.00"
"115/08/26","114","4","6248","沛波","250890.00","-354442.00","73270.00","--","-30282.00","312454.00","282172.00"
"115/08/26","114","4","6259","百徽","15014.00","23373.00","-81571.00","4720.00","-38464.00","225671.00","187207.00"
"115/08/26","114","4","6261","久元","664173.00","-1069281.00","-570570.00","-6811.00","-982489.00","2398287.00","1415798.00"
"115/08/26","114","4","6263","普萊德","529911.00","10277.00","-518377.00","--","21811.00","1579755.00","1601566.00"
"115/08/26","114","4","6264","富裔","-838016.00","101625.00","518750.00","--","-217641.00","279654.00","62013.00"
"115/08/26","114","4","6265","方土昶","-73120.00","197562.00","-69842.00","730.00","55330.00","722540.00","777870.00"
"115/08/26","114","4","6266","泰詠","328929.00","-413837.00","-252054.00","-20551.00","-357513.00","634676.00","277163.00"
"115/08/26","114","4","6270","倍微","189547.00","135790.00","-261760.00","-44356.00","19221.00","871492.00","890713.00"
"115/08/26","114","4","6274","台燿","595781.00","-6501793.00","4888318.00","-97351.00","-1115045.00","6280003.00","5164958.00"
"115/08/26","114","4","6275","元山","426848.00","-264132.00","-90777.00","4960.00","76899.00","340613.00","417512.00"
"115/08/26","114","4","6276","安鈦克","44557.00","-17695.00","-29268.00","2484.00","78.00","196130.00","196208.00"
"115/08/26","114","4","6279","胡連","1081727.00","-1345075.00","52076.00","-11201.00","-222473.00","1128654.00","906181.00"
"115/08/26","114","4","6284","佳邦","1304430.00","-407540.00","-228763.00","52255.00","720382.00","1067422.00","1787804.00"
"115/08/26","114","4","6290","良維","1183354.00","-455283.00","-118385.00","62295.00","671981.00","918613.00","1590594.00"
"115/08/26","114","4","6291","沛亨","196018.00","-19705.00","-137437.00","-14333.00","24543.00","682913.00","707456.00"
"115/08/26","114","4","6292","迅德","44644.00","141830.00","-217281.00","-24143.00","-54950.00","468388.00","413438.00"
"115/08/26","114","4","6294","智基","123686.00","-13749.00","-191399.00","--","-81462.00","600659.00","519197.00"
"115/08/26","114","4","6411","晶焱","346136.00","12623.00","-427505.00","-2966.00","-71712.00","364061.00","292349.00"
"115/08/26","114","4","6417","韋僑","304771.00","-128235.00","-179349.00","-82.00","-2895.00","547634.00","544739.00"
"115/08/26","114","4","6418","詠昇","42135.00","-5711.00","-55121.00","1702.00","-16995.00","281052.00","264057.00"
"115/08/26","114","4","6419","京晨科","50447.00","4865.00","-184866.00","-3247.00","-132801.00","167066.00","34265.00"
"115/08/26","114","4","6423","億而得","70071.00","-294821.00","-15726.00","490.00","-239986.00","502947.00","262961.00"
"115/08/26","114","4","6425","易發","39498.00","-87876.00","33635.00","889.00","-13854.00","668090.00","654236.00"
"115/08/26","114","4","6432","今展科","26031.00","-93737.00","-97141.00","-12112.00","-176959.00","570312.00","393353.00"
"115/08/26","114","4","6435","大中","576824.00","-436911.00","-175750.00","--","-35837.00","243188.00","207351.00"
"115/08/26","114","4","6441","廣錠","-78543.00","-1064.00","69465.00","-11.00","-10153.00","199631.00","189478.00"
"115/08/26","114","4","6461","益得","-361132.00","-197476.00","377281.00","-522.00","-181849.00","198653.00","16804.00"
"115/08/26","114","4","6462","神盾","-235754.00","-1083192.00","1764983.00","-4062.00","441975.00","2205166.00","2647141.00"
"115/08/26","114","4","6465","威潤","49081.00","-74080.00","-1884.00","-134.00","-27017.00","96717.00","69700.00"
"115/08/26","114","4","6469","大樹","1165793.00","-880712.00","-409631.00","-5691.00","-130241.00","1902002.00","1771761.00"
"115/08/26","114","4","6470","宇智","242484.00","674.00","-115306.00","-5565.00","122287.00","823625.00","945912.00"
"115/08/26","114","4","6474","華豫寧","104278.00","-21847.00","-37255.00","-1152.00","44024.00","212702.00","256726.00"
"115/08/26","114","4","6482","弘煜科","75816.00","-853.00","-26245.00","-2876.00","45842.00","325899.00","371741.00"
"115/08/26","114","4","6485","點序","463390.00","-162961.00","-28001.00","-1008.00","271420.00","368588.00","640008.00"
"115/08/26","114","4","6486","互動","11225.00","13281.00","-329715.00","-71.00","-305280.00","1041129.00","735849.00"
"115/08/26","114","4","6488","環球晶","12744715.00","-34049115.00","1303347.00","555872.00","-19445181.00","38929337.00","19484156.00"
"115/08/26","114","4","6492","生華科","-248457.00","5816.00","-9343.00","-2204.00","-254188.00","1025970.00","771782.00"
"115/08/26","114","4","6494","九齊","106481.00","-25119.00","-85049.00","-332.00","-4019.00","416573.00","412554.00"
"115/08/26","114","4","6496","科懋","-138723.00","-24400.00","108379.00","--","-54744.00","240080.00","185336.00"
"115/08/26","114","4","6498","久禾光","403902.00","-117753.00","287377.00","7190.00","580716.00","818498.00","1399214.00"
"115/08/26","114","4","6499","益安","-629137.00","-21496.00","667984.00","-9939.00","7412.00","513374.00","520786.00"
"115/08/26","114","4","6506","雙邦","214765.00","-126553.00","-105238.00","48.00","-16978.00","120265.00","103287.00"
"115/08/26","114","4","6508","惠光","205367.00","-64669.00","-126901.00","3061.00","16858.00","719265.00","736123.00"
"115/08/26","114","4","6509","聚和","1228798.00","-481040.00","-705138.00","-16170.00","26450.00","1611497.00","1637947.00"
"115/08/26","114","4","6510","精測","1574235.00","-372020.00","-285106.00","-6259.00","910850.00","3092974.00","4003824.00"
"115/08/26","114","4","6512","啟發電","7431.00","-2562.00","-656.00","1234.00","5447.00","230820.00","236267.00"
"115/08/26","114","4","6516","勤崴國際","31415.00","177731.00","-174177.00","--","34969.00","113737.00","148706.00"
"115/08/26","114","4","6517","保勝光學","75312.00","48291.00","-46771.00","--","76832.00","355821.00","432653.00"
"115/08/26","114","4","6523","達爾膚","340924.00","128401.00","-460487.00","--","8838.00","317496.00","326334.00"
"115/08/26","114","4","6527","明達醫","139131.00","-184979.00","-63776.00","--","-109624.00","241642.00","132018.00"
"115/08/26","114","4","6530","創威","78151.00","-1528.00","-58048.00","--","18575.00","420070.00","438645.00"
"115/08/26","114","4","6532","瑞耘","168822.00","-186136.00","-46293.00","202.00","-63405.00","226202.00","162797.00"
"115/08/26","114","4","6535","順藥","-360495.00","370187.00","-63587.00","3.00","-53892.00","235486.00","181594.00"
"115/08/26","114","4","6538","倉和","596150.00","-440065.00","-261556.00","1134.00","-104337.00","802675.00","698338.00"
"115/08/26","114","4","6542","隆中","-47317.00","75557.00","-92765.00","-3927.00","-68452.00","757112.00","688660.00"
"115/08/26","114","4","6546","正基","275205.00","-187417.00","-365310.00","--","-277522.00","1239480.00","961958.00"
"115/08/26","114","4","6547","高端疫苗","-49087.00","-35303.00","-39186.00","0.00","-123576.00","715613.00","592037.00"
"115/08/26","114","4","6548","長科*","1878583.00","-849269.00","-775967.00","-190514.00","62833.00","5334076.00","5396909.00"
"115/08/26","114","4","6556","勝品","170386.00","-33568.00","-228346.00","82.00","-91446.00","484209.00","392763.00"
"115/08/26","114","4","6560","欣普羅","-20037.00","-47518.00","184156.00","1026.00","117627.00","91258.00","208885.00"
"115/08/26","114","4","6561","是方","1530457.00","-713040.00","-1201529.00","-5015.00","-389127.00","1260309.00","871182.00"
"115/08/26","114","4","6568","宏觀","291797.00","-169462.00","-65319.00","646.00","57662.00","378812.00","436474.00"
"115/08/26","114","4","6569","醫揚","161784.00","-24773.00","-87686.00","421.00","49746.00","324593.00","374339.00"
"115/08/26","114","4","6570","維田","50800.00","-58429.00","-55773.00","-3846.00","-67248.00","232666.00","165418.00"
"115/08/26","114","4","6574","霈方","158316.00","15210.00","-92471.00","-338.00","80717.00","138720.00","219437.00"
"115/08/26","114","4","6576","逸達","-842227.00","-161746.00","134179.00","-17987.00","-887781.00","1367299.00","479518.00"
"115/08/26","114","4","6577","勁豐","333624.00","4430.00","-379559.00","-8710.00","-50215.00","870782.00","820567.00"
"115/08/26","114","4","6578","達邦蛋白","16646.00","-14419.00","-122844.00","-804.00","-121421.00","253586.00","132165.00"
"115/08/26","114","4","6584","南俊國際","340518.00","-131213.00","-61926.00","-2289.00","145090.00","322082.00","467172.00"
"115/08/26","114","4","6588","東典光電","-58228.00","-162259.00","168256.00","-90.00","-52321.00","424364.00","372043.00"
"115/08/26","114","4","6590","普鴻","193617.00","-71131.00","-61861.00","--","60625.00","175601.00","236226.00"
"115/08/26","114","4","6593","台灣銘板","-5499.00","-106153.00","106221.00","-1474.00","-6905.00","205201.00","198296.00"
"115/08/26","114","4","6596","寬宏藝術","1384342.00","-1518983.00","-310616.00","-148.00","-445405.00","625761.00","180356.00"
"115/08/26","114","4","6597","立誠","7162.00","-342817.00","203340.00","--","-132315.00","258618.00","126303.00"
"115/08/26","114","4","6603","富強鑫","-7357.00","-32824.00","255163.00","13036.00","228018.00","676230.00","904248.00"
"115/08/26","114","4","6609","瀧澤科","92234.00","-14053.00","-114088.00","-2404.00","-38311.00","311369.00","273058.00"
"115/08/26","114","4","6612","奈米醫材","-58833.00","-90714.00","178920.00","-10070.00","19303.00","439786.00","459089.00"
"115/08/26","114","4","6613","朋億*","1219905.00","-123498.00","-1105761.00","26889.00","17535.00","3650174.00","3667709.00"
"115/08/26","114","4","6615","慧智","15355.00","-14435.00","-22280.00","-111.00","-21471.00","112079.00","90608.00"
"115/08/26","114","4","6616","特昇-KY","23819.00","2690.00","-3562.00","20881.00","43828.00","270919.00","314747.00"
"115/08/26","114","4","6617","共信-KY","-135754.00","600679.00","-388611.00","-880.00","75434.00","893468.00","968902.00"
"115/08/26","114","4","6620","漢達","243633.00","-847843.00","1791657.00","22385.00","1209832.00","597381.00","1807213.00"
"115/08/26","114","4","6624","萬年清","40212.00","-2996.00","-26572.00","-985.00","9659.00","123663.00","133322.00"
"115/08/26","114","4","6629","泰金-KY","11302.00","-197702.00","-152610.00","86601.00","-252409.00","949323.00","696914.00"
"115/08/26","114","4","6637","醫影","-294387.00","-65388.00","409030.00","-4322.00","44933.00","327349.00","372282.00"
"115/08/26","114","4","6640","均華","150074.00","-129358.00","69023.00","-405.00","89334.00","628918.00","718252.00"
"115/08/26","114","4","6642","富致","130834.00","-170867.00","-5138.00","725.00","-44446.00","282705.00","238259.00"
"115/08/26","114","4","6643","M31","26324.00","45940.00","-98194.00","-5392.00","-31322.00","529011.00","497689.00"
"115/08/26","114","4","6649","台生材","48772.00","6949.00","-2660.00","--","53061.00","205344.00","258405.00"
"115/08/26","114","4","6651","全宇昕","305496.00","9967.00","-272690.00","4554.00","47327.00","471108.00","518435.00"
"115/08/26","114","4","6654","天正國際","-126746.00","173567.00","-60130.00","-1481.00","-14790.00","227740.00","212950.00"
"115/08/26","114","4","6661","威健生技","35267.00","-32784.00","48355.00","--","50838.00","173495.00","224333.00"
"115/08/26","114","4","6662","樂斯科","48710.00","-20321.00","-54501.00","--","-26112.00","106818.00","80706.00"
"115/08/26","114","4","6664","群翊","715874.00","-729310.00","-606671.00","15322.00","-604785.00","1124468.00","519683.00"
"115/08/26","114","4","6667","信紘科","403831.00","-264472.00","713087.00","1558.00","854004.00","896691.00","1750695.00"
"115/08/26","114","4","6679","鈺太","674916.00","4212.00","-703190.00","-1032.00","-25094.00","454123.00","429029.00"
"115/08/26","114","4","6680","鑫創電子","7956.00","-42237.00","-126211.00","-661.00","-161153.00","407717.00","246564.00"
"115/08/26","114","4","6683","雍智科技","584720.00","-40172.00","-282366.00","-22753.00","239429.00","1231014.00","1470443.00"
"115/08/26","114","4","6684","安格","31743.00","-116492.00","-13457.00","116.00","-98090.00","451527.00","353437.00"
"115/08/26","114","4","6690","安�硌穈T","1276687.00","-1681197.00","-221741.00","--","-626251.00","1520464.00","894213.00"
"115/08/26","114","4","6692","進能服","98158.00","-121786.00","-9811.00","--","-33439.00","619438.00","585999.00"
"115/08/26","114","4","6693","廣閎科","-22087.00","-52651.00","-218287.00","-48.00","-293073.00","759618.00","466545.00"
"115/08/26","114","4","6697","東捷資訊","199290.00","33609.00","-62609.00","-2287.00","168003.00","301109.00","469112.00"
"115/08/26","114","4","6703","軒郁","504470.00","-39497.00","-345215.00","197.00","119955.00","725364.00","845319.00"
"115/08/26","114","4","6708","天擎","23336.00","-16094.00","-20012.00","-3186.00","-15956.00","297236.00","281280.00"
"115/08/26","114","4","6712","長聖","536346.00","134268.00","-750128.00","--","-79514.00","301675.00","222161.00"
"115/08/26","114","4","6716","應廣","78225.00","-27086.00","-137364.00","-1292.00","-87517.00","664081.00","576564.00"
"115/08/26","114","4","6720","久昌","92386.00","-128202.00","-99866.00","2780.00","-132902.00","749825.00","616923.00"
"115/08/26","114","4","6721","信實","81298.00","-29750.00","-44868.00","--","6680.00","394566.00","401246.00"
"115/08/26","114","4","6725","矽科宏晟","208135.00","333115.00","532862.00","2055.00","1076167.00","380967.00","1457134.00"
"115/08/26","114","4","6727","亞泰金屬","140520.00","-67571.00","-95683.00","348.00","-22386.00","948494.00","926108.00"
"115/08/26","114","4","6728","上洋","-266394.00","-122155.00","378045.00","-16.00","-10520.00","301171.00","290651.00"
"115/08/26","114","4","6730","常廣","131684.00","-91368.00","-14228.00","8.00","26096.00","69197.00","95293.00"
"115/08/26","114","4","6732","昇佳電子","437036.00","208850.00","-448398.00","-3259.00","194229.00","748503.00","942732.00"
"115/08/26","114","4","6733","博晟生醫","-63655.00","66430.00","-3696.00","-201.00","-1122.00","219023.00","217901.00"
"115/08/26","114","4","6735","美達科技","19254.00","-11921.00","-83295.00","-152.00","-76114.00","312004.00","235890.00"
"115/08/26","114","4","6739","竹陞科技","366458.00","-236344.00","-115917.00","1903.00","16100.00","380708.00","396808.00"
"115/08/26","114","4","6741","91APP*-KY","570038.00","-50240.00","-549627.00","-13274.00","-43103.00","1630857.00","1587754.00"
"115/08/26","114","4","6751","智聯服務","-93006.00","-178889.00","65188.00","-2226.00","-208933.00","449344.00","240411.00"
"115/08/26","114","4","6752","叡揚","318372.00","-321010.00","-151186.00","22.00","-153802.00","694898.00","541096.00"
"115/08/26","114","4","6761","穩得","496710.00","-463844.00","-158174.00","-2526.00","-127834.00","643002.00","515168.00"
"115/08/26","114","4","6762","達亞","218085.00","-26181.00","-327104.00","--","-135200.00","306612.00","171412.00"
"115/08/26","114","4","6763","綠界科技*","528727.00","152333.00","-279825.00","--","401235.00","1051913.00","1453148.00"
"115/08/26","114","4","6767","台微醫","-4678.00","-3865.00","-1457.00","-95.00","-10095.00","101932.00","91837.00"
"115/08/26","114","4","6785","昱展新藥","-171030.00","607949.00","-19095.00","-30169.00","387655.00","1405833.00","1793488.00"
"115/08/26","114","4","6788","華景電","898240.00","-565475.00","-389846.00","-2184.00","-59265.00","1853588.00","1794323.00"
"115/08/26","114","4","6791","虎門科技","54834.00","58718.00","-86399.00","--","27153.00","301951.00","329104.00"
"115/08/26","114","4","6803","崑鼎","999394.00","-2189591.00","1627501.00","--","437304.00","2003967.00","2441271.00"
"115/08/26","114","4","6804","明係","-116716.00","-215603.00","91982.00","-23307.00","-263644.00","454350.00","190706.00"
"115/08/26","114","4","6811","宏�硌穈T","605062.00","-11039.00","-644282.00","566.00","-49693.00","965983.00","916290.00"
"115/08/26","114","4","6821","聯寶","100333.00","-74505.00","191383.00","-617.00","216594.00","370163.00","586757.00"
"115/08/26","114","4","6823","濾能","-34487.00","-71437.00","120783.00","-203.00","14656.00","116734.00","131390.00"
"115/08/26","114","4","6829","千附精密","305918.00","-438024.00","100855.00","--","-31251.00","269056.00","237805.00"
"115/08/26","114","4","6840","東研信超","170525.00","-114252.00","-86036.00","1908.00","-27855.00","287873.00","260018.00"
"115/08/26","114","4","6841","長佳智能","46769.00","449062.00","-39652.00","--","456179.00","81754.00","537933.00"
"115/08/26","114","4","6843","進典","-48722.00","-42618.00","101861.00","631.00","11152.00","288713.00","299865.00"
"115/08/26","114","4","6844","諾貝兒","321498.00","-139907.00","-420488.00","--","-238897.00","767066.00","528169.00"
"115/08/26","114","4","6846","綠茵","158903.00","-753953.00","836372.00","-345.00","240977.00","552383.00","793360.00"
"115/08/26","114","4","6855","數泓科","152263.00","-115765.00","37480.00","--","73978.00","46205.00","120183.00"
"115/08/26","114","4","6856","鑫傳","94263.00","-37622.00","-113789.00","--","-57148.00","470107.00","412959.00"
"115/08/26","114","4","6859","伯特光","239964.00","-512015.00","-5858.00","22486.00","-255423.00","766741.00","511318.00"
"115/08/26","114","4","6865","偉康科技","25201.00","77658.00","-107793.00","--","-4934.00","134337.00","129403.00"
"115/08/26","114","4","6870","騰雲","-8608.00","-583059.00","-81386.00","2797.00","-670256.00","1069842.00","399586.00"
"115/08/26","114","4","6872","浩宇生醫","-91241.00","-94280.00","210306.00","16.00","24801.00","162973.00","187774.00"
"115/08/26","114","4","6874","倍力","80137.00","-25934.00","-128823.00","--","-74620.00","374049.00","299429.00"
"115/08/26","114","4","6875","國邑*","-357479.00","256168.00","-16892.00","-10.00","-118213.00","749443.00","631230.00"
"115/08/26","114","4","6877","鏵友益","15487.00","-103126.00","-49271.00","-75.00","-136985.00","518170.00","381185.00"
"115/08/26","114","4","6881","潤德","-87071.00","-237375.00","-233122.00","--","-557568.00","746721.00","189153.00"
"115/08/26","114","4","6884","海柏特","86200.00","-8960.00","-4015.00","2097.00","75322.00","267897.00","343219.00"
"115/08/26","114","4","6894","衛司特","178968.00","14547.00","-165607.00","1167.00","29075.00","305023.00","334098.00"
"115/08/26","114","4","6895","宏碩系統","54081.00","49408.00","-56485.00","--","47004.00","282077.00","329081.00"
"115/08/26","114","4","6899","創為精密","160139.00","-50316.00","-146059.00","-2086.00","-38322.00","777663.00","739341.00"
"115/08/26","114","4","6903","巨漢","780143.00","-327285.00","-643901.00","-5026.00","-196069.00","2056308.00","1860239.00"
"115/08/26","114","4","6904","伯鑫","283312.00","31252.00","-48814.00","-486.00","265264.00","328896.00","594160.00"
"115/08/26","114","4","6907","雅特力-KY","195328.00","-38169.00","-8066.00","11469.00","160562.00","652062.00","812624.00"
"115/08/26","114","4","6910","德鴻","55503.00","-11217.00","68926.00","-60.00","113152.00","175588.00","288740.00"
"115/08/26","114","4","6913","鴻呈","205639.00","-344027.00","172412.00","-6113.00","27911.00","320793.00","348704.00"
"115/08/26","114","4","6922","宸曜","90687.00","-153124.00","-56385.00","-724.00","-119546.00","450185.00","330639.00"
"115/08/26","114","4","6925","意藍","70233.00","-114147.00","71462.00","--","27548.00","137151.00","164699.00"
"115/08/26","114","4","6929","佑全","240023.00","-34417.00","-265916.00","--","-60310.00","305670.00","245360.00"
"115/08/26","114","4","6945","圓祥生技","-352086.00","-125254.00","4512.00","2078.00","-470750.00","1441642.00","970892.00"
"115/08/26","114","4","6953","家碩","261382.00","-13689.00","-44788.00","-9589.00","193316.00","1322050.00","1515366.00"
"115/08/26","114","4","6961","旅天下","113097.00","21775.00","-135245.00","449.00","76.00","714677.00","714753.00"
"115/08/26","114","4","6967","汎瑋材料","73173.00","15724.00","-82219.00","-12677.00","-5999.00","314404.00","308405.00"
"115/08/26","114","4","6968","萬達寵物","399217.00","-372236.00","-27378.00","0.00","-397.00","209924.00","209527.00"
"115/08/26","114","4","6971","惠民實業","-198980.00","-225478.00","489878.00","--","65420.00","304697.00","370117.00"
"115/08/26","114","4","6982","大井泵浦","11713.00","-581592.00","473618.00","16.00","-96245.00","253819.00","157574.00"
"115/08/26","114","4","6983","華洋精機","128859.00","-3837.00","-48785.00","--","76237.00","189847.00","266084.00"
"115/08/26","114","4","6986","和迅","163894.00","-158378.00","1689.00","--","7205.00","200992.00","208197.00"
"115/08/26","114","4","6996","力領科技","618077.00","46828.00","-572396.00","-5675.00","86834.00","546687.00","633521.00"
"115/08/26","114","4","6997","博弘","197096.00","-9069.00","-131007.00","-6295.00","50725.00","720946.00","771671.00"
"115/08/26","114","4","7402","邑錡","43791.00","-471509.00","324226.00","--","-103492.00","532978.00","429486.00"
"115/08/26","114","4","7547","碩網","37180.00","-320111.00","286085.00","352.00","3506.00","84044.00","87550.00"
"115/08/26","114","4","7556","意德士科技","138040.00","-211581.00","444704.00","-1038.00","370125.00","370211.00","740336.00"
"115/08/26","114","4","7584","樂意","4188.00","-78616.00","-74846.00","-29.00","-149303.00","225706.00","76403.00"
"115/08/26","114","4","7642","昶瑞機電","102435.00","-117876.00","28170.00","--","12729.00","286958.00","299687.00"
"115/08/26","114","4","7703","銳澤","374410.00","-26919.00","-197546.00","4334.00","154279.00","974011.00","1128290.00"
"115/08/26","114","4","7704","明遠精密","94643.00","-170000.00","-92010.00","-1251.00","-168618.00","548412.00","379794.00"
"115/08/26","114","4","7708","全家餐飲","453845.00","-170052.00","-261634.00","64.00","22223.00","247317.00","269540.00"
"115/08/26","114","4","7709","榮田","271843.00","35140.00","-47690.00","--","259293.00","419997.00","679290.00"
"115/08/26","114","4","7712","博盛半導體","144413.00","-162504.00","-345309.00","-437.00","-363837.00","1229304.00","865467.00"
"115/08/26","114","4","7713","威力德生醫","313295.00","-275398.00","24845.00","--","62742.00","174972.00","237714.00"
"115/08/26","114","4","7714","創泓科技","105972.00","-29750.00","67790.00","--","144012.00","125049.00","269061.00"
"115/08/26","114","4","7715","裕山","128476.00","92914.00","-325625.00","-683.00","-104918.00","335086.00","230168.00"
"115/08/26","114","4","7716","昱臺國際","59114.00","-3564.00","4302.00","-8080.00","51772.00","203776.00","255548.00"
"115/08/26","114","4","7717","萊德光電-KY","152350.00","-159724.00","288397.00","-12876.00","268147.00","448455.00","716602.00"
"115/08/26","114","4","7718","友鋮","166681.00","-147185.00","-28445.00","346.00","-8603.00","496870.00","488267.00"
"115/08/26","114","4","7723","築間","486713.00","-307881.00","-188326.00","-617.00","-10111.00","533438.00","523327.00"
"115/08/26","114","4","7728","光焱科技","80589.00","-48599.00","354470.00","-113.00","386347.00","321655.00","708002.00"
"115/08/26","114","4","7734","印能科技","814666.00","-2864953.00","2229745.00","-44507.00","134951.00","2465073.00","2600024.00"
"115/08/26","114","4","7738","東聯互動","345795.00","-2265.00","214189.00","-120.00","557599.00","1039846.00","1597445.00"
"115/08/26","114","4","7743","金利食安","24082.00","-62260.00","99043.00","10392.00","71257.00","339949.00","411206.00"
"115/08/26","114","4","7744","崴寶","425533.00","-1097502.00","771944.00","-10474.00","89501.00","319119.00","408620.00"
"115/08/26","114","4","7747","昕奇雲端","310913.00","-12043.00","264668.00","-2547.00","560991.00","179357.00","740348.00"
"115/08/26","114","4","7751","竑騰","597451.00","-736243.00","733816.00","2763.00","597787.00","1060865.00","1658652.00"
"115/08/26","114","4","7753","星亞","147962.00","-170678.00","74212.00","--","51496.00","344631.00","396127.00"
"115/08/26","114","4","7757","金色三麥","425636.00","-222491.00","-37180.00","-186.00","165779.00","240826.00","406605.00"
"115/08/26","114","4","7767","仁大資訊","-44741.00","-331505.00","372019.00","-2737.00","-6964.00","152367.00","145403.00"
"115/08/26","114","4","7770","君曜","48276.00","120536.00","-34207.00","-12.00","134593.00","256840.00","391433.00"
"115/08/26","114","4","7772","耀穎","142019.00","-38495.00","-105486.00","--","-1962.00","261398.00","259436.00"
"115/08/26","114","4","7777","能率亞洲","51344.00","--","310594.00","--","361938.00","204227.00","566165.00"
"115/08/26","114","4","7782","光速火箭","93331.00","-253021.00","160063.00","--","373.00","276921.00","277294.00"
"115/08/26","114","4","7792","安葆","11587.00","-48111.00","-332192.00","-6505.00","-375221.00","1511616.00","1136395.00"
"115/08/26","114","4","7794","宏�硒撥s","193723.00","-11283.00","-96844.00","-6929.00","78667.00","333331.00","411998.00"
"115/08/26","114","4","7805","威聯通","1001841.00","-191727.00","756421.00","12614.00","1579149.00","1367185.00","2946334.00"
"115/08/26","114","4","7810","捷創科技","113556.00","144080.00","190979.00","-2429.00","446186.00","209143.00","655329.00"
"115/08/26","114","4","7811","民盛","287833.00","-101864.00","21211.00","33077.00","240257.00","269958.00","510215.00"
"115/08/26","114","4","7814","海昌生技","-6588.00","-25469.00","-1941.00","--","-33998.00","98576.00","64578.00"
"115/08/26","114","4","7819","精誠金融","20079.00","-6484.00","-55024.00","--","-41429.00","76007.00","34578.00"
"115/08/26","114","4","7820","立盈","148797.00","-268296.00","95742.00","--","-23757.00","39757.00","16000.00"
"115/08/26","114","4","7828","創新服務","-82045.00","-454110.00","486755.00","251.00","-49149.00","462515.00","413366.00"
"115/08/26","114","4","7839","達人網","45846.00","-46702.00","-12664.00","-677.00","-14197.00","76470.00","62273.00"
"115/08/26","114","4","7842","天能綠電","-27025.00","-117075.00","64615.00","--","-79485.00","346444.00","266959.00"
"115/08/26","114","4","8024","佑華","-61525.00","23059.00","-1127.00","-3723.00","-43316.00","146351.00","103035.00"
"115/08/26","114","4","8027","鈦昇","136771.00","-362351.00","-14320.00","5071.00","-234829.00","730387.00","495558.00"
"115/08/26","114","4","8032","光菱","141255.00","12645.00","-30526.00","-10830.00","112544.00","445857.00","558401.00"
"115/08/26","114","4","8034","榮群","343334.00","-345267.00","-52519.00","--","-54452.00","192924.00","138472.00"
"115/08/26","114","4","8038","長園科","-36108.00","-17171.00","155373.00","-42.00","102052.00","191187.00","293239.00"
"115/08/26","114","4","8040","九暘","39046.00","-61048.00","-607.00","--","-22609.00","2101681.00","2079072.00"
"115/08/26","114","4","8042","金山電","313826.00","65493.00","-310996.00","-120983.00","-52660.00","1675599.00","1622939.00"
"115/08/26","114","4","8043","蜜望實","-499970.00","127335.00","407370.00","-11629.00","23106.00","697277.00","720383.00"
"115/08/26","114","4","8044","網家","-1023689.00","-2257502.00","3707822.00","125012.00","551643.00","3580237.00","4131880.00"
"115/08/26","114","4","8047","星雲","-18201.00","-3665.00","-4849.00","-442.00","-27157.00","102247.00","75090.00"
"115/08/26","114","4","8048","德勝","251551.00","-35310.00","-131276.00","136.00","85101.00","272248.00","357349.00"
"115/08/26","114","4","8049","晶采","282428.00","-80222.00","-257481.00","-12740.00","-68015.00","296418.00","228403.00"
"115/08/26","114","4","8050","廣積","352889.00","462788.00","-1189488.00","-7989.00","-381800.00","1373224.00","991424.00"
"115/08/26","114","4","8054","安國","312814.00","-852341.00","572871.00","-8691.00","24653.00","1268876.00","1293529.00"
"115/08/26","114","4","8059","凱碩","1780302.00","329855.00","-587280.00","-42395.00","1480482.00","324734.00","1805216.00"
"115/08/26","114","4","8064","東捷","650033.00","-41678.00","-220188.00","3839.00","392006.00","2027236.00","2419242.00"
"115/08/26","114","4","8066","來思達","136893.00","-353887.00","218915.00","-44321.00","-42400.00","321135.00","278735.00"
"115/08/26","114","4","8067","志旭","-5033.00","15637.00","-13649.00","-467.00","-3512.00","15499.00","11987.00"
"115/08/26","114","4","8068","全達","-189604.00","-98000.00","182003.00","112.00","-105489.00","288674.00","183185.00"
"115/08/26","114","4","8069","元太","9599717.00","377413.00","-4353803.00","-18261.00","5605066.00","13206169.00","18811235.00"
"115/08/26","114","4","8071","能率網通","-101386.00","-57148.00","-29001.00","-6178.00","-193713.00","823735.00","630022.00"
"115/08/26","114","4","8074","鉅橡","175029.00","-377199.00","344981.00","3272.00","146083.00","471877.00","617960.00"
"115/08/26","114","4","8076","伍豐","184431.00","287754.00","-444114.00","14419.00","42490.00","1215195.00","1257685.00"
"115/08/26","114","4","8077","洛��","569867.00","-65409.00","-538238.00","--","-33780.00","298982.00","265202.00"
"115/08/26","114","4","8080","泰霖","-586734.00","-16966.00","424840.00","0.00","-178860.00","410578.00","231718.00"
"115/08/26","114","4","8083","瑞穎","389992.00","-15999.00","-359077.00","--","14916.00","56469.00","71385.00"
"115/08/26","114","4","8084","巨虹","77664.00","-1068743.00","890664.00","166.00","-100249.00","228797.00","128548.00"
"115/08/26","114","4","8085","福華","-28969.00","-27826.00","-113021.00","-21017.00","-190833.00","858848.00","668015.00"
"115/08/26","114","4","8086","宏捷科","1307989.00","-707509.00","23764.00","--","624244.00","2826099.00","3450343.00"
"115/08/26","114","4","8087","麗升能源","-140094.00","15705.00","497277.00","--","372888.00","321481.00","694369.00"
"115/08/26","114","4","8088","品安","-366128.00","-33792.00","89343.00","--","-310577.00","383261.00","72684.00"
"115/08/26","114","4","8089","康全電訊","196267.00","-23675.00","-93733.00","-254.00","78605.00","845885.00","924490.00"
"115/08/26","114","4","8091","翔名","481706.00","-492228.00","-569944.00","-11803.00","-592269.00","2127159.00","1534890.00"
"115/08/26","114","4","8092","建暐","40005.00","-47149.00","17999.00","125.00","10980.00","88495.00","99475.00"
"115/08/26","114","4","8093","保銳","-54544.00","29961.00","-29637.00","-6079.00","-60299.00","131234.00","70935.00"
"115/08/26","114","4","8096","擎亞","675483.00","-68336.00","-151102.00","-102656.00","353389.00","664714.00","1018103.00"
"115/08/26","114","4","8097","常珵","-18925.00","45474.00","-177860.00","-5541.00","-156852.00","435261.00","278409.00"
"115/08/26","114","4","8099","大世科","257962.00","-183397.00","-161490.00","-113.00","-87038.00","790016.00","702978.00"
"115/08/26","114","4","8102","傑霖科技","-23280.00","-2431.00","24055.00","-567.00","-2223.00","230669.00","228446.00"
"115/08/26","114","4","8107","大億金茂","54799.00","8058.00","-212026.00","17829.00","-131340.00","591412.00","460072.00"
"115/08/26","114","4","8109","博大","601114.00","-415703.00","-337712.00","-1252.00","-153553.00","1786805.00","1633252.00"
"115/08/26","114","4","8111","立��","177905.00","-194057.00","-52796.00","-1203.00","-70151.00","741746.00","671595.00"
"115/08/26","114","4","8121","越峰","186289.00","-388720.00","134338.00","5377.00","-62716.00","727586.00","664870.00"
"115/08/26","114","4","8147","正淩","285679.00","-343318.00","-123079.00","-4424.00","-185142.00","651414.00","466272.00"
"115/08/26","114","4","8155","博智","122024.00","-521074.00","1332561.00","335.00","933846.00","561605.00","1495451.00"
"115/08/26","114","4","8171","天宇","-64136.00","-644759.00","981805.00","-1530.00","271380.00","479548.00","750928.00"
"115/08/26","114","4","8176","智捷","143828.00","-5489.00","1664.00","1152.00","141155.00","234637.00","375792.00"
"115/08/26","114","4","8182","加高","-12551.00","-8232.00","-306430.00","34469.00","-292744.00","1557204.00","1264460.00"
"115/08/26","114","4","8183","精星","280666.00","-498344.00","291453.00","14628.00","88403.00","244572.00","332975.00"
"115/08/26","114","4","8227","巨有科技","46943.00","-58345.00","-64072.00","-16814.00","-92288.00","921573.00","829285.00"
"115/08/26","114","4","8234","新漢","159664.00","-207650.00","-572442.00","-48629.00","-669057.00","1485845.00","816788.00"
"115/08/26","114","4","8240","華宏","391915.00","-152887.00","-27686.00","-98852.00","112490.00","1061762.00","1174252.00"
"115/08/26","114","4","8255","朋程","1414774.00","-582954.00","-519518.00","17072.00","329374.00","1425438.00","1754812.00"
"115/08/26","114","4","8272","全景軟體","128757.00","-118221.00","-50401.00","--","-39865.00","194432.00","154567.00"
"115/08/26","114","4","8277","商丞","16136.00","-103652.00","-4419.00","--","-91935.00","157716.00","65781.00"
"115/08/26","114","4","8279","生展","319483.00","-76825.00","-309466.00","340.00","-66468.00","341933.00","275465.00"
"115/08/26","114","4","8284","三竹","243454.00","-156917.00","-190220.00","--","-103683.00","1029281.00","925598.00"
"115/08/26","114","4","8289","泰藝","61999.00","-383171.00","299092.00","-15995.00","-38075.00","707636.00","669561.00"
"115/08/26","114","4","8291","尚茂","-22249.00","-135.00","-7159.00","78.00","-29465.00","68470.00","39005.00"
"115/08/26","114","4","8299","群聯","1597542.00","-1908272.00","-3108669.00","-287511.00","-3706910.00","19982162.00","16275252.00"
"115/08/26","114","4","8342","益張","234550.00","-22556.00","-193663.00","-466.00","17865.00","261683.00","279548.00"
"115/08/26","114","4","8349","�矬ㄟ篕�","1236085.00","-2367771.00","1169370.00","144865.00","182549.00","1596222.00","1778771.00"
"115/08/26","114","4","8354","冠好","40345.00","-159762.00","-190990.00","30699.00","-279708.00","576226.00","296518.00"
"115/08/26","114","4","8358","金居","362476.00","-792247.00","-815774.00","-45.00","-1245590.00","1990232.00","744642.00"
"115/08/26","114","4","8383","千附","621244.00","-487333.00","-134938.00","-1970.00","-2997.00","452822.00","449825.00"
"115/08/26","114","4","8390","金益鼎","729067.00","-151131.00","-252040.00","-27736.00","298160.00","871184.00","1169344.00"
"115/08/26","114","4","8401","白紗科","300582.00","-224036.00","-63276.00","--","13270.00","427714.00","440984.00"
"115/08/26","114","4","8403","盛弘","364125.00","-121066.00","-359877.00","-4131.00","-120949.00","1459635.00","1338686.00"
"115/08/26","114","4","8409","商之器","-72961.00","1246.00","-19889.00","-1432.00","-93036.00","223863.00","130827.00"
"115/08/26","114","4","8410","森田","212055.00","-85669.00","-122584.00","53.00","3855.00","28027.00","31882.00"
"115/08/26","114","4","8415","大國鋼","2587107.00","2569405.00","-4518775.00","-3785.00","633952.00","1417276.00","2051228.00"
"115/08/26","114","4","8416","實威","461218.00","-768954.00","-230788.00","107.00","-538417.00","1016891.00","478474.00"
"115/08/26","114","4","8421","旭源","64674.00","-82916.00","38253.00","2263.00","22274.00","85558.00","107832.00"
"115/08/26","114","4","8423","保綠-KY","37780.00","-90161.00","-14000.00","9973.00","-56408.00","288155.00","231747.00"
"115/08/26","114","4","8424","惠普","266731.00","-72450.00","-189414.00","--","4867.00","148782.00","153649.00"
"115/08/26","114","4","8426","紅木-KY","243481.00","-82129.00","-118286.00","-12963.00","30103.00","474370.00","504473.00"
"115/08/26","114","4","8431","匯鑽科","83709.00","-175183.00","333105.00","-4121.00","237510.00","236671.00","474181.00"
"115/08/26","114","4","8432","東生華","139520.00","-164817.00","-98506.00","0.00","-123803.00","588342.00","464539.00"
"115/08/26","114","4","8433","弘帆","121022.00","-143517.00","-641467.00","8281.00","-655681.00","1937208.00","1281527.00"
"115/08/26","114","4","8435","鉅邁","128292.00","59070.00","-151211.00","781.00","36932.00","159081.00","196013.00"
"115/08/26","114","4","8436","大江","1496097.00","-676343.00","-102269.00","-13965.00","703520.00","4767212.00","5470732.00"
"115/08/26","114","4","8437","大地-KY","93175.00","85873.00","-142475.00","4273.00","40846.00","485994.00","526840.00"
"115/08/26","114","4","8440","綠電","121473.00","-130703.00","1052.00","--","-8178.00","162937.00","154759.00"
"115/08/26","114","4","8444","綠河-KY","-276756.00","-79405.00","228420.00","-13703.00","-141444.00","175237.00","33793.00"
"115/08/26","114","4","8446","華研","456712.00","307732.00","-492243.00","802.00","273003.00","842445.00","1115448.00"
"115/08/26","114","4","8450","霹靂","-186282.00","196127.00","-139517.00","11055.00","-118617.00","351578.00","232961.00"
"115/08/26","114","4","8455","大拓-KY","67039.00","4025.00","-50138.00","-11684.00","9242.00","275824.00","285066.00"
"115/08/26","114","4","8472","納維康","-3165.00","8647.00","74594.00","121.00","80197.00","78995.00","159192.00"
"115/08/26","114","4","8477","創業家","-119541.00","29705.00","-5801.00","--","-95637.00","192336.00","96699.00"
"115/08/26","114","4","8489","三貝德","228234.00","-851946.00","802733.00","-154.00","178867.00","807656.00","986523.00"
"115/08/26","114","4","8905","裕國","250053.00","-170549.00","-133326.00","--","-53822.00","338228.00","284406.00"
"115/08/26","114","4","8906","花王","-45970.00","-855835.00","910924.00","--","9119.00","113967.00","123086.00"
"115/08/26","114","4","8908","欣雄","595289.00","-1433297.00","1060557.00","--","222549.00","953280.00","1175829.00"
"115/08/26","114","4","8916","光隆","1134868.00","-619763.00","-164049.00","-129553.00","221503.00","629085.00","850588.00"
"115/08/26","114","4","8917","欣泰","661569.00","-358614.00","-360596.00","-430.00","-58071.00","386771.00","328700.00"
"115/08/26","114","4","8921","沈氏","29938.00","-458895.00","471919.00","-22160.00","20802.00","145517.00","166319.00"
"115/08/26","114","4","8923","時報","109553.00","-54893.00","-36615.00","15.00","18060.00","40101.00","58161.00"
"115/08/26","114","4","8924","大田","317589.00","-501161.00","-72119.00","-132369.00","-388060.00","2755733.00","2367673.00"
"115/08/26","114","4","8927","北基","853190.00","-2413519.00","1637516.00","-1852.00","75335.00","1145716.00","1221051.00"
"115/08/26","114","4","8928","鉅明","183881.00","-179243.00","85214.00","187.00","90039.00","106320.00","196359.00"
"115/08/26","114","4","8929","富堡","-13513.00","48320.00","-8511.00","-40805.00","-14509.00","479157.00","464648.00"
"115/08/26","114","4","8930","青鋼","242761.00","-31649.00","-286600.00","15300.00","-60188.00","548900.00","488712.00"
"115/08/26","114","4","8931","大汽電","678972.00","-693689.00","36277.00","--","21560.00","324972.00","346532.00"
"115/08/26","114","4","8932","智通*","791429.00","-282894.00","87859.00","42379.00","638773.00","867349.00","1506122.00"
"115/08/26","114","4","8933","愛地雅","-49644.00","-39682.00","223061.00","30860.00","164595.00","404569.00","569164.00"
"115/08/26","114","4","8935","邦泰","13151.00","8620.00","63346.00","-378.00","84739.00","114445.00","199184.00"
"115/08/26","114","4","8936","國統","454710.00","-250868.00","-499475.00","1301.00","-294332.00","959415.00","665083.00"
"115/08/26","114","4","8937","合騏*","-209912.00","-2928134.00","3210208.00","--","72162.00","44540.00","116702.00"
"115/08/26","114","4","8938","明安","1222360.00","-971772.00","-891358.00","26149.00","-614621.00","1991909.00","1377288.00"
"115/08/26","114","4","8941","關中","69239.00","-73372.00","-71524.00","-7487.00","-83144.00","436583.00","353439.00"
"115/08/26","114","4","8942","森鉅","498034.00","-793061.00","-126037.00","15652.00","-405412.00","1535382.00","1129970.00"
"115/08/26","114","4","9949","琉園","-68503.00","-9979.00","-20655.00","-6233.00","-105370.00","352520.00","247150.00"
"115/08/26","114","4","9950","萬國通","109880.00","-35449.00","-267239.00","-383.00","-193191.00","693521.00","500330.00"
"115/08/26","114","4","9951","皇田","715912.00","3965.00","-306704.00","20976.00","434149.00","1097994.00","1532143.00"
"115/08/26","114","4","9960","邁達康","138352.00","25370.00","-124179.00","-11757.00","27786.00","141071.00","168857.00"
"115/08/26","114","4","9962","有益","133658.00","-19660.00","-95970.00","0.00","18028.00","119459.00","137487.00"
