代號,名稱,年度,季別,出表日期,淨利,本期淨利（淨損）,淨利（損）歸屬於母公司業主,營業收入,營業成本,基本每股盈餘（元）
1101,台泥,114,Q3,115/09/08,-10286629.0,-10286629.0,-9239402.0,109377581.0,89293046.0,-1.28
1101,台泥,114,Q4,115/09/08,-11862586.0,-11862586.0,-11617608.0,149804135.0,122246546.0,-1.6
1102,亞泥,114,Q4,115/09/08,10215115.0,10215115.0,10029823.0,71038529.0,59799628.0,3.0
1102,亞泥,114,Q3,115/09/08,8354409.0,8354409.0,8085148.0,53149015.0,44417773.0,2.42
1103,嘉泥,114,Q3,115/09/08,492849.0,492849.0,478867.0,2244681.0,1882321.0,0.73
1103,嘉泥,114,Q4,115/09/08,566896.0,566896.0,556262.0,3015357.0,2527950.0,0.84
1104,環泥,114,Q4,115/09/08,1802094.0,1802094.0,1756478.0,7920216.0,6080881.0,2.56
1104,環泥,114,Q3,115/09/08,1271031.0,1271031.0,1236838.0,5783017.0,4565941.0,1.8
1108,幸福,114,Q3,115/09/08,815944.0,815944.0,815944.0,3425383.0,2715003.0,2.02
1108,幸福,114,Q4,115/09/08,880657.0,880657.0,880657.0,4450870.0,3599426.0,2.18
1109,信大,114,Q4,115/09/08,382272.0,382272.0,351163.0,4431539.0,3723105.0,1.03
1109,信大,114,Q3,115/09/08,305045.0,305045.0,271774.0,3312269.0,2767441.0,0.8
1110,東泥,114,Q3,115/09/08,195716.0,195716.0,163944.0,2142289.0,1822223.0,0.29
1110,東泥,114,Q4,115/09/08,228562.0,228562.0,205528.0,2851556.0,2423095.0,0.36
1201,味全,114,Q4,115/09/08,204115.0,204115.0,203055.0,21842084.0,15911056.0,0.4
1201,味全,114,Q3,115/09/08,216608.0,216608.0,215859.0,16717790.0,12158273.0,0.43
1203,味王,114,Q3,115/09/08,520326.0,520326.0,303103.0,4337935.0,2816008.0,1.28
1203,味王,114,Q4,115/09/08,689531.0,689531.0,430560.0,5654961.0,3691053.0,1.81
1210,大成,114,Q4,115/09/08,4286901.0,4286901.0,3624189.0,101221775.0,86358406.0,4.33
1210,大成,114,Q3,115/09/08,2702423.0,2702423.0,2235774.0,75015426.0,64196717.0,2.67
1213,大飲,114,Q3,115/09/08,-36849.0,-36849.0,-36849.0,226784.0,231592.0,-0.65
1213,大飲,114,Q4,115/09/08,-48380.0,-48380.0,-48380.0,297365.0,304768.0,-0.85
1215,卜蜂,114,Q4,115/09/08,3076657.0,3076657.0,3063774.0,28431622.0,22392856.0,10.39
1215,卜蜂,114,Q3,115/09/08,2348079.0,2348079.0,2340212.0,20852147.0,16347614.0,7.94
1216,統一,114,Q3,115/09/08,26254178.0,26254178.0,16664597.0,515163655.0,342625009.0,2.93
1216,統一,114,Q4,115/09/08,31217531.0,31217531.0,19627594.0,672863578.0,450283343.0,3.45
1217,愛之味,114,Q4,115/09/08,219439.0,219439.0,208672.0,5035400.0,3643134.0,0.42
1217,愛之味,114,Q3,115/09/08,163642.0,163642.0,154461.0,4032264.0,2918126.0,0.31
1218,泰山,114,Q3,115/09/08,520275.0,520275.0,519788.0,7732301.0,6346276.0,1.07
1218,泰山,114,Q4,115/09/08,777476.0,777476.0,772856.0,10114639.0,8335883.0,1.59
1219,福壽,114,Q4,115/09/08,-544.0,-544.0,155133.0,14381994.0,13143878.0,0.45
1219,福壽,114,Q3,115/09/08,-34601.0,-34601.0,85505.0,10596846.0,9738263.0,0.25
1220,台榮,114,Q3,115/09/08,42814.0,42814.0,22519.0,2405232.0,2130580.0,0.13
1220,台榮,114,Q4,115/09/08,43228.0,43228.0,13529.0,3328123.0,2978175.0,0.08
1225,福懋油,114,Q4,115/09/08,471196.0,471196.0,393442.0,12054917.0,10949303.0,1.62
1225,福懋油,114,Q3,115/09/08,323052.0,323052.0,271840.0,8999764.0,8204627.0,1.12
1227,佳格,114,Q3,115/09/08,869604.0,869604.0,850362.0,20336366.0,15224482.0,0.94
1227,佳格,114,Q4,115/09/08,1233136.0,1233136.0,1208790.0,27872203.0,21012996.0,1.33
1229,聯華,114,Q4,115/09/08,5577523.0,5577523.0,4599753.0,13583582.0,10176206.0,2.57
1229,聯華,114,Q3,115/09/08,4378391.0,4378391.0,3585854.0,9763221.0,7162711.0,2.0
1231,聯華食,114,Q3,115/09/08,668461.0,668461.0,668586.0,9486468.0,7605813.0,2.24
1231,聯華食,114,Q4,115/09/08,1138582.0,1138582.0,1138520.0,12867131.0,10237541.0,3.81
1232,大統益,114,Q4,115/09/08,1381702.0,1381702.0,1320490.0,21513071.0,18621054.0,8.25
1232,大統益,114,Q3,115/09/08,981257.0,981257.0,933556.0,15836433.0,13752067.0,5.84
1233,天仁,114,Q3,115/09/08,49643.0,49643.0,49858.0,1599940.0,646549.0,0.55
1233,天仁,114,Q4,115/09/08,67730.0,67730.0,67920.0,2160758.0,869484.0,0.75
1234,黑松,114,Q4,115/09/08,804346.0,804346.0,804346.0,9510093.0,6744572.0,2.0
1234,黑松,114,Q3,115/09/08,631629.0,631629.0,631629.0,7308375.0,5194134.0,1.57
1235,興泰,114,Q3,115/09/08,18804.0,18804.0,71989.0,119659.0,86655.0,0.59
1235,興泰,114,Q4,115/09/08,-92766.0,-92766.0,-2937.0,175778.0,127518.0,-0.03
1236,宏亞,114,Q4,115/09/08,-36925.0,-36925.0,-36925.0,1813512.0,1354008.0,-0.43
1236,宏亞,114,Q3,115/09/08,-19677.0,-19677.0,-19677.0,1378074.0,1026412.0,-0.23
1240,茂生農經,114,Q1,115/09/08,46196.0,46196.0,47666.0,683656.0,596612.0,1.15
1240,茂生農經,114,Q4,115/09/08,208689.0,208689.0,214940.0,2743785.0,2420336.0,4.86
1256,鮮活果汁-KY,114,Q4,115/09/08,382610.0,382610.0,382325.0,4119789.0,2977635.0,11.19
1256,鮮活果汁-KY,114,Q3,115/09/08,315537.0,315537.0,315380.0,3241472.0,2315452.0,9.32
1259,安心,114,Q4,115/09/08,82378.0,82378.0,79381.0,6062167.0,4696284.0,2.45
1259,安心,114,Q1,115/09/08,11090.0,11090.0,8751.0,1469693.0,1146183.0,0.27
1264,德麥,114,Q4,115/09/08,879538.0,879538.0,758499.0,6779456.0,4595742.0,20.47
1264,德麥,114,Q1,115/09/08,220909.0,220909.0,192662.0,1662710.0,1117905.0,5.2
1268,漢來美食,114,Q1,115/09/08,185233.0,185233.0,185233.0,1735459.0,906017.0,4.39
1268,漢來美食,114,Q4,115/09/08,427167.0,427167.0,427167.0,6226966.0,3377263.0,10.12
1294,漢田生技,114,Q1,115/09/08,32158.0,32158.0,32156.0,174677.0,109414.0,1.17
1294,漢田生技,114,Q4,115/09/08,139084.0,139084.0,139052.0,778543.0,489648.0,4.6
1295,生合,114,Q1,115/09/08,39369.0,39369.0,39369.0,233724.0,107997.0,1.26
1295,生合,114,Q4,115/09/08,175968.0,175968.0,175968.0,1038668.0,483471.0,5.29
1301,台塑,114,Q3,115/09/08,-7177387.0,-7177387.0,-7177387.0,134307258.0,129683090.0,-1.13
1301,台塑,114,Q4,115/09/08,-10048659.0,-10048659.0,-10048659.0,175411403.0,169808092.0,-1.58
1303,南亞,114,Q4,115/09/08,5065640.0,5065640.0,4518598.0,259911744.0,238324664.0,0.57
1303,南亞,114,Q3,115/09/08,-237090.0,-237090.0,-406808.0,195445091.0,179822347.0,-0.05
1304,台聚,114,Q3,115/09/08,-4488177.0,-4488177.0,-1982204.0,34227460.0,33410151.0,-1.85
1304,台聚,114,Q4,115/09/08,-6405280.0,-6405280.0,-2790962.0,44167999.0,42820346.0,-2.6
1305,華夏,114,Q4,115/09/08,-982229.0,-982229.0,-918980.0,9220952.0,9570867.0,-1.58
1305,華夏,114,Q3,115/09/08,-834145.0,-834145.0,-777335.0,7385398.0,7747248.0,-1.34
1307,三芳,114,Q3,115/09/08,798718.0,798718.0,798718.0,8251584.0,5648838.0,2.01
1307,三芳,114,Q4,115/09/08,1132305.0,1132305.0,1132305.0,10814943.0,7392840.0,2.85
1308,亞聚,114,Q4,115/09/08,-1044503.0,-1044503.0,-1044503.0,5743172.0,5493838.0,-1.76
1308,亞聚,114,Q3,115/09/08,-685986.0,-685986.0,-685986.0,4340671.0,4182798.0,-1.16
1309,台達化,114,Q3,115/09/08,-370840.0,-370840.0,-370840.0,11474808.0,10981453.0,-0.93
1309,台達化,114,Q4,115/09/08,-427371.0,-427371.0,-427371.0,14485681.0,13893628.0,-1.07
1310,台苯,114,Q4,115/09/08,-723550.0,-723550.0,-724616.0,8673776.0,9216061.0,-1.37
1310,台苯,114,Q3,115/09/08,-496860.0,-496860.0,-496618.0,6960168.0,7376121.0,-0.94
1312,國喬,114,Q3,115/09/08,-3259201.0,-3259201.0,-3159907.0,15848483.0,17041703.0,-2.86
1312,國喬,114,Q4,115/09/08,-4568176.0,-4568176.0,-4379888.0,22614027.0,24178392.0,-3.97
1313,聯成,114,Q4,115/09/08,-1553533.0,-1553533.0,-1553533.0,58766228.0,57581846.0,-1.17
1313,聯成,114,Q3,115/09/08,-743756.0,-743756.0,-743756.0,44121423.0,43169236.0,-0.56
1314,中石化,114,Q3,115/09/08,-2853730.0,-2853730.0,-2839481.0,15851243.0,16956992.0,-0.75
1314,中石化,114,Q4,115/09/08,-2989497.0,-2989497.0,-2966375.0,19217032.0,21056344.0,-0.78
1315,達新,114,Q4,115/09/08,150930.0,150930.0,147732.0,2282534.0,1951102.0,1.55
1315,達新,114,Q3,115/09/08,97528.0,97528.0,94175.0,1748417.0,1521384.0,0.99
1316,上曜,114,Q3,115/09/08,-20081.0,-20081.0,-241847.0,2821272.0,1590300.0,-0.74
1316,上曜,114,Q4,115/09/08,761918.0,761918.0,-170638.0,4404254.0,2688121.0,-0.52
1319,東陽,114,Q4,115/09/08,3902579.0,3902579.0,3803810.0,25094263.0,16666889.0,6.43
1319,東陽,114,Q3,115/09/08,2656525.0,2656525.0,2579591.0,18586567.0,12350750.0,4.36
1321,大洋,114,Q3,115/09/08,-162420.0,-162420.0,-162420.0,2742892.0,2542876.0,-0.74
1321,大洋,114,Q4,115/09/08,-275549.0,-275549.0,-275549.0,3594886.0,3335547.0,-1.25
1323,永裕,114,Q4,115/09/08,23586.0,23586.0,23586.0,2013614.0,1745389.0,0.26
1323,永裕,114,Q3,115/09/08,5303.0,5303.0,5303.0,1525301.0,1330749.0,0.06
1324,地球,114,Q3,115/09/08,-49892.0,-49892.0,-49892.0,552240.0,472127.0,-0.66
1324,地球,114,Q4,115/09/08,-61280.0,-61280.0,-61280.0,733979.0,633390.0,-0.82
1325,恆大,114,Q4,115/09/08,-63033.0,-63033.0,-59568.0,290905.0,342777.0,-0.7
1325,恆大,114,Q3,115/09/08,-57553.0,-57553.0,-55050.0,227957.0,262347.0,-0.65
1326,台化,114,Q3,115/09/08,-5422381.0,-5422381.0,-5501944.0,222032935.0,215335696.0,-0.94
1326,台化,114,Q4,115/09/08,-5770784.0,-5770784.0,-5797137.0,287033924.0,277706973.0,-0.99
1336,台翰,114,Q4,115/09/08,55081.0,55081.0,55081.0,2495319.0,2112274.0,0.71
1336,台翰,114,Q1,115/09/08,33941.0,33941.0,33941.0,622572.0,510284.0,0.44
1337,再生-KY,114,Q4,115/09/08,-466886.0,-466886.0,-466886.0,663541.0,786715.0,-1.74
1337,再生-KY,114,Q3,115/09/08,-332274.0,-332274.0,-332274.0,502010.0,593348.0,-1.24
1338,廣華-KY,114,Q3,115/09/08,-145455.0,-145455.0,-163232.0,3884458.0,2960831.0,-2.0
1338,廣華-KY,114,Q4,115/09/08,-165071.0,-165071.0,-182256.0,5231666.0,4001444.0,-2.24
1339,昭輝,114,Q4,115/09/08,170347.0,170347.0,178923.0,1661178.0,1085818.0,2.41
1339,昭輝,114,Q3,115/09/08,76503.0,76503.0,83369.0,1289672.0,839367.0,1.12
1340,勝悅-KY,114,Q4,115/09/08,-398410.0,-398410.0,-398410.0,42394.0,78879.0,-2.61
1340,勝悅-KY,114,Q3,115/09/08,-145155.0,-145155.0,-145155.0,32737.0,57734.0,-0.95
1341,富林-KY,114,Q4,115/09/08,196043.0,196043.0,196043.0,2567242.0,1983221.0,3.71
1341,富林-KY,114,Q3,115/09/08,122837.0,122837.0,122837.0,1878778.0,1456097.0,2.32
1342,八貫,114,Q3,115/09/08,316503.0,316503.0,,2099531.0,1526959.0,4.02
1342,八貫,114,Q4,115/09/08,442789.0,442789.0,,2860851.0,2089346.0,5.62
1402,遠東新,114,Q3,115/09/08,12089218.0,12089218.0,5423996.0,185299985.0,146677933.0,1.08
1402,遠東新,114,Q4,115/09/08,16908445.0,16908445.0,7830538.0,254055993.0,202270622.0,1.55
1409,新纖,114,Q4,115/09/08,2476757.0,2476757.0,1922533.0,,,1.19
1409,新纖,114,Q3,115/09/08,1963213.0,1963213.0,1560373.0,,,0.97
1410,南染,114,Q4,115/09/08,29288.0,29288.0,36377.0,189008.0,133326.0,0.58
1410,南染,114,Q3,115/09/08,19130.0,19130.0,25811.0,142707.0,101792.0,0.41
1413,宏洲,114,Q3,115/09/08,56344.0,56344.0,,1662012.0,1561596.0,0.43
1413,宏洲,114,Q4,115/09/08,59925.0,59925.0,,2118976.0,2007039.0,0.45
1414,東和,114,Q4,115/09/08,42196.0,42196.0,42196.0,468036.0,406517.0,0.19
1414,東和,114,Q3,115/09/08,25949.0,25949.0,25949.0,358862.0,314542.0,0.12
1416,廣豐,114,Q4,115/09/08,164789.0,164789.0,150600.0,360152.0,229149.0,0.81
1416,廣豐,114,Q3,115/09/08,127995.0,127995.0,119646.0,249114.0,165987.0,0.65
1417,嘉裕,114,Q3,115/09/08,33859.0,33859.0,33859.0,237471.0,112868.0,0.18
1417,嘉裕,114,Q4,115/09/08,117245.0,117245.0,117245.0,403828.0,187610.0,0.62
1418,東華,114,Q3,115/09/08,-121481.0,-121481.0,-121479.0,3602.0,3103.0,-2.24
1418,東華,114,Q4,115/09/08,-69941.0,-69941.0,-69937.0,5329.0,1226.0,-1.29
1419,新紡,114,Q4,115/09/08,1229995.0,1229995.0,1229995.0,4733193.0,3475487.0,4.11
1419,新紡,114,Q3,115/09/08,1009439.0,1009439.0,1009439.0,3253891.0,2397869.0,3.37
1423,利華,114,Q4,115/09/08,433968.0,433968.0,,85388.0,96950.0,4.36
1423,利華,114,Q3,115/09/08,404565.0,404565.0,,67241.0,75945.0,4.06
1432,大魯閣,114,Q3,115/09/08,-49399.0,-49399.0,-38880.0,1026616.0,579828.0,-0.36
1432,大魯閣,114,Q4,115/09/08,621890.0,621890.0,651481.0,1338249.0,782928.0,6.03
1434,福懋,114,Q3,115/09/08,484524.0,484524.0,484524.0,21439086.0,19013289.0,0.29
1434,福懋,114,Q4,115/09/08,865250.0,865250.0,865250.0,27543789.0,24462984.0,0.51
1435,中福,114,Q4,115/09/08,-57777.0,-57777.0,,5982.0,2112.0,-0.41
1435,中福,114,Q3,115/09/08,-35838.0,-35838.0,,4486.0,1584.0,-0.26
1436,華友聯,114,Q4,115/09/08,966143.0,966143.0,973247.0,3890912.0,1937334.0,5.39
1436,華友聯,114,Q3,115/09/08,1050022.0,1050022.0,1056423.0,3692164.0,1843601.0,6.01
1437,勤益控,114,Q3,115/09/08,324859.0,324859.0,324691.0,693376.0,296968.0,1.6
1437,勤益控,114,Q4,115/09/08,489750.0,489750.0,489297.0,926710.0,421597.0,2.41
1438,三地開發,114,Q4,115/09/08,194020.0,194020.0,,1259124.0,881092.0,1.74
1438,三地開發,114,Q3,115/09/08,-99602.0,-99602.0,,20616.0,11885.0,-0.9
1439,雋揚,114,Q4,115/09/08,341016.0,341016.0,295725.0,813096.0,595840.0,3.21
1439,雋揚,114,Q3,115/09/08,193764.0,193764.0,192351.0,515905.0,373584.0,2.09
1440,南紡,114,Q4,115/09/08,-195407.0,-195407.0,-247964.0,14420713.0,13365274.0,-0.15
1440,南紡,114,Q3,115/09/08,-24453.0,-24453.0,-66103.0,11143876.0,10332459.0,-0.04
1441,大東,114,Q4,115/09/08,-31815.0,-31815.0,-31314.0,1515005.0,1414801.0,-0.45
1441,大東,114,Q3,115/09/08,-19099.0,-19099.0,-18598.0,1138089.0,1034917.0,-0.26
1442,名軒,114,Q4,115/09/08,1107898.0,1107898.0,1107898.0,3330041.0,1700659.0,3.03
1442,名軒,114,Q3,115/09/08,912016.0,912016.0,912016.0,2694899.0,1377010.0,2.49
1443,立益物流,114,Q3,115/09/08,62256.0,62256.0,70981.0,751410.0,384852.0,0.52
1443,立益物流,114,Q4,115/09/08,154824.0,154824.0,153195.0,980355.0,504395.0,1.13
1444,力麗,114,Q4,115/09/08,-890759.0,-890759.0,-772374.0,7113054.0,6932041.0,-0.78
1444,力麗,114,Q3,115/09/08,-770126.0,-770126.0,-675299.0,5336567.0,5237171.0,-0.68
1445,大宇,114,Q4,115/09/08,-113222.0,-113222.0,-113222.0,770092.0,683091.0,-0.87
1445,大宇,114,Q3,115/09/08,-73791.0,-73791.0,-73791.0,579169.0,504667.0,-0.56
1446,宏和,114,Q3,115/09/08,281635.0,281635.0,281635.0,987854.0,525222.0,2.05
1446,宏和,114,Q4,115/09/08,223570.0,223570.0,223570.0,1019741.0,556961.0,1.62
1447,力鵬,114,Q3,115/09/08,-525921.0,-525921.0,-531880.0,21160683.0,21067717.0,-0.61
1447,力鵬,114,Q4,115/09/08,-837368.0,-837368.0,-849589.0,27859035.0,27659527.0,-0.97
1449,佳和,114,Q4,115/09/08,182059.0,182059.0,13476.0,2665560.0,2417177.0,0.12
1449,佳和,114,Q3,115/09/08,-24305.0,-24305.0,-30139.0,1805667.0,1564532.0,-0.28
1451,年興,114,Q4,115/09/08,349071.0,349071.0,349071.0,6261211.0,5540262.0,1.76
1451,年興,114,Q3,115/09/08,286716.0,286716.0,286716.0,4687148.0,4174111.0,1.45
1452,宏益,114,Q4,115/09/08,-55026.0,-55026.0,-55026.0,1356156.0,1330126.0,-0.41
1452,宏益,114,Q3,115/09/08,-44887.0,-44887.0,-44887.0,1047294.0,1022126.0,-0.34
1453,大將,114,Q3,115/09/08,5287.0,5287.0,5227.0,1078.0,501.0,0.05
1453,大將,114,Q4,115/09/08,4666.0,4666.0,4589.0,1475.0,-2726.0,0.04
1454,台富,114,Q3,115/09/08,-85360.0,-85360.0,-85359.0,1179294.0,1147145.0,-0.7
1454,台富,114,Q4,115/09/08,-136994.0,-136994.0,-136994.0,1537001.0,1506864.0,-1.12
1455,集盛,114,Q4,115/09/08,-524473.0,-524473.0,-524473.0,6202347.0,6327887.0,-0.99
1455,集盛,114,Q3,115/09/08,-351182.0,-351182.0,-351182.0,4987231.0,5107441.0,-0.66
1456,怡華,114,Q3,115/09/08,-84456.0,-84456.0,-84456.0,621617.0,395652.0,-0.9
1456,怡華,114,Q4,115/09/08,319372.0,319372.0,319372.0,828991.0,506119.0,3.41
1457,宜進,114,Q3,115/09/08,236679.0,236679.0,101723.0,2341581.0,2098046.0,0.44
1457,宜進,114,Q4,115/09/08,416628.0,416628.0,275014.0,2978059.0,2690372.0,1.18
1459,聯發,114,Q4,115/09/08,252255.0,252255.0,255653.0,1100978.0,958580.0,0.81
1459,聯發,114,Q3,115/09/08,187453.0,187453.0,189720.0,817505.0,718186.0,0.6
1460,宏遠,114,Q4,115/09/08,-179007.0,-179007.0,-179006.0,7488287.0,6367595.0,-0.27
1460,宏遠,114,Q3,115/09/08,-182400.0,-182400.0,-182399.0,5467849.0,4680454.0,-0.27
1463,強盛新,114,Q4,115/09/08,49607.0,49607.0,22877.0,796486.0,709134.0,0.13
1463,強盛新,114,Q3,115/09/08,159812.0,159812.0,132350.0,743017.0,576345.0,0.78
1464,得力,114,Q3,115/09/08,-94856.0,-94856.0,13463.0,9334625.0,7532577.0,0.03
1464,得力,114,Q4,115/09/08,55552.0,55552.0,150063.0,12574863.0,10144640.0,0.35
1465,偉全,114,Q4,115/09/08,-33734.0,-33734.0,,357635.0,370175.0,-0.33
1465,偉全,114,Q3,115/09/08,-53337.0,-53337.0,,278425.0,287755.0,-0.51
1466,聚隆,114,Q4,115/09/08,-116748.0,-116748.0,-119032.0,2604465.0,2428821.0,-1.07
1466,聚隆,114,Q3,115/09/08,-63505.0,-63505.0,-68024.0,1942707.0,1770648.0,-0.61
1467,南緯,114,Q3,115/09/08,-194760.0,-194760.0,-183917.0,3863265.0,3175562.0,-0.79
1467,南緯,114,Q4,115/09/08,-119786.0,-119786.0,-105301.0,5149512.0,4160897.0,-0.45
1468,昶和,114,Q3,115/09/08,-6888.0,-6888.0,-7149.0,646259.0,573065.0,-0.04
1468,昶和,114,Q4,115/09/08,27704.0,27704.0,33732.0,827412.0,721398.0,0.21
1470,大統新創,114,Q4,115/09/08,67265.0,67265.0,67265.0,803710.0,609306.0,0.78
1470,大統新創,114,Q3,115/09/08,27506.0,27506.0,27506.0,592388.0,462015.0,0.32
1471,首利,114,Q3,115/09/08,-7812.0,-7812.0,-7772.0,148660.0,135041.0,-0.05
1471,首利,114,Q4,115/09/08,5023.0,5023.0,5065.0,182641.0,167068.0,0.03
1472,三洋實業,114,Q4,115/09/08,335975.0,335975.0,335975.0,3643138.0,3129652.0,6.4
1472,三洋實業,114,Q3,115/09/08,267652.0,267652.0,267652.0,2727820.0,2316646.0,5.1
1473,台南,114,Q3,115/09/08,112065.0,112065.0,112065.0,5436551.0,4559657.0,0.77
1473,台南,114,Q4,115/09/08,83428.0,83428.0,83428.0,6677661.0,5630916.0,0.57
1474,弘裕,114,Q4,115/09/08,41380.0,41380.0,43792.0,2916486.0,2586148.0,0.34
1474,弘裕,114,Q3,115/09/08,35343.0,35343.0,37271.0,2168930.0,1908449.0,0.29
1475,業旺,114,Q3,115/09/08,94383.0,94383.0,94383.0,1106650.0,845640.0,1.43
1475,業旺,114,Q4,115/09/08,179783.0,179783.0,179783.0,1470396.0,1143621.0,2.72
1476,儒鴻,114,Q4,115/09/08,5514937.0,5514937.0,5514937.0,37989751.0,27108151.0,20.1
1476,儒鴻,114,Q3,115/09/08,3932957.0,3932957.0,3932957.0,28725625.0,20640448.0,14.33
1477,聚陽,114,Q3,115/09/08,2788337.0,2788337.0,2744755.0,26501961.0,20056996.0,11.13
1477,聚陽,114,Q4,115/09/08,3669397.0,3669397.0,3614095.0,34428057.0,25864239.0,14.65
1503,士電,114,Q4,115/09/08,3377627.0,3377627.0,3267810.0,37177945.0,29410067.0,6.27
1503,士電,114,Q3,115/09/08,2934115.0,2934115.0,2846009.0,27493834.0,21391795.0,5.46
1504,東元,114,Q3,115/09/08,4474495.0,4474495.0,4188795.0,43759281.0,33251470.0,1.98
1504,東元,114,Q4,115/09/08,5625176.0,5625176.0,5242070.0,59093897.0,45014763.0,2.42
1506,正道,114,Q4,115/09/08,19139.0,19139.0,18330.0,1071595.0,896557.0,0.06
1506,正道,114,Q3,115/09/08,14407.0,14407.0,13428.0,820000.0,688404.0,0.04
1512,瑞利,114,Q3,115/09/08,3945.0,3945.0,3945.0,828601.0,551008.0,0.04
1512,瑞利,114,Q4,115/09/08,18577.0,18577.0,18577.0,1149526.0,780684.0,0.19
1513,中興電,114,Q4,115/09/08,3990342.0,3990342.0,3988220.0,27449025.0,20381276.0,8.07
1513,中興電,114,Q3,115/09/08,2960240.0,2960240.0,2958082.0,20342936.0,15193520.0,5.99
1514,亞力,114,Q3,115/09/08,601848.0,601848.0,591949.0,7404959.0,6059155.0,2.19
1514,亞力,114,Q4,115/09/08,907206.0,907206.0,893312.0,10570657.0,8589801.0,3.3
1515,力山,114,Q4,115/09/08,173956.0,173956.0,176307.0,5419291.0,4729342.0,0.97
1515,力山,114,Q3,115/09/08,-18515.0,-18515.0,-15377.0,3618159.0,3166382.0,-0.08
1516,川飛,114,Q3,115/09/08,3995.0,3995.0,,55935.0,52558.0,0.1
1516,川飛,114,Q4,115/09/08,1799.0,1799.0,,78814.0,74211.0,0.04
1517,利奇,114,Q4,115/09/08,-138253.0,-138253.0,-153992.0,2023299.0,1959160.0,-0.69
1517,利奇,114,Q3,115/09/08,-143355.0,-143355.0,-147578.0,1525561.0,1469703.0,-0.66
1519,華城,114,Q3,115/09/08,2709992.0,2709992.0,2741184.0,16326448.0,9858144.0,8.68
1519,華城,114,Q4,115/09/08,4367128.0,4367128.0,4419436.0,24423057.0,14537739.0,13.99
1521,大億,114,Q4,115/09/08,66409.0,66409.0,66409.0,3629959.0,3039113.0,0.87
1521,大億,114,Q3,115/09/08,26049.0,26049.0,26049.0,2654236.0,2229659.0,0.34
1522,堤維西,114,Q3,115/09/08,455297.0,455297.0,425579.0,16139576.0,12042999.0,1.17
1522,堤維西,114,Q4,115/09/08,649844.0,649844.0,597778.0,24418564.0,19077766.0,1.72
1524,耿鼎,114,Q3,115/09/08,211607.0,211607.0,,1922403.0,1386651.0,1.28
1524,耿鼎,114,Q4,115/09/08,323083.0,323083.0,,2630111.0,1897012.0,1.95
1525,江申,114,Q4,115/09/08,235771.0,235771.0,235771.0,1245660.0,1061492.0,3.21
1525,江申,114,Q3,115/09/08,182267.0,182267.0,182267.0,901418.0,786921.0,2.48
1526,日馳,114,Q4,115/09/08,-6630.0,-6630.0,-6630.0,771039.0,603115.0,-0.11
1526,日馳,114,Q3,115/09/08,-2588.0,-2588.0,-2588.0,611382.0,491093.0,-0.04
1527,鑽全,114,Q3,115/09/08,144739.0,144739.0,,2302441.0,1799771.0,1.04
1527,鑽全,114,Q4,115/09/08,211060.0,211060.0,,2896539.0,2290306.0,1.52
1528,恩德,114,Q4,115/09/08,-69881.0,-69881.0,-67152.0,2797260.0,1927428.0,-0.35
1528,恩德,114,Q3,115/09/08,-104376.0,-104376.0,-100942.0,2116380.0,1460703.0,-0.53
1529,樂事綠能,114,Q4,115/09/08,166997.0,166997.0,156972.0,925483.0,752943.0,1.01
1529,樂事綠能,114,Q3,115/09/08,157142.0,157142.0,150405.0,680638.0,549396.0,0.97
1530,亞崴,114,Q3,115/09/08,-269862.0,-269862.0,-268315.0,1456551.0,1259132.0,-2.81
1530,亞崴,114,Q4,115/09/08,-234502.0,-234502.0,-233203.0,1926469.0,1651771.0,-2.45
1531,高林股,114,Q4,115/09/08,-21295.0,-21295.0,-21295.0,1491345.0,1190542.0,-0.12
1531,高林股,114,Q3,115/09/08,-42101.0,-42101.0,-42101.0,1161599.0,925113.0,-0.23
1532,勤美,114,Q3,115/09/08,604784.0,604784.0,342713.0,12058628.0,9172528.0,0.81
1532,勤美,114,Q4,115/09/08,726793.0,726793.0,411117.0,15411359.0,11713634.0,0.98
1533,車王電,114,Q4,115/09/08,110816.0,110816.0,57597.0,4003764.0,2807053.0,0.58
1533,車王電,114,Q3,115/09/08,2182.0,2182.0,-14127.0,2800164.0,1970013.0,-0.14
1535,中宇,114,Q3,115/09/08,345025.0,345025.0,345025.0,8678854.0,7936515.0,2.79
1535,中宇,114,Q4,115/09/08,495280.0,495280.0,495280.0,11366055.0,10296505.0,4.0
1536,和大,114,Q4,115/09/08,-771681.0,-771681.0,-763293.0,4807719.0,4674739.0,-2.74
1536,和大,114,Q3,115/09/08,-579073.0,-579073.0,-573046.0,3559162.0,3379255.0,-2.05
1537,廣隆,114,Q3,115/09/08,472755.0,472755.0,472755.0,5017791.0,3969861.0,5.76
1537,廣隆,114,Q4,115/09/08,652801.0,652801.0,652801.0,6632168.0,5282064.0,7.95
1538,正峰,114,Q4,115/09/08,-51394.0,-51394.0,-51393.0,114826.0,88348.0,-1.59
1538,正峰,114,Q3,115/09/08,-11638.0,-11638.0,-11638.0,92571.0,73269.0,-0.36
1539,巨庭,114,Q3,115/09/08,-5265.0,-5265.0,-5265.0,1048005.0,947469.0,-0.08
1539,巨庭,114,Q4,115/09/08,13605.0,13605.0,13605.0,1302082.0,1175261.0,0.21
1540,喬福,114,Q4,115/09/08,94872.0,94872.0,,495440.0,327409.0,1.11
1540,喬福,114,Q3,115/09/08,46359.0,46359.0,,404812.0,271453.0,0.54
1541,錩泰,114,Q3,115/09/08,103831.0,103831.0,103831.0,2881206.0,2360202.0,1.32
1541,錩泰,114,Q4,115/09/08,182703.0,182703.0,182703.0,3629326.0,2962037.0,2.32
1558,伸興,114,Q4,115/09/08,630351.0,630351.0,366154.0,8103980.0,5921675.0,5.52
1558,伸興,114,Q3,115/09/08,481940.0,481940.0,283964.0,6472831.0,4753160.0,4.27
1560,中砂,114,Q3,115/09/08,899600.0,899600.0,880619.0,5977667.0,4073049.0,6.02
1560,中砂,114,Q4,115/09/08,1396799.0,1396799.0,1360220.0,8149475.0,5502434.0,9.28
1563,巧新,114,Q4,115/09/08,318198.0,318198.0,318191.0,6977352.0,5493253.0,1.42
1563,巧新,114,Q3,115/09/08,332112.0,332112.0,331947.0,5334743.0,4151334.0,1.47
1565,精華,114,Q1,115/09/08,173146.0,173146.0,173146.0,1110980.0,844013.0,3.43
1565,精華,114,Q4,115/09/08,455031.0,455031.0,455031.0,4116858.0,3167192.0,9.03
1568,倉佑,114,Q4,115/09/08,138918.0,138918.0,140404.0,1052420.0,711639.0,1.36
1568,倉佑,114,Q3,115/09/08,90433.0,90433.0,90558.0,792323.0,541111.0,0.88
1569,濱川,114,Q1,115/09/08,-142538.0,-142538.0,-161676.0,817948.0,807742.0,-1.33
1569,濱川,114,Q4,115/09/08,-674029.0,-674029.0,-704221.0,3258899.0,3273164.0,-5.61
1570,力肯,114,Q4,115/09/08,30272.0,30272.0,30272.0,493366.0,370552.0,0.59
1570,力肯,114,Q1,115/09/08,22259.0,22259.0,22259.0,121078.0,79810.0,0.43
1580,新麥,114,Q1,115/09/08,145701.0,145701.0,135826.0,1089039.0,604061.0,2.7
1580,新麥,114,Q4,115/09/08,663373.0,663373.0,622491.0,4879103.0,2799098.0,12.54
1582,信錦,114,Q4,115/09/08,534584.0,534584.0,497416.0,8679412.0,6636034.0,3.45
1582,信錦,114,Q3,115/09/08,463936.0,463936.0,429558.0,6564174.0,4966768.0,2.98
1583,程泰,114,Q3,115/09/08,-770901.0,-770901.0,-631525.0,2912667.0,2399254.0,-5.75
1583,程泰,114,Q4,115/09/08,-654964.0,-654964.0,-529787.0,3887113.0,3182094.0,-4.83
1584,精剛,114,Q4,115/09/08,91895.0,91895.0,101741.0,2593817.0,2285649.0,0.44
1584,精剛,114,Q1,115/09/08,61269.0,61269.0,62238.0,676003.0,570034.0,0.27
1586,和勤,114,Q1,115/09/08,-29685.0,-29685.0,-29685.0,542288.0,482299.0,-0.33
1586,和勤,114,Q4,115/09/08,-34134.0,-34134.0,-34134.0,2300558.0,2018273.0,-0.35
1587,吉茂,114,Q4,115/09/08,29912.0,29912.0,29912.0,2651919.0,2146632.0,0.37
1587,吉茂,114,Q3,115/09/08,19542.0,19542.0,19542.0,1874085.0,1509184.0,0.24
1589,永冠-KY,114,Q3,115/09/08,-673942.0,-673942.0,-673307.0,5845444.0,5436329.0,-5.06
1590,亞德客-KY,114,Q3,115/09/08,6072055.0,6072055.0,6072284.0,25294806.0,13804964.0,30.36
1590,亞德客-KY,114,Q4,115/09/08,8399832.0,8399832.0,8400098.0,34329945.0,18547909.0,42.0
1591,駿吉-KY,114,Q4,115/09/08,-104068.0,-104068.0,-104068.0,121093.0,137716.0,-2.75
1591,駿吉-KY,114,Q1,115/09/08,-19308.0,-19308.0,-19308.0,13538.0,20400.0,-0.52
1593,祺驊,114,Q1,115/09/08,23526.0,23526.0,16878.0,276373.0,188749.0,0.42
1593,祺驊,114,Q4,115/09/08,118522.0,118522.0,86911.0,1256972.0,863110.0,2.18
1595,川寶,114,Q1,115/09/08,-18901.0,-18901.0,-18178.0,208652.0,159372.0,-0.34
1595,川寶,114,Q4,115/09/08,-106121.0,-106121.0,-105505.0,716171.0,522063.0,-1.95
1597,直得,114,Q3,115/09/08,44058.0,44058.0,44058.0,804723.0,467716.0,0.5
1597,直得,114,Q4,115/09/08,79421.0,79421.0,79421.0,1138316.0,671765.0,0.91
1598,岱宇,114,Q4,115/09/08,-629356.0,-629356.0,-561449.0,6121041.0,3918469.0,-3.35
1598,岱宇,114,Q3,115/09/08,-244530.0,-244530.0,-206900.0,4447738.0,2709820.0,-1.23
1599,宏佳騰,114,Q4,115/09/08,-80450.0,-80450.0,-61164.0,1864214.0,1497938.0,-0.84
1599,宏佳騰,114,Q1,115/09/08,-3782.0,-3782.0,2728.0,507615.0,397991.0,0.04
1603,華電,114,Q4,115/09/08,519499.0,519499.0,518171.0,5522406.0,4794963.0,3.26
1603,華電,114,Q3,115/09/08,482606.0,482606.0,481100.0,4094303.0,3497367.0,3.03
1604,聲寶,114,Q3,115/09/08,503875.0,503875.0,469843.0,6950112.0,5628059.0,1.29
1604,聲寶,114,Q4,115/09/08,661426.0,661426.0,618420.0,9049770.0,7359331.0,1.7
1605,華新,114,Q4,115/09/08,2339416.0,2339416.0,3179950.0,174242895.0,163149909.0,0.75
1605,華新,114,Q3,115/09/08,1645017.0,1645017.0,2165856.0,132382690.0,123342417.0,0.52
1608,華榮,114,Q4,115/09/08,2409693.0,2409693.0,2334676.0,11331431.0,10156567.0,5.5
1608,華榮,114,Q3,115/09/08,2087585.0,2087585.0,2014026.0,8622964.0,7696445.0,4.75
1609,大亞,114,Q3,115/09/08,1488362.0,1488362.0,1269392.0,22995092.0,19750132.0,1.62
1609,大亞,114,Q4,115/09/08,1626726.0,1626726.0,1290506.0,31105895.0,26757157.0,1.65
1611,中電,114,Q3,115/09/08,30846.0,30846.0,30846.0,817985.0,572294.0,0.1
1611,中電,114,Q4,115/09/08,9207.0,9207.0,9207.0,1065952.0,726213.0,0.03
1612,宏泰,114,Q4,115/09/08,874200.0,874200.0,875154.0,7550460.0,6426227.0,2.77
1612,宏泰,114,Q3,115/09/08,692481.0,692481.0,693295.0,5901351.0,5049648.0,2.19
1614,三洋電,114,Q3,115/09/08,171977.0,171977.0,171099.0,4199308.0,3404943.0,0.66
1614,三洋電,114,Q4,115/09/08,251329.0,251329.0,250810.0,5392852.0,4298321.0,0.97
1615,大山,114,Q4,115/09/08,945324.0,945324.0,945324.0,5719049.0,4421289.0,4.81
1615,大山,114,Q3,115/09/08,657457.0,657457.0,657457.0,4133965.0,3231784.0,3.34
1616,億泰,114,Q4,115/09/08,293802.0,293802.0,293802.0,5207641.0,4424281.0,1.55
1616,億泰,114,Q3,115/09/08,420561.0,420561.0,420561.0,4055777.0,3422368.0,2.22
1617,榮星,114,Q3,115/09/08,-66787.0,-66787.0,-64002.0,2453291.0,2271565.0,-0.38
1617,榮星,114,Q4,115/09/08,110834.0,110834.0,115388.0,3363151.0,3120144.0,0.68
1618,合機,114,Q3,115/09/08,627996.0,627996.0,627996.0,3828181.0,3112940.0,3.26
1618,合機,114,Q4,115/09/08,810406.0,810406.0,810406.0,4815501.0,3904350.0,4.21
1623,大東電,114,Q3,115/09/08,565383.0,565383.0,,4836799.0,3980832.0,9.42
1623,大東電,114,Q4,115/09/08,816874.0,816874.0,,6607040.0,5374250.0,13.61
1626,艾美特-KY,114,Q4,115/09/08,-128697.0,-128697.0,-128697.0,7793999.0,6266199.0,-0.86
1626,艾美特-KY,114,Q3,115/09/08,-45533.0,-45533.0,-45533.0,6348714.0,5120714.0,-0.3
1702,南僑,114,Q3,115/09/08,345475.0,345475.0,208403.0,17261129.0,12988180.0,0.84
1702,南僑,114,Q4,115/09/08,433406.0,433406.0,276896.0,23166151.0,17427604.0,1.12
1707,葡萄王,114,Q3,115/09/08,1203998.0,1203998.0,773483.0,7249193.0,1848341.0,5.22
1707,葡萄王,114,Q4,115/09/08,1860935.0,1860935.0,1218305.0,10251607.0,2554797.0,8.22
1708,東鹼,114,Q4,115/09/08,817878.0,817878.0,817878.0,6156522.0,4194716.0,3.28
1708,東鹼,114,Q3,115/09/08,547823.0,547823.0,547823.0,4524634.0,3115323.0,2.2
1709,和益,114,Q3,115/09/08,410251.0,410251.0,413143.0,6958996.0,5977763.0,0.87
1709,和益,114,Q4,115/09/08,586141.0,586141.0,588449.0,9009157.0,7667590.0,1.23
1710,東聯,114,Q4,115/09/08,-1135826.0,-1135826.0,-887285.0,22253718.0,22061900.0,-1.01
1710,東聯,114,Q3,115/09/08,-680597.0,-680597.0,-511481.0,17337018.0,17060913.0,-0.58
1711,永光,114,Q3,115/09/08,-111227.0,-111227.0,-96316.0,5733831.0,4621591.0,-0.18
1711,永光,114,Q4,115/09/08,-136155.0,-136155.0,-117176.0,7568574.0,6132894.0,-0.21
1712,興農,114,Q4,115/09/08,1099055.0,1099055.0,1093545.0,18610462.0,12935597.0,2.6
1712,興農,114,Q3,115/09/08,874787.0,874787.0,869565.0,14234401.0,9838136.0,2.07
1713,國化,114,Q3,115/09/08,385989.0,385989.0,,323641.0,311754.0,2.56
1713,國化,114,Q4,115/09/08,583839.0,583839.0,,460042.0,439194.0,3.87
1714,和桐,114,Q4,115/09/08,1199995.0,1199995.0,490115.0,24021497.0,21515500.0,0.5
1714,和桐,114,Q3,115/09/08,799321.0,799321.0,364990.0,16916499.0,15419683.0,0.37
1717,長興,114,Q3,115/09/08,1312715.0,1312715.0,1276642.0,30561709.0,24348260.0,1.09
1717,長興,114,Q4,115/09/08,1713170.0,1713170.0,1655624.0,40684707.0,32316437.0,1.41
1718,中纖,114,Q3,115/09/08,5260107.0,5260107.0,255033.0,,,0.19
1718,中纖,114,Q4,115/09/08,6893310.0,6893310.0,118827.0,,,0.09
1720,生達,114,Q3,115/09/08,940652.0,940652.0,698452.0,5237638.0,3064847.0,3.91
1720,生達,114,Q4,115/09/08,1255529.0,1255529.0,927659.0,7023025.0,4114216.0,5.19
1721,國慶科技,114,Q4,115/09/08,-339639.0,-339639.0,-339639.0,1774757.0,1904370.0,-1.84
1721,國慶科技,114,Q3,115/09/08,-207891.0,-207891.0,-207891.0,1374006.0,1424418.0,-1.12
1722,台肥,114,Q3,115/09/08,1091998.0,1091998.0,1091998.0,9363271.0,8197203.0,1.11
1722,台肥,114,Q4,115/09/08,932239.0,932239.0,932239.0,12087709.0,10504701.0,0.95
1723,中碳,114,Q3,115/09/08,496463.0,496463.0,496463.0,4513683.0,3641311.0,2.14
1723,中碳,114,Q4,115/09/08,615824.0,615824.0,615824.0,5858135.0,4749358.0,2.65
1725,元禎,114,Q4,115/09/08,278349.0,278349.0,278349.0,7996645.0,7629265.0,1.53
1725,元禎,114,Q3,115/09/08,248492.0,248492.0,248492.0,6237505.0,5942883.0,1.37
1726,永記,114,Q4,115/09/08,891606.0,891606.0,891606.0,9785495.0,7175484.0,5.5
1726,永記,114,Q3,115/09/08,692645.0,692645.0,692645.0,7278673.0,5379409.0,4.28
1727,中華化,114,Q3,115/09/08,3582.0,3582.0,,1485245.0,1326558.0,0.03
1727,中華化,114,Q4,115/09/08,5109.0,5109.0,,1969278.0,1753243.0,0.04
1730,花仙子,114,Q4,115/09/08,316150.0,316150.0,284552.0,2411709.0,1182380.0,4.5
1730,花仙子,114,Q3,115/09/08,239304.0,239304.0,215971.0,1812381.0,890889.0,3.42
1731,美吾華,114,Q3,115/09/08,145655.0,145655.0,145655.0,1169240.0,426849.0,1.1
1731,美吾華,114,Q4,115/09/08,181002.0,181002.0,181002.0,1584065.0,582397.0,1.36
1732,毛寶,114,Q4,115/09/08,29327.0,29327.0,29327.0,675104.0,396678.0,0.69
1732,毛寶,114,Q3,115/09/08,15870.0,15870.0,15870.0,506376.0,298716.0,0.37
1733,五鼎,114,Q3,115/09/08,112837.0,112837.0,112814.0,1505913.0,1099535.0,1.13
1733,五鼎,114,Q4,115/09/08,163038.0,163038.0,162892.0,1944907.0,1406166.0,1.63
1734,杏輝,114,Q4,115/09/08,354270.0,354270.0,365751.0,3371321.0,1914430.0,1.92
1734,杏輝,114,Q3,115/09/08,255362.0,255362.0,263800.0,2491298.0,1416870.0,1.39
1735,日勝化,114,Q3,115/09/08,20124.0,20124.0,20124.0,1743200.0,1436861.0,0.2
1735,日勝化,114,Q4,115/09/08,77624.0,77624.0,77624.0,2303489.0,1885834.0,0.78
1736,喬山,114,Q4,115/09/08,2750086.0,2750086.0,2749469.0,54328964.0,26858797.0,9.06
1736,喬山,114,Q3,115/09/08,1036261.0,1036261.0,1035980.0,34957006.0,16897233.0,3.41
1737,臺鹽,114,Q3,115/09/08,250599.0,250599.0,256780.0,2491208.0,1471021.0,1.28
1737,臺鹽,114,Q4,115/09/08,393686.0,393686.0,399867.0,3307660.0,1964650.0,2.0
1742,台蠟,114,Q4,115/09/08,-100496.0,-100496.0,-100496.0,111697.0,84795.0,-1.08
1742,台蠟,114,Q1,115/09/08,-12829.0,-12829.0,-12829.0,40837.0,32096.0,-0.14
1752,南光,114,Q4,115/09/08,243948.0,243948.0,244414.0,2162218.0,1393359.0,2.42
1752,南光,114,Q3,115/09/08,170599.0,170599.0,170598.0,1645022.0,1056818.0,1.69
1760,寶齡富錦,114,Q3,115/09/08,141550.0,141550.0,141550.0,1517253.0,686305.0,1.65
1760,寶齡富錦,114,Q4,115/09/08,190169.0,190169.0,190169.0,2063392.0,946541.0,2.22
1762,中化生,114,Q4,115/09/08,-243847.0,-243847.0,-243847.0,804878.0,813742.0,-4.39
1762,中化生,114,Q3,115/09/08,-102593.0,-102593.0,-102593.0,691461.0,610933.0,-1.84
1773,勝一,114,Q3,115/09/08,1502783.0,1502783.0,1502783.0,8521273.0,5592153.0,5.01
1773,勝一,114,Q4,115/09/08,2043466.0,2043466.0,2043466.0,11500542.0,7518911.0,6.81
1776,展宇,114,Q4,115/09/08,13256.0,13256.0,16534.0,1032412.0,854290.0,0.28
1776,展宇,114,Q3,115/09/08,-3449.0,-3449.0,2739.0,768674.0,649903.0,0.05
1777,生泰,114,Q4,115/09/08,261609.0,261609.0,,1300241.0,849883.0,5.87
1777,生泰,114,Q1,115/09/08,75751.0,75751.0,,315750.0,199352.0,1.7
1780,立弘,114,Q4,115/09/08,129456.0,129456.0,129456.0,849507.0,540898.0,1.35
1780,立弘,114,Q1,115/09/08,60837.0,60837.0,60837.0,209701.0,130019.0,0.63
1781,合世,114,Q1,115/09/08,5627.0,5627.0,5627.0,122087.0,88671.0,0.12
1781,合世,114,Q4,115/09/08,-61666.0,-61666.0,-61666.0,398046.0,327929.0,-1.3
1783,和康生,114,Q4,115/09/08,265312.0,265312.0,265312.0,811564.0,247842.0,2.96
1783,和康生,114,Q3,115/09/08,181571.0,181571.0,181571.0,586858.0,188411.0,2.02
1784,訊聯,114,Q1,115/09/08,3284.0,3284.0,15014.0,290800.0,133360.0,0.3
1784,訊聯,114,Q4,115/09/08,848.0,848.0,51426.0,1236596.0,552722.0,1.02
1785,光洋科,114,Q1,115/09/08,356879.0,356879.0,358326.0,8242842.0,7023831.0,0.6
1785,光洋科,114,Q4,115/09/08,1861629.0,1861629.0,1867414.0,39411439.0,33672571.0,3.14
1786,科妍,114,Q3,115/09/08,99154.0,99154.0,99154.0,635232.0,186191.0,1.38
1786,科妍,114,Q4,115/09/08,162338.0,162338.0,162338.0,886622.0,248229.0,2.24
1788,杏昌,114,Q1,115/09/08,84573.0,84573.0,84573.0,1050493.0,780112.0,1.9
1788,杏昌,114,Q4,115/09/08,368510.0,368510.0,368510.0,4278234.0,3134792.0,8.28
1789,神隆,114,Q4,115/09/08,136951.0,136951.0,136951.0,3163422.0,2066983.0,0.17
1789,神隆,114,Q3,115/09/08,95670.0,95670.0,95670.0,2155381.0,1392015.0,0.12
1795,美時,114,Q3,115/09/08,3598403.0,3598403.0,3598403.0,14247508.0,5804566.0,13.82
1795,美時,114,Q4,115/09/08,4720053.0,4720053.0,4720053.0,20509474.0,8602805.0,18.14
1796,金穎生技,114,Q1,115/09/08,6471.0,6471.0,6471.0,166427.0,124231.0,0.16
1796,金穎生技,114,Q4,115/09/08,28862.0,28862.0,28862.0,677098.0,486302.0,0.7
1799,易威,114,Q4,115/09/08,-75481.0,-75481.0,-73138.0,597410.0,317105.0,-0.59
1799,易威,114,Q1,115/09/08,-1133.0,-1133.0,-621.0,151543.0,67943.0,-0.01
1802,台玻,114,Q4,115/09/08,-706962.0,-706962.0,-590329.0,41494382.0,36679677.0,-0.2
1802,台玻,114,Q3,115/09/08,-1067765.0,-1067765.0,-960182.0,30702531.0,27363050.0,-0.33
1805,寶徠,114,Q3,115/09/08,8031.0,8031.0,8031.0,97357.0,54723.0,0.06
1805,寶徠,114,Q4,115/09/08,26117.0,26117.0,26117.0,285015.0,201573.0,0.2
1806,冠軍,114,Q4,115/09/08,112213.0,112213.0,112213.0,3260034.0,2516247.0,0.29
1806,冠軍,114,Q3,115/09/08,88674.0,88674.0,88674.0,2558339.0,1947036.0,0.23
1808,潤隆,114,Q3,115/09/08,-364335.0,-364335.0,-364335.0,103606.0,84424.0,-0.37
1808,潤隆,114,Q4,115/09/08,1301352.0,1301352.0,1301352.0,6495857.0,3979048.0,1.36
1809,中釉,114,Q4,115/09/08,24001.0,24001.0,32108.0,2497538.0,2000652.0,0.19
1809,中釉,114,Q3,115/09/08,10626.0,10626.0,19114.0,1860809.0,1500051.0,0.11
1810,和成,114,Q3,115/09/08,13635.0,13635.0,10869.0,3435071.0,2551316.0,0.04
1810,和成,114,Q4,115/09/08,17456.0,17456.0,14304.0,4556763.0,3380555.0,0.05
1813,寶利徠,114,Q4,115/09/08,-54112.0,-54112.0,-47935.0,304320.0,356642.0,-1.03
1813,寶利徠,114,Q1,115/09/08,-1344.0,-1344.0,449.0,83740.0,91373.0,0.01
1815,富喬,114,Q4,115/09/08,856541.0,856541.0,856541.0,5974753.0,4327834.0,1.64
1815,富喬,114,Q1,115/09/08,171325.0,171325.0,171325.0,1382589.0,971556.0,0.33
1817,凱撒衛,114,Q4,115/09/08,263478.0,263478.0,262210.0,2618295.0,1654161.0,3.61
1817,凱撒衛,114,Q3,115/09/08,200466.0,200466.0,199903.0,1946149.0,1243840.0,2.75
1903,士紙,114,Q3,115/09/08,139412.0,139412.0,139412.0,114297.0,39640.0,0.54
1903,士紙,114,Q4,115/09/08,335741.0,335741.0,335741.0,153294.0,53355.0,1.29
1904,正隆,114,Q4,115/09/08,799130.0,799130.0,823018.0,42984601.0,35255978.0,0.74
1904,正隆,114,Q3,115/09/08,156616.0,156616.0,188427.0,31612104.0,26269916.0,0.17
1905,華紙,114,Q3,115/09/08,-932752.0,-932752.0,-933279.0,14093778.0,13794358.0,-0.85
1905,華紙,114,Q4,115/09/08,-629740.0,-629740.0,-612558.0,18766991.0,18261178.0,-0.56
1906,寶隆,114,Q4,115/09/08,1274.0,1274.0,,3111558.0,2821737.0,0.01
1906,寶隆,114,Q3,115/09/08,-23063.0,-23063.0,,2306176.0,2118750.0,-0.15
1907,永豐餘,114,Q3,115/09/08,1429814.0,1429814.0,1436813.0,54747280.0,47837077.0,0.87
1907,永豐餘,114,Q4,115/09/08,2164987.0,2164987.0,1973839.0,73642772.0,64096086.0,1.19
1909,榮成,114,Q3,115/09/08,-719967.0,-719967.0,-714002.0,32676827.0,29772385.0,-0.54
1909,榮成,114,Q4,115/09/08,-522212.0,-522212.0,-516648.0,44708099.0,40304200.0,-0.39
2002,中鋼,114,Q4,115/09/08,-3506701.0,-3506701.0,-4349185.0,317155264.0,308130007.0,-0.29
2002,中鋼,114,Q3,115/09/08,-4393520.0,-4393520.0,-4138992.0,241782578.0,236401499.0,-0.27
2006,東和鋼鐵,114,Q3,115/09/08,3347903.0,3347903.0,3323001.0,44023554.0,37650894.0,4.55
2006,東和鋼鐵,114,Q4,115/09/08,4757984.0,4757984.0,4720934.0,57855435.0,49278447.0,6.47
2007,燁興,114,Q3,115/09/08,-817661.0,-817661.0,,4312046.0,4651317.0,-1.54
2007,燁興,114,Q4,115/09/08,-1186375.0,-1186375.0,,5283228.0,5906279.0,-2.24
2008,高興昌,114,Q4,115/09/08,130022.0,130022.0,,1818497.0,1513022.0,0.68
2008,高興昌,114,Q3,115/09/08,130666.0,130666.0,,1458064.0,1216655.0,0.68
2009,第一銅,114,Q4,115/09/08,121501.0,121501.0,,2905229.0,2917000.0,0.34
2009,第一銅,114,Q3,115/09/08,120526.0,120526.0,,2197029.0,2230065.0,0.34
2010,春源,114,Q3,115/09/08,1137049.0,1137049.0,1124630.0,18159735.0,16149369.0,1.74
2010,春源,114,Q4,115/09/08,1520837.0,1520837.0,1505028.0,24189382.0,21530917.0,2.32
2012,春雨,114,Q3,115/09/08,124181.0,124181.0,69881.0,6381197.0,5498470.0,0.25
2012,春雨,114,Q4,115/09/08,121580.0,121580.0,55298.0,8307669.0,7163937.0,0.2
2013,中鋼構,114,Q4,115/09/08,638401.0,638401.0,638401.0,20948280.0,19963338.0,3.19
2013,中鋼構,114,Q3,115/09/08,453324.0,453324.0,453324.0,15696082.0,14942126.0,2.27
2014,中鴻,114,Q3,115/09/08,-1584316.0,-1584316.0,-1584316.0,15237391.0,16689113.0,-1.1
2014,中鴻,114,Q4,115/09/08,-1847819.0,-1847819.0,-1847819.0,19021554.0,20612078.0,-1.29
2015,豐興,114,Q3,115/09/08,1706341.0,1706341.0,1709192.0,22456653.0,19874298.0,2.94
2015,豐興,114,Q4,115/09/08,2253128.0,2253128.0,2254468.0,29035659.0,25687071.0,3.88
2017,官田鋼,114,Q4,115/09/08,-300314.0,-300314.0,-239440.0,2734198.0,2722218.0,-0.56
2017,官田鋼,114,Q3,115/09/08,-172072.0,-172072.0,-132106.0,2122947.0,2092765.0,-0.31
2020,美亞,114,Q3,115/09/08,443758.0,443758.0,443273.0,3735256.0,3049085.0,1.66
2020,美亞,114,Q4,115/09/08,568767.0,568767.0,568346.0,4743530.0,3858656.0,2.13
2022,聚亨,114,Q3,115/09/08,110767.0,110767.0,5729.0,6773583.0,6023866.0,0.02
2022,聚亨,114,Q4,115/09/08,119951.0,119951.0,-6115.0,9341621.0,8406771.0,-0.02
2023,燁輝,114,Q4,115/09/08,-4024567.0,-4024567.0,-3540996.0,67557599.0,61972812.0,-1.85
2023,燁輝,114,Q3,115/09/08,-3054289.0,-3054289.0,-2711108.0,52616657.0,48144767.0,-1.4
2024,志聯,114,Q3,115/09/08,-13592.0,-13592.0,,743245.0,697488.0,-0.14
2024,志聯,114,Q4,115/09/08,-5884.0,-5884.0,,988898.0,921392.0,-0.06
2025,千興,114,Q4,115/09/08,-31496.0,-31496.0,,818724.0,1055512.0,-0.18
2025,千興,114,Q3,115/09/08,-70593.0,-70593.0,,580511.0,770089.0,-0.41
2027,大成鋼,114,Q3,115/09/08,5928492.0,5928492.0,4825341.0,77364139.0,58435265.0,2.08
2027,大成鋼,114,Q4,115/09/08,8198983.0,8198983.0,6675763.0,101814599.0,76639425.0,2.88
2028,威致,114,Q3,115/09/08,30605.0,30605.0,,6322585.0,6108502.0,0.09
2028,威致,114,Q4,115/09/08,89447.0,89447.0,,8513536.0,8179278.0,0.28
2029,盛餘,114,Q4,115/09/08,252112.0,252112.0,239101.0,13270890.0,11903711.0,0.74
2029,盛餘,114,Q3,115/09/08,161851.0,161851.0,152560.0,10385309.0,9363936.0,0.47
2030,彰源,114,Q4,115/09/08,97026.0,97026.0,97026.0,10149308.0,9200034.0,0.35
2030,彰源,114,Q3,115/09/08,35249.0,35249.0,35249.0,7682856.0,6979930.0,0.13
2031,新光鋼,114,Q3,115/09/08,891343.0,891343.0,857355.0,13465025.0,12387642.0,2.67
2031,新光鋼,114,Q4,115/09/08,1099977.0,1099977.0,1058251.0,16798091.0,15306354.0,3.3
2032,新鋼,114,Q4,115/09/08,73108.0,73108.0,,3041337.0,2914953.0,0.56
2032,新鋼,114,Q3,115/09/08,48152.0,48152.0,,2339983.0,2256263.0,0.37
2033,佳大,114,Q4,115/09/08,28306.0,28306.0,,702735.0,602689.0,0.35
2033,佳大,114,Q3,115/09/08,20737.0,20737.0,,526649.0,451623.0,0.25
2034,允強,114,Q3,115/09/08,170299.0,170299.0,170299.0,9914927.0,8992403.0,0.33
2034,允強,114,Q4,115/09/08,107578.0,107578.0,107578.0,12543218.0,11477351.0,0.21
2035,唐榮公司,114,Q1,115/09/08,-426922.0,-426922.0,,2527745.0,2816579.0,-1.22
2035,唐榮公司,114,Q4,115/09/08,-1652460.0,-1652460.0,,9602428.0,10854717.0,-4.72
2038,海光,114,Q4,115/09/08,-127876.0,-127876.0,-109047.0,8923105.0,8805525.0,-0.56
2038,海光,114,Q3,115/09/08,-38958.0,-38958.0,-24222.0,6815151.0,6684149.0,-0.12
2049,上銀,114,Q3,115/09/08,982161.0,982161.0,1063886.0,17759602.0,12540620.0,3.01
2049,上銀,114,Q4,115/09/08,1410128.0,1410128.0,1525866.0,24262638.0,17284790.0,4.31
2059,川湖,114,Q4,115/09/08,9837067.0,9837067.0,9837067.0,17500695.0,4191919.0,103.23
2059,川湖,114,Q3,115/09/08,6322668.0,6322668.0,6322668.0,12551587.0,3009126.0,66.35
2061,風青,114,Q1,115/09/08,-6231.0,-6231.0,-6231.0,296248.0,282798.0,-0.11
2061,風青,114,Q4,115/09/08,-55804.0,-55804.0,-55804.0,1204951.0,1141085.0,-0.97
2062,橋椿,114,Q3,115/09/08,36891.0,36891.0,37043.0,4655316.0,4229411.0,0.19
2062,橋椿,114,Q4,115/09/08,78740.0,78740.0,78905.0,6288346.0,5677734.0,0.39
2063,世鎧精密,114,Q1,115/09/08,25871.0,25871.0,25871.0,257428.0,206949.0,0.54
2063,世鎧精密,114,Q4,115/09/08,82597.0,82597.0,82597.0,975498.0,809695.0,1.72
2064,晉椿,114,Q4,115/09/08,-89789.0,-89789.0,-89914.0,1580622.0,1529651.0,-1.3
2064,晉椿,114,Q1,115/09/08,-15293.0,-15293.0,-15289.0,381741.0,370419.0,-0.22
2065,世豐,114,Q1,115/09/08,51585.0,51585.0,51585.0,572462.0,464229.0,0.84
2065,世豐,114,Q4,115/09/08,70672.0,70672.0,70672.0,2072496.0,1769961.0,1.12
2066,世德,114,Q4,115/09/08,59242.0,59242.0,59242.0,2494015.0,1748567.0,1.34
2066,世德,114,Q1,115/09/08,90285.0,90285.0,90285.0,701917.0,450747.0,2.03
2067,嘉鋼,114,Q4,115/09/08,-149707.0,-149707.0,-126529.0,1021554.0,981945.0,-2.8
2067,嘉鋼,114,Q1,115/09/08,-34994.0,-34994.0,-28484.0,238435.0,232031.0,-0.63
2069,運錩,114,Q4,115/09/08,269767.0,269767.0,269767.0,10093068.0,9148464.0,1.62
2069,運錩,114,Q3,115/09/08,182223.0,182223.0,182223.0,7711720.0,7006148.0,1.1
2070,精湛,114,Q1,115/09/08,15583.0,15583.0,15583.0,145534.0,76759.0,0.44
2070,精湛,114,Q4,115/09/08,82150.0,82150.0,82150.0,694156.0,372056.0,2.3
2072,世紀風電,114,Q3,115/09/08,1284732.0,1284732.0,1284721.0,7695904.0,5684047.0,7.56
2072,世紀風電,114,Q4,115/09/08,2030444.0,2030444.0,2030428.0,10276165.0,7354900.0,11.94
2073,雄順,114,Q4,115/09/08,-10686.0,-10686.0,,557563.0,502970.0,-0.39
2073,雄順,114,Q1,115/09/08,364.0,364.0,,149732.0,132379.0,0.01
2101,南港,114,Q4,115/09/08,809784.0,809784.0,809784.0,8431989.0,6623597.0,1.01
2101,南港,114,Q3,115/09/08,-305329.0,-305329.0,-305329.0,6695339.0,5250960.0,-0.37
2102,泰豐,114,Q3,115/09/08,-1018638.0,-1018638.0,-1018638.0,200129.0,159097.0,-2.22
2102,泰豐,114,Q4,115/09/08,2884632.0,2884632.0,2884632.0,265852.0,211607.0,6.28
2103,台橡,114,Q3,115/09/08,297281.0,297281.0,179681.0,28111894.0,25377028.0,0.22
2103,台橡,114,Q4,115/09/08,608786.0,608786.0,448455.0,36472948.0,32897158.0,0.54
2104,國際中橡,114,Q4,115/09/08,-4519627.0,-4519627.0,-4148725.0,15334035.0,16134225.0,-4.28
2104,國際中橡,114,Q3,115/09/08,-3444912.0,-3444912.0,-3293836.0,12024095.0,12384671.0,-3.4
2105,正新,114,Q3,115/09/08,3976185.0,3976185.0,3993411.0,69825727.0,53980651.0,1.23
2105,正新,114,Q4,115/09/08,4835490.0,4835490.0,4854332.0,90780872.0,70148830.0,1.5
2106,建大,114,Q4,115/09/08,125407.0,125407.0,125407.0,33963122.0,27454911.0,0.13
2106,建大,114,Q3,115/09/08,59407.0,59407.0,59407.0,25940651.0,21061106.0,0.06
2107,厚生,114,Q3,115/09/08,460762.0,460762.0,460762.0,1007434.0,644984.0,1.52
2107,厚生,114,Q4,115/09/08,507821.0,507821.0,507821.0,1443584.0,950600.0,1.67
2108,南帝,114,Q4,115/09/08,725113.0,725113.0,410485.0,9546429.0,7413961.0,0.83
2108,南帝,114,Q3,115/09/08,499788.0,499788.0,281275.0,7240874.0,5691382.0,0.57
2109,華豐,114,Q3,115/09/08,271766.0,271766.0,218287.0,3326551.0,2611853.0,0.78
2109,華豐,114,Q4,115/09/08,413865.0,413865.0,324877.0,4455631.0,3480779.0,1.16
2114,鑫永銓,114,Q4,115/09/08,450996.0,450996.0,,1596478.0,962173.0,5.78
2114,鑫永銓,114,Q3,115/09/08,323310.0,323310.0,,1157877.0,695283.0,4.15
2115,六暉-KY,114,Q3,115/09/08,154835.0,154835.0,154835.0,2245950.0,1764153.0,1.48
2115,六暉-KY,114,Q4,115/09/08,165321.0,165321.0,165159.0,2978759.0,2363483.0,1.58
2201,裕隆,114,Q4,115/09/08,3593950.0,3593950.0,979013.0,72355107.0,49010119.0,0.93
2201,裕隆,114,Q3,115/09/08,2901478.0,2901478.0,807718.0,53835771.0,36072399.0,0.77
2204,中華,114,Q3,115/09/08,2265060.0,2265060.0,2130732.0,23960066.0,19916756.0,3.9
2204,中華,114,Q4,115/09/08,3187825.0,3187825.0,2985708.0,32092167.0,27230743.0,5.47
2206,三陽工業,114,Q4,115/09/08,4915815.0,4915815.0,4533289.0,62631961.0,49638905.0,5.78
2206,三陽工業,114,Q3,115/09/08,3923619.0,3923619.0,3621509.0,47983817.0,37672752.0,4.6
2207,和泰車,114,Q4,115/09/08,22469167.0,22469167.0,18900453.0,,,33.93
2207,和泰車,114,Q3,115/09/08,16315379.0,16315379.0,13847332.0,,,24.86
2208,台船,114,Q3,115/09/08,-2477058.0,-2477058.0,-2466760.0,17941290.0,20612935.0,-1.94
2208,台船,114,Q4,115/09/08,-2272569.0,-2272569.0,-2259943.0,21780245.0,23991945.0,-1.77
2211,長榮鋼,114,Q4,115/09/08,4075294.0,4075294.0,3587049.0,15321268.0,11082228.0,8.6
2211,長榮鋼,114,Q3,115/09/08,3457167.0,3457167.0,3069979.0,11509707.0,8232989.0,7.36
2221,大甲,114,Q1,115/09/08,27548.0,27548.0,27455.0,324316.0,260989.0,0.65
2221,大甲,114,Q4,115/09/08,99938.0,99938.0,97748.0,1362791.0,1086948.0,2.31
2227,裕日車,114,Q4,115/09/08,389929.0,389929.0,389929.0,15132073.0,13699100.0,1.3
2227,裕日車,114,Q3,115/09/08,-72313.0,-72313.0,-72313.0,11733420.0,10639551.0,-0.24
2228,劍麟,114,Q3,115/09/08,322784.0,322784.0,322784.0,3765298.0,2853217.0,4.06
2228,劍麟,114,Q4,115/09/08,417999.0,417999.0,417999.0,4954066.0,3785117.0,5.25
2230,泰茂,114,Q4,115/09/08,-73080.0,-73080.0,-73080.0,2025196.0,1890824.0,-1.05
2230,泰茂,114,Q1,115/09/08,9393.0,9393.0,9770.0,451687.0,418489.0,0.17
2231,為升,114,Q3,115/09/08,-187566.0,-187566.0,-8236.0,2601213.0,1658222.0,-0.06
2231,為升,114,Q4,115/09/08,-455472.0,-455472.0,-223772.0,3653940.0,2462004.0,-1.63
2233,宇隆,114,Q4,115/09/08,399942.0,399942.0,403761.0,3274939.0,2259920.0,6.7
2233,宇隆,114,Q3,115/09/08,299878.0,299878.0,302508.0,2509020.0,1728565.0,5.02
2235,謚源,114,Q4,115/09/08,34237.0,34237.0,,555889.0,453780.0,0.95
2235,謚源,114,Q1,115/09/08,18825.0,18825.0,,145804.0,114586.0,0.52
2236,百達-KY,114,Q4,115/09/08,-430353.0,-430353.0,-379824.0,9323367.0,8327392.0,-6.81
2236,百達-KY,114,Q3,115/09/08,-184011.0,-184011.0,-143081.0,6992876.0,6194606.0,-2.67
2237,華德動能-創,114,Q4,115/09/08,160422.0,160422.0,160422.0,2095970.0,1679303.0,1.33
2239,英利-KY,114,Q3,115/09/08,-648216.0,-648216.0,-570254.0,13955789.0,12609500.0,-4.74
2239,英利-KY,114,Q4,115/09/08,-1142284.0,-1142284.0,-946613.0,19086126.0,17174246.0,-7.87
2241,艾姆勒,114,Q4,115/09/08,-76045.0,-76045.0,-73599.0,785614.0,758096.0,-0.7
2241,艾姆勒,114,Q3,115/09/08,-69932.0,-69932.0,-63138.0,510961.0,522909.0,-0.6
2243,宏旭-KY,114,Q3,115/09/08,-7639.0,-7639.0,-7639.0,1105965.0,996674.0,-0.11
2243,宏旭-KY,114,Q4,115/09/08,84591.0,84591.0,84591.0,1739108.0,1488786.0,1.22
2247,汎德永業,114,Q4,115/09/08,1478758.0,1478758.0,1478758.0,51448216.0,45699630.0,18.32
2247,汎德永業,114,Q3,115/09/08,1199376.0,1199376.0,1199376.0,39221416.0,34822670.0,14.86
2248,華勝-KY,114,Q4,115/09/08,247578.0,247578.0,247578.0,2065319.0,1430635.0,5.32
2248,華勝-KY,114,Q3,115/09/08,155196.0,155196.0,155196.0,1406655.0,982379.0,3.36
2250,IKKA-KY,114,Q4,115/09/08,123680.0,123680.0,139271.0,3388172.0,2811908.0,3.99
2250,IKKA-KY,114,Q3,115/09/08,109556.0,109556.0,109556.0,2543469.0,2108326.0,3.19
2254,巨鎧精密-創,114,Q3,115/09/08,-6942.0,-6942.0,-6942.0,426803.0,310753.0,-0.11
2254,巨鎧精密-創,114,Q4,115/09/08,-53391.0,-53391.0,-53391.0,477757.0,372756.0,-0.84
2258,鴻華先進-創,114,Q4,115/09/08,-3742282.0,-3742282.0,-3742282.0,4146473.0,3318348.0,-2.15
2258,鴻華先進-創,114,Q3,115/09/08,-2253244.0,-2253244.0,-2253244.0,3573211.0,2858724.0,-1.29
2301,光寶科,114,Q4,115/09/08,15111794.0,15111794.0,15115934.0,166084859.0,128045601.0,6.64
2301,光寶科,114,Q3,115/09/08,11253858.0,11253858.0,11256043.0,121728442.0,93322019.0,4.94
2302,麗正,114,Q4,115/09/08,81873.0,81873.0,81873.0,845768.0,535970.0,0.49
2302,麗正,114,Q3,115/09/08,66076.0,66076.0,66076.0,634424.0,400794.0,0.4
2303,聯電,114,Q3,115/09/08,31535438.0,31535438.0,31661331.0,175743654.0,125795593.0,2.54
2303,聯電,114,Q4,115/09/08,41534748.0,41534748.0,41716249.0,237553199.0,168646700.0,3.34
2305,全友,114,Q3,115/09/08,37383.0,37383.0,3466.0,528211.0,307367.0,0.02
2305,全友,114,Q4,115/09/08,88222.0,88222.0,39748.0,746385.0,414092.0,0.2
2308,台達電,114,Q4,115/09/08,67936308.0,67936308.0,60108399.0,554885168.0,364728610.0,23.14
2308,台達電,114,Q3,115/09/08,48298572.0,48298572.0,42784710.0,393272069.0,259018707.0,16.47
2312,金寶,114,Q4,115/09/08,2149314.0,2149314.0,1571126.0,163498976.0,153173864.0,1.05
2312,金寶,114,Q3,115/09/08,1680454.0,1680454.0,1269948.0,120609061.0,112582573.0,0.85
2313,華通,114,Q3,115/09/08,4300116.0,4300116.0,4300116.0,54979500.0,44787092.0,3.61
2313,華通,114,Q4,115/09/08,6566868.0,6566868.0,6566868.0,75995687.0,61873094.0,5.51
2314,台揚,114,Q3,115/09/08,-499927.0,-499927.0,-499927.0,1007590.0,1052671.0,-4.71
2314,台揚,114,Q4,115/09/08,-648944.0,-648944.0,-648944.0,1678104.0,1703561.0,-6.11
2316,楠梓電,114,Q4,115/09/08,2427048.0,2427048.0,2427048.0,3740116.0,3757675.0,13.38
2316,楠梓電,114,Q3,115/09/08,1960496.0,1960496.0,1960496.0,2619432.0,2700990.0,10.81
2317,鴻海,114,Q4,115/09/08,215034486.0,215034486.0,189353852.0,8103104763.0,7604943727.0,13.61
2317,鴻海,114,Q3,115/09/08,161400941.0,161400941.0,144141397.0,5496732736.0,5151898671.0,10.38
2321,東訊,114,Q4,115/09/08,-5619.0,-5619.0,-12251.0,732508.0,511870.0,-0.76
2321,東訊,114,Q3,115/09/08,-776.0,-776.0,-3767.0,557685.0,389139.0,-0.3
2323,中環,114,Q3,115/09/08,401969.0,401969.0,407570.0,5266430.0,3992339.0,0.37
2323,中環,114,Q4,115/09/08,1719826.0,1719826.0,1726201.0,7182992.0,5460040.0,1.58
2324,仁寶,114,Q3,115/09/08,6017261.0,6017261.0,4621030.0,566660799.0,535021835.0,1.06
2324,仁寶,114,Q4,115/09/08,7900483.0,7900483.0,6029892.0,757513030.0,714766359.0,1.38
2327,國巨*,114,Q3,115/09/08,16970318.0,16970318.0,16883453.0,96961795.0,62249193.0,8.22
2327,國巨*,114,Q4,115/09/08,23776807.0,23776807.0,23634229.0,132930016.0,84800194.0,11.51
2328,廣宇,114,Q4,115/09/08,887062.0,887062.0,808189.0,21770839.0,19110482.0,1.56
2328,廣宇,114,Q3,115/09/08,721205.0,721205.0,631209.0,16818482.0,14776152.0,1.22
2329,華泰,114,Q4,115/09/08,1410397.0,1410397.0,1410397.0,19683311.0,16719220.0,2.45
2329,華泰,114,Q3,115/09/08,1006494.0,1006494.0,1006494.0,14529330.0,12356609.0,1.41
2330,台積電,114,Q4,115/09/08,1715396780.0,1715396780.0,1717882627.0,3809054272.0,1527760293.0,66.26
2330,台積電,114,Q3,115/09/08,1209981447.0,1209981447.0,1212138637.0,2762963851.0,1133656708.0,46.75
2331,精英,114,Q4,115/09/08,787549.0,787549.0,787899.0,20112114.0,17948728.0,1.41
2331,精英,114,Q3,115/09/08,802390.0,802390.0,802677.0,14560853.0,12947724.0,1.44
2332,友訊,114,Q3,115/09/08,-183834.0,-183834.0,-288870.0,9931578.0,7451070.0,-0.48
2332,友訊,114,Q4,115/09/08,-405718.0,-405718.0,-539535.0,13367019.0,10079104.0,-0.9
2337,旺宏,114,Q4,115/09/08,-3304971.0,-3304971.0,-3307677.0,28879986.0,23748974.0,-1.77
2337,旺宏,114,Q3,115/09/08,-3010913.0,-3010913.0,-3012438.0,21150880.0,17888238.0,-1.62
2338,光罩,114,Q4,115/09/08,-1476965.0,-1476965.0,-1173716.0,6038069.0,5564281.0,-4.88
2338,光罩,114,Q3,115/09/08,-1026311.0,-1026311.0,-811161.0,4668251.0,4268385.0,-3.56
2340,台亞,114,Q3,115/09/08,-1040466.0,-1040466.0,-961486.0,3263099.0,3299407.0,-2.2
2340,台亞,114,Q4,115/09/08,-1375352.0,-1375352.0,-1261655.0,4326285.0,4463917.0,-2.88
2342,茂矽,114,Q3,115/09/08,-35636.0,-35636.0,-35597.0,1590112.0,1329575.0,-0.23
2342,茂矽,114,Q4,115/09/08,-77125.0,-77125.0,-76983.0,2037211.0,1734250.0,-0.49
2344,華邦電,114,Q4,115/09/08,3177448.0,3177448.0,3961929.0,89406171.0,58210043.0,0.88
2344,華邦電,114,Q3,115/09/08,82792.0,82792.0,539575.0,62781097.0,42731184.0,0.12
2345,智邦,114,Q3,115/09/08,17958033.0,17958033.0,17985718.0,176301922.0,144272226.0,32.18
2345,智邦,114,Q4,115/09/08,26305944.0,26305944.0,26341712.0,248319703.0,203400845.0,47.13
2347,聯強,114,Q4,115/09/08,9097439.0,9097439.0,8467374.0,411153211.0,393648889.0,5.08
2347,聯強,114,Q3,115/09/08,6098422.0,6098422.0,5706451.0,284942754.0,272811348.0,3.42
2348,海悅,114,Q4,115/09/08,1162949.0,1162949.0,1086718.0,7353113.0,4706022.0,6.85
2348,海悅,114,Q3,115/09/08,609677.0,609677.0,596494.0,4415233.0,2768068.0,3.61
2349,錸德,114,Q3,115/09/08,-164355.0,-164355.0,-234181.0,5871244.0,5124945.0,-0.34
2349,錸德,114,Q4,115/09/08,-194247.0,-194247.0,-246734.0,7493577.0,6467561.0,-0.36
2351,順德,114,Q4,115/09/08,344769.0,344769.0,303194.0,10247269.0,8882230.0,1.66
2351,順德,114,Q3,115/09/08,184330.0,184330.0,157513.0,7663519.0,6706824.0,0.86
2352,佳世達,114,Q3,115/09/08,1348578.0,1348578.0,1090442.0,155743262.0,129619496.0,0.59
2352,佳世達,114,Q4,115/09/08,1392044.0,1392044.0,1142604.0,207904502.0,172883688.0,0.64
2353,宏��,114,Q4,115/09/08,5774882.0,5774882.0,3780486.0,275628173.0,245637823.0,1.26
2353,宏��,114,Q3,115/09/08,4053255.0,4053255.0,2709997.0,201268726.0,179872235.0,0.9
2354,鴻準,114,Q3,115/09/08,2334715.0,2334715.0,2373086.0,113555634.0,109507697.0,1.68
2354,鴻準,114,Q4,115/09/08,3118856.0,3118856.0,3276310.0,156064911.0,150224132.0,2.32
2355,敬鵬,114,Q4,115/09/08,634288.0,634288.0,634315.0,15780872.0,13965699.0,1.6
2355,敬鵬,114,Q3,115/09/08,380026.0,380026.0,380061.0,11789945.0,10532169.0,0.96
2356,英業達,114,Q3,115/09/08,7210416.0,7210416.0,6622451.0,519897249.0,492105721.0,1.85
2356,英業達,114,Q4,115/09/08,9290127.0,9290127.0,8695754.0,691190326.0,654475636.0,2.42
2357,華碩,114,Q3,115/09/08,35725341.0,35725341.0,33152502.0,535980845.0,456702659.0,44.63
2357,華碩,114,Q4,115/09/08,48216607.0,48216607.0,44557824.0,738904787.0,627289287.0,59.99
2359,所羅門,114,Q4,115/09/08,238467.0,238467.0,211274.0,4248292.0,3285676.0,1.23
2359,所羅門,114,Q3,115/09/08,24010.0,24010.0,16296.0,3179282.0,2474317.0,0.1
2360,致茂,114,Q3,115/09/08,9277296.0,9277296.0,9142112.0,19730565.0,7522786.0,21.67
2360,致茂,114,Q4,115/09/08,11925899.0,11925899.0,11692052.0,28310935.0,10886103.0,27.7
2362,藍天,114,Q3,115/09/08,910918.0,910918.0,910918.0,15255864.0,11758641.0,1.57
2362,藍天,114,Q4,115/09/08,1191951.0,1191951.0,1191951.0,20398604.0,15831628.0,2.05
2363,矽統,114,Q4,115/09/08,755451.0,755451.0,788226.0,2821137.0,1943312.0,1.53
2363,矽統,114,Q3,115/09/08,726865.0,726865.0,751052.0,1999996.0,1346624.0,1.46
2364,倫飛,114,Q3,115/09/08,163793.0,163793.0,164592.0,1163644.0,700634.0,3.14
2364,倫飛,114,Q4,115/09/08,218239.0,218239.0,220019.0,1505691.0,906310.0,4.2
2365,昆盈,114,Q4,115/09/08,70257.0,70257.0,70983.0,959364.0,566262.0,0.32
2365,昆盈,114,Q3,115/09/08,48976.0,48976.0,49504.0,714508.0,419088.0,0.22
2367,燿華,114,Q4,115/09/08,484450.0,484450.0,484450.0,16246291.0,13831642.0,0.68
2367,燿華,114,Q3,115/09/08,505716.0,505716.0,505716.0,12537954.0,10451393.0,0.71
2368,金像電,114,Q3,115/09/08,6675522.0,6675522.0,6675522.0,43595554.0,29436581.0,13.61
2368,金像電,114,Q4,115/09/08,9606531.0,9606531.0,9606531.0,60003758.0,40320985.0,19.47
2369,菱生,114,Q4,115/09/08,-418094.0,-418094.0,-394253.0,5557974.0,5645552.0,-1.05
2369,菱生,114,Q3,115/09/08,-388308.0,-388308.0,-368901.0,4014948.0,4143535.0,-0.99
2371,大同,114,Q3,115/09/08,1327858.0,1327858.0,1384560.0,37040356.0,30653827.0,0.65
2371,大同,114,Q4,115/09/08,-11207296.0,-11207296.0,-11099352.0,50382868.0,41844877.0,-5.2
2373,震旦行,114,Q3,115/09/08,667655.0,667655.0,626381.0,8005137.0,4296319.0,2.79
2373,震旦行,114,Q4,115/09/08,933156.0,933156.0,871125.0,10729924.0,5858029.0,3.87
2374,佳能,114,Q4,115/09/08,752728.0,752728.0,787836.0,9908160.0,7412161.0,2.44
2374,佳能,114,Q3,115/09/08,451044.0,451044.0,488443.0,6569844.0,4797248.0,1.52
2375,凱美,114,Q3,115/09/08,301131.0,301131.0,301131.0,4205355.0,3355313.0,2.77
2375,凱美,114,Q4,115/09/08,405258.0,405258.0,405258.0,5545491.0,4435636.0,3.73
2376,技嘉,114,Q4,115/09/08,13284693.0,13284693.0,12189874.0,336936660.0,301751564.0,18.2
2376,技嘉,114,Q3,115/09/08,10033811.0,10033811.0,9221273.0,247587020.0,221590738.0,13.77
2377,微星,114,Q3,115/09/08,4115891.0,4115891.0,4115891.0,172588178.0,153777790.0,4.87
2377,微星,114,Q4,115/09/08,5747814.0,5747814.0,5747814.0,230196431.0,204983825.0,6.8
2379,瑞昱,114,Q3,115/09/08,12099449.0,12099449.0,12099400.0,96427898.0,47689698.0,23.59
2379,瑞昱,114,Q4,115/09/08,14753316.0,14753316.0,14753249.0,122706372.0,61332694.0,28.77
2380,虹光,114,Q3,115/09/08,103668.0,103668.0,102878.0,2100011.0,1410057.0,0.47
2380,虹光,114,Q4,115/09/08,43150.0,43150.0,42943.0,2894375.0,2010515.0,0.72
2382,廣達,114,Q4,115/09/08,75786311.0,75786311.0,74987700.0,2123689447.0,1975356983.0,19.45
2382,廣達,114,Q3,115/09/08,53402339.0,53402339.0,52790417.0,1485052023.0,1377117744.0,13.7
2383,台光電,114,Q4,115/09/08,14644888.0,14644888.0,14648907.0,94260578.0,66140668.0,41.67
2383,台光電,114,Q3,115/09/08,10908829.0,10908829.0,10911847.0,69333400.0,48338010.0,31.23
2385,群光,114,Q3,115/09/08,6661316.0,6661316.0,5830877.0,72583888.0,59206490.0,8.01
2385,群光,114,Q4,115/09/08,7655573.0,7655573.0,6584784.0,95660609.0,78416164.0,9.05
2387,精元,114,Q3,115/09/08,442425.0,442425.0,494528.0,14525453.0,12393365.0,2.56
2387,精元,114,Q4,115/09/08,636758.0,636758.0,670692.0,18891145.0,16168205.0,3.47
2388,威盛,114,Q3,115/09/08,-599324.0,-599324.0,-610549.0,6497895.0,4979168.0,-1.1
2388,威盛,114,Q4,115/09/08,91753.0,91753.0,69069.0,9546428.0,7398334.0,0.12
2390,云辰,114,Q4,115/09/08,-27404.0,-27404.0,-27404.0,679145.0,535950.0,-0.14
2390,云辰,114,Q3,115/09/08,13782.0,13782.0,13782.0,509637.0,398799.0,0.07
2392,正崴,114,Q3,115/09/08,-14854030.0,-14854030.0,-2228352.0,69218999.0,75892694.0,-4.81
2392,正崴,114,Q4,115/09/08,-19083739.0,-19083739.0,-3065624.0,95016219.0,102109921.0,-6.62
2393,億光,114,Q3,115/09/08,1501434.0,1501434.0,1478801.0,15014731.0,10308882.0,3.34
2393,億光,114,Q4,115/09/08,2063135.0,2063135.0,2038257.0,19639955.0,13535270.0,4.6
2395,研華,114,Q3,115/09/08,7406863.0,7406863.0,7489066.0,52960953.0,31892396.0,8.67
2395,研華,114,Q4,115/09/08,10500516.0,10500516.0,10592508.0,70882362.0,42684758.0,12.25
2397,友通,114,Q4,115/09/08,329092.0,329092.0,285365.0,10875946.0,8046418.0,2.49
2397,友通,114,Q3,115/09/08,384805.0,384805.0,283412.0,8271682.0,6102538.0,2.48
2399,映泰,114,Q3,115/09/08,-18849.0,-18849.0,-18849.0,1415670.0,1330451.0,-0.11
2399,映泰,114,Q4,115/09/08,26160.0,26160.0,26160.0,1734165.0,1622193.0,0.15
2401,凌陽,114,Q4,115/09/08,66497.0,66497.0,-215489.0,6303139.0,3368028.0,-0.37
2401,凌陽,114,Q3,115/09/08,73532.0,73532.0,-152316.0,4806272.0,2554628.0,-0.26
2402,毅嘉,114,Q3,115/09/08,566545.0,566545.0,566545.0,8124142.0,6595117.0,1.86
2402,毅嘉,114,Q4,115/09/08,753973.0,753973.0,753973.0,10848977.0,8780458.0,2.47
2404,漢唐,114,Q4,115/09/08,9165572.0,9165572.0,9069393.0,66093193.0,52863283.0,48.08
2404,漢唐,114,Q3,115/09/08,6519604.0,6519604.0,6424996.0,45537722.0,35840611.0,34.07
2405,輔信,114,Q4,115/09/08,-80419.0,-80419.0,-68872.0,1741595.0,1101467.0,-0.2
2405,輔信,114,Q3,115/09/08,-57166.0,-57166.0,-51580.0,1285305.0,772072.0,-0.15
2406,國碩,114,Q3,115/09/08,-892301.0,-892301.0,-321168.0,4040660.0,3675518.0,-0.92
2406,國碩,114,Q4,115/09/08,-846777.0,-846777.0,-321765.0,6372003.0,5743918.0,-0.92
2408,南亞科,114,Q4,115/09/08,6612756.0,6612756.0,6613772.0,66586520.0,51600320.0,2.13
2408,南亞科,114,Q3,115/09/08,-4479418.0,-4479418.0,-4479418.0,36492902.0,36267546.0,-1.45
2409,友達,114,Q4,115/09/08,6988523.0,6988523.0,6843361.0,281387743.0,249032935.0,0.9
2409,友達,114,Q3,115/09/08,4065811.0,4065811.0,3961338.0,211246176.0,186416130.0,0.52
2412,中華電,114,Q3,115/09/08,30655286.0,30655286.0,29406456.0,170463142.0,105570809.0,3.79
2412,中華電,114,Q4,115/09/08,40517100.0,40517100.0,38712404.0,236114409.0,149145192.0,4.99
2413,環科,114,Q3,115/09/08,-32493.0,-32493.0,-32407.0,2465722.0,2107123.0,-0.25
2413,環科,114,Q4,115/09/08,52387.0,52387.0,52482.0,3344759.0,2836286.0,0.41
2414,精技,114,Q3,115/09/08,428170.0,428170.0,385638.0,21516848.0,19819699.0,2.38
2414,精技,114,Q4,115/09/08,573420.0,573420.0,512681.0,28401975.0,26147199.0,3.17
2415,錩新,114,Q4,115/09/08,216794.0,216794.0,163010.0,2365546.0,1736290.0,1.81
2415,錩新,114,Q3,115/09/08,166668.0,166668.0,122885.0,1744000.0,1272498.0,1.37
2417,圓剛,114,Q4,115/09/08,28746.0,28746.0,-23956.0,3359746.0,1489727.0,-0.19
2417,圓剛,114,Q3,115/09/08,-90776.0,-90776.0,-103409.0,2489712.0,1109632.0,-0.8
2419,仲琦,114,Q3,115/09/08,43818.0,43818.0,-56180.0,6343528.0,5220179.0,-0.17
2419,仲琦,114,Q4,115/09/08,83656.0,83656.0,-116632.0,8880244.0,7209861.0,-0.36
2420,新巨,114,Q3,115/09/08,414991.0,414991.0,414693.0,1653191.0,911860.0,2.72
2420,新巨,114,Q4,115/09/08,597022.0,597022.0,596183.0,2178524.0,1178200.0,3.91
2421,建準,114,Q4,115/09/08,2165699.0,2165699.0,2165699.0,18677810.0,12876422.0,7.94
2421,建準,114,Q3,115/09/08,1540574.0,1540574.0,1540574.0,13759838.0,9572308.0,5.65
2423,固緯,114,Q3,115/09/08,289446.0,289446.0,289446.0,2082296.0,970103.0,2.0
2423,固緯,114,Q4,115/09/08,424091.0,424091.0,424091.0,2943203.0,1385378.0,2.92
2424,隴華,114,Q3,115/09/08,-73970.0,-73970.0,-75253.0,132724.0,114330.0,-1.3
2424,隴華,114,Q4,115/09/08,-75061.0,-75061.0,-78130.0,187747.0,154023.0,-1.34
2425,承啟,114,Q4,115/09/08,39756.0,39756.0,-31095.0,3109983.0,2892684.0,-0.32
2425,承啟,114,Q3,115/09/08,-38461.0,-38461.0,-91335.0,2340705.0,2188817.0,-0.95
2426,鼎元,114,Q3,115/09/08,-53525.0,-53525.0,-53525.0,1821162.0,1587557.0,-0.18
2426,鼎元,114,Q4,115/09/08,-76236.0,-76236.0,-76236.0,2335859.0,2046751.0,-0.25
2427,三商電,114,Q3,115/09/08,218584.0,218584.0,218584.0,4006957.0,2870949.0,1.11
2427,三商電,114,Q4,115/09/08,302600.0,302600.0,302600.0,6527781.0,4964475.0,1.53
2428,興勤,114,Q4,115/09/08,1491487.0,1491487.0,1506033.0,8034659.0,4808402.0,11.76
2428,興勤,114,Q3,115/09/08,1068605.0,1068605.0,1080312.0,6030642.0,3587980.0,8.43
2429,銘旺科,114,Q4,115/09/08,-125403.0,-125403.0,-119924.0,490344.0,474738.0,-1.4
2429,銘旺科,114,Q3,115/09/08,-81923.0,-81923.0,-78712.0,321227.0,312732.0,-0.92
2430,燦坤,114,Q3,115/09/08,37765.0,37765.0,37765.0,13369850.0,11387780.0,0.32
2430,燦坤,114,Q4,115/09/08,81183.0,81183.0,81183.0,17676935.0,15016882.0,0.7
2431,聯昌,114,Q4,115/09/08,-232548.0,-232548.0,-232548.0,375211.0,463462.0,-2.1
2431,聯昌,114,Q3,115/09/08,-56134.0,-56134.0,-56134.0,306825.0,313895.0,-0.51
2432,倚天酷��-創,114,Q3,115/09/08,59464.0,59464.0,60675.0,2318840.0,2043260.0,0.96
2432,倚天酷��-創,114,Q4,115/09/08,116215.0,116215.0,117426.0,3273212.0,2855302.0,1.88
2433,互盛電,114,Q3,115/09/08,360528.0,360528.0,347071.0,2025866.0,1302946.0,2.4
2433,互盛電,114,Q4,115/09/08,458725.0,458725.0,440194.0,2718776.0,1741167.0,3.05
2434,統懋,114,Q4,115/09/08,768.0,768.0,768.0,45551.0,53514.0,0.02
2434,統懋,114,Q3,115/09/08,12022.0,12022.0,12022.0,34527.0,38359.0,0.32
2436,偉詮電,114,Q3,115/09/08,267138.0,267138.0,255823.0,2643331.0,1862147.0,1.45
2436,偉詮電,114,Q4,115/09/08,563034.0,563034.0,550870.0,3568640.0,2502088.0,3.02
2438,翔耀,114,Q4,115/09/08,-171449.0,-171449.0,-147805.0,448416.0,293039.0,-2.38
2438,翔耀,114,Q3,115/09/08,-145681.0,-145681.0,-130995.0,320233.0,230331.0,-2.11
2439,美律,114,Q3,115/09/08,1253008.0,1253008.0,938704.0,32307126.0,28335752.0,3.77
2439,美律,114,Q4,115/09/08,1814652.0,1814652.0,1336636.0,46491035.0,40870502.0,5.36
2440,太空梭,114,Q4,115/09/08,-32637.0,-32637.0,-32637.0,3489466.0,3356748.0,-0.23
2440,太空梭,114,Q3,115/09/08,-35990.0,-35990.0,-35990.0,2588874.0,2493221.0,-0.26
2441,超豐,114,Q3,115/09/08,1811455.0,1811455.0,1811703.0,12468256.0,9938037.0,3.18
2441,超豐,114,Q4,115/09/08,2448677.0,2448677.0,2449022.0,16764213.0,13378562.0,4.31
2442,新美齊,114,Q4,115/09/08,2286368.0,2286368.0,1418128.0,10734412.0,7112943.0,5.24
2442,新美齊,114,Q3,115/09/08,174391.0,174391.0,174216.0,805390.0,503638.0,0.65
2444,兆勁,114,Q3,115/09/08,-156770.0,-156770.0,-156770.0,873468.0,842136.0,-1.54
2444,兆勁,114,Q4,115/09/08,-193091.0,-193091.0,-193091.0,1136112.0,1088546.0,-1.9
2449,京元電子,114,Q4,115/09/08,11057794.0,11057794.0,11015595.0,34933546.0,22411375.0,9.01
2449,京元電子,114,Q3,115/09/08,8809773.0,8809773.0,8767629.0,24967894.0,16199160.0,7.17
2450,神腦,114,Q3,115/09/08,273347.0,273347.0,274122.0,22791589.0,20339574.0,1.06
2450,神腦,114,Q4,115/09/08,444355.0,444355.0,445292.0,33124781.0,29660997.0,1.72
2451,創見,114,Q4,115/09/08,5567815.0,5567815.0,5567815.0,17125453.0,9106547.0,12.98
2451,創見,114,Q3,115/09/08,2305161.0,2305161.0,2305161.0,10321785.0,6495161.0,5.37
2453,凌群,114,Q3,115/09/08,219188.0,219188.0,219985.0,5031898.0,3747344.0,2.2
2453,凌群,114,Q4,115/09/08,310275.0,310275.0,311824.0,7432840.0,5562634.0,3.12
2454,聯發科,114,Q4,115/09/08,106117575.0,106117575.0,105319255.0,595965682.0,312885741.0,66.16
2454,聯發科,114,Q3,115/09/08,83044040.0,83044040.0,82394205.0,445777672.0,231978639.0,51.76
2455,全新,114,Q3,115/09/08,354060.0,354060.0,,2420554.0,1558421.0,1.92
2455,全新,114,Q4,115/09/08,547942.0,547942.0,,3380143.0,2160417.0,2.97
2457,飛宏,114,Q4,115/09/08,-634668.0,-634668.0,-634668.0,9795567.0,7732830.0,-1.48
2457,飛宏,114,Q3,115/09/08,-414233.0,-414233.0,-414233.0,7444505.0,5880428.0,-0.97
2458,義隆,114,Q3,115/09/08,1595129.0,1595129.0,1706572.0,9466577.0,4879177.0,5.96
2458,義隆,114,Q4,115/09/08,2307329.0,2307329.0,2442124.0,12326352.0,6329498.0,8.53
2459,敦吉,114,Q4,115/09/08,558663.0,558663.0,545591.0,4908087.0,3513057.0,5.17
2459,敦吉,114,Q3,115/09/08,473203.0,473203.0,463744.0,3600785.0,2620042.0,4.39
2460,建通,114,Q3,115/09/08,-429839.0,-429839.0,-429839.0,2219395.0,2264372.0,-2.59
2460,建通,114,Q4,115/09/08,-500761.0,-500761.0,-500761.0,3171773.0,3179770.0,-3.0
2461,光群雷,114,Q4,115/09/08,-137614.0,-137614.0,-103382.0,5262759.0,4173508.0,-0.61
2461,光群雷,114,Q3,115/09/08,-70705.0,-70705.0,-53956.0,3925273.0,3089965.0,-0.32
2462,良得電,114,Q3,115/09/08,3020.0,3020.0,2658.0,3144022.0,2709234.0,0.02
2462,良得電,114,Q4,115/09/08,40079.0,40079.0,41256.0,4062102.0,3528225.0,0.27
2464,盟立,114,Q4,115/09/08,-168794.0,-168794.0,-172260.0,6680963.0,5436593.0,-0.84
2464,盟立,114,Q3,115/09/08,-115057.0,-115057.0,-118705.0,4992315.0,4045405.0,-0.58
2465,麗臺,114,Q3,115/09/08,7384.0,7384.0,7291.0,3507986.0,3169281.0,0.09
2465,麗臺,114,Q4,115/09/08,36546.0,36546.0,36453.0,4435960.0,4000364.0,0.43
2466,冠西電,114,Q3,115/09/08,169279.0,169279.0,169279.0,832277.0,822627.0,0.98
2466,冠西電,114,Q4,115/09/08,42429.0,42429.0,42429.0,949054.0,944320.0,0.25
2467,志聖,114,Q3,115/09/08,605626.0,605626.0,569146.0,4355260.0,2481899.0,3.78
2467,志聖,114,Q4,115/09/08,892907.0,892907.0,830564.0,6102155.0,3458414.0,5.5
2468,華經,114,Q4,115/09/08,87509.0,87509.0,87509.0,2694203.0,2428195.0,1.25
2468,華經,114,Q3,115/09/08,54092.0,54092.0,54092.0,2054226.0,1861264.0,0.77
2471,資通,114,Q3,115/09/08,80521.0,80521.0,80600.0,684464.0,405594.0,1.71
2471,資通,114,Q4,115/09/08,171738.0,171738.0,171754.0,1000141.0,566030.0,3.63
2472,立隆電,114,Q4,115/09/08,2006663.0,2006663.0,1437717.0,11292538.0,7674326.0,8.73
2472,立隆電,114,Q3,115/09/08,1239409.0,1239409.0,854638.0,8407118.0,5729481.0,5.19
2474,可成,114,Q3,115/09/08,4966911.0,4966911.0,4769005.0,14295685.0,9831838.0,7.45
2474,可成,114,Q4,115/09/08,7332587.0,7332587.0,7147210.0,18658836.0,12755285.0,11.33
2476,鉅祥,114,Q3,115/09/08,665503.0,665503.0,574833.0,5432901.0,3816081.0,2.72
2476,鉅祥,114,Q4,115/09/08,1052690.0,1052690.0,928608.0,7446012.0,5165041.0,4.36
2477,美隆電,114,Q3,115/09/08,243435.0,243435.0,251276.0,1888231.0,1380890.0,1.58
2477,美隆電,114,Q4,115/09/08,254244.0,254244.0,266688.0,2498658.0,1860208.0,1.68
2478,大毅,114,Q4,115/09/08,496732.0,496732.0,493706.0,5423977.0,4186135.0,3.45
2478,大毅,114,Q3,115/09/08,365092.0,365092.0,363115.0,4052768.0,3147760.0,2.53
2480,敦陽科,114,Q4,115/09/08,851292.0,851292.0,851292.0,8394371.0,6354554.0,8.0
2480,敦陽科,114,Q3,115/09/08,631746.0,631746.0,631746.0,6205496.0,4692784.0,5.94
2481,強茂,114,Q3,115/09/08,983145.0,983145.0,831757.0,9741460.0,6743869.0,2.18
2481,強茂,114,Q4,115/09/08,1390416.0,1390416.0,1191631.0,13093916.0,9000956.0,3.12
2482,連宇,114,Q4,115/09/08,-84490.0,-84490.0,-84548.0,495805.0,285525.0,-1.09
2482,連宇,114,Q3,115/09/08,-64456.0,-64456.0,-64450.0,389391.0,217221.0,-0.83
2483,百容,114,Q3,115/09/08,74580.0,74580.0,73777.0,1325302.0,1202535.0,0.68
2483,百容,114,Q4,115/09/08,65531.0,65531.0,64575.0,1761575.0,1599980.0,0.6
2484,希華,114,Q3,115/09/08,42146.0,42146.0,42136.0,1850761.0,1550774.0,0.26
2484,希華,114,Q4,115/09/08,103661.0,103661.0,103660.0,2409846.0,1987943.0,0.65
2485,兆赫,114,Q4,115/09/08,-334836.0,-334836.0,-305569.0,2609069.0,2496935.0,-0.96
2485,兆赫,114,Q3,115/09/08,-450870.0,-450870.0,-421295.0,1675294.0,1705864.0,-1.33
2486,一詮,114,Q3,115/09/08,48523.0,48523.0,37819.0,4500500.0,3886178.0,0.16
2486,一詮,114,Q4,115/09/08,70270.0,70270.0,50618.0,6046419.0,5186854.0,0.22
2488,漢平,114,Q4,115/09/08,364592.0,364592.0,364592.0,2882427.0,2221487.0,4.56
2488,漢平,114,Q3,115/09/08,282338.0,282338.0,282338.0,2147708.0,1632431.0,3.53
2489,瑞軒,114,Q4,115/09/08,810699.0,810699.0,791597.0,24659058.0,22265632.0,1.22
2489,瑞軒,114,Q3,115/09/08,548601.0,548601.0,537662.0,18585855.0,16748046.0,0.81
2491,吉祥全,114,Q3,115/09/08,27204.0,27204.0,39784.0,131154.0,104600.0,0.49
2491,吉祥全,114,Q4,115/09/08,102506.0,102506.0,116917.0,179873.0,132164.0,1.43
2492,華新科,114,Q4,115/09/08,3003286.0,3003286.0,2298168.0,36462792.0,30163204.0,4.74
2492,華新科,114,Q3,115/09/08,1871458.0,1871458.0,1428168.0,27707893.0,23007628.0,2.95
2493,揚博,114,Q3,115/09/08,401117.0,401117.0,401117.0,2776140.0,1922774.0,3.16
2493,揚博,114,Q4,115/09/08,552771.0,552771.0,552771.0,3768709.0,2625179.0,4.36
2495,普安,114,Q3,115/09/08,121961.0,121961.0,121961.0,833161.0,474972.0,0.45
2495,普安,114,Q4,115/09/08,307860.0,307860.0,307860.0,1176124.0,669398.0,1.13
2496,卓越,114,Q4,115/09/08,115027.0,115027.0,116706.0,870822.0,405296.0,6.12
2496,卓越,114,Q3,115/09/08,82114.0,82114.0,83219.0,638467.0,297048.0,4.36
2497,怡利電,114,Q3,115/09/08,182687.0,182687.0,182687.0,3338424.0,2486224.0,1.49
2497,怡利電,114,Q4,115/09/08,287249.0,287249.0,287249.0,4467308.0,3324258.0,2.37
2498,宏達電,114,Q4,115/09/08,6025406.0,6025406.0,6025406.0,2900662.0,1859721.0,7.21
2498,宏達電,114,Q3,115/09/08,6582225.0,6582225.0,6582225.0,2119695.0,1347711.0,7.88
2501,國建,114,Q3,115/09/08,2178383.0,2178383.0,2212931.0,15557136.0,11129533.0,1.91
2501,國建,114,Q4,115/09/08,3302731.0,3302731.0,3282060.0,24289234.0,17546811.0,2.83
2504,國產,114,Q4,115/09/08,4025945.0,4025945.0,3884005.0,22532724.0,16353780.0,3.3
2504,國產,114,Q3,115/09/08,2987419.0,2987419.0,2885726.0,16792486.0,12206958.0,2.45
2505,國揚,114,Q3,115/09/08,588030.0,588030.0,585830.0,2560341.0,1788755.0,1.54
2505,國揚,114,Q4,115/09/08,901784.0,901784.0,898778.0,4371218.0,3134007.0,2.37
2506,太設,114,Q4,115/09/08,91631.0,91631.0,6200.0,1137730.0,622620.0,0.02
2506,太設,114,Q3,115/09/08,103521.0,103521.0,17498.0,920106.0,505629.0,0.05
2509,全坤建,114,Q3,115/09/08,-135535.0,-135535.0,-138249.0,194071.0,149101.0,-0.62
2509,全坤建,114,Q4,115/09/08,-177348.0,-177348.0,-180048.0,264407.0,183490.0,-0.8
2511,太子,114,Q3,115/09/08,301715.0,301715.0,329714.0,5987062.0,4170448.0,0.2
2511,太子,114,Q4,115/09/08,498371.0,498371.0,535082.0,9354699.0,6765646.0,0.33
2514,龍邦,114,Q4,115/09/08,1047787.0,1047787.0,668206.0,21640008.0,18758945.0,1.85
2514,龍邦,114,Q3,115/09/08,805441.0,805441.0,518229.0,16101919.0,13953632.0,1.43
2515,中工,114,Q3,115/09/08,417679.0,417679.0,411863.0,14675990.0,13657643.0,0.27
2515,中工,114,Q4,115/09/08,641920.0,641920.0,635940.0,20718434.0,19135728.0,0.4
2516,新建,114,Q4,115/09/08,277287.0,277287.0,277287.0,10342982.0,9928288.0,1.23
2516,新建,114,Q3,115/09/08,129823.0,129823.0,129823.0,7413242.0,7193927.0,0.57
2520,冠德,114,Q3,115/09/08,1546520.0,1546520.0,1026363.0,16195936.0,12606635.0,1.72
2520,冠德,114,Q4,115/09/08,2342351.0,2342351.0,1556138.0,22872606.0,17736547.0,2.61
2524,京城,114,Q4,115/09/08,628678.0,628678.0,628678.0,3675047.0,1995930.0,1.71
2524,京城,114,Q3,115/09/08,636441.0,636441.0,636441.0,3272392.0,1792703.0,1.73
2527,宏璟,114,Q3,115/09/08,140249.0,140249.0,156546.0,460505.0,262814.0,0.6
2527,宏璟,114,Q4,115/09/08,223011.0,223011.0,244687.0,658881.0,340116.0,0.93
2528,皇普,114,Q3,115/09/08,1403802.0,1403802.0,,10862639.0,8621512.0,3.39
2528,皇普,114,Q4,115/09/08,1532618.0,1532618.0,,12276492.0,9814384.0,3.65
2530,華建,114,Q3,115/09/08,1731505.0,1731505.0,1736218.0,6198441.0,3647461.0,2.07
2530,華建,114,Q4,115/09/08,1693882.0,1693882.0,1701353.0,6339127.0,3742923.0,2.03
2534,宏盛,114,Q4,115/09/08,974432.0,974432.0,974432.0,4741072.0,2803813.0,2.06
2534,宏盛,114,Q3,115/09/08,877362.0,877362.0,877362.0,4386019.0,2697587.0,1.85
2535,達欣工,114,Q4,115/09/08,1662456.0,1662456.0,1690097.0,22072399.0,19578130.0,6.5
2535,達欣工,114,Q3,115/09/08,1120871.0,1120871.0,1136758.0,16516268.0,14707193.0,4.37
2536,宏普,114,Q4,115/09/08,1061068.0,1061068.0,1060700.0,10460323.0,8255390.0,3.19
2536,宏普,114,Q3,115/09/08,354854.0,354854.0,355991.0,4211431.0,3197962.0,1.07
2537,聯上發,114,Q3,115/09/08,31228.0,31228.0,,597155.0,386446.0,0.1
2537,聯上發,114,Q4,115/09/08,43652.0,43652.0,,1255647.0,926906.0,0.15
2538,基泰,114,Q4,115/09/08,153682.0,153682.0,153682.0,298724.0,49240.0,0.35
2538,基泰,114,Q3,115/09/08,248090.0,248090.0,248090.0,207431.0,46816.0,0.56
2539,櫻花建,114,Q4,115/09/08,4124248.0,4124248.0,4124248.0,14003249.0,8262901.0,3.46
2539,櫻花建,114,Q3,115/09/08,2788092.0,2788092.0,2788092.0,9912568.0,5922409.0,2.34
2540,愛山林,114,Q3,115/09/08,630269.0,630269.0,630269.0,9452105.0,7498067.0,0.68
2540,愛山林,114,Q4,115/09/08,644190.0,644190.0,644190.0,11304194.0,8974070.0,0.69
2542,興富發,114,Q4,115/09/08,5505862.0,5505862.0,4437206.0,31056097.0,21766520.0,2.1
2542,興富發,114,Q3,115/09/08,1666712.0,1666712.0,2010091.0,14371986.0,10654655.0,0.95
2543,皇昌,114,Q4,115/09/08,1467482.0,1467482.0,1414893.0,11838665.0,9624750.0,2.69
2543,皇昌,114,Q3,115/09/08,1055244.0,1055244.0,1015184.0,8186168.0,6591921.0,1.93
2545,皇翔,114,Q3,115/09/08,891028.0,891028.0,891028.0,5682692.0,3307783.0,2.58
2545,皇翔,114,Q4,115/09/08,681479.0,681479.0,681479.0,6076420.0,3618305.0,1.92
2546,根基,114,Q4,115/09/08,1242843.0,1242843.0,1242827.0,21494724.0,19662396.0,9.52
2546,根基,114,Q3,115/09/08,859929.0,859929.0,859916.0,15698305.0,14419870.0,6.59
2547,日勝生,114,Q4,115/09/08,2979737.0,2979737.0,2903590.0,6153592.0,3036196.0,2.85
2547,日勝生,114,Q3,115/09/08,2863766.0,2863766.0,2822691.0,4198032.0,2018666.0,2.78
2548,華固,114,Q3,115/09/08,581662.0,581662.0,582011.0,4863270.0,3489525.0,1.82
2548,華固,114,Q4,115/09/08,3241406.0,3241406.0,3241660.0,18238702.0,13090990.0,10.15
2596,綠意,114,Q4,115/09/08,182276.0,182276.0,185892.0,1298006.0,958589.0,1.86
2596,綠意,114,Q1,115/09/08,44909.0,44909.0,46002.0,354607.0,264168.0,0.46
2597,潤弘,114,Q3,115/09/08,2518436.0,2518436.0,2252643.0,22061708.0,18349900.0,7.25
2597,潤弘,114,Q4,115/09/08,3654963.0,3654963.0,3340115.0,31480700.0,26000823.0,10.75
2601,益航,114,Q4,115/09/08,-1849408.0,-1849408.0,-1343910.0,1489351.0,1273044.0,-1.63
2601,益航,114,Q3,115/09/08,-597745.0,-597745.0,-278287.0,3147023.0,1228382.0,-0.34
2603,長榮,114,Q3,115/09/08,61266886.0,61266886.0,60062306.0,293375092.0,216048651.0,27.74
2603,長榮,114,Q4,115/09/08,70247810.0,70247810.0,68580559.0,379068627.0,286389606.0,31.68
2605,新興,114,Q3,115/09/08,284939.0,284939.0,284939.0,3025476.0,2512016.0,0.49
2605,新興,114,Q4,115/09/08,847322.0,847322.0,847322.0,4407811.0,3260325.0,1.45
2606,裕民,114,Q4,115/09/08,3640394.0,3640394.0,3640394.0,15565820.0,11082203.0,4.31
2606,裕民,114,Q3,115/09/08,2328582.0,2328582.0,2328582.0,11344516.0,8353642.0,2.76
2607,榮運,114,Q3,115/09/08,2506732.0,2506732.0,2463519.0,12985171.0,10044923.0,2.72
2607,榮運,114,Q4,115/09/08,2941859.0,2941859.0,2889795.0,17099193.0,13397179.0,3.56
2608,嘉里大榮,114,Q4,115/09/08,1096685.0,1096685.0,921359.0,12836910.0,10541806.0,1.97
2608,嘉里大榮,114,Q3,115/09/08,859080.0,859080.0,724858.0,9631529.0,7857320.0,1.55
2609,陽明,114,Q4,115/09/08,17377800.0,17377800.0,17096937.0,163558095.0,139153545.0,4.9
2609,陽明,114,Q3,115/09/08,15002572.0,15002572.0,14809997.0,126265473.0,103976535.0,4.24
2610,華航,114,Q3,115/09/08,12250585.0,12250585.0,10996731.0,154976706.0,127534996.0,1.81
2610,華航,114,Q4,115/09/08,16173472.0,16173472.0,14700319.0,209138766.0,171912250.0,2.42
2611,志信,114,Q3,115/09/08,82774.0,82774.0,72803.0,495504.0,348326.0,0.39
2611,志信,114,Q4,115/09/08,115666.0,115666.0,98641.0,672112.0,459381.0,0.52
2612,中航,114,Q4,115/09/08,1077007.0,1077007.0,1077966.0,4886282.0,3287464.0,5.46
2612,中航,114,Q3,115/09/08,829715.0,829715.0,831390.0,3631938.0,2461027.0,4.21
2613,中櫃,114,Q3,115/09/08,117359.0,117359.0,116597.0,2518687.0,2086819.0,0.85
2613,中櫃,114,Q4,115/09/08,160496.0,160496.0,157092.0,3367572.0,2796196.0,1.14
2614,東森,114,Q3,115/09/08,423243.0,423243.0,463960.0,4039415.0,2688929.0,1.42
2614,東森,114,Q4,115/09/08,608673.0,608673.0,652854.0,5473329.0,3628317.0,1.99
2615,萬海,114,Q4,115/09/08,31487179.0,31487179.0,31464653.0,140353465.0,100836928.0,11.21
2615,萬海,114,Q3,115/09/08,21468857.0,21468857.0,21447781.0,106971577.0,75441030.0,7.64
2616,山隆,114,Q4,115/09/08,-840304.0,-840304.0,-849190.0,8179922.0,7613104.0,-6.25
2616,山隆,114,Q3,115/09/08,-594052.0,-594052.0,-599629.0,6067381.0,5660014.0,-4.41
2617,台航,114,Q4,115/09/08,1325648.0,1325648.0,1325648.0,4299838.0,2504976.0,3.18
2617,台航,114,Q3,115/09/08,985508.0,985508.0,985508.0,3124888.0,1873209.0,2.36
2618,長榮航,114,Q3,115/09/08,19599222.0,19599222.0,18497916.0,162686685.0,124255361.0,3.43
2618,長榮航,114,Q4,115/09/08,27518966.0,27518966.0,26146437.0,220333377.0,168702422.0,4.84
2630,亞航,114,Q4,115/09/08,209725.0,209725.0,209725.0,5454110.0,4889585.0,1.0
2630,亞航,114,Q3,115/09/08,185518.0,185518.0,185518.0,4102666.0,3651416.0,0.89
2633,台灣高鐵,114,Q4,115/09/08,6580187.0,6580187.0,,54648456.0,31007179.0,1.17
2633,台灣高鐵,114,Q3,115/09/08,5011922.0,5011922.0,,40108105.0,22751471.0,0.89
2634,漢翔,114,Q3,115/09/08,206957.0,206957.0,206957.0,24493021.0,22917297.0,0.22
2634,漢翔,114,Q4,115/09/08,733068.0,733068.0,733068.0,35452130.0,32920041.0,0.78
2636,台驊控股,114,Q3,115/09/08,807971.0,807971.0,795369.0,16043189.0,13465579.0,5.81
2636,台驊控股,114,Q4,115/09/08,1076361.0,1076361.0,1060485.0,20793603.0,17462919.0,7.74
2637,慧洋-KY,114,Q4,115/09/08,3936032.0,3936032.0,3936032.0,16896060.0,12670683.0,5.27
2637,慧洋-KY,114,Q3,115/09/08,1822769.0,1822769.0,1822769.0,11804928.0,9502481.0,2.44
2640,大車隊,114,Q1,115/09/08,124112.0,124112.0,127296.0,772936.0,402117.0,2.15
2640,大車隊,114,Q4,115/09/08,524612.0,524612.0,533868.0,3154356.0,1578512.0,9.01
2641,正德,114,Q4,115/09/08,678521.0,678521.0,646104.0,2367772.0,1383495.0,2.01
2641,正德,114,Q1,115/09/08,75030.0,75030.0,88086.0,505562.0,331163.0,0.28
2642,宅配通,114,Q3,115/09/08,-60943.0,-60943.0,-60943.0,2896347.0,2687675.0,-0.64
2642,宅配通,114,Q4,115/09/08,-99483.0,-99483.0,-99483.0,3809181.0,3546157.0,-1.04
2643,捷迅,114,Q1,115/09/08,62258.0,62258.0,62258.0,1935185.0,1787715.0,1.78
2643,捷迅,114,Q4,115/09/08,220603.0,220603.0,220603.0,8398720.0,7774345.0,6.3
2645,長榮航太,114,Q4,115/09/08,2044756.0,2044756.0,,18179185.0,14482582.0,5.46
2645,長榮航太,114,Q3,115/09/08,1558414.0,1558414.0,,13347476.0,10332862.0,4.16
2646,星宇航空,114,Q3,115/09/08,474641.0,474641.0,,32696823.0,27486202.0,0.16
2646,星宇航空,114,Q4,115/09/08,272608.0,272608.0,,44053262.0,37346211.0,0.09
2701,萬企,114,Q3,115/09/08,219952.0,219952.0,,191645.0,40793.0,0.49
2701,萬企,114,Q4,115/09/08,251393.0,251393.0,,254003.0,53701.0,0.56
2702,華園,114,Q3,115/09/08,-95220.0,-95220.0,-95220.0,1044121.0,143101.0,-0.61
2702,華園,114,Q4,115/09/08,-54265.0,-54265.0,-54265.0,1409133.0,182366.0,-0.35
2704,國賓,114,Q4,115/09/08,210353.0,210353.0,210040.0,1357085.0,964482.0,0.57
2704,國賓,114,Q3,115/09/08,357386.0,357386.0,357180.0,994904.0,709900.0,0.97
2705,六福,114,Q3,115/09/08,-85824.0,-85824.0,-85824.0,1620730.0,1136864.0,-0.45
2705,六福,114,Q4,115/09/08,166585.0,166585.0,166585.0,2290343.0,1541668.0,0.87
2706,第一店,114,Q4,115/09/08,325564.0,325564.0,,376915.0,82065.0,0.65
2706,第一店,114,Q3,115/09/08,277637.0,277637.0,,283109.0,61484.0,0.56
2707,晶華,114,Q3,115/09/08,1007447.0,1007447.0,1010296.0,5005191.0,3406931.0,7.93
2707,晶華,114,Q4,115/09/08,1448549.0,1448549.0,1455480.0,6832914.0,4601120.0,11.42
2712,遠雄來,114,Q4,115/09/08,-40371.0,-40371.0,,524994.0,424406.0,-0.38
2712,遠雄來,114,Q3,115/09/08,-11653.0,-11653.0,,423319.0,325598.0,-0.11
2718,全心投控,114,Q1,115/09/08,59775.0,59775.0,59775.0,26124.0,9663.0,0.68
2718,全心投控,114,Q4,115/09/08,1479599.0,1479599.0,1479599.0,3021824.0,998733.0,16.94
2719,燦星旅,114,Q4,115/09/08,-10049.0,-10049.0,-10049.0,1963238.0,1860935.0,-0.15
2719,燦星旅,114,Q1,115/09/08,10899.0,10899.0,10899.0,609852.0,567387.0,0.16
2722,夏都,114,Q3,115/09/08,-58300.0,-58300.0,-46892.0,454813.0,304090.0,-0.33
2722,夏都,114,Q4,115/09/08,-85865.0,-85865.0,-69819.0,569119.0,387384.0,-0.49
2723,美食-KY,114,Q4,115/09/08,-433980.0,-433980.0,-443839.0,18107433.0,7343321.0,-2.47
2723,美食-KY,114,Q3,115/09/08,-758169.0,-758169.0,-761982.0,13772614.0,5589648.0,-4.23
2724,藝舍-KY,114,Q1,115/09/08,-2263.0,-2263.0,-2263.0,40234.0,31436.0,-0.04
2724,藝舍-KY,114,Q4,115/09/08,-13317.0,-13317.0,-11779.0,169097.0,145157.0,-0.2
2726,雅茗-KY,114,Q4,115/09/08,-98304.0,-98304.0,-99521.0,568008.0,223313.0,-3.55
2726,雅茗-KY,114,Q1,115/09/08,-15570.0,-15570.0,-18426.0,146275.0,59852.0,-0.67
2727,王品,114,Q3,115/09/08,1021449.0,1021449.0,995166.0,17323177.0,9078027.0,12.01
2727,王品,114,Q4,115/09/08,1357747.0,1357747.0,1327158.0,23452508.0,12322138.0,16.02
2729,瓦城,114,Q1,115/09/08,99576.0,99576.0,100348.0,1596926.0,788333.0,2.56
2729,瓦城,114,Q4,115/09/08,287072.0,287072.0,289312.0,6103901.0,2997845.0,6.76
2731,雄獅,114,Q4,115/09/08,1655282.0,1655282.0,1631541.0,30027920.0,24971496.0,17.49
2731,雄獅,114,Q3,115/09/08,1249552.0,1249552.0,1241549.0,22401220.0,18636210.0,13.31
2732,六角,114,Q4,115/09/08,64055.0,64055.0,50239.0,4299913.0,2079824.0,1.09
2732,六角,114,Q1,115/09/08,11912.0,11912.0,11941.0,933426.0,455498.0,0.26
2734,易飛網,114,Q1,115/09/08,-19164.0,-19164.0,-19164.0,403169.0,358140.0,-0.33
2734,易飛網,114,Q4,115/09/08,-81588.0,-81588.0,-81424.0,1643286.0,1412809.0,-1.42
2736,富野,114,Q1,115/09/08,-11462.0,-11462.0,-8929.0,156817.0,72035.0,-0.15
2736,富野,114,Q4,115/09/08,-147514.0,-147514.0,-131353.0,524168.0,286191.0,-1.83
2739,寒舍,114,Q4,115/09/08,215657.0,215657.0,215657.0,5169913.0,3108669.0,2.36
2739,寒舍,114,Q3,115/09/08,92200.0,92200.0,92200.0,3687220.0,2279013.0,1.01
2740,華軒,114,Q4,115/09/08,-43094.0,-43094.0,-43094.0,128217.0,77066.0,-3.19
2740,華軒,114,Q1,115/09/08,-6810.0,-6810.0,-6810.0,47674.0,29167.0,-0.53
2743,山富,114,Q1,115/09/08,173591.0,173591.0,173591.0,1755132.0,1435825.0,4.82
2743,山富,114,Q4,115/09/08,184681.0,184681.0,184681.0,6726161.0,5896357.0,3.94
2745,五福,114,Q4,115/09/08,338453.0,338453.0,338453.0,8760096.0,7597046.0,10.01
2745,五福,114,Q1,115/09/08,145094.0,145094.0,145094.0,2189144.0,1901558.0,4.29
2748,雲品,114,Q3,115/09/08,117343.0,117343.0,117343.0,1741349.0,1215687.0,1.11
2748,雲品,114,Q4,115/09/08,229058.0,229058.0,229058.0,2424910.0,1645797.0,2.17
2751,王座,114,Q4,115/09/08,92961.0,92961.0,89874.0,1771446.0,917630.0,4.57
2751,王座,114,Q1,115/09/08,17414.0,17414.0,17414.0,364096.0,188168.0,0.89
2752,豆府,114,Q4,115/09/08,405097.0,405097.0,401479.0,4072363.0,1959599.0,15.04
2752,豆府,114,Q1,115/09/08,102711.0,102711.0,102605.0,1001449.0,484159.0,3.84
2753,八方雲集,114,Q3,115/09/08,602979.0,602979.0,622667.0,6487544.0,4164562.0,9.34
2753,八方雲集,114,Q4,115/09/08,826603.0,826603.0,855936.0,8791118.0,5629295.0,12.84
2754,亞洲藏壽司,114,Q4,115/09/08,110164.0,110164.0,110164.0,5709802.0,3381916.0,2.35
2754,亞洲藏壽司,114,Q1,115/09/08,-16025.0,-16025.0,-16025.0,1334039.0,803663.0,-0.34
2755,揚秦,114,Q4,115/09/08,235029.0,235029.0,235029.0,3042798.0,2209086.0,6.44
2755,揚秦,114,Q1,115/09/08,50294.0,50294.0,50294.0,682733.0,497708.0,1.67
2756,聯發國際,114,Q1,115/09/08,12876.0,12876.0,12876.0,200052.0,79017.0,0.53
2756,聯發國際,114,Q4,115/09/08,95936.0,95936.0,95936.0,1172581.0,546273.0,3.93
2762,世界健身-KY,114,Q4,115/09/08,409081.0,409081.0,409081.0,10983985.0,9084936.0,3.75
2762,世界健身-KY,114,Q3,115/09/08,242185.0,242185.0,242185.0,8105503.0,6804596.0,2.22
2801,彰銀,114,Q4,115/09/08,17774866.0,17774866.0,17774866.0,,,1.51
2801,彰銀,114,Q3,115/09/08,14150451.0,14150451.0,14150451.0,,,1.2
2812,台中銀,114,Q3,115/09/08,6686372.0,6686372.0,6686372.0,,,1.13
2812,台中銀,114,Q4,115/09/08,9057493.0,9057493.0,9057493.0,,,1.53
2816,旺旺保,114,Q3,115/09/08,597413.0,597413.0,,8101135.0,5557848.0,2.67
2816,旺旺保,114,Q4,115/09/08,1041996.0,1041996.0,,11076835.0,7360585.0,4.66
2820,華票,114,Q4,115/09/08,1796079.0,1796079.0,,,,1.34
2820,華票,114,Q3,115/09/08,1411762.0,1411762.0,,,,1.05
2832,台產,114,Q3,115/09/08,934061.0,934061.0,,5478572.0,3073604.0,2.75
2832,台產,114,Q4,115/09/08,1242577.0,1242577.0,,7274586.0,4090476.0,3.91
2834,臺企銀,114,Q3,115/09/08,9785900.0,9785900.0,9785900.0,,,1.01
2834,臺企銀,114,Q4,115/09/08,12231819.0,12231819.0,12231819.0,,,1.26
2836,高雄銀,114,Q4,115/09/08,1277875.0,1277875.0,,,,0.68
2836,高雄銀,114,Q3,115/09/08,939200.0,939200.0,,,,0.49
2838,聯邦銀,114,Q3,115/09/08,4461975.0,4461975.0,4477852.0,,,0.91
2838,聯邦銀,114,Q4,115/09/08,6082397.0,6082397.0,6101732.0,,,1.29
2845,遠東銀,114,Q4,115/09/08,4171415.0,4171415.0,4171415.0,,,0.93
2845,遠東銀,114,Q3,115/09/08,3061336.0,3061336.0,3061336.0,,,0.7
2849,安泰銀,114,Q3,115/09/08,1144510.0,1144510.0,,,,0.58
2849,安泰銀,114,Q4,115/09/08,1538983.0,1538983.0,,,,0.79
2850,新產,114,Q4,115/09/08,3878668.0,3878668.0,,21561953.0,12776723.0,12.28
2850,新產,114,Q3,115/09/08,2674439.0,2674439.0,,16170116.0,10098506.0,8.46
2851,中再保,114,Q3,115/09/08,1599235.0,1599235.0,,15964282.0,13656881.0,2.0
2851,中再保,114,Q4,115/09/08,2932619.0,2932619.0,,22898381.0,18858086.0,3.66
2852,第一保,114,Q3,115/09/08,731399.0,731399.0,,5681110.0,3665311.0,2.43
2852,第一保,114,Q4,115/09/08,880192.0,880192.0,,7561558.0,4960063.0,2.92
2855,統一證,114,Q3,115/09/08,2682594.0,2682594.0,2667008.0,,,1.67
2855,統一證,114,Q4,115/09/08,4825778.0,4825778.0,4804426.0,,,3.0
2880,華南金,114,Q4,115/09/08,26424261.0,26424261.0,26424090.0,,,1.9
2880,華南金,114,Q3,115/09/08,19909862.0,19909862.0,19909736.0,,,1.43
2881,富邦金,114,Q3,115/09/08,91023131.0,91023131.0,90905174.0,,,6.23
2881,富邦金,114,Q4,115/09/08,120981786.0,120981786.0,120943979.0,,,8.37
2882,國泰金,114,Q3,115/09/08,74899429.0,74899429.0,74622032.0,,,4.84
2882,國泰金,114,Q4,115/09/08,107633132.0,107633132.0,107141920.0,,,7.06
2883,凱基金,114,Q3,115/09/08,19052237.0,19052237.0,19050456.0,,,1.09
2883,凱基金,114,Q4,115/09/08,30056495.0,30056495.0,30057614.0,,,1.74
2884,玉山金,114,Q3,115/09/08,26222723.0,26222723.0,26203468.0,,,1.62
2884,玉山金,114,Q4,115/09/08,34374216.0,34374216.0,34342232.0,,,2.12
2885,元大金,114,Q3,115/09/08,28730508.0,28730508.0,26694596.0,,,2.0
2885,元大金,114,Q4,115/09/08,39362718.0,39362718.0,36520594.0,,,2.74
2886,兆豐金,114,Q3,115/09/08,28285399.0,28285399.0,28285399.0,,,1.91
2886,兆豐金,114,Q4,115/09/08,35038130.0,35038130.0,35038130.0,,,2.36
2887,台新新光金,114,Q4,115/09/08,37360733.0,37360733.0,37326812.0,,,1.91
2887,台新新光金,114,Q3,115/09/08,22633172.0,22633172.0,22610779.0,,,1.3
2889,國票金,114,Q3,115/09/08,2016751.0,2016751.0,1707261.0,,,0.47
2889,國票金,114,Q4,115/09/08,2869390.0,2869390.0,2295557.0,,,0.63
2890,永豐金,114,Q4,115/09/08,26764592.0,26764592.0,26569302.0,,,1.97
2890,永豐金,114,Q3,115/09/08,20725524.0,20725524.0,20541404.0,,,1.57
2891,中信金,114,Q3,115/09/08,61975957.0,61975957.0,60759332.0,,,3.06
2891,中信金,114,Q4,115/09/08,82328843.0,82328843.0,80619233.0,,,4.08
2892,第一金,114,Q4,115/09/08,26932848.0,26932848.0,26932848.0,,,1.87
2892,第一金,114,Q3,115/09/08,21698774.0,21698774.0,21698774.0,,,1.51
2897,王道銀行,114,Q3,115/09/08,2628999.0,2628999.0,1593250.0,,,0.53
2897,王道銀行,114,Q4,115/09/08,3149271.0,3149271.0,1830666.0,,,0.61
2901,欣欣,114,Q3,115/09/08,18314.0,18314.0,,97031.0,14198.0,0.25
2901,欣欣,114,Q4,115/09/08,27748.0,27748.0,,130749.0,19334.0,0.38
2903,遠百,114,Q3,115/09/08,1786883.0,1786883.0,1571705.0,23632792.0,9625810.0,1.12
2903,遠百,114,Q4,115/09/08,2569428.0,2569428.0,2197617.0,34068301.0,14383249.0,1.56
2904,匯僑,114,Q4,115/09/08,76591.0,76591.0,76600.0,473759.0,325572.0,0.98
2904,匯僑,114,Q3,115/09/08,78067.0,78067.0,78073.0,375410.0,244330.0,1.0
2905,三商,114,Q3,115/09/08,1377448.0,1377448.0,557803.0,,,0.53
2905,三商,114,Q4,115/09/08,1822119.0,1822119.0,755071.0,,,0.71
2906,高林,114,Q3,115/09/08,170975.0,170975.0,20336.0,6426589.0,4561664.0,0.1
2906,高林,114,Q4,115/09/08,307010.0,307010.0,98658.0,8878736.0,6263058.0,0.47
2908,特力,114,Q4,115/09/08,-54150.0,-54150.0,115201.0,33621801.0,25099045.0,0.23
2908,特力,114,Q3,115/09/08,-101468.0,-101468.0,34308.0,25403752.0,19124736.0,0.07
2910,統領,114,Q3,115/09/08,157586.0,157586.0,157586.0,388615.0,45300.0,0.9
2910,統領,114,Q4,115/09/08,215077.0,215077.0,215077.0,518348.0,61378.0,1.23
2911,麗嬰房,114,Q4,115/09/08,222182.0,222182.0,225771.0,2334271.0,1490894.0,2.15
2911,麗嬰房,114,Q3,115/09/08,-371310.0,-371310.0,-367285.0,1728988.0,1088203.0,-3.49
2912,統一超,114,Q3,115/09/08,10449905.0,10449905.0,8901373.0,260950028.0,171000990.0,8.56
2912,統一超,114,Q4,115/09/08,13334282.0,13334282.0,11210454.0,350734591.0,230193275.0,10.78
2913,農林,114,Q4,115/09/08,-116171.0,-116171.0,,472652.0,290223.0,-0.15
2913,農林,114,Q3,115/09/08,-84830.0,-84830.0,,364969.0,226369.0,-0.11
2915,潤泰全,114,Q3,115/09/08,7153341.0,7153341.0,7004213.0,1946555.0,1191543.0,6.71
2915,潤泰全,114,Q4,115/09/08,9894950.0,9894950.0,9696228.0,2420613.0,1389203.0,9.29
2916,滿心,114,Q4,115/09/08,255914.0,255914.0,,1958266.0,900408.0,3.96
2916,滿心,114,Q1,115/09/08,77890.0,77890.0,,534851.0,251225.0,1.21
2923,鼎固-KY,114,Q3,115/09/08,-647065.0,-647065.0,-776206.0,2441673.0,1406414.0,-0.45
2923,鼎固-KY,114,Q4,115/09/08,-6022092.0,-6022092.0,-6303981.0,5795331.0,2887694.0,-3.62
2924,宏太-KY,114,Q1,115/09/08,-11459.0,-11459.0,-11459.0,10509.0,5704.0,-0.22
2924,宏太-KY,114,Q4,115/09/08,-60880.0,-60880.0,-60880.0,67038.0,48955.0,-1.17
2926,誠品生活,114,Q4,115/09/08,25073.0,25073.0,25574.0,6971953.0,4268265.0,0.54
2926,誠品生活,114,Q1,115/09/08,7610.0,7610.0,7742.0,1648398.0,1030261.0,0.16
2929,淘帝-KY,114,Q3,115/09/08,-32823.0,-32823.0,-32823.0,1195464.0,999822.0,-0.3
2929,淘帝-KY,114,Q4,115/09/08,-183290.0,-183290.0,-183290.0,1753536.0,1603545.0,-1.68
2937,集雅社,114,Q4,115/09/08,176795.0,176795.0,176795.0,5195650.0,4047515.0,4.06
2937,集雅社,114,Q1,115/09/08,37987.0,37987.0,37987.0,1171965.0,909544.0,0.96
2939,永邑-KY,114,Q3,115/09/08,-145850.0,-145850.0,-145850.0,221678.0,201973.0,-3.2
2939,永邑-KY,114,Q4,115/09/08,-167792.0,-167792.0,-167792.0,299444.0,273411.0,-3.68
2941,米斯特,114,Q1,115/09/08,7988.0,7988.0,,231050.0,85430.0,0.52
2941,米斯特,114,Q4,115/09/08,36233.0,36233.0,,927155.0,336470.0,2.35
2945,三商家購,114,Q4,115/09/08,136361.0,136361.0,144264.0,14803779.0,10759409.0,2.14
2945,三商家購,114,Q3,115/09/08,88801.0,88801.0,97330.0,10969164.0,7975091.0,1.44
2947,振宇五金,114,Q4,115/09/08,67169.0,67169.0,67169.0,2299302.0,1390255.0,3.17
2947,振宇五金,114,Q1,115/09/08,25862.0,25862.0,25862.0,552182.0,324380.0,1.34
2948,寶陞,114,Q1,115/09/08,11813.0,11813.0,11813.0,523391.0,298563.0,0.39
2948,寶陞,114,Q4,115/09/08,66432.0,66432.0,66432.0,2140630.0,1231454.0,2.14
2949,欣新網,114,Q1,115/09/08,26202.0,26202.0,25980.0,1195170.0,1048500.0,1.04
2949,欣新網,114,Q4,115/09/08,111789.0,111789.0,109425.0,5728246.0,5061415.0,3.63
3002,歐格,114,Q4,115/09/08,32998.0,32998.0,36423.0,690271.0,563972.0,0.36
3002,歐格,114,Q3,115/09/08,46097.0,46097.0,48085.0,534390.0,434635.0,0.48
3003,健和興,114,Q4,115/09/08,169540.0,169540.0,153773.0,4396105.0,3421665.0,0.99
3003,健和興,114,Q3,115/09/08,87722.0,87722.0,77140.0,3225995.0,2500586.0,0.5
3004,豐達科,114,Q3,115/09/08,245399.0,245399.0,245399.0,2913092.0,2200018.0,4.4
3004,豐達科,114,Q4,115/09/08,330951.0,330951.0,330951.0,4055036.0,3063482.0,5.85
3005,神基,114,Q3,115/09/08,4121616.0,4121616.0,3942766.0,29134542.0,19787445.0,6.36
3005,神基,114,Q4,115/09/08,5464265.0,5464265.0,5226971.0,39447844.0,26901103.0,8.43
3006,晶豪科,114,Q3,115/09/08,-789564.0,-789564.0,-789594.0,9768470.0,8836658.0,-2.81
3006,晶豪科,114,Q4,115/09/08,244350.0,244350.0,245125.0,14575272.0,12089519.0,0.87
3008,大立光,114,Q4,115/09/08,21560257.0,21560257.0,21275407.0,61147888.0,30310834.0,159.41
3008,大立光,114,Q3,115/09/08,14758266.0,14758266.0,14555710.0,43929248.0,21352370.0,109.06
3010,華立,114,Q3,115/09/08,1860539.0,1860539.0,1629206.0,58160779.0,53601829.0,6.28
3010,華立,114,Q4,115/09/08,2600765.0,2600765.0,2293723.0,78189260.0,71874551.0,8.84
3011,今皓,114,Q4,115/09/08,-299097.0,-299097.0,-292931.0,754644.0,714766.0,-2.55
3011,今皓,114,Q3,115/09/08,-177874.0,-177874.0,-172456.0,591404.0,568841.0,-1.53
3013,晟銘電,114,Q3,115/09/08,501172.0,501172.0,501172.0,7499627.0,6189468.0,2.44
3013,晟銘電,114,Q4,115/09/08,827010.0,827010.0,827010.0,10554728.0,8596887.0,4.03
3014,聯陽,114,Q4,115/09/08,1531300.0,1531300.0,1531300.0,6946962.0,3116082.0,9.51
3014,聯陽,114,Q3,115/09/08,1227775.0,1227775.0,1227775.0,5440004.0,2462969.0,7.62
3015,全漢,114,Q4,115/09/08,380800.0,380800.0,348069.0,13060096.0,10788831.0,1.86
3015,全漢,114,Q3,115/09/08,316439.0,316439.0,295911.0,10214866.0,8439678.0,1.58
3016,嘉晶,114,Q4,115/09/08,20416.0,20416.0,20416.0,3891698.0,3585203.0,0.07
3016,嘉晶,114,Q3,115/09/08,-26062.0,-26062.0,-26062.0,2826900.0,2646196.0,-0.09
3017,奇鋐,114,Q4,115/09/08,20950520.0,20950520.0,19186495.0,139639362.0,103605359.0,49.17
3017,奇鋐,114,Q3,115/09/08,13691457.0,13691457.0,12550451.0,91864360.0,68440211.0,32.25
3018,隆銘綠能,114,Q4,115/09/08,-160321.0,-160321.0,-160321.0,462654.0,496847.0,-2.16
3018,隆銘綠能,114,Q3,115/09/08,-173549.0,-173549.0,-173549.0,394715.0,416035.0,-2.36
3019,亞光,114,Q3,115/09/08,1790873.0,1790873.0,1539878.0,19469403.0,15587216.0,5.51
3019,亞光,114,Q4,115/09/08,2150039.0,2150039.0,1843199.0,26445656.0,21480262.0,6.6
3021,鴻名,114,Q3,115/09/08,42323.0,42323.0,44527.0,2410181.0,2016593.0,0.47
3021,鴻名,114,Q4,115/09/08,27576.0,27576.0,31241.0,3335946.0,2816976.0,0.33
3022,威強電,114,Q4,115/09/08,822940.0,822940.0,817485.0,6513043.0,4333824.0,4.63
3022,威強電,114,Q3,115/09/08,442994.0,442994.0,442628.0,4953745.0,3293699.0,2.51
3023,信邦,114,Q3,115/09/08,2405638.0,2405638.0,2415391.0,23446163.0,17796354.0,10.06
3023,信邦,114,Q4,115/09/08,3096661.0,3096661.0,3124997.0,31023871.0,23582442.0,13.02
3024,憶聲,114,Q4,115/09/08,76230.0,76230.0,76230.0,1711971.0,1292492.0,0.28
3024,憶聲,114,Q3,115/09/08,90619.0,90619.0,90619.0,1447029.0,1093080.0,0.33
3025,星通,114,Q3,115/09/08,66949.0,66949.0,66949.0,349471.0,112861.0,1.18
3025,星通,114,Q4,115/09/08,195605.0,195605.0,195605.0,677719.0,216093.0,3.45
3026,禾伸堂,114,Q4,115/09/08,1025935.0,1025935.0,1091701.0,13426839.0,10906541.0,6.58
3026,禾伸堂,114,Q3,115/09/08,758071.0,758071.0,788362.0,10107065.0,8171583.0,4.75
3027,盛達,114,Q4,115/09/08,-146337.0,-146337.0,-121398.0,2108555.0,1742276.0,-1.06
3027,盛達,114,Q3,115/09/08,44403.0,44403.0,34916.0,1772450.0,1427317.0,0.3
3028,增你強,114,Q3,115/09/08,474124.0,474124.0,474124.0,30265628.0,28093955.0,2.0
3028,增你強,114,Q4,115/09/08,747516.0,747516.0,747516.0,41450665.0,38420076.0,3.15
3029,零壹,114,Q3,115/09/08,970966.0,970966.0,820695.0,19355264.0,17115863.0,4.91
3029,零壹,114,Q4,115/09/08,1288628.0,1288628.0,1089800.0,24892372.0,21860541.0,6.53
3030,德律,114,Q4,115/09/08,2478679.0,2478679.0,2478679.0,8467435.0,3526681.0,10.49
3030,德律,114,Q3,115/09/08,1792499.0,1792499.0,1792499.0,6386035.0,2707341.0,7.59
3031,佰鴻,114,Q3,115/09/08,154130.0,154130.0,154624.0,833724.0,595078.0,0.89
3031,佰鴻,114,Q4,115/09/08,185854.0,185854.0,188618.0,1141998.0,809497.0,1.09
3032,偉訓,114,Q4,115/09/08,-1129672.0,-1129672.0,-894320.0,11188738.0,8744082.0,-7.93
3032,偉訓,114,Q3,115/09/08,-324455.0,-324455.0,-244480.0,8130612.0,6290872.0,-2.17
3033,威健,114,Q4,115/09/08,864084.0,864084.0,864084.0,108716379.0,104061130.0,1.81
3033,威健,114,Q3,115/09/08,489658.0,489658.0,489658.0,80696388.0,77508547.0,1.03
3034,聯詠,114,Q4,115/09/08,16347693.0,16347693.0,16347693.0,100663144.0,62755132.0,26.87
3034,聯詠,114,Q3,115/09/08,12657883.0,12657883.0,12657883.0,77845935.0,48650750.0,20.8
3035,智原,114,Q4,115/09/08,772979.0,772979.0,731331.0,17992808.0,13135315.0,2.81
3035,智原,114,Q3,115/09/08,551277.0,551277.0,523786.0,15185048.0,11511290.0,2.01
3036,文曄,114,Q3,115/09/08,9368349.0,9368349.0,9352813.0,835862160.0,801031916.0,8.11
3036,文曄,114,Q4,115/09/08,13566471.0,13566471.0,13543724.0,1177948907.0,1130325080.0,11.61
3037,欣興,114,Q4,115/09/08,7550490.0,7550490.0,6673144.0,131240882.0,112948624.0,4.38
3037,欣興,114,Q3,115/09/08,3634637.0,3634637.0,3138640.0,96549996.0,83729871.0,2.06
3038,全台,114,Q4,115/09/08,162491.0,162491.0,163315.0,3010539.0,2317373.0,1.1
3038,全台,114,Q3,115/09/08,121580.0,121580.0,121966.0,2331978.0,1780416.0,0.82
3040,遠見,114,Q3,115/09/08,19402.0,19402.0,19402.0,95115.0,40041.0,0.31
3040,遠見,114,Q4,115/09/08,20430.0,20430.0,20430.0,131948.0,55485.0,0.32
3041,揚智,114,Q4,115/09/08,-603852.0,-603852.0,-455448.0,1140949.0,814241.0,-3.43
3041,揚智,114,Q3,115/09/08,-224853.0,-224853.0,-272656.0,967062.0,650116.0,-2.1
3042,晶技,114,Q3,115/09/08,1351984.0,1351984.0,1353204.0,10024635.0,6684512.0,3.95
3042,晶技,114,Q4,115/09/08,1804339.0,1804339.0,1804534.0,13348901.0,8938963.0,5.28
3043,科風,114,Q4,115/09/08,-105073.0,-105073.0,-104082.0,854124.0,668856.0,-2.67
3043,科風,114,Q3,115/09/08,-21847.0,-21847.0,-20041.0,654348.0,517105.0,-0.51
3044,健鼎,114,Q4,115/09/08,10224624.0,10224624.0,10224657.0,73399297.0,54406808.0,19.45
3044,健鼎,114,Q3,115/09/08,7753429.0,7753429.0,7753572.0,54420679.0,40262251.0,14.75
3045,台灣大,114,Q4,115/09/08,16206169.0,16206169.0,14437394.0,198764583.0,157808811.0,4.77
3045,台灣大,114,Q3,115/09/08,11758431.0,11758431.0,10555090.0,141978174.0,112213500.0,3.49
3046,建��,114,Q3,115/09/08,260217.0,260217.0,261442.0,5558323.0,5077708.0,3.33
3046,建��,114,Q4,115/09/08,313484.0,313484.0,314865.0,7513287.0,6880367.0,4.01
3047,訊舟,114,Q4,115/09/08,-336949.0,-336949.0,-200842.0,3650842.0,2644105.0,-0.9
3047,訊舟,114,Q3,115/09/08,-191149.0,-191149.0,-110033.0,2940066.0,2100516.0,-0.5
3048,益登,114,Q3,115/09/08,308181.0,308181.0,308181.0,84240079.0,81395894.0,1.14
3048,益登,114,Q4,115/09/08,541235.0,541235.0,541235.0,115572529.0,111630358.0,2.01
3049,精金,114,Q4,115/09/08,-476557.0,-476557.0,-514326.0,1484327.0,1922480.0,-0.64
3049,精金,114,Q3,115/09/08,-538617.0,-538617.0,-531075.0,1017424.0,1397190.0,-0.66
3050,鈺德,114,Q3,115/09/08,19110.0,19110.0,2707.0,936563.0,607870.0,0.02
3050,鈺德,114,Q4,115/09/08,26299.0,26299.0,6622.0,1261680.0,842315.0,0.04
3051,力特,114,Q4,115/09/08,167928.0,167928.0,167928.0,1875460.0,1268354.0,1.01
3051,力特,114,Q3,115/09/08,91811.0,91811.0,91811.0,1356093.0,923843.0,0.55
3052,夆典,114,Q3,115/09/08,196654.0,196654.0,194504.0,2644422.0,2281125.0,0.95
3052,夆典,114,Q4,115/09/08,225958.0,225958.0,224193.0,3420125.0,2989936.0,1.1
3054,立萬利,114,Q4,115/09/08,158146.0,158146.0,158146.0,125540.0,86430.0,1.96
3054,立萬利,114,Q3,115/09/08,53449.0,53449.0,53449.0,101642.0,77366.0,0.66
3055,蔚華科,114,Q3,115/09/08,-211729.0,-211729.0,-195569.0,370955.0,311710.0,-1.73
3055,蔚華科,114,Q4,115/09/08,-323387.0,-323387.0,-302967.0,459212.0,385112.0,-2.68
3056,富華新,114,Q4,115/09/08,515346.0,515346.0,515346.0,4054432.0,3161178.0,1.07
3056,富華新,114,Q3,115/09/08,520201.0,520201.0,520201.0,3769082.0,2936648.0,1.08
3057,喬鼎,114,Q3,115/09/08,-14368.0,-14368.0,-14263.0,417472.0,273310.0,-0.24
3057,喬鼎,114,Q4,115/09/08,-53536.0,-53536.0,-53368.0,583850.0,390744.0,-0.88
3058,立德,114,Q4,115/09/08,-298677.0,-298677.0,-287754.0,3145892.0,2852239.0,-1.44
3058,立德,114,Q3,115/09/08,-109404.0,-109404.0,-101285.0,2367977.0,2091487.0,-0.51
3059,華晶科,114,Q3,115/09/08,440937.0,440937.0,298034.0,6511511.0,4775107.0,0.98
3059,華晶科,114,Q4,115/09/08,553558.0,553558.0,377661.0,8677345.0,6423029.0,1.24
3060,銘異,114,Q4,115/09/08,-44100.0,-44100.0,-53880.0,3818634.0,3348845.0,-0.39
3060,銘異,114,Q3,115/09/08,-55636.0,-55636.0,-63179.0,2706129.0,2388943.0,-0.46
3062,建漢,114,Q3,115/09/08,477907.0,477907.0,477907.0,3048765.0,2870923.0,1.47
3062,建漢,114,Q4,115/09/08,222055.0,222055.0,222055.0,4190309.0,3994694.0,0.68
3064,泰偉,114,Q4,115/09/08,-45669.0,-45669.0,-45664.0,82183.0,7550.0,-3.51
3064,泰偉,114,Q1,115/09/08,-9325.0,-9325.0,-9324.0,22049.0,2278.0,-0.72
3066,李洲,114,Q4,115/09/08,-103443.0,-103443.0,-116601.0,241566.0,145424.0,-1.4
3066,李洲,114,Q1,115/09/08,-81758.0,-81758.0,-79300.0,54629.0,36830.0,-0.95
3067,全域,114,Q1,115/09/08,1547.0,1547.0,1547.0,14381.0,10385.0,0.08
3067,全域,114,Q4,115/09/08,-16782.0,-16782.0,-16782.0,58425.0,41792.0,-0.84
3071,協禧,114,Q4,115/09/08,88107.0,88107.0,62760.0,2332486.0,1612672.0,0.57
3071,協禧,114,Q1,115/09/08,16743.0,16743.0,2400.0,540357.0,381007.0,0.02
3073,天方能源,114,Q4,115/09/08,-6.0,-6.0,51.0,88095.0,58764.0,0.0
3073,天方能源,114,Q1,115/09/08,27938.0,27938.0,27941.0,11801.0,6110.0,0.76
3078,僑威,114,Q4,115/09/08,1379344.0,1379344.0,1379344.0,10009788.0,7435090.0,6.07
3078,僑威,114,Q1,115/09/08,421292.0,421292.0,421292.0,2838344.0,2119064.0,1.85
3081,聯亞,114,Q1,115/09/08,42269.0,42269.0,,454502.0,307489.0,0.46
3081,聯亞,114,Q4,115/09/08,428401.0,428401.0,,2202822.0,1262273.0,4.66
3083,網龍,114,Q1,115/09/08,10606.0,10606.0,10252.0,77797.0,15256.0,0.12
3083,網龍,114,Q4,115/09/08,39571.0,39571.0,37358.0,395919.0,64212.0,0.43
3085,新零售,114,Q4,115/09/08,-38898.0,-38898.0,-38898.0,54603.0,23993.0,-0.56
3085,新零售,114,Q1,115/09/08,-11702.0,-11702.0,-11702.0,12635.0,6295.0,-0.17
3086,華義*,114,Q4,115/09/08,-19692.0,-19692.0,-16955.0,159486.0,86201.0,-0.62
3086,華義*,114,Q1,115/09/08,4943.0,4943.0,5584.0,43688.0,21671.0,0.21
3088,艾訊,114,Q1,115/09/08,132165.0,132165.0,130919.0,1635963.0,1074018.0,1.24
3088,艾訊,114,Q4,115/09/08,508608.0,508608.0,501246.0,7018725.0,4620948.0,4.68
3090,日電貿,114,Q4,115/09/08,1275493.0,1275493.0,1252670.0,15727845.0,13142280.0,5.48
3090,日電貿,114,Q3,115/09/08,901264.0,901264.0,886057.0,11912439.0,10010795.0,4.21
3092,鴻碩,114,Q3,115/09/08,-470870.0,-470870.0,-459308.0,1249972.0,1183980.0,-4.31
3092,鴻碩,114,Q4,115/09/08,-561933.0,-561933.0,-547479.0,1638995.0,1567130.0,-5.14
3093,港建*,114,Q1,115/09/08,62525.0,62525.0,62525.0,572537.0,419242.0,0.43
3093,港建*,114,Q4,115/09/08,177466.0,177466.0,177466.0,1865197.0,1297307.0,1.22
3094,聯傑,114,Q4,115/09/08,20360.0,20360.0,20360.0,187756.0,45716.0,0.25
3094,聯傑,114,Q3,115/09/08,13583.0,13583.0,13583.0,145466.0,34643.0,0.16
3095,及成,114,Q1,115/09/08,-9716.0,-9716.0,-9716.0,141318.0,120633.0,-0.97
3095,及成,114,Q4,115/09/08,-19962.0,-19962.0,-19962.0,628944.0,517393.0,-2.0
3105,穩懋,114,Q4,115/09/08,1089818.0,1089818.0,1693801.0,16638534.0,12612441.0,4.0
3105,穩懋,114,Q1,115/09/08,-63334.0,-63334.0,15628.0,3575803.0,2977395.0,0.04
3114,好德,114,Q1,115/09/08,19286.0,19286.0,19286.0,637270.0,583258.0,0.3
3114,好德,114,Q4,115/09/08,144193.0,144193.0,144193.0,3013984.0,2724554.0,2.22
3115,富榮綱,114,Q1,115/09/08,-5297.0,-5297.0,-5297.0,940.0,0.0,-0.16
3115,富榮綱,114,Q4,115/09/08,-22549.0,-22549.0,-22549.0,4381.0,0.0,-0.44
3118,進階,114,Q4,115/09/08,79699.0,79699.0,,736593.0,478895.0,2.46
3118,進階,114,Q1,115/09/08,19843.0,19843.0,,176871.0,121754.0,0.61
3122,笙泉,114,Q1,115/09/08,-21411.0,-21411.0,-21411.0,86083.0,58921.0,-0.53
3122,笙泉,114,Q4,115/09/08,-71488.0,-71488.0,-71488.0,324174.0,217482.0,-1.75
3128,昇銳,114,Q4,115/09/08,63136.0,63136.0,61546.0,1097788.0,737298.0,1.32
3128,昇銳,114,Q1,115/09/08,25064.0,25064.0,24923.0,295310.0,192451.0,0.59
3130,一零四,114,Q3,115/09/08,396856.0,396856.0,396856.0,2012322.0,272163.0,11.96
3130,一零四,114,Q4,115/09/08,488047.0,488047.0,488047.0,2674437.0,371219.0,14.7
3131,弘塑,114,Q4,115/09/08,1325006.0,1325006.0,1327396.0,6514495.0,3833055.0,45.48
3131,弘塑,114,Q1,115/09/08,254980.0,254980.0,255217.0,1240814.0,734440.0,8.74
3135,凌航,114,Q4,115/09/08,445905.0,445905.0,,7704142.0,6930451.0,6.33
3135,凌航,114,Q3,115/09/08,102274.0,102274.0,,5143000.0,4858934.0,1.5
3138,耀登,114,Q3,115/09/08,17121.0,17121.0,18395.0,1225416.0,730288.0,0.37
3138,耀登,114,Q4,115/09/08,73893.0,73893.0,73928.0,1742629.0,1033884.0,1.5
3141,晶宏,114,Q4,115/09/08,25502.0,25502.0,39955.0,1614117.0,1047911.0,0.54
3141,晶宏,114,Q1,115/09/08,20464.0,20464.0,26362.0,335313.0,189177.0,0.35
3147,大綜,114,Q4,115/09/08,368429.0,368429.0,368429.0,8171063.0,7138048.0,8.43
3147,大綜,114,Q1,115/09/08,137995.0,137995.0,137995.0,3148371.0,2842729.0,3.54
3149,正達,114,Q4,115/09/08,-604611.0,-604611.0,-604611.0,2282748.0,2523139.0,-2.86
3149,正達,114,Q3,115/09/08,-463538.0,-463538.0,-463538.0,1628602.0,1788047.0,-2.24
3150,鈺寶-創,114,Q3,115/09/08,8492.0,8492.0,,251475.0,137038.0,0.19
3150,鈺寶-創,114,Q4,115/09/08,-9933.0,-9933.0,,301815.0,167205.0,-0.22
3152,璟德,114,Q1,115/09/08,101013.0,101013.0,,386222.0,214888.0,1.46
3152,璟德,114,Q4,115/09/08,650300.0,650300.0,,1425963.0,813219.0,9.42
3158,嘉實,114,Q4,115/09/08,197546.0,197546.0,197545.0,1012367.0,360436.0,7.27
3158,嘉實,114,Q1,115/09/08,38871.0,38871.0,38871.0,231746.0,83501.0,1.46
3162,精確,114,Q1,115/09/08,65762.0,65762.0,65108.0,1839002.0,1591210.0,0.5
3162,精確,114,Q4,115/09/08,219989.0,219989.0,222411.0,7698847.0,6735535.0,1.7
3163,波若威,114,Q4,115/09/08,501149.0,501149.0,501149.0,2225651.0,1823534.0,6.22
3163,波若威,114,Q1,115/09/08,49205.0,49205.0,49205.0,523911.0,430668.0,0.61
3164,景岳,114,Q3,115/09/08,25679.0,25679.0,32400.0,300525.0,111567.0,0.38
3164,景岳,114,Q4,115/09/08,47982.0,47982.0,57198.0,401229.0,149595.0,0.66
3167,大量,114,Q4,115/09/08,716187.0,716187.0,716187.0,5077937.0,3088936.0,8.13
3167,大量,114,Q3,115/09/08,480060.0,480060.0,480060.0,3529065.0,2192391.0,5.45
3168,眾福科,114,Q3,115/09/08,180019.0,180019.0,150068.0,2584845.0,1941942.0,1.94
3168,眾福科,114,Q4,115/09/08,246123.0,246123.0,200091.0,3434267.0,2577819.0,2.61
3169,亞信,114,Q1,115/09/08,71445.0,71445.0,71445.0,255392.0,116292.0,1.13
3169,亞信,114,Q4,115/09/08,231505.0,231505.0,231505.0,929566.0,434732.0,3.67
3171,炎洲流通,114,Q4,115/09/08,151403.0,151403.0,142565.0,1911393.0,1406051.0,4.3
3171,炎洲流通,114,Q1,115/09/08,26717.0,26717.0,26717.0,345260.0,246013.0,0.81
3176,基亞,114,Q1,115/09/08,97029.0,97029.0,102450.0,499372.0,144290.0,0.74
3176,基亞,114,Q4,115/09/08,-295950.0,-295950.0,-108803.0,1582503.0,677481.0,-0.78
3178,公準,114,Q4,115/09/08,-19887.0,-19887.0,-20636.0,1256311.0,1085976.0,-0.46
3178,公準,114,Q1,115/09/08,17491.0,17491.0,17293.0,322311.0,257789.0,0.38
3188,鑫龍騰,114,Q1,115/09/08,40514.0,40514.0,40514.0,162256.0,78523.0,0.22
3188,鑫龍騰,114,Q4,115/09/08,754959.0,754959.0,754959.0,2695810.0,1474722.0,4.05
3189,景碩,114,Q3,115/09/08,1779400.0,1779400.0,953603.0,28539658.0,22618644.0,2.1
3189,景碩,114,Q4,115/09/08,2717328.0,2717328.0,1595936.0,39351096.0,31036687.0,3.51
3191,雲嘉南,114,Q4,115/09/08,22023.0,22023.0,22023.0,168527.0,128664.0,0.51
3191,雲嘉南,114,Q1,115/09/08,-1750.0,-1750.0,-1750.0,41438.0,31515.0,-0.04
3205,佰研,114,Q1,115/09/08,-15569.0,-15569.0,-15687.0,100939.0,83084.0,-0.48
3205,佰研,114,Q4,115/09/08,-49877.0,-49877.0,-49564.0,346080.0,288368.0,-0.92
3206,志豐,114,Q4,115/09/08,123898.0,123898.0,119142.0,3190460.0,2527929.0,2.02
3206,志豐,114,Q1,115/09/08,40694.0,40694.0,36623.0,830310.0,654535.0,0.62
3207,耀勝,114,Q1,115/09/08,-19736.0,-19736.0,-13052.0,388841.0,345238.0,-0.2
3207,耀勝,114,Q4,115/09/08,-77700.0,-77700.0,-54056.0,1921193.0,1625064.0,-0.82
3209,全科,114,Q4,115/09/08,705936.0,705936.0,708247.0,47383106.0,44897732.0,3.02
3209,全科,114,Q3,115/09/08,358047.0,358047.0,369719.0,35455247.0,33520509.0,1.58
3211,順達,114,Q4,115/09/08,1381809.0,1381809.0,1381809.0,13218485.0,11025109.0,9.05
3211,順達,114,Q1,115/09/08,163444.0,163444.0,163444.0,2362947.0,1987014.0,1.07
3213,茂訊,114,Q1,115/09/08,168623.0,168623.0,166148.0,762695.0,477913.0,2.83
3213,茂訊,114,Q4,115/09/08,437671.0,437671.0,434074.0,2887211.0,2005788.0,7.4
3217,優群,114,Q4,115/09/08,1143047.0,1143047.0,1143047.0,4148411.0,2079027.0,12.69
3217,優群,114,Q1,115/09/08,266811.0,266811.0,266811.0,923726.0,459585.0,2.96
3218,大學光,114,Q4,115/09/08,1054599.0,1054599.0,1042637.0,4204086.0,1721499.0,12.31
3218,大學光,114,Q1,115/09/08,370169.0,370169.0,362648.0,1123220.0,456612.0,4.28
3219,倚強科,114,Q1,115/09/08,11920.0,11920.0,-3164.0,281535.0,86155.0,-0.04
3219,倚強科,114,Q4,115/09/08,151613.0,151613.0,108421.0,1703177.0,592454.0,1.52
3221,台嘉碩,114,Q4,115/09/08,-25267.0,-25267.0,8281.0,2230982.0,1773019.0,0.08
3221,台嘉碩,114,Q1,115/09/08,8035.0,8035.0,15686.0,549588.0,433561.0,0.15
3224,三顧,114,Q1,115/09/08,-38076.0,-38076.0,-13472.0,387278.0,340830.0,-0.2
3224,三顧,114,Q4,115/09/08,-258563.0,-258563.0,-104248.0,1514592.0,1317382.0,-1.53
3226,龍鋒,114,Q4,115/09/08,15777.0,15777.0,,1606553.0,1375280.0,0.24
3226,龍鋒,114,Q1,115/09/08,77028.0,77028.0,,526569.0,403176.0,1.2
3227,原相,114,Q1,115/09/08,537685.0,537685.0,545207.0,2348762.0,891129.0,3.74
3227,原相,114,Q4,115/09/08,1787473.0,1787473.0,1811913.0,9127082.0,3597104.0,12.38
3228,金麗科,114,Q4,115/09/08,-143878.0,-143878.0,,308984.0,116569.0,-2.03
3228,金麗科,114,Q1,115/09/08,-34486.0,-34486.0,,75212.0,25656.0,-0.49
3229,晟鈦,114,Q4,115/09/08,-27789.0,-27789.0,-27789.0,1040583.0,973293.0,-0.43
3229,晟鈦,114,Q3,115/09/08,-35950.0,-35950.0,-35950.0,733978.0,698820.0,-0.56
3230,錦明,114,Q1,115/09/08,-13207.0,-13207.0,-13207.0,118261.0,95094.0,-0.15
3230,錦明,114,Q4,115/09/08,-136403.0,-136403.0,-136403.0,403661.0,365668.0,-1.6
3231,緯創,114,Q3,115/09/08,41427049.0,41427049.0,19241587.0,1465581803.0,1372107904.0,6.43
3231,緯創,114,Q4,115/09/08,57772503.0,57772503.0,27408097.0,2186522636.0,2052539263.0,9.04
3232,昱捷,114,Q4,115/09/08,13329.0,13329.0,13329.0,892597.0,736129.0,0.29
3232,昱捷,114,Q1,115/09/08,11214.0,11214.0,11214.0,257949.0,216144.0,0.24
3234,光環,114,Q1,115/09/08,6291.0,6291.0,8289.0,206119.0,145300.0,0.07
3234,光環,114,Q4,115/09/08,-160535.0,-160535.0,-155678.0,683276.0,590942.0,-1.4
3236,千如,114,Q4,115/09/08,33761.0,33761.0,33761.0,2067602.0,1544506.0,0.32
3236,千如,114,Q1,115/09/08,-18.0,-18.0,-18.0,449986.0,343628.0,0.0
3252,海灣,114,Q4,115/09/08,17339.0,17339.0,6531.0,495921.0,303246.0,0.13
3252,海灣,114,Q1,115/09/08,8040.0,8040.0,3857.0,131402.0,81110.0,0.08
3257,虹冠電,114,Q4,115/09/08,272449.0,272449.0,272449.0,1055311.0,526441.0,3.42
3257,虹冠電,114,Q3,115/09/08,211442.0,211442.0,211442.0,814118.0,394040.0,2.65
3259,鑫創,114,Q1,115/09/08,-37285.0,-37285.0,,51946.0,43457.0,-0.51
3259,鑫創,114,Q4,115/09/08,-172070.0,-172070.0,,281877.0,246272.0,-2.36
3260,威剛,114,Q1,115/09/08,553385.0,553385.0,526389.0,9907514.0,8543376.0,1.72
3260,威剛,114,Q4,115/09/08,7630299.0,7630299.0,7292607.0,53087430.0,38321223.0,23.18
3264,欣銓,114,Q4,115/09/08,2840237.0,2840237.0,2840237.0,14028461.0,8936966.0,5.99
3264,欣銓,114,Q1,115/09/08,601257.0,601257.0,601257.0,3212727.0,2084358.0,1.27
3265,台星科,114,Q1,115/09/08,209168.0,209168.0,209168.0,1083861.0,772289.0,1.54
3265,台星科,114,Q4,115/09/08,746536.0,746536.0,746536.0,4647786.0,3426407.0,5.48
3266,昇陽,114,Q4,115/09/08,208883.0,208883.0,203437.0,1433489.0,972086.0,0.58
3266,昇陽,114,Q3,115/09/08,86730.0,86730.0,85473.0,973971.0,705999.0,0.24
3268,海德威,114,Q4,115/09/08,-46337.0,-46337.0,-46337.0,922208.0,864067.0,-1.33
3268,海德威,114,Q1,115/09/08,-2214.0,-2214.0,-2214.0,189734.0,175656.0,-0.06
3272,東碩,114,Q1,115/09/08,-38266.0,-38266.0,-38266.0,755546.0,642523.0,-0.63
3272,東碩,114,Q4,115/09/08,-461796.0,-461796.0,-461796.0,2935673.0,2696706.0,-7.65
3276,宇環,114,Q4,115/09/08,-20710.0,-20710.0,14640.0,505097.0,512341.0,0.21
3276,宇環,114,Q1,115/09/08,-7674.0,-7674.0,865.0,137094.0,138279.0,0.01
3284,太普高,114,Q1,115/09/08,53709.0,53709.0,51420.0,234556.0,150476.0,0.56
3284,太普高,114,Q4,115/09/08,239485.0,239485.0,243237.0,868717.0,635216.0,2.31
3285,微端,114,Q4,115/09/08,33769.0,33769.0,29986.0,678576.0,511173.0,0.7
3285,微端,114,Q1,115/09/08,970.0,970.0,794.0,138659.0,110511.0,0.02
3287,廣寰科,114,Q4,115/09/08,66004.0,66004.0,65863.0,940854.0,718897.0,1.5
3287,廣寰科,114,Q1,115/09/08,-9568.0,-9568.0,-14364.0,194434.0,147279.0,-0.33
3288,點晶,114,Q4,115/09/08,-9794.0,-9794.0,-9785.0,73476.0,25353.0,-0.64
3288,點晶,114,Q1,115/09/08,-7297.0,-7297.0,-7296.0,17330.0,9265.0,-0.49
3289,宜特,114,Q1,115/09/08,116850.0,116850.0,126431.0,1131486.0,778664.0,1.7
3289,宜特,114,Q4,115/09/08,334683.0,334683.0,367079.0,4842577.0,3536810.0,4.81
3290,東浦,114,Q4,115/09/08,220856.0,220856.0,220856.0,2325539.0,1621667.0,2.02
3290,東浦,114,Q1,115/09/08,40883.0,40883.0,40883.0,491147.0,350768.0,0.32
3293,鈊象,114,Q1,115/09/08,2626793.0,2626793.0,2626945.0,5359242.0,124268.0,9.32
3293,鈊象,114,Q4,115/09/08,10852022.0,10852022.0,10851521.0,22032503.0,530648.0,38.51
3294,英濟,114,Q4,115/09/08,-78929.0,-78929.0,-64377.0,3568957.0,3051025.0,-0.49
3294,英濟,114,Q1,115/09/08,-72134.0,-72134.0,-70354.0,678957.0,647618.0,-0.53
3296,勝德,114,Q3,115/09/08,66587.0,66587.0,66587.0,1196516.0,935668.0,0.69
3296,勝德,114,Q4,115/09/08,59443.0,59443.0,59443.0,1597212.0,1259385.0,0.61
3297,杭特,114,Q1,115/09/08,-2588.0,-2588.0,-2588.0,45269.0,28620.0,-0.07
3297,杭特,114,Q4,115/09/08,17076.0,17076.0,17076.0,201520.0,131080.0,0.47
3303,岱稜,114,Q4,115/09/08,436016.0,436016.0,428333.0,3007421.0,1878681.0,4.57
3303,岱稜,114,Q1,115/09/08,114418.0,114418.0,112619.0,745292.0,443404.0,1.2
3305,昇貿,114,Q3,115/09/08,335444.0,335444.0,335263.0,7691399.0,6674339.0,2.57
3305,昇貿,114,Q4,115/09/08,418406.0,418406.0,418377.0,10621041.0,9211741.0,3.16
3306,鼎天,114,Q4,115/09/08,98605.0,98605.0,98605.0,1082883.0,809441.0,1.95
3306,鼎天,114,Q1,115/09/08,-7561.0,-7561.0,-7561.0,220762.0,160900.0,-0.15
3308,聯德,114,Q4,115/09/08,40910.0,40910.0,40910.0,7887.0,4210.0,0.68
3308,聯德,114,Q3,115/09/08,13598.0,13598.0,13598.0,4935.0,1951.0,0.23
3310,佳穎,114,Q1,115/09/08,149636.0,149636.0,151647.0,1404206.0,1066394.0,2.36
3310,佳穎,114,Q4,115/09/08,233425.0,233425.0,241558.0,2670413.0,2039523.0,3.39
3311,閎暉,114,Q3,115/09/08,84592.0,84592.0,84592.0,1814271.0,1588241.0,1.15
3311,閎暉,114,Q4,115/09/08,134332.0,134332.0,134332.0,2345073.0,2052794.0,1.67
3312,弘憶股,114,Q3,115/09/08,57527.0,57527.0,92175.0,16111506.0,15278018.0,0.57
3312,弘憶股,114,Q4,115/09/08,239178.0,239178.0,288603.0,21015598.0,19906765.0,1.74
3313,斐成,114,Q4,115/09/08,-73766.0,-73766.0,-73673.0,11390.0,17909.0,-0.35
3313,斐成,114,Q1,115/09/08,-14576.0,-14576.0,-14497.0,537.0,1287.0,-0.08
3317,尼克森,114,Q4,115/09/08,153398.0,153398.0,149406.0,2706411.0,1959031.0,1.66
3317,尼克森,114,Q1,115/09/08,60678.0,60678.0,60139.0,629614.0,453206.0,0.74
3321,同泰,114,Q4,115/09/08,-180132.0,-180132.0,-180132.0,2145029.0,2014097.0,-3.36
3321,同泰,114,Q3,115/09/08,-133992.0,-133992.0,-133992.0,1620177.0,1523175.0,-2.52
3322,建舜電,114,Q1,115/09/08,-19852.0,-19852.0,-19850.0,750212.0,643556.0,-0.16
3322,建舜電,114,Q4,115/09/08,-116730.0,-116730.0,-116729.0,3004391.0,2591083.0,-0.96
3323,加百裕,114,Q1,115/09/08,-35510.0,-35510.0,-43256.0,1109638.0,993763.0,-0.46
3323,加百裕,114,Q4,115/09/08,-176996.0,-176996.0,-182624.0,4947657.0,4522196.0,-1.92
3324,雙鴻,114,Q1,115/09/08,529407.0,529407.0,511133.0,4415084.0,3206927.0,5.66
3324,雙鴻,114,Q4,115/09/08,2697755.0,2697755.0,2572128.0,23276344.0,16904440.0,28.26
3325,旭品,114,Q4,115/09/08,-164847.0,-164847.0,-147612.0,1268665.0,1202870.0,-1.64
3325,旭品,114,Q1,115/09/08,-42450.0,-42450.0,-37914.0,300565.0,293295.0,-0.42
3332,幸康,114,Q4,115/09/08,169897.0,169897.0,169897.0,1595924.0,1014024.0,3.53
3332,幸康,114,Q1,115/09/08,47661.0,47661.0,47661.0,396722.0,253622.0,0.99
3338,泰碩,114,Q3,115/09/08,125811.0,125811.0,125811.0,2797244.0,2268722.0,1.44
3338,泰碩,114,Q4,115/09/08,156399.0,156399.0,156399.0,3621006.0,2915971.0,1.8
3339,泰谷,114,Q1,115/09/08,-10863.0,-10863.0,-10863.0,134203.0,126989.0,-0.17
3339,泰谷,114,Q4,115/09/08,-127924.0,-127924.0,-128283.0,818791.0,777375.0,-2.0
3346,麗清,114,Q3,115/09/08,-73463.0,-73463.0,-73463.0,6341470.0,5653829.0,-0.61
3346,麗清,114,Q4,115/09/08,13174.0,13174.0,13174.0,8542795.0,7642230.0,0.11
3349,寶德,114,Q1,115/09/08,-2474.0,-2474.0,-2474.0,97356.0,81235.0,-0.06
3349,寶德,114,Q4,115/09/08,-43892.0,-43892.0,-43892.0,479320.0,383069.0,-1.02
3354,律勝,114,Q1,115/09/08,-10568.0,-10568.0,-10568.0,26109.0,22739.0,-0.15
3354,律勝,114,Q4,115/09/08,-58706.0,-58706.0,-58706.0,98659.0,86517.0,-0.84
3356,奇偶,114,Q3,115/09/08,252198.0,252198.0,252555.0,743135.0,367624.0,3.16
3356,奇偶,114,Q4,115/09/08,493980.0,493980.0,496304.0,1018695.0,506751.0,6.21
3357,臺慶科,114,Q1,115/09/08,223201.0,223201.0,224866.0,1559426.0,1160084.0,2.2
3357,臺慶科,114,Q4,115/09/08,1042187.0,1042187.0,1055748.0,6623818.0,4877989.0,10.26
3360,尚立,114,Q4,115/09/08,-62380.0,-62380.0,-36457.0,7343384.0,7043536.0,-0.48
3360,尚立,114,Q1,115/09/08,-27760.0,-27760.0,-22545.0,1345083.0,1287582.0,-0.3
3362,先進光,114,Q1,115/09/08,37840.0,37840.0,38139.0,1010067.0,794999.0,0.27
3362,先進光,114,Q4,115/09/08,-154634.0,-154634.0,-153742.0,4316601.0,3497420.0,-1.08
3363,上詮,114,Q4,115/09/08,16194.0,16194.0,16194.0,1891994.0,1537079.0,0.16
3363,上詮,114,Q1,115/09/08,1110.0,1110.0,1110.0,411403.0,340859.0,0.01
3372,典範,114,Q4,115/09/08,-213689.0,-213689.0,,1099072.0,1221108.0,-1.22
3372,典範,114,Q1,115/09/08,-61983.0,-61983.0,,227899.0,273944.0,-0.35
3373,熱映,114,Q4,115/09/08,-60448.0,-60448.0,-60448.0,387578.0,327570.0,-1.27
3373,熱映,114,Q1,115/09/08,-19285.0,-19285.0,-19285.0,91608.0,82550.0,-0.45
3374,精材,114,Q1,115/09/08,342264.0,342264.0,,1545411.0,1086021.0,1.26
3374,精材,114,Q4,115/09/08,1353533.0,1353533.0,,7238545.0,5253823.0,4.99
3376,新日興,114,Q3,115/09/08,241383.0,241383.0,241383.0,8395360.0,7167277.0,1.23
3376,新日興,114,Q4,115/09/08,318257.0,318257.0,318257.0,10723102.0,9226730.0,1.63
3379,彬台,114,Q4,115/09/08,80665.0,80665.0,80665.0,1978984.0,1717559.0,2.12
3379,彬台,114,Q1,115/09/08,5914.0,5914.0,5914.0,273520.0,229360.0,0.16
3380,明泰,114,Q4,115/09/08,-147054.0,-147054.0,-193870.0,22461720.0,18564534.0,-0.36
3380,明泰,114,Q3,115/09/08,-220360.0,-220360.0,-200616.0,16054783.0,13339330.0,-0.37
3388,崇越電,114,Q1,115/09/08,72127.0,72127.0,69644.0,1774620.0,1459844.0,0.94
3388,崇越電,114,Q4,115/09/08,316184.0,316184.0,307545.0,7363838.0,6068649.0,4.15
3390,旭軟,114,Q1,115/09/08,5455.0,5455.0,5455.0,195002.0,162582.0,0.08
3390,旭軟,114,Q4,115/09/08,-42243.0,-42243.0,-42243.0,792260.0,680616.0,-0.55
3402,漢科,114,Q1,115/09/08,126551.0,126551.0,126551.0,1241060.0,956044.0,1.73
3402,漢科,114,Q4,115/09/08,547754.0,547754.0,547754.0,5245806.0,3985750.0,7.5
3406,玉晶光,114,Q3,115/09/08,2528393.0,2528393.0,2526155.0,17837292.0,12161768.0,22.41
3406,玉晶光,114,Q4,115/09/08,3708014.0,3708014.0,3702142.0,24988810.0,16863849.0,32.84
3413,京鼎,114,Q4,115/09/08,2417242.0,2417242.0,2336288.0,20841660.0,15600775.0,21.44
3413,京鼎,114,Q3,115/09/08,1813348.0,1813348.0,1759548.0,15614386.0,11622727.0,16.22
3416,融程電,114,Q3,115/09/08,417834.0,417834.0,422539.0,2634248.0,1570932.0,5.3
3416,融程電,114,Q4,115/09/08,585810.0,585810.0,591003.0,3640617.0,2189787.0,7.39
3419,譁裕,114,Q4,115/09/08,-216196.0,-216196.0,-216196.0,1758282.0,1557746.0,-1.79
3419,譁裕,114,Q3,115/09/08,-163374.0,-163374.0,-163374.0,1382164.0,1227783.0,-1.36
3430,奇鈦科,114,Q4,115/09/08,106352.0,106352.0,106352.0,1710908.0,1317871.0,3.15
3430,奇鈦科,114,Q1,115/09/08,39338.0,39338.0,39338.0,379744.0,276744.0,1.17
3432,台端,114,Q3,115/09/08,-24813.0,-24813.0,-24813.0,100962.0,83732.0,-0.59
3432,台端,114,Q4,115/09/08,-36642.0,-36642.0,-36642.0,155343.0,130617.0,-0.87
3434,哲固,114,Q1,115/09/08,19114.0,19114.0,19114.0,228048.0,177715.0,0.68
3434,哲固,114,Q4,115/09/08,15713.0,15713.0,15713.0,691327.0,559553.0,0.47
3437,榮創,114,Q4,115/09/08,-389294.0,-389294.0,-383404.0,1602662.0,1541025.0,-2.65
3437,榮創,114,Q3,115/09/08,-302280.0,-302280.0,-293745.0,1226784.0,1173147.0,-2.03
3438,類比科,114,Q4,115/09/08,47089.0,47089.0,,1010786.0,668685.0,1.0
3438,類比科,114,Q1,115/09/08,15761.0,15761.0,,258079.0,170245.0,0.33
3441,聯一光電,114,Q1,115/09/08,16093.0,16093.0,15774.0,91023.0,57162.0,0.39
3441,聯一光電,114,Q4,115/09/08,43794.0,43794.0,42569.0,425484.0,288089.0,1.06
3443,創意,114,Q3,115/09/08,2609908.0,2609908.0,2609908.0,21741329.0,15648729.0,19.48
3443,創意,114,Q4,115/09/08,3769566.0,3769566.0,3769566.0,34140978.0,25687156.0,28.13
3444,利機,114,Q1,115/09/08,35650.0,35650.0,35650.0,301151.0,228555.0,0.79
3444,利機,114,Q4,115/09/08,96597.0,96597.0,96597.0,1275038.0,1007307.0,2.15
3447,展達,114,Q4,115/09/08,123498.0,123498.0,123498.0,3654971.0,3264316.0,1.6
3447,展達,114,Q3,115/09/08,98674.0,98674.0,98674.0,2665489.0,2340447.0,1.28
3450,聯鈞,114,Q3,115/09/08,890737.0,890737.0,506637.0,6462646.0,4473070.0,3.48
3450,聯鈞,114,Q4,115/09/08,1233142.0,1233142.0,729803.0,8584594.0,6029013.0,5.01
3455,由田,114,Q4,115/09/08,159912.0,159912.0,159912.0,1675344.0,774277.0,2.67
3455,由田,114,Q1,115/09/08,4460.0,4460.0,4460.0,363057.0,178649.0,0.07
3465,進泰電子,114,Q1,115/09/08,25774.0,25774.0,24884.0,442613.0,352514.0,0.7
3465,進泰電子,114,Q4,115/09/08,-15987.0,-15987.0,1238.0,1675949.0,1342419.0,0.04
3466,德晉,114,Q4,115/09/08,-81775.0,-81775.0,-81775.0,76702.0,105815.0,-1.11
3466,德晉,114,Q1,115/09/08,-64220.0,-64220.0,-64220.0,10566.0,45280.0,-1.04
3467,台灣精材,114,Q1,115/09/08,5939.0,5939.0,,153328.0,124710.0,0.21
3467,台灣精材,114,Q4,115/09/08,17754.0,17754.0,,613768.0,494030.0,0.58
3479,安勤,114,Q1,115/09/08,152728.0,152728.0,136270.0,1931412.0,1409519.0,1.88
3479,安勤,114,Q4,115/09/08,540852.0,540852.0,467821.0,8480972.0,6294894.0,6.45
3481,群創,114,Q4,115/09/08,665295.0,665295.0,249764.0,226724264.0,208067343.0,0.03
3481,群創,114,Q3,115/09/08,599634.0,599634.0,268301.0,169981987.0,156476075.0,0.03
3483,力致,114,Q4,115/09/08,369669.0,369669.0,369669.0,9003074.0,7245520.0,3.74
3483,力致,114,Q1,115/09/08,4880.0,4880.0,4880.0,1783491.0,1477882.0,0.06
3484,崧騰,114,Q4,115/09/08,333442.0,333442.0,335124.0,4630799.0,3472388.0,4.27
3484,崧騰,114,Q1,115/09/08,76393.0,76393.0,75966.0,1127822.0,831665.0,0.98
3485,敘豐,114,Q4,115/09/08,201799.0,201799.0,201799.0,549067.0,242789.0,5.9
3489,森寶,114,Q1,115/09/08,-3899.0,-3899.0,-3899.0,122204.0,119577.0,-0.04
3489,森寶,114,Q4,115/09/08,-8451.0,-8451.0,-8451.0,719065.0,672014.0,-0.09
3490,單井,114,Q1,115/09/08,-30332.0,-30332.0,-30332.0,47728.0,47587.0,-0.55
3490,單井,114,Q4,115/09/08,3022.0,3022.0,3022.0,255765.0,205552.0,0.05
3491,昇達科,114,Q4,115/09/08,519108.0,519108.0,518351.0,2452164.0,1198297.0,7.83
3491,昇達科,114,Q1,115/09/08,143184.0,143184.0,142921.0,620099.0,306541.0,2.22
3492,長盛,114,Q4,115/09/08,63019.0,63019.0,63019.0,851747.0,587606.0,1.77
3492,長盛,114,Q1,115/09/08,20665.0,20665.0,20665.0,221480.0,151329.0,0.58
3494,誠研,114,Q3,115/09/08,-122493.0,-122493.0,-105885.0,725357.0,631049.0,-1.12
3494,誠研,114,Q4,115/09/08,-187230.0,-187230.0,-174110.0,939317.0,830524.0,-1.84
3498,陽程,114,Q1,115/09/08,-63405.0,-63405.0,-63219.0,143532.0,127140.0,-1.05
3498,陽程,114,Q4,115/09/08,28383.0,28383.0,29117.0,1358070.0,841142.0,0.48
3499,環天科,114,Q4,115/09/08,-71560.0,-71560.0,-71560.0,357711.0,278014.0,-1.3
3499,環天科,114,Q1,115/09/08,-17635.0,-17635.0,-17635.0,85065.0,67275.0,-0.32
3501,維熹,114,Q3,115/09/08,305730.0,305730.0,305730.0,4288461.0,3414062.0,2.59
3501,維熹,114,Q4,115/09/08,354488.0,354488.0,354488.0,5539855.0,4429668.0,3.0
3504,揚明光,114,Q4,115/09/08,-9388.0,-9388.0,-9388.0,2688527.0,2226838.0,-0.08
3504,揚明光,114,Q3,115/09/08,-1864.0,-1864.0,-1864.0,2001704.0,1677709.0,-0.02
3508,位速,114,Q4,115/09/08,-161941.0,-161941.0,-155656.0,827922.0,780007.0,-1.51
3508,位速,114,Q1,115/09/08,-42580.0,-42580.0,-41940.0,226775.0,206884.0,-0.41
3511,矽瑪,114,Q4,115/09/08,-129964.0,-129964.0,-94216.0,1752255.0,1533054.0,-1.18
3511,矽瑪,114,Q1,115/09/08,-22255.0,-22255.0,-18835.0,461773.0,399532.0,-0.24
3512,皇龍,114,Q1,115/09/08,122469.0,122469.0,122469.0,707612.0,507952.0,1.23
3512,皇龍,114,Q4,115/09/08,267730.0,267730.0,267730.0,1433434.0,931889.0,2.44
3515,華擎,114,Q3,115/09/08,1709132.0,1709132.0,1389993.0,34124996.0,29395855.0,11.25
3515,華擎,114,Q4,115/09/08,2362563.0,2362563.0,1887688.0,47838613.0,41357415.0,15.28
3516,亞帝歐,114,Q1,115/09/08,-718.0,-718.0,3865.0,220729.0,185367.0,0.06
3516,亞帝歐,114,Q4,115/09/08,1543.0,1543.0,16377.0,1048552.0,903625.0,0.27
3518,柏騰,114,Q3,115/09/08,-88503.0,-88503.0,-88503.0,243974.0,220512.0,-0.93
3518,柏騰,114,Q4,115/09/08,-149393.0,-149393.0,-149393.0,319902.0,298183.0,-1.56
3520,華盈,114,Q4,115/09/08,-7660.0,-7660.0,-6600.0,1208221.0,1047421.0,-0.1
3520,華盈,114,Q1,115/09/08,701.0,701.0,1084.0,241386.0,204257.0,0.02
3521,台鋼建設,114,Q4,115/09/08,-9166.0,-9166.0,-9166.0,246806.0,199716.0,-0.07
3521,台鋼建設,114,Q1,115/09/08,-38055.0,-38055.0,-38055.0,17844.0,26226.0,-0.32
3522,御嵿,114,Q1,115/09/08,14319.0,14319.0,16712.0,402974.0,194248.0,0.2
3522,御嵿,114,Q4,115/09/08,-241801.0,-241801.0,-223387.0,1150713.0,642427.0,-2.66
3523,迎輝,114,Q4,115/09/08,-92220.0,-92220.0,-92918.0,106622.0,156890.0,-1.45
3523,迎輝,114,Q1,115/09/08,-27357.0,-27357.0,-27379.0,29713.0,37629.0,-0.43
3526,凡甲,114,Q4,115/09/08,1105692.0,1105692.0,1105692.0,3928253.0,1967783.0,16.97
3526,凡甲,114,Q1,115/09/08,265002.0,265002.0,265002.0,924249.0,442989.0,4.1
3527,聚積,114,Q4,115/09/08,-81838.0,-81838.0,-81838.0,1448880.0,886465.0,-1.84
3527,聚積,114,Q1,115/09/08,2622.0,2622.0,2622.0,386326.0,230465.0,0.06
3528,安馳,114,Q4,115/09/08,152973.0,152973.0,,8959308.0,7960487.0,2.3
3528,安馳,114,Q3,115/09/08,17898.0,17898.0,,6095713.0,5453285.0,0.27
3529,力旺,114,Q4,115/09/08,1918613.0,1918613.0,1911849.0,3849053.0,0.0,25.6
3529,力旺,114,Q1,115/09/08,453951.0,453951.0,461706.0,911734.0,0.0,6.18
3530,晶相光,114,Q4,115/09/08,135006.0,135006.0,135006.0,1845343.0,1349720.0,1.74
3530,晶相光,114,Q3,115/09/08,36172.0,36172.0,36172.0,1270713.0,958644.0,0.47
3531,先益,114,Q4,115/09/08,15660.0,15660.0,18062.0,1295459.0,1070052.0,0.3
3531,先益,114,Q1,115/09/08,22685.0,22685.0,23819.0,365349.0,300388.0,0.39
3532,台勝科,114,Q3,115/09/08,310541.0,310541.0,310541.0,9065551.0,7628124.0,0.8
3532,台勝科,114,Q4,115/09/08,614473.0,614473.0,614473.0,12334292.0,10516220.0,1.58
3533,嘉澤,114,Q4,115/09/08,7947082.0,7947082.0,7865999.0,33783411.0,16449732.0,70.17
3533,嘉澤,114,Q3,115/09/08,5378183.0,5378183.0,5343055.0,24523525.0,11962622.0,47.64
3535,晶彩科,114,Q4,115/09/08,-84299.0,-84299.0,-84299.0,459861.0,274152.0,-1.07
3535,晶彩科,114,Q3,115/09/08,-137214.0,-137214.0,-137214.0,214244.0,116448.0,-1.74
3537,堡達,114,Q1,115/09/08,69272.0,69272.0,69272.0,686178.0,560485.0,1.23
3537,堡達,114,Q4,115/09/08,141194.0,141194.0,141194.0,2921435.0,2507319.0,2.51
3540,曜越,114,Q4,115/09/08,46704.0,46704.0,53757.0,5137922.0,3522269.0,0.74
3540,曜越,114,Q1,115/09/08,40598.0,40598.0,43336.0,1319466.0,903572.0,0.6
3541,西柏,114,Q4,115/09/08,-46240.0,-46240.0,-46240.0,1080760.0,703245.0,-0.83
3541,西柏,114,Q1,115/09/08,3588.0,3588.0,3588.0,253074.0,162289.0,0.06
3543,州巧,114,Q3,115/09/08,-138950.0,-138950.0,-102237.0,2453659.0,2170545.0,-1.16
3543,州巧,114,Q4,115/09/08,-251032.0,-251032.0,-197326.0,3264017.0,2935330.0,-2.24
3545,敦泰,114,Q3,115/09/08,330322.0,330322.0,330272.0,9150930.0,6767848.0,1.55
3545,敦泰,114,Q4,115/09/08,-990258.0,-990258.0,-990601.0,11952063.0,8986940.0,-4.64
3546,宇峻,114,Q4,115/09/08,115073.0,115073.0,115073.0,1422867.0,95077.0,1.97
3546,宇峻,114,Q1,115/09/08,52772.0,52772.0,52772.0,346033.0,25490.0,0.99
3548,兆利,114,Q1,115/09/08,56047.0,56047.0,56047.0,2627905.0,2308575.0,0.85
3548,兆利,114,Q4,115/09/08,150740.0,150740.0,150740.0,9405433.0,8281263.0,2.23
3550,聯穎,114,Q4,115/09/08,-108530.0,-108530.0,-104342.0,3530862.0,3003315.0,-1.18
3550,聯穎,114,Q3,115/09/08,-63395.0,-63395.0,-60820.0,2622757.0,2234932.0,-0.69
3551,世禾,114,Q1,115/09/08,119521.0,119521.0,119521.0,680783.0,414972.0,2.13
3551,世禾,114,Q4,115/09/08,479293.0,479293.0,479293.0,2991905.0,1914538.0,8.36
3552,同致,114,Q4,115/09/08,65944.0,65944.0,65944.0,8461001.0,6868909.0,0.67
3552,同致,114,Q1,115/09/08,8446.0,8446.0,8446.0,2045381.0,1650630.0,0.09
3555,博士旺,114,Q1,115/09/08,-17009.0,-17009.0,-15353.0,6353.0,5360.0,-0.51
3555,博士旺,114,Q4,115/09/08,36215.0,36215.0,44259.0,282476.0,252588.0,1.28
3556,禾瑞亞,114,Q4,115/09/08,121515.0,121515.0,136683.0,967468.0,506947.0,2.15
3556,禾瑞亞,114,Q1,115/09/08,21886.0,21886.0,25978.0,251224.0,130472.0,0.41
3557,嘉威,114,Q3,115/09/08,-22691.0,-22691.0,-22691.0,3351734.0,2202661.0,-0.27
3557,嘉威,114,Q4,115/09/08,720.0,720.0,720.0,4322982.0,2858679.0,0.01
3558,神準,114,Q1,115/09/08,198993.0,198993.0,152593.0,3994126.0,3280646.0,2.58
3558,神準,114,Q4,115/09/08,423496.0,423496.0,307052.0,15035668.0,12660471.0,5.2
3563,牧德,114,Q4,115/09/08,1047329.0,1047329.0,1010745.0,3191461.0,1235994.0,15.8
3563,牧德,114,Q3,115/09/08,783580.0,783580.0,772040.0,2527924.0,969679.0,13.28
3564,其陽,114,Q1,115/09/08,1595.0,1595.0,1595.0,500783.0,366595.0,0.03
3564,其陽,114,Q4,115/09/08,38348.0,38348.0,38348.0,2496996.0,1924524.0,0.65
3567,逸昌,114,Q4,115/09/08,36150.0,36150.0,,281056.0,192039.0,1.06
3567,逸昌,114,Q1,115/09/08,8414.0,8414.0,,67207.0,46322.0,0.25
3570,大塚,114,Q1,115/09/08,73380.0,73380.0,73380.0,743436.0,543595.0,4.29
3570,大塚,114,Q4,115/09/08,238500.0,238500.0,238500.0,2433415.0,1737780.0,13.95
3576,聯合再生,114,Q4,115/09/08,-1246524.0,-1246524.0,-1247485.0,3046560.0,3710314.0,-0.77
3576,聯合再生,114,Q3,115/09/08,-1020233.0,-1020233.0,-1021054.0,2427523.0,2975096.0,-0.63
3577,泓格,114,Q1,115/09/08,49567.0,49567.0,49567.0,315715.0,147847.0,0.77
3577,泓格,114,Q4,115/09/08,151795.0,151795.0,151795.0,1171923.0,542357.0,2.37
3580,友威科,114,Q4,115/09/08,76394.0,76394.0,76394.0,432068.0,198383.0,1.94
3580,友威科,114,Q1,115/09/08,14044.0,14044.0,14044.0,91433.0,57552.0,0.36
3581,博磊,114,Q4,115/09/08,87322.0,87322.0,41070.0,1569787.0,1050217.0,0.81
3581,博磊,114,Q1,115/09/08,2099.0,2099.0,-11586.0,356507.0,228614.0,-0.23
3583,辛耘,114,Q3,115/09/08,798695.0,798695.0,780089.0,8556883.0,5792847.0,9.71
3583,辛耘,114,Q4,115/09/08,1142051.0,1142051.0,1109812.0,11371368.0,7562989.0,13.82
3587,閎康,114,Q4,115/09/08,407095.0,407095.0,407095.0,5545347.0,3964221.0,6.1
3587,閎康,114,Q1,115/09/08,50407.0,50407.0,50407.0,1238293.0,937661.0,0.76
3588,通嘉,114,Q4,115/09/08,30593.0,30593.0,30593.0,1348683.0,890301.0,0.5
3588,通嘉,114,Q3,115/09/08,22538.0,22538.0,22538.0,1014777.0,661994.0,0.37
3591,艾笛森,114,Q3,115/09/08,-22732.0,-22732.0,-29331.0,1755031.0,1383789.0,-0.21
3591,艾笛森,114,Q4,115/09/08,-39140.0,-39140.0,-47237.0,2307824.0,1817865.0,-0.34
3592,瑞鼎,114,Q4,115/09/08,1383386.0,1383386.0,1383386.0,22397169.0,16010423.0,18.24
3592,瑞鼎,114,Q3,115/09/08,1068608.0,1068608.0,1068608.0,17103208.0,12253658.0,14.09
3593,力銘,114,Q3,115/09/08,-100410.0,-100410.0,-100410.0,895220.0,875614.0,-1.8
3593,力銘,114,Q4,115/09/08,-77881.0,-77881.0,-77881.0,1097310.0,1086046.0,-1.4
3594,磐儀,114,Q1,115/09/08,-31872.0,-31872.0,-20377.0,390152.0,242755.0,-0.21
3594,磐儀,114,Q4,115/09/08,58026.0,58026.0,46660.0,2025562.0,1216991.0,0.49
3596,智易,114,Q4,115/09/08,2773881.0,2773881.0,2777080.0,52975952.0,44889510.0,12.6
3596,智易,114,Q3,115/09/08,2093900.0,2093900.0,2098229.0,39973022.0,33874852.0,9.52
3597,映興,114,Q1,115/09/08,7106.0,7106.0,7106.0,201721.0,156420.0,0.18
3597,映興,114,Q4,115/09/08,13315.0,13315.0,13315.0,860478.0,657085.0,0.34
3605,宏致,114,Q3,115/09/08,527136.0,527136.0,527092.0,8152407.0,6050274.0,3.51
3605,宏致,114,Q4,115/09/08,661225.0,661225.0,661186.0,10859557.0,8035876.0,4.35
3607,谷崧,114,Q4,115/09/08,2210.0,2210.0,2210.0,2784296.0,2498755.0,0.02
3607,谷崧,114,Q3,115/09/08,5288.0,5288.0,5288.0,2145653.0,1914481.0,0.04
3609,三一東林,114,Q1,115/09/08,-34009.0,-34009.0,-34009.0,139251.0,121453.0,-0.89
3609,三一東林,114,Q4,115/09/08,246519.0,246519.0,246519.0,665195.0,591456.0,6.42
3611,鼎翰,114,Q1,115/09/08,185338.0,185338.0,183543.0,2856093.0,2007387.0,3.87
3611,鼎翰,114,Q4,115/09/08,936563.0,936563.0,932651.0,11529034.0,7808715.0,19.63
3615,安可,114,Q4,115/09/08,99463.0,99463.0,56440.0,927631.0,718478.0,0.82
3615,安可,114,Q1,115/09/08,14888.0,14888.0,-3477.0,248353.0,196972.0,-0.05
3617,碩天,114,Q3,115/09/08,1095749.0,1095749.0,1092781.0,9106558.0,4166443.0,11.6
3617,碩天,114,Q4,115/09/08,1375621.0,1375621.0,1362738.0,11869881.0,5503393.0,14.47
3622,洋華,114,Q4,115/09/08,969991.0,969991.0,921570.0,1725633.0,959519.0,6.09
3622,洋華,114,Q3,115/09/08,777907.0,777907.0,740144.0,1294620.0,698907.0,4.89
3623,富晶通,114,Q1,115/09/08,-8230.0,-8230.0,,73068.0,72183.0,-0.28
3623,富晶通,114,Q4,115/09/08,-4780.0,-4780.0,,295310.0,299072.0,-0.16
3624,光頡,114,Q4,115/09/08,221800.0,221800.0,218179.0,2675360.0,1998731.0,1.86
3624,光頡,114,Q1,115/09/08,63916.0,63916.0,63259.0,618995.0,454583.0,0.54
3625,西勝,114,Q1,115/09/08,-30542.0,-30542.0,-30542.0,104984.0,99327.0,-0.28
3625,西勝,114,Q4,115/09/08,-65249.0,-65249.0,-65249.0,402267.0,356204.0,-0.6
3628,盈正,114,Q4,115/09/08,180357.0,180357.0,180903.0,3355284.0,2357374.0,4.02
3628,盈正,114,Q1,115/09/08,8530.0,8530.0,8527.0,698128.0,515731.0,0.19
3629,地心引力,114,Q1,115/09/08,-7626.0,-7626.0,-7626.0,18.0,5.0,-0.23
3629,地心引力,114,Q4,115/09/08,-21487.0,-21487.0,-21487.0,15204.0,11788.0,-0.65
3630,新鉅科,114,Q4,115/09/08,375729.0,375729.0,375729.0,2268421.0,2082160.0,1.86
3630,新鉅科,114,Q1,115/09/08,-110813.0,-110813.0,-110813.0,506750.0,461580.0,-0.57
3631,晟楠,114,Q1,115/09/08,-15695.0,-15695.0,-12857.0,10568.0,5897.0,-0.16
3631,晟楠,114,Q4,115/09/08,-77699.0,-77699.0,-57428.0,29333.0,21197.0,-0.7
3632,研勤,114,Q4,115/09/08,-14752.0,-14752.0,-15588.0,264909.0,118566.0,-0.38
3632,研勤,114,Q1,115/09/08,-3328.0,-3328.0,-3226.0,64047.0,29551.0,-0.08
3645,達邁,114,Q4,115/09/08,197935.0,197935.0,209489.0,2373234.0,1735687.0,1.54
3645,達邁,114,Q3,115/09/08,119752.0,119752.0,127771.0,1814703.0,1352169.0,0.94
3646,艾恩特,114,Q1,115/09/08,1706.0,1706.0,1706.0,166497.0,124011.0,0.04
3646,艾恩特,114,Q4,115/09/08,22202.0,22202.0,22202.0,667808.0,480803.0,0.56
3652,精聯,114,Q4,115/09/08,100984.0,100984.0,100614.0,2452536.0,1613570.0,1.34
3652,精聯,114,Q3,115/09/08,70704.0,70704.0,70426.0,1826261.0,1188211.0,0.94
3653,健策,114,Q4,115/09/08,5310342.0,5310342.0,5277165.0,20275577.0,11841587.0,36.75
3653,健策,114,Q3,115/09/08,3872451.0,3872451.0,3848150.0,15003209.0,8743950.0,26.92
3661,世芯-KY,114,Q3,115/09/08,4109517.0,4109517.0,4114947.0,26198712.0,20041832.0,50.89
3661,世芯-KY,114,Q4,115/09/08,5596309.0,5596309.0,5598340.0,30926092.0,22771717.0,69.18
3663,鑫科,114,Q4,115/09/08,-649.0,-649.0,-8207.0,5714969.0,5492807.0,-0.08
3663,鑫科,114,Q1,115/09/08,15632.0,15632.0,9236.0,1148937.0,1075922.0,0.09
3664,安瑞-KY,114,Q1,115/09/08,-55508.0,-55508.0,-55508.0,123946.0,40996.0,-0.96
3664,安瑞-KY,114,Q4,115/09/08,-356788.0,-356788.0,-356859.0,537896.0,206636.0,-6.02
3665,貿聯-KY,114,Q3,115/09/08,6265755.0,6265755.0,6265288.0,51467308.0,35178388.0,32.49
3665,貿聯-KY,114,Q4,115/09/08,9005235.0,9005235.0,9005366.0,71247272.0,48642673.0,46.57
3666,光耀,114,Q4,115/09/08,-250410.0,-250410.0,-250410.0,475422.0,527593.0,-3.45
3666,光耀,114,Q1,115/09/08,-43045.0,-43045.0,-43045.0,156518.0,148763.0,-0.81
3669,圓展,114,Q3,115/09/08,25228.0,25228.0,25228.0,1877686.0,769767.0,0.27
3669,圓展,114,Q4,115/09/08,105241.0,105241.0,105241.0,2530372.0,1052634.0,1.13
3672,康聯訊,114,Q4,115/09/08,-78489.0,-78489.0,-78450.0,234349.0,154567.0,-2.25
3672,康聯訊,114,Q1,115/09/08,-4965.0,-4965.0,-4952.0,94259.0,63156.0,-0.16
3673,TPK-KY,114,Q3,115/09/08,1037637.0,1037637.0,1042483.0,48435103.0,45323623.0,2.56
3673,TPK-KY,114,Q4,115/09/08,1106969.0,1106969.0,1103027.0,62835706.0,58884580.0,2.71
3675,德微,114,Q4,115/09/08,152423.0,152423.0,143462.0,2636632.0,1721600.0,2.67
3675,德微,114,Q1,115/09/08,77239.0,77239.0,73911.0,625260.0,387889.0,1.35
3679,新至陞,114,Q3,115/09/08,386456.0,386456.0,386456.0,3442426.0,2304328.0,6.15
3679,新至陞,114,Q4,115/09/08,615304.0,615304.0,615304.0,4471195.0,2997131.0,9.78
3680,家登,114,Q4,115/09/08,998419.0,998419.0,905287.0,7347242.0,4270528.0,9.43
3680,家登,114,Q1,115/09/08,220245.0,220245.0,211067.0,1708796.0,961150.0,2.2
3684,榮昌,114,Q4,115/09/08,104928.0,104928.0,104928.0,1149758.0,776765.0,3.5
3684,榮昌,114,Q1,115/09/08,16630.0,16630.0,16630.0,229154.0,153021.0,0.55
3685,元創精密,114,Q1,115/09/08,-11286.0,-11286.0,-12147.0,240859.0,192888.0,-0.15
3685,元創精密,114,Q4,115/09/08,-86706.0,-86706.0,-81194.0,1196194.0,947294.0,-1.02
3686,達能,114,Q3,115/09/08,-23412.0,-23412.0,-23412.0,61828.0,62373.0,-0.31
3686,達能,114,Q4,115/09/08,-38071.0,-38071.0,-38071.0,85816.0,86447.0,-0.5
3687,歐買尬,114,Q1,115/09/08,89127.0,89127.0,16786.0,426114.0,253571.0,0.56
3687,歐買尬,114,Q4,115/09/08,657679.0,657679.0,140505.0,1827768.0,1090694.0,4.67
3689,湧德,114,Q4,115/09/08,671153.0,671153.0,652156.0,6206984.0,4349149.0,7.55
3689,湧德,114,Q1,115/09/08,187480.0,187480.0,188317.0,1487655.0,1047850.0,2.23
3691,碩禾,114,Q1,115/09/08,-124655.0,-124655.0,-91775.0,891449.0,843693.0,-1.0
3691,碩禾,114,Q4,115/09/08,-791916.0,-791916.0,-699885.0,5812092.0,5309134.0,-7.62
3693,營邦,114,Q4,115/09/08,629170.0,629170.0,666179.0,7516293.0,5354084.0,15.5
3693,營邦,114,Q1,115/09/08,354903.0,354903.0,362299.0,2456508.0,1707026.0,8.43
3694,海華,114,Q4,115/09/08,615192.0,615192.0,615192.0,11414503.0,9746246.0,4.03
3694,海華,114,Q3,115/09/08,498734.0,498734.0,498734.0,8861158.0,7583471.0,3.27
3701,大眾控,114,Q3,115/09/08,278852.0,278852.0,261386.0,7674182.0,6281223.0,1.11
3701,大眾控,114,Q4,115/09/08,-110396.0,-110396.0,-88869.0,9833198.0,8115729.0,-0.38
3702,大聯大,114,Q4,115/09/08,10545584.0,10545584.0,10105237.0,999109582.0,959569737.0,5.77
3702,大聯大,114,Q3,115/09/08,7514500.0,7514500.0,7262069.0,743753191.0,715084640.0,4.07
3703,欣陸,114,Q3,115/09/08,689556.0,689556.0,753820.0,22119199.0,19688907.0,0.92
3703,欣陸,114,Q4,115/09/08,1422579.0,1422579.0,1481364.0,34378309.0,30251907.0,1.8
3704,合勤控,114,Q4,115/09/08,652489.0,652489.0,634136.0,25295196.0,18551875.0,1.56
3704,合勤控,114,Q3,115/09/08,468159.0,468159.0,456271.0,19639287.0,14625603.0,1.13
3705,永信,114,Q3,115/09/08,662339.0,662339.0,614705.0,6216359.0,3513184.0,2.31
3705,永信,114,Q4,115/09/08,948406.0,948406.0,880815.0,8375854.0,4730420.0,3.31
3706,神達,114,Q4,115/09/08,7106914.0,7106914.0,6837801.0,105577033.0,93597061.0,5.15
3706,神達,114,Q3,115/09/08,5074369.0,5074369.0,4888629.0,75051207.0,66131926.0,3.68
3707,漢磊,114,Q4,115/09/08,-748891.0,-748891.0,-757494.0,5765972.0,5956419.0,-1.97
3707,漢磊,114,Q1,115/09/08,-209225.0,-209225.0,-210419.0,1277317.0,1349797.0,-0.55
3708,上緯投控,114,Q4,115/09/08,3810396.0,3810396.0,3812704.0,1005478.0,852534.0,35.57
3708,上緯投控,114,Q3,115/09/08,97880.0,97880.0,57112.0,752966.0,662649.0,0.53
3709,鑫聯大投控,114,Q4,115/09/08,846965.0,846965.0,849138.0,40975406.0,38480470.0,7.11
3709,鑫聯大投控,114,Q1,115/09/08,76408.0,76408.0,76931.0,8818259.0,8358408.0,0.76
3710,連展投控,114,Q4,115/09/08,-396696.0,-396696.0,-423758.0,6945343.0,5587822.0,-1.48
3710,連展投控,114,Q1,115/09/08,-52086.0,-52086.0,-73282.0,1726385.0,1351574.0,-0.26
3711,日月光投控,114,Q4,115/09/08,41840536.0,41840536.0,40658196.0,645387710.0,531194836.0,9.37
3711,日月光投控,114,Q3,115/09/08,26828051.0,26828051.0,25944680.0,467472473.0,388015475.0,5.99
3712,永崴投控,114,Q3,115/09/08,-15288681.0,-15288681.0,-4870583.0,25887350.0,38824096.0,-19.78
3712,永崴投控,114,Q4,115/09/08,-19278922.0,-19278922.0,-5625725.0,32820918.0,48513748.0,-22.85
3713,新晶投控,114,Q4,115/09/08,-90527.0,-90527.0,-91686.0,324122.0,282151.0,-1.13
3713,新晶投控,114,Q1,115/09/08,10691.0,10691.0,10365.0,76664.0,61465.0,0.13
3714,富采,114,Q3,115/09/08,-1946497.0,-1946497.0,-1933320.0,16975085.0,15572693.0,-2.62
3714,富采,114,Q4,115/09/08,-2652235.0,-2652235.0,-2714954.0,22182815.0,20918178.0,-3.69
3715,定穎投控,114,Q4,115/09/08,781286.0,781286.0,748981.0,19452961.0,15691276.0,2.7
3715,定穎投控,114,Q3,115/09/08,688326.0,688326.0,665731.0,14025116.0,11227420.0,2.4
3716,中化控股,114,Q3,115/09/08,236963.0,236963.0,235927.0,6424291.0,3931467.0,1.87
3716,中化控股,114,Q4,115/09/08,299994.0,299994.0,300070.0,8570113.0,5252776.0,2.39
3717,聯嘉投控,114,Q3,115/09/08,-59714.0,-59714.0,-59714.0,4222725.0,3633283.0,-0.29
3717,聯嘉投控,114,Q4,115/09/08,16640.0,16640.0,16669.0,5738712.0,4856101.0,0.08
4102,永日,114,Q1,115/09/08,1346.0,1346.0,646.0,128938.0,101592.0,0.02
4102,永日,114,Q4,115/09/08,-10066.0,-10066.0,-14364.0,474221.0,379651.0,-0.34
4104,佳醫,114,Q4,115/09/08,965607.0,965607.0,805860.0,8789236.0,6914865.0,4.7
4104,佳醫,114,Q3,115/09/08,735350.0,735350.0,611983.0,6508678.0,5127585.0,3.57
4105,東洋,114,Q4,115/09/08,1654704.0,1654704.0,1559125.0,6452948.0,2732425.0,6.27
4105,東洋,114,Q1,115/09/08,408082.0,408082.0,391096.0,1458850.0,574396.0,1.57
4106,雃博,114,Q3,115/09/08,93182.0,93182.0,92515.0,1779851.0,957003.0,0.92
4106,雃博,114,Q4,115/09/08,121817.0,121817.0,121124.0,2404332.0,1300735.0,1.2
4107,邦特,114,Q4,115/09/08,539185.0,539185.0,539185.0,2135451.0,1198516.0,7.78
4107,邦特,114,Q1,115/09/08,134533.0,134533.0,134533.0,518563.0,293865.0,1.94
4108,懷特,114,Q3,115/09/08,-79591.0,-79591.0,-41159.0,101432.0,66197.0,-0.21
4108,懷特,114,Q4,115/09/08,-110097.0,-110097.0,-58199.0,134576.0,93284.0,-0.29
4109,加捷生醫,114,Q1,115/09/08,14259.0,14259.0,13459.0,132864.0,85021.0,0.12
4109,加捷生醫,114,Q4,115/09/08,52119.0,52119.0,50260.0,485403.0,335067.0,0.43
4111,濟生,114,Q1,115/09/08,38755.0,38755.0,,319606.0,197933.0,0.68
4111,濟生,114,Q4,115/09/08,164280.0,164280.0,,1376480.0,832816.0,2.75
4113,聯上,114,Q1,115/09/08,14938.0,14938.0,,472840.0,396475.0,0.06
4113,聯上,114,Q4,115/09/08,-100034.0,-100034.0,,610175.0,485051.0,-0.43
4114,健喬,114,Q4,115/09/08,618425.0,618425.0,821849.0,6189262.0,3510617.0,1.66
4114,健喬,114,Q1,115/09/08,154411.0,154411.0,206974.0,1447511.0,808519.0,0.48
4116,明基醫,114,Q4,115/09/08,217621.0,217621.0,78172.0,5253989.0,3564478.0,1.75
4116,明基醫,114,Q1,115/09/08,49832.0,49832.0,22278.0,1227958.0,831758.0,0.5
4119,旭富,114,Q3,115/09/08,68516.0,68516.0,68516.0,988248.0,736820.0,0.57
4119,旭富,114,Q4,115/09/08,107374.0,107374.0,107374.0,1343720.0,992695.0,0.9
4120,友華,114,Q1,115/09/08,-132437.0,-132437.0,-153724.0,1156213.0,599115.0,-1.77
4120,友華,114,Q4,115/09/08,-480187.0,-480187.0,-567391.0,4595102.0,2357842.0,-6.54
4121,優盛,114,Q4,115/09/08,-68594.0,-68594.0,-29897.0,3799559.0,2493353.0,-0.36
4121,優盛,114,Q1,115/09/08,-16773.0,-16773.0,-10264.0,925768.0,604948.0,-0.12
4123,晟德,114,Q1,115/09/08,549140.0,549140.0,549140.0,378859.0,215601.0,0.76
4123,晟德,114,Q4,115/09/08,9322825.0,9322825.0,9322825.0,1516190.0,894932.0,12.33
4126,太醫,114,Q4,115/09/08,382870.0,382870.0,,2405903.0,1667015.0,5.27
4126,太醫,114,Q1,115/09/08,132719.0,132719.0,,604537.0,400430.0,1.83
4127,天良,114,Q1,115/09/08,17622.0,17622.0,17622.0,116602.0,47551.0,0.39
4127,天良,114,Q4,115/09/08,-10251.0,-10251.0,-10251.0,511793.0,223857.0,-0.22
4128,中天,114,Q4,115/09/08,-953539.0,-953539.0,-757746.0,1894112.0,1140657.0,-1.29
4128,中天,114,Q1,115/09/08,-274348.0,-274348.0,-249441.0,456464.0,280810.0,-0.42
4129,聯合,114,Q1,115/09/08,193148.0,193148.0,190845.0,1297172.0,251089.0,1.98
4129,聯合,114,Q4,115/09/08,571471.0,571471.0,562497.0,5655418.0,1255883.0,5.83
4131,浩泰,114,Q4,115/09/08,-34245.0,-34245.0,-30870.0,244656.0,158203.0,-0.78
4131,浩泰,114,Q1,115/09/08,-11947.0,-11947.0,-12278.0,69585.0,44551.0,-0.31
4133,亞諾法,114,Q4,115/09/08,-1141.0,-1141.0,-1141.0,351299.0,195488.0,-0.02
4133,亞諾法,114,Q3,115/09/08,-11690.0,-11690.0,-11690.0,267360.0,150745.0,-0.19
4137,麗豐-KY,114,Q4,115/09/08,588001.0,588001.0,588001.0,3878155.0,694605.0,7.13
4137,麗豐-KY,114,Q3,115/09/08,437116.0,437116.0,437116.0,2775599.0,498156.0,5.3
4138,曜亞,114,Q4,115/09/08,179759.0,179759.0,152059.0,1386760.0,775356.0,3.81
4138,曜亞,114,Q1,115/09/08,46898.0,46898.0,41537.0,351235.0,207955.0,1.14
4139,馬光-KY,114,Q1,115/09/08,-17642.0,-17642.0,-12638.0,263650.0,234404.0,-0.3
4139,馬光-KY,114,Q4,115/09/08,-80677.0,-80677.0,-67082.0,1092508.0,953736.0,-1.55
4142,國光生,114,Q4,115/09/08,-329772.0,-329772.0,-239889.0,1401501.0,1113014.0,-0.57
4142,國光生,114,Q3,115/09/08,-530544.0,-530544.0,-460307.0,656039.0,737015.0,-1.09
4147,中裕,114,Q4,115/09/08,-167776.0,-167776.0,-167776.0,611350.0,351899.0,-0.61
4147,中裕,114,Q1,115/09/08,-25802.0,-25802.0,-25802.0,176241.0,84972.0,-0.09
4148,全宇生技-KY,114,Q4,115/09/08,206227.0,206227.0,152999.0,2949023.0,2119553.0,2.28
4148,全宇生技-KY,114,Q3,115/09/08,147488.0,147488.0,117885.0,2117258.0,1523898.0,1.75
4153,鈺緯,114,Q1,115/09/08,24888.0,24888.0,24888.0,207110.0,138580.0,0.42
4153,鈺緯,114,Q4,115/09/08,90540.0,90540.0,90540.0,868840.0,604699.0,1.54
4154,樂威科-KY,114,Q4,115/09/08,-66877.0,-66877.0,-60567.0,26763.0,46648.0,-1.82
4154,樂威科-KY,114,Q1,115/09/08,-27316.0,-27316.0,-22785.0,6498.0,23463.0,-0.74
4155,訊映,114,Q3,115/09/08,37982.0,37982.0,28905.0,1218713.0,882703.0,0.2
4155,訊映,114,Q4,115/09/08,97130.0,97130.0,82449.0,1556295.0,1127044.0,0.58
4157,太景*-KY,114,Q1,115/09/08,-22653.0,-22653.0,-22653.0,10880.0,5921.0,-0.03
4157,太景*-KY,114,Q4,115/09/08,45178.0,45178.0,45178.0,259474.0,18174.0,0.06
4160,訊聯基因,114,Q4,115/09/08,21456.0,21456.0,21372.0,603113.0,352671.0,0.8
4160,訊聯基因,114,Q1,115/09/08,7605.0,7605.0,7652.0,143369.0,82572.0,0.29
4161,聿新科,114,Q1,115/09/08,14503.0,14503.0,14790.0,195721.0,131914.0,0.29
4161,聿新科,114,Q4,115/09/08,69841.0,69841.0,71192.0,837191.0,593681.0,1.23
4162,智擎,114,Q4,115/09/08,387641.0,387641.0,,911416.0,51853.0,2.7
4162,智擎,114,Q1,115/09/08,102303.0,102303.0,,187382.0,12384.0,0.71
4163,鐿鈦,114,Q1,115/09/08,79050.0,79050.0,81104.0,612131.0,343884.0,1.67
4163,鐿鈦,114,Q4,115/09/08,238035.0,238035.0,249599.0,2405149.0,1339123.0,5.13
4164,承業醫,114,Q4,115/09/08,225846.0,225846.0,186277.0,4398280.0,3249494.0,1.0
4164,承業醫,114,Q3,115/09/08,120132.0,120132.0,116291.0,3188836.0,2422342.0,0.64
4166,友霖,114,Q1,115/09/08,50571.0,50571.0,50571.0,316902.0,151680.0,0.23
4166,友霖,114,Q4,115/09/08,208438.0,208438.0,208438.0,1400378.0,609657.0,0.9
4167,松瑞藥,114,Q4,115/09/08,533640.0,533640.0,537449.0,1201690.0,778283.0,1.72
4167,松瑞藥,114,Q1,115/09/08,385128.0,385128.0,386076.0,263861.0,166605.0,1.22
4168,醣聯,114,Q1,115/09/08,-44478.0,-44478.0,-44478.0,13569.0,1833.0,-0.41
4168,醣聯,114,Q4,115/09/08,-235228.0,-235228.0,-235228.0,37861.0,14349.0,-2.16
4169,泰宗,114,Q4,115/09/08,19170.0,19170.0,19170.0,685491.0,368502.0,0.32
4169,泰宗,114,Q3,115/09/08,23589.0,23589.0,23589.0,510503.0,270860.0,0.4
4171,瑞基,114,Q4,115/09/08,-112929.0,-112929.0,-110281.0,232741.0,71815.0,-1.93
4171,瑞基,114,Q1,115/09/08,-11198.0,-11198.0,-10336.0,52467.0,19111.0,-0.18
4173,久裕,114,Q1,115/09/08,28668.0,28668.0,28668.0,393801.0,310332.0,0.38
4173,久裕,114,Q4,115/09/08,86792.0,86792.0,86792.0,1546999.0,1236372.0,1.16
4174,浩鼎,114,Q1,115/09/08,-550120.0,-550120.0,-511545.0,14458.0,30641.0,-1.95
4174,浩鼎,114,Q4,115/09/08,-2256754.0,-2256754.0,-2052823.0,58575.0,136104.0,-15.61
4175,杏一,114,Q1,115/09/08,43617.0,43617.0,43707.0,1899186.0,1260012.0,1.03
4175,杏一,114,Q4,115/09/08,155567.0,155567.0,155537.0,8012666.0,5411946.0,3.68
4178,永笙-KY,114,Q4,115/09/08,-176813.0,-176813.0,-176813.0,368914.0,242093.0,-0.92
4178,永笙-KY,114,Q3,115/09/08,-128274.0,-128274.0,-128274.0,281702.0,180234.0,-0.67
4183,福永生技,114,Q4,115/09/08,-7866.0,-7866.0,,499704.0,412661.0,-0.33
4183,福永生技,114,Q1,115/09/08,1179.0,1179.0,,119647.0,99271.0,0.05
4188,安克,114,Q1,115/09/08,-19341.0,-19341.0,-15579.0,6780.0,4379.0,-0.25
4188,安克,114,Q4,115/09/08,-71388.0,-71388.0,-55719.0,30437.0,20414.0,-0.88
4190,佐登-KY,114,Q3,115/09/08,-106566.0,-106566.0,-106566.0,1673545.0,621364.0,-1.8
4190,佐登-KY,114,Q4,115/09/08,-94262.0,-94262.0,-94262.0,2309445.0,828042.0,-1.59
4192,杏國,114,Q1,115/09/08,-13657.0,-13657.0,-13657.0,5386.0,2104.0,-0.39
4192,杏國,114,Q4,115/09/08,-45755.0,-45755.0,-45755.0,27043.0,5955.0,-1.3
4195,基米-創,114,Q3,115/09/08,-36103.0,-36103.0,-14600.0,488314.0,326811.0,-0.2
4195,基米-創,114,Q4,115/09/08,-67630.0,-67630.0,-39427.0,708375.0,477020.0,-0.54
4198,欣大健康,114,Q4,115/09/08,-47943.0,-47943.0,-47295.0,204212.0,137098.0,-1.96
4198,欣大健康,114,Q1,115/09/08,-7080.0,-7080.0,-8155.0,66419.0,45822.0,-0.34
4205,中華食,114,Q1,115/09/08,90952.0,90952.0,,483991.0,296989.0,1.02
4205,中華食,114,Q4,115/09/08,404475.0,404475.0,,2055979.0,1231777.0,4.14
4207,環泰,114,Q1,115/09/08,88919.0,88919.0,55156.0,1357295.0,1151815.0,0.28
4207,環泰,114,Q4,115/09/08,470279.0,470279.0,349346.0,5164442.0,4154828.0,1.76
4303,信立,114,Q4,115/09/08,1060413.0,1060413.0,1054458.0,988134.0,812052.0,11.15
4303,信立,114,Q1,115/09/08,712352.0,712352.0,714662.0,224223.0,196419.0,7.55
4304,勝昱,114,Q1,115/09/08,-16457.0,-16457.0,-16457.0,94455.0,91151.0,-0.46
4304,勝昱,114,Q4,115/09/08,-43726.0,-43726.0,-43726.0,340749.0,317463.0,-1.16
4305,世坤,114,Q1,115/09/08,60557.0,60557.0,,248406.0,175465.0,1.1
4305,世坤,114,Q4,115/09/08,210969.0,210969.0,,1080249.0,740852.0,3.83
4306,炎洲,114,Q3,115/09/08,224712.0,224712.0,166821.0,9536315.0,8070869.0,0.25
4306,炎洲,114,Q4,115/09/08,266811.0,266811.0,172055.0,13276075.0,11245372.0,0.26
4401,東隆興,114,Q1,115/09/08,21438.0,21438.0,20327.0,935684.0,862103.0,0.17
4401,東隆興,114,Q4,115/09/08,108426.0,108426.0,89456.0,3895095.0,3574907.0,0.73
4402,郡都開發,114,Q4,115/09/08,-8763.0,-8763.0,-8763.0,23719.0,19611.0,-0.13
4402,郡都開發,114,Q1,115/09/08,-2066.0,-2066.0,-2066.0,6961.0,5798.0,-0.03
4406,新昕纖,114,Q1,115/09/08,-1901.0,-1901.0,,123720.0,124884.0,-0.04
4406,新昕纖,114,Q4,115/09/08,-55317.0,-55317.0,,479281.0,499974.0,-1.07
4413,飛寶企業,114,Q1,115/09/08,-7977.0,-7977.0,-7977.0,130473.0,114048.0,-0.25
4413,飛寶企業,114,Q4,115/09/08,16442.0,16442.0,16442.0,862214.0,750654.0,0.53
4414,如興,114,Q3,115/09/08,4759.0,4759.0,4556.0,10367896.0,8340104.0,0.02
4414,如興,114,Q4,115/09/08,169922.0,169922.0,169756.0,14089077.0,11318719.0,0.68
4416,三圓,114,Q1,115/09/08,-86956.0,-86956.0,-86956.0,24506.0,11150.0,-1.27
4416,三圓,114,Q4,115/09/08,-44123.0,-44123.0,-44123.0,1455204.0,937884.0,-0.64
4417,金洲,114,Q4,115/09/08,543926.0,543926.0,515104.0,3490262.0,2417881.0,6.13
4417,金洲,114,Q1,115/09/08,106826.0,106826.0,96513.0,806553.0,566128.0,1.15
4419,皇家美食,114,Q1,115/09/08,-48213.0,-48213.0,-60093.0,664305.0,478578.0,-0.36
4419,皇家美食,114,Q4,115/09/08,-230012.0,-230012.0,-245632.0,2662344.0,1965404.0,-1.45
4420,光明,114,Q4,115/09/08,223627.0,223627.0,,1025251.0,990999.0,5.53
4420,光明,114,Q1,115/09/08,197513.0,197513.0,,248252.0,240183.0,4.88
4426,利勤,114,Q4,115/09/08,-507534.0,-507534.0,-507374.0,880988.0,1044097.0,-2.94
4426,利勤,114,Q3,115/09/08,-401664.0,-401664.0,-401529.0,651557.0,758829.0,-2.33
4430,耀億,114,Q4,115/09/08,-10836.0,-10836.0,-10836.0,2039142.0,1604551.0,-0.19
4430,耀億,114,Q1,115/09/08,17332.0,17332.0,17332.0,553607.0,431250.0,0.31
4432,銘旺實,114,Q1,115/09/08,24445.0,24445.0,24445.0,252887.0,192339.0,0.48
4432,銘旺實,114,Q4,115/09/08,44559.0,44559.0,44559.0,1089052.0,842673.0,0.88
4433,興采,114,Q4,115/09/08,58219.0,58219.0,63985.0,3610087.0,2845600.0,1.06
4433,興采,114,Q1,115/09/08,16968.0,16968.0,18505.0,779902.0,596772.0,0.31
4438,廣越,114,Q4,115/09/08,356168.0,356168.0,320221.0,19423690.0,16857055.0,3.04
4438,廣越,114,Q3,115/09/08,363775.0,363775.0,352916.0,14831960.0,12652326.0,3.43
4439,冠星-KY,114,Q3,115/09/08,293174.0,293174.0,293174.0,5624334.0,4583740.0,7.71
4439,冠星-KY,114,Q4,115/09/08,294077.0,294077.0,294077.0,7002730.0,5747154.0,7.73
4440,宜新實業,114,Q4,115/09/08,76964.0,76964.0,,1069237.0,942795.0,1.14
4440,宜新實業,114,Q3,115/09/08,36463.0,36463.0,,751060.0,677504.0,0.54
4441,振大環球,114,Q3,115/09/08,695769.0,695769.0,694042.0,5683627.0,4404378.0,11.38
4441,振大環球,114,Q4,115/09/08,929877.0,929877.0,928294.0,7480059.0,5755196.0,14.79
4442,竣邦-KY,114,Q1,115/09/08,44196.0,44196.0,44196.0,410489.0,290998.0,1.59
4442,竣邦-KY,114,Q4,115/09/08,151652.0,151652.0,151652.0,1670531.0,1202815.0,5.23
4502,健信,114,Q4,115/09/08,-88597.0,-88597.0,-86076.0,936520.0,827047.0,-1.51
4502,健信,114,Q1,115/09/08,3645.0,3645.0,4239.0,200181.0,168466.0,0.07
4503,金雨,114,Q1,115/09/08,294.0,294.0,327.0,119613.0,108078.0,0.0
4503,金雨,114,Q4,115/09/08,107431.0,107431.0,107453.0,664653.0,520063.0,1.37
4506,崇友,114,Q4,115/09/08,1154283.0,1154283.0,1154324.0,6020818.0,4062665.0,6.52
4506,崇友,114,Q1,115/09/08,296812.0,296812.0,296825.0,1593104.0,1061087.0,1.68
4510,高鋒,114,Q1,115/09/08,-3089.0,-3089.0,-2578.0,311327.0,242211.0,-0.02
4510,高鋒,114,Q4,115/09/08,-133769.0,-133769.0,-110884.0,1664803.0,1407090.0,-1.02
4513,福裕,114,Q4,115/09/08,-204252.0,-204252.0,-204252.0,1008153.0,790777.0,-1.79
4513,福裕,114,Q1,115/09/08,-57842.0,-57842.0,-57842.0,231411.0,188406.0,-0.51
4523,永彰,114,Q1,115/09/08,-138507.0,-138507.0,-124314.0,161008.0,122614.0,-1.94
4523,永彰,114,Q4,115/09/08,943249.0,943249.0,1424328.0,573794.0,982759.0,22.26
4526,東台,114,Q3,115/09/08,652465.0,652465.0,663079.0,3983385.0,3243220.0,2.61
4526,東台,114,Q4,115/09/08,446585.0,446585.0,459008.0,5359662.0,4514075.0,1.81
4527,方方土霖,114,Q1,115/09/08,35692.0,35692.0,38122.0,606013.0,455289.0,0.5
4527,方方土霖,114,Q4,115/09/08,248449.0,248449.0,258550.0,3067339.0,2259706.0,3.4
4528,江興鍛,114,Q4,115/09/08,-25702.0,-25702.0,-25702.0,1580897.0,1343245.0,-0.31
4528,江興鍛,114,Q1,115/09/08,-8023.0,-8023.0,-8023.0,374353.0,321831.0,-0.1
4529,淳紳,114,Q1,115/09/08,-14734.0,-14734.0,-14586.0,1338.0,448.0,-0.17
4529,淳紳,114,Q4,115/09/08,-62281.0,-62281.0,-62541.0,5290.0,1905.0,-0.74
4530,天意能創,114,Q4,115/09/08,20477.0,20477.0,9481.0,348893.0,211332.0,0.34
4530,天意能創,114,Q1,115/09/08,-1529.0,-1529.0,-4593.0,71106.0,50846.0,-0.07
4532,瑞智,114,Q4,115/09/08,1103247.0,1103247.0,1015991.0,20278770.0,16900184.0,2.05
4532,瑞智,114,Q3,115/09/08,810492.0,810492.0,742796.0,15924032.0,13293242.0,1.5
4533,協易機,114,Q4,115/09/08,31620.0,31620.0,31620.0,4025901.0,2979423.0,0.2
4533,協易機,114,Q1,115/09/08,59063.0,59063.0,59063.0,1049988.0,752308.0,0.37
4534,慶騰,114,Q1,115/09/08,-13956.0,-13956.0,-13956.0,195594.0,172440.0,-0.16
4534,慶騰,114,Q4,115/09/08,1298.0,1298.0,1298.0,821001.0,711639.0,0.01
4535,至興,114,Q4,115/09/08,203865.0,203865.0,98084.0,2518722.0,2018961.0,1.3
4535,至興,114,Q1,115/09/08,70197.0,70197.0,43899.0,639530.0,505885.0,0.58
4536,拓凱,114,Q4,115/09/08,1473983.0,1473983.0,1354594.0,9202655.0,5953019.0,14.92
4536,拓凱,114,Q3,115/09/08,1187745.0,1187745.0,1097241.0,7333835.0,4694295.0,12.08
4538,大詠城,114,Q4,115/09/08,17329.0,17329.0,,379786.0,319699.0,0.29
4538,大詠城,114,Q1,115/09/08,6727.0,6727.0,,69594.0,56892.0,0.11
4540,全球傳動,114,Q4,115/09/08,-74067.0,-74067.0,-74067.0,2559330.0,2312902.0,-0.66
4540,全球傳動,114,Q3,115/09/08,-120410.0,-120410.0,-120410.0,1788790.0,1669903.0,-1.08
4541,晟田,114,Q4,115/09/08,137009.0,137009.0,,1644010.0,1268123.0,2.03
4541,晟田,114,Q1,115/09/08,41913.0,41913.0,,343507.0,278509.0,0.62
4542,科嶠,114,Q1,115/09/08,13961.0,13961.0,13782.0,194728.0,129474.0,0.43
4542,科嶠,114,Q4,115/09/08,42137.0,42137.0,41417.0,735669.0,477013.0,1.28
4543,萬在,114,Q4,115/09/08,31646.0,31646.0,31646.0,802544.0,627118.0,0.53
4543,萬在,114,Q1,115/09/08,17957.0,17957.0,17957.0,176162.0,129912.0,0.3
4545,銘鈺,114,Q4,115/09/08,13105.0,13105.0,13105.0,2387660.0,2022751.0,0.17
4545,銘鈺,114,Q3,115/09/08,2406.0,2406.0,2406.0,1828617.0,1547180.0,0.03
4549,桓達,114,Q1,115/09/08,57653.0,57653.0,57654.0,293835.0,125985.0,1.03
4549,桓達,114,Q4,115/09/08,189122.0,189122.0,189119.0,1235729.0,581306.0,3.32
4550,長佳,114,Q4,115/09/08,50586.0,50586.0,50586.0,919054.0,778664.0,1.34
4550,長佳,114,Q1,115/09/08,6870.0,6870.0,6870.0,192435.0,166008.0,0.18
4551,智伸科,114,Q3,115/09/08,419372.0,419372.0,419372.0,5775281.0,4441200.0,3.64
4551,智伸科,114,Q4,115/09/08,696380.0,696380.0,696380.0,7822899.0,6012678.0,6.04
4552,力達-KY,114,Q4,115/09/08,240602.0,240602.0,240602.0,3466489.0,2792740.0,2.07
4552,力達-KY,114,Q3,115/09/08,200043.0,200043.0,200043.0,2613869.0,2106039.0,1.72
4554,橙的,114,Q1,115/09/08,23035.0,23035.0,23035.0,113069.0,58629.0,0.99
4554,橙的,114,Q4,115/09/08,55940.0,55940.0,55940.0,493070.0,270779.0,2.12
4555,氣立,114,Q3,115/09/08,9832.0,9832.0,-1318.0,1207578.0,838466.0,-0.02
4555,氣立,114,Q4,115/09/08,28818.0,28818.0,13563.0,1602951.0,1107590.0,0.19
4556,旭然,114,Q1,115/09/08,972.0,972.0,972.0,142236.0,92301.0,0.02
4556,旭然,114,Q4,115/09/08,38994.0,38994.0,38994.0,673214.0,407124.0,0.92
4557,永新-KY,114,Q4,115/09/08,-29078.0,-29078.0,-31369.0,3970768.0,2796548.0,-0.67
4557,永新-KY,114,Q3,115/09/08,-105088.0,-105088.0,-103824.0,3028649.0,2125540.0,-2.24
4558,寶緯,114,Q1,115/09/08,-16458.0,-16458.0,,395915.0,389596.0,-0.33
4558,寶緯,114,Q4,115/09/08,-19288.0,-19288.0,,1536359.0,1456748.0,-0.39
4560,強信-KY,114,Q3,115/09/08,147167.0,147167.0,147167.0,1259834.0,801044.0,2.16
4560,強信-KY,114,Q4,115/09/08,205698.0,205698.0,205698.0,1718429.0,1104873.0,3.02
4561,健椿,114,Q1,115/09/08,15651.0,15651.0,,214791.0,159316.0,0.27
4561,健椿,114,Q4,115/09/08,38418.0,38418.0,,926946.0,729362.0,0.66
4562,穎漢,114,Q4,115/09/08,-115281.0,-115281.0,-112134.0,716411.0,455446.0,-1.28
4562,穎漢,114,Q3,115/09/08,-68264.0,-68264.0,-66461.0,579242.0,361399.0,-0.76
4563,百德,114,Q1,115/09/08,54440.0,54440.0,54440.0,809752.0,533008.0,0.99
4563,百德,114,Q4,115/09/08,-148433.0,-148433.0,-146809.0,2869443.0,1965455.0,-2.67
4564,元翎,114,Q3,115/09/08,-345887.0,-345887.0,-345887.0,831367.0,1000121.0,-1.54
4564,元翎,114,Q4,115/09/08,-421177.0,-421177.0,-421177.0,1102016.0,1325707.0,-1.86
4566,時碩工業,114,Q4,115/09/08,137223.0,137223.0,148979.0,4976319.0,3874258.0,1.36
4566,時碩工業,114,Q3,115/09/08,60798.0,60798.0,83276.0,3759798.0,2933536.0,0.76
4568,科際精密,114,Q1,115/09/08,32669.0,32669.0,32669.0,304110.0,203126.0,1.03
4568,科際精密,114,Q4,115/09/08,63528.0,63528.0,63528.0,1215359.0,846194.0,2.01
4569,六方科-KY,114,Q3,115/09/08,99113.0,99113.0,99139.0,1380680.0,1068172.0,3.23
4569,六方科-KY,114,Q4,115/09/08,126554.0,126554.0,126589.0,1817578.0,1438934.0,4.13
4571,鈞興-KY,114,Q4,115/09/08,497981.0,497981.0,497981.0,3064957.0,2060545.0,9.61
4571,鈞興-KY,114,Q3,115/09/08,379729.0,379729.0,379729.0,2334360.0,1573592.0,7.33
4572,駐龍,114,Q3,115/09/08,79482.0,79482.0,79482.0,507219.0,332961.0,1.99
4572,駐龍,114,Q4,115/09/08,120063.0,120063.0,120063.0,670865.0,439138.0,3.0
4576,大銀微系統,114,Q4,115/09/08,259924.0,259924.0,241328.0,2714367.0,1723413.0,2.01
4576,大銀微系統,114,Q3,115/09/08,164718.0,164718.0,151030.0,1959080.0,1258330.0,1.26
4577,達航科技,114,Q1,115/09/08,-39145.0,-39145.0,-39145.0,136490.0,122717.0,-0.8
4577,達航科技,114,Q4,115/09/08,-36110.0,-36110.0,-36110.0,746459.0,602027.0,-0.73
4580,捷流閥業,114,Q4,115/09/08,232143.0,232143.0,232143.0,2269129.0,1570694.0,5.03
4580,捷流閥業,114,Q1,115/09/08,29943.0,29943.0,29943.0,537228.0,393165.0,0.67
4581,光隆精密-KY,114,Q4,115/09/08,160361.0,160361.0,160400.0,1086475.0,726156.0,4.73
4581,光隆精密-KY,114,Q3,115/09/08,132466.0,132466.0,132493.0,828788.0,544491.0,3.91
4582,聚恆-創,114,Q3,115/09/08,11678.0,11678.0,11871.0,821767.0,622151.0,0.18
4582,聚恆-創,114,Q4,115/09/08,102234.0,102234.0,102461.0,1226784.0,906109.0,1.54
4583,台灣精銳,114,Q4,115/09/08,961843.0,961843.0,961843.0,2998017.0,1434284.0,12.0
4583,台灣精銳,114,Q3,115/09/08,671348.0,671348.0,671348.0,2236022.0,1062273.0,8.37
4584,君帆,114,Q1,115/09/08,39775.0,39775.0,39775.0,356200.0,230252.0,1.33
4584,君帆,114,Q4,115/09/08,102784.0,102784.0,102784.0,1310967.0,874710.0,3.43
4585,達明,114,Q4,115/09/08,136370.0,136370.0,136370.0,1822095.0,893097.0,1.46
4585,達明,114,Q3,115/09/08,73204.0,73204.0,73204.0,1346741.0,658387.0,0.81
4588,玖鼎電力,114,Q3,115/09/08,80904.0,80904.0,,620271.0,421728.0,1.88
4588,玖鼎電力,114,Q4,115/09/08,137393.0,137393.0,,920285.0,614574.0,3.2
4590,富田-創,114,Q4,115/09/08,139087.0,139087.0,,1295528.0,917400.0,2.72
4590,富田-創,114,Q3,115/09/08,34290.0,34290.0,,1008349.0,717931.0,0.67
4609,唐鋒,114,Q1,115/09/08,-6186.0,-6186.0,-6186.0,27149.0,24037.0,-0.13
4609,唐鋒,114,Q4,115/09/08,-5005.0,-5005.0,-5005.0,165997.0,123324.0,-0.1
4702,中美實,114,Q4,115/09/08,63661.0,63661.0,63661.0,68979.0,39902.0,0.88
4702,中美實,114,Q1,115/09/08,-13318.0,-13318.0,-13318.0,23124.0,12650.0,-0.18
4706,大恭,114,Q1,115/09/08,15966.0,15966.0,15974.0,266471.0,219959.0,0.2
4706,大恭,114,Q4,115/09/08,28033.0,28033.0,28048.0,1111567.0,939157.0,0.35
4707,磐亞,114,Q4,115/09/08,360265.0,360265.0,,1343401.0,1370483.0,0.89
4707,磐亞,114,Q1,115/09/08,87617.0,87617.0,,326722.0,338033.0,0.22
4711,永純,114,Q1,115/09/08,601.0,601.0,601.0,177828.0,160348.0,0.01
4711,永純,114,Q4,115/09/08,9308.0,9308.0,9308.0,729028.0,640755.0,0.15
4714,永捷,114,Q4,115/09/08,781751.0,781751.0,-95506.0,1528393.0,1377725.0,-0.54
4714,永捷,114,Q1,115/09/08,675365.0,675365.0,61131.0,316490.0,261754.0,0.34
4716,大立,114,Q1,115/09/08,-33173.0,-33173.0,-32335.0,137083.0,122704.0,-0.37
4716,大立,114,Q4,115/09/08,-82340.0,-82340.0,-78752.0,533218.0,479038.0,-0.87
4720,德淵,114,Q4,115/09/08,85397.0,85397.0,85139.0,3594110.0,2766373.0,0.74
4720,德淵,114,Q3,115/09/08,64785.0,64785.0,62927.0,2656387.0,2044481.0,0.55
4721,美琪瑪,114,Q1,115/09/08,56134.0,56134.0,56134.0,478618.0,376583.0,0.75
4721,美琪瑪,114,Q4,115/09/08,225723.0,225723.0,225723.0,2530662.0,2067562.0,3.01
4722,國精化,114,Q4,115/09/08,201793.0,201793.0,201793.0,3727774.0,3100699.0,2.0
4722,國精化,114,Q3,115/09/08,133927.0,133927.0,133927.0,2859429.0,2387243.0,1.33
4726,永昕,114,Q1,115/09/08,-129137.0,-129137.0,-129137.0,121716.0,200213.0,-0.62
4726,永昕,114,Q4,115/09/08,-448627.0,-448627.0,-448627.0,740238.0,921650.0,-2.17
4728,雙美,114,Q4,115/09/08,725749.0,725749.0,725749.0,2026164.0,437537.0,13.33
4728,雙美,114,Q1,115/09/08,223318.0,223318.0,223318.0,554173.0,113321.0,4.1
4729,熒茂,114,Q1,115/09/08,10743.0,10743.0,8379.0,274085.0,215984.0,0.11
4729,熒茂,114,Q4,115/09/08,21784.0,21784.0,12871.0,1073974.0,860961.0,0.16
4735,豪展,114,Q4,115/09/08,93189.0,93189.0,93189.0,936386.0,640659.0,2.46
4735,豪展,114,Q1,115/09/08,10259.0,10259.0,10259.0,198525.0,137687.0,0.29
4736,泰博,114,Q3,115/09/08,1083091.0,1083091.0,1065492.0,3175824.0,1646721.0,11.17
4736,泰博,114,Q4,115/09/08,1463173.0,1463173.0,1441815.0,4204133.0,2271939.0,15.12
4737,華廣,114,Q4,115/09/08,-179320.0,-179320.0,-180277.0,1838588.0,1210778.0,-2.68
4737,華廣,114,Q3,115/09/08,-87774.0,-87774.0,-87829.0,1411625.0,952707.0,-1.31
4739,康普,114,Q4,115/09/08,153958.0,153958.0,184312.0,6191109.0,5342451.0,1.56
4739,康普,114,Q3,115/09/08,12019.0,12019.0,63363.0,4264505.0,3703142.0,0.54
4741,泓瀚,114,Q1,115/09/08,2839.0,2839.0,3410.0,117050.0,81178.0,0.1
4741,泓瀚,114,Q4,115/09/08,9074.0,9074.0,10113.0,484899.0,338897.0,0.29
4743,合一,114,Q4,115/09/08,-1059526.0,-1059526.0,-1044773.0,129123.0,89245.0,-2.18
4743,合一,114,Q1,115/09/08,-166324.0,-166324.0,-162321.0,25217.0,18105.0,-0.34
4744,皇將,114,Q1,115/09/08,15522.0,15522.0,15522.0,281261.0,142537.0,0.29
4744,皇將,114,Q4,115/09/08,134993.0,134993.0,134993.0,1444689.0,804863.0,2.51
4745,合富-KY,114,Q4,115/09/08,-331106.0,-331106.0,-246557.0,2956257.0,2564081.0,-3.18
4745,合富-KY,114,Q1,115/09/08,-46003.0,-46003.0,-30466.0,794320.0,668418.0,-0.39
4746,台耀,114,Q3,115/09/08,269948.0,269948.0,293786.0,3547171.0,2057470.0,2.44
4746,台耀,114,Q4,115/09/08,396028.0,396028.0,441107.0,4851357.0,2819255.0,3.67
4747,強生*,114,Q1,115/09/08,21588.0,21588.0,21588.0,146792.0,87760.0,0.48
4747,強生*,114,Q4,115/09/08,53505.0,53505.0,53505.0,569772.0,341425.0,1.19
4749,新應材,114,Q4,115/09/08,1043940.0,1043940.0,1044075.0,4261836.0,2426460.0,11.33
4749,新應材,114,Q1,115/09/08,207700.0,207700.0,207757.0,959316.0,584661.0,2.28
4754,國碳科,114,Q1,115/09/08,34846.0,34846.0,34846.0,194684.0,106212.0,1.15
4754,國碳科,114,Q4,115/09/08,87024.0,87024.0,87024.0,622803.0,328421.0,2.87
4755,三福化,114,Q4,115/09/08,362201.0,362201.0,372318.0,4836222.0,3785473.0,3.7
4755,三福化,114,Q3,115/09/08,233908.0,233908.0,241080.0,3585863.0,2813244.0,2.39
4760,勤凱科技,114,Q4,115/09/08,222927.0,222927.0,,1906400.0,1496282.0,7.05
4760,勤凱科技,114,Q1,115/09/08,60677.0,60677.0,,412467.0,316732.0,2.01
4763,材料*-KY,114,Q3,115/09/08,4904672.0,4904672.0,4886098.0,10461457.0,4309504.0,4.94
4763,材料*-KY,114,Q4,115/09/08,6049766.0,6049766.0,6030749.0,13231402.0,5477696.0,6.1
4764,雙鍵,114,Q4,115/09/08,107366.0,107366.0,104540.0,2849976.0,2285117.0,1.22
4764,雙鍵,114,Q3,115/09/08,54666.0,54666.0,52740.0,2064244.0,1683925.0,0.62
4766,南寶,114,Q3,115/09/08,2023577.0,2023577.0,1881472.0,17270158.0,11354951.0,15.6
4766,南寶,114,Q4,115/09/08,2645361.0,2645361.0,2441946.0,23200302.0,15284268.0,20.25
4767,誠泰科技,114,Q1,115/09/08,13075.0,13075.0,13098.0,257887.0,199330.0,0.42
4767,誠泰科技,114,Q4,115/09/08,38972.0,38972.0,39096.0,985764.0,763889.0,1.24
4768,晶呈科技,114,Q4,115/09/08,13364.0,13364.0,18686.0,1229279.0,926539.0,0.39
4768,晶呈科技,114,Q1,115/09/08,4561.0,4561.0,877.0,171272.0,104059.0,0.02
4770,上品,114,Q4,115/09/08,815863.0,815863.0,815863.0,4726102.0,3167608.0,10.2
4770,上品,114,Q3,115/09/08,672006.0,672006.0,672006.0,3675232.0,2417554.0,8.4
4771,望隼,114,Q3,115/09/08,578274.0,578274.0,535236.0,2536498.0,1503474.0,9.2
4771,望隼,114,Q4,115/09/08,807938.0,807938.0,740775.0,3487442.0,2061451.0,12.71
4772,台特化,114,Q1,115/09/08,102732.0,102732.0,,219619.0,91807.0,0.7
4772,台特化,114,Q4,115/09/08,734038.0,734038.0,620067.0,1991499.0,938667.0,4.2
4804,大略-KY,114,Q4,115/09/08,-82767.0,-82767.0,-82767.0,127850.0,133138.0,-1.54
4804,大略-KY,114,Q1,115/09/08,-14691.0,-14691.0,-14691.0,27657.0,29389.0,-0.31
4806,桂田文創,114,Q1,115/09/08,-19103.0,-19103.0,-19103.0,16542.0,12838.0,-0.1
4806,桂田文創,114,Q4,115/09/08,-33828.0,-33828.0,-33828.0,81233.0,54757.0,-0.34
4807,日成-KY,114,Q3,115/09/08,-11094.0,-11094.0,-21601.0,1606543.0,1393607.0,-0.56
4807,日成-KY,114,Q4,115/09/08,-1425.0,-1425.0,-9076.0,2128126.0,1818876.0,-0.24
4903,聯光通,114,Q4,115/09/08,107735.0,107735.0,107735.0,1351435.0,1183524.0,1.02
4903,聯光通,114,Q1,115/09/08,-18977.0,-18977.0,-18977.0,198211.0,191846.0,-0.18
4904,遠傳,114,Q4,115/09/08,13866439.0,13866439.0,13732077.0,110346077.0,76935267.0,3.81
4904,遠傳,114,Q3,115/09/08,10138505.0,10138505.0,10063543.0,77661706.0,53107800.0,2.79
4905,台聯電,114,Q4,115/09/08,94666.0,94666.0,80685.0,726755.0,539573.0,2.76
4905,台聯電,114,Q1,115/09/08,13078.0,13078.0,10545.0,150842.0,100628.0,0.36
4906,正文,114,Q4,115/09/08,-105854.0,-105854.0,-108331.0,16493485.0,14215765.0,-0.25
4906,正文,114,Q3,115/09/08,-200441.0,-200441.0,-191282.0,12908167.0,11138214.0,-0.45
4907,富宇,114,Q4,115/09/08,144747.0,144747.0,,1744342.0,1370919.0,1.23
4907,富宇,114,Q1,115/09/08,35407.0,35407.0,,368677.0,293189.0,0.3
4908,前鼎,114,Q1,115/09/08,59039.0,59039.0,,212287.0,96465.0,0.75
4908,前鼎,114,Q4,115/09/08,154532.0,154532.0,,814688.0,429118.0,1.98
4909,新復興,114,Q4,115/09/08,-116656.0,-116656.0,-116656.0,296575.0,326580.0,-1.25
4909,新復興,114,Q1,115/09/08,3742.0,3742.0,3742.0,118699.0,122265.0,0.04
4911,德英,114,Q1,115/09/08,36534.0,36534.0,,80137.0,11828.0,0.62
4911,德英,114,Q4,115/09/08,139197.0,139197.0,,309132.0,45912.0,2.18
4912,聯德控股-KY,114,Q3,115/09/08,187237.0,187237.0,178351.0,4377863.0,3447871.0,2.73
4912,聯德控股-KY,114,Q4,115/09/08,139970.0,139970.0,128985.0,6275379.0,4925968.0,1.98
4915,致伸,114,Q4,115/09/08,2626722.0,2626722.0,2626722.0,60181706.0,49760110.0,5.71
4915,致伸,114,Q3,115/09/08,2184910.0,2184910.0,2184910.0,45238950.0,37448204.0,4.76
4916,事欣科,114,Q3,115/09/08,117848.0,117848.0,125086.0,2517850.0,1999941.0,1.14
4916,事欣科,114,Q4,115/09/08,190075.0,190075.0,200660.0,3605070.0,2883560.0,1.77
4919,新唐,114,Q4,115/09/08,-1664644.0,-1664644.0,-1664644.0,30492418.0,19303523.0,-3.97
4919,新唐,114,Q3,115/09/08,-970654.0,-970654.0,-970654.0,23452171.0,14676455.0,-2.31
4923,力士,114,Q4,115/09/08,-172361.0,-172361.0,-172361.0,899104.0,695836.0,-5.26
4923,力士,114,Q1,115/09/08,-60512.0,-60512.0,-60512.0,191835.0,151946.0,-1.85
4924,欣厚-KY,114,Q1,115/09/08,311.0,311.0,311.0,165424.0,125307.0,0.01
4924,欣厚-KY,114,Q4,115/09/08,14231.0,14231.0,14231.0,720930.0,555691.0,0.38
4927,泰鼎-KY,114,Q3,115/09/08,-1092204.0,-1092204.0,-1088612.0,8936413.0,8728630.0,-4.9
4927,泰鼎-KY,114,Q4,115/09/08,-2020953.0,-2020953.0,-2014541.0,11608228.0,11757229.0,-8.65
4930,燦星網,114,Q4,115/09/08,123082.0,123082.0,47712.0,5968277.0,5104285.0,0.6
4930,燦星網,114,Q3,115/09/08,114972.0,114972.0,43406.0,4698614.0,4008623.0,0.54
4931,新盛力,114,Q1,115/09/08,90489.0,90489.0,90489.0,656511.0,476519.0,1.39
4931,新盛力,114,Q4,115/09/08,203562.0,203562.0,203562.0,2451377.0,1916753.0,3.13
4933,友輝,114,Q4,115/09/08,472832.0,472832.0,472832.0,3007496.0,2047916.0,5.77
4933,友輝,114,Q1,115/09/08,186856.0,186856.0,186856.0,744941.0,477147.0,2.29
4934,太極,114,Q3,115/09/08,-274770.0,-274770.0,-150589.0,63602.0,154527.0,-0.67
4934,太極,114,Q4,115/09/08,-389811.0,-389811.0,-214518.0,89337.0,220427.0,-0.95
4935,茂林-KY,114,Q4,115/09/08,172256.0,172256.0,172256.0,5350863.0,4554808.0,1.34
4935,茂林-KY,114,Q3,115/09/08,132897.0,132897.0,132897.0,4238288.0,3604815.0,1.03
4938,和碩,114,Q3,115/09/08,11724564.0,11724564.0,9135648.0,797632389.0,768187660.0,3.42
4938,和碩,114,Q4,115/09/08,18109587.0,18109587.0,14402600.0,1117160381.0,1074659121.0,5.39
4939,亞電,114,Q1,115/09/08,5657.0,5657.0,5657.0,335309.0,256011.0,0.06
4939,亞電,114,Q4,115/09/08,-42340.0,-42340.0,-42340.0,1417550.0,1110426.0,-0.43
4942,嘉彰,114,Q4,115/09/08,435665.0,435665.0,435659.0,6091275.0,4663547.0,3.06
4942,嘉彰,114,Q3,115/09/08,252441.0,252441.0,252420.0,4416122.0,3414086.0,1.77
4943,康控-KY,114,Q4,115/09/08,-270101.0,-270101.0,-233764.0,1690289.0,1741190.0,-1.88
4943,康控-KY,114,Q3,115/09/08,-208530.0,-208530.0,-186568.0,1196251.0,1245975.0,-1.51
4946,辣椒,114,Q4,115/09/08,22206.0,22206.0,24510.0,354759.0,217108.0,3.14
4946,辣椒,114,Q1,115/09/08,17113.0,17113.0,17999.0,118526.0,71530.0,2.3
4949,有成精密,114,Q4,115/09/08,128326.0,128326.0,128326.0,2397182.0,1528962.0,1.91
4949,有成精密,114,Q3,115/09/08,99493.0,99493.0,99493.0,1781227.0,1153274.0,1.48
4950,金耘國際,114,Q4,115/09/08,5912.0,5912.0,-20646.0,1016605.0,852629.0,-0.36
4950,金耘國際,114,Q1,115/09/08,-24658.0,-24658.0,-33777.0,244035.0,204853.0,-0.23
4951,精拓科,114,Q1,115/09/08,42972.0,42972.0,42980.0,124592.0,27861.0,1.26
4951,精拓科,114,Q4,115/09/08,204315.0,204315.0,204314.0,540644.0,129212.0,5.98
4952,凌通,114,Q3,115/09/08,110032.0,110032.0,110032.0,1669971.0,1091954.0,1.01
4952,凌通,114,Q4,115/09/08,112351.0,112351.0,112351.0,2128010.0,1417015.0,1.03
4953,緯致,114,Q1,115/09/08,110403.0,110403.0,110403.0,2641667.0,2256153.0,1.51
4953,緯致,114,Q4,115/09/08,618131.0,618131.0,618131.0,11603562.0,9680474.0,8.45
4956,光鋐,114,Q3,115/09/08,-103335.0,-103335.0,-103335.0,1028052.0,1004430.0,-1.03
4956,光鋐,114,Q4,115/09/08,-80284.0,-80284.0,-80284.0,1349023.0,1280861.0,-0.8
4958,臻鼎-KY,114,Q4,115/09/08,10605107.0,10605107.0,6790508.0,182521620.0,146385216.0,6.91
4958,臻鼎-KY,114,Q3,115/09/08,6001808.0,6001808.0,3629226.0,125651516.0,102345189.0,3.79
4960,誠美材,114,Q3,115/09/08,-1200455.0,-1200455.0,-1200455.0,6391052.0,6594192.0,-2.11
4960,誠美材,114,Q4,115/09/08,-1462717.0,-1462717.0,-1462717.0,8643190.0,9032123.0,-2.58
4961,天鈺,114,Q3,115/09/08,1369814.0,1369814.0,979267.0,14008997.0,9987637.0,8.08
4961,天鈺,114,Q4,115/09/08,1627434.0,1627434.0,1169204.0,17993045.0,12865614.0,9.65
4966,譜瑞-KY,114,Q4,115/09/08,2726713.0,2726713.0,2726713.0,16531048.0,9496312.0,34.51
4966,譜瑞-KY,114,Q1,115/09/08,664101.0,664101.0,664101.0,4151599.0,2384682.0,8.38
4967,十銓,114,Q3,115/09/08,295060.0,295060.0,295060.0,14079501.0,12592626.0,3.47
4967,十銓,114,Q4,115/09/08,1109873.0,1109873.0,1109873.0,20428449.0,17514031.0,13.06
4968,立積,114,Q4,115/09/08,245122.0,245122.0,245122.0,3761663.0,2397307.0,2.66
4968,立積,114,Q3,115/09/08,126148.0,126148.0,126148.0,2809730.0,1818790.0,1.37
4971,IET-KY,114,Q1,115/09/08,-59705.0,-59705.0,-59712.0,270389.0,176606.0,-1.54
4971,IET-KY,114,Q4,115/09/08,65287.0,65287.0,65300.0,1079340.0,694555.0,1.65
4972,湯石照明,114,Q4,115/09/08,-104208.0,-104208.0,-104208.0,932892.0,687710.0,-1.84
4972,湯石照明,114,Q1,115/09/08,-18642.0,-18642.0,-18642.0,225597.0,171774.0,-0.33
4973,廣穎電通,114,Q1,115/09/08,-1830.0,-1830.0,-1830.0,1189086.0,974719.0,-0.03
4973,廣穎電通,114,Q4,115/09/08,134361.0,134361.0,134361.0,4258375.0,3249479.0,2.11
4974,亞泰,114,Q4,115/09/08,374367.0,374367.0,374367.0,3713187.0,3124760.0,5.16
4974,亞泰,114,Q1,115/09/08,131959.0,131959.0,131959.0,1101790.0,913753.0,1.82
4976,佳凌,114,Q3,115/09/08,-192974.0,-192974.0,,786873.0,826931.0,-1.39
4976,佳凌,114,Q4,115/09/08,-260680.0,-260680.0,,1020255.0,1103300.0,-1.88
4977,眾達-KY,114,Q4,115/09/08,353351.0,353351.0,353351.0,1074975.0,806522.0,4.48
4977,眾達-KY,114,Q3,115/09/08,278745.0,278745.0,278745.0,823690.0,620423.0,3.53
4979,華星光,114,Q1,115/09/08,213446.0,213446.0,213446.0,1066906.0,827301.0,1.52
4979,華星光,114,Q4,115/09/08,764245.0,764245.0,764245.0,4384846.0,3464207.0,5.43
4989,榮科,114,Q4,115/09/08,-479557.0,-479557.0,-479557.0,2661652.0,2996005.0,-3.48
4989,榮科,114,Q3,115/09/08,-460237.0,-460237.0,-460237.0,1863608.0,2209514.0,-3.34
4991,環宇-KY,114,Q4,115/09/08,17469.0,17469.0,17469.0,2195155.0,1160600.0,0.15
4991,環宇-KY,114,Q1,115/09/08,-78988.0,-78988.0,-78988.0,473170.0,301483.0,-0.7
4994,傳奇,114,Q4,115/09/08,129794.0,129794.0,129794.0,1185241.0,394643.0,1.96
4994,傳奇,114,Q3,115/09/08,113443.0,113443.0,113443.0,894349.0,293714.0,1.71
4995,晶達,114,Q1,115/09/08,22111.0,22111.0,22111.0,310521.0,208862.0,0.52
4995,晶達,114,Q4,115/09/08,95400.0,95400.0,95400.0,1289814.0,884986.0,2.25
4999,鑫禾,114,Q3,115/09/08,-99519.0,-99519.0,-99519.0,1440467.0,1218390.0,-1.35
4999,鑫禾,114,Q4,115/09/08,-123413.0,-123413.0,-123413.0,1953351.0,1682334.0,-1.68
5007,三星,114,Q3,115/09/08,601224.0,601224.0,602801.0,4697774.0,3612242.0,2.04
5007,三星,114,Q4,115/09/08,904956.0,904956.0,891292.0,6215530.0,4731312.0,3.02
5009,榮剛,114,Q4,115/09/08,1297962.0,1297962.0,1296181.0,11560465.0,9044770.0,2.2
5009,榮剛,114,Q1,115/09/08,356695.0,356695.0,372518.0,3036192.0,2305710.0,0.63
5011,久陽,114,Q1,115/09/08,-63167.0,-63167.0,-27653.0,1405156.0,1452788.0,-0.27
5011,久陽,114,Q4,115/09/08,-417995.0,-417995.0,-161982.0,5062034.0,5227265.0,-1.61
5013,強新,114,Q4,115/09/08,365270.0,365270.0,193419.0,7733792.0,6765179.0,1.45
5013,強新,114,Q1,115/09/08,87293.0,87293.0,54907.0,1928175.0,1691958.0,0.41
5014,建錩,114,Q1,115/09/08,-1155.0,-1155.0,-382.0,3263878.0,3152510.0,0.0
5014,建錩,114,Q4,115/09/08,-437630.0,-437630.0,-437034.0,14953030.0,14586960.0,-2.37
5015,華祺,114,Q1,115/09/08,29554.0,29554.0,29554.0,403218.0,328623.0,0.49
5015,華祺,114,Q4,115/09/08,3410.0,3410.0,3410.0,1483391.0,1236006.0,0.06
5016,松和,114,Q1,115/09/08,21004.0,21004.0,20719.0,500293.0,451986.0,0.42
5016,松和,114,Q4,115/09/08,75148.0,75148.0,74352.0,2046079.0,1846626.0,1.5
5201,凱衛,114,Q1,115/09/08,-10340.0,-10340.0,-10270.0,71461.0,39224.0,-0.33
5201,凱衛,114,Q4,115/09/08,-2654.0,-2654.0,-1908.0,304597.0,160021.0,-0.06
5202,力新,114,Q4,115/09/08,-54633.0,-54633.0,-54632.0,150094.0,32002.0,-0.61
5202,力新,114,Q1,115/09/08,-30997.0,-30997.0,-30997.0,31186.0,7619.0,-0.35
5203,訊連,114,Q3,115/09/08,204094.0,204094.0,204094.0,1806363.0,273797.0,2.58
5203,訊連,114,Q4,115/09/08,286976.0,286976.0,286976.0,2459506.0,381953.0,3.63
5205,中茂,114,Q1,115/09/08,-4993.0,-4993.0,-4517.0,4169.0,4793.0,-0.33
5205,中茂,114,Q4,115/09/08,-21273.0,-21273.0,-19283.0,24555.0,24270.0,-1.43
5206,坤悅,114,Q4,115/09/08,589999.0,589999.0,589999.0,3778178.0,2577887.0,3.44
5206,坤悅,114,Q1,115/09/08,150551.0,150551.0,150551.0,1164022.0,776463.0,0.97
5209,新鼎,114,Q1,115/09/08,44567.0,44567.0,44567.0,1094757.0,1009363.0,1.57
5209,新鼎,114,Q4,115/09/08,459421.0,459421.0,459421.0,5344423.0,4659147.0,16.16
5210,寶碩,114,Q1,115/09/08,4021.0,4021.0,4021.0,67593.0,19866.0,0.05
5210,寶碩,114,Q4,115/09/08,60055.0,60055.0,60055.0,277997.0,73003.0,0.73
5211,蒙恬,114,Q1,115/09/08,-9520.0,-9520.0,-9095.0,41658.0,20499.0,-0.28
5211,蒙恬,114,Q4,115/09/08,-21764.0,-21764.0,-24805.0,218644.0,112634.0,-0.77
5212,凌網,114,Q4,115/09/08,167165.0,167165.0,164218.0,1318292.0,632042.0,4.74
5212,凌網,114,Q1,115/09/08,16799.0,16799.0,16606.0,234856.0,124507.0,0.48
5213,亞昕,114,Q1,115/09/08,1024351.0,1024351.0,1029109.0,7774915.0,5574698.0,1.55
5213,亞昕,114,Q4,115/09/08,2111747.0,2111747.0,2141527.0,18030565.0,13088448.0,3.06
5215,科嘉-KY,114,Q3,115/09/08,104416.0,104416.0,90294.0,1924564.0,1463921.0,1.4
5215,科嘉-KY,114,Q4,115/09/08,149043.0,149043.0,131178.0,2579058.0,2012435.0,2.04
5220,萬達光電,114,Q4,115/09/08,-25612.0,-25612.0,-25612.0,681811.0,556632.0,-0.65
5220,萬達光電,114,Q1,115/09/08,6787.0,6787.0,6787.0,211202.0,161362.0,0.17
5222,全訊,114,Q4,115/09/08,224953.0,224953.0,,954334.0,454894.0,2.51
5222,全訊,114,Q3,115/09/08,169792.0,169792.0,,691425.0,333732.0,1.89
5223,安力-KY,114,Q4,115/09/08,-29706.0,-29706.0,-29706.0,1960166.0,1654344.0,-0.67
5223,安力-KY,114,Q1,115/09/08,-2400.0,-2400.0,-2400.0,446982.0,360277.0,-0.05
5225,東科-KY,114,Q3,115/09/08,751922.0,751922.0,751922.0,8853695.0,7310065.0,9.66
5225,東科-KY,114,Q4,115/09/08,799806.0,799806.0,799806.0,11039422.0,9225448.0,10.26
5227,立凱-KY,114,Q4,115/09/08,11847.0,11847.0,11847.0,400650.0,428999.0,0.17
5227,立凱-KY,114,Q1,115/09/08,-35571.0,-35571.0,-35571.0,194211.0,171426.0,-0.52
5228,鈺鎧,114,Q1,115/09/08,-3638.0,-3638.0,,121912.0,100675.0,-0.1
5228,鈺鎧,114,Q4,115/09/08,-7746.0,-7746.0,,541668.0,438260.0,-0.2
5230,雷笛克光學,114,Q1,115/09/08,-28330.0,-28330.0,-28007.0,301475.0,235825.0,-0.49
5230,雷笛克光學,114,Q4,115/09/08,-77714.0,-77714.0,-76114.0,1317923.0,1009948.0,-1.35
5234,達興材料,114,Q4,115/09/08,756955.0,756955.0,756955.0,4629779.0,2750283.0,7.37
5234,達興材料,114,Q3,115/09/08,547958.0,547958.0,547958.0,3443387.0,2053481.0,5.33
5236,凌陽創新,114,Q3,115/09/08,388475.0,388475.0,,1535870.0,654507.0,6.47
5236,凌陽創新,114,Q4,115/09/08,515179.0,515179.0,,1999748.0,843983.0,8.59
5243,乙盛-KY,114,Q4,115/09/08,741268.0,741268.0,741268.0,12080401.0,9505817.0,4.4
5243,乙盛-KY,114,Q3,115/09/08,567781.0,567781.0,567781.0,9188905.0,7219094.0,3.37
5244,弘凱,114,Q3,115/09/08,43689.0,43689.0,43689.0,614675.0,350259.0,0.64
5244,弘凱,114,Q4,115/09/08,34461.0,34461.0,34461.0,843655.0,505752.0,0.51
5245,智晶,114,Q4,115/09/08,-228289.0,-228289.0,-211904.0,775779.0,767047.0,-4.9
5245,智晶,114,Q1,115/09/08,-40090.0,-40090.0,-39391.0,213673.0,195781.0,-0.91
5251,天鉞電,114,Q1,115/09/08,4231.0,4231.0,4231.0,97008.0,63052.0,0.13
5251,天鉞電,114,Q4,115/09/08,1005.0,1005.0,1005.0,305379.0,184324.0,0.03
5258,虹堡,114,Q4,115/09/08,491995.0,491995.0,464824.0,7861643.0,5116931.0,4.23
5258,虹堡,114,Q3,115/09/08,193464.0,193464.0,171740.0,5545003.0,3616935.0,1.56
5263,智崴,114,Q4,115/09/08,-197186.0,-197186.0,-197186.0,1338793.0,777895.0,-2.87
5263,智崴,114,Q1,115/09/08,-44787.0,-44787.0,-44787.0,258931.0,192594.0,-0.63
5269,祥碩,114,Q3,115/09/08,3926271.0,3926271.0,3926271.0,9894249.0,4692209.0,52.62
5269,祥碩,114,Q4,115/09/08,5425836.0,5425836.0,5425836.0,13414563.0,6407971.0,72.7
5272,笙科,114,Q1,115/09/08,-16346.0,-16346.0,,85318.0,44128.0,-0.3
5272,笙科,114,Q4,115/09/08,-73764.0,-73764.0,,341287.0,198510.0,-1.33
5274,信驊,114,Q4,115/09/08,3927807.0,3927807.0,3927807.0,9084875.0,2906170.0,103.92
5274,信驊,114,Q1,115/09/08,886770.0,886770.0,886770.0,2065118.0,697355.0,23.46
5276,達輝-KY,114,Q1,115/09/08,13191.0,13191.0,13191.0,239372.0,195860.0,0.33
5276,達輝-KY,114,Q4,115/09/08,44863.0,44863.0,44863.0,920318.0,748753.0,1.14
5278,尚凡*,114,Q4,115/09/08,364880.0,364880.0,313974.0,2632693.0,1153327.0,1.05
5278,尚凡*,114,Q1,115/09/08,114815.0,114815.0,112190.0,537619.0,245238.0,0.37
5283,禾聯碩,114,Q3,115/09/08,370391.0,370391.0,370391.0,5017457.0,3266194.0,4.23
5283,禾聯碩,114,Q4,115/09/08,493119.0,493119.0,493119.0,6468990.0,4333155.0,5.63
5284,jpp-KY,114,Q3,115/09/08,464931.0,464931.0,467535.0,2600281.0,1665341.0,9.16
5284,jpp-KY,114,Q4,115/09/08,613863.0,613863.0,618163.0,3731075.0,2320575.0,12.05
5285,界霖,114,Q3,115/09/08,102469.0,102469.0,102469.0,4087099.0,3562153.0,1.0
5285,界霖,114,Q4,115/09/08,156167.0,156167.0,156167.0,5348422.0,4638509.0,1.53
5287,數字,114,Q1,115/09/08,172306.0,172306.0,172125.0,545969.0,181450.0,2.87
5287,數字,114,Q4,115/09/08,836143.0,836143.0,835726.0,2318726.0,713454.0,13.93
5288,豐祥-KY,114,Q3,115/09/08,604564.0,604564.0,604039.0,5000312.0,3882076.0,8.74
5288,豐祥-KY,114,Q4,115/09/08,848192.0,848192.0,848293.0,6805063.0,5283188.0,12.25
5289,宜鼎,114,Q1,115/09/08,331872.0,331872.0,336540.0,2618742.0,1818009.0,3.68
5289,宜鼎,114,Q4,115/09/08,2021262.0,2021262.0,2035643.0,14261262.0,9829334.0,21.72
5291,邑昇,114,Q4,115/09/08,4736.0,4736.0,12642.0,1082478.0,864749.0,0.31
5291,邑昇,114,Q1,115/09/08,-2604.0,-2604.0,394.0,257144.0,206541.0,0.01
5292,華懋,114,Q4,115/09/08,418316.0,418316.0,418316.0,2861139.0,2184477.0,9.93
5292,華懋,114,Q3,115/09/08,289606.0,289606.0,289606.0,2118443.0,1631176.0,6.88
5299,杰力,114,Q1,115/09/08,70927.0,70927.0,70927.0,406223.0,272690.0,1.39
5299,杰力,114,Q4,115/09/08,232841.0,232841.0,232841.0,1483423.0,967491.0,4.58
5301,寶得利,114,Q4,115/09/08,-126874.0,-126874.0,-119519.0,236471.0,80801.0,-1.81
5301,寶得利,114,Q1,115/09/08,-18850.0,-18850.0,-17003.0,52442.0,7150.0,-0.12
5302,太欣,114,Q1,115/09/08,-14960.0,-14960.0,-14757.0,2785.0,2686.0,-0.09
5302,太欣,114,Q4,115/09/08,-20239.0,-20239.0,-19030.0,19433.0,13216.0,-0.12
5306,桂盟,114,Q3,115/09/08,789643.0,789643.0,789701.0,3636912.0,2033726.0,6.27
5306,桂盟,114,Q4,115/09/08,964950.0,964950.0,965023.0,4677894.0,2609095.0,7.66
5309,系統電,114,Q4,115/09/08,9161.0,9161.0,52939.0,3393871.0,2595390.0,0.27
5309,系統電,114,Q1,115/09/08,18701.0,18701.0,22906.0,873387.0,667097.0,0.12
5310,天剛,114,Q4,115/09/08,15113.0,15113.0,15113.0,819.0,727.0,0.52
5310,天剛,114,Q1,115/09/08,14682.0,14682.0,14682.0,94.0,81.0,0.51
5312,寶島科,114,Q1,115/09/08,120138.0,120138.0,120262.0,1001447.0,371988.0,2.0
5312,寶島科,114,Q4,115/09/08,384981.0,384981.0,385275.0,4128599.0,1508813.0,6.41
5314,世紀*,114,Q1,115/09/08,234631.0,234631.0,230564.0,458551.0,77811.0,0.78
5314,世紀*,114,Q4,115/09/08,1679611.0,1679611.0,1625623.0,2973547.0,1270308.0,5.56
5315,光聯,114,Q4,115/09/08,202220.0,202220.0,202220.0,2003493.0,1703221.0,1.9
5315,光聯,114,Q1,115/09/08,63234.0,63234.0,63234.0,499223.0,417307.0,0.59
5321,美而快,114,Q4,115/09/08,13883.0,13883.0,-14374.0,2842194.0,1389907.0,-0.27
5321,美而快,114,Q1,115/09/08,12753.0,12753.0,3289.0,734123.0,366155.0,0.06
5324,士開,114,Q4,115/09/08,-586.0,-586.0,-12324.0,1158481.0,698640.0,-0.05
5324,士開,114,Q1,115/09/08,-9250.0,-9250.0,-12602.0,238910.0,134951.0,-0.06
5328,華容,114,Q1,115/09/08,9440.0,9440.0,8775.0,207718.0,154389.0,0.05
5328,華容,114,Q4,115/09/08,69207.0,69207.0,67068.0,883716.0,642275.0,0.39
5340,建榮,114,Q4,115/09/08,232335.0,232335.0,,2277939.0,1855160.0,1.19
5340,建榮,114,Q1,115/09/08,52281.0,52281.0,,515163.0,428537.0,0.27
5344,立衛,114,Q4,115/09/08,-31116.0,-31116.0,,340231.0,320786.0,-0.39
5344,立衛,114,Q1,115/09/08,-9716.0,-9716.0,,71784.0,71917.0,-0.12
5345,馥鴻,114,Q1,115/09/08,-3606.0,-3606.0,-3606.0,1761.0,1565.0,-0.1
5345,馥鴻,114,Q4,115/09/08,-12038.0,-12038.0,-12038.0,23181.0,17312.0,-0.32
5347,世界,114,Q4,115/09/08,7770450.0,7770450.0,7907502.0,48591245.0,34937406.0,4.3
5347,世界,114,Q1,115/09/08,2406053.0,2406053.0,2413826.0,11949331.0,8352408.0,1.31
5348,正能量智能,114,Q1,115/09/08,-4725.0,-4725.0,-5905.0,51947.0,38000.0,-0.4
5348,正能量智能,114,Q4,115/09/08,-13843.0,-13843.0,-22069.0,268119.0,188303.0,-1.49
5351,鈺創,114,Q1,115/09/08,-221073.0,-221073.0,-198156.0,627130.0,560679.0,-0.61
5351,鈺創,114,Q4,115/09/08,-582971.0,-582971.0,-497494.0,4036779.0,3418415.0,-1.53
5353,台林,114,Q4,115/09/08,103483.0,103483.0,103483.0,1831164.0,1398054.0,1.38
5353,台林,114,Q1,115/09/08,39710.0,39710.0,39710.0,444829.0,334685.0,0.53
5355,佳總,114,Q1,115/09/08,-6413.0,-6413.0,-6413.0,117334.0,133237.0,-0.04
5355,佳總,114,Q4,115/09/08,-186568.0,-186568.0,-186568.0,462684.0,536534.0,-1.12
5356,協益,114,Q4,115/09/08,45820.0,45820.0,45820.0,3354983.0,2867871.0,0.44
5356,協益,114,Q1,115/09/08,27712.0,27712.0,27712.0,870088.0,756748.0,0.27
5364,力麗店,114,Q1,115/09/08,-22782.0,-22782.0,-20394.0,70398.0,70984.0,-0.32
5364,力麗店,114,Q4,115/09/08,-44377.0,-44377.0,-49397.0,311594.0,269592.0,-0.77
5381,光譜,114,Q4,115/09/08,192372.0,192372.0,173718.0,2197271.0,1638920.0,0.72
5381,光譜,114,Q1,115/09/08,86474.0,86474.0,81697.0,672206.0,503150.0,0.34
5386,青雲,114,Q1,115/09/08,39698.0,39698.0,,1246706.0,1160448.0,1.27
5386,青雲,114,Q4,115/09/08,309635.0,309635.0,,5883877.0,5280628.0,8.61
5388,中磊,114,Q4,115/09/08,1199024.0,1199024.0,1202805.0,53999430.0,45524332.0,4.04
5388,中磊,114,Q3,115/09/08,939128.0,939128.0,935235.0,38316510.0,32031549.0,3.15
5392,能率,114,Q4,115/09/08,-35380.0,-35380.0,-45879.0,8697447.0,7375629.0,-0.26
5392,能率,114,Q1,115/09/08,-51834.0,-51834.0,-36916.0,2086383.0,1775038.0,-0.22
5398,慕康生醫,114,Q1,115/09/08,-9828.0,-9828.0,-9828.0,25851.0,27590.0,-0.2
5398,慕康生醫,114,Q4,115/09/08,17357.0,17357.0,17357.0,229849.0,144598.0,0.35
5403,中菲,114,Q4,115/09/08,632248.0,632248.0,,3405089.0,2057954.0,8.57
5403,中菲,114,Q1,115/09/08,141715.0,141715.0,,847140.0,543052.0,1.93
5410,國眾,114,Q1,115/09/08,59358.0,59358.0,59559.0,1337520.0,1143914.0,0.65
5410,國眾,114,Q4,115/09/08,214427.0,214427.0,214913.0,4385375.0,3616452.0,2.35
5425,台半,114,Q4,115/09/08,1112562.0,1112562.0,509576.0,17954259.0,12664153.0,2.07
5425,台半,114,Q1,115/09/08,236049.0,236049.0,116475.0,4507858.0,3284622.0,0.47
5426,振發,114,Q1,115/09/08,57659.0,57659.0,57455.0,471478.0,358140.0,0.4
5426,振發,114,Q4,115/09/08,73896.0,73896.0,74271.0,1758301.0,1421101.0,0.52
5432,新門,114,Q4,115/09/08,47489.0,47489.0,,198612.0,144470.0,2.3
5432,新門,114,Q1,115/09/08,3398.0,3398.0,,36461.0,27675.0,0.16
5434,崇越,114,Q3,115/09/08,2973219.0,2973219.0,2957278.0,50284890.0,43937846.0,15.45
5434,崇越,114,Q4,115/09/08,4192029.0,4192029.0,4180447.0,67583531.0,58933153.0,21.81
5438,東友,114,Q4,115/09/08,40667.0,40667.0,40667.0,1297590.0,1098147.0,0.51
5438,東友,114,Q1,115/09/08,10566.0,10566.0,10566.0,300092.0,253660.0,0.13
5439,高技,114,Q1,115/09/08,180007.0,180007.0,180007.0,1424239.0,1129360.0,1.94
5439,高技,114,Q4,115/09/08,1277392.0,1277392.0,1277392.0,9643587.0,7465616.0,13.74
5443,均豪,114,Q1,115/09/08,88679.0,88679.0,72945.0,831558.0,517117.0,0.45
5443,均豪,114,Q4,115/09/08,525391.0,525391.0,416948.0,4669827.0,3031170.0,2.59
5450,南良,114,Q4,115/09/08,26695.0,26695.0,26695.0,2430036.0,1817808.0,0.22
5450,南良,114,Q1,115/09/08,11359.0,11359.0,11359.0,600072.0,440982.0,0.09
5452,佶優,114,Q1,115/09/08,14436.0,14436.0,12709.0,1355127.0,1210686.0,0.09
5452,佶優,114,Q4,115/09/08,61040.0,61040.0,48592.0,4854745.0,4253382.0,0.33
5455,昇益,114,Q4,115/09/08,226547.0,226547.0,,2044293.0,1615525.0,3.46
5455,昇益,114,Q1,115/09/08,1881.0,1881.0,,287001.0,258367.0,0.03
5457,宣德,114,Q1,115/09/08,313361.0,313361.0,188388.0,5388946.0,4415980.0,1.09
5457,宣德,114,Q4,115/09/08,1346350.0,1346350.0,479796.0,24359831.0,20025164.0,2.77
5460,同協,114,Q4,115/09/08,-10235.0,-10235.0,-10235.0,233338.0,168037.0,-0.17
5460,同協,114,Q1,115/09/08,-984.0,-984.0,-984.0,57863.0,43504.0,-0.02
5464,霖宏,114,Q4,115/09/08,-183971.0,-183971.0,-183971.0,973929.0,942847.0,-2.59
5464,霖宏,114,Q1,115/09/08,21272.0,21272.0,21272.0,243121.0,216683.0,0.3
5465,富驊,114,Q1,115/09/08,116831.0,116831.0,92985.0,1568705.0,1333681.0,0.63
5465,富驊,114,Q4,115/09/08,230219.0,230219.0,190141.0,5454930.0,4744711.0,1.29
5468,凱鈺,114,Q4,115/09/08,-26383.0,-26383.0,-26383.0,165033.0,118146.0,-0.65
5468,凱鈺,114,Q1,115/09/08,942.0,942.0,942.0,29247.0,20378.0,0.03
5469,瀚宇博,114,Q4,115/09/08,4725386.0,4725386.0,2923435.0,57226203.0,45941853.0,6.05
5469,瀚宇博,114,Q3,115/09/08,3732548.0,3732548.0,2380067.0,41848549.0,33275179.0,4.93
5471,松翰,114,Q3,115/09/08,84428.0,84428.0,84428.0,1987443.0,1163625.0,0.5
5471,松翰,114,Q4,115/09/08,120538.0,120538.0,120538.0,2675652.0,1569215.0,0.72
5474,聰泰,114,Q1,115/09/08,41286.0,41286.0,,288181.0,153969.0,1.04
5474,聰泰,114,Q4,115/09/08,218234.0,218234.0,,1467947.0,866139.0,5.49
5475,德宏,114,Q1,115/09/08,-18685.0,-18685.0,-18475.0,167068.0,144104.0,-0.15
5475,德宏,114,Q4,115/09/08,-21432.0,-21432.0,-20690.0,875931.0,705971.0,-0.16
5478,智冠,114,Q4,115/09/08,1268999.0,1268999.0,1188199.0,6518562.0,3036969.0,7.93
5478,智冠,114,Q1,115/09/08,248020.0,248020.0,220540.0,1612046.0,765865.0,1.47
5481,新華,114,Q4,115/09/08,-43405.0,-43405.0,-43405.0,96378.0,57986.0,-0.65
5481,新華,114,Q1,115/09/08,-7785.0,-7785.0,-7785.0,24245.0,13398.0,-0.12
5483,中美晶,114,Q1,115/09/08,1797591.0,1797591.0,732209.0,19373248.0,14300155.0,1.19
5483,中美晶,114,Q4,115/09/08,9282001.0,9282001.0,4118233.0,78170966.0,58600109.0,6.71
5484,慧友,114,Q3,115/09/08,-45914.0,-45914.0,-45914.0,329308.0,256180.0,-0.69
5484,慧友,114,Q4,115/09/08,-40340.0,-40340.0,-40340.0,506246.0,390549.0,-0.6
5487,通泰,114,Q1,115/09/08,-185.0,-185.0,-185.0,44200.0,29066.0,-0.01
5487,通泰,114,Q4,115/09/08,-12922.0,-12922.0,-12922.0,164183.0,110005.0,-0.53
5488,松普,114,Q4,115/09/08,10391.0,10391.0,10391.0,770320.0,662578.0,0.11
5488,松普,114,Q1,115/09/08,2009.0,2009.0,2009.0,191695.0,163953.0,0.02
5489,彩富,114,Q4,115/09/08,199395.0,199395.0,199334.0,1687820.0,1089496.0,2.01
5489,彩富,114,Q1,115/09/08,47127.0,47127.0,47115.0,354179.0,221588.0,0.47
5490,同亨,114,Q1,115/09/08,69590.0,69590.0,69590.0,421123.0,227326.0,0.75
5490,同亨,114,Q4,115/09/08,157855.0,157855.0,157855.0,1536687.0,867896.0,1.69
5493,三聯,114,Q1,115/09/08,111538.0,111538.0,57628.0,1256785.0,1096411.0,1.32
5493,三聯,114,Q4,115/09/08,396777.0,396777.0,182474.0,5451261.0,4780496.0,4.18
5498,凱崴,114,Q4,115/09/08,1056.0,1056.0,-618.0,1407836.0,1254542.0,0.0
5498,凱崴,114,Q1,115/09/08,-23331.0,-23331.0,-23660.0,301080.0,284779.0,-0.12
5508,永信建,114,Q4,115/09/08,667683.0,667683.0,667683.0,2533755.0,1418945.0,3.07
5508,永信建,114,Q1,115/09/08,294467.0,294467.0,294467.0,909710.0,491230.0,1.35
5511,德昌,114,Q4,115/09/08,1187875.0,1187875.0,1207193.0,11083709.0,9136370.0,10.64
5511,德昌,114,Q1,115/09/08,123520.0,123520.0,130992.0,1888455.0,1630247.0,1.15
5512,力麒,114,Q4,115/09/08,300467.0,300467.0,118299.0,6997901.0,5509419.0,0.16
5512,力麒,114,Q1,115/09/08,120484.0,120484.0,51405.0,1703296.0,1295620.0,0.07
5514,三豐,114,Q1,115/09/08,-13075.0,-13075.0,-13074.0,1445.0,580.0,-0.06
5514,三豐,114,Q4,115/09/08,-29939.0,-29939.0,-29934.0,5780.0,1610.0,-0.13
5515,建國,114,Q4,115/09/08,903642.0,903642.0,903642.0,7095608.0,5914298.0,4.48
5515,建國,114,Q3,115/09/08,586896.0,586896.0,586896.0,5041511.0,4230889.0,2.91
5516,雙喜,114,Q4,115/09/08,8496.0,8496.0,,2177120.0,2066261.0,0.16
5516,雙喜,114,Q1,115/09/08,-31151.0,-31151.0,,383710.0,392218.0,-0.6
5519,隆大,114,Q4,115/09/08,1087811.0,1087811.0,1087811.0,5452084.0,3647281.0,4.96
5519,隆大,114,Q3,115/09/08,943961.0,943961.0,943961.0,4456678.0,2993040.0,4.31
5520,力泰,114,Q1,115/09/08,150472.0,150472.0,144078.0,956185.0,735232.0,2.4
5520,力泰,114,Q4,115/09/08,610887.0,610887.0,598120.0,4180133.0,3242637.0,9.97
5521,工信,114,Q4,115/09/08,253873.0,253873.0,253873.0,9038390.0,8431415.0,0.52
5521,工信,114,Q3,115/09/08,182472.0,182472.0,182472.0,7020993.0,6569753.0,0.37
5522,遠雄,114,Q4,115/09/08,5825085.0,5825085.0,5825085.0,31153367.0,20514688.0,7.45
5522,遠雄,114,Q3,115/09/08,1356442.0,1356442.0,1356442.0,9652712.0,6296369.0,1.74
5523,豐謙,114,Q4,115/09/08,-13910.0,-13910.0,-13941.0,5248.0,1282.0,-0.09
5523,豐謙,114,Q1,115/09/08,-3315.0,-3315.0,-3347.0,1133.0,133.0,-0.02
5525,順天,114,Q3,115/09/08,-72294.0,-72294.0,-72251.0,348262.0,187589.0,-0.24
5525,順天,114,Q4,115/09/08,428838.0,428838.0,428937.0,2293357.0,1396382.0,1.4
5529,鉅陞,114,Q4,115/09/08,204853.0,204853.0,204853.0,972444.0,646550.0,2.01
5529,鉅陞,114,Q1,115/09/08,-25741.0,-25741.0,-25741.0,14719.0,12312.0,-0.25
5530,龍巖,114,Q4,115/09/08,1156440.0,1156440.0,1154484.0,4046868.0,1655075.0,2.75
5530,龍巖,114,Q1,115/09/08,389386.0,389386.0,388035.0,1158573.0,493064.0,0.92
5531,鄉林,114,Q4,115/09/08,-448691.0,-448691.0,-275532.0,1072641.0,830274.0,-0.28
5531,鄉林,114,Q3,115/09/08,-253863.0,-253863.0,-127249.0,903657.0,709995.0,-0.13
5533,皇鼎,114,Q3,115/09/08,120143.0,120143.0,120143.0,928708.0,655699.0,0.42
5533,皇鼎,114,Q4,115/09/08,158467.0,158467.0,158467.0,1164507.0,815383.0,0.56
5534,長虹,114,Q3,115/09/08,860757.0,860757.0,651246.0,3221094.0,1770213.0,2.24
5534,長虹,114,Q4,115/09/08,1944850.0,1944850.0,1743376.0,8489975.0,5244167.0,6.0
5536,聖暉*,114,Q1,115/09/08,876459.0,876459.0,642853.0,8556023.0,7019575.0,5.18
5536,聖暉*,114,Q4,115/09/08,4604334.0,4604334.0,3526877.0,41481912.0,33633804.0,28.42
5538,東明-KY,114,Q3,115/09/08,457924.0,457924.0,455932.0,9404202.0,8234080.0,2.27
5538,東明-KY,114,Q4,115/09/08,611458.0,611458.0,608140.0,12732666.0,11189200.0,3.02
5543,桓鼎-KY,114,Q1,115/09/08,8366.0,8366.0,-6934.0,756538.0,670208.0,-0.15
5543,桓鼎-KY,114,Q4,115/09/08,-91350.0,-91350.0,-114578.0,3039749.0,2605063.0,-2.52
5546,永固-KY,114,Q4,115/09/08,-204848.0,-204848.0,-175403.0,1949553.0,1815514.0,-2.13
5546,永固-KY,114,Q3,115/09/08,-110914.0,-110914.0,-86887.0,1594746.0,1481404.0,-1.06
5547,久舜,114,Q4,115/09/08,122129.0,122129.0,,2307277.0,2016535.0,3.06
5547,久舜,114,Q1,115/09/08,27516.0,27516.0,,534702.0,472462.0,0.76
5548,安倉,114,Q1,115/09/08,22570.0,22570.0,,588838.0,525020.0,0.41
5548,安倉,114,Q4,115/09/08,116200.0,116200.0,,2493801.0,2215375.0,2.03
5601,台聯櫃,114,Q4,115/09/08,27167.0,27167.0,,93589.0,37498.0,0.42
5601,台聯櫃,114,Q1,115/09/08,6608.0,6608.0,,22854.0,9480.0,0.1
5603,陸海,114,Q1,115/09/08,14670.0,14670.0,14791.0,346721.0,295362.0,0.14
5603,陸海,114,Q4,115/09/08,44332.0,44332.0,41615.0,1356640.0,1191002.0,0.4
5604,中連,114,Q4,115/09/08,92220.0,92220.0,92220.0,159396.0,28785.0,0.85
5604,中連,114,Q1,115/09/08,23622.0,23622.0,23622.0,39405.0,6804.0,0.22
5607,遠雄港,114,Q3,115/09/08,787526.0,787526.0,787526.0,2997909.0,1478801.0,2.13
5607,遠雄港,114,Q4,115/09/08,1027805.0,1027805.0,1027805.0,4143048.0,2084903.0,2.77
5608,四維航,114,Q4,115/09/08,-132139.0,-132139.0,-49519.0,3183906.0,2980647.0,-0.13
5608,四維航,114,Q3,115/09/08,-106377.0,-106377.0,-54267.0,2326526.0,2263751.0,-0.14
5609,中菲行,114,Q1,115/09/08,229853.0,229853.0,229988.0,7191013.0,6228236.0,1.63
5609,中菲行,114,Q4,115/09/08,1147002.0,1147002.0,1125954.0,29681087.0,25616479.0,8.0
5701,劍湖山,114,Q1,115/09/08,-3835.0,-3835.0,-3835.0,142423.0,66021.0,-0.03
5701,劍湖山,114,Q4,115/09/08,-36736.0,-36736.0,-36736.0,543759.0,269047.0,-0.26
5703,亞都麗緻,114,Q1,115/09/08,10584.0,10584.0,10584.0,116220.0,65148.0,0.15
5703,亞都麗緻,114,Q4,115/09/08,37056.0,37056.0,37056.0,448619.0,251588.0,0.53
5704,老爺知,114,Q4,115/09/08,15165.0,15165.0,,327594.0,196345.0,0.39
5704,老爺知,114,Q1,115/09/08,1935.0,1935.0,,73804.0,45130.0,0.05
5706,鳳凰,114,Q4,115/09/08,291434.0,291434.0,287660.0,3136124.0,2668100.0,3.39
5706,鳳凰,114,Q3,115/09/08,229012.0,229012.0,227951.0,2387833.0,2034833.0,2.69
5864,致和證,114,Q1,115/09/08,-492667.0,-492667.0,,,,-1.17
5864,致和證,114,Q4,115/09/08,1161878.0,1161878.0,,,,2.56
5871,中租-KY,114,Q4,115/09/08,20803523.0,20803523.0,19809840.0,97567377.0,33236489.0,11.24
5871,中租-KY,114,Q3,115/09/08,15756448.0,15756448.0,15032673.0,73418897.0,24967683.0,8.45
5876,上海商銀,114,Q3,115/09/08,14370618.0,14370618.0,12413688.0,,,2.56
5876,上海商銀,114,Q4,115/09/08,16919560.0,16919560.0,14827654.0,,,3.06
5878,台名,114,Q4,115/09/08,71659.0,71659.0,71659.0,882585.0,723124.0,2.86
5878,台名,114,Q1,115/09/08,8550.0,8550.0,8550.0,219811.0,185872.0,0.34
5880,合庫金,114,Q4,115/09/08,21447855.0,21447855.0,21294771.0,,,1.36
5880,合庫金,114,Q3,115/09/08,16240627.0,16240627.0,16193782.0,,,1.03
5902,德記,114,Q4,115/09/08,211587.0,211587.0,211587.0,2285060.0,1737589.0,2.24
5902,德記,114,Q1,115/09/08,50689.0,50689.0,50689.0,589069.0,454271.0,0.54
5903,全家,114,Q1,115/09/08,427652.0,427652.0,417682.0,25283861.0,16158271.0,1.87
5903,全家,114,Q4,115/09/08,1794295.0,1794295.0,1695904.0,110042154.0,69994621.0,7.6
5904,寶雅*,114,Q4,115/09/08,3142531.0,3142531.0,,25319841.0,13872775.0,29.54
5904,寶雅*,114,Q1,115/09/08,784586.0,784586.0,,6295928.0,3497247.0,7.48
5905,南仁湖,114,Q1,115/09/08,-47699.0,-47699.0,-38020.0,226003.0,60802.0,-0.14
5905,南仁湖,114,Q4,115/09/08,-346159.0,-346159.0,-173959.0,1073280.0,289491.0,-0.63
5906,台南-KY,114,Q4,115/09/08,29211.0,29211.0,35031.0,1681725.0,755893.0,0.98
5906,台南-KY,114,Q3,115/09/08,24285.0,24285.0,27909.0,1196845.0,526018.0,0.78
5907,大洋-KY,114,Q3,115/09/08,-593798.0,-593798.0,-593798.0,2045528.0,300704.0,-3.04
5907,大洋-KY,114,Q4,115/09/08,-890325.0,-890325.0,-890325.0,2751254.0,404429.0,-4.55
6005,群益證,114,Q3,115/09/08,4478927.0,4478927.0,4053876.0,,,1.87
6005,群益證,114,Q4,115/09/08,6326123.0,6326123.0,5735934.0,,,2.64
6015,宏遠證,114,Q1,115/09/08,-93696.0,-93696.0,-93696.0,,,-0.24
6015,宏遠證,114,Q4,115/09/08,299008.0,299008.0,299008.0,,,0.76
6016,康和證,114,Q4,115/09/08,1367550.0,1367550.0,1362688.0,,,1.98
6016,康和證,114,Q1,115/09/08,-404274.0,-404274.0,-405468.0,,,-0.65
6020,大展證,114,Q1,115/09/08,-41686.0,-41686.0,-41686.0,,,-0.17
6020,大展證,114,Q4,115/09/08,98878.0,98878.0,98881.0,,,0.39
6021,美好證,114,Q4,115/09/08,1158257.0,1158257.0,1158257.0,,,3.76
6021,美好證,114,Q1,115/09/08,-374044.0,-374044.0,-374044.0,,,-1.22
6023,元大期貨,114,Q1,115/09/08,617462.0,617462.0,617462.0,,,2.08
6023,元大期貨,114,Q4,115/09/08,2655445.0,2655445.0,2655445.0,,,8.45
6024,群益期,114,Q4,115/09/08,1330521.0,1330521.0,1330911.0,,,5.48
6024,群益期,114,Q3,115/09/08,961290.0,961290.0,962910.0,,,4.0
6026,福邦證,114,Q1,115/09/08,36552.0,36552.0,36552.0,,,0.09
6026,福邦證,114,Q4,115/09/08,682970.0,682970.0,682970.0,,,1.72
6028,公勝保經,114,Q4,115/09/08,172842.0,172842.0,172842.0,4715010.0,4034146.0,7.86
6101,寬魚國際,114,Q4,115/09/08,-21410.0,-21410.0,-21410.0,999771.0,942408.0,-0.19
6101,寬魚國際,114,Q1,115/09/08,3827.0,3827.0,3827.0,93154.0,74334.0,0.03
6103,合邦,114,Q1,115/09/08,-81.0,-81.0,-81.0,26555.0,25600.0,-0.01
6103,合邦,114,Q4,115/09/08,-7584.0,-7584.0,-7584.0,91554.0,78739.0,-0.56
6104,創惟,114,Q4,115/09/08,509807.0,509807.0,509807.0,4056160.0,2138145.0,5.62
6104,創惟,114,Q1,115/09/08,214186.0,214186.0,214186.0,1032245.0,449246.0,2.37
6108,競國,114,Q4,115/09/08,-138760.0,-138760.0,-138760.0,4176321.0,3995170.0,-0.88
6108,競國,114,Q3,115/09/08,-143318.0,-143318.0,-143318.0,3153160.0,2937949.0,-0.91
6109,亞元,114,Q4,115/09/08,-63293.0,-63293.0,-63566.0,778211.0,608718.0,-0.94
6109,亞元,114,Q1,115/09/08,-27020.0,-27020.0,-26746.0,158133.0,133047.0,-0.39
6111,光聚晶電,114,Q4,115/09/08,-1387446.0,-1387446.0,-469940.0,7457388.0,5669875.0,-4.63
6111,光聚晶電,114,Q1,115/09/08,-49573.0,-49573.0,-57786.0,1292702.0,836929.0,-0.56
6112,邁達特,114,Q4,115/09/08,387982.0,387982.0,342682.0,21838980.0,18690020.0,1.82
6112,邁達特,114,Q3,115/09/08,243036.0,243036.0,226916.0,16234438.0,13967580.0,1.2
6113,亞矽,114,Q4,115/09/08,-13244.0,-13244.0,-13244.0,641372.0,525337.0,-0.25
6113,亞矽,114,Q1,115/09/08,6451.0,6451.0,6451.0,163164.0,129801.0,0.12
6114,久威,114,Q1,115/09/08,141151.0,141151.0,141151.0,254273.0,224445.0,3.21
6114,久威,114,Q4,115/09/08,116987.0,116987.0,116987.0,874437.0,747146.0,2.66
6115,鎰勝,114,Q3,115/09/08,377063.0,377063.0,381070.0,5613811.0,4695611.0,2.03
6115,鎰勝,114,Q4,115/09/08,528679.0,528679.0,535281.0,7550216.0,6320074.0,2.85
6116,彩晶,114,Q4,115/09/08,-2140130.0,-2140130.0,-2140130.0,11436992.0,13201816.0,-0.75
6116,彩晶,114,Q3,115/09/08,-1306686.0,-1306686.0,-1306686.0,8664431.0,9890129.0,-0.46
6117,迎廣,114,Q3,115/09/08,202485.0,202485.0,202559.0,2390901.0,1666402.0,2.21
6117,迎廣,114,Q4,115/09/08,345934.0,345934.0,346034.0,3222227.0,2221098.0,3.77
6118,建達,114,Q4,115/09/08,35977.0,35977.0,35977.0,10026715.0,9523055.0,0.4
6118,建達,114,Q1,115/09/08,3129.0,3129.0,3129.0,2247814.0,2137960.0,0.03
6120,達運,114,Q4,115/09/08,-120689.0,-120689.0,-120689.0,17105516.0,16244639.0,-0.19
6120,達運,114,Q3,115/09/08,-113243.0,-113243.0,-113243.0,13051880.0,12419337.0,-0.17
6121,新普,114,Q1,115/09/08,1807123.0,1807123.0,1432298.0,18376744.0,15466261.0,7.74
6121,新普,114,Q4,115/09/08,7136681.0,7136681.0,5661668.0,82149633.0,69461448.0,30.6
6122,擎邦,114,Q1,115/09/08,88403.0,88403.0,88403.0,917134.0,778703.0,1.13
6122,擎邦,114,Q4,115/09/08,368945.0,368945.0,368945.0,4187688.0,3573899.0,4.78
6123,上奇,114,Q1,115/09/08,56959.0,56959.0,36709.0,1274127.0,1098586.0,0.59
6123,上奇,114,Q4,115/09/08,256126.0,256126.0,168269.0,5058340.0,4354653.0,2.73
6124,業強,114,Q4,115/09/08,-176293.0,-176293.0,-180178.0,1815340.0,1688864.0,-0.99
6124,業強,114,Q1,115/09/08,-50940.0,-50940.0,-51393.0,373139.0,396697.0,-0.28
6125,廣運,114,Q1,115/09/08,-51033.0,-51033.0,30010.0,613606.0,495311.0,0.12
6125,廣運,114,Q4,115/09/08,-304712.0,-304712.0,26180.0,3335829.0,2740823.0,0.1
6126,信音,114,Q4,115/09/08,201006.0,201006.0,90114.0,3899697.0,2975539.0,0.71
6126,信音,114,Q1,115/09/08,63212.0,63212.0,30406.0,886531.0,685743.0,0.24
6127,九豪,114,Q4,115/09/08,51002.0,51002.0,51002.0,992141.0,866293.0,0.47
6127,九豪,114,Q1,115/09/08,45915.0,45915.0,45915.0,251751.0,203224.0,0.42
6128,上福,114,Q3,115/09/08,-1212032.0,-1212032.0,-1212032.0,3954298.0,2405555.0,-9.5
6128,上福,114,Q4,115/09/08,-1220049.0,-1220049.0,-1220049.0,5250714.0,3218652.0,-9.56
6129,普誠,114,Q1,115/09/08,-82993.0,-82993.0,-84881.0,206263.0,140995.0,-0.47
6129,普誠,114,Q4,115/09/08,-190290.0,-190290.0,-197749.0,1123060.0,758650.0,-1.09
6130,上亞科技,114,Q4,115/09/08,-92498.0,-92498.0,-76310.0,154736.0,108282.0,-1.72
6130,上亞科技,114,Q1,115/09/08,-18657.0,-18657.0,-16697.0,39691.0,26795.0,-0.38
6133,金橋,114,Q3,115/09/08,41286.0,41286.0,41286.0,1007172.0,774972.0,0.35
6133,金橋,114,Q4,115/09/08,84577.0,84577.0,84577.0,1414272.0,1074192.0,0.72
6134,萬旭,114,Q4,115/09/08,3919.0,3919.0,9472.0,1909665.0,1459902.0,0.12
6134,萬旭,114,Q1,115/09/08,-12175.0,-12175.0,-8479.0,375908.0,279272.0,-0.1
6136,富爾特,114,Q3,115/09/08,104724.0,104724.0,109322.0,458472.0,328640.0,0.95
6136,富爾特,114,Q4,115/09/08,84303.0,84303.0,103363.0,639460.0,475277.0,0.89
6138,茂達,114,Q4,115/09/08,1148531.0,1148531.0,951236.0,7483689.0,4788666.0,13.04
6138,茂達,114,Q1,115/09/08,240580.0,240580.0,190003.0,1775798.0,1170576.0,2.6
6139,亞翔,114,Q4,115/09/08,9215837.0,9215837.0,7144970.0,77484652.0,65110788.0,30.51
6139,亞翔,114,Q3,115/09/08,5049448.0,5049448.0,4052681.0,51623496.0,44319690.0,17.33
6140,訊達電腦,114,Q4,115/09/08,-106174.0,-106174.0,-106174.0,2353731.0,2166824.0,-1.93
6140,訊達電腦,114,Q1,115/09/08,17279.0,17279.0,17279.0,495068.0,452163.0,0.35
6141,柏承,114,Q3,115/09/08,-289297.0,-289297.0,-225500.0,1376632.0,1235279.0,-1.99
6141,柏承,114,Q4,115/09/08,-659569.0,-659569.0,-527167.0,1794200.0,1639042.0,-4.65
6142,友勁,114,Q4,115/09/08,-84457.0,-84457.0,-84457.0,1803869.0,1634926.0,-0.26
6142,友勁,114,Q3,115/09/08,-55229.0,-55229.0,-55229.0,1426955.0,1264872.0,-0.17
6143,振曜,114,Q4,115/09/08,781969.0,781969.0,555943.0,8523490.0,6627397.0,6.46
6143,振曜,114,Q1,115/09/08,155154.0,155154.0,100421.0,1598291.0,1239739.0,1.17
6144,得利影,114,Q4,115/09/08,-13866.0,-13866.0,,172722.0,103119.0,-0.36
6144,得利影,114,Q1,115/09/08,-4654.0,-4654.0,,44440.0,27239.0,-0.12
6146,耕興,114,Q1,115/09/08,303612.0,303612.0,290011.0,1120390.0,609232.0,2.85
6146,耕興,114,Q4,115/09/08,1155554.0,1155554.0,1096676.0,4494537.0,2422527.0,10.77
6147,頎邦,114,Q1,115/09/08,668409.0,668409.0,668409.0,5142537.0,3961669.0,0.9
6147,頎邦,114,Q4,115/09/08,2775350.0,2775350.0,2775350.0,21454104.0,16862652.0,3.74
6148,驊宏資,114,Q4,115/09/08,63474.0,63474.0,63474.0,903905.0,700922.0,1.36
6148,驊宏資,114,Q1,115/09/08,7984.0,7984.0,7984.0,170704.0,133976.0,0.17
6150,撼訊,114,Q1,115/09/08,6309.0,6309.0,6523.0,1675703.0,1552585.0,0.13
6150,撼訊,114,Q4,115/09/08,126597.0,126597.0,127373.0,7570329.0,6942179.0,2.63
6151,晉倫,114,Q4,115/09/08,64093.0,64093.0,64093.0,1721036.0,1350193.0,1.16
6151,晉倫,114,Q1,115/09/08,17905.0,17905.0,17905.0,415870.0,326705.0,0.32
6152,百一,114,Q4,115/09/08,-246907.0,-246907.0,-246485.0,1571397.0,1363981.0,-1.47
6152,百一,114,Q3,115/09/08,-204822.0,-204822.0,-204038.0,1113629.0,955863.0,-1.22
6153,嘉聯益,114,Q3,115/09/08,-1801706.0,-1801706.0,-1801706.0,4204161.0,5134469.0,-2.86
6153,嘉聯益,114,Q4,115/09/08,-2765197.0,-2765197.0,-2765197.0,5411320.0,6585297.0,-4.38
6154,順發,114,Q4,115/09/08,41120.0,41120.0,41120.0,3926643.0,3278347.0,0.51
6154,順發,114,Q1,115/09/08,13115.0,13115.0,13115.0,990569.0,829052.0,0.16
6155,鈞寶,114,Q4,115/09/08,64763.0,64763.0,64763.0,631749.0,477365.0,0.74
6155,鈞寶,114,Q3,115/09/08,36107.0,36107.0,36107.0,475617.0,358010.0,0.41
6156,松上,114,Q1,115/09/08,101705.0,101705.0,59712.0,1376830.0,1099210.0,0.55
6156,松上,114,Q4,115/09/08,116790.0,116790.0,48240.0,4899378.0,4127914.0,0.45
6158,禾昌,114,Q1,115/09/08,488.0,488.0,488.0,433398.0,323284.0,0.01
6158,禾昌,114,Q4,115/09/08,5918.0,5918.0,5918.0,1802695.0,1362442.0,0.11
6160,欣技,114,Q1,115/09/08,-9021.0,-9021.0,-9586.0,270649.0,156351.0,-0.14
6160,欣技,114,Q4,115/09/08,-80454.0,-80454.0,-81673.0,1191580.0,725618.0,-1.19
6161,捷波,114,Q4,115/09/08,152747.0,152747.0,152747.0,1406500.0,939669.0,2.72
6161,捷波,114,Q1,115/09/08,32119.0,32119.0,32119.0,300127.0,184005.0,0.57
6163,華電網,114,Q4,115/09/08,104653.0,104653.0,105354.0,6105816.0,4879526.0,0.75
6163,華電網,114,Q1,115/09/08,23907.0,23907.0,23907.0,1247004.0,946890.0,0.17
6164,華興,114,Q4,115/09/08,5290.0,5290.0,5664.0,732167.0,482738.0,0.07
6164,華興,114,Q3,115/09/08,1449.0,1449.0,1814.0,575641.0,375855.0,0.02
6165,浪凡,114,Q3,115/09/08,236304.0,236304.0,230055.0,2406888.0,1707963.0,3.02
6165,浪凡,114,Q4,115/09/08,316384.0,316384.0,308271.0,3217574.0,2269386.0,4.02
6166,凌華,114,Q3,115/09/08,321069.0,321069.0,331290.0,8684837.0,5609688.0,1.52
6166,凌華,114,Q4,115/09/08,499431.0,499431.0,511507.0,11801217.0,7583037.0,2.35
6167,久正,114,Q1,115/09/08,-4374.0,-4374.0,-4374.0,252550.0,234913.0,-0.03
6167,久正,114,Q4,115/09/08,-5021.0,-5021.0,-5021.0,1211762.0,1118632.0,-0.03
6168,宏齊,114,Q4,115/09/08,-1874.0,-1874.0,11289.0,2070429.0,1548194.0,0.05
6168,宏齊,114,Q3,115/09/08,1271.0,1271.0,8985.0,1573074.0,1151704.0,0.04
6169,昱泉,114,Q4,115/09/08,-56861.0,-56861.0,-56861.0,28475.0,14404.0,-2.43
6169,昱泉,114,Q1,115/09/08,-12746.0,-12746.0,-12746.0,11340.0,4654.0,-0.54
6170,統振,114,Q1,115/09/08,96730.0,96730.0,96040.0,817850.0,560312.0,0.99
6170,統振,114,Q4,115/09/08,437760.0,437760.0,437168.0,3186452.0,2188905.0,4.49
6171,大城地產,114,Q4,115/09/08,381982.0,381982.0,,1175835.0,626712.0,3.82
6171,大城地產,114,Q1,115/09/08,2732.0,2732.0,,15824.0,6975.0,0.03
6173,信昌電,114,Q4,115/09/08,557604.0,557604.0,557604.0,4055349.0,3071001.0,3.26
6173,信昌電,114,Q1,115/09/08,120480.0,120480.0,120480.0,944168.0,733231.0,0.7
6174,安��,114,Q1,115/09/08,13555.0,13555.0,13555.0,143874.0,95302.0,0.27
6174,安��,114,Q4,115/09/08,33081.0,33081.0,33081.0,611012.0,398312.0,0.66
6175,立敦,114,Q4,115/09/08,536397.0,536397.0,400535.0,4167201.0,3190682.0,2.68
6175,立敦,114,Q1,115/09/08,143129.0,143129.0,109433.0,1072282.0,820109.0,0.73
6176,瑞儀,114,Q3,115/09/08,3428688.0,3428688.0,3428688.0,37153779.0,29169767.0,7.41
6176,瑞儀,114,Q4,115/09/08,4343421.0,4343421.0,4343421.0,48783247.0,38341626.0,9.4
6177,達麗,114,Q4,115/09/08,1809272.0,1809272.0,1797913.0,9531068.0,6685122.0,3.84
6177,達麗,114,Q3,115/09/08,-93767.0,-93767.0,-101724.0,2747809.0,2330095.0,-0.22
6179,亞通,114,Q1,115/09/08,3295.0,3295.0,9454.0,964799.0,859316.0,0.08
6179,亞通,114,Q4,115/09/08,-13868.0,-13868.0,6182.0,4146648.0,3750676.0,0.05
6180,橘子,114,Q4,115/09/08,-275322.0,-275322.0,-269341.0,8866859.0,6400211.0,-1.53
6180,橘子,114,Q1,115/09/08,192060.0,192060.0,188296.0,2883042.0,1945157.0,1.07
6182,合晶,114,Q1,115/09/08,81432.0,81432.0,29572.0,2303920.0,1825828.0,0.05
6182,合晶,114,Q4,115/09/08,465198.0,465198.0,51897.0,9817242.0,7430882.0,0.09
6183,關貿,114,Q4,115/09/08,585559.0,585559.0,585559.0,2753275.0,1558477.0,3.9
6183,關貿,114,Q3,115/09/08,453047.0,453047.0,453047.0,1956978.0,1091466.0,3.02
6184,大豐電,114,Q3,115/09/08,389434.0,389434.0,382899.0,1617945.0,763555.0,2.57
6184,大豐電,114,Q4,115/09/08,411634.0,411634.0,385540.0,2157938.0,1021877.0,2.57
6185,幃翔,114,Q4,115/09/08,33367.0,33367.0,33367.0,527450.0,401143.0,0.22
6185,幃翔,114,Q1,115/09/08,2673.0,2673.0,2673.0,125764.0,92198.0,0.02
6186,新潤,114,Q1,115/09/08,360342.0,360342.0,,2249000.0,1628171.0,2.09
6186,新潤,114,Q4,115/09/08,1522387.0,1522387.0,,9454667.0,6767214.0,7.81
6187,萬潤,114,Q4,115/09/08,1496347.0,1496347.0,1485175.0,5366210.0,2452891.0,15.46
6187,萬潤,114,Q1,115/09/08,342811.0,342811.0,342811.0,1246922.0,493277.0,3.57
6188,廣明,114,Q1,115/09/08,282519.0,282519.0,267675.0,2441479.0,1731589.0,0.96
6188,廣明,114,Q4,115/09/08,1034897.0,1034897.0,1004416.0,9591734.0,6837314.0,3.61
6189,豐藝,114,Q3,115/09/08,550829.0,550829.0,478552.0,22594924.0,20597810.0,1.82
6189,豐藝,114,Q4,115/09/08,833147.0,833147.0,719230.0,29694781.0,27079675.0,2.73
6190,萬泰科,114,Q4,115/09/08,422828.0,422828.0,375279.0,8633623.0,7151339.0,2.19
6190,萬泰科,114,Q1,115/09/08,128041.0,128041.0,116100.0,2262346.0,1890324.0,0.72
6191,精成科,114,Q3,115/09/08,2375600.0,2375600.0,2382414.0,24393164.0,19514664.0,5.02
6191,精成科,114,Q4,115/09/08,3152789.0,3152789.0,3150503.0,33712142.0,27218713.0,6.55
6192,巨路,114,Q4,115/09/08,967800.0,967800.0,966977.0,7357266.0,4943828.0,10.06
6192,巨路,114,Q3,115/09/08,737928.0,737928.0,736894.0,5341299.0,3545895.0,7.66
6194,育富,114,Q1,115/09/08,47038.0,47038.0,47038.0,357233.0,292140.0,0.98
6194,育富,114,Q4,115/09/08,105008.0,105008.0,105008.0,1378256.0,1177165.0,2.19
6195,詩肯,114,Q4,115/09/08,49440.0,49440.0,49451.0,2206936.0,966967.0,0.99
6195,詩肯,114,Q1,115/09/08,35046.0,35046.0,35054.0,591039.0,254435.0,0.7
6196,帆宣,114,Q3,115/09/08,2412423.0,2412423.0,2467816.0,36923976.0,32816860.0,12.0
6196,帆宣,114,Q4,115/09/08,3166189.0,3166189.0,3235818.0,51567474.0,45915695.0,15.5
6197,佳必琪,114,Q4,115/09/08,1128917.0,1128917.0,1058718.0,7579041.0,4976605.0,8.67
6197,佳必琪,114,Q3,115/09/08,794922.0,794922.0,744641.0,5729212.0,3809927.0,6.1
6198,瑞築,114,Q4,115/09/08,-40212.0,-40212.0,-40212.0,234.0,69.0,-0.23
6198,瑞築,114,Q1,115/09/08,-11692.0,-11692.0,-11692.0,37.0,17.0,-0.07
6199,天品,114,Q4,115/09/08,20706.0,20706.0,18869.0,263884.0,143455.0,0.31
6199,天品,114,Q1,115/09/08,-12180.0,-12180.0,-11265.0,21736.0,3953.0,-0.18
6201,亞弘電,114,Q3,115/09/08,273192.0,273192.0,273192.0,2587284.0,1967390.0,3.06
6201,亞弘電,114,Q4,115/09/08,331164.0,331164.0,331164.0,3327002.0,2541888.0,3.71
6202,盛群,114,Q3,115/09/08,149124.0,149124.0,139897.0,2375121.0,1474815.0,0.62
6202,盛群,114,Q4,115/09/08,185886.0,185886.0,173324.0,3057722.0,1879931.0,0.76
6203,海韻電,114,Q1,115/09/08,150514.0,150514.0,150514.0,687397.0,458300.0,1.83
6203,海韻電,114,Q4,115/09/08,453985.0,453985.0,453985.0,2772411.0,1809066.0,5.51
6204,艾華,114,Q4,115/09/08,27291.0,27291.0,27291.0,387409.0,253958.0,1.18
6204,艾華,114,Q1,115/09/08,6891.0,6891.0,6891.0,92526.0,62901.0,0.3
6205,詮欣,114,Q4,115/09/08,162529.0,162529.0,162361.0,1364041.0,819578.0,2.0
6205,詮欣,114,Q3,115/09/08,123259.0,123259.0,122929.0,1076228.0,645368.0,1.51
6206,飛捷,114,Q3,115/09/08,744215.0,744215.0,762636.0,3948535.0,2218266.0,5.33
6206,飛捷,114,Q4,115/09/08,964106.0,964106.0,986485.0,5032627.0,2811886.0,6.9
6207,雷科,114,Q1,115/09/08,26270.0,26270.0,26599.0,278929.0,182764.0,0.33
6207,雷科,114,Q4,115/09/08,70624.0,70624.0,71804.0,1114016.0,770411.0,0.9
6208,日揚,114,Q4,115/09/08,296160.0,296160.0,238237.0,3753653.0,2502411.0,2.52
6208,日揚,114,Q1,115/09/08,71498.0,71498.0,58806.0,842956.0,541863.0,0.62
6209,今國光,114,Q4,115/09/08,160831.0,160831.0,160831.0,3652369.0,2945516.0,0.92
6209,今國光,114,Q3,115/09/08,85224.0,85224.0,85224.0,2429297.0,1978381.0,0.49
6210,慶生,114,Q1,115/09/08,-27566.0,-27566.0,,69467.0,86053.0,-0.79
6210,慶生,114,Q4,115/09/08,-108671.0,-108671.0,,326362.0,393415.0,-3.1
6212,理銘,114,Q4,115/09/08,403700.0,403700.0,,1694629.0,1025399.0,3.96
6212,理銘,114,Q1,115/09/08,231553.0,231553.0,,855398.0,507981.0,2.27
6213,聯茂,114,Q3,115/09/08,1081944.0,1081944.0,1081944.0,24181597.0,20657794.0,2.98
6213,聯茂,114,Q4,115/09/08,1510219.0,1510219.0,1510219.0,33098283.0,28313757.0,4.16
6214,精誠,114,Q3,115/09/08,1597668.0,1597668.0,1469720.0,32597234.0,25771143.0,5.42
6214,精誠,114,Q4,115/09/08,2327570.0,2327570.0,2149197.0,43969455.0,34332281.0,7.91
6215,和椿,114,Q4,115/09/08,172069.0,172069.0,172069.0,2496408.0,1875140.0,2.08
6215,和椿,114,Q3,115/09/08,105323.0,105323.0,105323.0,1794488.0,1356870.0,1.27
6216,居易,114,Q3,115/09/08,38902.0,38902.0,,606331.0,328023.0,0.4
6216,居易,114,Q4,115/09/08,57612.0,57612.0,,757198.0,416404.0,0.6
6217,中探針,114,Q4,115/09/08,-206605.0,-206605.0,-184797.0,3698947.0,2970597.0,-1.65
6217,中探針,114,Q1,115/09/08,-87702.0,-87702.0,-82254.0,790291.0,644129.0,-0.79
6218,豪勉,114,Q1,115/09/08,-16095.0,-16095.0,-16095.0,363799.0,310588.0,-0.25
6218,豪勉,114,Q4,115/09/08,-73967.0,-73967.0,-73967.0,1319467.0,1151660.0,-1.15
6219,富旺,114,Q4,115/09/08,-95195.0,-95195.0,-95195.0,2769531.0,2355551.0,-0.76
6219,富旺,114,Q1,115/09/08,-101721.0,-101721.0,-101721.0,6065.0,2742.0,-0.85
6220,岳豐,114,Q1,115/09/08,-43355.0,-43355.0,-43355.0,2285261.0,1693130.0,-0.3
6220,岳豐,114,Q4,115/09/08,118527.0,118527.0,118527.0,8362383.0,5975160.0,0.81
6221,晉泰,114,Q4,115/09/08,395368.0,395368.0,395368.0,5343163.0,4256185.0,2.35
6221,晉泰,114,Q1,115/09/08,97853.0,97853.0,97853.0,1511155.0,1223435.0,0.78
6222,立軒,114,Q1,115/09/08,-6518.0,-6518.0,-6518.0,1060.0,952.0,-0.13
6222,立軒,114,Q4,115/09/08,-24644.0,-24644.0,-24614.0,2767.0,2313.0,-0.4
6223,旺矽,114,Q4,115/09/08,3175392.0,3175392.0,3176648.0,13371181.0,5943372.0,33.49
6223,旺矽,114,Q1,115/09/08,723042.0,723042.0,723732.0,2828698.0,1205368.0,7.68
6224,聚鼎,114,Q3,115/09/08,36437.0,36437.0,83153.0,2170777.0,1521759.0,0.98
6224,聚鼎,114,Q4,115/09/08,-6163.0,-6163.0,57020.0,2852424.0,2048039.0,0.67
6225,天瀚,114,Q4,115/09/08,-1778.0,-1778.0,-1778.0,54490.0,32276.0,-0.06
6225,天瀚,114,Q3,115/09/08,-5282.0,-5282.0,-5282.0,32158.0,19699.0,-0.19
6226,光鼎,114,Q4,115/09/08,-32157.0,-32157.0,-31701.0,609170.0,435302.0,-0.28
6226,光鼎,114,Q3,115/09/08,-20613.0,-20613.0,-20157.0,464557.0,332187.0,-0.17
6227,茂綸,114,Q1,115/09/08,141539.0,141539.0,138207.0,3440905.0,3065378.0,1.82
6227,茂綸,114,Q4,115/09/08,595455.0,595455.0,573708.0,17489452.0,15996705.0,7.54
6228,全譜,114,Q1,115/09/08,-788.0,-788.0,-788.0,17970.0,10165.0,-0.03
6228,全譜,114,Q4,115/09/08,-12129.0,-12129.0,-12129.0,51271.0,22368.0,-0.47
6229,研通,114,Q4,115/09/08,1978.0,1978.0,1978.0,2152231.0,1922899.0,0.05
6229,研通,114,Q1,115/09/08,3872.0,3872.0,3872.0,449129.0,398818.0,0.1
6230,尼得科超眾,114,Q3,115/09/08,-111986.0,-111986.0,-111986.0,6608204.0,5645437.0,-1.3
6230,尼得科超眾,114,Q4,115/09/08,-210560.0,-210560.0,-210560.0,9093728.0,7708369.0,-2.44
6231,系微,114,Q4,115/09/08,303849.0,303849.0,303849.0,1689513.0,440703.0,6.66
6231,系微,114,Q1,115/09/08,77655.0,77655.0,77655.0,406978.0,108851.0,1.7
6233,旺玖,114,Q4,115/09/08,-12421.0,-12421.0,-12421.0,387503.0,239402.0,-0.16
6233,旺玖,114,Q1,115/09/08,-5182.0,-5182.0,-5182.0,93621.0,56435.0,-0.06
6234,高僑,114,Q1,115/09/08,19373.0,19373.0,19373.0,91942.0,83554.0,0.19
6234,高僑,114,Q4,115/09/08,4956.0,4956.0,4956.0,478260.0,453356.0,0.05
6235,華孚,114,Q4,115/09/08,579836.0,579836.0,579836.0,6629947.0,4895731.0,2.9
6235,華孚,114,Q3,115/09/08,469155.0,469155.0,469155.0,4854404.0,3588435.0,2.35
6236,中湛,114,Q1,115/09/08,2782.0,2782.0,2782.0,12111.0,1956.0,0.07
6236,中湛,114,Q4,115/09/08,3158.0,3158.0,3158.0,36145.0,5982.0,0.08
6237,驊訊,114,Q1,115/09/08,-45029.0,-45029.0,-40347.0,92626.0,54342.0,-0.51
6237,驊訊,114,Q4,115/09/08,-126082.0,-126082.0,-121400.0,501191.0,281196.0,-1.52
6239,力成,114,Q4,115/09/08,7220542.0,7220542.0,5535968.0,74929320.0,62200129.0,7.48
6239,力成,114,Q3,115/09/08,4888716.0,4888716.0,3672454.0,53522285.0,44784405.0,4.96
6240,松崗,114,Q4,115/09/08,-26193.0,-26193.0,-26193.0,49738.0,26455.0,-1.15
6240,松崗,114,Q1,115/09/08,-8091.0,-8091.0,-8091.0,9772.0,6393.0,-0.35
6241,鑫永洋,114,Q4,115/09/08,-7745.0,-7745.0,,679417.0,570518.0,-0.16
6241,鑫永洋,114,Q1,115/09/08,2522.0,2522.0,,195079.0,156740.0,0.05
6242,立康,114,Q4,115/09/08,83824.0,83824.0,83824.0,589209.0,190955.0,2.64
6242,立康,114,Q1,115/09/08,16876.0,16876.0,16876.0,134793.0,43247.0,0.53
6243,迅杰,114,Q3,115/09/08,-14234.0,-14234.0,,506947.0,288104.0,-0.32
6243,迅杰,114,Q4,115/09/08,-23457.0,-23457.0,,627985.0,358193.0,-0.52
6244,茂迪,114,Q4,115/09/08,58921.0,58921.0,55137.0,3062555.0,2570446.0,0.14
6244,茂迪,114,Q1,115/09/08,66747.0,66747.0,66034.0,793433.0,640837.0,0.17
6245,立端,114,Q1,115/09/08,156386.0,156386.0,156386.0,1704410.0,1131186.0,1.07
6245,立端,114,Q4,115/09/08,642147.0,642147.0,642147.0,7187810.0,4912128.0,4.38
6246,臺龍,114,Q4,115/09/08,43277.0,43277.0,43277.0,1600441.0,1407221.0,1.14
6246,臺龍,114,Q1,115/09/08,-14573.0,-14573.0,-14573.0,358931.0,319846.0,-0.39
6248,沛波,114,Q4,115/09/08,152458.0,152458.0,152458.0,7678408.0,7242252.0,1.53
6248,沛波,114,Q1,115/09/08,46603.0,46603.0,46603.0,1939895.0,1836947.0,0.47
6257,矽格,114,Q4,115/09/08,3330373.0,3330373.0,2954578.0,19587196.0,13863903.0,6.14
6257,矽格,114,Q3,115/09/08,2156091.0,2156091.0,1896632.0,14317535.0,10159813.0,3.94
6259,百徽,114,Q1,115/09/08,7514.0,7514.0,7512.0,113038.0,86709.0,0.3
6259,百徽,114,Q4,115/09/08,18633.0,18633.0,18430.0,456532.0,350240.0,0.7
6261,久元,114,Q4,115/09/08,503695.0,503695.0,544089.0,4190701.0,2936638.0,4.23
6261,久元,114,Q1,115/09/08,106562.0,106562.0,119202.0,994046.0,742862.0,0.93
6263,普萊德,114,Q1,115/09/08,131523.0,131523.0,131523.0,458399.0,238926.0,2.1
6263,普萊德,114,Q4,115/09/08,519831.0,519831.0,519831.0,1884286.0,1005182.0,8.32
6264,富裔,114,Q4,115/09/08,-81348.0,-81348.0,-66335.0,112217.0,93557.0,-0.5
6264,富裔,114,Q1,115/09/08,-30827.0,-30827.0,-27911.0,15582.0,13246.0,-0.22
6265,方土昶,114,Q1,115/09/08,-12017.0,-12017.0,-12017.0,145771.0,148489.0,-0.1
6265,方土昶,114,Q4,115/09/08,80185.0,80185.0,80185.0,909917.0,719908.0,0.68
6266,泰詠,114,Q4,115/09/08,307491.0,307491.0,307491.0,3400533.0,2825103.0,2.0
6266,泰詠,114,Q1,115/09/08,88283.0,88283.0,88283.0,778116.0,621843.0,0.61
6269,台郡,114,Q3,115/09/08,-1632227.0,-1632227.0,-1633696.0,16763695.0,16525108.0,-5.09
6269,台郡,114,Q4,115/09/08,-2209112.0,-2209112.0,-2228838.0,22349854.0,22054491.0,-6.95
6270,倍微,114,Q1,115/09/08,14507.0,14507.0,14507.0,746966.0,686348.0,0.2
6270,倍微,114,Q4,115/09/08,77640.0,77640.0,77640.0,2769838.0,2534064.0,1.08
6271,同欣電,114,Q4,115/09/08,1601398.0,1601398.0,1597296.0,11543456.0,8357052.0,7.64
6271,同欣電,114,Q3,115/09/08,1133619.0,1133619.0,1130280.0,8725492.0,6353101.0,5.41
6272,驊陞,114,Q4,115/09/08,269900.0,269900.0,250246.0,4035592.0,2970088.0,3.43
6272,驊陞,114,Q3,115/09/08,227753.0,227753.0,213355.0,3061912.0,2231853.0,2.94
6274,台燿,114,Q1,115/09/08,671947.0,671947.0,671947.0,6372144.0,4839122.0,2.43
6274,台燿,114,Q4,115/09/08,3409149.0,3409149.0,3409149.0,30340235.0,23442442.0,12.13
6275,元山,114,Q4,115/09/08,219895.0,219895.0,221507.0,4279058.0,3492028.0,2.81
6275,元山,114,Q1,115/09/08,38728.0,38728.0,39161.0,986778.0,807629.0,0.5
6276,安鈦克,114,Q1,115/09/08,20184.0,20184.0,20184.0,403355.0,309957.0,0.92
6276,安鈦克,114,Q4,115/09/08,20180.0,20180.0,20180.0,1439011.0,1105498.0,0.92
6277,宏正,114,Q3,115/09/08,280905.0,280905.0,273895.0,3538707.0,1452145.0,2.29
6277,宏正,114,Q4,115/09/08,376077.0,376077.0,367568.0,4918944.0,2037449.0,3.08
6278,台表科,114,Q3,115/09/08,2018855.0,2018855.0,2017735.0,37790010.0,32982904.0,6.9
6278,台表科,114,Q4,115/09/08,2748488.0,2748488.0,2746078.0,49877415.0,43491424.0,9.39
6279,胡連,114,Q4,115/09/08,1265950.0,1265950.0,1258417.0,9823300.0,6734047.0,10.74
6279,胡連,114,Q1,115/09/08,337538.0,337538.0,335077.0,2327508.0,1589787.0,3.15
6281,全國電,114,Q3,115/09/08,302190.0,302190.0,,14679560.0,11824664.0,3.05
6281,全國電,114,Q4,115/09/08,366627.0,366627.0,,18829095.0,15071656.0,3.7
6282,康舒,114,Q3,115/09/08,-330699.0,-330699.0,-328572.0,22529129.0,16805565.0,-0.38
6282,康舒,114,Q4,115/09/08,147620.0,147620.0,152803.0,31726761.0,23558374.0,0.18
6283,淳安,114,Q4,115/09/08,-31135.0,-31135.0,-32029.0,1853104.0,1559285.0,-0.22
6283,淳安,114,Q3,115/09/08,-36233.0,-36233.0,-29571.0,1419510.0,1216728.0,-0.2
6284,佳邦,114,Q1,115/09/08,257137.0,257137.0,257621.0,1863285.0,1347281.0,1.74
6284,佳邦,114,Q4,115/09/08,636042.0,636042.0,641685.0,7619503.0,5735663.0,4.36
6285,啟��,114,Q3,115/09/08,2075584.0,2075584.0,2075584.0,83235287.0,73278928.0,4.35
6285,啟��,114,Q4,115/09/08,3062696.0,3062696.0,3062696.0,110250764.0,96489177.0,6.41
6290,良維,114,Q4,115/09/08,1418302.0,1418302.0,1406175.0,10158601.0,6967115.0,8.73
6290,良維,114,Q1,115/09/08,412911.0,412911.0,407569.0,2341020.0,1651529.0,2.56
6291,沛亨,114,Q1,115/09/08,39974.0,39974.0,43977.0,441584.0,308307.0,1.05
6291,沛亨,114,Q4,115/09/08,272967.0,272967.0,277171.0,2128865.0,1384779.0,6.6
6292,迅德,114,Q4,115/09/08,93205.0,93205.0,93205.0,1001648.0,643145.0,2.0
6292,迅德,114,Q1,115/09/08,16723.0,16723.0,16723.0,230955.0,147747.0,0.36
6294,智基,114,Q1,115/09/08,2062.0,2062.0,2062.0,247327.0,178557.0,0.08
6294,智基,114,Q4,115/09/08,72310.0,72310.0,72310.0,972649.0,637235.0,2.78
6405,悅城,114,Q4,115/09/08,-82710.0,-82710.0,,795.0,29059.0,-1.26
6405,悅城,114,Q3,115/09/08,-68036.0,-68036.0,,697.0,23519.0,-1.03
6409,旭隼,114,Q4,115/09/08,3520875.0,3520875.0,3520875.0,20521345.0,14560923.0,40.23
6409,旭隼,114,Q3,115/09/08,2987390.0,2987390.0,2987390.0,15883447.0,11269533.0,34.16
6411,晶焱,114,Q1,115/09/08,53803.0,53803.0,59584.0,582157.0,359846.0,0.61
6411,晶焱,114,Q4,115/09/08,263309.0,263309.0,310306.0,2456181.0,1497727.0,3.18
6412,群電,114,Q4,115/09/08,2084358.0,2084358.0,2084358.0,34451747.0,28646326.0,5.2
6412,群電,114,Q3,115/09/08,1613273.0,1613273.0,1613273.0,26608921.0,22071299.0,4.03
6414,樺漢,114,Q3,115/09/08,6396865.0,6396865.0,2343043.0,102776263.0,81750707.0,17.04
6414,樺漢,114,Q4,115/09/08,8464015.0,8464015.0,3213314.0,142289669.0,113111179.0,23.26
6415,矽力*-KY,114,Q4,115/09/08,2532904.0,2532904.0,2477894.0,18812135.0,9101858.0,6.4
6415,矽力*-KY,114,Q3,115/09/08,1712974.0,1712974.0,1668880.0,13420530.0,6470112.0,4.31
6416,瑞祺電通,114,Q3,115/09/08,210871.0,210871.0,213444.0,3136716.0,2402943.0,2.91
6416,瑞祺電通,114,Q4,115/09/08,309558.0,309558.0,315590.0,4309272.0,3315192.0,4.3
6417,韋僑,114,Q4,115/09/08,204059.0,204059.0,204059.0,1607566.0,1103034.0,4.83
6417,韋僑,114,Q1,115/09/08,53605.0,53605.0,53605.0,369237.0,249700.0,1.27
6418,詠昇,114,Q1,115/09/08,487.0,487.0,487.0,173222.0,139353.0,0.01
6418,詠昇,114,Q4,115/09/08,25154.0,25154.0,25154.0,782351.0,621557.0,0.73
6419,京晨科,114,Q4,115/09/08,126033.0,126033.0,126010.0,498240.0,365695.0,9.58
6419,京晨科,114,Q1,115/09/08,20420.0,20420.0,20420.0,161694.0,128148.0,1.55
6423,億而得,114,Q1,115/09/08,15040.0,15040.0,,69643.0,289.0,0.51
6423,億而得,114,Q4,115/09/08,17143.0,17143.0,,229957.0,3912.0,0.58
6425,易發,114,Q4,115/09/08,-75876.0,-75876.0,-78383.0,1409993.0,1001058.0,-1.61
6425,易發,114,Q1,115/09/08,-33798.0,-33798.0,-34862.0,290409.0,217838.0,-0.72
6426,統新,114,Q3,115/09/08,-41525.0,-41525.0,-41525.0,347369.0,251973.0,-1.08
6426,統新,114,Q4,115/09/08,-29986.0,-29986.0,-29986.0,487310.0,341565.0,-0.78
6431,光麗-KY,114,Q4,115/09/08,-193041.0,-193041.0,-192977.0,377032.0,306621.0,-2.07
6431,光麗-KY,114,Q3,115/09/08,-132074.0,-132074.0,-132074.0,262995.0,216432.0,-1.44
6432,今展科,114,Q1,115/09/08,14508.0,14508.0,14508.0,287150.0,219628.0,0.45
6432,今展科,114,Q4,115/09/08,15497.0,15497.0,15497.0,1124977.0,875141.0,0.48
6435,大中,114,Q4,115/09/08,354432.0,354432.0,,3401493.0,2637956.0,9.52
6435,大中,114,Q1,115/09/08,88112.0,88112.0,,911524.0,718271.0,2.37
6438,迅得,114,Q3,115/09/08,329670.0,329670.0,335867.0,4852485.0,3703812.0,4.17
6438,迅得,114,Q4,115/09/08,416470.0,416470.0,424674.0,6467437.0,4949560.0,5.24
6441,廣錠,114,Q4,115/09/08,-281911.0,-281911.0,-274949.0,235260.0,260962.0,-5.16
6441,廣錠,114,Q1,115/09/08,-35702.0,-35702.0,-34657.0,80782.0,74049.0,-0.65
6442,光聖,114,Q3,115/09/08,1045931.0,1045931.0,1047296.0,7527529.0,3175697.0,13.87
6442,光聖,114,Q4,115/09/08,1777325.0,1777325.0,1779263.0,10527227.0,4448364.0,23.46
6443,元晶,114,Q4,115/09/08,-3199455.0,-3199455.0,-3199443.0,1825354.0,3179076.0,-6.24
6443,元晶,114,Q3,115/09/08,-976125.0,-976125.0,-976116.0,1452395.0,1994988.0,-1.9
6446,藥華藥,114,Q3,115/09/08,3568885.0,3568885.0,3568885.0,10753539.0,1140648.0,9.66
6446,藥華藥,114,Q4,115/09/08,5045167.0,5045167.0,5045167.0,15634777.0,1684323.0,13.64
6449,鈺邦,114,Q4,115/09/08,622024.0,622024.0,648680.0,4474668.0,2923830.0,7.38
6449,鈺邦,114,Q3,115/09/08,403594.0,403594.0,422829.0,3204982.0,2112777.0,4.81
6451,訊芯-KY,114,Q3,115/09/08,-53939.0,-53939.0,-67691.0,5462405.0,4674737.0,-0.64
6451,訊芯-KY,114,Q4,115/09/08,62793.0,62793.0,27516.0,7531930.0,6313554.0,0.26
6456,GIS-KY,114,Q4,115/09/08,-262166.0,-262166.0,-262938.0,66784304.0,62425325.0,-0.79
6456,GIS-KY,114,Q3,115/09/08,-125270.0,-125270.0,-125548.0,50368778.0,46950490.0,-0.37
6461,益得,114,Q1,115/09/08,-88352.0,-88352.0,,7656.0,48165.0,-0.64
6461,益得,114,Q4,115/09/08,-389032.0,-389032.0,,107527.0,218469.0,-2.57
6462,神盾,114,Q4,115/09/08,-2258583.0,-2258583.0,-1597932.0,5327499.0,3489814.0,-17.51
6462,神盾,114,Q1,115/09/08,-430460.0,-430460.0,-234414.0,1072344.0,643110.0,-2.57
6464,台數科,114,Q3,115/09/08,529554.0,529554.0,520858.0,3280179.0,1616782.0,4.16
6464,台數科,114,Q4,115/09/08,564277.0,564277.0,541338.0,4451766.0,2221150.0,4.2
6465,威潤,114,Q1,115/09/08,-20010.0,-20010.0,-20010.0,38937.0,32505.0,-0.39
6465,威潤,114,Q4,115/09/08,40427.0,40427.0,40427.0,263247.0,104596.0,0.86
6469,大樹,114,Q4,115/09/08,581503.0,581503.0,600421.0,18895916.0,13479153.0,4.01
6469,大樹,114,Q1,115/09/08,156737.0,156737.0,159854.0,4666484.0,3358394.0,1.21
6470,宇智,114,Q4,115/09/08,145813.0,145813.0,145813.0,1954716.0,1601930.0,3.87
6470,宇智,114,Q1,115/09/08,62108.0,62108.0,62108.0,554350.0,461886.0,1.65
6472,保瑞,114,Q4,115/09/08,3046040.0,3046040.0,2981311.0,19014169.0,11161155.0,23.9
6472,保瑞,114,Q3,115/09/08,2680905.0,2680905.0,2649552.0,14153515.0,8072762.0,21.34
6474,華豫寧,114,Q4,115/09/08,164962.0,164962.0,164962.0,3850518.0,2994061.0,3.49
6474,華豫寧,114,Q1,115/09/08,53659.0,53659.0,53659.0,973309.0,757706.0,1.15
6477,安集,114,Q3,115/09/08,25280.0,25280.0,15435.0,652899.0,416890.0,0.12
6477,安集,114,Q4,115/09/08,12500.0,12500.0,2126.0,855699.0,580947.0,0.02
6482,弘煜科,114,Q1,115/09/08,23924.0,23924.0,23646.0,142536.0,2837.0,0.99
6482,弘煜科,114,Q4,115/09/08,67094.0,67094.0,66338.0,496183.0,9947.0,2.32
6485,點序,114,Q4,115/09/08,32245.0,32245.0,32244.0,1474489.0,742072.0,0.71
6485,點序,114,Q1,115/09/08,25454.0,25454.0,25454.0,396976.0,198453.0,0.56
6486,互動,114,Q1,115/09/08,53177.0,53177.0,53054.0,413947.0,234706.0,1.04
6486,互動,114,Q4,115/09/08,296207.0,296207.0,294086.0,2686097.0,1819988.0,5.78
6488,環球晶,114,Q4,115/09/08,7311661.0,7311661.0,7312028.0,60597938.0,45974397.0,15.29
6488,環球晶,114,Q1,115/09/08,1455705.0,1455705.0,1456280.0,15594522.0,11482663.0,3.05
6491,晶碩,114,Q3,115/09/08,1216447.0,1216447.0,1199379.0,5108998.0,2446024.0,15.38
6491,晶碩,114,Q4,115/09/08,1650465.0,1650465.0,1628044.0,7039409.0,3361010.0,20.87
6492,生華科,114,Q1,115/09/08,-61369.0,-61369.0,-61369.0,250.0,104.0,-0.69
6492,生華科,114,Q4,115/09/08,-264769.0,-264769.0,-264769.0,1070.0,550.0,-2.97
6494,九齊,114,Q1,115/09/08,-9424.0,-9424.0,-9424.0,283012.0,211335.0,-0.3
6494,九齊,114,Q4,115/09/08,-29497.0,-29497.0,-29497.0,1187325.0,901273.0,-0.93
6496,科懋,114,Q1,115/09/08,-40860.0,-40860.0,-40860.0,209905.0,122161.0,-0.89
6496,科懋,114,Q4,115/09/08,-183169.0,-183169.0,-183169.0,898263.0,538097.0,-3.97
6498,久禾光,114,Q4,115/09/08,291941.0,291941.0,291941.0,1235804.0,644613.0,6.51
6498,久禾光,114,Q1,115/09/08,61915.0,61915.0,61915.0,256099.0,129992.0,1.5
6499,益安,114,Q4,115/09/08,-719341.0,-719341.0,-668062.0,419425.0,360600.0,-7.24
6499,益安,114,Q1,115/09/08,-190538.0,-190538.0,-177993.0,101878.0,82873.0,-1.93
6504,南六,114,Q4,115/09/08,-79554.0,-79554.0,-79417.0,6614649.0,5774926.0,-1.09
6504,南六,114,Q3,115/09/08,-156335.0,-156335.0,-156193.0,4906015.0,4310424.0,-2.15
6505,台塑化,114,Q3,115/09/08,4762909.0,4762909.0,4764345.0,482344031.0,468428099.0,0.5
6505,台塑化,114,Q4,115/09/08,9874805.0,9874805.0,9875335.0,626159096.0,604090793.0,1.04
6506,雙邦,114,Q4,115/09/08,95508.0,95508.0,85295.0,1875443.0,1575170.0,1.04
6506,雙邦,114,Q1,115/09/08,35710.0,35710.0,33482.0,520433.0,427093.0,0.41
6508,惠光,114,Q1,115/09/08,35317.0,35317.0,35317.0,435396.0,321042.0,0.41
6508,惠光,114,Q4,115/09/08,23032.0,23032.0,23032.0,1423098.0,1104285.0,0.27
6509,聚和,114,Q1,115/09/08,161870.0,161870.0,161870.0,1310633.0,921594.0,0.81
6509,聚和,114,Q4,115/09/08,567435.0,567435.0,567435.0,4877141.0,3299530.0,2.87
6510,精測,114,Q4,115/09/08,986391.0,986391.0,997181.0,4806013.0,2137888.0,30.41
6510,精測,114,Q1,115/09/08,217904.0,217904.0,221173.0,1152374.0,532619.0,6.75
6512,啟發電,114,Q1,115/09/08,-1062.0,-1062.0,-1062.0,47195.0,31318.0,-0.04
6512,啟發電,114,Q4,115/09/08,-19735.0,-19735.0,-19735.0,180399.0,132828.0,-0.78
6515,穎崴,114,Q4,115/09/08,1672872.0,1672872.0,1672872.0,7857179.0,4300706.0,46.93
6515,穎崴,114,Q3,115/09/08,1189534.0,1189534.0,1189534.0,5623525.0,2998506.0,33.4
6516,勤崴國際,114,Q1,115/09/08,20397.0,20397.0,,133823.0,64681.0,0.36
6516,勤崴國際,114,Q4,115/09/08,85048.0,85048.0,,546965.0,248508.0,1.52
6517,保勝光學,114,Q4,115/09/08,49729.0,49729.0,49729.0,490322.0,307221.0,1.63
6517,保勝光學,114,Q1,115/09/08,24556.0,24556.0,24556.0,129370.0,77576.0,0.8
6523,達爾膚,114,Q1,115/09/08,154838.0,154838.0,154838.0,347020.0,94971.0,3.44
6523,達爾膚,114,Q4,115/09/08,350273.0,350273.0,350273.0,1168262.0,362671.0,7.78
6525,捷敏-KY,114,Q4,115/09/08,758645.0,758645.0,758645.0,5325910.0,3905632.0,5.88
6525,捷敏-KY,114,Q3,115/09/08,565426.0,565426.0,565426.0,3991402.0,2897783.0,4.38
6526,達發,114,Q3,115/09/08,2292431.0,2292431.0,2345863.0,16375321.0,7950762.0,14.0
6526,達發,114,Q4,115/09/08,2825886.0,2825886.0,2900763.0,20926195.0,10061113.0,17.32
6527,明達醫,114,Q4,115/09/08,146980.0,146980.0,146980.0,949049.0,617170.0,5.8
6527,明達醫,114,Q1,115/09/08,36931.0,36931.0,36931.0,224492.0,143879.0,1.46
6530,創威,114,Q1,115/09/08,15522.0,15522.0,,78769.0,43799.0,0.46
6530,創威,114,Q4,115/09/08,65826.0,65826.0,,327794.0,176480.0,1.95
6531,愛普*,114,Q4,115/09/08,1239886.0,1239886.0,1257655.0,5666498.0,3032837.0,7.74
6531,愛普*,114,Q3,115/09/08,490014.0,490014.0,492078.0,3798394.0,2096244.0,3.03
6532,瑞耘,114,Q4,115/09/08,273879.0,273879.0,273879.0,674898.0,427738.0,7.31
6532,瑞耘,114,Q1,115/09/08,48314.0,48314.0,48314.0,192561.0,116002.0,1.29
6533,晶心科,114,Q3,115/09/08,-388933.0,-388933.0,-388933.0,1017301.0,783.0,-7.68
6533,晶心科,114,Q4,115/09/08,-415259.0,-415259.0,-415259.0,1478187.0,1017.0,-8.2
6534,正瀚-創,114,Q4,115/09/08,463789.0,463789.0,464001.0,1819183.0,292363.0,4.51
6534,正瀚-創,114,Q3,115/09/08,420001.0,420001.0,420196.0,1490807.0,228987.0,4.09
6535,順藥,114,Q1,115/09/08,-105403.0,-105403.0,-104186.0,8896.0,3706.0,-0.63
6535,順藥,114,Q4,115/09/08,-346618.0,-346618.0,-340540.0,35831.0,13958.0,-2.05
6538,倉和,114,Q1,115/09/08,38309.0,38309.0,38309.0,422848.0,276347.0,1.03
6538,倉和,114,Q4,115/09/08,42884.0,42884.0,42884.0,1446438.0,966548.0,1.15
6541,泰福-KY,114,Q3,115/09/08,-1079620.0,-1079620.0,-1079620.0,222018.0,419016.0,-4.53
6541,泰福-KY,114,Q4,115/09/08,-1500157.0,-1500157.0,-1500157.0,400971.0,841679.0,-6.13
6542,隆中,114,Q1,115/09/08,1059.0,1059.0,1210.0,220810.0,48130.0,0.03
6542,隆中,114,Q4,115/09/08,-4769.0,-4769.0,924.0,884014.0,207866.0,0.02
6546,正基,114,Q4,115/09/08,184349.0,184349.0,182645.0,2339532.0,1788058.0,2.73
6546,正基,114,Q1,115/09/08,65284.0,65284.0,64697.0,600929.0,459151.0,0.97
6547,高端疫苗,114,Q1,115/09/08,-21045.0,-21045.0,-21045.0,115428.0,40349.0,-0.06
6547,高端疫苗,114,Q4,115/09/08,-281714.0,-281714.0,-281714.0,613171.0,248497.0,-0.86
6548,長科*,114,Q4,115/09/08,1550260.0,1550260.0,1503252.0,13428198.0,10513777.0,1.63
6548,長科*,114,Q1,115/09/08,424417.0,424417.0,417072.0,3180425.0,2476297.0,0.45
6550,北極星藥業-KY,114,Q4,115/09/08,-3945094.0,-3945094.0,-3927128.0,40602.0,310926.0,-5.1
6550,北極星藥業-KY,114,Q3,115/09/08,-2263425.0,-2263425.0,-2245459.0,34584.0,190581.0,-2.91
6552,易華電,114,Q3,115/09/08,-290871.0,-290871.0,,1143002.0,1405527.0,-3.5
6552,易華電,114,Q4,115/09/08,-1190864.0,-1190864.0,,1438987.0,1804380.0,-14.35
6556,勝品,114,Q4,115/09/08,196635.0,196635.0,195157.0,1394710.0,935604.0,6.79
6556,勝品,114,Q1,115/09/08,57141.0,57141.0,57263.0,356793.0,222414.0,1.99
6558,興能高,114,Q4,115/09/08,-95450.0,-95450.0,-95450.0,1072752.0,871973.0,-1.02
6558,興能高,114,Q3,115/09/08,-41552.0,-41552.0,-41552.0,828244.0,659656.0,-0.45
6560,欣普羅,114,Q1,115/09/08,5176.0,5176.0,,44823.0,29687.0,0.2
6560,欣普羅,114,Q4,115/09/08,-4331.0,-4331.0,,172621.0,99732.0,-0.16
6561,是方,114,Q4,115/09/08,1230425.0,1230425.0,1227441.0,3943666.0,1869025.0,15.75
6561,是方,114,Q1,115/09/08,279231.0,279231.0,278616.0,953024.0,431774.0,3.57
6568,宏觀,114,Q1,115/09/08,38863.0,38863.0,38863.0,269723.0,151563.0,1.28
6568,宏觀,114,Q4,115/09/08,122007.0,122007.0,122007.0,1137288.0,677435.0,4.0
6569,醫揚,114,Q4,115/09/08,111701.0,111701.0,112133.0,1313288.0,879271.0,2.88
6569,醫揚,114,Q1,115/09/08,7355.0,7355.0,7394.0,309941.0,217435.0,0.19
6570,維田,114,Q1,115/09/08,8291.0,8291.0,8291.0,206234.0,133263.0,0.22
6570,維田,114,Q4,115/09/08,47862.0,47862.0,47862.0,915913.0,601314.0,1.29
6573,虹揚-KY,114,Q3,115/09/08,129284.0,129284.0,129442.0,642539.0,585962.0,1.61
6573,虹揚-KY,114,Q4,115/09/08,98973.0,98973.0,98715.0,833212.0,738527.0,1.23
6574,霈方,114,Q4,115/09/08,149910.0,149910.0,149910.0,621684.0,266532.0,6.82
6574,霈方,114,Q1,115/09/08,29318.0,29318.0,29318.0,150897.0,50989.0,1.33
6576,逸達,114,Q4,115/09/08,-883151.0,-883151.0,-883151.0,431274.0,137057.0,-5.7
6576,逸達,114,Q1,115/09/08,-293094.0,-293094.0,-293094.0,110462.0,37310.0,-1.9
6577,勁豐,114,Q1,115/09/08,85429.0,85429.0,85429.0,539534.0,369535.0,1.42
6577,勁豐,114,Q4,115/09/08,338738.0,338738.0,338738.0,2077114.0,1389980.0,5.64
6578,達邦蛋白,114,Q4,115/09/08,-69338.0,-69338.0,-69338.0,309335.0,240300.0,-0.96
6578,達邦蛋白,114,Q1,115/09/08,2101.0,2101.0,2101.0,68597.0,53555.0,0.03
6579,研揚,114,Q3,115/09/08,504682.0,504682.0,431992.0,6365753.0,4235641.0,3.44
6579,研揚,114,Q4,115/09/08,814416.0,814416.0,705764.0,8625383.0,5742008.0,5.62
6581,鋼聯,114,Q3,115/09/08,495620.0,495620.0,495620.0,1628410.0,800487.0,4.45
6581,鋼聯,114,Q4,115/09/08,686753.0,686753.0,686753.0,2210758.0,1082513.0,6.17
6582,申豐,114,Q4,115/09/08,-43319.0,-43319.0,-43319.0,821392.0,866549.0,-0.41
6582,申豐,114,Q3,115/09/08,-19825.0,-19825.0,-19825.0,695795.0,726643.0,-0.19
6584,南俊國際,114,Q1,115/09/08,65291.0,65291.0,65291.0,499540.0,348777.0,1.0
6584,南俊國際,114,Q4,115/09/08,369984.0,369984.0,369984.0,2432925.0,1581608.0,5.59
6585,鼎基,114,Q4,115/09/08,406234.0,406234.0,406234.0,2849596.0,1908735.0,5.64
6585,鼎基,114,Q3,115/09/08,274056.0,274056.0,274056.0,2119033.0,1431474.0,3.81
6588,東典光電,114,Q1,115/09/08,-25408.0,-25408.0,-24307.0,35441.0,46442.0,-0.7
6588,東典光電,114,Q4,115/09/08,-67881.0,-67881.0,-61311.0,173202.0,162955.0,-1.77
6589,台康生技,114,Q4,115/09/08,-760552.0,-760552.0,-760552.0,1005156.0,811327.0,-2.51
6589,台康生技,114,Q3,115/09/08,-588170.0,-588170.0,-588170.0,641534.0,573438.0,-1.94
6590,普鴻,114,Q1,115/09/08,20139.0,20139.0,19778.0,161147.0,85679.0,0.93
6590,普鴻,114,Q4,115/09/08,137062.0,137062.0,125808.0,663729.0,345173.0,5.12
6591,動力-KY,114,Q4,115/09/08,208152.0,208152.0,209780.0,1752889.0,1162522.0,5.37
6591,動力-KY,114,Q3,115/09/08,177009.0,177009.0,178337.0,1370569.0,883360.0,4.65
6592,和潤企業,114,Q3,115/09/08,2430904.0,2430904.0,2405738.0,17939839.0,7115083.0,3.16
6592,和潤企業,114,Q4,115/09/08,3437365.0,3437365.0,3375930.0,23704115.0,9479110.0,4.72
6593,台灣銘板,114,Q4,115/09/08,-57555.0,-57555.0,-57294.0,417996.0,337884.0,-2.11
6593,台灣銘板,114,Q1,115/09/08,6072.0,6072.0,6123.0,158044.0,113220.0,0.25
6596,寬宏藝術,114,Q1,115/09/08,144908.0,144908.0,144908.0,463283.0,229221.0,3.81
6596,寬宏藝術,114,Q4,115/09/08,715527.0,715527.0,715527.0,3090579.0,1926997.0,18.83
6597,立誠,114,Q1,115/09/08,32167.0,32167.0,,207117.0,146594.0,1.22
6597,立誠,114,Q4,115/09/08,71333.0,71333.0,,765185.0,537404.0,2.51
6598,ABC-KY,114,Q4,115/09/08,-201200.0,-201200.0,-201200.0,475200.0,214307.0,-1.96
6598,ABC-KY,114,Q3,115/09/08,-136932.0,-136932.0,-136932.0,358704.0,146365.0,-1.33
6603,富強鑫,114,Q1,115/09/08,1609.0,1609.0,3356.0,1021446.0,772725.0,0.02
6603,富強鑫,114,Q4,115/09/08,109860.0,109860.0,100474.0,5082840.0,3795423.0,0.61
6605,帝寶,114,Q4,115/09/08,2320534.0,2320534.0,2316512.0,19412715.0,13296946.0,13.97
6605,帝寶,114,Q3,115/09/08,1465453.0,1465453.0,1466062.0,14418603.0,9903827.0,8.84
6606,建德工業,114,Q3,115/09/08,84262.0,84262.0,83769.0,599929.0,354461.0,0.76
6606,建德工業,114,Q4,115/09/08,120486.0,120486.0,119890.0,815268.0,487635.0,1.09
6609,瀧澤科,114,Q4,115/09/08,-110752.0,-110752.0,-110752.0,2038388.0,1796503.0,-1.53
6609,瀧澤科,114,Q1,115/09/08,18218.0,18218.0,18218.0,586807.0,485595.0,0.25
6612,奈米醫材,114,Q1,115/09/08,36945.0,36945.0,47331.0,297649.0,125379.0,1.11
6612,奈米醫材,114,Q4,115/09/08,3070.0,3070.0,51231.0,1130986.0,462809.0,1.09
6613,朋億*,114,Q4,115/09/08,1318987.0,1318987.0,1040217.0,8915042.0,6029779.0,13.37
6613,朋億*,114,Q1,115/09/08,289410.0,289410.0,231996.0,2149297.0,1544534.0,2.99
6614,資拓宏宇,114,Q3,115/09/08,63125.0,63125.0,63125.0,3248090.0,2842553.0,0.87
6614,資拓宏宇,114,Q4,115/09/08,153303.0,153303.0,153303.0,4962870.0,4321768.0,2.08
6615,慧智,114,Q4,115/09/08,-8855.0,-8855.0,-9360.0,385706.0,286575.0,-0.43
6615,慧智,114,Q1,115/09/08,-3256.0,-3256.0,-3243.0,95918.0,70794.0,-0.15
6616,特昇-KY,114,Q4,115/09/08,-21500.0,-21500.0,-21434.0,1027775.0,911142.0,-0.61
6616,特昇-KY,114,Q1,115/09/08,9710.0,9710.0,9772.0,298929.0,254830.0,0.28
6617,共信-KY,114,Q1,115/09/08,-13238.0,-13238.0,-11728.0,7629.0,2203.0,-0.09
6617,共信-KY,114,Q4,115/09/08,-121027.0,-121027.0,-114126.0,36446.0,10358.0,-0.92
6620,漢達,114,Q4,115/09/08,749774.0,749774.0,749774.0,1729252.0,267481.0,4.85
6624,萬年清,114,Q4,115/09/08,8633.0,8633.0,7496.0,574875.0,457691.0,0.36
6624,萬年清,114,Q1,115/09/08,-1040.0,-1040.0,-1481.0,100360.0,86090.0,-0.07
6625,必應,114,Q3,115/09/08,360543.0,360543.0,359603.0,2977448.0,2401029.0,6.5
6625,必應,114,Q4,115/09/08,512047.0,512047.0,511021.0,4372964.0,3559178.0,9.13
6629,泰金-KY,114,Q4,115/09/08,247796.0,247796.0,247441.0,1742371.0,1283071.0,6.46
6629,泰金-KY,114,Q1,115/09/08,103431.0,103431.0,103229.0,401143.0,276916.0,2.69
6637,醫影,114,Q4,115/09/08,185543.0,185543.0,185543.0,1164380.0,813953.0,7.17
6637,醫影,114,Q1,115/09/08,32006.0,32006.0,32006.0,125320.0,62981.0,1.32
6640,均華,114,Q1,115/09/08,42207.0,42207.0,45841.0,430220.0,261777.0,1.64
6640,均華,114,Q4,115/09/08,316733.0,316733.0,357904.0,2690692.0,1639131.0,12.75
6641,基士德-KY,114,Q3,115/09/08,477.0,477.0,3966.0,1277930.0,879208.0,0.11
6641,基士德-KY,114,Q4,115/09/08,11922.0,11922.0,16815.0,1762021.0,1206459.0,0.46
6642,富致,114,Q4,115/09/08,97076.0,97076.0,97076.0,541583.0,295914.0,2.6
6642,富致,114,Q1,115/09/08,31596.0,31596.0,31596.0,137438.0,74646.0,0.84
6643,M31,114,Q4,115/09/08,70591.0,70591.0,70591.0,1782169.0,,1.69
6643,M31,114,Q1,115/09/08,19564.0,19564.0,19564.0,434525.0,,0.47
6645,金萬林-創,114,Q4,115/09/08,-148014.0,-148014.0,-146450.0,549143.0,464271.0,-2.41
6645,金萬林-創,114,Q3,115/09/08,-119895.0,-119895.0,-119061.0,372248.0,317202.0,-1.96
6649,台生材,114,Q1,115/09/08,33043.0,33043.0,,67635.0,20301.0,0.79
6649,台生材,114,Q4,115/09/08,58926.0,58926.0,,220401.0,85605.0,1.4
6651,全宇昕,114,Q4,115/09/08,218449.0,218449.0,,1502163.0,980961.0,6.32
6651,全宇昕,114,Q1,115/09/08,69444.0,69444.0,,386942.0,248553.0,2.01
6654,天正國際,114,Q1,115/09/08,-24082.0,-24082.0,-23295.0,84597.0,82732.0,-0.7
6654,天正國際,114,Q4,115/09/08,-2789.0,-2789.0,238.0,362609.0,300993.0,0.01
6655,科定,114,Q3,115/09/08,196659.0,196659.0,194973.0,1870910.0,951387.0,2.48
6655,科定,114,Q4,115/09/08,309912.0,309912.0,307601.0,2599891.0,1302634.0,3.92
6657,華安,114,Q4,115/09/08,-258402.0,-258402.0,-258402.0,7674.0,1842.0,-2.92
6657,華安,114,Q3,115/09/08,-193610.0,-193610.0,-193610.0,4859.0,1045.0,-2.19
6658,聯策,114,Q4,115/09/08,36012.0,36012.0,49635.0,2081459.0,1612891.0,1.38
6658,聯策,114,Q3,115/09/08,2879.0,2879.0,12975.0,1580817.0,1232797.0,0.36
6661,威健生技,114,Q4,115/09/08,1296.0,1296.0,1330.0,375940.0,219761.0,0.06
6661,威健生技,114,Q1,115/09/08,-4802.0,-4802.0,-4565.0,77891.0,46786.0,-0.2
6662,樂斯科,114,Q1,115/09/08,4408.0,4408.0,,59870.0,40991.0,0.17
6662,樂斯科,114,Q4,115/09/08,42428.0,42428.0,,262664.0,157887.0,1.66
6664,群翊,114,Q1,115/09/08,255871.0,255871.0,255871.0,571393.0,224885.0,4.24
6664,群翊,114,Q4,115/09/08,913868.0,913868.0,913868.0,2574456.0,1061886.0,15.06
6666,羅麗芬-KY,114,Q4,115/09/08,107941.0,107941.0,114730.0,1112972.0,384315.0,2.42
6666,羅麗芬-KY,114,Q3,115/09/08,118988.0,118988.0,124534.0,853680.0,292949.0,2.63
6667,信紘科,114,Q4,115/09/08,641933.0,641933.0,653925.0,6354758.0,5064074.0,13.77
6667,信紘科,114,Q1,115/09/08,153000.0,153000.0,154320.0,1354502.0,1054750.0,3.34
6668,中揚光,114,Q3,115/09/08,-112755.0,-112755.0,-112755.0,804179.0,656804.0,-1.11
6668,中揚光,114,Q4,115/09/08,-198690.0,-198690.0,-198690.0,1148609.0,988234.0,-1.93
6669,緯穎,114,Q4,115/09/08,51118163.0,51118163.0,51118163.0,950663310.0,872209287.0,275.06
6669,緯穎,114,Q3,115/09/08,37326652.0,37326652.0,37326652.0,658222829.0,600898272.0,200.85
6670,復盛應用,114,Q3,115/09/08,2218786.0,2218786.0,2021535.0,20946226.0,15733250.0,14.55
6670,復盛應用,114,Q4,115/09/08,3444357.0,3444357.0,3121390.0,29789756.0,22209423.0,22.45
6671,三能-KY,114,Q3,115/09/08,104957.0,104957.0,100495.0,1464149.0,906275.0,1.65
6671,三能-KY,114,Q4,115/09/08,149840.0,149840.0,143909.0,1996591.0,1237210.0,2.37
6672,騰輝電子-KY,114,Q4,115/09/08,346145.0,346145.0,346145.0,4264725.0,2891589.0,4.85
6672,騰輝電子-KY,114,Q3,115/09/08,247259.0,247259.0,247259.0,3157981.0,2140219.0,3.46
6674,鋐寶科技,114,Q4,115/09/08,-76207.0,-76207.0,-76207.0,597888.0,390864.0,-1.13
6674,鋐寶科技,114,Q3,115/09/08,-65957.0,-65957.0,-65957.0,473894.0,309816.0,-0.98
6679,鈺太,114,Q4,115/09/08,365204.0,365204.0,365204.0,1965689.0,1136951.0,6.81
6679,鈺太,114,Q1,115/09/08,111512.0,111512.0,111512.0,519339.0,309196.0,2.05
6680,鑫創電子,114,Q4,115/09/08,-6793.0,-6793.0,-6793.0,563870.0,379697.0,-0.29
6680,鑫創電子,114,Q1,115/09/08,893.0,893.0,893.0,118939.0,75840.0,0.04
6683,雍智科技,114,Q4,115/09/08,419047.0,419047.0,419047.0,2135967.0,1150466.0,15.42
6683,雍智科技,114,Q1,115/09/08,102096.0,102096.0,102096.0,454246.0,243952.0,3.76
6684,安格,114,Q4,115/09/08,54817.0,54817.0,69971.0,317007.0,159039.0,1.57
6684,安格,114,Q1,115/09/08,183235.0,183235.0,187510.0,79524.0,39421.0,4.21
6689,伊雲谷,114,Q4,115/09/08,135929.0,135929.0,156508.0,12475260.0,11168828.0,2.31
6689,伊雲谷,114,Q3,115/09/08,52477.0,52477.0,78002.0,9399707.0,8469578.0,1.15
6690,安�硌穈T,114,Q4,115/09/08,306685.0,306685.0,306685.0,2431957.0,1399727.0,10.22
6690,安�硌穈T,114,Q1,115/09/08,56165.0,56165.0,56165.0,516328.0,302039.0,1.87
6691,洋基工程,114,Q4,115/09/08,2985466.0,2985466.0,2985466.0,22352102.0,18087080.0,24.76
6691,洋基工程,114,Q3,115/09/08,2006302.0,2006302.0,2006302.0,15377229.0,12470411.0,16.64
6692,進能服,114,Q4,115/09/08,13725.0,13725.0,13388.0,1463260.0,1261245.0,0.23
6692,進能服,114,Q1,115/09/08,39158.0,39158.0,39158.0,762255.0,658901.0,0.67
6693,廣閎科,114,Q1,115/09/08,-12684.0,-12684.0,-12684.0,313421.0,233270.0,-0.28
6693,廣閎科,114,Q4,115/09/08,-3996.0,-3996.0,-3996.0,1413767.0,1043833.0,-0.09
6695,芯鼎,114,Q3,115/09/08,-178637.0,-178637.0,-178637.0,843640.0,521116.0,-1.86
6695,芯鼎,114,Q4,115/09/08,-175913.0,-175913.0,-175913.0,1125645.0,684338.0,-1.83
6697,東捷資訊,114,Q4,115/09/08,82954.0,82954.0,82954.0,1342713.0,1135399.0,3.04
6697,東捷資訊,114,Q1,115/09/08,23568.0,23568.0,23568.0,388808.0,333301.0,0.86
6698,旭暉應材,114,Q3,115/09/08,-48805.0,-48805.0,-95296.0,804570.0,590053.0,-1.45
6698,旭暉應材,114,Q4,115/09/08,-42543.0,-42543.0,-108787.0,1156656.0,880807.0,-1.65
6703,軒郁,114,Q4,115/09/08,317454.0,317454.0,324017.0,3286809.0,1229135.0,9.9
6703,軒郁,114,Q1,115/09/08,44700.0,44700.0,49599.0,680264.0,254426.0,1.67
6706,惠特,114,Q4,115/09/08,-308006.0,-308006.0,-308006.0,896279.0,759649.0,-3.92
6706,惠特,114,Q3,115/09/08,-289605.0,-289605.0,-289605.0,778316.0,649745.0,-3.69
6708,天擎,114,Q1,115/09/08,2594.0,2594.0,2594.0,62410.0,30544.0,0.09
6708,天擎,114,Q4,115/09/08,7254.0,7254.0,7254.0,281015.0,131451.0,0.25
6712,長聖,114,Q4,115/09/08,429432.0,429432.0,429432.0,1017505.0,296177.0,4.88
6712,長聖,114,Q1,115/09/08,88562.0,88562.0,88562.0,177924.0,50901.0,1.09
6715,嘉基,114,Q3,115/09/08,60726.0,60726.0,77526.0,1233545.0,781780.0,1.17
6715,嘉基,114,Q4,115/09/08,120477.0,120477.0,119097.0,1680388.0,1056835.0,1.8
6716,應廣,114,Q1,115/09/08,5732.0,5732.0,5732.0,219159.0,138921.0,0.19
6716,應廣,114,Q4,115/09/08,64793.0,64793.0,64793.0,1081905.0,721735.0,2.19
6719,力智,114,Q4,115/09/08,692687.0,692687.0,692687.0,4581285.0,2985662.0,6.58
6719,力智,114,Q3,115/09/08,447882.0,447882.0,447882.0,3391734.0,2212383.0,4.25
6720,久昌,114,Q1,115/09/08,49248.0,49248.0,49248.0,132977.0,51543.0,1.91
6720,久昌,114,Q4,115/09/08,116518.0,116518.0,116518.0,435853.0,192602.0,3.89
6721,信實,114,Q1,115/09/08,30773.0,30773.0,30773.0,868944.0,822100.0,1.37
6721,信實,114,Q4,115/09/08,104729.0,104729.0,104729.0,3626600.0,3437401.0,4.65
6722,輝創,114,Q4,115/09/08,226139.0,226139.0,226139.0,5098200.0,3989038.0,2.9
6722,輝創,114,Q3,115/09/08,157660.0,157660.0,157660.0,3822042.0,3033525.0,2.02
6725,矽科宏晟,114,Q1,115/09/08,83396.0,83396.0,83396.0,701972.0,553343.0,2.53
6725,矽科宏晟,114,Q4,115/09/08,429164.0,429164.0,429164.0,3816489.0,2928635.0,12.98
6727,亞泰金屬,114,Q4,115/09/08,182892.0,182892.0,182892.0,1634168.0,1262389.0,6.8
6727,亞泰金屬,114,Q1,115/09/08,33505.0,33505.0,33505.0,260301.0,208955.0,1.25
6728,上洋,114,Q1,115/09/08,80905.0,80905.0,80905.0,981420.0,631341.0,2.69
6728,上洋,114,Q4,115/09/08,293378.0,293378.0,294319.0,4735306.0,3140893.0,9.77
6730,常廣,114,Q4,115/09/08,69269.0,69269.0,69269.0,487648.0,251448.0,2.14
6730,常廣,114,Q1,115/09/08,17264.0,17264.0,17264.0,115703.0,60140.0,0.54
6732,昇佳電子,114,Q1,115/09/08,101449.0,101449.0,,1163062.0,922030.0,2.07
6732,昇佳電子,114,Q4,115/09/08,304291.0,304291.0,,4561864.0,3743908.0,6.22
6733,博晟生醫,114,Q4,115/09/08,-95301.0,-95301.0,-84610.0,222337.0,62178.0,-0.69
6733,博晟生醫,114,Q1,115/09/08,-36375.0,-36375.0,-33286.0,47472.0,11003.0,-0.27
6735,美達科技,114,Q4,115/09/08,15034.0,15034.0,15034.0,343483.0,181588.0,0.33
6735,美達科技,114,Q1,115/09/08,2542.0,2542.0,2542.0,64310.0,38895.0,0.06
6739,竹陞科技,114,Q1,115/09/08,62620.0,62620.0,62620.0,147863.0,51624.0,2.7
6739,竹陞科技,114,Q4,115/09/08,374565.0,374565.0,374565.0,805637.0,275334.0,16.13
6741,91APP*-KY,114,Q4,115/09/08,509234.0,509234.0,507520.0,1806585.0,465370.0,4.4
6741,91APP*-KY,114,Q1,115/09/08,134282.0,134282.0,134055.0,411893.0,109427.0,1.15
6742,澤米,114,Q3,115/09/08,-105945.0,-105945.0,-105945.0,436954.0,443051.0,-1.5
6742,澤米,114,Q4,115/09/08,-107414.0,-107414.0,-107414.0,535775.0,556260.0,-1.52
6743,安普新,114,Q3,115/09/08,57562.0,57562.0,57562.0,4137065.0,3360158.0,0.39
6743,安普新,114,Q4,115/09/08,104866.0,104866.0,104866.0,5540235.0,4487313.0,0.71
6751,智聯服務,114,Q1,115/09/08,10350.0,10350.0,7124.0,502462.0,439593.0,0.32
6751,智聯服務,114,Q4,115/09/08,140889.0,140889.0,115538.0,1760450.0,1512459.0,5.2
6752,叡揚,114,Q4,115/09/08,275361.0,275361.0,274331.0,2019269.0,1006837.0,7.41
6752,叡揚,114,Q1,115/09/08,48819.0,48819.0,49024.0,456967.0,236311.0,1.39
6753,龍德造船,114,Q4,115/09/08,683741.0,683741.0,,5246333.0,4201876.0,5.98
6753,龍德造船,114,Q3,115/09/08,424080.0,424080.0,,3544805.0,2845591.0,3.74
6754,匯僑設計,114,Q4,115/09/08,225259.0,225259.0,225259.0,3530943.0,2689566.0,3.41
6754,匯僑設計,114,Q3,115/09/08,150957.0,150957.0,150957.0,2731586.0,2123965.0,2.29
6756,威鋒電子,114,Q3,115/09/08,32295.0,32295.0,49817.0,1141731.0,582520.0,0.71
6756,威鋒電子,114,Q4,115/09/08,54786.0,54786.0,77635.0,1550110.0,798334.0,1.11
6757,台灣虎航,114,Q3,115/09/08,1969086.0,1969086.0,,12587342.0,9003269.0,4.28
6757,台灣虎航,114,Q4,115/09/08,2467072.0,2467072.0,,16898827.0,12223612.0,5.37
6761,穩得,114,Q1,115/09/08,64032.0,64032.0,64032.0,535118.0,345995.0,2.02
6761,穩得,114,Q4,115/09/08,248844.0,248844.0,248844.0,1974077.0,1254709.0,7.34
6762,達亞,114,Q4,115/09/08,23428.0,23428.0,,694154.0,501592.0,0.67
6762,達亞,114,Q1,115/09/08,12705.0,12705.0,,163633.0,124436.0,0.42
6763,綠界科技*,114,Q1,115/09/08,112645.0,112645.0,112717.0,405171.0,235235.0,0.61
6763,綠界科技*,114,Q4,115/09/08,768376.0,768376.0,775284.0,1744534.0,1016750.0,4.21
6767,台微醫,114,Q4,115/09/08,-19101.0,-19101.0,-19101.0,311774.0,68549.0,-0.49
6767,台微醫,114,Q1,115/09/08,5150.0,5150.0,5150.0,81706.0,17209.0,0.13
6768,志強-KY,114,Q3,115/09/08,1061489.0,1061489.0,1061489.0,15424539.0,12288676.0,5.32
6768,志強-KY,114,Q4,115/09/08,1352114.0,1352114.0,1352114.0,20373969.0,16335183.0,6.77
6770,力積電,114,Q3,115/09/08,-7158577.0,-7158577.0,-7158577.0,34234871.0,36566197.0,-1.71
6770,力積電,114,Q4,115/09/08,-7812660.0,-7812660.0,-7812660.0,46730113.0,48267110.0,-1.86
6771,平和環保-創,114,Q3,115/09/08,97728.0,97728.0,98402.0,477831.0,249367.0,3.16
6771,平和環保-創,114,Q4,115/09/08,112583.0,112583.0,113344.0,618026.0,327985.0,3.64
6776,展�眥篕�,114,Q3,115/09/08,250269.0,250269.0,259323.0,21243408.0,19995612.0,3.18
6776,展�眥篕�,114,Q4,115/09/08,329199.0,329199.0,346112.0,29299060.0,27550902.0,4.2
6781,AES-KY,114,Q4,115/09/08,3262778.0,3262778.0,3262676.0,16000812.0,10255252.0,38.2
6781,AES-KY,114,Q3,115/09/08,2452306.0,2452306.0,2452200.0,11539900.0,7310091.0,28.71
6782,視陽,114,Q3,115/09/08,636303.0,636303.0,636104.0,3155630.0,1746572.0,10.1
6782,視陽,114,Q4,115/09/08,886612.0,886612.0,887071.0,4223200.0,2312684.0,14.08
6785,昱展新藥,114,Q4,115/09/08,-79683.0,-79683.0,,2753.0,613.0,-1.19
6785,昱展新藥,114,Q1,115/09/08,-2090.0,-2090.0,,,,-0.03
6788,華景電,114,Q4,115/09/08,667953.0,667953.0,672719.0,2582256.0,1075877.0,17.36
6788,華景電,114,Q1,115/09/08,128820.0,128820.0,130382.0,575486.0,204602.0,3.37
6789,采鈺,114,Q4,115/09/08,1273994.0,1273994.0,,8938168.0,6731768.0,4.01
6789,采鈺,114,Q3,115/09/08,888889.0,888889.0,,6649364.0,5051879.0,2.8
6790,永豐實,114,Q4,115/09/08,809141.0,809141.0,808722.0,10645095.0,7873369.0,3.03
6790,永豐實,114,Q3,115/09/08,596566.0,596566.0,596147.0,8097291.0,6107620.0,2.23
6791,虎門科技,114,Q4,115/09/08,88581.0,88581.0,86815.0,805617.0,475137.0,4.16
6791,虎門科技,114,Q1,115/09/08,20534.0,20534.0,19123.0,181181.0,111163.0,0.92
6792,詠業,114,Q3,115/09/08,88400.0,88400.0,88400.0,1024917.0,692962.0,1.89
6792,詠業,114,Q4,115/09/08,104479.0,104479.0,104479.0,1316148.0,894467.0,2.23
6794,向榮生技,114,Q3,115/09/08,-85091.0,-85091.0,,23748.0,7875.0,-1.42
6794,向榮生技,114,Q4,115/09/08,-114836.0,-114836.0,,30103.0,11126.0,-1.89
6796,晉弘,114,Q4,115/09/08,7725.0,7725.0,7725.0,661389.0,381576.0,0.2
6796,晉弘,114,Q3,115/09/08,-26040.0,-26040.0,-26040.0,441057.0,253835.0,-0.68
6799,來頡,114,Q4,115/09/08,157242.0,157242.0,157242.0,966665.0,500786.0,3.7
6799,來頡,114,Q3,115/09/08,96949.0,96949.0,96949.0,729501.0,377194.0,2.29
6803,崑鼎,114,Q1,115/09/08,387362.0,387362.0,326891.0,2218838.0,1762876.0,4.52
6803,崑鼎,114,Q4,115/09/08,1505887.0,1505887.0,1338035.0,9656402.0,7796661.0,18.44
6804,明係,114,Q4,115/09/08,-98958.0,-98958.0,-98958.0,1339647.0,1315497.0,-2.83
6804,明係,114,Q1,115/09/08,16524.0,16524.0,16524.0,341368.0,301293.0,0.47
6805,富世達,114,Q4,115/09/08,2125300.0,2125300.0,2125300.0,12413930.0,9143559.0,31.0
6805,富世達,114,Q3,115/09/08,1373798.0,1373798.0,1373798.0,8437779.0,6322318.0,20.04
6807,峰源-KY,114,Q3,115/09/08,203642.0,203642.0,203642.0,3197376.0,2603197.0,3.77
6807,峰源-KY,114,Q4,115/09/08,253081.0,253081.0,253081.0,4263406.0,3473216.0,4.69
6811,宏�硌穈T,114,Q4,115/09/08,595134.0,595134.0,595134.0,9661000.0,8458040.0,14.36
6811,宏�硌穈T,114,Q1,115/09/08,166259.0,166259.0,166259.0,2525277.0,2219319.0,4.01
6821,聯寶,114,Q4,115/09/08,35073.0,35073.0,35073.0,582139.0,369018.0,1.13
6821,聯寶,114,Q1,115/09/08,9449.0,9449.0,9449.0,138130.0,89500.0,0.3
6823,濾能,114,Q1,115/09/08,-42817.0,-42817.0,-39655.0,126320.0,107720.0,-1.72
6823,濾能,114,Q4,115/09/08,-225446.0,-225446.0,-210485.0,635181.0,601240.0,-7.92
6829,千附精密,114,Q4,115/09/08,233857.0,233857.0,,1821605.0,1325452.0,3.95
6829,千附精密,114,Q1,115/09/08,82865.0,82865.0,,426760.0,275597.0,1.4
6830,汎銓,114,Q4,115/09/08,-36674.0,-36674.0,-36674.0,2178647.0,1662386.0,-0.71
6830,汎銓,114,Q3,115/09/08,-33014.0,-33014.0,-33014.0,1586453.0,1239440.0,-0.64
6831,邁科,114,Q3,115/09/08,188100.0,188100.0,188100.0,2762686.0,2113643.0,3.14
6831,邁科,114,Q4,115/09/08,300667.0,300667.0,300667.0,3703312.0,2834937.0,4.94
6834,天二科技,114,Q4,115/09/08,44398.0,44398.0,44398.0,1430883.0,1174687.0,0.5
6834,天二科技,114,Q3,115/09/08,21513.0,21513.0,21513.0,1100243.0,898068.0,0.24
6835,圓裕,114,Q3,115/09/08,61061.0,61061.0,61114.0,1857955.0,1433065.0,0.92
6835,圓裕,114,Q4,115/09/08,63759.0,63759.0,63833.0,2379713.0,1864666.0,0.97
6838,台新藥,114,Q4,115/09/08,-83573.0,-83573.0,-83565.0,9495.0,11093.0,-0.55
6838,台新藥,114,Q3,115/09/08,-35652.0,-35652.0,-35600.0,6269.0,8375.0,-0.24
6840,東研信超,114,Q4,115/09/08,47957.0,47957.0,47957.0,909141.0,534680.0,1.58
6840,東研信超,114,Q1,115/09/08,5484.0,5484.0,5484.0,196708.0,118495.0,0.18
6841,長佳智能,114,Q1,115/09/08,22452.0,22452.0,17616.0,72049.0,37356.0,0.18
6841,長佳智能,114,Q4,115/09/08,107398.0,107398.0,83354.0,378806.0,153878.0,0.89
6843,進典,114,Q4,115/09/08,71297.0,71297.0,73281.0,825379.0,511686.0,2.2
6843,進典,114,Q1,115/09/08,18850.0,18850.0,18850.0,168111.0,103788.0,0.57
6844,諾貝兒,114,Q1,115/09/08,49325.0,49325.0,,870715.0,580356.0,1.32
6844,諾貝兒,114,Q4,115/09/08,87849.0,87849.0,87849.0,3446197.0,2274442.0,2.35
6846,綠茵,114,Q4,115/09/08,145518.0,145518.0,145518.0,915321.0,475282.0,5.39
6846,綠茵,114,Q1,115/09/08,44411.0,44411.0,44411.0,232761.0,117526.0,1.65
6854,錼創科技-KY創,114,Q4,115/09/08,-117070.0,-117070.0,-117070.0,1351818.0,778089.0,-1.02
6854,錼創科技-KY創,114,Q3,115/09/08,-350333.0,-350333.0,-350333.0,864023.0,556392.0,-3.06
6855,數泓科,114,Q1,115/09/08,68102.0,68102.0,,169357.0,83321.0,2.93
6855,數泓科,114,Q4,115/09/08,182541.0,182541.0,,626234.0,316191.0,7.85
6856,鑫傳,114,Q4,115/09/08,71740.0,71740.0,73910.0,763531.0,242459.0,2.62
6856,鑫傳,114,Q1,115/09/08,8319.0,8319.0,12919.0,167236.0,51136.0,0.46
6859,伯特光,114,Q1,115/09/08,78429.0,78429.0,78429.0,305849.0,200644.0,1.9
6859,伯特光,114,Q4,115/09/08,118496.0,118496.0,118496.0,923346.0,670754.0,2.86
6861,睿生光電,114,Q4,115/09/08,159510.0,159510.0,159510.0,2293791.0,1699340.0,3.84
6861,睿生光電,114,Q3,115/09/08,104655.0,104655.0,104655.0,1642421.0,1202398.0,2.52
6862,三集瑞-KY,114,Q4,115/09/08,414511.0,414511.0,414511.0,2265718.0,1354351.0,8.29
6862,三集瑞-KY,114,Q3,115/09/08,300817.0,300817.0,300817.0,1762422.0,1042252.0,6.02
6863,永道-KY,114,Q3,115/09/08,221224.0,221224.0,221146.0,2889158.0,2116774.0,2.95
6863,永道-KY,114,Q4,115/09/08,224997.0,224997.0,224896.0,3952716.0,3070979.0,3.0
6865,偉康科技,114,Q4,115/09/08,23857.0,23857.0,,427528.0,246607.0,1.52
6865,偉康科技,114,Q1,115/09/08,3666.0,3666.0,,109824.0,66805.0,0.25
6869,雲豹能源,114,Q4,115/09/08,-534461.0,-534461.0,-570450.0,7469018.0,6662661.0,-4.2
6869,雲豹能源,114,Q3,115/09/08,217842.0,217842.0,214183.0,5490773.0,4968125.0,1.57
6870,騰雲,114,Q1,115/09/08,13727.0,13727.0,15046.0,155171.0,52529.0,0.66
6870,騰雲,114,Q4,115/09/08,169975.0,169975.0,165418.0,804345.0,239793.0,7.08
6872,浩宇生醫,114,Q1,115/09/08,-30043.0,-30043.0,-31390.0,1114.0,3121.0,-0.48
6872,浩宇生醫,114,Q4,115/09/08,-149922.0,-149922.0,-148459.0,10483.0,13273.0,-2.14
6873,泓德能源,114,Q4,115/09/08,498641.0,498641.0,503912.0,8779687.0,6525425.0,3.59
6873,泓德能源,114,Q3,115/09/08,209743.0,209743.0,218616.0,5405681.0,4038775.0,1.57
6874,倍力,114,Q1,115/09/08,23856.0,23856.0,,520897.0,459355.0,1.08
6874,倍力,114,Q4,115/09/08,69095.0,69095.0,,1370467.0,1143496.0,3.16
6875,國邑*,114,Q1,115/09/08,-92923.0,-92923.0,-92923.0,0.0,0.0,-0.72
6875,國邑*,114,Q4,115/09/08,-383849.0,-383849.0,-383849.0,67268.0,54235.0,-2.97
6877,鏵友益,114,Q1,115/09/08,2216.0,2216.0,2216.0,128237.0,90717.0,0.05
6877,鏵友益,114,Q4,115/09/08,27469.0,27469.0,27469.0,480581.0,262342.0,0.59
6881,潤德,114,Q1,115/09/08,58172.0,58172.0,,575902.0,468756.0,3.88
6881,潤德,114,Q4,115/09/08,291240.0,291240.0,,2464505.0,1993637.0,19.42
6884,海柏特,114,Q1,115/09/08,6799.0,6799.0,6771.0,287053.0,226269.0,0.42
6884,海柏特,114,Q4,115/09/08,33513.0,33513.0,33411.0,1211483.0,960548.0,2.05
6885,全福生技,114,Q4,115/09/08,-450910.0,-450910.0,-436452.0,5490.0,4240.0,-3.32
6885,全福生技,114,Q3,115/09/08,-278867.0,-278867.0,-275001.0,2905.0,1570.0,-2.08
6887,寶綠特-KY,114,Q3,115/09/08,182604.0,182604.0,182604.0,3345020.0,2617179.0,2.54
6887,寶綠特-KY,114,Q4,115/09/08,332544.0,332544.0,332544.0,4789345.0,3692597.0,4.58
6890,來億-KY,114,Q4,115/09/08,3415995.0,3415995.0,3247647.0,39594659.0,33248169.0,13.02
6890,來億-KY,114,Q3,115/09/08,2411605.0,2411605.0,2284430.0,29027393.0,24347925.0,9.16
6894,衛司特,114,Q4,115/09/08,268311.0,268311.0,261503.0,1378741.0,872776.0,10.99
6894,衛司特,114,Q1,115/09/08,64191.0,64191.0,62127.0,321666.0,208859.0,2.61
6895,宏碩系統,114,Q4,115/09/08,123197.0,123197.0,,850772.0,589270.0,3.61
6895,宏碩系統,114,Q1,115/09/08,12518.0,12518.0,,104674.0,65723.0,0.37
6899,創為精密,114,Q1,115/09/08,43158.0,43158.0,43268.0,274910.0,162887.0,1.02
6899,創為精密,114,Q4,115/09/08,150610.0,150610.0,150905.0,1194784.0,721270.0,3.59
6901,鑽石投資,114,Q3,115/09/08,-1160104.0,-1160104.0,,-1089714.0,,-1.36
6901,鑽石投資,114,Q4,115/09/08,-1174732.0,-1174732.0,,-1073250.0,,-1.38
6902,GOGOLOOK,114,Q4,115/09/08,53846.0,53846.0,53846.0,1048183.0,122266.0,1.58
6902,GOGOLOOK,114,Q3,115/09/08,7685.0,7685.0,7685.0,747564.0,88892.0,0.23
6903,巨漢,114,Q1,115/09/08,66460.0,66460.0,,419832.0,314455.0,1.0
6903,巨漢,114,Q4,115/09/08,705518.0,705518.0,,3604128.0,2607537.0,10.62
6904,伯鑫,114,Q4,115/09/08,100636.0,100636.0,100636.0,862505.0,597145.0,5.44
6904,伯鑫,114,Q1,115/09/08,22636.0,22636.0,22636.0,247620.0,161012.0,1.22
6906,現觀科,114,Q3,115/09/08,18448.0,18448.0,18448.0,229268.0,32830.0,0.56
6906,現觀科,114,Q4,115/09/08,61237.0,61237.0,61237.0,348178.0,45948.0,1.87
6907,雅特力-KY,114,Q1,115/09/08,14149.0,14149.0,14149.0,373862.0,244077.0,0.28
6907,雅特力-KY,114,Q4,115/09/08,106697.0,106697.0,106697.0,1666053.0,1101961.0,2.08
6908,宏�砦C戲-創,114,Q4,115/09/08,47431.0,47431.0,50533.0,5522822.0,4884125.0,1.44
6908,宏�砦C戲-創,114,Q3,115/09/08,54871.0,54871.0,36700.0,3722563.0,3277713.0,1.05
6909,創控,114,Q4,115/09/08,64847.0,64847.0,,551018.0,222701.0,1.01
6909,創控,114,Q3,115/09/08,2818.0,2818.0,,336186.0,144461.0,0.04
6910,德鴻,114,Q1,115/09/08,8665.0,8665.0,8665.0,70634.0,30787.0,0.32
6910,德鴻,114,Q4,115/09/08,54178.0,54178.0,54178.0,384828.0,173527.0,2.0
6913,鴻呈,114,Q4,115/09/08,203730.0,203730.0,189549.0,2631512.0,1917817.0,4.34
6913,鴻呈,114,Q1,115/09/08,49284.0,49284.0,46856.0,578564.0,415465.0,1.12
6914,阜爾運通,114,Q4,115/09/08,635721.0,635721.0,635721.0,5678227.0,4434956.0,9.6
6914,阜爾運通,114,Q3,115/09/08,488944.0,488944.0,488944.0,4222063.0,3286147.0,7.38
6916,華凌,114,Q3,115/09/08,-65302.0,-65302.0,-65824.0,1519986.0,1160487.0,-0.98
6916,華凌,114,Q4,115/09/08,-96780.0,-96780.0,-97462.0,2030032.0,1544542.0,-1.44
6918,愛派司,114,Q3,115/09/08,130513.0,130513.0,130391.0,620978.0,189432.0,4.05
6918,愛派司,114,Q4,115/09/08,169541.0,169541.0,169382.0,835891.0,262433.0,5.16
6919,康霈*,114,Q4,115/09/08,-351918.0,-351918.0,-351918.0,38037.0,11517.0,-0.23
6919,康霈*,114,Q3,115/09/08,-432108.0,-432108.0,-432108.0,25627.0,8114.0,-0.28
6921,嘉雨思-創,114,Q4,115/09/08,10693.0,10693.0,,194898.0,82875.0,0.35
6921,嘉雨思-創,114,Q3,115/09/08,6210.0,6210.0,,150295.0,63942.0,0.21
6922,宸曜,114,Q4,115/09/08,186888.0,186888.0,186888.0,1642902.0,952878.0,6.9
6922,宸曜,114,Q1,115/09/08,65346.0,65346.0,65346.0,418369.0,239573.0,2.55
6923,中台,114,Q3,115/09/08,190652.0,190652.0,190652.0,859962.0,537337.0,2.08
6923,中台,114,Q4,115/09/08,277947.0,277947.0,277947.0,1155508.0,712524.0,3.03
6924,榮惠-KY創,114,Q3,115/09/08,67374.0,67374.0,67374.0,1266695.0,998627.0,3.23
6924,榮惠-KY創,114,Q4,115/09/08,118421.0,118421.0,118421.0,1693719.0,1313654.0,5.68
6925,意藍,114,Q4,115/09/08,59306.0,59306.0,,210188.0,40625.0,3.11
6925,意藍,114,Q1,115/09/08,9964.0,9964.0,,43975.0,8652.0,0.56
6928,攸泰科技,114,Q4,115/09/08,-62366.0,-62366.0,-62366.0,1970085.0,1450289.0,-0.73
6928,攸泰科技,114,Q3,115/09/08,-8179.0,-8179.0,-8179.0,1629408.0,1217242.0,-0.1
6929,佑全,114,Q1,115/09/08,-12425.0,-12425.0,,797872.0,528293.0,-0.28
6929,佑全,114,Q4,115/09/08,-73212.0,-73212.0,,3221803.0,2153762.0,-1.63
6931,青松健康,114,Q4,115/09/08,93674.0,93674.0,91704.0,1121696.0,974073.0,1.39
6931,青松健康,114,Q3,115/09/08,51581.0,51581.0,51109.0,824924.0,723763.0,0.78
6933,AMAX-KY,114,Q3,115/09/08,155769.0,155769.0,155769.0,5238794.0,4616452.0,3.69
6933,AMAX-KY,114,Q4,115/09/08,212997.0,212997.0,212997.0,6986785.0,6114605.0,5.04
6934,心誠鎂,114,Q4,115/09/08,-126110.0,-126110.0,-126110.0,100234.0,75314.0,-3.92
6934,心誠鎂,114,Q3,115/09/08,-133062.0,-133062.0,-133062.0,17754.0,46409.0,-4.17
6936,永鴻生技,114,Q3,115/09/08,83605.0,83605.0,,1043437.0,715624.0,1.19
6936,永鴻生技,114,Q4,115/09/08,128853.0,128853.0,,1416122.0,964249.0,1.82
6937,天虹,114,Q3,115/09/08,127795.0,127795.0,129683.0,1522989.0,928270.0,1.92
6937,天虹,114,Q4,115/09/08,199795.0,199795.0,202789.0,2244646.0,1344705.0,3.01
6944,兆聯實業,114,Q3,115/09/08,1612956.0,1612956.0,1612956.0,11557270.0,9014519.0,22.26
6944,兆聯實業,114,Q4,115/09/08,2371525.0,2371525.0,2371525.0,16912921.0,13089530.0,32.29
6945,圓祥生技,114,Q4,115/09/08,-444767.0,-444767.0,-444767.0,0.0,0.0,-5.23
6947,台鎔科技,114,Q4,115/09/08,66201.0,66201.0,66201.0,1287703.0,960784.0,0.7
6949,沛爾生醫*-創,114,Q3,115/09/08,-285438.0,-285438.0,-271981.0,25355.0,31094.0,-4.65
6949,沛爾生醫*-創,114,Q4,115/09/08,-452672.0,-452672.0,-423938.0,31424.0,35815.0,-7.23
6951,青新-創,114,Q4,115/09/08,247739.0,247739.0,247739.0,865617.0,355176.0,5.39
6951,青新-創,114,Q3,115/09/08,196032.0,196032.0,196032.0,611463.0,253846.0,4.26
6952,大武山,114,Q3,115/09/08,-103936.0,-103936.0,-123973.0,1395521.0,1158671.0,-1.72
6952,大武山,114,Q4,115/09/08,-60145.0,-60145.0,-80812.0,1944395.0,1628406.0,-1.08
6953,家碩,114,Q4,115/09/08,239685.0,239685.0,239685.0,1324338.0,714926.0,7.99
6953,家碩,114,Q1,115/09/08,45990.0,45990.0,45990.0,246783.0,159683.0,1.53
6955,邦睿生技-創,114,Q4,115/09/08,102505.0,102505.0,102505.0,306307.0,67786.0,4.13
6955,邦睿生技-創,114,Q3,115/09/08,72688.0,72688.0,72688.0,224075.0,48834.0,2.93
6957,裕慶-KY,114,Q3,115/09/08,295443.0,295443.0,298376.0,2673591.0,1682070.0,5.41
6957,裕慶-KY,114,Q4,115/09/08,554922.0,554922.0,560608.0,3823823.0,2285960.0,10.18
6958,日盛台駿,114,Q4,115/09/08,-959551.0,-959551.0,-959738.0,10850418.0,7524678.0,-2.38
6958,日盛台駿,114,Q3,115/09/08,-687397.0,-687397.0,-687856.0,8254462.0,5706416.0,-1.71
6961,旅天下,114,Q4,115/09/08,100663.0,100663.0,100000.0,4133329.0,3520218.0,4.23
6962,奕力-KY,114,Q4,115/09/08,1364287.0,1364287.0,1364287.0,19085070.0,13904154.0,2.87
6962,奕力-KY,114,Q3,115/09/08,1233005.0,1233005.0,1233005.0,14355224.0,9995082.0,2.6
6965,中傑-KY,114,Q3,115/09/08,464335.0,464335.0,446771.0,16722517.0,14786761.0,2.94
6965,中傑-KY,114,Q4,115/09/08,557416.0,557416.0,536855.0,21670986.0,19155893.0,3.5
6967,汎瑋材料,114,Q1,115/09/08,15682.0,15682.0,15682.0,294762.0,218475.0,0.63
6967,汎瑋材料,114,Q4,115/09/08,98820.0,98820.0,98820.0,1415108.0,1043743.0,4.02
6968,萬達寵物,114,Q1,115/09/08,40904.0,40904.0,40883.0,784951.0,458179.0,0.94
6968,萬達寵物,114,Q4,115/09/08,114972.0,114972.0,114866.0,3211810.0,1879974.0,2.46
6969,成信實業*-創,114,Q4,115/09/08,-3552.0,-3552.0,-3552.0,360128.0,252312.0,-0.09
6969,成信實業*-創,114,Q3,115/09/08,-9167.0,-9167.0,-9167.0,229807.0,159050.0,-0.24
6971,惠民實業,114,Q1,115/09/08,8181.0,8181.0,8181.0,443132.0,400324.0,0.23
6971,惠民實業,114,Q4,115/09/08,87345.0,87345.0,87345.0,2314870.0,2076139.0,2.42
6982,大井泵浦,114,Q1,115/09/08,32373.0,32373.0,32373.0,429431.0,308371.0,0.8
6982,大井泵浦,114,Q4,115/09/08,2307.0,2307.0,2307.0,1617553.0,1226448.0,0.06
6983,華洋精機,114,Q4,115/09/08,70971.0,70971.0,,312265.0,107521.0,4.46
6986,和迅,114,Q4,115/09/08,111906.0,111906.0,,293225.0,26950.0,2.43
6988,威力暘-創,114,Q3,115/09/08,-9924.0,-9924.0,-9924.0,600863.0,423989.0,-0.21
6988,威力暘-創,114,Q4,115/09/08,-54079.0,-54079.0,-54079.0,791989.0,582464.0,-1.13
6994,富威電力,114,Q3,115/09/08,84392.0,84392.0,79735.0,1529978.0,1246283.0,1.13
6994,富威電力,114,Q4,115/09/08,454339.0,454339.0,449893.0,4990058.0,3777864.0,6.34
6996,力領科技,114,Q1,115/09/08,99828.0,99828.0,,624295.0,380645.0,2.4
6996,力領科技,114,Q4,115/09/08,506028.0,506028.0,,2690185.0,1608278.0,12.15
6997,博弘,114,Q1,115/09/08,31729.0,31729.0,31729.0,1049393.0,932690.0,1.44
6997,博弘,114,Q4,115/09/08,112867.0,112867.0,112867.0,4452485.0,4007901.0,5.11
7402,邑錡,114,Q4,115/09/08,3688.0,3688.0,,520889.0,339235.0,0.1
7402,邑錡,114,Q1,115/09/08,14718.0,14718.0,,125712.0,76994.0,0.42
7547,碩網,114,Q1,115/09/08,12553.0,12553.0,12553.0,61807.0,29763.0,0.43
7547,碩網,114,Q4,115/09/08,81698.0,81698.0,81698.0,352285.0,160464.0,2.65
7556,意德士科技,114,Q4,115/09/08,189864.0,189864.0,189939.0,747739.0,459026.0,7.1
7556,意德士科技,114,Q1,115/09/08,51742.0,51742.0,51742.0,192381.0,125544.0,2.05
7584,樂意,114,Q1,115/09/08,25010.0,25010.0,25318.0,302298.0,162826.0,1.54
7584,樂意,114,Q4,115/09/08,-32912.0,-32912.0,-32515.0,959583.0,576051.0,-1.98
7610,聯友金屬-創,114,Q3,115/09/08,75069.0,75069.0,75069.0,889160.0,712287.0,1.75
7610,聯友金屬-創,114,Q4,115/09/08,241243.0,241243.0,241243.0,1405539.0,972973.0,5.45
7631,聚賢研發-創,114,Q3,115/09/08,58501.0,58501.0,58501.0,633512.0,451176.0,3.07
7631,聚賢研發-創,114,Q4,115/09/08,126452.0,126452.0,126452.0,1102454.0,798987.0,6.56
7642,昶瑞機電,114,Q4,115/09/08,94727.0,94727.0,94727.0,808094.0,590478.0,3.29
7642,昶瑞機電,114,Q1,115/09/08,39951.0,39951.0,,230519.0,161520.0,1.51
7689,大鵬科CLMX,114,Q4,115/09/08,528720.0,528720.0,528720.0,4461401.0,3106001.0,10.38
7703,銳澤,114,Q4,115/09/08,299871.0,299871.0,302859.0,2564418.0,1986274.0,8.72
7703,銳澤,114,Q1,115/09/08,68106.0,68106.0,68106.0,499645.0,388657.0,1.96
7704,明遠精密,114,Q4,115/09/08,68245.0,68245.0,69512.0,671073.0,449528.0,2.07
7704,明遠精密,114,Q1,115/09/08,16372.0,16372.0,16372.0,159341.0,104126.0,0.49
7705,三商餐飲,114,Q3,115/09/08,89117.0,89117.0,89204.0,4864101.0,3141384.0,1.35
7705,三商餐飲,114,Q4,115/09/08,126923.0,126923.0,127063.0,6533440.0,4225898.0,1.92
7708,全家餐飲,114,Q1,115/09/08,39477.0,39477.0,39477.0,646085.0,338086.0,1.55
7708,全家餐飲,114,Q4,115/09/08,164673.0,164673.0,164673.0,2723175.0,1399654.0,6.46
7709,榮田,114,Q4,115/09/08,95299.0,95299.0,,1002578.0,716987.0,2.48
7709,榮田,114,Q1,115/09/08,30762.0,30762.0,,172071.0,125339.0,0.84
7711,永擎,114,Q3,115/09/08,562088.0,562088.0,562088.0,17510549.0,16128049.0,9.3
7711,永擎,114,Q4,115/09/08,803475.0,803475.0,803475.0,24875523.0,22751691.0,13.04
7712,博盛半導體,114,Q1,115/09/08,43085.0,43085.0,43085.0,315821.0,215060.0,1.32
7712,博盛半導體,114,Q4,115/09/08,176511.0,176511.0,176511.0,1316496.0,880286.0,5.42
7713,威力德生醫,114,Q4,115/09/08,208555.0,208555.0,208555.0,1109300.0,738334.0,4.64
7713,威力德生醫,114,Q1,115/09/08,40978.0,40978.0,40978.0,245133.0,167140.0,0.95
7714,創泓科技,114,Q1,115/09/08,21297.0,21297.0,21297.0,421665.0,352973.0,1.03
7714,創泓科技,114,Q4,115/09/08,132335.0,132335.0,132335.0,1804921.0,1460545.0,6.33
7715,裕山,114,Q4,115/09/08,101885.0,101885.0,101885.0,1239146.0,975528.0,3.09
7715,裕山,114,Q1,115/09/08,44469.0,44469.0,44469.0,438528.0,337559.0,1.37
7716,昱臺國際,114,Q1,115/09/08,20876.0,20876.0,20715.0,519494.0,410055.0,1.04
7716,昱臺國際,114,Q4,115/09/08,46299.0,46299.0,45749.0,1981968.0,1569764.0,2.23
7717,萊德光電-KY,114,Q4,115/09/08,137659.0,137659.0,135362.0,862292.0,330996.0,6.13
7717,萊德光電-KY,114,Q1,115/09/08,28160.0,28160.0,27724.0,203702.0,78697.0,1.28
7718,友鋮,114,Q1,115/09/08,42864.0,42864.0,42864.0,595964.0,485464.0,1.02
7718,友鋮,114,Q4,115/09/08,168908.0,168908.0,168908.0,2443169.0,2016050.0,3.75
7721,微程式,114,Q3,115/09/08,20900.0,20900.0,20900.0,367835.0,113402.0,0.4
7721,微程式,114,Q4,115/09/08,29030.0,29030.0,29030.0,507789.0,161625.0,0.55
7722,LINEPAY,114,Q4,115/09/08,507386.0,507386.0,507386.0,7872004.0,5298610.0,7.46
7722,LINEPAY,114,Q3,115/09/08,411848.0,411848.0,411848.0,5693726.0,3787675.0,6.06
7723,築間,114,Q4,115/09/08,-332030.0,-332030.0,-327623.0,4935982.0,2678221.0,-6.69
7723,築間,114,Q1,115/09/08,3616.0,3616.0,5051.0,1339414.0,718966.0,0.11
7728,光焱科技,114,Q1,115/09/08,13600.0,13600.0,13600.0,84700.0,33338.0,1.06
7728,光焱科技,114,Q4,115/09/08,66900.0,66900.0,66900.0,356716.0,121728.0,4.92
7730,暉盛-創,114,Q3,115/09/08,29000.0,29000.0,29000.0,355595.0,199381.0,0.84
7730,暉盛-創,114,Q4,115/09/08,60395.0,60395.0,60395.0,518437.0,285714.0,1.73
7732,金興精密,114,Q4,115/09/08,112342.0,112342.0,112342.0,1092317.0,768666.0,1.73
7732,金興精密,114,Q3,115/09/08,84561.0,84561.0,84561.0,876819.0,615228.0,1.3
7734,印能科技,114,Q4,115/09/08,927600.0,927600.0,918092.0,2302773.0,776261.0,33.5
7734,印能科技,114,Q1,115/09/08,227992.0,227992.0,226092.0,481554.0,135357.0,10.79
7736,虎山,114,Q4,115/09/08,374372.0,374372.0,374372.0,1664046.0,1159928.0,5.04
7736,虎山,114,Q3,115/09/08,251297.0,251297.0,251297.0,1278163.0,898422.0,3.4
7738,東聯互動,114,Q1,115/09/08,67506.0,67506.0,67506.0,126188.0,57762.0,2.72
7738,東聯互動,114,Q4,115/09/08,371071.0,371071.0,371071.0,565110.0,253521.0,14.61
7740,熙特爾-創,114,Q4,115/09/08,278731.0,278731.0,253673.0,4221019.0,3568019.0,4.9
7740,熙特爾-創,114,Q3,115/09/08,138584.0,138584.0,165195.0,1159065.0,863149.0,3.22
7743,金利食安,114,Q4,115/09/08,20275.0,20275.0,20349.0,682132.0,487903.0,0.57
7743,金利食安,114,Q1,115/09/08,4132.0,4132.0,4132.0,119678.0,84084.0,0.12
7744,崴寶,114,Q1,115/09/08,114868.0,114868.0,114868.0,535859.0,336593.0,4.0
7744,崴寶,114,Q4,115/09/08,472649.0,472649.0,472649.0,2365301.0,1453829.0,16.28
7747,昕奇雲端,114,Q4,115/09/08,110520.0,110520.0,102792.0,1568346.0,1336468.0,4.04
7747,昕奇雲端,114,Q1,115/09/08,31262.0,31262.0,29461.0,432922.0,367667.0,1.25
7749,意騰-KY,114,Q3,115/09/08,393464.0,393464.0,393464.0,1142713.0,251976.0,9.12
7749,意騰-KY,114,Q4,115/09/08,517531.0,517531.0,517531.0,1590527.0,379705.0,11.77
7750,新代,114,Q3,115/09/08,1445340.0,1445340.0,1445340.0,10265482.0,5571549.0,22.8
7750,新代,114,Q4,115/09/08,2283305.0,2283305.0,2283305.0,13960426.0,7573163.0,35.12
7751,竑騰,114,Q1,115/09/08,98305.0,98305.0,97973.0,357115.0,148566.0,4.01
7751,竑騰,114,Q4,115/09/08,520826.0,520826.0,518752.0,1859407.0,828067.0,20.5
7753,星亞,114,Q4,115/09/08,98150.0,98150.0,,873095.0,577413.0,4.22
7753,星亞,114,Q1,115/09/08,21867.0,21867.0,,202053.0,126438.0,0.99
7757,金色三麥,114,Q1,115/09/08,36972.0,36972.0,36718.0,542544.0,254442.0,1.68
7757,金色三麥,114,Q4,115/09/08,201865.0,201865.0,200761.0,2296648.0,1038989.0,8.97
7760,享溫馨,114,Q3,115/09/08,31403.0,31403.0,,978866.0,623921.0,0.63
7760,享溫馨,114,Q4,115/09/08,35480.0,35480.0,,1291287.0,825265.0,0.68
7765,中華資安,114,Q4,115/09/08,436927.0,436927.0,,2045570.0,1085220.0,11.47
7765,中華資安,114,Q3,115/09/08,317140.0,317140.0,,1469233.0,787716.0,8.52
7767,仁大資訊,114,Q4,115/09/08,112126.0,112126.0,112126.0,2365808.0,2039836.0,4.18
7767,仁大資訊,114,Q1,115/09/08,24262.0,24262.0,24262.0,595304.0,524171.0,0.91
7768,頌勝科技,114,Q3,115/09/08,149729.0,149729.0,142521.0,1510624.0,743979.0,2.43
7768,頌勝科技,114,Q4,115/09/08,199882.0,199882.0,191182.0,1980776.0,972203.0,3.24
7769,鴻勁,114,Q4,115/09/08,12361796.0,12361796.0,12361796.0,30270625.0,13156989.0,75.71
7769,鴻勁,114,Q3,115/09/08,8650627.0,8650627.0,8650627.0,20995036.0,8733850.0,53.54
7770,君曜,114,Q1,115/09/08,22425.0,22425.0,22425.0,89776.0,54510.0,0.83
7770,君曜,114,Q4,115/09/08,82103.0,82103.0,82103.0,512752.0,332702.0,3.0
7772,耀穎,114,Q4,115/09/08,44864.0,44864.0,,426056.0,275041.0,1.86
7777,能率亞洲,114,Q4,115/09/08,97800.0,97800.0,,140251.0,,0.58
7780,大研生醫*,114,Q3,115/09/08,213223.0,213223.0,213223.0,1238978.0,434534.0,3.44
7780,大研生醫*,114,Q4,115/09/08,337867.0,337867.0,337867.0,1895089.0,689360.0,0.51
7782,光速火箭,114,Q1,115/09/08,19875.0,19875.0,19875.0,193521.0,59596.0,0.94
7782,光速火箭,114,Q4,115/09/08,45315.0,45315.0,45800.0,699831.0,220514.0,2.13
7786,東方風能,114,Q3,115/09/08,1418203.0,1418203.0,,8397423.0,6252002.0,9.06
7786,東方風能,114,Q4,115/09/08,1766980.0,1766980.0,,10460828.0,7863562.0,11.11
7788,松川精密,114,Q4,115/09/08,269553.0,269553.0,269164.0,6432803.0,4693168.0,3.63
7788,松川精密,114,Q3,115/09/08,159317.0,159317.0,158250.0,4763059.0,3458236.0,2.18
7791,皇家可口,114,Q4,115/09/08,403431.0,403431.0,403431.0,2577628.0,1687920.0,5.61
7791,皇家可口,114,Q3,115/09/08,376255.0,376255.0,376255.0,2070171.0,1349853.0,5.38
7792,安葆,114,Q1,115/09/08,83596.0,83596.0,83596.0,1100303.0,929806.0,1.96
7792,安葆,114,Q4,115/09/08,372258.0,372258.0,372258.0,5986211.0,5161503.0,8.72
7794,宏�硒撥s,114,Q4,115/09/08,67920.0,67920.0,67920.0,990195.0,748663.0,2.72
7795,長廣,114,Q3,115/09/08,141342.0,141342.0,141342.0,1262895.0,713422.0,2.0
7795,長廣,114,Q4,115/09/08,219974.0,219974.0,219974.0,1897890.0,1047676.0,3.11
7799,禾榮科,114,Q4,115/09/08,-481666.0,-481666.0,,10308.0,36090.0,-3.31
7799,禾榮科,114,Q3,115/09/08,-399101.0,-399101.0,,5526.0,22910.0,-2.82
7803,雲象科技-創,114,Q3,115/09/08,-151939.0,-151939.0,-151939.0,139421.0,83033.0,-1.71
7803,雲象科技-創,114,Q4,115/09/08,-203893.0,-203893.0,-203893.0,193802.0,116410.0,-2.29
7805,威聯通,114,Q1,115/09/08,352145.0,352145.0,352145.0,1616988.0,714054.0,11.74
7805,威聯通,114,Q4,115/09/08,1352380.0,1352380.0,1352380.0,6248964.0,2709824.0,44.56
7810,捷創科技,114,Q4,115/09/08,113027.0,113027.0,,594386.0,291879.0,6.25
7810,捷創科技,114,Q1,115/09/08,25180.0,25180.0,,123715.0,60974.0,1.4
7811,民盛,114,Q4,115/09/08,246052.0,246052.0,246052.0,3075113.0,2369365.0,8.1
7814,海昌生技,114,Q4,115/09/08,-5004.0,-5004.0,-5004.0,83043.0,24492.0,-0.13
7818,溢泰實業,114,Q4,115/09/08,847834.0,847834.0,847763.0,12598430.0,8785911.0,5.65
7818,溢泰實業,114,Q3,115/09/08,573687.0,573687.0,573616.0,9525014.0,6657142.0,3.83
7819,精誠金融,114,Q4,115/09/08,63816.0,63816.0,,531743.0,285691.0,2.91
7820,立盈,114,Q4,115/09/08,60216.0,60216.0,,298430.0,138081.0,1.76
7821,神數,114,Q3,115/09/08,192472.0,192472.0,196957.0,5944434.0,4505152.0,1.76
7821,神數,114,Q4,115/09/08,322763.0,322763.0,327248.0,8329635.0,6287751.0,2.99
7822,倍利科,114,Q4,115/09/08,580406.0,580406.0,581838.0,2075454.0,800515.0,14.04
7822,倍利科,114,Q3,115/09/08,365904.0,365904.0,366860.0,1306481.0,496528.0,8.86
7823,奧義賽博-KY創,114,Q3,115/09/08,-61850.0,-61850.0,-61850.0,251075.0,43865.0,-2.01
7823,奧義賽博-KY創,114,Q4,115/09/08,-46185.0,-46185.0,-46185.0,368829.0,68673.0,-1.49
7827,漢康-KY創,114,Q3,115/09/08,-158288.0,-158288.0,-158288.0,312223.0,0.0,-1.32
7827,漢康-KY創,114,Q4,115/09/08,-391515.0,-391515.0,-276721.0,312223.0,0.0,-2.26
7828,創新服務,114,Q4,115/09/08,227671.0,227671.0,227671.0,716233.0,170092.0,6.33
7835,永悅健康-創,114,Q4,115/09/08,-161772.0,-161772.0,-162278.0,513203.0,346199.0,-3.85
7839,達人網,114,Q4,115/09/08,34139.0,34139.0,34139.0,173002.0,16062.0,2.56
7842,天能綠電,114,Q4,115/09/08,59685.0,59685.0,,2285077.0,2157781.0,4.01
7855,和運租車,114,Q4,115/09/08,847377.0,847377.0,886631.0,29679362.0,26063327.0,4.61
8011,台通,114,Q3,115/09/08,198304.0,198304.0,165497.0,1557911.0,1158158.0,1.0
8011,台通,114,Q4,115/09/08,262459.0,262459.0,216126.0,2075427.0,1537968.0,1.3
8016,矽創,114,Q4,115/09/08,2223965.0,2223965.0,1745038.0,19001932.0,13183256.0,14.66
8016,矽創,114,Q3,115/09/08,1550585.0,1550585.0,1227305.0,13694527.0,9492410.0,10.3
8021,尖點,114,Q3,115/09/08,277664.0,277664.0,239598.0,3068827.0,2175581.0,1.69
8021,尖點,114,Q4,115/09/08,456925.0,456925.0,389328.0,4410104.0,3049580.0,2.75
8024,佑華,114,Q1,115/09/08,-24728.0,-24728.0,-24728.0,43617.0,36602.0,-0.55
8024,佑華,114,Q4,115/09/08,-115357.0,-115357.0,-115357.0,153782.0,126155.0,-2.55
8027,鈦昇,114,Q4,115/09/08,-103872.0,-103872.0,-97799.0,1809347.0,1171905.0,-0.93
8027,鈦昇,114,Q1,115/09/08,-62364.0,-62364.0,-60703.0,314912.0,215751.0,-0.57
8028,昇陽半導體,114,Q4,115/09/08,756578.0,756578.0,,4509587.0,2974768.0,4.37
8028,昇陽半導體,114,Q3,115/09/08,531920.0,531920.0,,3290294.0,2162954.0,3.08
8032,光菱,114,Q4,115/09/08,113335.0,113335.0,113221.0,3634344.0,3141299.0,2.19
8032,光菱,114,Q1,115/09/08,25252.0,25252.0,25222.0,843969.0,734521.0,0.49
8033,雷虎,114,Q4,115/09/08,78760.0,78760.0,87643.0,1424123.0,892421.0,0.58
8033,雷虎,114,Q3,115/09/08,108541.0,108541.0,110726.0,1079527.0,671321.0,0.73
8034,榮群,114,Q1,115/09/08,281.0,281.0,281.0,36861.0,7549.0,0.0
8034,榮群,114,Q4,115/09/08,80024.0,80024.0,80024.0,488706.0,263951.0,1.42
8038,長園科,114,Q4,115/09/08,51211.0,51211.0,57101.0,596929.0,424582.0,0.92
8038,長園科,114,Q1,115/09/08,-12413.0,-12413.0,-11368.0,38218.0,15000.0,-0.18
8039,台虹,114,Q4,115/09/08,525025.0,525025.0,535119.0,10609440.0,8568425.0,2.07
8039,台虹,114,Q3,115/09/08,332845.0,332845.0,341627.0,7864257.0,6360407.0,1.33
8040,九暘,114,Q1,115/09/08,-8834.0,-8834.0,,162875.0,94957.0,-0.09
8040,九暘,114,Q4,115/09/08,-58220.0,-58220.0,,661114.0,389312.0,-0.6
8042,金山電,114,Q1,115/09/08,-9658.0,-9658.0,-9499.0,836247.0,668988.0,-0.07
8042,金山電,114,Q4,115/09/08,114381.0,114381.0,115439.0,3765883.0,3011876.0,0.89
8043,蜜望實,114,Q4,115/09/08,133507.0,133507.0,133507.0,5426256.0,5121130.0,1.67
8043,蜜望實,114,Q1,115/09/08,-24987.0,-24987.0,-24987.0,1052615.0,992374.0,-0.31
8044,網家,114,Q4,115/09/08,-814529.0,-814529.0,-920612.0,36858477.0,31926627.0,-4.62
8044,網家,114,Q1,115/09/08,-46602.0,-46602.0,-147729.0,8949663.0,7764563.0,-0.79
8045,達運光電,114,Q4,115/09/08,60178.0,60178.0,60958.0,1195849.0,730191.0,0.64
8045,達運光電,114,Q3,115/09/08,40205.0,40205.0,40831.0,999084.0,654809.0,0.43
8046,南電,114,Q3,115/09/08,744916.0,744916.0,744916.0,29008401.0,26759522.0,1.15
8046,南電,114,Q4,115/09/08,1946775.0,1946775.0,1946775.0,40172990.0,36525938.0,3.01
8047,星雲,114,Q1,115/09/08,-1904.0,-1904.0,-1904.0,111625.0,69504.0,-0.05
8047,星雲,114,Q4,115/09/08,-32385.0,-32385.0,-32385.0,461658.0,304057.0,-0.78
8048,德勝,114,Q4,115/09/08,153857.0,153857.0,153857.0,1010651.0,660294.0,2.67
8048,德勝,114,Q1,115/09/08,38149.0,38149.0,38149.0,249402.0,167810.0,0.66
8049,晶采,114,Q1,115/09/08,54733.0,54733.0,54733.0,324198.0,226706.0,0.46
8049,晶采,114,Q4,115/09/08,203009.0,203009.0,203009.0,1310430.0,941633.0,1.72
8050,廣積,114,Q4,115/09/08,28809.0,28809.0,210813.0,5357561.0,4214260.0,1.44
8050,廣積,114,Q1,115/09/08,141082.0,141082.0,162567.0,1547998.0,1201229.0,1.12
8054,安國,114,Q1,115/09/08,65592.0,65592.0,-69448.0,376548.0,220641.0,-0.7
8054,安國,114,Q4,115/09/08,-349385.0,-349385.0,-331642.0,2876052.0,2191637.0,-3.19
8059,凱碩,114,Q4,115/09/08,-439973.0,-439973.0,-462963.0,7649915.0,6945049.0,-2.39
8059,凱碩,114,Q1,115/09/08,-110989.0,-110989.0,-110989.0,179876.0,221195.0,-0.57
8064,東捷,114,Q1,115/09/08,-99887.0,-99887.0,-108004.0,518223.0,550222.0,-0.66
8064,東捷,114,Q4,115/09/08,266821.0,266821.0,224775.0,2870684.0,2060590.0,1.36
8066,來思達,114,Q4,115/09/08,-96700.0,-96700.0,-103404.0,4420666.0,3961264.0,-3.49
8066,來思達,114,Q1,115/09/08,5508.0,5508.0,5853.0,1071003.0,931030.0,0.2
8067,志旭,114,Q1,115/09/08,-6452.0,-6452.0,-6452.0,32610.0,18996.0,-0.31
8067,志旭,114,Q4,115/09/08,-12127.0,-12127.0,-12127.0,107041.0,62996.0,-0.59
8068,全達,114,Q4,115/09/08,70205.0,70205.0,98947.0,837435.0,798124.0,1.23
8068,全達,114,Q1,115/09/08,-665.0,-665.0,3515.0,180612.0,169940.0,0.04
8069,元太,114,Q1,115/09/08,2196959.0,2196959.0,2196599.0,8059437.0,3851753.0,1.91
8069,元太,114,Q4,115/09/08,10506124.0,10506124.0,10514879.0,36115814.0,16282499.0,9.14
8070,長華*,114,Q3,115/09/08,1534571.0,1534571.0,1049786.0,14241081.0,11591937.0,1.49
8070,長華*,114,Q4,115/09/08,1419550.0,1419550.0,716090.0,19351780.0,15774766.0,1.02
8071,能率網通,114,Q4,115/09/08,-78392.0,-78392.0,-63959.0,1977380.0,1646101.0,-1.1
8071,能率網通,114,Q1,115/09/08,-45129.0,-45129.0,-42557.0,488783.0,414097.0,-0.82
8072,陞泰,114,Q3,115/09/08,52308.0,52308.0,45375.0,906438.0,750466.0,0.57
8072,陞泰,114,Q4,115/09/08,101692.0,101692.0,88994.0,1284133.0,1072652.0,1.11
8074,鉅橡,114,Q1,115/09/08,20878.0,20878.0,19302.0,306406.0,239867.0,0.24
8074,鉅橡,114,Q4,115/09/08,116127.0,116127.0,109028.0,1312936.0,1012556.0,1.35
8076,伍豐,114,Q4,115/09/08,42213.0,42213.0,42029.0,1972656.0,1308328.0,0.14
8076,伍豐,114,Q1,115/09/08,12103.0,12103.0,11292.0,427259.0,274201.0,0.04
8077,洛��,114,Q1,115/09/08,32133.0,32133.0,,262333.0,182127.0,1.46
8077,洛��,114,Q4,115/09/08,132565.0,132565.0,,1081415.0,768565.0,6.04
8080,泰霖,114,Q4,115/09/08,7529.0,7529.0,7529.0,197509.0,154881.0,0.12
8080,泰霖,114,Q1,115/09/08,7214.0,7214.0,7214.0,60168.0,45062.0,0.11
8081,致新,114,Q4,115/09/08,1550745.0,1550745.0,1522731.0,8665677.0,5287796.0,17.76
8081,致新,114,Q3,115/09/08,1134878.0,1134878.0,1118569.0,6621436.0,4022852.0,13.05
8083,瑞穎,114,Q4,115/09/08,344194.0,344194.0,,1431337.0,851072.0,9.8
8083,瑞穎,114,Q1,115/09/08,66474.0,66474.0,,280467.0,162378.0,1.89
8084,巨虹,114,Q1,115/09/08,8572.0,8572.0,6201.0,181080.0,88668.0,0.09
8084,巨虹,114,Q4,115/09/08,-153153.0,-153153.0,-126280.0,566640.0,328242.0,-1.82
8085,福華,114,Q1,115/09/08,-37251.0,-37251.0,-37251.0,157662.0,145811.0,-0.27
8085,福華,114,Q4,115/09/08,-141920.0,-141920.0,-141920.0,658449.0,614356.0,-1.01
8086,宏捷科,114,Q4,115/09/08,660148.0,660148.0,,4116532.0,3026623.0,3.36
8086,宏捷科,114,Q1,115/09/08,82524.0,82524.0,,771758.0,610375.0,0.42
8087,麗升能源,114,Q4,115/09/08,-50620.0,-50620.0,-50620.0,251496.0,220198.0,-1.32
8087,麗升能源,114,Q1,115/09/08,-5755.0,-5755.0,-5755.0,93187.0,73851.0,-0.15
8088,品安,114,Q1,115/09/08,8179.0,8179.0,,291722.0,279688.0,0.13
8088,品安,114,Q4,115/09/08,103501.0,103501.0,,1675964.0,1486625.0,1.7
8089,康全電訊,114,Q1,115/09/08,-7297.0,-7297.0,-7297.0,382992.0,248152.0,-0.12
8089,康全電訊,114,Q4,115/09/08,-204050.0,-204050.0,-204050.0,819032.0,494130.0,-3.09
8091,翔名,114,Q4,115/09/08,304234.0,304234.0,305292.0,2138619.0,1400729.0,5.89
8091,翔名,114,Q1,115/09/08,62796.0,62796.0,63419.0,472163.0,319623.0,1.2
8092,建暐,114,Q4,115/09/08,97.0,97.0,98.0,343968.0,288566.0,0.0
8092,建暐,114,Q1,115/09/08,-19791.0,-19791.0,-19790.0,43705.0,45541.0,-0.35
8093,保銳,114,Q4,115/09/08,-48110.0,-48110.0,-48104.0,206611.0,161110.0,-1.32
8093,保銳,114,Q1,115/09/08,16298.0,16298.0,16298.0,50529.0,32416.0,0.27
8096,擎亞,114,Q4,115/09/08,132578.0,132578.0,132578.0,34695610.0,33438214.0,0.89
8096,擎亞,114,Q1,115/09/08,161927.0,161927.0,161927.0,14526906.0,13814592.0,1.08
8097,常珵,114,Q1,115/09/08,3793.0,3793.0,3793.0,111491.0,79169.0,0.06
8097,常珵,114,Q4,115/09/08,-71649.0,-71649.0,-71649.0,293464.0,238183.0,-1.14
8099,大世科,114,Q4,115/09/08,252803.0,252803.0,252803.0,5010638.0,3960265.0,2.53
8099,大世科,114,Q1,115/09/08,39661.0,39661.0,39661.0,908024.0,685333.0,0.45
8101,華冠,114,Q4,115/09/08,-100585.0,-100585.0,-111056.0,391196.0,317660.0,-3.15
8101,華冠,114,Q3,115/09/08,-72777.0,-72777.0,-80537.0,306436.0,247553.0,-2.53
8102,傑霖科技,114,Q1,115/09/08,22430.0,22430.0,22430.0,110528.0,59906.0,1.05
8102,傑霖科技,114,Q4,115/09/08,48152.0,48152.0,48152.0,435254.0,265485.0,2.25
8103,瀚荃,114,Q3,115/09/08,221805.0,221805.0,221794.0,2463503.0,1557231.0,2.47
8103,瀚荃,114,Q4,115/09/08,338514.0,338514.0,338806.0,3355450.0,2100106.0,3.92
8104,錸寶,114,Q4,115/09/08,-9029.0,-9029.0,-52238.0,3559112.0,3000595.0,-0.55
8104,錸寶,114,Q3,115/09/08,56848.0,56848.0,12689.0,3024672.0,2550113.0,0.14
8105,凌巨,114,Q4,115/09/08,-131541.0,-131541.0,-131541.0,8595510.0,8084467.0,-0.3
8105,凌巨,114,Q3,115/09/08,-249418.0,-249418.0,-249418.0,6467356.0,6115972.0,-0.56
8107,大億金茂,114,Q4,115/09/08,-40027.0,-40027.0,-40024.0,942654.0,690698.0,-0.53
8107,大億金茂,114,Q1,115/09/08,-19214.0,-19214.0,-19212.0,266587.0,190801.0,-0.26
8109,博大,114,Q1,115/09/08,130862.0,130862.0,130862.0,392234.0,202051.0,1.59
8109,博大,114,Q4,115/09/08,508006.0,508006.0,508006.0,1742551.0,882198.0,6.18
8110,華東,114,Q4,115/09/08,1134850.0,1134850.0,1254263.0,7315440.0,7077122.0,2.48
8110,華東,114,Q3,115/09/08,533728.0,533728.0,650073.0,5325555.0,5266752.0,1.29
8111,立��,114,Q4,115/09/08,41057.0,41057.0,41067.0,851588.0,596174.0,0.38
8111,立��,114,Q1,115/09/08,22370.0,22370.0,22393.0,198706.0,132867.0,0.21
8112,至上,114,Q3,115/09/08,1044819.0,1044819.0,905601.0,156194600.0,152015950.0,1.62
8112,至上,114,Q4,115/09/08,2884014.0,2884014.0,2680894.0,226528013.0,219134022.0,5.02
8114,振樺電,114,Q4,115/09/08,3560354.0,3560354.0,1988960.0,18149121.0,9361461.0,18.5
8114,振樺電,114,Q3,115/09/08,3065384.0,3065384.0,1702584.0,15252322.0,7735445.0,15.84
8121,越峰,114,Q1,115/09/08,-31025.0,-31025.0,-21819.0,719282.0,610075.0,-0.1
8121,越峰,114,Q4,115/09/08,-94591.0,-94591.0,-66382.0,3069021.0,2559786.0,-0.31
8131,福懋科,114,Q4,115/09/08,602632.0,602632.0,,9921208.0,8846028.0,1.36
8131,福懋科,114,Q3,115/09/08,201297.0,201297.0,,6966995.0,6409096.0,0.46
8147,正淩,114,Q4,115/09/08,127226.0,127226.0,125411.0,1631111.0,988134.0,3.08
8147,正淩,114,Q1,115/09/08,28195.0,28195.0,28362.0,364500.0,223694.0,0.7
8150,南茂,114,Q4,115/09/08,495117.0,495117.0,495117.0,23932900.0,21340484.0,0.7
8150,南茂,114,Q3,115/09/08,-4559.0,-4559.0,-4559.0,17411824.0,15754896.0,-0.01
8155,博智,114,Q4,115/09/08,376176.0,376176.0,376601.0,4950000.0,4101782.0,6.88
8155,博智,114,Q1,115/09/08,66463.0,66463.0,66463.0,1127757.0,951586.0,1.3
8162,微矽電子-創,114,Q4,115/09/08,107541.0,107541.0,,1274773.0,953584.0,1.57
8162,微矽電子-創,114,Q3,115/09/08,104909.0,104909.0,,986649.0,713675.0,1.53
8163,達方,114,Q3,115/09/08,-106497.0,-106497.0,128451.0,18888800.0,15879274.0,0.46
8163,達方,114,Q4,115/09/08,-147790.0,-147790.0,141767.0,25073796.0,21096275.0,0.51
8171,天宇,114,Q1,115/09/08,-161233.0,-161233.0,-160447.0,80024.0,90832.0,-2.1
8171,天宇,114,Q4,115/09/08,-570260.0,-570260.0,-537770.0,315426.0,378144.0,-5.17
8176,智捷,114,Q1,115/09/08,11572.0,11572.0,11765.0,127194.0,88075.0,0.17
8176,智捷,114,Q4,115/09/08,28254.0,28254.0,27726.0,373260.0,248577.0,0.4
8182,加高,114,Q4,115/09/08,46778.0,46778.0,46722.0,2871062.0,2464440.0,0.44
8182,加高,114,Q1,115/09/08,55811.0,55811.0,55730.0,691294.0,551789.0,0.52
8183,精星,114,Q4,115/09/08,288665.0,288665.0,288665.0,7288815.0,6327828.0,2.39
8183,精星,114,Q1,115/09/08,15333.0,15333.0,15333.0,1648584.0,1493320.0,0.13
8201,無敵,114,Q3,115/09/08,-20378.0,-20378.0,-20378.0,339342.0,253231.0,-0.33
8201,無敵,114,Q4,115/09/08,-22018.0,-22018.0,-22018.0,472122.0,356339.0,-0.35
8210,勤誠,114,Q4,115/09/08,3660638.0,3660638.0,3558344.0,22001340.0,15407205.0,29.06
8210,勤誠,114,Q3,115/09/08,2552094.0,2552094.0,2489062.0,15261339.0,10658984.0,20.45
8213,志超,114,Q3,115/09/08,470763.0,470763.0,481390.0,13767453.0,12158910.0,1.77
8213,志超,114,Q4,115/09/08,602194.0,602194.0,614474.0,18368162.0,16251116.0,2.27
8215,明基材,114,Q4,115/09/08,-344028.0,-344028.0,-364458.0,17845985.0,15267186.0,-1.14
8215,明基材,114,Q3,115/09/08,-29252.0,-29252.0,-37648.0,13518487.0,11411525.0,-0.12
8222,寶一,114,Q3,115/09/08,11198.0,11198.0,,726406.0,601609.0,0.16
8222,寶一,114,Q4,115/09/08,37446.0,37446.0,,961015.0,783023.0,0.55
8227,巨有科技,114,Q1,115/09/08,7561.0,7561.0,,196172.0,159615.0,0.19
8227,巨有科技,114,Q4,115/09/08,81389.0,81389.0,,1349265.0,1086461.0,2.06
8234,新漢,114,Q1,115/09/08,81041.0,81041.0,80058.0,1649756.0,1206938.0,0.57
8234,新漢,114,Q4,115/09/08,44616.0,44616.0,54588.0,5702153.0,4248849.0,0.39
8240,華宏,114,Q4,115/09/08,223469.0,223469.0,218148.0,7136485.0,6033647.0,2.18
8240,華宏,114,Q1,115/09/08,76386.0,76386.0,75654.0,1884750.0,1570478.0,0.76
8249,菱光,114,Q3,115/09/08,402598.0,402598.0,402655.0,2760275.0,2181097.0,3.8
8249,菱光,114,Q4,115/09/08,429372.0,429372.0,429621.0,3720643.0,2956826.0,4.03
8255,朋程,114,Q1,115/09/08,261899.0,261899.0,235779.0,2116332.0,1506531.0,2.32
8255,朋程,114,Q4,115/09/08,573787.0,573787.0,643077.0,8105965.0,5935207.0,6.32
8261,富鼎,114,Q3,115/09/08,480174.0,480174.0,479319.0,2364204.0,1484103.0,4.05
8261,富鼎,114,Q4,115/09/08,680080.0,680080.0,678956.0,3104313.0,1943765.0,5.73
8271,宇瞻,114,Q4,115/09/08,878529.0,878529.0,859875.0,11123604.0,8816023.0,6.7
8271,宇瞻,114,Q3,115/09/08,453661.0,453661.0,442566.0,7986108.0,6637328.0,3.45
8272,全景軟體,114,Q4,115/09/08,88456.0,88456.0,,478240.0,121677.0,4.66
8272,全景軟體,114,Q1,115/09/08,4787.0,4787.0,,76737.0,22721.0,0.25
8277,商丞,114,Q1,115/09/08,-16626.0,-16626.0,-9760.0,52615.0,37311.0,-0.11
8277,商丞,114,Q4,115/09/08,-53325.0,-53325.0,-33738.0,243802.0,165835.0,-0.37
8279,生展,114,Q1,115/09/08,61141.0,61141.0,61141.0,485910.0,311988.0,2.26
8279,生展,114,Q4,115/09/08,271593.0,271593.0,271593.0,2136484.0,1412899.0,10.02
8284,三竹,114,Q4,115/09/08,219673.0,219673.0,219673.0,2957150.0,2283085.0,4.74
8284,三竹,114,Q1,115/09/08,67045.0,67045.0,67045.0,678990.0,510408.0,1.45
8289,泰藝,114,Q1,115/09/08,4998.0,4998.0,4998.0,434623.0,337220.0,0.07
8289,泰藝,114,Q4,115/09/08,2781.0,2781.0,2781.0,1744275.0,1333788.0,0.04
8291,尚茂,114,Q4,115/09/08,-34081.0,-34081.0,,2883.0,15832.0,-1.95
8291,尚茂,114,Q1,115/09/08,-10391.0,-10391.0,,380.0,4718.0,-0.16
8299,群聯,114,Q1,115/09/08,1140757.0,1140757.0,1140568.0,13838565.0,9525629.0,5.53
8299,群聯,114,Q4,115/09/08,8741175.0,8741175.0,8739178.0,72664091.0,47665438.0,41.98
8341,日友,114,Q3,115/09/08,551757.0,551757.0,468286.0,2948899.0,1656238.0,3.6
8341,日友,114,Q4,115/09/08,688353.0,688353.0,582865.0,3990550.0,2266822.0,4.48
8342,益張,114,Q1,115/09/08,53927.0,53927.0,53597.0,370411.0,269472.0,1.6
8342,益張,114,Q4,115/09/08,202161.0,202161.0,200188.0,1641799.0,1226956.0,5.97
8349,�矬ㄟ篕�,114,Q4,115/09/08,327595.0,327595.0,415264.0,11451195.0,9171266.0,1.93
8349,�矬ㄟ篕�,114,Q1,115/09/08,123710.0,123710.0,135186.0,2801140.0,2210768.0,0.66
8354,冠好,114,Q4,115/09/08,10628.0,10628.0,10628.0,644120.0,559972.0,0.14
8354,冠好,114,Q1,115/09/08,3407.0,3407.0,3407.0,162147.0,136678.0,0.04
8358,金居,114,Q1,115/09/08,264983.0,264983.0,264983.0,1727943.0,1365153.0,1.05
8358,金居,114,Q4,115/09/08,1062536.0,1062536.0,1062536.0,7879941.0,6164990.0,4.21
8367,建新國際,114,Q4,115/09/08,482535.0,482535.0,350432.0,3244666.0,2204505.0,3.8
8367,建新國際,114,Q3,115/09/08,328117.0,328117.0,235557.0,2378136.0,1639482.0,2.56
8374,羅昇,114,Q3,115/09/08,176504.0,176504.0,78747.0,3518874.0,2642625.0,0.7
8374,羅昇,114,Q4,115/09/08,64024.0,64024.0,-61735.0,4441768.0,3331671.0,-0.55
8383,千附,114,Q1,115/09/08,109740.0,109740.0,79083.0,812901.0,571537.0,0.7
8383,千附,114,Q4,115/09/08,471046.0,471046.0,384525.0,3358303.0,2400804.0,3.41
8390,金益鼎,114,Q4,115/09/08,630121.0,630121.0,634429.0,4634941.0,3696238.0,6.6
8390,金益鼎,114,Q1,115/09/08,117118.0,117118.0,117267.0,1105638.0,917540.0,1.22
8401,白紗科,114,Q1,115/09/08,29558.0,29558.0,,349937.0,248543.0,0.45
8401,白紗科,114,Q4,115/09/08,185676.0,185676.0,,1543839.0,1070879.0,2.63
8403,盛弘,114,Q4,115/09/08,111897.0,111897.0,141727.0,4357867.0,3648854.0,1.03
8403,盛弘,114,Q1,115/09/08,18141.0,18141.0,31035.0,1051578.0,877455.0,0.24
8404,百和興業-KY,114,Q4,115/09/08,601689.0,601689.0,601631.0,7576734.0,4661094.0,1.43
8404,百和興業-KY,114,Q3,115/09/08,500817.0,500817.0,500763.0,5743434.0,3472067.0,1.19
8409,商之器,114,Q1,115/09/08,-24986.0,-24986.0,-24986.0,23279.0,9109.0,-0.78
8409,商之器,114,Q4,115/09/08,7798.0,7798.0,7798.0,253107.0,78742.0,0.24
8410,森田,114,Q4,115/09/08,119785.0,119785.0,,1119650.0,728634.0,3.27
8410,森田,114,Q1,115/09/08,40716.0,40716.0,,238063.0,154474.0,1.11
8411,福貞-KY,114,Q3,115/09/08,-196250.0,-196250.0,-194161.0,6782691.0,6424244.0,-0.89
8411,福貞-KY,114,Q4,115/09/08,-152144.0,-152144.0,-150018.0,9186924.0,8595884.0,-0.69
8415,大國鋼,114,Q4,115/09/08,3112206.0,3112206.0,3127837.0,23229438.0,14663397.0,3.05
8415,大國鋼,114,Q1,115/09/08,767917.0,767917.0,765806.0,5878241.0,3910387.0,0.74
8416,實威,114,Q1,115/09/08,79660.0,79660.0,79660.0,396148.0,200209.0,2.82
8416,實威,114,Q4,115/09/08,379801.0,379801.0,379801.0,1695509.0,813929.0,13.46
8421,旭源,114,Q4,115/09/08,-20999.0,-20999.0,-21510.0,1175306.0,984618.0,-0.4
8421,旭源,114,Q1,115/09/08,5960.0,5960.0,2545.0,291462.0,238749.0,0.05
8422,可寧衛*,114,Q4,115/09/08,1427632.0,1427632.0,1458858.0,4779815.0,2240215.0,1.29
8422,可寧衛*,114,Q3,115/09/08,1150852.0,1150852.0,1179335.0,3785488.0,1739483.0,10.47
8423,保綠-KY,114,Q1,115/09/08,5850.0,5850.0,5850.0,96035.0,71374.0,0.14
8423,保綠-KY,114,Q4,115/09/08,30459.0,30459.0,30459.0,376999.0,272825.0,0.73
8424,惠普,114,Q4,115/09/08,209261.0,209261.0,209261.0,1081959.0,706448.0,5.8
8424,惠普,114,Q1,115/09/08,51102.0,51102.0,51102.0,275297.0,181072.0,1.42
8426,紅木-KY,114,Q1,115/09/08,-32804.0,-32804.0,-32804.0,514371.0,400814.0,-0.65
8426,紅木-KY,114,Q4,115/09/08,92997.0,92997.0,92997.0,2706658.0,1986168.0,1.85
8429,金麗-KY,114,Q3,115/09/08,13520.0,13520.0,13532.0,103987.0,85738.0,0.07
8429,金麗-KY,114,Q4,115/09/08,21583.0,21583.0,21598.0,148344.0,123167.0,0.12
8431,匯鑽科,114,Q1,115/09/08,-19143.0,-19143.0,-17400.0,235292.0,198858.0,-0.4
8431,匯鑽科,114,Q4,115/09/08,-189128.0,-189128.0,-184164.0,1055636.0,920624.0,-3.88
8432,東生華,114,Q1,115/09/08,35776.0,35776.0,30413.0,287118.0,136795.0,0.79
8432,東生華,114,Q4,115/09/08,187818.0,187818.0,139260.0,1336523.0,655785.0,3.63
8433,弘帆,114,Q4,115/09/08,172700.0,172700.0,172700.0,3483816.0,2672124.0,3.17
8433,弘帆,114,Q1,115/09/08,91011.0,91011.0,91011.0,772911.0,573548.0,1.68
8435,鉅邁,114,Q4,115/09/08,123913.0,123913.0,123913.0,617857.0,299171.0,3.91
8435,鉅邁,114,Q1,115/09/08,25755.0,25755.0,25755.0,147814.0,72989.0,0.81
8436,大江,114,Q1,115/09/08,164009.0,164009.0,136870.0,1586954.0,919742.0,1.24
8436,大江,114,Q4,115/09/08,1107979.0,1107979.0,954957.0,6989303.0,3907944.0,8.68
8437,大地-KY,114,Q1,115/09/08,-17125.0,-17125.0,-17125.0,69365.0,48517.0,-0.36
8437,大地-KY,114,Q4,115/09/08,-60722.0,-60722.0,-60722.0,214568.0,155902.0,-1.29
8438,昶昕,114,Q3,115/09/08,84460.0,84460.0,84460.0,2796546.0,2448077.0,1.21
8438,昶昕,114,Q4,115/09/08,146645.0,146645.0,146645.0,3841708.0,3344947.0,2.1
8440,綠電,114,Q1,115/09/08,-1081.0,-1081.0,-1081.0,242615.0,220884.0,-0.02
8440,綠電,114,Q4,115/09/08,15443.0,15443.0,15443.0,912755.0,834394.0,0.31
8442,威宏-KY,114,Q4,115/09/08,287109.0,287109.0,287109.0,8099457.0,6549588.0,4.18
8442,威宏-KY,114,Q3,115/09/08,236228.0,236228.0,236228.0,5890808.0,4720282.0,3.46
8443,阿瘦,114,Q3,115/09/08,-76074.0,-76074.0,-76071.0,824110.0,348244.0,-1.14
8443,阿瘦,114,Q4,115/09/08,-97260.0,-97260.0,-97257.0,1117949.0,486169.0,-1.46
8444,綠河-KY,114,Q4,115/09/08,-1109769.0,-1109769.0,-1104849.0,3259424.0,3614424.0,-10.06
8444,綠河-KY,114,Q1,115/09/08,-391668.0,-391668.0,-389527.0,1091473.0,1124090.0,-3.56
8446,華研,114,Q1,115/09/08,175764.0,175764.0,176011.0,226337.0,56376.0,3.33
8446,華研,114,Q4,115/09/08,544930.0,544930.0,545179.0,1084714.0,358206.0,10.3
8450,霹靂,114,Q4,115/09/08,-277332.0,-277332.0,-274153.0,237823.0,265556.0,-5.34
8450,霹靂,114,Q1,115/09/08,-47162.0,-47162.0,-46682.0,58774.0,52945.0,-0.91
8454,富邦媒,114,Q4,115/09/08,2999875.0,2999875.0,2991326.0,108665921.0,98746526.0,11.29
8454,富邦媒,114,Q3,115/09/08,2071388.0,2071388.0,2070326.0,76991904.0,70078167.0,7.81
8455,大拓-KY,114,Q4,115/09/08,-10271.0,-10271.0,622.0,1157009.0,1021965.0,0.02
8455,大拓-KY,114,Q1,115/09/08,-11551.0,-11551.0,-8232.0,276282.0,252937.0,-0.33
8462,柏文,114,Q4,115/09/08,670317.0,670317.0,666002.0,6065690.0,4128672.0,8.49
8462,柏文,114,Q3,115/09/08,448812.0,448812.0,445787.0,4428444.0,3047138.0,5.69
8463,潤泰材,114,Q3,115/09/08,409739.0,409739.0,276534.0,5383655.0,4738201.0,1.84
8463,潤泰材,114,Q4,115/09/08,476982.0,476982.0,277969.0,7221680.0,6300355.0,1.85
8464,億豐,114,Q4,115/09/08,6936244.0,6936244.0,6601203.0,29968999.0,12346494.0,22.53
8464,億豐,114,Q3,115/09/08,4863463.0,4863463.0,4637417.0,22296942.0,9201808.0,15.83
8466,美吉吉-KY,114,Q3,115/09/08,239.0,239.0,239.0,2481717.0,2121023.0,0.0
8466,美吉吉-KY,114,Q4,115/09/08,-62325.0,-62325.0,-62325.0,3162915.0,2685565.0,-0.81
8467,波力-KY,114,Q4,115/09/08,508501.0,508501.0,510457.0,2432646.0,1411601.0,10.03
8467,波力-KY,114,Q3,115/09/08,479565.0,479565.0,480979.0,2004766.0,1145306.0,9.42
8472,納維康,114,Q1,115/09/08,-19024.0,-19024.0,-19024.0,79936.0,35113.0,-1.07
8472,納維康,114,Q4,115/09/08,-23272.0,-23272.0,-23272.0,478072.0,290367.0,-1.31
8473,山林水,114,Q4,115/09/08,570145.0,570145.0,461879.0,5124595.0,3912032.0,2.55
8473,山林水,114,Q3,115/09/08,425956.0,425956.0,371633.0,3603998.0,2735797.0,2.05
8476,台境*,114,Q3,115/09/08,78156.0,78156.0,76858.0,919371.0,730778.0,0.47
8476,台境*,114,Q4,115/09/08,88251.0,88251.0,84887.0,1213326.0,989283.0,0.52
8477,創業家,114,Q1,115/09/08,-35716.0,-35716.0,-35716.0,139644.0,118305.0,-0.56
8477,創業家,114,Q4,115/09/08,-58739.0,-58739.0,-58739.0,414818.0,362095.0,-0.92
8478,東哥遊艇,114,Q3,115/09/08,1000184.0,1000184.0,1000184.0,4160960.0,2526213.0,10.64
8478,東哥遊艇,114,Q4,115/09/08,1244960.0,1244960.0,1244960.0,5231354.0,3188961.0,13.25
8481,政伸,114,Q4,115/09/08,216298.0,216298.0,216298.0,1179269.0,621111.0,3.25
8481,政伸,114,Q3,115/09/08,161160.0,161160.0,161160.0,887150.0,458519.0,2.42
8482,商億-KY,114,Q3,115/09/08,180568.0,180568.0,183752.0,2567791.0,1713005.0,1.74
8482,商億-KY,114,Q4,115/09/08,239502.0,239502.0,242326.0,3424960.0,2326972.0,2.3
8487,愛爾達-創,114,Q3,115/09/08,80020.0,80020.0,,802164.0,604868.0,3.02
8487,愛爾達-創,114,Q4,115/09/08,106963.0,106963.0,,1019433.0,742156.0,4.03
8488,吉源-KY,114,Q4,115/09/08,-150734.0,-150734.0,-150734.0,3081789.0,2971028.0,-2.05
8488,吉源-KY,114,Q3,115/09/08,-128888.0,-128888.0,-128888.0,2158636.0,2080419.0,-1.75
8489,三貝德,114,Q4,115/09/08,1033.0,1033.0,-31946.0,1433048.0,675258.0,-0.76
8489,三貝德,114,Q1,115/09/08,17479.0,17479.0,-4220.0,305337.0,138681.0,-0.11
8499,鼎炫-KY,114,Q3,115/09/08,389661.0,389661.0,261980.0,1778752.0,999654.0,6.34
8499,鼎炫-KY,114,Q4,115/09/08,657018.0,657018.0,418018.0,2912560.0,1625996.0,10.13
8905,裕國,114,Q4,115/09/08,70103.0,70103.0,70082.0,2100844.0,1895705.0,0.61
8905,裕國,114,Q1,115/09/08,21701.0,21701.0,21698.0,491415.0,431881.0,0.19
8906,花王,114,Q1,115/09/08,-11118.0,-11118.0,,50976.0,44383.0,-0.26
8906,花王,114,Q4,115/09/08,-32758.0,-32758.0,,201587.0,183624.0,-0.78
8908,欣雄,114,Q1,115/09/08,158226.0,158226.0,158354.0,2669633.0,2415178.0,0.52
8908,欣雄,114,Q4,115/09/08,678657.0,678657.0,679150.0,10389826.0,9295217.0,2.16
8916,光隆,114,Q4,115/09/08,377129.0,377129.0,377337.0,8537575.0,7227807.0,2.5
8916,光隆,114,Q1,115/09/08,51338.0,51338.0,51338.0,1668488.0,1437733.0,0.33
8917,欣泰,114,Q1,115/09/08,88621.0,88621.0,,820857.0,678689.0,0.54
8917,欣泰,114,Q4,115/09/08,363262.0,363262.0,,3097599.0,2539255.0,2.23
8921,沈氏,114,Q4,115/09/08,-13105.0,-13105.0,-5288.0,632856.0,559016.0,-0.11
8921,沈氏,114,Q1,115/09/08,-8038.0,-8038.0,-7792.0,148392.0,133734.0,-0.17
8923,時報,114,Q1,115/09/08,14700.0,14700.0,14700.0,131819.0,72369.0,0.48
8923,時報,114,Q4,115/09/08,29203.0,29203.0,29203.0,447369.0,248256.0,0.96
8924,大田,114,Q4,115/09/08,472152.0,472152.0,472152.0,4632261.0,3777113.0,5.63
8924,大田,114,Q1,115/09/08,57041.0,57041.0,57041.0,875722.0,723106.0,0.68
8926,台汽電,114,Q4,115/09/08,1787857.0,1787857.0,1787857.0,7611519.0,6527477.0,2.45
8926,台汽電,114,Q3,115/09/08,1360710.0,1360710.0,1360710.0,5644100.0,4849699.0,1.86
8927,北基,114,Q1,115/09/08,10798.0,10798.0,15241.0,2590852.0,2187618.0,0.04
8927,北基,114,Q4,115/09/08,73228.0,73228.0,152471.0,10722532.0,8741676.0,0.35
8928,鉅明,114,Q4,115/09/08,72043.0,72043.0,72043.0,3419870.0,3013415.0,1.42
8928,鉅明,114,Q1,115/09/08,76514.0,76514.0,76514.0,1038339.0,877971.0,1.5
8929,富堡,114,Q4,115/09/08,-24649.0,-24649.0,-22863.0,719639.0,540219.0,-0.45
8929,富堡,114,Q1,115/09/08,-14649.0,-14649.0,-13629.0,186279.0,139808.0,-0.27
8930,青鋼,114,Q1,115/09/08,54214.0,54214.0,,347516.0,254548.0,0.66
8930,青鋼,114,Q4,115/09/08,195979.0,195979.0,,1421353.0,1038841.0,2.4
8931,大汽電,114,Q4,115/09/08,228700.0,228700.0,,2474726.0,2061590.0,1.87
8931,大汽電,114,Q1,115/09/08,90268.0,90268.0,,619342.0,466519.0,0.74
8932,智通*,114,Q1,115/09/08,162520.0,162520.0,144990.0,518155.0,227113.0,0.9
8932,智通*,114,Q4,115/09/08,744673.0,744673.0,657592.0,2269596.0,839978.0,1.85
8933,愛地雅,114,Q4,115/09/08,-452687.0,-452687.0,-452687.0,2194904.0,2261240.0,-1.39
8933,愛地雅,114,Q1,115/09/08,-70641.0,-70641.0,-70641.0,743876.0,730129.0,-0.22
8935,邦泰,114,Q1,115/09/08,-25173.0,-25173.0,-25173.0,129024.0,115601.0,-0.22
8935,邦泰,114,Q4,115/09/08,-86600.0,-86600.0,-86600.0,518239.0,464898.0,-0.76
8936,國統,114,Q1,115/09/08,200357.0,200357.0,183467.0,1353864.0,1013248.0,0.74
8936,國統,114,Q4,115/09/08,1087317.0,1087317.0,1012672.0,6309791.0,4668111.0,4.08
8937,合騏*,114,Q4,115/09/08,-92787.0,-92787.0,-73976.0,65668.0,103930.0,-0.71
8937,合騏*,114,Q1,115/09/08,-8801.0,-8801.0,-7543.0,22207.0,26763.0,-0.08
8938,明安,114,Q4,115/09/08,949453.0,949453.0,949453.0,15406654.0,13010007.0,6.18
8938,明安,114,Q1,115/09/08,662298.0,662298.0,662298.0,4551584.0,3797107.0,4.35
8940,新天地,114,Q4,115/09/08,44845.0,44845.0,37282.0,1587911.0,808032.0,0.55
8940,新天地,114,Q3,115/09/08,1587.0,1587.0,1552.0,1107575.0,576949.0,0.02
8941,關中,114,Q1,115/09/08,51874.0,51874.0,55546.0,707084.0,510540.0,1.59
8941,關中,114,Q4,115/09/08,30969.0,30969.0,40547.0,2982171.0,2113332.0,1.16
8942,森鉅,114,Q4,115/09/08,163404.0,163404.0,364048.0,3426108.0,2636361.0,1.83
8942,森鉅,114,Q1,115/09/08,194117.0,194117.0,227134.0,1398728.0,896277.0,1.14
8996,高力,114,Q3,115/09/08,513579.0,513579.0,513579.0,4287892.0,3104516.0,5.62
8996,高力,114,Q4,115/09/08,829546.0,829546.0,829546.0,6580623.0,4781639.0,9.07
9802,鈺齊-KY,114,Q4,115/09/08,1210314.0,1210314.0,1213482.0,17294633.0,14131404.0,6.05
9802,鈺齊-KY,114,Q3,115/09/08,850701.0,850701.0,853360.0,12719347.0,10382237.0,4.26
9902,台火,114,Q3,115/09/08,13244.0,13244.0,13198.0,133982.0,113824.0,0.13
9902,台火,114,Q4,115/09/08,-46919.0,-46919.0,-46012.0,378514.0,351446.0,-0.47
9904,寶成,114,Q3,115/09/08,13432286.0,13432286.0,8936395.0,188630908.0,144961394.0,3.03
9904,寶成,114,Q4,115/09/08,18252339.0,18252339.0,12068247.0,251400209.0,193272677.0,4.1
9905,大華,114,Q3,115/09/08,292075.0,292075.0,298167.0,6370113.0,5766128.0,0.98
9905,大華,114,Q4,115/09/08,390250.0,390250.0,396904.0,8180976.0,7393606.0,1.3
9906,欣巴巴,114,Q4,115/09/08,8521.0,8521.0,8521.0,1296227.0,870619.0,0.09
9906,欣巴巴,114,Q3,115/09/08,-179773.0,-179773.0,-179773.0,421362.0,336748.0,-1.99
9907,統一實,114,Q3,115/09/08,1740638.0,1740638.0,1776125.0,35982178.0,30666153.0,1.12
9907,統一實,114,Q4,115/09/08,2094777.0,2094777.0,2152307.0,45638485.0,39186430.0,1.36
9908,大台北,114,Q3,115/09/08,840371.0,840371.0,772605.0,2551568.0,1933786.0,1.54
9908,大台北,114,Q4,115/09/08,931231.0,931231.0,863869.0,3374031.0,2598657.0,1.72
9910,豐泰,114,Q3,115/09/08,3936126.0,3936126.0,3608069.0,62802526.0,48354685.0,3.65
9910,豐泰,114,Q4,115/09/08,5424625.0,5424625.0,5036042.0,83512023.0,64763996.0,5.1
9911,櫻花,114,Q4,115/09/08,1373870.0,1373870.0,1372682.0,10274605.0,6645553.0,6.27
9911,櫻花,114,Q3,115/09/08,1000496.0,1000496.0,999154.0,7719192.0,5011590.0,4.57
9912,偉聯,114,Q3,115/09/08,-69061.0,-69061.0,-61199.0,362614.0,214567.0,-1.15
9912,偉聯,114,Q4,115/09/08,-70040.0,-70040.0,-59676.0,506372.0,296013.0,-1.12
9914,美利達,114,Q3,115/09/08,1502126.0,1502126.0,1437404.0,21795570.0,18520222.0,4.81
9914,美利達,114,Q4,115/09/08,1216299.0,1216299.0,1200210.0,26757161.0,22984581.0,4.01
9917,中保科,114,Q4,115/09/08,3059476.0,3059476.0,3007399.0,18982489.0,12803438.0,6.77
9917,中保科,114,Q3,115/09/08,2259660.0,2259660.0,2213965.0,14083655.0,9410394.0,4.99
9918,欣天然,114,Q3,115/09/08,231938.0,231938.0,231938.0,1601970.0,1096639.0,1.3
9918,欣天然,114,Q4,115/09/08,285844.0,285844.0,285844.0,2051671.0,1439615.0,1.61
9919,康那香,114,Q4,115/09/08,-473988.0,-473988.0,-473988.0,2665869.0,2598819.0,-2.43
9919,康那香,114,Q3,115/09/08,-290316.0,-290316.0,-290316.0,2004758.0,1916912.0,-1.49
9921,巨大,114,Q3,115/09/08,1021912.0,1021912.0,907443.0,47960028.0,38447028.0,2.31
9921,巨大,114,Q4,115/09/08,866402.0,866402.0,723329.0,60253963.0,48316713.0,1.84
9924,福興,114,Q4,115/09/08,540004.0,540004.0,533488.0,7384022.0,5760673.0,3.08
9924,福興,114,Q3,115/09/08,392712.0,392712.0,387437.0,5673622.0,4418134.0,2.14
9925,新保,114,Q4,115/09/08,979263.0,979263.0,911165.0,8133786.0,5429938.0,2.37
9925,新保,114,Q3,115/09/08,845611.0,845611.0,784544.0,6024547.0,3988243.0,2.04
9926,新海,114,Q4,115/09/08,481846.0,481846.0,481846.0,2469825.0,1823281.0,2.68
9926,新海,114,Q3,115/09/08,412040.0,412040.0,412040.0,1876869.0,1359310.0,2.3
9927,泰銘,114,Q3,115/09/08,432296.0,432296.0,429403.0,5914792.0,5184129.0,2.61
9927,泰銘,114,Q4,115/09/08,656276.0,656276.0,652954.0,8048159.0,7048123.0,4.26
9928,中視,114,Q4,115/09/08,-99356.0,-99356.0,-99355.0,879893.0,868270.0,-1.4
9928,中視,114,Q3,115/09/08,-85596.0,-85596.0,-85596.0,595922.0,584593.0,-1.21
9929,秋雨,114,Q3,115/09/08,-25670.0,-25670.0,-19587.0,472663.0,416035.0,-0.19
9929,秋雨,114,Q4,115/09/08,-12637.0,-12637.0,-6922.0,650076.0,556657.0,-0.07
9930,中聯資源,114,Q4,115/09/08,1254123.0,1254123.0,1233105.0,13991384.0,11879817.0,4.96
9930,中聯資源,114,Q3,115/09/08,970920.0,970920.0,955891.0,10465863.0,8855085.0,3.85
9931,欣高,114,Q3,115/09/08,230911.0,230911.0,223766.0,1167632.0,945570.0,1.86
9931,欣高,114,Q4,115/09/08,304723.0,304723.0,294552.0,1568123.0,1283076.0,2.45
9933,中鼎,114,Q4,115/09/08,2757259.0,2757259.0,1691361.0,91848234.0,82472567.0,1.91
9933,中鼎,114,Q3,115/09/08,632752.0,632752.0,-204594.0,67659529.0,61343528.0,-0.23
9934,成霖,114,Q3,115/09/08,-50995.0,-50995.0,-50995.0,13024452.0,8500234.0,-0.12
9934,成霖,114,Q4,115/09/08,-118266.0,-118266.0,-118266.0,17389978.0,11452425.0,-0.29
9935,慶豐富,114,Q4,115/09/08,289737.0,289737.0,289737.0,4941547.0,3653215.0,1.64
9935,慶豐富,114,Q3,115/09/08,179801.0,179801.0,179801.0,3680150.0,2736096.0,1.01
9937,全國,114,Q3,115/09/08,539244.0,539244.0,539244.0,16999822.0,14947528.0,1.74
9937,全國,114,Q4,115/09/08,730019.0,730019.0,730019.0,22542896.0,19781403.0,2.36
9938,百和,114,Q4,115/09/08,1521893.0,1521893.0,1221055.0,15775289.0,10210936.0,4.1
9938,百和,114,Q3,115/09/08,1252657.0,1252657.0,1002893.0,12008423.0,7630567.0,3.37
9939,宏全,114,Q3,115/09/08,2349340.0,2349340.0,2246611.0,22899197.0,17713126.0,7.6
9939,宏全,114,Q4,115/09/08,2817256.0,2817256.0,2691189.0,28876866.0,22451306.0,9.1
9940,信義,114,Q4,115/09/08,219047.0,219047.0,204594.0,11457445.0,9237674.0,0.28
9940,信義,114,Q3,115/09/08,63697.0,63697.0,54828.0,6809728.0,5374914.0,0.07
9941,裕融,114,Q3,115/09/08,3458356.0,3458356.0,3512490.0,29739972.0,16506165.0,5.8
9941,裕融,114,Q4,115/09/08,4578748.0,4578748.0,4654359.0,39540193.0,22140984.0,7.68
9942,茂順,114,Q4,115/09/08,678490.0,678490.0,678141.0,3990745.0,2432676.0,8.15
9942,茂順,114,Q3,115/09/08,501849.0,501849.0,501679.0,2978376.0,1815844.0,6.03
9943,好樂迪,114,Q3,115/09/08,260547.0,260547.0,258424.0,1817473.0,928569.0,3.05
9943,好樂迪,114,Q4,115/09/08,461977.0,461977.0,456976.0,2413732.0,1197684.0,5.4
9944,新麗,114,Q4,115/09/08,5568.0,5568.0,-17390.0,2257128.0,1623615.0,-0.16
9944,新麗,114,Q3,115/09/08,5219.0,5219.0,-12436.0,1760805.0,1254558.0,-0.12
9945,潤泰新,114,Q3,115/09/08,9079103.0,9079103.0,7323857.0,25147881.0,18939040.0,2.68
9945,潤泰新,114,Q4,115/09/08,13201333.0,13201333.0,10725541.0,39312327.0,29857387.0,3.93
9946,三發地產,114,Q4,115/09/08,494239.0,494239.0,494239.0,1787734.0,831380.0,1.52
9946,三發地產,114,Q3,115/09/08,-105419.0,-105419.0,-105419.0,92959.0,46916.0,-0.32
9949,琉園,114,Q1,115/09/08,-10636.0,-10636.0,-10636.0,35831.0,15127.0,-0.24
9949,琉園,114,Q4,115/09/08,232784.0,232784.0,232784.0,140672.0,50607.0,5.29
9950,萬國通,114,Q4,115/09/08,-46148.0,-46148.0,-44871.0,2134923.0,1636810.0,-0.27
9950,萬國通,114,Q1,115/09/08,24815.0,24815.0,23368.0,577513.0,429833.0,0.14
9951,皇田,114,Q1,115/09/08,132464.0,132464.0,132464.0,1434659.0,1067309.0,1.77
9951,皇田,114,Q4,115/09/08,389889.0,389889.0,389889.0,6324080.0,4791676.0,5.27
9955,佳龍,114,Q3,115/09/08,-38568.0,-38568.0,-38568.0,1076697.0,977917.0,-0.37
9955,佳龍,114,Q4,115/09/08,56142.0,56142.0,56142.0,1506979.0,1378741.0,0.54
9958,世紀鋼,114,Q4,115/09/08,2657564.0,2657564.0,1649777.0,14463065.0,10226967.0,6.57
9958,世紀鋼,114,Q3,115/09/08,1875129.0,1875129.0,1206679.0,10904534.0,7778354.0,4.78
9960,邁達康,114,Q4,115/09/08,58632.0,58632.0,58632.0,679532.0,438729.0,1.75
9960,邁達康,114,Q1,115/09/08,13840.0,13840.0,13840.0,179690.0,118905.0,0.41
9962,有益,114,Q1,115/09/08,11186.0,11186.0,11186.0,625304.0,587455.0,0.12
9962,有益,114,Q4,115/09/08,-13476.0,-13476.0,-13476.0,1926893.0,1847172.0,-0.15
