"Symbol","COMPANY","收盤日","收盤價","預期報酬率","貴價","淑價","預期ROE","NAV","預期常利","財報幣別","盈再率","預期配息率","股息","股子","ROE1","ROE2","ROE3","ROE4","ROE5","SECTOR","Industry","交易所","Shares","財報","最近營收年度","營收","近12月最高價","近12月最低價"
"1301","KYOKUYO CO LTD","20260220",5240.0,13.0,13279.08,4615.65,9.79,5598.91,6510.0,"JPY",70.9,23.2,"",0,11.3,13.1,13.2,11.9,"","Consumer Non-Durables","Packaged Foods","",11.88,"",2025,302681.0,5350.0,3615.0
"130A","VERITAS IN SILICO INC","20260220",477.0,"","","",-13.55,340.45,-299.4,"JPY","",0.0,"",0,-15.0,2.1,-8.4,"","","Health Technology","Biotechnology","",6.49,"",2024,194.64,940.0,428.0
"1332","日本水產","20260220",1471.5,7.0,2509.11,820.23,9.16,913.54,25363.8,"JPY",53.6,37.4,"",0,9.8,9.7,10.4,13.2,"","Consumer Non-Durables","Packaged Foods","",303.26,"",2025,886126.0,1561.5,795.1
"1333","MARUHA NICHIRO CORPORATION","20260220",1492.0,9.0,2906.09,950.0,6.38,1518.7,14642.8,"JPY",66.9,29.9,"",0,6.6,9.0,12.8,11.9,"","Consumer Non-Durables","Farm Products","",151.16,"",2025,1078631.0,1484.0,971.0
"135A","VRAIN SOLUTION INC.","20260220",2686.0,-14.0,824.2,269.43,19.53,140.66,277.8,"JPY","",0.0,"",0,42.6,370.1,153.3,"","","Technology Services","Packaged Software","",10.11,"",2025,2144.64,3825.0,1481.0
"1375","YUKIGUNI FACTORY CO LTD","20260220",1095.0,13.0,2335.55,763.5,25.1,310.16,3104.0,"JPY",-18.2,68.6,"",0,28.1,13.8,12.3,34.9,"","Process Industries","Packaged Foods","",39.87,"",2025,53139.0,1218.0,991.0
"1376","KANEKO SEEDS CO","20260220",1512.0,11.0,3459.02,1130.76,5.12,2253.42,1279.8,"JPY",2.8,61.0,"",0,5.3,5.3,6.4,6.3,"","Non-Energy Minerals","Agricultural Inputs","",11.1,"",2025,64508.0,1859.0,1310.0
"1377","SAKATA SEED CORP","20260220",4245.0,5.0,6290.43,2056.35,5.62,3728.73,9070.8,"JPY",58.9,33.6,"",0,5.4,3.6,7.4,7.0,"","Non-Energy Minerals","Farm Products","",43.26,"",2025,92920.0,4415.0,3035.0
"1379","HOKUTO CORP","20260220",1981.0,11.0,4560.48,1490.83,8.38,1814.92,4758.1,"JPY",-47.6,72.1,"",0,9.8,6.3,-3.1,4.7,"","Process Industries","Farm Products","",31.3,"",2025,83104.0,2123.0,1690.0
"1380","AKIKAWA FOODS & FARMS","20260220",1037.0,-8.0,532.37,174.03,3.39,523.02,74.0,"JPY",275.6,21.9,"",0,1.5,4.8,8.0,8.9,"","Consumer Non-Durables","Farm Products","",4.17,"",2025,7957.0,1250.0,931.0
"1381","AXYZ","20260220",4140.0,10.0,9161.74,2994.99,7.95,3843.42,1716.3,"JPY",25.1,55.6,"",0,6.7,6.4,7.8,11.2,"","Process Industries","Farm Products","",5.62,"",2025,26426.0,4600.0,2550.0
"1382","HOB CO.LTD","20260220",1862.0,-16.0,479.61,156.78,1.61,994.74,12.2,"JPY",26.2,54.2,"",0,3.0,2.5,15.3,24.6,"","Process Industries","Farm Products","",0.76,"",2025,2412.0,3645.0,1480.0
"1383","Berg Earth Co. Ltd.","20260220",3255.0,"","","",-5.98,1321.88,-126.4,"JPY","",0.0,"",0,-6.4,-3.5,2.5,-7.5,-15.2,"Consumer Defensive","Farm Products","",1.6,"",2025,7303.0,3930.0,2830.0
"138A","HIKARI FOOD SERVICE CO. LTD.","20260220",2862.0,4.0,3914.44,1279.64,11.13,1259.92,138.9,"JPY","",0.0,40.0,0,34.8,131.9,156.8,"","","Consumer Services","Restaurants","",0.99,"",2024,2566.85,3315.0,1471.0
"1401","MBS INC","20260220",1529.0,1.0,1691.03,610.44,12.31,528.0,455.1,"JPY",31.9,41.1,"",0,13.9,10.4,10.8,11.7,"","Consumer Durables","Engineering & Construction","",7.0,"",2025,4713.0,1847.0,578.0
"1407","West Holdings Corp.","20260220",1692.0,12.0,4208.42,1484.0,15.32,913.34,5550.1,"JPY",84.4,34.7,"",0,16.6,21.7,20.9,22.7,32.7,"Utilities","Utilities - Renewable","",39.66,"",2025,47250.0,2020.0,1294.0
"1414","SHO-BOND HOLDINGS CO LTD","20260220",1406.0,5.0,2089.1,682.93,13.53,514.52,14224.7,"JPY",-1.9,76.3,"",0,14.0,14.1,13.3,13.2,"","Industrial Services","Engineering & Construction","",204.27,"",2025,90712.0,1537.0,1109.75
"1417","MIRAIT ONE CORPORATION","20260220",3888.0,6.0,6067.14,1983.36,6.88,2940.86,17983.0,"JPY",37.1,66.0,"",0,6.6,4.4,5.8,9.6,"","Industrial Services","Engineering & Construction","",88.92,"",2025,578599.0,4173.0,1860.0
"1418","Interlife Holdings Co. Ltd.","20260220",576.0,10.0,1139.78,455.54,16.81,270.37,708.5,"JPY",12.4,85.7,"",0,20.0,4.5,2.9,-0.2,"","Industrials","Specialty Business Services","",15.59,"",2025,16940.0,729.0,320.0
"1419","TAMA HOME CO LIMITED","20260220",3895.0,5.0,5647.35,1846.13,15.94,1181.3,5457.2,"JPY",2.2,78.0,"",0,6.5,25.5,29.3,32.4,"","Consumer Durables","Residential Construction","",28.99,"",2025,200817.0,4030.0,3200.0
"141A","TRIAL HOLDINGS INC","20260220",4600.0,-8.0,2305.99,766.47,9.29,1031.27,11720.3,"JPY",258.1,6.0,"",0,12.2,19.7,14.4,13.4,"","Retail Trade","Specialty Stores","",122.3,"",2025,806590.0,3345.0,1795.0
"1420","SANYO HOMES CORPORATION","20260220",718.0,12.0,1740.59,569.0,4.24,1366.82,650.4,"JPY",10.8,65.6,"",0,5.1,4.6,-1.1,2.1,"","Consumer Durables","Residential Construction","",11.21,"",2025,45518.0,742.0,600.0
"1429","NIPPON AQUA CO LTD","20260220",836.0,8.0,1543.23,598.33,17.96,330.67,1893.7,"JPY",-2.2,75.1,35.0,0,19.8,25.2,19.5,12.5,"","Process Industries","Engineering & Construction","",31.89,"",2024,30265.0,955.0,650.0
"142A","JINJIB CO LTD","20260220",572.0,"","","",-32.76,134.14,-127.4,"JPY","",0.0,"",0,-38.7,643.3,"","","","Commercial Services","Personnel Services","",2.9,"",2025,2400.0,1083.0,430.0
"1430","FIRST-CORPORATION INC","20260220",1081.0,15.0,3215.15,1119.19,13.6,814.69,1327.0,"JPY","",27.5,"",0,19.9,12.4,"","","","Consumer Durables","Residential Construction","",11.98,"",2025,43194.0,1085.0,830.0
"1431","LIB WORK CO LTD","20260220",657.0,-3.0,534.71,174.8,8.79,202.75,414.4,"JPY",76.6,31.1,"",0,11.2,11.2,5.1,13.8,"","Industrial Services","Real Estate - Diversified","",23.25,"",2025,16004.0,838.0,562.0
"1433","BESTERRA CO LTD","20260220",1271.0,2.0,1484.52,485.29,9.3,532.02,451.3,"JPY",-134.2,85.0,25.0,0,8.2,5.3,-1.5,7.4,"","Industrial Services","Engineering & Construction","",9.12,"",2025,10897.0,1354.0,882.0
"1434","JESCO Holdings, Inc.","20260220",2007.0,9.0,3923.87,1486.36,13.94,1077.09,1042.0,"JPY",-154.9,62.9,"",0,15.7,14.4,0.1,13.2,12.0,"Industrial Services","Engineering & Construction","",6.94,"",2025,19067.0,2057.0,721.0
"1435","ROBOT HOME INC","20260220",201.0,3.0,258.98,84.66,8.34,103.56,775.9,"JPY",55.5,33.7,2.0,0,10.8,9.4,10.4,5.6,"","Finance","Real Estate Services","",89.88,"",2024,13157.0,219.0,135.0
"1436","GREENENERGY & CO INC","20260220",2895.0,0.0,2871.84,938.81,7.45,1284.71,394.4,"JPY",52.2,31.2,"",0,7.6,7.0,7.5,7.1,"","Commercial Services","Engineering & Construction","",4.12,"",2025,11616.0,2681.0,2051.0
"1438","Gifu landscape architect Co.,Ltd.","20260220",1880.0,8.0,3459.26,1130.84,9.02,1278.7,373.6,"JPY",10.5,57.3,"",0,10.2,9.6,9.1,8.3,8.2,"Commercial Services","Engineering & Construction","",3.24,"",2025,6271.0,2030.0,1705.0
"1439","Yasue Corp.","20250226",2141.0,0.0,2152.78,703.75,8.99,798.46,232.5,"JPY",28.0,48.3,"",0,13.1,13.2,9.0,9.6,"","Industrials","Engineering & Construction","",3.24,"",2024,8082.0,0.0,0.0
"143A","ISHIN CO LTD","20260220",805.0,10.0,1666.55,544.8,10.24,621.76,122.9,"JPY","",0.0,"",0,18.7,21.5,18.4,"","","Technology Services","Packaged Software","",1.93,"",2025,1393.0,1596.0,685.0
"1443","GIKEN HOLDINGS CO LTD","20260220",335.0,15.0,1007.49,329.35,4.99,672.52,545.1,"JPY",270.7,2.2,"",0,4.6,4.3,3.3,6.9,"","Industrial Services","Engineering & Construction","",16.23,"",2025,4906.0,375.0,159.0
"1444","Nissou Co. Ltd.","20260220",2700.0,"","","",-2.69,1562.39,-45.8,"JPY","",0.0,"",0,-4.7,1.8,4.7,"","","Consumer Durables","Residential Construction","",1.09,"",2025,5279.0,3005.0,2035.0
"1446","CANDEAL Co., Ltd.","20260220",591.0,1.0,634.99,207.58,6.62,319.87,196.0,"JPY",27.1,63.4,"",0,7.0,5.1,9.0,3.2,-2.1,"Consumer Durables","Engineering & Construction","",9.26,"",2025,13860.0,595.0,500.0
"1447","SAAF HOLDINGS CO LTD","20260220",415.0,-17.0,96.94,31.69,2.98,108.57,78.8,"JPY",40.6,29.7,"",0,-5.2,14.4,16.8,-12.0,"","Commercial Services","Information Technology Services","",24.4,"",2025,28855.0,475.0,230.0
"1449","FUJI JAPAN CO LTD","20260220",260.0,"","","",-15.9,122.54,-41.5,"JPY","",0.0,"",0,-5.6,-18.0,-4.7,12.9,"","Consumer Durables","Building Products & Equipment","",2.13,"",2024,1113.0,303.0,184.0
"1450","TANAKEN INC","20260220",1594.0,16.0,4820.36,1771.08,16.95,945.06,1394.0,"JPY",7.8,54.1,"",0,22.6,17.4,20.0,20.2,"","Industrial Services","Engineering & Construction","",8.7,"",2025,12286.0,1520.0,1125.0
"1451","KHC Ltd.","20241203",1124.0,0.0,1100.0,359.59,4.99,734.94,319.0,"JPY",-1.6,68.4,"",0,5.8,6.1,6.0,5.8,"","Real Estate","Real Estate - Development","",8.7,"",2024,10062.0,"",""
"145A","L IS B CORP","20260220",809.0,"","","",-7.16,333.79,-122.4,"JPY","",0.0,"",0,2.2,"",-30.0,"","","Technology Services","Packaged Software","",5.12,"",2024,1594.0,1543.0,500.0
"146A","COLUMBIA WORKS INC","20260220",4250.0,12.0,10608.93,3468.08,20.28,1743.52,2454.2,"JPY","",7.0,70.0,0,31.4,28.0,25.8,"","","Finance","Real Estate Development","",6.94,"",2024,20981.0,4095.0,1617.5
"147A","SORACOM INC","20260220",1015.0,-11.0,395.57,129.31,5.78,227.96,596.7,"JPY","",0.0,"",0,6.6,12.2,0.4,"","","Technology Services","Packaged Software","",45.25,"",2025,8993.0,1335.0,686.0
"148A","HATCH WORK CO. LTD","20260220",1861.0,4.0,2475.53,809.25,20.28,406.87,157.6,"JPY",755.3,0.0,"",0,60.7,35.6,-82.0,-85.6,"","Technology Services","Packaged Software","",1.91,"",2024,2367.52,3155.0,1011.0
"1491","CHUGAI MINING CO","20260220",1021.0,8.0,1824.75,677.88,12.58,567.8,1029.2,"JPY",42.6,53.2,"",0,17.1,3.2,9.9,9.0,"","Non-Energy Minerals","Gold","",14.41,"",2025,162345.0,1760.0,697.0
"149A","THINCA CO LTD","20260220",691.0,-9.0,326.84,106.84,3.55,306.59,34.8,"JPY","",0.0,"",0,6.4,38.5,-32.5,"","","Technology Services","Packaged Software","",3.19,"",2024,1232.22,1549.0,731.0
"150A","JSH CO LTD","20260220",401.0,2.0,472.8,154.56,4.38,359.53,89.4,"JPY","",0.0,"",0,8.2,10.9,28.2,"","","Commercial Services","Personnel Services","",5.67,"",2025,3967.01,671.0,391.0
"1514","SUMISEKI HOLDINGS INC","20260220",870.0,10.0,1836.33,688.1,14.59,468.49,4087.5,"JPY",1.6,59.2,"",0,17.5,39.1,21.4,15.3,"","Distribution Services","Thermal Coal","",59.82,"",2025,10264.0,962.0,506.0
"1515","NITTETSU MINING CO","20260220",3665.0,-2.0,3094.1,1011.47,5.74,1798.26,8114.8,"JPY",132.7,26.2,"",0,4.6,5.5,7.3,8.6,"","Commercial Services","Copper","",78.68,"",2025,196766.0,4505.0,1010.0
"1518","MITSUI MATSUSHIMA HOLDINGS CO LTD","20260220",1487.0,15.0,4542.89,1485.08,9.05,1673.99,5910.3,"JPY",26.8,45.5,"",0,8.7,31.9,70.0,19.5,"","Non-Energy Minerals","Thermal Coal","",39.03,"",2025,60574.0,1600.0,656.0
"153A","CAULIS INC","20260220",1112.0,2.0,1324.71,433.05,21.78,202.7,286.6,"JPY","",0.0,4.8,0,61.2,"","","","","Technology Services","Packaged Software","",6.49,"",2024,1225.27,2888.0,688.0
"156A","Material Group, Inc.","20260220",826.0,8.0,1529.75,500.08,22.75,224.09,491.1,"JPY","",8.6,"",0,23.1,46.0,51.9,"","","Commercial Services","Miscellaneous Commercial Services","",9.63,"",2025,6288.0,976.0,553.0
"157A","GREEN MONSTER INC","20260220",1060.0,1.0,1144.11,374.01,8.37,455.41,119.8,"JPY","",4.2,"",0,5.6,24.4,"","","","Technology Services","Packaged Software","",3.14,"",2025,2006.0,1480.0,410.0
"1605","國際石油開發帝石","20260220",3677.0,15.0,11179.81,3654.7,9.17,4065.53,441982.8,"JPY",81.8,35.4,100.0,0,10.5,8.1,17.6,8.9,"","Energy Minerals","Oil & Gas E&P","",1186.02,"",2024,2265837.0,4002.0,1651.0
"160A","AS PARTNERS CO LTD","20260220",2502.0,15.0,7588.58,2480.72,21.75,1162.84,905.6,"JPY",122.5,18.3,"",0,40.2,30.3,7.2,"",14.7,"Health Services","Hospital/Nursing Management","",3.58,"",2025,17917.81,3550.0,1550.0
"165A","SBI RHEOS HIFUMI INC","20251126",210.0,9.0,409.88,133.99,20.14,67.84,1332.2,"JPY","",27.3,"",0,21.5,23.0,"","","","Finance","Investment Managers","",97.51,"",2025,11424.0,224.0,150.0
"1662","JAPAN PETROLEUM EXPLORATION CO LTD","20260220",2357.0,9.0,4796.33,1567.93,7.75,2061.9,40920.7,"JPY",93.2,20.5,"",0,7.3,12.6,16.5,7.8,"","Energy Minerals","Oil & Gas E&P","",255.95,"",2025,389082.0,2510.0,893.0
"1663","K&O ENERGY GROUP INC","20260220",5170.0,4.0,7111.71,2324.83,6.56,3613.53,6327.1,"JPY",42.0,37.5,50.0,0,6.9,7.8,6.4,3.9,"","Utilities","Utilities - Regulated Gas","",26.69,"",2024,92421.0,4865.0,2345.0
"166A","TASUKI Holdings Inc.","20260220",844.0,12.0,2090.87,728.59,12.6,593.18,4022.0,"JPY","",27.0,"",0,23.1,"","","","","Technology Services","Packaged Software","",53.82,"",2025,74412.0,913.0,543.0
"167A","RYOYO RYOSAN HOLDINGS INC","20260220",3230.0,0.0,3137.32,1025.59,3.19,3278.82,4192.5,"JPY","",0.0,"",0,"","","","","","Distribution Services","Electronics Distributors","",40.09,"",2025,359811.0,3360.0,2035.0
"1711","SDS HOLDINGS CO LTD","20260220",278.0,"","","",-21.87,59.24,-132.6,"JPY","",0.0,"",0,-21.3,-17.3,-37.8,-766.7,"","Producer Manufacturing","Utilities - Renewable","",10.23,"",2025,4035.0,341.0,180.0
"1712","DAISEKI ECO. SOLUTION CO LTD","20251218",1845.0,3.0,2257.05,737.83,7.23,1041.17,1264.7,"JPY",55.2,28.3,"",0,8.0,10.6,5.2,9.6,"","Industrial Services","Waste Management","",16.81,"",2025,19944.0,1874.0,920.0
"1716","DAI-ICHI CUTTER KOGYO KK","20260220",1584.0,12.0,3807.33,1244.62,7.42,1709.24,1427.8,"JPY",20.2,50.6,"",0,7.0,11.6,12.3,12.5,"","Industrial Services","Engineering & Construction","",11.25,"",2025,20228.0,1477.0,1240.0
"1717","MEIHO FACILITY WORKS","20260220",1071.0,9.0,2057.81,777.39,16.06,475.85,898.9,"JPY",27.4,63.8,"",0,17.9,17.1,15.2,15.3,"","Industrial Services","Engineering & Construction","",11.76,"",2025,5716.0,1155.0,811.0
"1718","MIKIKOGYO CO LTD","20260220",8200.0,15.0,25407.8,8305.85,5.87,14439.45,923.2,"JPY",-8.2,58.2,300.0,0,4.3,5.6,4.8,5.9,"","Industrial Services","Engineering & Construction","",1.09,"",2024,27292.0,9970.0,4540.0
"1719","HAZAMA ANDO CORP","20260220",2112.0,9.0,3302.28,1251.33,12.44,1091.88,21301.2,"JPY",47.3,60.8,"",0,14.5,9.6,8.9,12.4,"","Industrial Services","Engineering & Construction","",156.8,"",2025,425160.0,2270.0,1200.0
"1720","TOKYU CONSTRUCTION CO(NEW)","20260220",1554.0,5.0,2318.58,757.95,8.08,956.65,8210.9,"JPY",-31.3,77.0,"",0,6.5,7.6,2.8,-7.5,"","Consumer Durables","Engineering & Construction","",106.24,"",2025,293139.0,1663.0,698.0
"1721","COMSYS控股","20260220",5528.0,5.0,8186.77,2676.27,8.45,3229.99,31691.0,"JPY",1.1,72.9,"",0,8.7,7.9,5.8,9.1,"","Industrial Services","Engineering & Construction","",116.13,"",2025,614631.0,5476.0,2850.0
"1723","NIHON DENGI CO","20260220",11430.0,1.0,12778.58,4619.46,16.63,2479.22,6566.2,"JPY",38.8,47.1,"",0,19.1,15.1,11.0,10.4,"","Electronic Technology","Electronic Components","",15.93,"",2025,43061.0,12190.0,3065.0
"1724","SYNCLAYER INC","20260220",738.0,22.0,3610.92,1180.42,9.15,1315.85,562.1,"JPY",48.8,39.0,28.0,0,9.7,7.0,5.8,26.3,"","Electronic Technology","Communication Equipment","",4.67,"",2024,11711.0,752.0,543.0
"1726","BR. HOLDINGS CORPORATION","20260220",528.0,5.0,791.15,258.63,7.92,332.8,1193.9,"JPY",20.1,62.4,"",0,8.3,9.5,7.4,12.1,"","Industrial Services","Engineering & Construction","",45.27,"",2025,40770.0,531.0,296.0
"1730","Aso Foam Crete Co. Ltd.","20250331",677.0,"","","",-17.08,21.93,-168.2,"JPY","",0.0,"",0,-18.8,-1.2,-3.5,11.3,"","Industrials","Engineering & Construction","",44.92,"",2024,3139.0,711.0,0.0
"1736","OTEC CORP","20260220",2548.0,11.0,5802.24,2035.03,13.73,1444.67,3073.4,"JPY",75.8,30.9,"",0,14.9,8.4,7.4,7.9,"","Producer Manufacturing","Industrial Distribution","",15.49,"",2025,31424.0,2792.0,1155.0
"1738","NITTOH CORPORATION","20260220",655.0,-9.0,321.01,104.94,3.57,299.55,165.8,"JPY",79.1,20.2,"",0,2.6,8.0,6.9,7.9,"","Industrial Services","Engineering & Construction","",15.49,"",2025,10328.0,"",""
"173A","HAMMOCK INC","20260220",1435.0,14.0,3995.49,1306.13,20.58,647.27,560.7,"JPY","",12.7,"",0,25.9,34.2,33.3,"","","Technology Services","Packaged Software","",4.21,"",2025,4707.0,1850.0,1350.0
"1743","Koatsu Kogyo Co., Ltd.","20251127",1822.0,23.0,9258.85,3026.74,7.44,4150.22,700.6,"JPY",-17.6,55.2,"",0,8.2,6.4,3.1,8.1,12.2,"Industrial Services","Engineering & Construction","",2.27,"",2025,13940.0,371215040.0,1125.0
"1757","SOUKEN ACE CO LTD","20250918",1.0,"","","",-2100.0,0.09,-588.0,"JPY","",0.0,"",0,-182.0,-227.3,-68.6,-73.3,"","Consumer Services","Real Estate - Development","",297.53,"",2025,1785.0,30.0,1.0
"1758","TAIYO KISOKOGYO CO","20260220",2666.0,7.0,4563.75,1491.9,3.44,4420.5,304.3,"JPY",59.5,37.0,60.0,0,1.4,2.4,8.0,6.7,"","Industrial Services","Engineering & Construction","",2.0,"",2025,13482.0,2805.0,1503.0
"175A","WILL SMART CO LTD","20260220",793.0,"","","",-16.27,278.23,-66.5,"JPY","",0.0,"",0,-23.8,-29.1,-5.0,"","","Technology Services","Packaged Software","",1.47,"",2024,935.86,1612.0,626.0
"1762","TAKAMATSU CONSTRUCTION GROUP CO LTD","20260220",3935.0,8.0,7059.22,2307.67,5.95,3954.74,8193.4,"JPY",9.0,61.7,"",0,4.8,6.7,6.2,6.0,"","Consumer Durables","Engineering & Construction","",34.82,"",2025,346685.0,4420.0,2413.0
"1764","KUDO CORP","20260220",3350.0,16.0,10824.19,3538.45,8.32,4337.9,447.4,"JPY",314.1,7.0,"",0,21.0,"","","","","Consumer Durables","Engineering & Construction","",1.24,"",2025,22497.0,3260.0,2508.0
"1766","TOKEN CORPORATION","20260220",14850.0,8.0,26548.52,9565.74,10.79,9951.64,14426.2,"JPY",60.0,38.6,"",0,13.0,7.9,6.0,9.8,"","Finance","Real Estate Services","",13.44,"",2025,366640.0,15450.0,11890.0
"1768","SONEC CORP","20260220",1660.0,9.0,3232.9,1056.84,8.7,1239.12,787.8,"JPY",38.9,46.5,"",0,5.4,2.8,8.5,10.5,"","Industrial Services","Engineering & Construction","",7.31,"",2025,15196.0,1796.0,808.0
"176A","REZIL INC","20260113",2732.0,2.0,3174.99,1037.91,19.92,531.23,2029.9,"JPY",51.5,38.3,"",0,28.0,32.2,21.6,20.1,"","Utilities","Electric Utilities","",19.18,"",2025,46647.0,1379397376.0,1544.0
"1770","FUJITA ENGINEERING CO","20260220",1810.0,16.0,4805.28,1723.88,9.79,2067.86,1858.7,"JPY",57.4,35.6,"",0,12.2,9.7,8.2,9.6,"","Industrial Services","Engineering & Construction","",9.18,"",2025,32646.0,1907.0,1201.0
"1771","Nippon Kanryu Industry Co., Ltd.","20260220",975.0,5.0,1452.56,474.85,4.66,1038.06,444.0,"JPY",-10.8,57.1,"",0,4.4,6.3,7.4,9.3,13.0,"Industrial Services","Engineering & Construction","",9.17,"",2025,17594.0,1071.0,882.0
"1773","YTL CORP","20260220",80.0,11.0,176.11,60.97,11.42,1.49,1957.5,"MYR",93.7,23.1,"",0,11.9,14.8,8.4,3.4,"","Utilities","Utilities - Diversified","",11473.79,"",2025,30796.9,97.0,43.0
"1775","Fuji Furukawa Engineering & Construction Co. Ltd.","20250213",7160.0,11.0,15430.51,5828.48,13.08,4616.13,5429.8,"JPY",6.1,60.7,"",0,14.7,14.0,14.7,15.7,"","Industrials","Engineering & Construction","",8.99,"",2024,103649.0,0.0,0.0
"1776","SUMIKEN MITSUI ROAD CO LTD","20260220",1659.0,-4.0,1184.36,387.17,2.68,1472.31,363.6,"JPY",65.6,40.5,"",0,1.4,5.3,5.3,5.1,"","Industrial Services","Engineering & Construction","",9.21,"",2025,30157.0,1690.0,1189.0
"1777","KAWASAKI SETSUBI KOGYO CO. LTD.","20260220",2960.0,19.0,9020.73,2948.89,20.72,1451.03,2763.4,"JPY",16.4,57.2,"",0,17.2,7.7,6.7,8.6,"","Producer Manufacturing","Specialty Industrial Machinery","",9.19,"",2025,29159.0,"",""
"177A","KOHJIN BIO CO LTD","20260220",1215.0,18.0,4498.72,1533.19,13.18,1131.31,762.1,"JPY",73.2,18.2,"",0,25.2,12.7,37.4,26.3,"","Health Technology","Biotechnology","",5.11,"",2025,5206.0,2020.0,1180.0
"1780","YAMAURA CORP","20260220",1616.0,15.0,4701.83,1709.27,13.6,1229.16,3165.1,"JPY",20.2,46.0,"",0,14.7,17.1,4.5,4.9,"","Industrial Services","Engineering & Construction","",18.93,"",2025,35613.0,1600.0,1032.0
"1783","Fantasista Co.,Ltd","20260220",68.0,"","","",-0.97,37.5,-61.9,"JPY",97.7,1.2,"",0,-1.1,3.3,20.2,-1.1,3.5,"Finance","Real Estate - Diversified","",170.04,"",2025,9422.0,74.0,35.0
"1786","ORIENTAL SHIRAISHI CORPORATION","20260220",420.0,9.0,850.28,277.96,7.11,398.45,3646.9,"JPY",43.6,48.7,"",0,7.5,11.0,9.8,12.1,"","Industrial Services","Engineering & Construction","",128.67,"",2025,64553.0,440.0,323.0
"1787","NAKABOHTEC CORROSION PROTECTING","20260220",5980.0,9.0,11603.66,3793.26,10.9,3548.78,951.5,"JPY",7.6,81.6,"",0,12.6,10.4,11.6,10.2,"","Producer Manufacturing","Metal Fabrication","",2.46,"",2025,14725.0,6350.0,4710.0
"1788","SANTO CORPORATION","20260220",5520.0,11.0,12592.74,4116.59,7.69,5458.06,260.3,"JPY",70.9,29.9,"",0,6.9,4.5,8.9,"","","Industrial Services","Engineering & Construction","",0.62,"",2025,8199.0,6400.0,3655.0
"1789","Yamaka Electric Construction Co. Ltd.","20241011",508.0,18.0,1839.89,648.36,12.35,540.82,425.3,"JPY",52.3,31.5,"",0,15.6,12.1,9.1,5.3,7.4,"Industrials","Engineering & Construction","",6.37,"",2025,11261.0,"",""
"1795","Masaru Corporation","20260220",4530.0,15.0,13955.06,4561.93,7.85,5929.21,414.0,"JPY",22.7,58.5,"",0,9.0,5.8,7.7,2.6,7.7,"Industrial Services","Engineering & Construction","",0.89,"",2025,10647.0,4955.0,3500.0
"1798","MORIYA CORPORATION","20260220",6920.0,19.0,25785.83,9099.19,12.64,7311.93,2014.3,"JPY",46.2,32.4,"",0,11.5,12.4,7.2,13.0,"","Industrial Services","Engineering & Construction","",2.18,"",2025,50266.0,7550.0,3240.0
"1801","大成建設","20260220",18795.0,-2.0,15634.8,5111.04,9.96,5231.55,86288.5,"JPY",48.6,90.0,"",0,8.6,2.7,4.9,8.5,"","Industrial Services","Engineering & Construction","",165.57,"",2025,2154223.0,19175.0,5793.0
"1802","大林組","20260220",4153.0,-1.0,3926.39,1283.54,7.91,1655.32,91577.7,"JPY",21.2,74.5,"",0,7.7,6.0,6.8,3.5,"","Consumer Durables","Engineering & Construction","",699.71,"",2025,2620101.0,4385.0,1742.5
"1803","清水建設","20260220",3574.0,-10.0,1509.08,493.32,3.96,1271.25,34032.7,"JPY",0.0,72.3,"",0,3.3,-4.2,3.7,4.1,"","Industrial Services","Engineering & Construction","",676.56,"",2025,1944360.0,3582.0,1166.5
"1805","Tobishima Corp.","20241011",1439.0,20.0,6163.39,2014.82,7.81,2629.82,3934.3,"JPY",20.2,58.8,"",0,7.6,7.0,6.9,8.5,"","Industrials","Engineering & Construction","",19.15,"",2025,138259.0,"",""
"1807","WATANABE SATO CO LTD","20260220",2034.0,12.0,4987.74,1630.5,4.86,3420.19,1037.5,"JPY",58.9,34.8,"",0,4.3,6.2,2.2,9.9,"","Industrial Services","Engineering & Construction","",6.24,"",2025,40422.0,2093.0,1400.0
"1808","HASEKO CORPORATION","20260220",3273.0,9.0,4953.25,1870.43,10.76,1973.86,57229.7,"JPY",25.7,57.3,"",0,11.2,12.4,14.4,13.8,"","Consumer Durables","Residential Construction","",269.54,"",2025,1177353.0,3531.0,1788.0
"1810","MATSUI CONSTRUCTION CO","20260220",1848.0,7.0,3080.64,1007.07,5.83,1762.4,2949.2,"JPY",130.9,29.0,"",0,5.6,0.5,4.3,4.3,"","Industrial Services","Engineering & Construction","",28.72,"",2025,99253.0,1929.0,776.0
"1811","ZENITAKA CORP","20260220",9180.0,8.0,16703.84,5460.52,4.12,13528.91,3986.7,"JPY",285.8,8.8,"",0,3.7,4.8,2.8,2.5,"","Industrial Services","Engineering & Construction","",7.16,"",2025,120660.0,9330.0,3165.0
"1812","鹿島建設","20260220",6837.0,2.0,7896.71,2581.45,9.75,2699.96,122657.0,"JPY",105.2,24.7,"",0,9.1,9.1,10.7,12.1,"","Industrial Services","Engineering & Construction","",465.98,"",2025,2911816.0,8040.0,2693.5
"1813","FUDO TETRA CORP","20260220",3790.0,5.0,5754.75,1881.24,8.49,2258.75,2906.2,"JPY",59.6,41.2,"",0,6.9,6.3,7.2,8.5,"","Industrial Services","Engineering & Construction","",15.15,"",2025,69557.0,3960.0,1896.0
"1814","DAISUE CONSTRUCTION CO","20260220",4380.0,8.0,6092.56,2407.42,11.84,2217.26,2721.8,"JPY",-6.6,77.2,"",0,9.8,4.3,6.4,9.6,"","Industrial Services","Real Estate - Development","",10.37,"",2025,89027.0,4420.0,1575.0
"1815","TEKKEN CORP","20260220",4710.0,0.0,4749.28,1552.55,3.16,5011.41,2205.3,"JPY",507.9,13.4,"",0,2.1,0.4,-0.6,7.4,"","Industrial Services","Engineering & Construction","",13.93,"",2025,185114.0,5840.0,2088.0
"1820","NISHIMATSU CONSTRUCTION CO","20260220",6612.0,6.0,10178.31,3327.31,7.78,4360.23,13394.7,"JPY",112.8,59.9,"",0,7.8,8.8,6.1,7.7,"","Consumer Durables","Engineering & Construction","",39.48,"",2025,366811.0,6660.0,4180.0
"1821","SUMITOMO MITSUI CONSTRUCTION CO LTD","20251218",597.0,11.0,1431.92,468.1,11.5,446.9,8064.3,"JPY","",0.0,"",0,0.0,4.5,-28.3,-6.7,"","Industrial Services","Conglomerates","",156.88,"",2025,462982.0,29949999104.0,375.0
"1822","DAIHO CORPORATION","20260220",867.0,4.0,1164.01,380.52,4.79,810.79,3423.4,"JPY",44.0,63.5,"",0,5.2,0.0,3.8,8.0,"","Industrial Services","Engineering & Construction","",88.23,"",2025,143394.0,891.0,642.0
"1826","SATA CONSTRUCTION CO","20260220",1267.0,1.0,1361.03,444.92,4.41,1028.63,684.6,"JPY",10.3,63.2,"",0,4.1,0.6,9.0,3.8,"","Industrial Services","Engineering & Construction","",15.09,"",2025,32264.0,1296.0,920.0
"1827","NAKANO CORPORATION","20260220",1558.0,7.0,2609.11,852.92,6.98,1246.65,2988.3,"JPY",20.1,49.6,"",0,7.2,7.8,6.2,-4.0,"","Industrial Services","Engineering & Construction","",34.36,"",2025,110538.0,1557.0,578.0
"1828","TANABE ENGINEERING CORP","20260220",2843.0,12.0,5494.17,2059.36,9.92,2379.05,2477.0,"JPY",16.8,53.5,"",0,11.8,9.6,9.3,11.1,"","Industrial Services","Engineering & Construction","",10.5,"",2025,50832.0,2978.0,1725.0
"1832","HOKKAIDENKO CORPORATION","20260220",1380.0,12.0,3506.83,1146.39,7.27,1607.63,2422.1,"JPY",43.0,38.7,"",0,8.5,7.6,3.6,3.9,"","Industrial Services","Engineering & Construction","",20.72,"",2025,68925.0,1294.0,738.0
"1833","OKUMURA CORP","20260220",7050.0,6.0,11476.55,3751.7,7.74,4943.78,13718.3,"JPY",59.1,66.9,"",0,7.3,5.4,5.3,5.5,"","Consumer Durables","Engineering & Construction","",35.86,"",2025,298222.0,7490.0,3770.0
"1835","TOTETSU KOGYO CO","20260220",5120.0,8.0,9389.29,3069.37,9.01,3473.11,10778.9,"JPY",49.8,51.9,"",0,10.0,7.9,6.1,5.3,"","Industrial Services","Engineering & Construction","",34.44,"",2025,160047.0,5210.0,2652.0
"1840","Tsuchiya Holdings Co., Ltd.","20260220",244.0,"","","",-1.79,506.41,-232.8,"JPY","",0.0,"",0,-1.8,-1.5,2.0,-0.5,4.3,"Consumer Durables","Residential Construction","",25.75,"",2025,31456.0,266.0,185.0
"1841","SANYU CONSTRUCTION CO","20260220",1584.0,14.0,4509.2,1474.07,4.23,3552.45,490.0,"JPY",22.8,77.8,"",0,4.5,3.8,1.1,1.0,"","Industrial Services","Engineering & Construction","",3.26,"",2025,10411.0,1817.0,935.0
"1844","OHMORI CO LTD","20260220",598.0,3.0,764.72,249.99,7.99,318.98,475.4,"JPY",3.4,68.2,"",0,9.2,7.8,6.0,5.8,5.6,"Industrial Services","Engineering & Construction","",18.65,"",2025,6443.0,1450.0,224.0
"1847","ICHIKEN CO LTD","20260220",5900.0,16.0,17197.11,6401.58,13.56,4695.04,4623.5,"JPY",-7.6,55.6,"",0,62.2,"","","","","Industrial Services","Real Estate - Development","",7.26,"",2025,98999.0,5480.0,2402.0
"1848","FUJI P.S CORPORATION","20260220",638.0,-6.0,390.8,127.75,1.87,696.94,230.1,"JPY",186.3,28.1,"",0,-1.2,2.9,1.0,8.4,"","Industrial Services","Engineering & Construction","",17.66,"",2025,33771.0,777.0,390.0
"1850","NANKAI TATSUMURA CONSTRUCTION CO","20260220",551.0,15.0,1524.37,568.99,10.5,599.69,1814.8,"JPY",-19.0,52.7,"",0,10.9,7.6,12.5,16.9,"","Industrial Services","Engineering & Construction","",28.83,"",2025,52945.0,652.0,240.0
"1852","ASANUMA CORP","20260220",1135.0,6.0,1797.13,587.49,10.56,567.01,4828.9,"JPY",15.6,87.6,"",0,10.1,4.5,8.6,7.8,"","Industrial Services","Engineering & Construction","",80.61,"",2025,167005.0,1233.0,629.0
"1860","TODA CORP","20260220",1528.5,2.0,1853.65,605.96,5.42,1140.26,18544.5,"JPY",144.3,39.0,"",0,4.9,4.2,3.8,5.9,"","Industrial Services","Engineering & Construction","",300.13,"",2025,586661.0,1592.5,758.3
"1861","KUMAGAI GUMI CO","20260220",1980.0,0.0,1996.72,652.73,6.29,1058.56,11432.6,"JPY",128.7,51.7,"",0,5.5,5.2,4.8,10.2,"","Industrial Services","Engineering & Construction","",171.77,"",2025,498581.0,2033.0,898.75
"1866","KITANO CONSTRUCTION CORP","20260220",1537.0,12.0,3824.01,1250.08,6.64,1918.59,3100.0,"JPY",36.3,48.0,"",0,7.5,10.2,8.2,5.1,"","Industrial Services","Engineering & Construction","",24.32,"",2025,80853.0,1714.0,776.25
"1867","UEKI CORP","20260220",3120.0,16.0,10023.78,3276.79,7.58,4406.99,2198.6,"JPY",32.9,45.8,"",0,7.6,7.4,5.9,7.0,"","Industrial Services","Engineering & Construction","",6.58,"",2025,50703.0,3270.0,1573.0
"1869","MEIKO CONSTRUCTION CO. LTD.","20260220",1844.0,37.0,22408.08,7325.24,6.65,11237.5,4899.9,"JPY",105.9,14.1,"",0,6.6,6.2,7.7,8.7,"","Industrial Services","Residential Construction","",6.56,"",2025,93170.0,"",""
"186A","ASTROSCALE HOLDINGS INC","20260220",1019.0,"","","",-256.22,45.18,-15693.6,"JPY","",0.0,"",0,-399.0,-61.7,-65.7,"","","Electronic Technology","Telecommunications Equipment","",135.56,"",2025,2456.0,1194.0,523.0
"1870","YAHAGI CONSTRUCTION CO","20260220",2472.0,11.0,4670.49,1807.52,12.17,1599.14,8374.9,"JPY",-11.2,69.2,"",0,9.2,11.1,9.4,7.3,"","Industrial Services","Engineering & Construction","",43.04,"",2025,140699.0,2534.0,1170.0
"1871","PS CONSTRUCTION CO LTD","20260220",3365.0,2.0,4199.59,1583.61,13.31,1236.2,7706.2,"JPY",19.5,60.1,"",0,15.8,10.8,8.3,10.6,"","Industrial Services","Engineering & Construction","",46.82,"",2025,135627.0,3410.0,1217.0
"1873","NIHON HOUSE HOLDINGS CO LTD","20260220",323.0,10.0,690.56,225.75,4.25,541.83,920.8,"JPY",-29.6,75.4,"",0,6.9,3.5,-0.1,6.7,"","Consumer Durables","Residential Construction","",40.0,"",2025,34980.0,360.0,284.0
"1878","DAITO TRUST CONSTRUCTION CO","20260220",3470.0,10.0,7055.91,2727.35,18.68,1402.63,87124.9,"JPY",-15.2,74.9,"",0,23.2,18.1,20.0,23.0,"","Finance","Real Estate - Diversified","",332.55,"",2025,1842357.0,3539.0,2844.5
"1879","SHINNIHON CORP","20260220",2060.0,16.0,5283.03,1987.17,10.57,2091.16,12930.6,"JPY",1.5,55.8,"",0,11.3,11.9,13.1,13.2,"","Industrial Services","Engineering & Construction","",58.49,"",2025,131662.0,2252.0,1311.0
"1882","TOA ROAD CORPORATION","20260220",1872.0,1.0,2074.06,678.02,5.77,1199.11,3194.8,"JPY",20.2,53.4,"",0,5.7,7.4,6.6,8.0,"","Industrial Services","Engineering & Construction","",46.21,"",2025,126575.0,1905.0,1242.0
"1884","NIPPON ROAD CO LTD","20251009",2512.0,8.0,4594.56,1501.97,6.44,2379.9,6729.5,"JPY",-18.1,75.2,"",0,7.0,5.4,3.2,6.2,"","Industrial Services","Engineering & Construction","",43.94,"",2025,164294.0,13078522880.0,1711.0
"1885","TOA CORPORATION (CONST)","20260220",4070.0,1.0,4543.64,1731.59,13.23,1378.13,14097.2,"JPY",3.1,64.1,"",0,14.6,12.3,5.0,9.6,"","Industrial Services","Engineering & Construction","",77.31,"",2025,330472.0,4680.0,1067.0
"1887","JDC CORPORATION","20260220",671.0,-2.0,571.37,186.78,2.29,830.87,1518.0,"JPY","",27.3,"",0,1.5,-12.9,3.9,6.5,"","Industrial Services","Engineering & Construction","",79.7,"",2025,123349.0,719.0,432.0
"1888","WAKACHIKU CONSTRUCTION CO","20260220",4830.0,10.0,10059.21,3288.37,8.82,3801.81,4261.8,"JPY",38.8,42.3,"",0,8.0,12.4,14.7,14.6,"","Industrial Services","Engineering & Construction","",12.71,"",2025,86462.0,6170.0,3400.0
"1890","TOYO CONSTRUCTION CO","20251215",1742.0,4.0,1907.26,689.65,9.92,820.18,7645.2,"JPY",66.6,38.8,"",0,9.2,9.9,7.8,9.5,"","Industrial Services","Engineering & Construction","",93.96,"",2025,172605.0,34229323776.0,21372180480.0
"1892","TOKURA CONSTRUCTION CO. LTD.","20260220",7580.0,-30.0,427.56,139.77,6.77,210.64,1338.7,"JPY",43.3,41.8,"",0,6.0,6.6,2.1,11.3,"","Industrial Services","Engineering & Construction","",93.93,"",2025,71516.0,"",""
"1893","PENTA OCEAN CONSTRUCTION","20260220",2194.0,-3.0,1754.96,625.9,11.18,626.41,19239.9,"JPY",187.3,34.8,"",0,7.0,11.3,0.3,6.5,"","Industrial Services","Engineering & Construction","",274.68,"",2025,727491.0,2257.0,634.1
"1897","Kaneshita Construction Co., Ltd.","20260220",3310.0,0.0,3199.05,1045.78,1.16,9219.43,225.0,"JPY",212.6,36.5,"",0,1.2,1.8,1.6,1.1,0.1,"Industrial Services","Engineering & Construction","",2.11,"",2025,8837.0,3435.0,2562.0
"1898","SEIKITOKYU KOGYO CO","20260220",1681.0,9.0,3335.38,1090.34,9.77,1138.19,4072.5,"JPY",1.4,77.1,"",0,10.5,7.0,4.9,8.2,"","Industrial Services","Engineering & Construction","",36.63,"",2025,99358.0,1729.0,1298.0
"1899","FUKUDA CORP","20260220",7360.0,14.0,20212.86,6607.62,6.59,10224.64,5578.8,"JPY",1.4,62.2,250.0,0,6.8,4.7,4.8,8.8,"","Industrial Services","Engineering & Construction","",8.28,"",2024,166589.0,8890.0,4375.0
"189A","D&M COMPANY CO LTD","20260220",968.0,11.0,2257.43,742.29,9.7,929.82,205.7,"JPY","",2.2,"",0,17.3,16.1,16.8,"","","Health Services","Medical/Nursing Services","",2.28,"",2025,1502.0,1500.0,692.0
"1904","TAISEI ONCHO CO","20260220",5090.0,12.0,12559.34,4105.67,9.17,4566.61,2532.8,"JPY",18.8,74.5,"",0,10.3,8.8,6.3,5.7,"","Industrial Services","Building Products & Equipment","",6.05,"",2025,62502.0,5060.0,3120.0
"1905","TENOX CORP","20260220",1449.0,10.0,3184.91,1041.15,5.44,1950.6,707.1,"JPY",58.8,46.8,"",0,6.2,2.7,3.7,2.8,"","Industrial Services","Engineering & Construction","",6.66,"",2025,23717.0,1520.0,963.0
"1909","NIPPON DRY-CHEMICAL CO LTD","20260220",12480.0,8.0,22141.92,7797.62,16.95,3825.82,4344.6,"JPY",36.8,36.3,"",0,18.1,17.6,14.5,13.8,"","Producer Manufacturing","Security & Protection Services","",6.7,"",2025,55727.0,11790.0,3070.0
"190A","Chordia Therapeutics Inc.","20260220",117.0,"","","",-49.8,34.98,-1213.6,"JPY","",0.0,"",0,-42.9,-40.6,"","","","Health Technology","Pharmaceuticals: Major","",69.66,"",2025,0.0,284.0,98.0
"1911","SUMITOMO FORESTRY CO","20260220",1766.5,13.0,4637.8,1657.74,11.82,1505.08,108761.6,"JPY",49.9,36.6,50.0,0,15.8,16.0,21.8,24.8,"","Consumer Durables","Residential Construction","",611.54,"",2024,2053650.0,1837.0,1220.6666
"1914","JAPAN FOUNDATION ENGINEERING CO","20260220",735.0,13.0,1950.24,637.54,5.21,1248.07,1195.5,"JPY",94.3,44.5,"",0,6.6,4.6,2.6,1.9,"","Industrial Services","Engineering & Construction","",18.39,"",2025,30279.0,722.0,547.0
"1921","TOMOE CORPORATION","20260220",1963.0,2.0,2212.97,723.42,4.36,1690.3,2722.0,"JPY",522.2,15.4,"",0,5.4,6.7,8.6,7.9,"","Industrial Services","Engineering & Construction","",36.9,"",2025,34670.0,2339.0,1084.0
"1925","大和房屋工業","20260220",5515.0,13.0,14258.92,5170.91,12.98,4225.58,339338.8,"JPY",43.4,43.6,"",0,14.4,11.6,16.0,13.5,"","Consumer Durables","Real Estate - Development","",618.67,"",2025,5434819.0,5735.0,4596.0
"1926","RAITO KOGYO CO LTD","20260220",4080.0,7.0,6931.84,2266.03,11.43,2022.38,10035.0,"JPY",-5.1,72.6,"",0,10.1,9.6,11.7,12.7,"","Industrial Services","Engineering & Construction","",43.43,"",2025,121457.0,4040.0,2271.0
"1928","積水房屋","20260220",3753.0,12.0,9227.39,3016.45,10.16,3027.14,199382.3,"JPY",-18.8,71.1,72.0,0,12.2,11.2,11.8,11.3,"","Industrial Services","Residential Construction","",648.23,"",2025,4058583.0,3763.0,2906.0
"1929","NITTOC CONSTRUCTION CO","20260220",1392.0,6.0,2263.65,739.99,9.17,822.86,3151.8,"JPY",74.6,41.7,"",0,7.3,9.3,11.7,10.4,"","Industrial Services","Engineering & Construction","",41.77,"",2025,67216.0,1443.0,909.0
"1930","HOKURIKU ELECTRICAL CONSTRUCTION CO","20260220",1657.0,9.0,3230.4,1056.02,6.95,1548.8,3051.7,"JPY",-19.1,73.2,"",0,7.5,5.9,4.2,5.9,"","Industrial Services","Engineering & Construction","",28.34,"",2025,55607.0,1715.0,976.0
"1934","YURTEC CORPORATION","20260220",3095.0,6.0,4866.12,1590.74,7.55,2149.51,11141.8,"JPY",-28.2,65.3,"",0,8.5,5.7,5.1,5.3,"","Industrial Services","Engineering & Construction","",68.69,"",2025,257204.0,3035.0,1423.0
"1938","NIPPON RIETEC CO LTD","20260220",3095.0,5.0,4689.79,1533.1,6.08,2572.79,3872.2,"JPY",36.6,47.6,"",0,6.9,4.8,3.8,3.9,"","Industrial Services","Engineering & Construction","",24.77,"",2025,68669.0,2640.0,1262.0
"1939","YONDENKO CORP","20260220",2011.0,7.0,3488.05,1140.25,8.49,1369.07,5504.2,"JPY",-9.9,70.7,"",0,9.8,8.0,6.3,7.6,"","Industrial Services","Engineering & Construction","",47.34,"",2025,105877.0,2063.0,1076.0
"1941","CHUDENKO CORP","20260220",4920.0,9.0,10128.88,3311.15,8.07,4183.38,18286.0,"JPY",-2.0,85.0,"",0,9.9,4.1,-2.6,3.2,"","Industrial Services","Engineering & Construction","",54.16,"",2025,221885.0,4980.0,2882.0
"1942","KANDENKO CO LTD","20260220",6688.0,-5.0,4721.58,1746.04,10.78,1799.62,39643.7,"JPY",30.5,49.1,"",0,12.0,8.4,8.0,7.8,"","Industrial Services","Engineering & Construction","",204.41,"",2025,671888.0,6444.0,2392.0
"1944","KINDEN CORPORATION","20260220",8084.0,-2.0,7072.02,2311.85,7.8,3023.47,46706.0,"JPY",59.2,36.0,"",0,7.9,5.7,5.1,5.5,"","Industrial Services","Engineering & Construction","",198.13,"",2025,705058.0,8357.0,3066.0
"1945","TOKYO ENERGY & SYSTEMS INC","20260220",1921.0,0.0,1933.51,632.07,3.13,2060.4,2140.4,"JPY",88.3,33.6,"",0,1.9,3.5,3.4,4.2,"","Industrial Services","Engineering & Construction","",33.21,"",2025,67722.0,2074.0,915.0
"1946","TOENEC CORP","20260220",2241.0,6.0,3587.36,1172.72,8.12,1471.82,11100.5,"JPY",-73.9,63.0,"",0,7.6,6.0,5.9,8.1,"","Industrial Services","Engineering & Construction","",92.83,"",2025,270966.0,2279.0,796.0
"1948","KODENSHA CO LTD","20260220",6650.0,2.0,5820.75,2211.59,10.03,2498.28,2188.0,"JPY",51.7,59.2,"",0,10.4,4.7,3.0,1.7,"","Industrial Services","Engineering & Construction","",8.73,"",2025,39264.0,7150.0,1600.0
"1949","SUMITOMO DENSETSU CO","20260220",9710.0,-1.0,9082.63,3426.9,11.56,3231.4,13148.1,"JPY",20.2,58.2,"",0,12.1,9.4,10.2,10.9,"","Industrial Services","Engineering & Construction","",35.19,"",2025,203639.0,9940.0,4065.0
"194A","WOLVES HAND CO LTD","20260220",1948.0,3.0,2444.32,799.05,22.45,362.97,609.5,"JPY","",0.0,"",0,28.1,35.4,50.2,"","","Process Industries","Agricultural Commodities/Milling","",7.48,"",2025,5463.0,2900.0,554.0
"1950","NIPPON DENSETSU KOGYO CO","20260220",4960.0,4.0,6702.15,2190.94,6.66,3353.02,13040.2,"JPY",61.1,34.7,"",0,6.7,5.4,4.0,3.3,"","Industrial Services","Infrastructure Operations","",58.37,"",2025,216922.0,4575.0,1800.0
"1951","EXEO GROUP INC","20260220",2876.5,5.0,4197.06,1372.03,8.92,1568.55,28643.6,"JPY",-36.7,80.5,"",0,8.6,6.9,6.1,10.3,"","Industrial Services","Engineering & Construction","",204.74,"",2025,670822.0,2870.5,1502.0
"1952","SHIN NIPPON AIR TECHNOLOGIES CO","20260220",3890.0,4.0,4319.27,1625.01,11.76,1527.31,8152.2,"JPY",17.1,57.0,"",0,11.8,11.5,10.4,9.6,"","Industrial Services","Building Products & Equipment","",45.37,"",2025,137684.0,4400.0,1451.0
"1959","KYUDENKO CORP","20260220",9865.0,4.0,10218.65,3835.31,10.04,4384.32,31142.9,"JPY",20.9,54.1,"",0,10.0,11.2,9.6,11.9,"","Industrial Services","Engineering & Construction","",70.73,"",2025,473954.0,9430.0,4209.0
"195A","RICECURRY INC","20260220",1042.0,"","","",-0.49,387.67,-5.8,"JPY","",0.0,"",0,12.1,17.0,"","","","Technology Services","Data Processing Services","",3.0,"",2025,2986.0,1159.0,650.0
"1960","SANYO ENGINEERING & CONS INC","20260220",1441.0,12.0,3541.07,1157.58,5.95,1984.69,1811.9,"JPY",56.3,21.9,"",0,6.2,-4.3,-2.7,0.1,"","Industrial Services","Engineering & Construction","",15.35,"",2025,67859.0,1674.0,681.0
"1961","SANKI ENGINEERING CO","20260220",7520.0,1.0,6403.51,2527.43,13.36,2052.88,14209.5,"JPY",13.9,77.7,"",0,16.1,9.2,4.1,7.2,"","Industrial Services","Engineering & Construction","",51.82,"",2025,253136.0,7940.0,2805.0
"1963","日揮","20260220",2386.0,0.0,2443.24,798.7,5.04,1615.35,19695.8,"JPY",105.8,8.7,"",0,0.7,-2.6,8.4,5.2,"","Industrial Services","Engineering & Construction","",241.84,"",2025,858082.0,2479.5,940.6
"1964","CHUGAI RO CO LTD","20260220",4970.0,3.0,6318.85,2065.64,5.38,3912.57,1525.0,"JPY",21.9,63.1,"",0,6.4,3.3,4.8,5.8,"","Producer Manufacturing","Specialty Industrial Machinery","",7.24,"",2025,36247.0,5220.0,2723.0
"1965","TECHNO RYOWA LTD","20260220",7760.0,6.0,12693.84,4655.66,16.43,2582.63,8699.2,"JPY",25.2,52.9,"",0,14.4,10.1,5.5,5.5,"","Industrial Services","Engineering & Construction","",20.5,"",2025,84190.0,9340.0,2000.0
"1966","TAKADA CORPORATION","20260220",1966.0,18.0,7303.55,2387.54,8.8,2766.03,1784.5,"JPY",47.5,30.1,"",0,14.6,10.1,14.0,6.7,"","Industrial Services","Engineering & Construction","",7.33,"",2025,58067.0,1945.0,1160.0
"1967","YAMATO CORPORATION","20260220",2322.0,9.0,4491.97,1468.43,8.15,1836.28,3355.5,"JPY",109.6,25.1,"",0,9.2,3.6,3.8,8.8,"","Industrial Services","Engineering & Construction","",22.41,"",2025,53168.0,2513.0,1150.0
"1968","TAIHEI DENGYO KAISHA","20260220",2727.0,6.0,4332.24,1416.22,8.02,1801.25,9112.2,"JPY",5.6,58.3,"",0,8.9,8.9,13.0,12.5,"","Industrial Services","Infrastructure Operations","",63.1,"",2025,125670.0,2625.0,1351.6666
"1969","TAKASAGO THERMAL ENGINEERING CO","20260220",4994.0,2.0,5786.09,2130.09,15.01,1355.14,27119.1,"JPY",33.7,52.7,"",0,15.3,13.1,9.1,7.9,"","Producer Manufacturing","Building Products & Equipment","",133.32,"",2025,381661.0,5710.0,2458.0
"196A","MFS INC","20260220",276.0,4.0,368.75,120.55,5.03,244.52,112.1,"JPY","",0.0,"",0,7.8,-10.2,-31.8,"","","Technology Services","Internet Software/Services","",9.12,"",2025,2917.0,578.0,231.0
"1973","NEC Networks & System Integration Corp.","20250509",3285.0,59.0,107947.23,40930.83,11.48,39522.02,17510.6,"JPY",22.0,59.9,"",0,11.5,10.9,12.4,15.1,"","Technology","Information Technology Services","",3.86,"",2024,359505.0,166666665984.0,0.0
"1975","ASAHI KOGYOSHA CO","20260220",4575.0,0.0,4773.82,1787.4,11.82,1630.85,4969.5,"JPY",24.0,55.5,"",0,13.4,9.8,5.4,4.7,"","Industrial Services","Specialty Industrial Machinery","",25.77,"",2025,91947.0,4310.0,1620.0
"1976","MEISEI INDUSTRIAL CO","20260220",1940.0,11.0,4558.49,1490.18,10.55,1440.55,7232.8,"JPY",18.3,60.9,"",0,12.4,10.6,9.1,7.0,"","Industrial Services","Engineering & Construction","",47.6,"",2025,66283.0,1930.0,1086.0
"1979","TAIKISHA LTD","20260220",3770.0,7.0,6228.49,2036.1,8.92,2327.13,13208.6,"JPY",13.0,71.6,"",0,8.3,9.9,6.7,5.0,"","Distribution Services","Building Products & Equipment","",63.62,"",2025,276212.0,3980.0,1999.0
"197A","TAUNS LABORATORIES INC.","20260220",532.0,13.0,1413.23,461.99,27.91,168.81,4860.6,"JPY","",18.9,"",0,46.3,68.1,"","","","Health Technology","Medical Specialties","",103.18,"",2025,18627.99,618.0,418.0
"1980","DAI-DAN CO LTD","20260220",3305.0,4.0,4457.86,1686.64,18.21,827.17,19483.4,"JPY",-12.5,67.3,"",0,18.1,9.4,7.9,7.4,"","Industrial Services","Engineering & Construction","",129.38,"",2025,262732.0,3350.0,972.3333
"1982","HIBIYA ENGINEERING","20260220",6370.0,2.0,7184.31,2348.56,7.35,3256.96,5196.7,"JPY",38.3,61.0,"",0,7.7,7.0,7.5,6.9,"","Industrial Services","Engineering & Construction","",21.7,"",2025,89786.0,6970.0,2686.0
"198A","POSTPRIME INC","20260220",264.0,-13.0,87.84,28.72,3.0,97.75,29.9,"JPY","",0.0,"",0,10.0,43.4,44.4,"","","Technology Services","Packaged Software","",10.2,"",2025,897.0,839.0,140.0
"1992","Kanda Tsushinki Co. Ltd.","20260220",2815.0,9.0,5760.26,1883.04,7.19,2670.31,439.7,"JPY",38.3,45.1,"",0,9.2,10.3,7.0,12.1,"","Technology","Communication Equipment","",2.29,"",2025,7179.0,2879.0,2374.0
"1994","TAKAHASHI CURTAIN WALL CORP","20260220",576.0,3.0,704.76,230.39,1.74,1348.06,187.7,"JPY",-39.5,90.0,20.0,0,3.2,2.3,1.1,13.8,"","Industrial Services","Building Products & Equipment","",7.99,"",2024,9383.0,590.0,457.0
"1999","SAITA HOLDINGS","20260220",4335.0,7.0,7540.84,2465.11,8.75,2872.28,507.8,"JPY",-18.0,53.6,"",0,9.2,14.6,8.4,13.5,"","Industrial Services","Engineering & Construction","",2.02,"",2025,7841.0,4630.0,3010.0
"2001","NIPPN CORPORATION","20260220",2820.0,7.0,4900.26,1601.9,5.41,3016.5,13118.0,"JPY",118.9,26.2,"",0,5.5,7.1,5.9,6.1,"","Consumer Non-Durables","Packaged Foods","",80.31,"",2025,410878.0,2849.0,2090.0
"2002","日清製粉集團","20260220",2127.5,5.0,3172.47,1037.09,6.28,1683.93,30457.8,"JPY",58.0,48.3,"",0,6.1,7.8,4.9,4.5,"","Process Industries","Packaged Foods","",288.02,"",2025,851486.0,2167.0,1642.0
"2003","NITTO FUJI FLOUR MILLING CO","20260220",7160.0,7.0,11889.89,3886.83,7.31,5423.19,3606.6,"JPY",33.3,53.3,"",0,7.8,9.4,9.6,7.8,"","Consumer Non-Durables","Farm Products","",9.1,"",2025,72341.0,7770.0,5810.0
"2004","SHOWA SANGYO CO","20260220",3385.0,12.0,8337.74,2725.62,6.69,4153.17,9032.6,"JPY",79.0,37.8,"",0,6.7,10.8,3.2,4.8,"","Process Industries","Farm Products","",32.5,"",2025,334425.0,3375.0,2570.0
"2009","TORIGOE CO LTD (THE)","20260220",1085.0,0.0,1091.93,356.95,2.36,1541.61,847.7,"JPY",126.5,28.5,44.0,0,2.2,2.6,3.2,2.6,"","Process Industries","Packaged Foods","",23.29,"",2024,26168.0,1166.0,750.0
"202A","MAMEZO DIGITAL HOLDINGS CO LTD","20260220",3540.0,-3.0,2734.77,894.0,42.93,212.34,1463.1,"JPY","",13.3,"",0,64.2,38.6,46.2,"","","Technology Services","Information Technology Services","",16.05,"",2025,10551.0,5000.0,1090.0
"2053","CHUBU SHIRYO CO","20260220",1933.0,9.0,3826.58,1250.91,5.58,2283.88,3765.4,"JPY",54.2,40.8,"",0,5.1,5.4,2.9,5.4,"","Process Industries","Packaged Foods","",29.52,"",2025,209837.0,1998.0,1191.0
"2055","NICHIWA SANGYO CO","20260220",382.0,19.0,1514.25,495.01,5.01,1007.01,914.1,"JPY",10.5,58.3,"",0,5.2,2.3,-0.8,0.6,"","Process Industries","Packaged Foods","",18.11,"",2025,48577.0,375.0,258.0
"2058","HIGASHIMARU CO LTD","20260220",1009.0,-27.0,78.02,25.51,0.92,283.49,47.1,"JPY","",0.0,"",0,3.9,-2.4,-0.6,3.0,"","Consumer Non-Durables","Farm Products","",18.11,"",2025,14126.0,1250.0,956.0
"205A","LOGOS HOLDINGS INC.","20260220",1666.0,6.0,2638.81,862.63,10.99,868.88,374.2,"JPY","",0.0,"",0,6.8,28.9,-4.2,"","","Miscellaneous","Miscellaneous","",3.92,"",2025,36269.0,1980.0,919.0
"2060","FEED ONE CO LTD","20260220",1256.0,15.0,3596.38,1315.11,10.41,1427.31,5688.3,"JPY",38.4,44.1,"",0,10.7,11.8,2.5,8.6,"","Process Industries","Packaged Foods","",38.27,"",2025,296045.0,1283.0,764.0
"206A","PRISM BioLab Co. LTD","20260220",204.0,"","","",-34.69,73.63,-939.8,"JPY","",0.0,"",0,-21.5,-72.6,-29.8,"","","Health Technology","Biotechnology","",36.79,"",2025,677.0,315.0,132.0
"208A","Kozo Keikaku Engineering Holdings, Inc.","20260220",3140.0,8.0,5966.44,2207.0,20.79,954.97,2098.5,"JPY",27.2,60.0,"",0,19.8,21.0,21.2,19.8,19.3,"Industrial Services","Engineering & Construction","",10.57,"",2025,20137.0,3570.0,2258.0
"2107","Toyo Sugar Refining Co. Ltd.","20250724",2073.0,-10.0,903.42,295.33,2.92,1032.89,316.8,"JPY",38.8,49.2,"",0,2.2,15.2,4.9,5.5,"","Consumer Defensive","Confectioners","",10.52,"",2025,18414.0,1627979392.0,0.0
"2108","NIPPON BEET SUGAR MANUFACTURING CO","20260220",4315.0,-7.0,2427.03,793.4,1.35,5992.61,996.7,"JPY",131.9,47.7,"",0,0.0,1.5,2.1,2.6,"","Process Industries","Confectioners","",12.32,"",2025,64796.0,4290.0,2021.0
"2109","MITSUI DM SUGAR CO LTD","20260220",3460.0,14.0,9575.85,3130.36,8.67,3682.97,9933.4,"JPY",-23.4,77.5,"",0,9.7,7.1,13.0,1.8,"","Process Industries","Confectioners","",31.12,"",2025,178785.0,3665.0,3000.0
"2112","ENSUIKO SUGAR REFINING CO","20260220",583.0,16.0,1849.14,629.81,11.31,603.85,1879.0,"JPY",89.3,16.5,"",0,15.3,13.9,4.8,6.1,"","Process Industries","Confectioners","",27.52,"",2025,32519.0,595.0,272.0
"2114","FUJI NIHON CORPORATION","20260220",665.0,9.0,1316.96,475.08,11.32,464.46,2696.4,"JPY",47.9,39.6,"",0,11.7,11.7,8.5,8.4,"","Process Industries","Confectioners","",51.3,"",2025,28209.0,674.0,500.0
"2117","WELLNEO SUGAR CO LTD","20260220",3005.0,8.0,5739.09,1876.12,8.59,2227.07,6261.4,"JPY",85.6,52.6,"",0,8.7,8.4,2.5,3.6,"","Process Industries","Confectioners","",32.73,"",2025,97069.0,3010.0,2100.0
"211A","Cados Corporation","20260220",4575.0,19.0,16518.85,5920.02,13.47,4317.95,587.3,"JPY",34.1,39.8,"",0,16.2,13.3,13.4,12.0,17.4,"Industrial Services","Engineering & Construction","",1.01,"",2025,7587.91,5350.0,2575.0
"2120","LIFULL Co.Ltd.","20260220",207.0,30.0,1173.1,383.49,19.26,203.07,5010.7,"JPY",120.2,47.9,"",0,22.8,-6.0,1.8,0.8,11.6,"Technology Services","Internet Content & Information","",128.14,"",2025,28127.0,240.0,120.0
"2121","MIXI. INC","20260220",2615.0,14.0,7217.38,2359.37,8.89,2705.26,16013.0,"JPY",-33.2,90.0,"",0,10.2,5.6,6.6,5.9,"","Technology Services","Electronic Gaming & Multimedia","",66.56,"",2025,154847.0,3675.0,2603.0
"2122","Interspace Co., Ltd.","20260220",1278.0,-1.0,1160.83,379.48,4.31,897.45,243.0,"JPY",3.4,61.7,"",0,4.3,3.6,11.0,14.5,8.2,"Commercial Services","Advertising Agencies","",6.28,"",2025,8846.0,1483.0,868.0
"2124","JAC RECRUITMENT CO LTD","20260220",876.0,7.0,1328.0,434.13,38.84,113.99,7026.9,"JPY",-2.4,81.9,36.0,0,37.1,38.4,37.9,27.4,"","Commercial Services","Staffing & Employment Services","",158.74,"",2024,39156.0,1179.0,733.0
"2127","NIHON M&A CENTER HOLDINGS INC","20260220",695.6,6.0,1158.54,439.28,25.58,148.66,12068.9,"JPY",23.0,73.3,"",0,24.9,19.7,19.4,26.2,"","Finance","Capital Markets","",317.32,"",2025,44077.0,813.0,483.2
"212A","FIT EASY Inc.","20260220",2582.0,0.0,2613.64,854.4,23.72,367.29,1394.8,"JPY","",0.0,"",0,51.4,100.8,205.7,"","","Consumer Services","Other Consumer Services","",16.01,"",2025,9731.51,3600.0,1199.0
"2130","MEMBERS CO LTD","20260220",1160.0,4.0,1609.35,526.1,11.8,454.49,685.6,"JPY",-2.1,69.1,"",0,5.9,0.4,17.7,29.9,"","Technology Services","Advertising Agencies","",12.78,"",2025,22329.56,1478.0,876.0
"2134","Sun Capital Management Corp.","20260220",38.0,"","","",-38.72,3.71,-786.0,"JPY","",0.0,"",0,-403.3,-45.1,-71.4,-60.5,"","Financial Services","Asset Management","",546.91,"",2025,701.0,111.0,15.0
"2137","HIKARI HEIGHTS-VARUS CO.LTD.","20260220",699.0,"","","",-6.4,1600.96,-214.2,"JPY","",30.0,"",0,-8.1,1.2,1.2,1.8,"","Consumer Services","Medical Care Facilities","",2.09,"",2025,3043.0,746.0,672.0
"2138","CROOZ Inc.","20260220",601.0,"","","",-3.62,961.34,-332.7,"JPY","",23.6,"",0,-8.0,6.5,1.6,15.2,"","Technology","Software - Application","",9.57,"",2025,14191.0,722.0,444.0
"2139","CHUCO CO.LTD","20260220",520.0,4.0,730.37,238.76,8.18,297.5,165.6,"JPY",46.6,49.4,"",0,9.6,9.9,4.4,5.7,"","Distribution Services","Advertising Agencies","",6.8,"",2025,11332.0,490.0,392.0
"2146","UT GROUP CO LTD","20260220",202.0,2.0,180.95,69.79,12.69,60.93,4439.4,"JPY",-9.3,67.7,"",0,9.7,21.2,19.5,19.6,"","Commercial Services","Staffing & Employment Services","",574.22,"",2025,194748.0,221.0,103.8
"2148","ITMEDIA INC.","20260220",1820.0,0.0,1866.63,697.31,15.25,483.01,1430.8,"JPY",12.8,57.6,"",0,15.3,15.9,24.9,25.3,"","Technology Services","Advertising Agencies","",19.42,"",2025,8100.0,1765.0,1266.0
"2150","CARENET INC","20251222",1124.0,-2.0,989.47,369.78,13.84,267.77,1542.1,"JPY",-7.8,57.4,"",0,13.4,15.8,24.5,55.9,"","Technology Services","Health Information Services","",41.61,"",2024,11182.0,11550000128.0,5529999872.0
"2153","E J HOLDINGS INC","20260220",1853.0,12.0,4736.37,1548.33,8.32,1897.77,2832.4,"JPY",33.4,45.8,"",0,8.9,10.2,11.4,12.3,"","Industrial Services","Engineering & Construction","",17.94,"",2025,42705.0,1887.0,1411.0
"2154","OPEN UP GROUP INC","20260220",1849.0,9.0,3598.54,1397.84,15.62,927.25,12312.3,"JPY",-8.4,73.6,"",0,16.6,18.3,15.5,8.1,"","Commercial Services","Staffing & Employment Services","",85.02,"",2025,187954.0,1979.0,1481.0
"2156","Saylor Advertising Inc.","20260220",310.0,2.0,348.64,113.97,2.52,461.9,51.3,"JPY",68.9,22.3,"",0,2.4,-0.4,8.1,2.6,"","Communication Services","Advertising Agencies","",4.41,"",2025,2097.0,506.0,268.0
"2157","Koshidaka Holdings Co., Ltd.","20260220",1160.0,14.0,3303.3,1079.86,25.85,425.93,9075.3,"JPY",15.7,50.6,"",0,31.6,34.0,22.2,27.1,-11.7,"Consumer Services","Leisure","",82.42,"",2025,69387.0,1484.0,921.0
"2158","FRONTEO INC","20260220",900.0,-7.0,510.33,166.83,20.73,82.07,668.7,"JPY","",0.0,"",0,30.0,-3.4,-19.9,29.7,"","Technology Services","Information Technology Services","",39.31,"",2025,6099.0,1233.0,452.0
"215A","Timee, Inc.","20260220",1190.0,-1.0,1141.5,373.16,26.24,145.03,3814.9,"JPY","",0.0,"",0,58.6,45.1,"","","","Technology Services","Packaged Software","",100.26,"",2025,34289.29,2502.0,1200.0
"2160","GNI Group Ltd.","20260220",2861.0,"","","",-6.46,900.88,-3240.0,"JPY","",0.0,"",0,-12.1,3.7,-2.4,1.7,4.7,"Health Technology","Biotechnology","",55.67,"",2025,26840.0,4410.0,1469.0
"2162","nms Holdings Corp.","20260220",441.0,-2.0,389.67,127.38,4.73,274.43,249.4,"JPY",112.9,6.1,"",0,24.4,31.2,28.5,-5.8,"","Technology","Electronic Components","",19.2,"",2025,75707.0,656.0,360.0
"2163","ARTNER CO LTD","20260220",2012.0,5.0,2980.21,1184.9,25.96,442.91,1222.2,"JPY",-2.1,87.7,42.0,0,29.4,26.1,25.0,22.5,"","Commercial Services","Staffing & Employment Services","",10.63,"",2025,11125.97,2258.0,1524.0
"2168","PASONA GROUP INC","20260220",1995.0,"","","",-1.72,3582.05,-2319.7,"JPY",513.9,6.7,"",0,-2.2,-5.9,9.4,23.1,"","Commercial Services","Staffing & Employment Services","",37.67,"",2025,309240.0,2498.0,1835.0
"2169","CDS CO LTD","20260220",1830.0,11.0,4083.65,1334.95,10.43,1304.55,928.4,"JPY",3.8,70.7,74.0,0,12.9,13.0,14.8,12.5,"","Technology Services","Software - Application","",6.82,"",2024,10492.0,1880.0,1740.0
"2170","LINK AND MOTIVATION INC","20260220",516.0,11.0,1017.11,332.5,32.0,105.96,3610.8,"JPY",-11.0,73.3,16.0,0,37.6,33.8,30.9,44.5,"","Commercial Services","Consulting Services","",106.5,"",2024,37458.0,626.0,427.0
"2172","INSIGHT INC","20260220",415.0,15.0,1250.62,408.83,8.62,483.75,66.7,"JPY",-33.7,59.0,"",0,4.0,16.9,20.3,14.8,"","Commercial Services","Advertising Agencies","",1.6,"",2025,2458.0,450.0,332.0
"2173","Hakuten Corp.","20260220",1039.0,10.0,2196.48,718.03,34.14,214.45,1145.1,"JPY","",11.5,24.0,0,37.7,53.9,35.0,"","","Communication Services","Advertising Agencies","",15.64,"",2024,18845.0,1088.0,410.0
"2175","SMS CO LTD","20260220",1703.0,1.0,1987.08,749.38,13.71,576.49,6485.5,"JPY",-5.1,60.3,"",0,14.0,19.2,21.2,24.0,"","Commercial Services","Health Information Services","",82.08,"",2025,60952.0,1851.0,978.7
"2179","Seigakusha Co. Ltd.","20260220",814.0,19.0,2921.97,1056.15,14.53,695.32,560.7,"JPY",29.1,44.6,"",0,16.1,15.6,18.4,16.9,"","Consumer Defensive","Education & Training Services","",5.55,"",2025,14287.0,830.0,671.0
"2180","SUNNY SIDE UP GROUP INC","20260220",978.0,13.0,2410.69,888.75,22.33,313.6,1039.8,"JPY",-17.0,61.4,"",0,23.3,23.0,37.2,31.3,"","Commercial Services","Advertising Agencies","",14.85,"",2025,19587.0,980.0,428.0
"2181","PERSOL HOLDINGS CO LTD","20260220",240.5,10.0,522.34,188.83,19.18,85.01,36364.2,"JPY",42.8,49.5,"",0,18.7,18.5,18.3,19.7,"","Commercial Services","Staffing & Employment Services","",2230.62,"",2025,1451238.0,305.4,221.4
"2183","LINICAL CO LTD","20260220",313.0,"","","",-6.32,321.03,-458.3,"JPY","",30.6,"",0,-6.4,6.3,14.2,16.3,"","Commercial Services","Biotechnology","",22.59,"",2025,10437.0,363.0,258.0
"2185","CMC Corporation","20260220",1857.0,14.0,4106.9,1488.04,10.23,1669.45,2207.4,"JPY",45.5,40.1,"",0,9.7,11.5,11.2,12.6,10.5,"Commercial Services","Information Technology Services","",12.93,"",2025,18256.0,2140.0,1293.0
"2186","Sobal Corp.","20260220",919.0,5.0,1384.88,452.72,8.38,550.95,363.3,"JPY",-8.9,78.2,"",0,9.2,13.1,9.7,13.8,"","Technology","Software - Application","",7.87,"",2025,8682.0,981.0,795.0
"218A","LIBERAWARE CO LTD","20260220",1398.0,"","","",-23.47,49.31,-218.7,"JPY","",0.0,"",0,5.4,-77.8,-209.5,"","","Electronic Technology","Aerospace & Defense","",18.9,"",2025,1406.95,2868.0,668.0
"2193","COOKPAD Inc.","20260220",145.0,9.0,297.19,97.15,5.75,172.41,741.0,"JPY",5.1,47.4,"",0,5.4,9.6,-11.6,-15.8,-10.1,"Commercial Services","Internet Content & Information","",74.8,"",2025,5336.0,233.0,129.0
"2195","Amita Holdings Co. Ltd.","20260220",338.0,13.0,884.56,308.21,16.8,151.97,448.0,"JPY",47.2,31.3,5.0,0,21.2,16.8,36.8,83.6,"","Industrials","Waste Management","",17.55,"",2024,4931.0,500.0,263.0
"2196","ESCRIT INC","20260220",168.0,21.0,751.0,245.5,5.39,464.1,338.2,"JPY",-183.8,76.0,"",0,9.7,12.1,6.5,7.8,"","Consumer Services","Personal Services","",13.51,"",2025,26179.0,407.0,139.0
"2198","IKK Holdings Co., Ltd","20260220",818.0,11.0,1837.77,705.12,16.35,424.01,1986.4,"JPY",-19.2,70.1,"",0,20.0,17.1,13.6,18.6,-5.2,"Consumer Services","Personal Services","",28.65,"",2025,22455.22,854.0,746.0
"219A","Heartseed, Inc.","20260220",1960.0,"","","",-3.64,335.31,-275.3,"JPY","",0.0,"",0,9.0,-15.4,"","","","Health Technology","Pharmaceuticals: Major","",22.57,"",2025,3026.5,4385.0,1343.0
"2201","MORINAGA & CO","20260220",2807.5,9.0,5487.2,1793.78,11.74,1557.73,15366.0,"JPY",0.0,90.0,"",0,12.0,12.5,9.2,5.5,"","Consumer Non-Durables","Confectioners","",84.01,"",2025,228957.0,2835.5,2326.0
"2204","NAKAMURAYA CO LTD","20260220",3235.0,"","","",-1.41,4453.64,-363.0,"JPY","",0.0,60.0,0,-0.2,-0.5,"","","","Consumer Non-Durables","Packaged Foods","",5.78,"",2023,35554.31,3365.0,2989.0
"2206","EZAKI GLICO CO","20260220",5868.0,-5.0,3993.94,1305.63,3.12,4272.76,8475.2,"JPY",-1.5,66.3,95.0,0,3.7,6.4,3.5,6.8,"","Consumer Non-Durables","Packaged Foods","",63.66,"",2024,331129.0,6071.0,4348.0
"2207","MEITO SANGYO CO","20260220",2582.0,-1.0,2426.92,793.37,2.47,3274.36,1356.7,"JPY",508.0,28.0,"",0,2.1,3.4,1.8,1.0,"","Consumer Non-Durables","Confectioners","",16.77,"",2025,28071.0,2661.0,1816.0
"2208","BOURBON CORP","20260220",3270.0,8.0,5953.08,1946.07,7.8,2544.15,4796.2,"JPY",52.0,34.6,"",0,9.7,5.7,2.2,6.7,"","Consumer Non-Durables","Confectioners","",24.17,"",2025,113475.0,3075.0,2365.0
"2209","IMURAYA GROUP CO LTD","20260220",2508.0,8.0,4454.95,1540.15,10.3,1728.12,2278.5,"JPY",81.5,21.6,"",0,10.7,10.4,8.1,8.2,"","Consumer Non-Durables","Confectioners","",12.8,"",2025,51121.0,2684.0,2150.0
"220A","Faber Company Inc.","20260220",1047.0,12.0,2503.76,818.48,10.67,868.98,254.0,"JPY","",0.0,"",0,12.5,14.6,15.5,"","","Technology Services","Packaged Software","",2.74,"",2025,2560.0,1301.0,953.0
"2211","FUJIYA CO LTD","20260220",2460.0,-2.0,2060.84,673.69,3.06,2246.39,1771.0,"JPY",155.8,18.1,30.0,0,3.0,1.3,7.0,8.0,"","Consumer Non-Durables","Confectioners","",25.78,"",2024,109984.0,2685.0,2218.0
"2212","YAMAZAKI BAKING LTD","20260220",3384.0,6.0,5504.68,1799.49,8.8,2085.88,36255.7,"JPY",66.6,36.6,60.0,0,9.2,8.2,4.5,3.6,"","Consumer Non-Durables","Packaged Foods","",197.59,"",2024,1244488.0,3618.0,2662.0
"2215","FIRST BAKING CO","20260220",614.0,20.0,2565.82,838.77,7.35,1163.87,591.9,"JPY",-333.3,50.0,"",0,13.8,10.0,-7.8,-6.7,"","Consumer Non-Durables","Packaged Foods","",6.92,"",2024,27183.0,663.0,478.0
"2216","KANRO CO LTD","20260220",1331.0,8.0,2466.25,880.11,18.13,399.41,3051.3,"JPY",43.7,43.4,31.0,0,22.2,20.0,12.0,8.3,"","Consumer Non-Durables","Confectioners","",42.14,"",2024,31778.39,2470.0,950.0
"2217","MOROZOFF LIMITED","20260220",1500.0,3.0,1938.06,633.55,6.7,963.55,1306.3,"JPY",67.2,50.3,8.0,0,7.0,8.7,16.0,"","","Consumer Non-Durables","Confectioners","",20.22,"",2025,36017.0,1875.0,1484.0
"2220","KAMEDA SEIKA CO","20260220",4295.0,9.0,8261.1,2700.57,7.68,3586.01,5804.8,"JPY",-24.1,63.8,"",0,8.9,6.1,6.6,7.5,"","Consumer Non-Durables","Packaged Foods","",21.08,"",2025,103262.0,4605.0,3600.0
"2221","IWATSUKA CONFECTIONERY CO","20260220",3365.0,10.0,6952.29,2272.72,3.5,6616.46,2380.0,"JPY",-22.8,58.3,"",0,4.6,3.2,5.5,1.9,"","Consumer Non-Durables","Confectioners","",10.27,"",2025,24954.0,3550.0,2559.0
"2222","KOTOBUKI SPIRITS","20260220",1978.0,2.0,2324.47,759.87,29.85,259.55,11965.6,"JPY",4.5,67.5,"",0,34.6,41.6,34.6,10.1,"","Consumer Non-Durables","Confectioners","",154.43,"",2025,72349.0,2570.0,1718.5
"2224","COMO CO LTD","20260220",3880.0,-32.0,170.32,55.68,0.97,587.9,19.7,"JPY",-77.3,73.8,"",0,2.3,2.6,1.5,7.6,"","Consumer Non-Durables","Packaged Foods","",3.47,"",2025,7111.0,3735.0,3000.0
"2226","KOIKE-YA INC","20260220",4660.0,7.0,8086.02,2742.97,14.16,1787.63,2701.0,"JPY",140.4,16.8,"",0,17.1,17.1,8.8,7.2,"","Consumer Non-Durables","Packaged Foods","",10.67,"",2025,59383.0,5060.0,4200.0
"2229","CALBEE INC","20260220",3028.0,5.0,4543.53,1485.29,9.22,1642.22,18922.3,"JPY",101.0,30.2,"",0,11.1,12.0,8.9,10.4,"","Consumer Non-Durables","Packaged Foods","",124.94,"",2025,322564.0,3154.0,2600.0
"2264","MORINAGA MILK INDUSTRY CO","20260220",4628.0,6.0,7247.51,2369.23,7.44,3245.89,19822.0,"JPY",65.9,41.8,"",0,7.2,0.7,8.9,8.3,"","Consumer Non-Durables","Packaged Foods","",82.05,"",2025,561173.0,4509.0,2872.0
"2267","YAKULT HONSHA CO","20260220",2583.0,6.0,4206.45,1375.1,7.16,1957.82,41118.1,"JPY",61.4,42.9,"",0,7.5,10.0,11.2,10.9,"","Consumer Non-Durables","Beverages - Non-Alcoholic","",293.25,"",2025,499683.0,3141.0,2291.0
"2268","BR 31 Ice Cream Co., Ltd.","20260220",4015.0,3.0,5185.38,1795.93,12.12,1554.05,1816.3,"JPY",80.6,24.0,"",0,13.7,13.6,11.0,13.0,"","Consumer Non-Durables","Food Distribution","",9.64,"",2025,34285.0,4350.0,3795.0
"2269","明治控股","20260220",3858.0,4.0,5392.35,1762.77,6.51,2761.01,48714.5,"JPY",-7.1,77.6,"",0,6.7,5.5,7.2,8.5,"","Consumer Non-Durables","Packaged Foods","",271.02,"",2025,1154074.0,3900.0,2907.0
"2270","MEGMILK SNOW BRAND CO.LTD","20260220",3475.0,9.0,6670.66,2180.65,5.7,3899.9,13950.6,"JPY",18.0,60.1,"",0,6.7,5.4,5.1,7.6,"","Consumer Non-Durables","Packaged Foods","",62.74,"",2025,615819.0,3590.0,2395.0
"2281","PRIMA MEAT PACKERS","20260220",2829.0,5.0,4244.11,1387.41,5.96,2375.27,7110.3,"JPY",-42.8,67.7,"",0,5.7,6.4,8.3,9.3,"","Consumer Non-Durables","Food Distribution","",50.26,"",2025,458354.0,2929.0,2012.0
"2282","日本火腿","20260220",6906.0,5.0,9989.16,3265.47,6.22,5355.39,32598.0,"JPY",-0.9,69.3,"",0,5.9,6.4,3.8,12.2,"","Consumer Non-Durables","Packaged Foods","",97.9,"",2025,1370553.0,7247.0,4563.0
"2286","HAYASHIKANE SANGYO CO","20260220",859.0,18.0,3253.94,1063.72,7.7,1408.72,907.9,"JPY",-30.5,61.8,"",0,6.8,6.3,3.6,6.0,"","Consumer Non-Durables","Packaged Foods","",8.37,"",2025,49267.0,811.0,425.0
"2288","MARUDAI FOOD CO","20260220",2364.0,12.0,5685.23,1858.51,7.01,2704.29,4639.2,"JPY",-81.6,50.0,"",0,7.2,5.1,-3.2,-0.7,"","Consumer Non-Durables","Packaged Foods","",24.48,"",2025,234970.0,2415.0,1554.0
"228A","OPRO Co.,Ltd.","20260220",1546.0,9.0,3005.88,982.63,17.32,578.62,229.4,"JPY","",0.0,"",0,24.4,95.9,156.8,"","","Technology Services","Data Processing Services","",2.29,"",2025,2552.6,2897.0,960.0
"2291","FUKUTOME MEAT PACKERS","20260220",633.0,"","","",-35.16,552.69,-649.0,"JPY","",0.0,"",0,-27.0,-19.5,-10.5,-8.1,"","Consumer Non-Durables","Packaged Foods","",3.34,"",2025,24621.0,1320.0,581.0
"2292","S FOODS INC","20260220",3180.0,5.0,4770.4,1559.45,4.14,3844.96,5036.0,"JPY",138.8,16.4,"",0,2.2,7.8,10.0,13.8,"","Distribution Services","Farm Products","",31.67,"",2025,444546.0,3235.0,2222.0
"2293","TAKIZAWA HAM CO","20260220",2971.0,"","","",-11.81,1697.07,-410.8,"JPY","",12.1,"",0,-12.2,4.6,-6.0,3.1,"","Distribution Services","Packaged Foods","",2.05,"",2025,28088.0,3020.0,2505.0
"2294","KAKIYASU HONTEN","20260220",2884.0,3.0,3603.44,1177.97,7.65,1570.25,1150.7,"JPY","",33.2,"",0,5.8,8.6,13.1,"","","Retail Trade","Food Distribution","",9.58,"",2025,36104.0,3185.0,2573.0
"2296","ITOHAM YONEKYU HOLDINGS INC","20260220",6210.0,5.0,9023.02,2949.64,5.98,5032.72,17068.6,"JPY",23.0,57.1,"",0,5.1,7.1,6.9,7.9,"","Consumer Non-Durables","Packaged Foods","",56.75,"",2025,988771.0,6260.0,3735.0
"2301","GAKUJO Co., Ltd.","20260220",1853.0,8.0,3360.34,1098.5,10.1,1108.75,1503.2,"JPY",68.4,44.7,"",0,12.1,15.2,34.7,"","","Commercial Services","Staffing & Employment Services","",13.42,"",2025,11019.18,2053.0,1514.0
"2303","DAWN CORP","20260220",2565.0,7.0,4355.58,1510.92,15.31,904.61,421.0,"JPY",60.8,27.6,"",0,16.8,17.5,15.0,15.0,"","Technology Services","Software - Application","",3.04,"",2025,1646.0,2891.0,1815.0
"2304","CSS Holdings, Ltd.","20260220",965.0,18.0,3185.28,1183.6,17.26,620.28,533.3,"JPY",6.3,59.1,"",0,21.6,18.3,10.6,4.8,-8.0,"Commercial Services","Specialty Business Services","",4.98,"",2025,19499.0,1097.0,755.0
"2305","STUDIO ALICE","20260220",2000.0,7.0,3504.91,1145.76,6.67,1752.62,1985.0,"JPY",-21.6,71.8,"",0,7.2,5.3,9.6,15.7,"","Commercial Services","Personal Services","",16.99,"",2025,35598.0,2178.0,1948.0
"2307","CROSS CAT CO LTD","20260220",999.0,14.0,2771.63,1032.22,21.27,418.07,1245.1,"JPY",23.6,63.6,"",0,26.4,20.1,24.2,21.2,"","Technology Services","Software - Application","",14.0,"",2025,16194.0,1287.0,830.0
"2311","EPCO CO LTD","20260220",810.0,5.0,1203.52,393.43,7.73,518.88,359.0,"JPY",-122.9,90.0,35.0,0,7.0,6.3,2.1,0.9,"","Consumer Durables","Engineering & Construction","",8.95,"",2024,5607.0,935.0,630.0
"2315","CAICA DIGITAL Inc.","20260220",86.0,-21.0,13.63,4.46,1.72,26.46,62.0,"JPY","",0.0,"",0,3.7,7.6,-51.7,-10.8,-8.4,"Technology Services","Information Technology Services","",136.42,"",2025,5195.0,177.0,48.0
"2317","SYSTENA CORPORATION","20260220",432.0,10.0,757.32,247.57,27.8,90.82,9023.8,"JPY",-1.1,71.3,"",0,23.2,21.1,24.5,23.6,"","Technology Services","Information Technology Services","",357.46,"",2025,83621.0,555.0,312.0
"231A","Cross E Holdings Corporation Limited","20260220",1154.0,-38.0,25.55,8.52,11.3,8.14,328.8,"JPY","",7.7,"",0,14.6,16.3,"","","","Industrial Services","Engineering & Construction","",357.46,"",2025,4582.0,"",""
"2321","SOFTFRONT HOLDINGS","20260220",179.0,"","","",-6.94,23.66,-85.4,"JPY","",0.0,"",0,-63.6,-35.6,-12.2,-17.6,"","Technology Services","Software - Application","",51.98,"",2025,823.0,311.0,75.0
"2323","FONFUN CORPORATION","20260220",380.0,-21.0,58.57,19.15,6.91,28.24,41.0,"JPY",16.3,41.9,"",0,7.4,1.0,7.8,-1.0,"","Technology Services","Information Technology Services","",21.0,"",2023,638.0,473.0,106.6667
"2325","NJS CO. LTD","20260220",4575.0,5.0,6647.58,2173.11,8.07,2744.12,2109.5,"JPY",21.1,69.6,105.0,0,8.6,3.6,5.5,9.6,"","Commercial Services","Waste Management","",9.52,"",2024,22594.0,6750.0,3415.0
"2326","DIGITAL ARTS INC","20260220",5520.0,1.0,6433.65,2437.6,18.42,1286.22,3199.3,"JPY",0.8,66.8,"",0,19.9,17.3,25.2,28.8,"","Technology Services","Software - Infrastructure","",13.5,"",2025,9982.0,8280.0,4880.0
"2327","NS SOLUTIONS CORPORATION","20260220",3660.0,3.0,3627.63,1393.55,10.85,1427.33,28325.7,"JPY",-27.6,64.7,"",0,12.5,12.3,11.9,11.5,"","Technology Services","Information Technology Services","",182.98,"",2025,338301.0,4655.0,3259.0
"2329","TOHOKUSHINSHA FILM CORPORATION","20260220",650.0,-23.0,81.24,26.56,0.44,616.36,372.9,"JPY",-253.2,66.2,"",0,-1.0,2.7,3.9,3.7,"","Consumer Services","Entertainment","",137.69,"",2025,45686.0,727.0,491.0
"2330","FORSIDE CO LTD","20260220",122.0,0.0,119.97,39.22,6.98,57.29,174.4,"JPY",16.4,41.8,"",0,-0.2,0.2,-7.0,15.2,"","Consumer Services","Leisure","",43.6,"",2024,5340.0,315.0,107.0
"2331","SOHGO SECURITY SERVICES CO.LTD.","20260220",1183.0,5.0,1773.01,579.6,8.49,696.39,28721.7,"JPY",-11.0,69.0,"",0,7.8,8.6,7.9,10.2,"","Commercial Services","Security & Protection Services","",485.98,"",2025,551881.0,1265.0,987.2
"2332","QUEST CO LTD","20260220",1757.0,11.0,3258.03,1209.49,10.28,1350.47,745.9,"JPY",35.9,49.9,"",0,11.3,11.2,13.3,"",14.1,"Technology Services","Information Technology Services","",5.37,"",2025,14936.0,2105.0,1101.0
"2334","EOLE INC","20260220",432.0,-23.0,57.49,20.76,17.44,9.95,54.2,"JPY",4.4,47.8,"",0,-3.0,6.0,11.6,-8.6,"","Commercial Services","Software - Application","",31.21,"",2025,3549.23,990.0,50.0
"2335","CUBE SYSTEM INC","20260220",1093.0,7.0,1815.12,593.37,8.45,716.34,918.5,"JPY",2.4,67.6,"",0,8.7,10.7,13.6,14.6,"","Technology Services","Information Technology Services","",15.18,"",2025,18351.0,1245.0,900.0
"2337","ICHIGO INC","20260220",427.0,1.0,473.19,154.69,5.83,270.5,6514.0,"JPY",-10.5,90.0,"",0,5.5,4.6,5.1,4.3,"","Finance","Real Estate Services","",412.98,"",2025,83576.0,462.0,331.0
"2338","QUANTUM SOLUTIONS CO LTD","20260220",122.0,"","","",-211.83,5.19,-504.2,"JPY","",0.0,"",0,-2906.2,-197.0,-15.8,-46.4,"","Technology Services","Information Technology Services","",45.82,"",2025,698.0,850.0,155.0
"2340","GOKURAKUYU HOLDINGSCO LTD","20260220",491.0,7.0,844.93,276.21,23.2,121.39,886.1,"JPY",-15.1,50.0,"",0,29.6,605.3,"",40.1,"","Consumer Services","Leisure","",31.46,"",2025,15164.0,520.0,416.0
"2341","ARBEIT-TIMES CO LTD","20260220",188.0,-5.0,125.07,40.89,2.75,151.39,76.3,"JPY",29.3,90.0,"",0,2.2,0.4,1.6,0.9,"","Commercial Services","Publishing","",18.29,"",2025,4160.0,218.0,135.0
"2342","TRANSGENIC GROUP INC","20260220",291.0,"","","",-8.87,286.01,-422.4,"JPY","",20.7,"",0,-12.4,1.2,1.9,18.9,"","Health Technology","Biotechnology","",16.65,"",2025,13005.0,487.0,130.0
"2344","HEIAN CEREMONY SERVICE CO","20260220",1477.0,10.0,3238.58,1058.7,5.93,1820.81,1281.4,"JPY",32.6,50.1,"",0,6.7,5.5,5.5,4.9,"","Consumer Services","Personal Services","",11.87,"",2025,10597.0,1122.0,761.0
"2345","Kushim,Inc.","20260220",211.0,"","","",-106.09,24.08,-453.0,"JPY","",0.0,"",0,-31.6,-41.6,-25.3,6.7,-8.1,"Technology Services","Software - Application","",17.73,"",2025,26.0,377.0,159.0
"2349","Nippon Information Development Co. Ltd.","20260220",2467.0,10.0,5283.99,1950.03,10.9,1969.62,2346.1,"JPY",18.1,48.5,"",0,12.6,11.6,10.9,11.0,"","Technology","Information Technology Services","",10.93,"",2025,24968.0,2494.0,2191.0
"2351","ASJ INC","20260220",353.0,11.0,833.98,272.63,7.63,364.56,220.5,"JPY",62.0,31.8,"",0,9.3,4.4,2.5,0.6,"","Technology Services","Software - Infrastructure","",7.93,"",2025,2741.0,441.0,271.0
"2353","NIPPON PARKING DEVELOPMENT CO.LTD","20260220",281.0,6.0,457.26,149.48,24.92,61.16,4842.9,"JPY",58.8,39.6,"",0,30.7,41.7,44.4,36.9,27.3,"Commercial Services","Infrastructure Operations","",317.73,"",2025,36832.0,304.0,204.0
"2354","YE DIGITAL CORPORATION","20260220",796.0,11.0,1718.05,652.68,15.55,405.1,1124.4,"JPY",13.2,65.9,"",0,17.0,22.3,8.6,9.7,"","Technology Services","Information Technology Services","",17.85,"",2025,19944.0,876.0,481.0
"2359","CORE CORPORATION","20260220",2207.0,9.0,4377.75,1639.88,13.17,1289.49,2440.5,"JPY",14.3,57.3,"",0,13.1,15.0,14.5,13.9,"","Technology Services","Information Technology Services","",14.37,"",2025,24599.0,2348.0,1473.0
"2371","KAKAKU.COM. INC","20260220",1673.5,9.0,3393.24,1276.31,32.01,312.43,19787.3,"JPY",-12.9,75.3,"",0,41.1,38.1,34.8,26.5,"","Consumer Services","Internet Content & Information","",197.84,"",2025,78435.0,2977.5,1760.0
"2372","Irom Group Co. Ltd.","20250526",2790.0,-31.0,141.76,46.34,7.32,64.57,934.6,"JPY",190.4,21.1,"",0,9.0,25.4,20.9,11.4,"","Healthcare","Medical Care Facilities","",197.78,"",2024,17740.0,4625951744.0,0.0
"2373","Care Twentyone Corporation","20260220",449.0,3.0,575.13,188.01,5.86,327.31,259.0,"JPY",-2012.5,64.9,"",0,5.5,-5.3,1.5,11.3,22.4,"Health Services","Medical Care Facilities","",13.51,"",2025,48158.0,613.0,366.0
"2374","SAINT-CARE HOLDING CORPORATION","20260220",1210.0,6.0,1921.23,628.05,9.36,683.9,1579.3,"JPY",10.9,60.2,"",0,9.5,13.5,12.9,15.5,"","Health Services","Medical Care Facilities","",24.66,"",2025,56298.0,1219.0,687.0
"2375","GiG Works, Inc.","20260220",224.0,"","","",-3.83,140.93,-107.0,"JPY","",0.0,"",0,-4.2,-22.3,-1.5,6.1,14.2,"Commercial Services","Information Technology Services","",19.84,"",2025,22261.0,320.0,174.0
"2376","SCINEX CORPORATION","20260220",732.0,7.0,1215.24,397.26,2.83,1433.87,227.3,"JPY",48.1,37.3,"",0,3.2,4.3,4.8,4.3,"","Commercial Services","Publishing","",5.61,"",2025,16491.0,867.0,700.0
"2378","RENAISSANCE INC","20260220",1109.0,2.0,1296.69,423.89,6.74,640.83,817.4,"JPY",707.4,8.5,"",0,8.6,4.4,-5.1,6.7,"","Consumer Services","Entertainment","",18.91,"",2025,63737.0,1295.0,946.0
"2379","DIP CORPORATION","20260220",2015.0,11.0,4743.22,1550.57,22.85,692.03,8275.3,"JPY",-7.5,90.0,"",0,23.1,25.3,25.4,12.2,"","Commercial Services","Internet Content & Information","",52.34,"",2025,56386.0,2509.0,1943.0
"2384","SBS HOLDINGS INC","20260220",4155.0,8.0,7809.37,2814.68,12.95,2221.02,11423.3,"JPY",38.5,41.4,85.0,0,13.4,16.1,18.8,22.0,"","Commercial Services","Integrated Freight & Logistics","",39.72,"",2024,448145.0,4075.0,2518.0
"2385","SOIKEN HOLDINGS INC","20260220",259.0,-6.0,160.21,52.37,2.32,230.2,139.7,"JPY",7500.0,8.1,"",0,-1.9,-8.8,6.8,13.4,"","Commercial Services","Biotechnology","",26.16,"",2025,4848.0,325.0,116.0
"2388","Wedge Holdings CO., LTD.","20260220",61.0,"","","",-11.01,69.95,-327.0,"JPY","",0.0,"",0,-10.7,-27.8,-17.7,2.8,10.1,"Finance","Conglomerates","",42.46,"",2025,816.0,115.0,57.0
"2389","Digital Holdings, Inc.","20260220",2006.0,12.0,5069.42,1657.2,10.02,1685.97,2950.4,"JPY",-18.0,76.6,"",0,5.8,5.0,0.8,-9.3,30.8,"Commercial Services","Advertising Agencies","",17.46,"",2025,13102.0,2379.0,1144.0
"2391","PLANET INC","20260220",1286.0,5.0,1919.23,627.4,7.53,849.92,424.2,"JPY",0.4,80.9,22.0,0,7.3,8.6,8.6,10.3,11.4,"Technology Services","Information Technology Services","",6.63,"",2025,3162.0,1345.0,1200.0
"2393","NIPPON CARE SUPPLY CO","20260220",2429.0,5.0,3615.44,1181.9,10.7,1126.64,1872.8,"JPY",102.5,50.6,"",0,10.8,9.8,9.8,11.4,"","Finance","Rental & Leasing Services","",15.54,"",2025,32006.0,2665.0,1811.0
"2395","SHIN NIPPON BIOMEDICAL LABORATORIES","20260220",1708.0,10.0,3561.3,1216.07,12.96,961.37,5188.3,"JPY",212.1,18.7,"",0,15.7,21.3,38.3,38.3,"","Commercial Services","Diagnostics & Research","",41.63,"",2025,32413.0,2005.0,1142.0
"2397","DNA CHIP RESEARCH INC","20250704",1092.0,-42.0,14.56,4.76,3.0,16.19,20.2,"JPY","",0.0,"",0,5.2,-34.9,-47.0,-15.1,"","Health Services","Diagnostics & Research","",41.63,"",2025,1091.0,2478035712.0,0.0
"2404","TETSUJIN Holdings.Inc.","20260220",513.0,5.0,773.31,252.8,51.83,49.73,340.0,"JPY",-14.0,50.0,"",0,165.0,3.2,-20.9,-145.7,-44.2,"Consumer Services","Lodging","",13.19,"",2025,8043.0,645.0,421.0
"2408","KG Intelligence Co., Ltd.","20260220",730.0,8.0,1364.75,446.14,5.53,822.4,333.0,"JPY",10.5,78.0,"",0,5.6,3.7,6.5,3.6,0.1,"Consumer Services","Publishing","",7.32,"",2025,2736.0,776.0,550.0
"2410","Career Design Center Co., Ltd.","20260220",2440.0,14.0,6384.56,2406.78,23.08,879.93,1068.2,"JPY",-8.0,69.9,"",0,28.0,25.7,"","","","Technology Services","Staffing & Employment Services","",5.26,"",2025,18646.26,2559.0,1518.0
"2411","GENDAI AGENCY INC","20260220",483.0,11.0,1085.86,354.97,9.48,382.0,398.2,"JPY",7.1,90.0,"",0,8.8,2.6,8.4,5.3,"","Commercial Services","Advertising Agencies","",11.0,"",2025,7679.0,514.0,320.0
"2413","M3 INC","20260220",1598.0,1.0,1799.29,659.33,12.45,558.54,47128.3,"JPY",34.8,47.5,"",0,12.0,15.8,19.0,16.8,"","Technology Services","Health Information Services","",677.54,"",2025,284900.0,2746.0,1441.0
"2415","HUMAN HLDGS CO.LTD","20260220",1756.0,20.0,6800.35,2512.75,14.28,1743.26,2583.3,"JPY",13.2,53.2,"",0,15.8,15.5,11.7,13.6,"","Commercial Services","Education & Training Services","",10.38,"",2025,100328.0,2111.0,1240.0
"2418","TSUKADA GLOBAL HOLDINGS INC","20260220",671.0,24.0,3638.74,1200.88,15.02,680.7,4842.0,"JPY",271.3,4.6,12.0,0,19.0,19.6,12.7,-16.7,"","Consumer Services","Personal Services","",47.35,"",2024,63545.0,755.0,473.0
"241A","ROXX, Inc.","20260220",496.0,"","","",-13.72,268.94,-268.3,"JPY","",0.0,"",0,-94.8,-164.6,"","","","Technology Services","Packaged Software","",7.27,"",2025,4513.18,1369.0,416.0
"2424","BRASS CORPORATION","20260220",620.0,27.0,4193.38,1383.72,15.02,781.02,624.3,"JPY","",4.5,"",0,16.7,7.8,"","","","Consumer Services","Personal Services","",5.32,"",2025,13562.0,723.0,525.0
"2425","CARE SERVICE CO LTD","20260220",793.0,17.0,2489.06,929.97,12.55,771.24,366.9,"JPY",6.7,55.7,"",0,15.2,17.1,14.6,10.3,"","Health Services","Medical Care Facilities","",3.79,"",2025,9862.0,894.0,720.0
"2428","WELLNET CORP","20260220",668.0,10.0,1359.68,509.58,11.67,476.38,1033.7,"JPY",40.4,55.6,"",0,13.7,10.7,8.2,7.2,"","Commercial Services","Software - Infrastructure","",18.6,"",2025,10918.64,797.0,588.0
"2429","WORLD HOLDINGS CO LTD","20260220",2808.0,16.0,9002.3,3175.34,12.98,2495.59,5797.5,"JPY",63.7,32.4,106.2,0,11.4,17.9,18.6,17.0,"","Commercial Services","Staffing & Employment Services","",17.9,"",2024,242226.0,2862.0,1730.0
"242A","REPRIORITY CORPORATION","20260220",1335.0,-15.0,376.47,123.07,17.71,70.88,224.5,"JPY","",5.3,"",0,21.0,38.2,34.6,"","","Commercial Services","Miscellaneous Commercial Services","",17.89,"",2025,2631.0,"",""
"2432","DENA CO LTD","20260220",2664.5,16.0,7673.93,2959.74,13.77,2168.21,33290.3,"JPY",-153.1,70.0,"",0,14.1,0.2,2.4,14.6,"","Technology Services","Electronic Gaming & Multimedia","",111.49,"",2025,163997.0,4007.0,2200.5
"2433","HAKUHODO DY HLDGS INC","20260220",1125.0,7.0,1976.08,645.98,6.19,1063.45,24180.0,"JPY",23.0,57.1,"",0,5.7,3.1,9.0,11.0,"","Commercial Services","Advertising Agencies","",367.09,"",2025,953316.0,1260.0,979.2
"2435","CEDAR. CO LTD","20260220",217.0,23.0,1096.93,358.59,27.63,132.35,410.3,"JPY",-83.3,50.0,"",0,47.1,50.4,3.5,-2.1,"","Health Services","Medical Care Facilities","",11.22,"",2025,17829.0,372.0,175.0
"2436","KYODO PUBLIC RELATIONS CO LTD","20260220",1025.0,9.0,1989.44,733.89,16.47,406.87,585.0,"JPY",7.0,55.3,14.0,0,18.6,18.8,25.2,13.0,"","Commercial Services","Advertising Agencies","",8.73,"",2024,7323.0,1103.0,627.0
"2437","SHINWA WISE HLDGS CO LTD","20260220",585.0,"","","",-6.95,212.89,-163.0,"JPY","",0.0,"",0,-0.4,-10.0,10.6,18.8,"","Retail Trade","Personal Services","",11.02,"",2025,2067.0,575.0,236.0
"2438","ASUKANET CO LIMITED","20260220",374.0,2.0,433.9,141.84,4.19,345.19,225.6,"JPY",-16.4,67.7,"",0,2.8,5.2,8.0,5.7,"","Consumer Services","Personal Services","",15.6,"",2025,7263.0,494.0,330.0
"2440","GURUNAVI INC","20260220",150.0,-23.0,18.82,6.15,0.72,87.69,35.4,"JPY","",0.0,"",0,4.0,-4.1,-19.2,-50.9,"","Technology Services","Internet Content & Information","",56.38,"",2025,13458.0,323.0,157.0
"2445","TAKAMIYA CO LTD","20260220",436.0,8.0,777.99,254.33,5.3,488.94,1188.3,"JPY",203.8,27.6,"",0,5.2,10.4,8.0,5.9,"","Finance","Rental & Leasing Services","",45.82,"",2025,43827.0,482.0,315.0
"2449","PRAP Japan, Inc.","20260220",1091.0,14.0,3172.97,1037.25,8.76,1207.66,469.6,"JPY",-2.7,74.6,"",0,9.2,7.2,9.3,6.7,3.5,"Commercial Services","Consulting Services","",4.44,"",2025,7388.0,1224.0,868.0
"244A","Growth X Partners Incorporated","20260220",1424.0,18.0,5091.22,1830.76,15.95,1010.18,538.1,"JPY",11.3,44.4,"",0,31.4,28.7,23.7,17.8,13.5,"Technology Services","Information Technology Services","",3.34,"",2025,5086.0,2672.0,1183.0
"2454","ALL ABOUT INC","20260220",395.0,-35.0,12.38,4.05,0.14,288.34,5.8,"JPY","",0.0,"",0,-1.0,-5.2,-1.7,9.0,"","Technology Services","Internet Content & Information","",14.06,"",2025,15954.0,420.0,262.0
"2459","AUN CONSULTINGS INC","20260220",229.0,"","","",-27.09,44.4,-90.2,"JPY","",0.0,"",0,-20.8,-14.5,-12.3,-1.0,"","Commercial Services","Internet Content & Information","",7.5,"",2025,270.0,564.0,171.0
"245A","INGS inc.","20260220",3000.0,2.0,3612.51,1180.93,15.48,777.78,303.5,"JPY",143.8,0.0,"",0,38.6,55.5,49.8,91.4,-53.2,"Consumer Services","Restaurants","",2.52,"",2025,7732.0,3720.0,1839.0
"2461","FAN Communications. Inc.","20260220",470.0,3.0,613.22,200.46,7.71,265.26,1354.6,"JPY",23.7,82.1,"",0,7.4,7.8,8.0,8.5,8.1,"Commercial Services","Advertising Agencies","",66.27,"",2025,7096.0,549.0,379.0
"2462","LIKE CO LTD","20260220",1573.0,9.0,3118.03,1164.04,13.27,927.46,2362.4,"JPY",27.6,55.8,"",0,12.9,16.8,18.6,27.5,"","Commercial Services","Conglomerates","",19.19,"",2025,62336.0,1590.0,1270.0
"2464","AOBA-BBT INC","20260220",342.0,9.0,694.79,227.13,6.43,360.35,293.2,"JPY",-242.6,78.1,"",0,6.3,5.2,-1.3,6.1,"","Commercial Services","Education & Training Services","",12.66,"",2025,7700.0,363.0,302.0
"2467","VLC HOLDINGS CO. LTD.","20260220",191.0,"","","",-79.05,42.34,-423.7,"JPY","",0.0,"",0,-160.6,-47.4,18.7,31.0,"","Commercial Services","Information Technology Services","",12.66,"",2025,1605.0,"",""
"2468","FueTrek Co. Ltd.","20241011",196.0,"","","",-12.9,123.46,-201.7,"JPY","",0.0,"",0,-12.0,-9.2,5.1,-6.0,"","Technology","Information Technology Services","",12.66,"",2024,1323.0,"",""
"2469","Hibino Corp.","20260220",3700.0,10.0,7881.96,2576.63,22.8,1152.22,2606.3,"JPY",48.9,38.2,"",0,22.4,20.3,9.0,15.5,"","Technology","Consumer Electronics","",9.92,"",2025,59473.0,3615.0,1803.0
"246A","ASUA INC","20260220",900.0,3.0,1182.83,424.04,11.38,401.6,120.2,"JPY",37.8,37.4,"",0,20.4,24.9,20.6,19.4,5.0,"Commercial Services","Miscellaneous Commercial Services","",2.63,"",2025,1392.63,849.0,502.0
"2471","S-Pool, Inc.","20260220",255.0,11.0,595.57,207.06,15.02,130.77,1534.0,"JPY",321.6,28.2,"",0,14.7,25.0,23.4,33.2,42.9,"Commercial Services","Staffing & Employment Services","",78.1,"",2025,26029.0,368.0,244.0
"2475","WDB HOLDINGS CO LTD","20260220",1569.0,15.0,3850.82,1413.84,10.14,1623.88,3233.0,"JPY",37.8,45.1,"",0,10.3,13.0,14.4,19.0,"","Commercial Services","Staffing & Employment Services","",19.64,"",2025,51136.0,2199.0,1545.0
"2479","JTEC Corp.","20260220",250.0,11.0,540.33,205.38,12.32,177.03,174.7,"JPY",-6.6,62.2,"",0,19.0,15.2,14.5,4.3,"","Technology","Electronic Components","",8.01,"",2025,3393.0,269.0,199.0
"247A","AI ROBOTICS INC","20260220",1287.0,-10.0,558.92,182.71,32.87,56.69,1087.8,"JPY","",0.0,"",0,150.8,297.2,"","","","Technology Services","Packaged Software","",58.39,"",2025,14206.03,2146.0,632.0
"2480","System Location Co. Ltd.","20260220",1724.0,9.0,2756.93,1014.9,10.89,1048.16,402.8,"JPY",37.4,47.3,"",0,11.9,13.2,12.7,13.6,"","Industrials","Specialty Business Services","",3.53,"",2025,1666.0,1974.0,1223.0
"2481","Townnews-Sha Co. Ltd.","20260220",694.0,15.0,2050.82,670.42,7.39,925.18,377.4,"JPY",68.4,28.1,"",0,7.3,9.8,10.9,7.5,"","Communication Services","Publishing","",5.52,"",2025,3677.0,829.0,643.0
"2483","Honyaku Center Inc.","20260220",1879.0,13.0,4964.33,1622.85,8.2,2017.91,554.4,"JPY",21.3,50.9,"",0,8.7,11.4,13.5,12.7,"","Industrials","Specialty Business Services","",3.35,"",2025,11210.0,2133.0,1695.0
"2484","Demae-Can Co. Ltd.","20260220",128.0,"","","",-19.68,256.61,-5633.8,"JPY","",0.0,"",0,-13.6,-13.8,-22.4,-534.3,-67.7,"Consumer Cyclical","Internet Retail","",111.55,"",2025,39721.0,251.0,129.0
"2485","TEAR Corp.","20260220",544.0,12.0,1054.94,391.65,11.44,382.36,984.3,"JPY",129.2,51.2,"",0,13.0,8.6,10.5,8.0,6.7,"Consumer Services","Other Consumer Services","",22.5,"",2025,21563.0,623.0,408.0
"2488","JTP CO LTD","20260220",1239.0,4.0,1663.73,543.88,10.72,517.25,315.0,"JPY",-7.5,69.9,43.0,0,11.4,12.3,13.1,17.6,"","Technology Services","Information Technology Services","",5.68,"",2023,7381.0,1679.0,968.0
"2489","ADWAYS INC","20260220",282.0,"","","",-0.74,348.31,-101.4,"JPY","",16.1,6.42,0,-0.7,4.3,-0.9,"","","Commercial Services","Internet Content & Information","",39.08,"",2024,12684.0,370.0,214.0
"2491","ValueCommerce Co., Ltd.","20260220",439.0,21.0,1986.25,649.31,11.78,561.81,1435.4,"JPY",-2.3,75.1,"",0,6.4,12.7,17.2,35.0,39.2,"Commercial Services","Advertising Agencies","",21.68,"",2025,24169.0,910.0,453.0
"2492","INFOMART CORPORATION","20260220",369.0,-10.0,125.71,49.08,11.19,48.19,1221.4,"JPY",-3.5,71.8,4.46,0,8.6,4.6,3.1,6.6,"","Technology Services","Software - Application","",226.49,"",2024,15630.0,466.0,292.0
"2493","E-Supportlink Ltd.","20260220",1007.0,3.0,1316.74,430.45,5.23,838.69,194.0,"JPY",34.5,39.2,"",0,5.5,5.1,1.4,7.6,-9.0,"Technology","Information Technology Services","",4.42,"",2025,6470.0,1147.0,897.0
"2497","UNITED INC","20260220",534.0,5.0,796.15,260.26,4.69,565.52,993.6,"JPY",-22.7,64.4,"",0,6.3,11.7,12.6,10.5,"","Technology Services","Software - Application","",37.44,"",2025,12035.0,808.0,471.0
"2498","Oriental Consultants Holdings Co. Ltd.","20260220",3150.0,14.0,8555.78,3108.38,13.34,2363.29,3795.7,"JPY",29.0,45.1,"",0,16.8,12.6,16.6,21.8,21.7,"Industrials","Specialty Business Services","",12.04,"",2025,95365.0,3600.0,2050.0
"2499","NIHONWASOU HOLDINGS INC","20260220",361.0,11.0,840.3,274.69,7.0,400.33,254.1,"JPY",-8.8,74.7,16.0,0,8.7,6.6,7.2,9.5,"","Retail Trade","Specialty Business Services","",9.07,"",2024,4704.0,421.0,290.0
"2501","札幌啤酒","20260220",1734.5,-5.0,1204.62,393.79,7.99,502.85,15653.7,"JPY",-473.6,81.9,18.0,0,10.0,6.2,3.2,0.5,"","Consumer Non-Durables","Beverages: Alcoholic","",389.84,"",2024,530783.0,1779.0,1363.8
"2502","朝日啤酒","20260220",1708.5,10.0,3552.82,1161.42,6.67,1775.67,177993.9,"JPY",28.5,53.6,52.0,0,7.5,8.3,9.2,9.1,"","Consumer Non-Durables","Beverages - Brewers","",1502.98,"",2024,2939422.0,2047.0,1575.0
"2503","麒麟控股","20260220",2638.5,10.0,4339.27,1690.05,12.55,1458.42,148229.4,"JPY",-23.0,71.9,74.0,0,13.5,13.4,12.6,16.5,"","Consumer Non-Durables","Beverages - Brewers","",810.14,"",2024,2338385.0,2555.0,1961.0
"250A","SHIMADAYA CORPORATION","20260220",1923.0,15.0,5993.44,1959.26,14.37,1187.25,2594.3,"JPY",102.4,0.0,"",0,15.7,12.8,9.6,5.4,"","Consumer Non-Durables","Food: Specialty/Candy","",15.21,"",2025,39625.0,1970.0,1501.0
"2531","寶酒造","20260220",1547.5,2.0,1877.15,613.64,4.92,1271.53,12067.6,"JPY",127.3,28.6,"",0,5.5,6.5,11.2,14.7,"","Consumer Non-Durables","Beverages - Brewers","",192.86,"",2025,362693.0,1858.0,1097.5
"2533","OENON HOLDINGS INC","20260220",464.0,16.0,1452.92,524.22,12.89,419.02,3046.0,"JPY",29.9,41.7,11.0,0,12.9,19.7,-5.6,5.5,"","Consumer Non-Durables","Beverages - Wineries & Distilleries","",56.41,"",2024,84104.0,655.0,389.0
"253A","ETS Group Co., Ltd.","20260220",1376.0,4.0,1839.1,648.31,12.35,540.82,425.3,"JPY",52.3,31.6,"",0,15.6,12.1,9.1,5.3,7.4,"Industrial Services","Engineering & Construction","",6.37,"",2025,11261.0,1397.0,596.0
"2540","YOMEISHU SEIZO CO","20260220",4480.0,-18.0,945.84,309.2,0.95,3323.3,437.0,"JPY",207.6,52.5,"",0,0.7,1.2,2.4,2.3,"","Health Technology","Beverages - Wineries & Distilleries","",13.86,"",2025,10017.0,5500.0,2550.0
"254A","AI FUSION CAPITAL GROUP CORP","20260220",894.0,"","","",-5.74,526.15,-262.1,"JPY",78.0,11.0,"",0,-17.2,30.4,5.1,0.8,"","Finance","Investment Managers","",8.68,"",2024,509.0,1815.0,814.0
"2551","MARUSAN-AI Co., Ltd.","20260220",3570.0,-6.0,2236.35,731.07,9.22,808.29,647.1,"JPY",-21.3,57.0,"",0,9.8,14.3,-1.0,2.6,3.2,"Consumer Non-Durables","Packaged Foods","",8.68,"",2025,32872.0,"",""
"255A","GLTECHNO HOLDINGS INC","20260220",3850.0,5.0,5583.4,1825.22,5.48,3397.55,2432.5,"JPY","",0.0,"",0,"","","","","","Producer Manufacturing","Industrial Machinery","",13.07,"",2025,43261.0,3780.0,2469.0
"256A","TOBISHIMA HOLDINGS INC","20260220",2511.0,12.0,6163.39,2014.82,7.81,2629.82,3934.3,"JPY",20.2,58.8,"",0,7.6,7.0,6.9,8.5,"","Industrial Services","Engineering & Construction","",19.15,"",2025,138259.0,2684.0,1453.0
"2573","Hokkaido Coca-Cola Bottling Co., Ltd.","20260220",3970.0,-1.0,3730.27,1219.43,3.9,3186.48,1692.3,"JPY",60.4,38.3,"",0,4.2,3.6,2.8,1.4,1.8,"Consumer Non-Durables","Beverages - Non-Alcoholic","",13.61,"",2025,59086.0,4270.0,2753.0
"2579","COCA-COLA BOTTLERS JAPAN HLDGS INC","20260220",4073.0,"","","",-2.92,2755.66,-13605.7,"JPY","",90.0,60.0,0,1.6,0.4,-1.6,0.4,"","Consumer Non-Durables","Beverages - Non-Alcoholic","",169.18,"",2024,892681.0,3631.0,2206.0
"2585","LIFEDRINK CO INC","20260220",1301.0,4.0,1782.9,582.83,21.83,272.19,3107.0,"JPY","",13.4,"",0,30.0,39.6,"","","","Consumer Non-Durables","Beverages - Non-Alcoholic","",52.28,"",2025,44537.0,3015.0,1398.0
"2586","FRUTA FRUTA INC","20260220",121.0,-2.0,82.44,30.67,9.48,37.1,280.3,"JPY",-517.1,50.0,"",0,27.8,-34.2,-23.5,-26.9,"","Consumer Non-Durables","Food Distribution","",79.64,"",2025,2549.0,454.0,118.0
"2587","SUNTORY BEVERAGE & FOOD LIMITED","20260220",4866.0,8.0,9281.17,3034.03,7.9,3914.52,95596.1,"JPY",27.4,52.0,120.0,0,9.5,9.0,8.9,9.9,"","Consumer Non-Durables","Beverages - Non-Alcoholic","",309.0,"",2024,1696765.0,5399.0,4442.0
"2588","PREMIUM WATER HLDGS INC","20260220",3870.0,7.0,6527.17,2133.74,25.79,843.67,6461.9,"JPY",141.9,14.5,"",0,27.4,25.2,42.5,33.7,"","Consumer Non-Durables","Utilities - Regulated Water","",29.7,"",2025,76895.0,3590.0,2402.0
"2590","DYDO GROUP HOLDINGS INC","20260220",2535.0,"","","",-1.58,2900.44,-1449.2,"JPY","",11.6,15.0,0,-1.0,2.8,-1.0,4.9,"","Consumer Non-Durables","Beverages - Non-Alcoholic","",31.69,"",2025,237189.0,3055.0,2400.0
"2593","ITO EN LTD","20260220",2992.0,4.0,3929.3,1284.5,8.65,1513.8,15085.9,"JPY",29.7,54.4,"",0,8.2,10.4,8.4,8.3,"","Consumer Non-Durables","Beverages - Non-Alcoholic","",115.18,"",2025,472716.0,3698.0,2771.5
"25935","Ito En Ltd. Pfd.","20260220",1819.0,10.0,3929.3,1284.5,8.65,1513.8,15085.9,"JPY",29.7,54.4,"",0,8.2,10.4,8.4,8.3,"","Consumer Non-Durables","Food: Major Diversified","",115.18,"",2025,472716.0,1885.0,1753.0
"2594","KEY COFFEE INC","20260220",1988.0,-14.0,625.14,204.36,1.46,1430.63,446.4,"JPY",462.4,26.4,"",0,1.0,1.8,0.7,2.5,"","Consumer Non-Durables","Packaged Foods","",21.42,"",2025,77783.0,2159.0,1904.0
"2597","UNICAFE INC","20260220",1050.0,0.0,1067.49,348.96,7.3,487.29,476.1,"JPY",-27.2,65.4,10.0,0,7.6,6.0,-2.8,4.2,"","Consumer Non-Durables","Packaged Foods","",13.38,"",2024,12935.0,1187.0,890.0
"2599","Japan Foods Co. Ltd.","20241010",2441.0,-4.0,1852.6,684.55,11.63,630.79,982.0,"JPY",-188.1,50.0,"",0,12.7,3.5,-5.5,-6.3,"","Consumer Defensive","Beverages - Non-Alcoholic","",13.38,"",2024,12058.0,"",""
"259A","K.uno CO LTD.","20260220",1381.0,-4.0,1000.0,326.9,2.76,1219.23,35.0,"JPY",-37.2,50.0,"",0,3.4,19.2,14.1,-1.4,48.0,"Consumer Durables","Other Consumer Specialties","",1.05,"",2025,7004.0,"",""
"2602","NISSHIN OILLIO GROUP LTD","20260220",5910.0,4.0,7886.24,2578.02,4.43,5927.94,8299.0,"JPY",92.7,28.3,"",0,6.2,8.7,7.8,6.4,"","Consumer Non-Durables","Packaged Foods","",31.57,"",2025,530878.0,5970.0,4305.0
"2607","FUJI OIL CO LTD","20260220",3919.0,-8.0,1973.15,645.03,2.69,2448.21,5655.1,"JPY",113.2,42.4,"",0,0.7,2.6,3.2,5.9,"","Process Industries","Packaged Foods","",85.98,"",2025,671211.0,4312.0,2700.0
"2612","KADOYA SESAME MILLS INC","20260220",4865.0,7.0,8208.96,2683.52,7.15,3828.99,2520.2,"JPY",-23.5,69.9,"",0,6.9,6.8,7.4,9.4,"","Process Industries","Packaged Foods","",9.21,"",2025,39450.0,4525.0,3500.0
"2613","J-OIL MILLS INC","20260220",2039.0,11.0,4642.75,1517.72,4.84,3195.8,5124.1,"JPY",-2.1,64.9,"",0,6.6,7.1,0.7,-0.1,"","Process Industries","Packaged Foods","",33.11,"",2025,230783.0,2124.0,1830.0
"261A","NIHON SUIDO CONSULTANTS CO LTD","20260220",2342.0,4.0,3159.63,1121.48,10.47,1197.73,1488.9,"JPY",35.4,32.3,64.0,0,11.3,9.2,10.6,5.4,"","Industrial Services","Engineering & Construction","",11.87,"",2024,23533.0,3595.0,1935.0
"262A","INTERMESTIC INC","20260220",1909.0,6.0,3144.18,1047.68,13.23,753.5,3050.9,"JPY","",8.4,44.0,0,56.2,64.5,"","","","Health Technology","Medical Specialties","",30.6,"",2024,44845.0,3200.0,1288.0
"2653","AEON KYUSHU CO LTD","20260220",2906.0,13.0,7886.07,2577.97,16.26,1616.58,8974.4,"JPY",308.0,0.0,"",0,16.7,64.3,"","","","Retail Trade","Department Stores","",34.14,"",2025,531617.0,3135.0,2230.0
"2654","ASMO CORP","20260220",402.0,5.0,579.72,189.51,3.93,491.83,260.1,"JPY",39.5,51.9,"",0,2.6,7.7,2.6,5.0,"","Consumer Services","Packaged Foods","",13.46,"",2025,20529.0,421.0,306.0
"2656","VECTOR HOLDINGS INC","20260220",148.0,"","","",-233.73,9.97,-551.6,"JPY","",0.0,"",0,-61.8,-30.0,"","","","Technology Services","Advertising Agencies","",23.68,"",2025,162.0,203.0,65.0
"2659","SAN-A CO LTD","20260220",3095.0,8.0,5806.76,1898.24,7.95,2433.42,11971.6,"JPY",-1.7,64.1,"",0,8.4,9.0,6.1,5.5,"","Retail Trade","Department Stores","",61.85,"",2025,237155.0,3220.0,2612.0
"2664","CAWACHI LIMITED","20260220",3130.0,13.0,8029.74,2624.93,5.22,5123.56,5976.8,"JPY",-38.2,60.6,"",0,5.8,5.8,5.0,5.8,"","Retail Trade","Pharmaceutical Retailers","",22.33,"",2025,287816.0,3165.0,2573.0
"2666","AUTOWAVE CO LTD","20260220",171.0,7.0,292.73,95.7,4.08,238.89,141.0,"JPY",-68.0,50.0,2.0,0,4.2,5.1,4.9,2.9,"","Retail Trade","Specialty Retail","",14.45,"",2022,7426.0,184.0,111.0
"2667","IMAGEONE CO LTD","20260220",279.0,"","","",-38.3,127.47,-632.8,"JPY","",0.0,"",0,-31.2,-45.5,"","","","Technology Services","Scientific & Technical Instruments","",12.96,"",2023,2975.0,348.0,150.0
"2668","TABIO CORPORATION","20260220",1307.0,11.0,2911.59,1059.25,14.59,710.29,704.6,"JPY",48.3,47.1,"",0,15.5,13.9,12.0,7.3,"","Consumer Non-Durables","Apparel Manufacturing","",6.8,"",2025,16852.0,1325.0,1100.0
"2670","ABC-MART INC","20260220",2559.0,9.0,4103.6,1603.79,11.81,1483.43,43394.5,"JPY",-3.6,72.7,"",0,13.4,13.1,10.9,7.1,"","Consumer Non-Durables","Apparel Retail","",247.62,"",2025,372202.0,3270.0,2375.5
"2673","YUMEMITSUKETAI CO LTD","20260220",204.0,6.0,313.49,102.48,4.36,239.53,105.8,"JPY",112.6,0.0,"",0,3.6,7.5,1.0,3.8,"","Commercial Services","Internet Retail","",10.12,"",2025,251.0,405.0,84.0
"2674","HARD OFF CORPORATION CO LTD","20260220",2116.0,9.0,4178.7,1560.08,12.63,1314.32,2307.4,"JPY",38.4,55.2,"",0,14.5,14.0,12.5,8.3,"","Retail Trade","Specialty Retail","",13.9,"",2025,33531.0,2156.0,1571.0
"2676","TAKACHIHO KOHEKI CO","20260220",2098.0,0.0,2058.81,673.03,7.62,901.18,1282.0,"JPY",40.8,75.1,"",0,7.7,7.0,8.7,6.2,"","Distribution Services","Conglomerates","",18.68,"",2025,28098.0,2252.0,1595.0
"2678","ASKUL CORP","20260220",1307.0,9.0,2507.3,819.64,9.62,868.75,7483.5,"JPY",16.7,58.0,"",0,11.8,11.5,17.2,16.3,"","Retail Trade","Internet Retail","",89.54,"",2025,481101.0,1719.0,1299.0
"267A","TOWARISE CORPORATION","20260209",1990.0,34.0,20821.78,6806.68,18.02,3852.48,701.0,"JPY","",1.6,"",0,18.2,20.6,8.1,"","","Finance","Regional Banks","",1.01,"",2025,7156.0,1991.0,1990.0
"2681","GEO HOLDINGS CORP","20260220",1729.0,17.0,5940.69,1942.02,8.71,2272.6,7877.4,"JPY",132.5,8.4,"",0,8.4,16.0,9.0,10.6,"","Retail Trade","Specialty Retail","",39.78,"",2025,427669.0,1988.0,1522.0
"2683","UOKI CO LTD","20260220",1001.0,-5.0,679.76,222.22,6.56,345.24,57.1,"JPY",271.5,30.4,"",0,8.6,5.1,1.8,36.0,"","Retail Trade","Food Distribution","",2.52,"",2025,9934.0,1189.0,988.0
"2685","ADASTRIA CO LTD","20260220",2963.0,10.0,6043.8,2310.53,14.23,1671.41,10973.1,"JPY",-9.3,66.5,"",0,15.6,24.9,15.3,10.8,"","Retail Trade","Apparel Manufacturing","",46.13,"",2025,293110.0,3245.0,2569.0
"2686","GFoot Co. Ltd.","20260220",296.0,"","","",-210.89,21.21,-1904.4,"JPY","",0.0,"",0,"","",-232.4,-159.9,"","Retail Trade","Apparel/Footwear Retail","",42.57,"",2025,59975.0,300.0,256.0
"2687","CVS BAY AREA INC","20260220",523.0,12.0,1285.93,420.37,4.84,886.44,211.8,"JPY",109.6,7.1,"",0,8.3,25.2,0.8,-10.7,"","Consumer Services","Grocery Stores","",4.94,"",2025,7822.0,660.0,473.0
"2689","OLBA HEALTHCARE HLDGS INC","20260220",2164.0,14.0,5833.48,2101.41,11.38,2066.61,1395.1,"JPY",51.8,39.0,"",0,13.0,14.5,15.6,18.7,"","Distribution Services","Medical Distribution","",5.93,"",2025,122702.0,2235.0,1800.0
"268A","RIGAKU HOLDINGS CORPORATION","20260220",1783.0,-2.0,1486.49,485.94,13.03,356.85,10655.0,"JPY","",0.0,18.8,0,21.0,20.5,1.7,"","","Health Technology","Medical Specialties","",229.14,"",2024,90652.0,1348.0,641.0
"2692","ITOCHU SHOKUHIN CO","20260220",11920.0,5.0,18001.54,5884.73,6.59,9107.33,7614.7,"JPY",-18.9,59.9,"",0,7.5,6.6,6.8,5.5,"","Distribution Services","Food Distribution","",12.69,"",2025,699369.0,12960.0,7120.0
"2693","YKT CORPORATION","20260220",245.0,-25.0,25.84,8.45,0.12,695.26,10.0,"JPY",-39.7,56.6,5.0,0,0.0,3.9,12.4,6.9,"","Distribution Services","Specialty Industrial Machinery","",11.61,"",2024,11930.0,325.0,181.0
"2694","YAKINIKU SAKAI HOLDINGS INC","20260220",74.0,-6.0,45.17,14.77,5.26,28.65,354.8,"JPY",14.7,50.8,"",0,4.9,9.9,0.7,10.9,"","Consumer Services","Restaurants","",235.64,"",2025,23533.0,76.0,66.0
"2695","Kura Sushi, Inc.","20260220",3620.0,1.0,4055.44,1325.73,8.27,1634.9,5372.1,"JPY",116.0,25.9,"",0,9.4,9.2,3.0,2.7,4.9,"Consumer Services","Restaurants","",39.74,"",2025,245109.0,4195.0,2937.0
"2698","CAN DO CO LTD","20260220",3520.0,-12.0,1308.19,427.65,6.7,651.19,697.7,"JPY",31.8,90.0,"",0,4.0,-4.3,1.4,1.0,"","Retail Trade","Discount Stores","",16.0,"",2025,83380.0,3935.0,3130.0
"269A","Sapeet, Inc.","20260220",2324.0,-7.0,1250.84,408.9,12.7,315.37,63.3,"JPY","",0.0,"",0,43.8,"","","","","Technology Services","Information Technology Services","",1.58,"",2025,996.0,3695.0,1830.0
"2700","KITOKU SHINRYO CO","20260220",2057.0,26.0,13209.35,4318.16,24.01,1833.86,3601.8,"JPY",13.9,47.7,70.0,0,13.1,13.8,8.5,5.4,"","Process Industries","Packaged Foods","",8.18,"",2024,118998.0,6600.0,1178.0
"2702","McDonalds Holdings Co. (Japan) Ltd.","20260220",7110.0,1.0,7676.57,2723.83,13.0,2109.41,36451.0,"JPY",49.6,35.0,"",0,14.8,15.0,13.8,11.9,15.2,"Consumer Cyclical","Restaurants","",132.96,"",2025,416602.0,7070.0,5420.0
"2705","OOTOYA HOLDINGS CO LTD","20260220",7180.0,-4.0,4989.26,1631.0,26.96,616.8,1207.4,"JPY",53.1,24.6,"",0,28.0,41.9,5.7,-8.4,"","Consumer Services","Restaurants","",7.26,"",2025,31385.0,6880.0,4725.0
"2708","KUZE CO LTD","20260220",2225.0,20.0,9297.73,3039.45,18.12,1710.37,1435.0,"JPY",33.2,35.2,"",0,20.5,42.9,30.4,-21.6,"","Distribution Services","Food Distribution","",4.63,"",2025,68568.0,2260.0,1416.0
"2715","Elematec Corp.","20250327",2392.0,41.0,37139.09,12140.84,8.28,14956.59,5731.8,"JPY",11.6,64.3,"",0,8.7,13.0,10.2,7.2,"","Technology","Electronic Components","",4.63,"",2024,194350.0,0.0,0.0
"271A","Accelia,Inc.","20260205",1500.0,"","","",-1.49,636.23,-6.6,"JPY","",0.0,"",0,0.0,4.1,1.1,"",9.9,"Technology Services","Information Technology Services","",0.69,"",2025,1152.0,1500.0,1500.0
"2721","J-HOLDINGS CORP","20260220",179.0,"","","","","",-272.3,"JPY","",0.0,"",0,-97.9,-58.6,-90.9,-33.9,"","Non-Energy Minerals","Real Estate Services","",8.83,"",2024,179.0,310.0,136.0
"2722","IK HOLDINGS CO LTD","20260220",386.0,12.0,752.4,265.58,9.99,316.16,238.5,"JPY",41.4,29.3,"",0,10.5,13.1,-10.9,-14.5,"","Consumer Services","Discount Stores","",7.55,"",2025,15211.0,575.0,315.0
"2726","PAL GROUP HOLDINGS CO LTD","20260220",1671.0,8.0,2654.19,867.66,21.67,408.25,15363.4,"JPY",24.0,54.2,"",0,24.6,24.4,22.8,12.6,"","Retail Trade","Apparel Retail","",173.65,"",2025,207825.0,2948.0,1499.5
"2730","EDION CORP","20260220",2225.0,10.0,4753.46,1553.91,7.53,2104.4,16754.4,"JPY",38.1,49.6,"",0,8.0,6.0,6.9,7.7,"","Retail Trade","Specialty Retail","",105.74,"",2025,768129.0,2271.0,1690.0
"2733","ARATA CORPORATION","20260220",3005.0,14.0,8724.78,2852.15,8.35,3481.42,9734.0,"JPY",21.2,52.6,"",0,9.3,10.1,9.2,10.3,"","Distribution Services","Department Stores","",33.47,"",2025,986212.0,3375.0,2692.0
"2734","Sala Corporation","20260220",1176.0,9.0,2293.91,749.88,5.35,1428.14,4910.5,"JPY",107.7,27.7,"",0,5.7,6.0,5.0,7.6,8.1,"Utilities","Conglomerates","",64.22,"",2025,251533.0,1189.0,737.0
"2735","Watts Co., Ltd.","20260220",666.0,16.0,2116.1,691.76,7.16,984.73,933.2,"JPY",-0.2,60.7,"",0,7.4,7.7,4.7,8.5,9.2,"Retail Trade","Grocery Stores","",13.23,"",2025,61578.0,768.0,581.0
"2736","Festaria Holdings Company Limited","20260220",619.0,10.0,1304.95,488.98,11.35,465.83,188.8,"JPY",5.1,55.4,"",0,12.6,10.7,6.3,29.2,34.1,"Consumer Durables","Luxury Goods","",3.57,"",2025,9403.0,737.0,470.0
"2737","TOMEN DEVICES CORPORATION","20260220",13450.0,8.0,24239.66,9277.58,13.31,7297.06,6605.4,"JPY",-0.5,66.0,"",0,12.3,13.5,12.7,19.8,"","Distribution Services","Semiconductors","",6.8,"",2025,421671.0,15050.0,4515.0
"2742","HALOWS CO LTD","20260220",4740.0,12.0,11742.33,4101.97,12.61,3300.23,8884.2,"JPY",58.2,28.1,"",0,14.5,14.9,12.6,13.4,"","Retail Trade","Grocery Stores","",21.34,"",2025,210751.0,5290.0,3850.0
"2743","PIXEL COMPANYZ INC","20260115",1.0,"","","","","",-544.1,"JPY","",0.0,"",0,-57.0,"",-87.8,-161.0,"","Distribution Services","Utilities - Renewable","",97.14,"",2024,887.0,245.0,1.0
"2749","JP-HOLDINGS INC","20260220",748.0,7.0,1287.93,477.26,18.27,227.96,3563.8,"JPY",-14.4,59.2,"",0,23.0,21.7,19.9,21.4,"","Consumer Services","Specialty Business Services","",85.58,"",2025,41147.0,742.0,522.0
"274A","GARDEN CO LTD","20260220",2408.0,10.0,5036.65,1795.06,14.47,1151.03,1150.6,"JPY",22.4,38.8,"",0,58.6,41.7,"",96.2,-140.9,"Consumer Services","Restaurants","",6.91,"",2025,17159.08,2914.0,2036.0
"2750","S. ISHIMITSU & CO LTD","20260220",1490.0,12.0,3768.73,1232.0,7.98,1574.26,976.1,"JPY",31.7,44.7,"",0,7.8,10.5,7.6,5.7,"","Distribution Services","Confectioners","",7.77,"",2025,64953.0,1547.0,740.0
"2751","TENPOS HOLDINGS CO LTD","20260220",3890.0,3.0,5007.15,1736.29,12.91,1332.81,2071.2,"JPY",55.8,25.3,"",0,15.7,15.3,12.5,18.1,"","Distribution Services","Specialty Retail","",12.04,"",2025,47055.0,3850.0,3305.0
"2752","FUJIO FOOD GROUP INC","20260220",1058.0,-15.0,297.07,97.11,5.92,167.19,507.7,"JPY","",0.0,3.0,0,58.5,41.4,-46.8,29.6,"","Consumer Services","Restaurants","",51.27,"",2024,31324.0,1252.0,1045.0
"2753","AMIYAKI TEI CO LTD","20260220",1427.0,7.0,2361.24,771.89,7.37,1067.69,1617.5,"JPY",25.6,56.5,"",0,8.8,8.0,2.5,5.4,"","Consumer Services","Restaurants","",20.55,"",2025,35332.0,1671.0,1281.0
"2754","Tokatsu Holdings Co. Ltd.","20250109",807.0,-6.0,489.07,159.88,6.31,258.37,334.9,"JPY",2.3,58.7,"",0,7.0,5.6,5.3,6.0,"","Consumer Cyclical","Auto & Truck Dealerships","",20.54,"",2024,8539.0,"",""
"275A","Hanwa Homes Co., Ltd.","20260220",398.0,1.0,442.57,144.68,56.23,265.0,29.8,"JPY",545.6,0.0,"",0,24.4,-53.8,14.3,-12.0,"","Consumer Durables","Homebuilding","",2.02,"",2025,1865.0,"",""
"2760","TOKYO ELECTRON DEVICE","20260220",3655.0,10.0,7514.57,2878.08,17.32,1626.78,8289.0,"JPY",-1.7,70.2,"",0,19.7,26.5,28.4,15.5,"","Distribution Services","Electronic Components","",29.42,"",2025,216379.0,3860.0,2326.0
"2762","SANKO MARKETING FOODS CO","20260220",100.0,"","","",-219.16,8.13,-692.6,"JPY","",0.0,"",0,-206.8,-187.7,-136.0,-2.4,"","Consumer Services","Restaurants","",38.86,"",2025,9679.0,134.0,85.0
"2763","FTGROUP CO LTD","20260220",1255.0,16.0,3776.34,1393.99,14.24,1003.77,4248.2,"JPY",40.7,52.3,"",0,21.5,26.0,20.1,11.3,"","Electronic Technology","Communication Equipment","",29.73,"",2025,34625.0,1325.0,942.0
"2764","HIRAMATSU INC","20260220",139.0,-6.0,88.43,28.91,3.53,83.45,208.2,"JPY","",0.0,"",0,4.2,3.3,-12.2,-50.6,"","Consumer Services","Restaurants","",70.63,"",2025,10662.0,177.0,107.0
"2767","TSUBURAYA FIELDS HOLDINGS INC","20260220",1526.0,20.0,6542.34,2138.7,26.43,825.16,13571.0,"JPY",27.4,51.3,"",0,23.8,27.3,27.3,7.3,"","Producer Manufacturing","Gambling","",62.23,"",2025,140581.0,2498.0,1460.0
"2768","雙日","20260220",6766.0,9.0,13767.98,4500.78,9.85,4657.1,95485.6,"JPY",26.5,57.9,"",0,10.5,11.9,13.9,14.6,"","Non-Energy Minerals","Conglomerates","",208.06,"",2025,2509714.0,6583.0,2689.0
"2769","VILLAGE VANGUARD CO LTD","20260219",971.0,"","","",-29.82,238.9,-558.5,"JPY","",21.1,"",0,-16.8,-13.1,1.1,3.7,"","Retail Trade","Specialty Retail","",7.84,"",2025,24962.0,1097.0,958.0
"276A","CCReB Advisors Inc.","20260220",3925.0,-5.0,2523.75,825.02,17.03,493.87,356.7,"JPY","",0.0,"",0,43.4,38.5,28.5,"","","Technology Services","Packaged Software","",4.24,"",2025,2555.0,8190.0,2451.0
"2776","SHINTO HOLDINGS INC","20260220",132.0,-21.0,19.55,6.39,2.04,31.94,29.6,"JPY","",0.0,"",0,1.8,-22.1,-23.0,-0.2,"","Distribution Services","Apparel Manufacturing","",45.43,"",2025,12296.0,188.0,95.0
"2778","PALEMO HOLDINGS CO LTD","20260220",154.0,8.0,281.56,92.04,7.15,131.23,113.0,"JPY",-94.8,51.0,"",0,9.4,23.9,162.4,-40.8,"","Retail Trade","Apparel Retail","",12.04,"",2025,15040.0,212.0,114.0
"277A","GLOBE-ING INC","20260220",2044.0,-3.0,1622.58,530.42,26.73,202.32,1537.7,"JPY","",0.0,"",0,116.9,"","","","","Commercial Services","Miscellaneous Commercial Services","",28.43,"",2025,8255.0,3420.0,1596.0
"2780","KOMEHYO HOLDINGS CO LTD","20260220",4400.0,9.0,8916.58,3165.33,11.52,2987.51,3775.6,"JPY",50.5,33.4,"",0,15.4,22.1,18.6,14.8,"","Retail Trade","Real Estate Services","",10.97,"",2025,158994.0,3585.0,2400.0
"2782","SERIA CO LTD","20260220",4325.0,3.0,5710.37,2191.21,13.39,1723.34,14461.6,"JPY",15.2,67.0,"",0,11.7,11.0,11.4,17.0,"","Retail Trade","Discount Stores","",62.67,"",2025,236327.0,4320.0,2400.0
"2784","ALFRESA HOLDINGS CORP","20260220",2532.5,7.0,4184.61,1367.95,5.26,2651.26,25347.6,"JPY",68.0,61.4,"",0,5.9,5.3,4.2,3.4,"","Distribution Services","Medical Distribution","",181.72,"",2025,2961051.0,2597.5,1897.0
"2788","APPLE INTERNATIONAL CO LTD","20260220",356.0,25.0,2112.15,690.47,9.43,746.57,904.0,"JPY",13.0,50.0,10.0,0,14.2,13.4,20.9,6.4,"","Distribution Services","Auto & Truck Dealerships","",12.84,"",2024,43795.0,418.0,327.0
"2789","KARULA CO LTD","20260220",493.0,17.0,1560.19,569.75,15.39,342.46,304.1,"JPY",-28.2,50.0,"",0,20.1,32.7,-0.8,-10.2,"","Consumer Services","Restaurants","",5.77,"",2025,7263.0,513.0,419.0
"278A","TERRA DRONE CORPORATION","20260220",2424.0,"","","",-7.59,696.6,-513.8,"JPY","",0.0,"",0,-8.6,-3.1,"","","","Technology Services","Packaged Software","",9.72,"",2025,4435.0,10740.0,2000.0
"2790","NAFCO CO LTD","20260220",2266.0,0.0,2308.65,754.7,1.23,6263.47,1891.6,"JPY",34.3,45.8,"",0,0.6,2.3,4.0,5.4,"","Retail Trade","Home Improvement Retail","",24.58,"",2025,181850.0,2350.0,1555.0
"2791","DAIKOKUTENBUSSAN CO","20260220",5550.0,9.0,10985.54,3653.08,9.91,4400.43,6040.5,"JPY",197.4,6.4,"",0,12.3,12.6,6.9,13.7,"","Retail Trade","Grocery Stores","",13.85,"",2025,292940.0,8580.0,4895.0
"2792","HONEYS HOLDINGS CO LTD","20260220",1516.0,14.0,4246.38,1388.15,8.83,1603.52,3946.3,"JPY",21.0,53.9,"",0,9.1,12.3,14.8,9.4,"","Consumer Non-Durables","Apparel Retail","",27.88,"",2025,57701.0,1698.0,1436.0
"2795","NIPPON PRIMEX INC","20260220",937.0,12.0,2314.73,756.69,5.15,1499.05,405.9,"JPY",50.1,37.6,"",0,5.5,7.3,6.5,6.7,"","Electronic Technology","Specialty Industrial Machinery","",5.26,"",2025,7093.0,945.0,800.0
"2796","PHARMARISE HOLDINGS CORPORATION","20260220",515.0,-44.0,5.24,1.71,0.03,599.21,2.0,"JPY",393.0,16.6,"",0,-3.5,4.9,10.8,10.3,"","Health Technology","Pharmaceutical Retailers","",11.46,"",2025,63508.0,567.0,456.0
"2798","Ys table Corp.","20260220",3015.0,-1.0,2765.0,903.88,44.93,205.15,304.2,"JPY",48.9,25.6,"",0,65.0,111.9,"","","","Consumer Services","Restaurants","",3.3,"",2025,12120.0,3030.0,2710.0
"2801","龜甲萬","20260220",1483.0,0.0,1477.57,531.31,11.03,547.44,56104.1,"JPY",64.2,37.8,"",0,12.5,11.4,10.2,9.5,"","Consumer Non-Durables","Packaged Foods","",928.94,"",2025,708979.0,1583.0,1202.0
"2802","味之素","20260220",4602.0,-5.0,3151.47,1030.22,13.62,771.38,101702.2,"JPY",28.0,87.8,"",0,13.2,10.5,11.5,11.7,"","Consumer Non-Durables","Packaged Foods","",968.14,"",2025,1530556.0,4544.0,2636.5
"2804","BULL DOG SAUCE CO","20260220",1906.0,-33.0,77.15,25.22,0.15,1663.62,33.2,"JPY",1812.7,83.7,"",0,0.8,1.4,0.8,2.7,"","Consumer Non-Durables","Packaged Foods","",12.89,"",2025,14617.0,2230.0,1539.0
"2805","S & B FOODS INC","20260220",4445.0,9.0,9030.52,2952.09,9.07,3319.56,7278.6,"JPY",25.7,45.4,"",0,10.3,10.7,6.7,11.5,"","Consumer Non-Durables","Packaged Foods","",24.18,"",2025,123520.0,4585.0,2316.0
"2806","YUTAKA FOODS CORP","20260220",2100.0,1.0,2340.22,765.02,2.41,3237.84,542.2,"JPY",672.0,24.6,"",0,2.6,2.3,3.3,5.0,"","Consumer Non-Durables","Packaged Foods","",6.95,"",2025,14455.0,2350.0,1823.0
"2809","Kewpie Corporation","20260220",4462.0,0.0,4459.62,1457.86,6.29,2364.21,20376.0,"JPY",-14.5,69.6,"",0,6.7,8.8,4.3,6.8,7.9,"Consumer Non-Durables","Packaged Foods","",137.07,"",2025,513417.0,4700.0,2805.0
"280A","TMH, Inc.","20260220",1515.0,4.0,2018.92,659.99,17.47,385.14,249.0,"JPY","",0.0,"",0,31.8,53.5,-96.2,"","","Producer Manufacturing","Industrial Machinery","",3.7,"",2025,8628.0,1770.0,871.0
"2810","HOUSE FOODS GROUP INC","20260220",3055.0,3.0,3900.5,1275.08,4.12,3154.06,12070.8,"JPY",-32.3,71.1,"",0,4.7,4.2,4.0,4.5,"","Consumer Non-Durables","Packaged Foods","",92.84,"",2025,315418.0,3133.0,2602.0
"2811","Kagome Co., Ltd.","20260220",2815.5,7.0,4896.72,1600.75,7.85,2078.3,14966.0,"JPY",0.8,63.5,"",0,8.1,12.0,10.7,7.8,8.8,"Consumer Non-Durables","Packaged Foods","",91.69,"",2025,294264.0,3076.0,2571.5
"2813","WAKOU SHOKUHIN CO","20260220",3570.0,18.0,13030.81,4414.9,12.75,3434.94,1090.5,"JPY",78.7,15.4,"",0,16.0,18.3,31.3,12.5,"","Consumer Non-Durables","Packaged Foods","",2.49,"",2025,16249.0,4920.0,2946.0
"2814","SATO FOODS INDUSTRIES CO","20260220",3215.0,6.0,5042.34,1648.35,2.9,5793.99,559.7,"JPY",111.4,54.8,"",0,2.7,3.2,4.1,4.0,"","Consumer Non-Durables","Packaged Foods","",3.33,"",2025,6360.0,3750.0,2200.0
"2815","ARIAKE JAPAN CO","20260220",6000.0,4.0,7876.62,2574.88,6.58,3990.55,8362.3,"JPY",105.2,34.8,"",0,6.9,6.6,6.0,8.0,"","Consumer Non-Durables","Packaged Foods","",31.85,"",2025,65400.0,6890.0,5100.0
"2818","PIETRO CO LTD","20260220",1777.0,-23.0,210.91,68.95,0.77,918.64,48.7,"JPY",2190.0,32.1,"",0,1.3,2.7,-1.5,4.0,"","Consumer Non-Durables","Packaged Foods","",6.92,"",2025,11135.0,1800.0,1700.0
"2819","EBARA FOODS INDUSTRY INC","20260220",2701.0,8.0,4928.33,1611.08,4.69,3505.74,1603.4,"JPY",108.2,13.3,"",0,4.4,5.8,7.5,9.9,"","Consumer Non-Durables","Packaged Foods","",9.76,"",2025,47963.0,2878.0,2450.0
"281A","INFORMETIS CO LTD","20260220",339.0,"","","",-17.23,260.53,-219.5,"JPY","",0.0,"",0,9.1,-10.0,"",-31.5,"","Technology Services","Packaged Software","",4.89,"",2024,982.0,2185.0,326.0
"2820","YAMAMI COMPANY","20260220",5270.0,-1.0,3712.62,1409.23,10.55,1496.7,1101.0,"JPY",21.1,59.4,"",0,11.1,17.1,8.4,8.3,"","Consumer Non-Durables","Packaged Foods","",6.97,"",2025,21064.0,5360.0,3120.0
"2830","AOHATA CORP","20251029",3695.0,-15.0,1000.86,327.18,2.02,1648.18,275.6,"JPY",-46.9,78.2,10.0,0,2.0,1.9,2.3,6.1,"","Consumer Non-Durables","Packaged Foods","",8.26,"",2024,20513.0,3925.0,2450.0
"2831","HAGOROMO FOODS","20260220",3495.0,9.0,6945.91,2270.63,5.26,4397.98,2178.7,"JPY",155.1,14.4,"",0,6.0,4.4,-1.4,5.0,"","Consumer Non-Durables","Packaged Foods","",9.41,"",2025,74650.0,3405.0,3020.0
"285A","KIOXIA HOLDINGS CORPORATION","20260220",20560.0,-7.0,11564.64,3780.5,28.2,1367.0,207990.0,"JPY",86.4,6.8,"",0,61.8,-37.0,-17.4,13.3,"","Electronic Technology","Computer Peripherals","",539.55,"",2025,1706460.0,21610.0,1510.0
"286A","EUCALIA INC","20260220",895.0,5.0,1277.38,417.58,8.44,504.32,1516.3,"JPY",448.5,0.0,"",0,15.8,11.8,4.1,7.1,"","Commercial Services","Miscellaneous Commercial Services","",35.61,"",2024,19833.0,1215.0,743.0
"2871","日冷","20260220",2079.0,5.0,3057.64,999.55,9.82,1037.59,25543.6,"JPY",44.6,46.2,"",0,10.6,11.4,10.4,9.8,"","Process Industries","Packaged Foods","",250.62,"",2025,702080.0,2064.0,1628.0
"2872","SEIHYO CO LTD","20260220",2055.0,-4.0,1472.14,481.25,4.93,995.71,68.7,"JPY",470.2,30.7,"",0,9.3,4.1,1.8,6.3,"","Consumer Non-Durables","Packaged Foods","",1.4,"",2025,4484.0,2700.0,1923.0
"2874","YOKOREI CO. LTD.","20260220",1418.0,-5.0,971.61,317.62,2.37,1368.32,1910.5,"JPY",348.3,30.9,"",0,2.0,4.9,3.4,4.8,2.5,"Commercial Services","Farm Products","",58.99,"",2025,125563.0,1403.0,737.0
"2875","TOYO SUISAN KAISHA","20260220",12000.0,4.0,16258.79,6001.95,12.8,4851.7,61605.6,"JPY",28.1,51.0,"",0,13.6,14.7,9.5,6.9,"","Consumer Non-Durables","Packaged Foods","",99.18,"",2025,507600.0,12185.0,7753.0
"2877","NITTOBEST CORP","20260220",750.0,2.0,854.01,279.18,2.14,1328.35,344.5,"JPY",12.2,66.1,"",0,2.0,2.2,1.9,4.6,"","Consumer Non-Durables","Packaged Foods","",12.1,"",2025,55860.0,790.0,702.0
"287A","KURODA GROUP CO LTD","20260220",1063.0,7.0,1851.5,605.26,6.82,905.21,2619.9,"JPY","",0.0,"",0,12.0,1.1,"","","","Distribution Services","Electronics Distributors","",42.45,"",2025,121327.0,1104.0,733.0
"2882","EAT&HOLDINGS CO LTD","20260220",2080.0,-2.0,1742.96,569.78,6.03,963.03,660.0,"JPY",228.8,8.7,"",0,2.8,11.6,9.3,14.7,"","Consumer Non-Durables","Restaurants","",11.36,"",2025,37335.0,2129.0,1892.0
"2883","DAIREI CO LTD","20260220",1998.0,5.0,2923.98,955.85,6.5,1500.51,571.2,"JPY",5.1,70.6,"",0,5.7,8.2,11.8,8.8,"","Consumer Non-Durables","Specialty Industrial Machinery","",5.86,"",2025,25732.0,2079.0,1893.0
"2884","YOSHIMURA FOOD HOLDINGS KK","20260220",966.0,2.0,1123.67,367.33,8.1,462.59,894.1,"JPY",74.1,12.9,"",0,15.6,24.0,10.3,10.3,"","Consumer Non-Durables","Packaged Foods","",23.87,"",2025,58110.0,1127.0,623.0
"2892","NIHON SHOKUHIN KAKO CO","20260220",3945.0,11.0,8970.31,2932.41,5.15,5800.61,1465.2,"JPY",77.2,21.9,"",0,8.0,"","","","","Consumer Non-Durables","Packaged Foods","",4.9,"",2025,62697.0,4250.0,2150.0
"2894","ISHII FOOD CO LTD","20260220",355.0,5.0,528.02,172.61,7.61,231.29,293.1,"JPY",100.2,15.7,"",0,6.3,13.4,10.3,1.0,"","Consumer Non-Durables","Packaged Foods","",16.65,"",2025,10869.0,352.0,295.0
"2897","NISSIN FOODS HOLDINGS CO. LTD.","20260220",3229.0,5.0,4893.52,1762.75,11.7,1656.55,55614.1,"JPY",55.3,39.4,"",0,11.9,12.8,11.1,9.4,"","Consumer Non-Durables","Packaged Foods","",287.06,"",2025,776594.0,3373.0,2628.0
"2899","Nagatanien Holdings Co. Ltd.","20241011",3095.0,-24.0,330.74,108.12,7.35,150.01,3207.2,"JPY",82.6,16.9,"",0,8.1,9.8,12.9,10.0,"","Consumer Defensive","Packaged Foods","",290.91,"",2024,113821.0,"",""
"2901","WEL-DISH INCORPORATED","20260220",401.0,-20.0,69.74,22.8,1.55,150.11,50.7,"JPY","",0.0,"",0,"",-128.6,-57.9,-271.1,"","Retail Trade","Medical Care Facilities","",21.79,"",2025,2399.67,767.0,357.0
"2902","TAIYO KAGAKU CO. LTD.","20260220",2970.0,10.0,6152.41,2011.23,8.85,2316.25,4468.7,"JPY",3.6,64.2,"",0,9.4,5.4,7.3,9.0,"","Consumer Non-Durables","Specialty Chemicals","",21.79,"",2025,50044.0,"",""
"2903","SHINOBU FOOD PRODUCTS CO","20260220",1910.0,12.0,4519.6,1697.1,13.17,1321.22,1992.8,"JPY",-36.6,58.5,"",0,13.4,13.9,10.8,8.4,"","Consumer Non-Durables","Packaged Foods","",11.45,"",2025,57651.0,2119.0,785.0
"2904","ICHIMASA KAMABOKO CO","20260220",753.0,2.0,868.91,284.05,3.58,809.78,530.3,"JPY",316.0,13.8,"",0,4.0,5.9,-1.7,3.0,"","Consumer Non-Durables","Packaged Foods","",18.31,"",2025,34579.0,787.0,729.0
"2907","AHJIKAN CO LTD","20260220",1385.0,14.0,3996.78,1306.55,5.83,2284.89,1013.9,"JPY",17.2,53.9,"",0,10.9,9.9,2.5,3.5,"","Consumer Non-Durables","Packaged Foods","",7.61,"",2025,51045.0,1390.0,1000.0
"2908","FUJICCO CO LTD","20260220",1623.0,-1.0,1554.43,508.14,2.15,2409.41,1475.2,"JPY",-129.9,90.0,"",0,1.8,2.0,1.3,3.5,"","Consumer Non-Durables","Packaged Foods","",28.47,"",2025,57077.0,1687.0,1480.0
"290A","SYNSPECTIVE INC","20260220",1285.0,"","","",-18.54,178.11,-3684.3,"JPY","",0.0,"",0,-45.7,-24.3,"","","","Electronic Technology","Telecommunications Equipment","",111.58,"",2024,2316.0,1944.0,600.0
"2910","ROCK FIELD CO LTD","20260220",1408.0,-5.0,940.57,307.47,2.84,1105.89,819.6,"JPY",-10.7,74.8,"",0,3.4,4.2,3.8,5.2,"","Consumer Non-Durables","Packaged Foods","",26.14,"",2025,51184.0,1652.0,1298.0
"2911","ASAHIMATSU FOODS","20260220",2313.0,4.0,3054.84,998.63,2.31,4403.76,189.4,"JPY",54.3,32.8,"",0,3.0,3.1,-0.2,2.8,"","Consumer Non-Durables","Packaged Foods","",1.86,"",2025,8017.0,2438.0,2218.0
"2914","日本菸草產業","20260220",5893.0,-8.0,2965.34,969.37,4.66,2121.73,175474.8,"JPY",14.6,80.3,234.0,0,4.4,13.1,15.4,13.1,"","Consumer Non-Durables","Tobacco","",1775.26,"",2024,3149759.0,6182.0,3761.0
"2915","KENKO MAYONNAISE CO","20260220",2245.0,12.0,5380.61,1758.93,6.7,2676.69,2677.8,"JPY",-71.5,62.8,"",0,8.6,5.6,0.0,3.0,"","Consumer Non-Durables","Packaged Foods","",14.93,"",2025,91703.0,2153.0,1600.0
"2916","SEMBA TOHKA INDUSTRIES CO","20260220",735.0,8.0,1331.68,435.33,4.27,1040.77,505.2,"JPY",-24.7,67.0,"",0,4.6,4.6,3.8,6.2,"","Consumer Non-Durables","Confectioners","",11.38,"",2025,18701.0,800.0,644.0
"2917","OHMORIYA Co., Ltd.","20260220",916.0,"","","",-0.11,2314.66,-12.7,"JPY",1166.7,25.7,"",0,-0.8,1.6,2.2,2.5,2.9,"Consumer Non-Durables","Packaged Foods","",4.98,"",2025,16511.0,979.0,883.0
"2918","WARABEYA NICHIYO HOLDINGS CO LTD","20260220",3450.0,10.0,7548.76,2467.7,7.69,3271.88,4358.2,"JPY",176.8,21.7,"",0,7.2,10.4,6.9,8.2,"","Consumer Non-Durables","Packaged Foods","",17.32,"",2025,222467.0,3705.0,1849.0
"2919","MARUTAI CO LTD","20260220",4170.0,-20.0,721.58,235.89,4.25,566.17,420.2,"JPY",-83.8,66.8,"",0,4.9,3.1,2.5,5.7,"","Consumer Non-Durables","Packaged Foods","",17.47,"",2025,9604.0,4770.0,3770.0
"291A","RESKILL CORP","20260220",3305.0,6.0,5371.97,1756.11,26.14,685.1,368.9,"JPY","",0.0,"",0,71.7,76.2,"","","","Commercial Services","Miscellaneous Commercial Services","",2.06,"",2025,1958.77,3995.0,2550.0
"2922","NATORI CO LTD","20260220",1934.0,6.0,2973.05,971.9,4.76,2083.62,1246.7,"JPY",-27.8,59.2,"",0,5.5,6.6,1.7,7.0,"","Consumer Non-Durables","Packaged Foods","",12.58,"",2025,48892.0,2219.0,1857.0
"2923","SATO FOODS CO LTD","20260220",7550.0,6.0,12284.52,4015.83,9.18,4459.33,2063.8,"JPY",106.0,11.6,"",0,8.7,11.5,9.7,13.2,"","Process Industries","Packaged Foods","",5.04,"",2025,46479.0,9680.0,6500.0
"2924","IFUJI SANGYO CO LTD","20260220",1995.0,19.0,7365.16,2657.84,16.99,1369.33,1896.1,"JPY",30.7,46.8,"",0,21.9,16.5,14.8,15.1,"","Process Industries","Farm Products","",8.15,"",2025,25557.0,2520.0,1665.0
"2927","AFC-HD AMS Life Science Co., Ltd.","20260220",902.0,17.0,2443.7,863.34,9.89,1035.37,1491.3,"JPY",109.7,29.6,"",0,11.6,9.0,9.4,7.0,14.4,"Consumer Non-Durables","Packaged Foods","",14.56,"",2025,32655.0,918.0,765.0
"2928","RIZAP GROUP INC","20260220",225.0,-3.0,173.85,56.83,6.71,86.37,3457.6,"JPY","",0.0,"",0,8.7,-21.0,-39.0,10.7,"","Producer Manufacturing","Specialty Retail","",596.66,"",2025,171090.0,253.0,188.0
"2929","PHARMA FOODS INTERNATIONAL CO","20260220",630.0,"","","",-2.7,399.93,-311.3,"JPY",1.7,59.3,12.5,0,4.2,35.5,44.3,-6.3,78.3,"Health Technology","Drug Manufacturers - Specialty & Generic","",28.87,"",2025,65260.0,1064.0,641.0
"2930","KITANOTATSUJIN CORP","20260220",143.0,3.0,187.84,65.43,12.3,56.41,967.6,"JPY","",26.4,"",0,17.3,15.8,5.7,"","","Retail Trade","Household & Personal Products","",139.44,"",2025,11826.0,172.0,129.0
"2931","EUGLENA CO LTD","20260220",385.0,"","","",-0.1,232.12,-30.9,"JPY","",0.0,"",0,0.4,-10.1,-15.2,"","","Health Technology","Household & Personal Products","",136.58,"",2024,47618.0,540.0,394.0
"2932","STI FOODS HLDGS INC","20260220",1277.0,11.0,2925.76,956.44,20.68,471.54,1734.0,"JPY",116.3,24.4,40.0,0,25.8,24.7,17.1,30.8,"","Consumer Non-Durables","Packaged Foods","",17.78,"",2024,35580.0,1424.0,1051.0
"2933","KIBUN FOODS INC","20260220",1085.0,10.0,2341.15,792.51,10.22,908.76,2119.5,"JPY",90.8,13.3,"",0,14.5,24.6,4.0,22.5,"","Consumer Non-Durables","Packaged Foods","",22.83,"",2025,108912.0,1224.0,978.0
"2934","J FRONTIER CO LTD","20260220",1273.0,"","","",-4.79,264.78,-67.3,"JPY","",0.0,"",0,4.9,-43.1,-45.8,9.9,"","Distribution Services","Pharmaceutical Retailers","",5.31,"",2025,21504.0,2269.0,1227.0
"2935","PICKLES HOLDINGS CO LTD","20260220",1277.0,10.0,2756.15,900.99,6.1,1505.35,1151.2,"JPY",82.8,21.4,"",0,5.5,6.7,6.8,13.9,"","Consumer Non-Durables","Packaged Foods","",12.53,"",2025,41518.0,1394.0,842.0
"2936","BASE FOOD INC","20260220",368.0,-14.0,109.41,35.77,18.8,19.4,194.8,"JPY","",0.0,"",0,12.8,-52.1,-155.9,-348.1,"","Consumer Non-Durables","Packaged Foods","",53.4,"",2025,15241.0,623.0,295.0
"2937","ST COUSAIR CO LTD","20260220",1771.0,-1.0,1727.82,659.07,13.21,534.16,654.8,"JPY",-2.6,64.2,"",0,11.4,20.7,76.2,266.8,"","Consumer Non-Durables","Packaged Foods","",9.28,"",2025,19467.0,1991.0,1320.0
"2938","OKAMURA FOODS CO LTD","20260220",1266.0,-1.0,1140.57,389.15,12.31,324.21,1974.5,"JPY",66.5,18.0,"",0,14.3,20.2,33.7,44.0,"","Process Industries","Agricultural Commodities/Milling","",49.48,"",2025,35345.0,1459.0,673.6667
"2961","NITCHO CORPORATION","20260220",4900.0,16.0,16243.24,5309.95,8.04,6732.43,601.0,"JPY",-0.6,72.3,"",0,8.5,10.7,5.6,3.7,8.2,"Producer Manufacturing","Specialty Industrial Machinery","",1.11,"",2025,18118.0,5250.0,3485.0
"2962","TECNISCO LTD","20260220",915.0,"","","",-72.01,176.99,-1168.8,"JPY","",0.0,"",0,-33.8,-13.4,7.3,33.1,"","Producer Manufacturing","Metal Fabrication","",9.17,"",2025,3362.0,888.0,200.0
"296A","REIWA ACCOUNTING HOLDINGS CO LTD","20260220",668.0,0.0,692.05,226.23,27.91,82.65,862.8,"JPY","",18.8,"",0,43.3,28.6,"","","","Commercial Services","Miscellaneous Commercial Services","",37.4,"",2025,4979.0,807.0,500.0
"2970","GOOD LIFE CO INC","20260220",1230.0,6.0,1903.61,622.3,24.26,261.6,1044.5,"JPY",53.2,25.7,"",0,30.5,27.1,16.6,13.4,"","Finance","Real Estate Services","",16.46,"",2024,17126.0,1267.0,592.0
"2971","Escon Japan REIT Investment Corp.","20260220",124100.0,5.0,184238.42,60227.87,5.47,112296.86,2210.9,"JPY",20.4,90.0,3510.0,0,7.5,5.7,6.2,7.8,"","Real Estate","REIT - Retail","",0.36,"",2025,0.0,134200.0,108000.0
"2972","Sankei Real Estate Inc.","20260220",128200.0,1.0,143401.91,46878.34,4.45,107527.66,2246.6,"JPY",-26.0,90.0,"",0,4.4,14.3,4.3,7.6,"","Real Estate","REIT - Office","",0.47,"",2025,0.0,134000.0,79700.0
"2974","DAIEISANGYO Co Ltd","20260220",966.0,23.0,5027.52,1643.51,6.21,2697.55,548.0,"JPY",122.5,9.0,"",0,6.6,5.3,7.1,9.6,7.9,"Consumer Durables","Real Estate Services","",3.27,"",2025,39093.0,1119.0,902.0
"2975","Star Mica Holdings Co., Ltd.","20260220",1596.0,9.0,3031.75,1146.81,13.52,875.33,4014.6,"JPY",1.9,61.6,"",0,16.4,12.9,12.5,17.0,12.6,"Finance","Real Estate Services","",33.93,"",2025,69158.27,1629.0,786.0
"2976","NIPPON GRANDE CO LTD","20260220",739.0,"","","",-1.07,1432.09,-20.6,"JPY",-512.7,57.9,"",0,-6.2,2.4,5.9,5.9,"","Finance","Real Estate Services","",1.34,"",2025,2690.0,756.0,622.0
"2978","TSUKURUBA INC","20260220",452.0,-3.0,370.47,121.11,7.28,169.53,140.7,"JPY",37.5,31.2,"",0,8.0,8.5,-17.3,-74.3,"","Commercial Services","Real Estate Services","",11.39,"",2025,8099.0,831.0,410.0
"2979","SOSiLA Logistics REIT Inc.","20260220",127100.0,0.0,122868.12,40165.81,3.78,108231.29,2989.8,"JPY",117.7,90.0,"",0,4.7,4.5,4.4,4.7,"","Real Estate","REIT - Industrial","",0.73,"",2025,0.0,136100.0,104200.0
"297A","ALPICO HOLDINGS CO LTD","20260220",252.0,19.0,980.64,320.57,16.01,204.16,2324.5,"JPY",550.6,0.0,"",0,23.7,21.6,3.8,-35.6,"","Commercial Services","Miscellaneous Commercial Services","",71.11,"",2025,103836.0,270.0,200.0
"2980","SRE HLDGS CORP","20260220",2789.0,1.0,3009.51,1080.01,12.81,854.9,1765.7,"JPY",29.8,39.5,"",0,13.3,12.5,10.9,12.0,"","Finance","Real Estate Services","",16.12,"",2025,26690.0,3975.0,2418.0
"2981","LANDIX INC","20260220",2281.0,20.0,8926.2,3298.74,18.91,1471.78,1577.7,"JPY",0.5,59.0,"",0,19.7,11.8,18.5,19.2,"","Finance","Real Estate - Development","",5.67,"",2025,20267.0,2970.0,1190.0
"2982","AD WORKS GRP CO LTD","20260220",413.0,11.0,961.31,335.99,10.15,385.73,1901.8,"JPY",159.7,25.7,16.0,0,9.2,8.4,3.8,2.4,"","Finance","Real Estate Services","",48.58,"",2024,49910.0,519.0,205.0
"2983","ARR PLANNER CO LTD","20260220",2010.0,10.0,4385.71,1433.7,27.54,530.83,1559.9,"JPY",7.2,57.7,25.0,0,33.2,5.8,9.1,42.5,"","Consumer Durables","Real Estate - Development","",10.67,"",2025,40185.0,2217.0,551.5
"2984","YAMAICHI UNIHEIM REAL ESTATE CO LTD","20260220",763.0,15.0,2263.88,740.07,4.75,1590.05,644.5,"JPY",147.1,7.6,"",0,5.8,11.5,16.4,26.9,"","Finance","Real Estate - Development","",8.54,"",2025,20909.0,788.0,631.0
"2986","LA HOLDINGS CO LTD","20260220",9780.0,10.0,19894.4,7437.45,24.37,2373.3,4419.1,"JPY",-1.6,68.6,335.0,0,31.1,29.8,35.1,45.2,"","Finance","Real Estate Services","",7.64,"",2024,44707.0,10740.0,5800.0
"2989","Tokaido REIT Inc.","20260220",111500.0,6.0,181031.25,59179.44,5.82,103753.12,1931.0,"JPY","",49.7,3311.0,0,6.9,6.9,7.8,"","","Real Estate","REIT - Diversified","",0.32,"",2025,0.0,119400.0,97000.0
"298A","GVA TECH INC","20260220",358.0,"","","",-69.21,130.86,-419.4,"JPY","",0.0,"",0,-160.1,"","","","","Technology Services","Packaged Software","",4.63,"",2024,1165.42,930.0,430.0
"2991","LANDNET INC","20260220",636.0,19.0,2470.71,807.68,17.8,462.8,1972.5,"JPY",45.2,33.1,"",0,24.0,22.5,14.0,17.1,21.5,"Finance","Real Estate Services","",23.95,"",2025,95992.0,823.5,432.5
"2993","CHOEI INC","20260220",2615.0,7.0,4416.59,1443.79,5.39,2730.43,643.4,"JPY",355.1,29.0,"",0,5.2,9.3,15.6,12.9,"","Finance","Real Estate Services","",4.37,"",2025,10018.0,2500.0,1921.0
"2997","STORAGE-OH CO LTD","20260220",931.0,14.0,2732.39,893.22,13.58,605.41,152.1,"JPY",116.1,0.0,"",0,14.5,11.9,15.7,16.6,"","Transportation","Real Estate Services","",1.85,"",2025,4262.0,1275.0,751.0
"2998","CREAL INC","20260220",761.0,4.0,1053.52,344.4,20.14,174.4,1061.6,"JPY",25.0,37.5,"",0,35.5,20.7,32.2,13.3,"","Technology Services","Asset Management","",30.23,"",2025,41823.0,1554.0,602.0
"2999","Home Position Co.,Ltd.","20260220",474.0,17.0,1675.96,547.87,9.06,616.35,522.9,"JPY",-4.9,62.5,"",0,12.6,-16.8,2.9,15.2,15.9,"Consumer Durables","Residential Construction","",9.36,"",2025,17364.0,622.0,281.0
"299A","DELY INC","20260220",1024.0,3.0,1245.69,407.22,16.19,256.4,1715.7,"JPY","",0.0,"",0,19.0,20.0,"","","","Technology Services","Packaged Software","",41.32,"",2025,13101.68,2285.0,896.0
"3001","KATAKURA INDUSTRIES CO","20260220",3095.0,-7.0,1808.05,591.05,2.22,2714.96,1909.9,"JPY",31.0,50.9,60.0,0,2.2,5.1,2.6,2.5,"","Health Technology","Conglomerates","",31.69,"",2024,39424.0,3215.0,1851.0
"3002","GUNZE LTD","20260220",4635.0,2.0,5231.84,1710.3,4.72,3691.05,5631.2,"JPY",-13.7,80.6,"",0,4.5,6.4,3.7,2.4,"","Process Industries","Apparel Manufacturing","",32.29,"",2025,137117.0,4640.0,2283.0
"3003","Hulic Co., Ltd.","20260220",2038.5,8.0,3718.81,1320.59,11.91,1202.86,108823.3,"JPY",105.8,33.9,"",0,13.2,13.8,13.9,13.3,15.1,"Finance","Real Estate Services","",759.32,"",2025,727447.0,2056.5,1321.5
"3004","SHINYEI KAISHA","20260220",2695.0,18.0,9526.91,3316.92,14.02,2240.82,1231.4,"JPY",57.9,28.1,"",0,16.9,36.2,33.5,18.3,"","Producer Manufacturing","Conglomerates","",3.92,"",2025,40158.0,2694.0,1402.0
"3010","POLARIS HOLDINGS CO LTD","20260220",191.0,5.0,284.45,92.99,9.48,121.15,2685.5,"JPY",314.5,0.0,"",0,38.0,99.6,-123.0,"","","Consumer Services","Real Estate - Diversified","",233.82,"",2025,27881.0,254.0,148.0
"3011","BANNERS CO LTD","20260220",155.0,14.0,450.49,147.27,8.72,172.24,229.9,"JPY",1.1,65.6,"",0,10.1,7.8,6.7,7.0,"","Retail Trade","Auto & Truck Dealerships","",15.31,"",2025,5601.0,190.0,117.0
"3020","Applied Co. Ltd.","20260220",4280.0,23.0,19685.65,7280.46,15.54,4385.19,1840.0,"JPY",4.3,55.3,"",0,17.2,15.5,14.4,17.8,"","Technology","Electronics & Computer Distribution","",2.7,"",2025,47288.0,4765.0,2340.0
"3021","PACIFIC NET CO. LTD","20260220",2307.0,6.0,3609.91,1293.77,17.51,642.21,591.5,"JPY",298.5,44.3,"",0,17.3,15.9,13.3,8.7,"","Finance","Computer Hardware","",5.26,"",2025,8099.0,2195.0,1000.0
"3023","RASA CORPORATION","20260220",2336.0,12.0,5768.49,1885.73,9.42,2041.18,2059.4,"JPY",8.5,64.2,"",0,9.5,9.8,11.0,11.0,"","Distribution Services","Other Industrial Metals & Mining","",10.71,"",2025,26568.0,2502.0,1209.0
"3024","Create Corp.","20260220",1229.0,14.0,3544.23,1158.62,8.65,1365.38,460.8,"JPY",21.6,52.6,"",0,9.7,4.3,9.2,4.2,"","Industrials","Metal Fabrication","",3.9,"",2025,36550.0,1294.0,862.0
"3028","ALPEN CO LTD","20260220",2205.0,13.0,5739.45,1876.24,6.06,3154.74,7346.5,"JPY",-90.0,66.1,"",0,6.8,3.8,6.9,5.6,"","Consumer Durables","Specialty Retail","",38.4,"",2025,268655.0,2507.0,2137.0
"302A","B STYLE HOLDINGS INC","20260220",1186.0,12.0,2917.72,953.81,11.6,871.14,146.5,"JPY","",0.0,"",0,31.7,125.3,"","","","Commercial Services","Personnel Services","",1.45,"",2025,11214.03,1578.0,1070.0
"3030","HUB CO. LTD","20260220",1001.0,4.0,1109.98,362.85,16.08,230.05,465.5,"JPY",59.0,20.5,"",0,19.5,15.3,-19.3,-76.1,"","Consumer Services","Restaurants","",12.58,"",2025,10715.0,1104.0,689.0
"3031","RACCOON HOLDINGS INC","20260220",646.0,10.0,1034.5,409.8,19.77,225.38,906.1,"JPY",15.1,82.2,"",0,20.0,6.0,15.2,15.5,"","Retail Trade","Internet Retail","",20.33,"",2025,6098.0,976.0,603.0
"3032","GOLFI?￥DO CO. LTD","20260220",338.0,-20.0,57.33,18.74,4.73,40.43,38.9,"JPY",140.3,2.6,"",0,-1.0,-5.9,5.3,46.9,"","Retail Trade","Specialty Retail","",20.33,"",2025,5917.0,"",""
"3034","QOL HOLDINGS CO LTD","20260220",1896.0,11.0,4160.42,1518.26,11.02,1522.04,6294.7,"JPY",29.9,44.1,"",0,11.7,10.8,14.1,14.3,"","Retail Trade","Pharmaceutical Retailers","",37.53,"",2025,263972.0,2404.0,1541.0
"3035","KTK Inc.","20260220",665.0,12.0,1693.13,553.49,6.88,819.96,308.2,"JPY",20.2,54.1,"",0,7.0,7.9,7.4,9.2,9.8,"Industrials","Business Equipment & Supplies","",5.46,"",2025,18927.0,714.0,474.0
"3036","ALCONIX CORPORATION","20260220",3070.0,7.0,5190.38,1696.74,7.46,2320.24,5197.3,"JPY",88.4,21.5,"",0,7.3,5.1,9.1,17.2,"","Producer Manufacturing","Other Industrial Metals & Mining","",30.04,"",2025,197004.0,3215.0,1339.0
"3038","Kobe Bussan Co., Ltd.","20260220",3736.0,1.0,4103.81,1516.1,18.11,728.57,29236.9,"JPY",5.1,57.8,"",0,25.1,21.4,25.4,27.4,33.3,"Retail Trade","Grocery Stores","",221.53,"",2025,551701.0,4922.0,3297.0
"303A","VISUMO INC","20260220",864.0,-5.0,596.94,195.14,6.27,317.45,32.6,"JPY","",0.0,"",0,13.1,3.4,"","","","Commercial Services","Advertising/Marketing Services","",1.64,"",2025,829.12,1435.0,814.0
"3040","SOLITON SYSTEMS K.K.","20260220",2087.0,6.0,3212.57,1198.44,16.64,661.87,2041.8,"JPY",-18.3,60.0,54.0,0,15.7,20.3,17.5,26.3,"","Technology Services","Software - Infrastructure","",18.54,"",2024,18606.0,2200.0,1058.0
"3041","BEAUTY KADAN HOLDINGS CO LTD","20260220",488.0,"","","",-5.47,148.78,-33.4,"JPY",700.0,34.5,"",0,-10.3,6.8,18.6,22.4,"","Process Industries","Personal Services","",4.1,"",2025,7602.0,613.0,300.0
"3042","SecuAvail Inc.","20260220",349.0,-2.0,309.17,101.07,6.68,154.23,79.3,"JPY","",0.0,"",0,3.8,-14.6,-3.6,-10.1,"","Technology","Software - Infrastructure","",7.69,"",2025,1149.0,438.0,223.0
"3046","JINS HOLDINGS Inc.","20260220",5230.0,12.0,10034.19,3280.19,24.59,1359.98,7806.6,"JPY",-12.5,63.7,"",0,34.5,23.9,12.8,12.0,22.2,"Health Technology","Medical Instruments & Supplies","",23.34,"",2025,97215.0,10330.0,4920.0
"3047","TRUCK-ONE CO","20260220",590.0,-9.0,281.56,92.04,18.33,51.2,219.1,"JPY",48.6,34.4,"",0,18.9,11.2,14.2,9.9,"","Retail Trade","Auto & Truck Dealerships","",23.34,"",2024,6546.0,630.0,282.0
"3048","BIC Cameras Inc.","20260220",1780.5,6.0,2755.84,1053.3,11.55,984.55,19463.8,"JPY",-89.3,63.6,"",0,12.8,12.6,7.2,8.3,7.9,"Distribution Services","Specialty Retail","",171.22,"",2025,974483.0,1801.5,1354.5
"304A","FORCIA INC","20260220",1800.0,6.0,2794.7,913.59,5.91,1576.55,114.6,"JPY","",0.0,"",0,9.2,7.4,"","","","Technology Services","Information Technology Services","",1.23,"",2025,2310.22,2749.0,1411.0
"3050","DCM HOLDINGS CO LTD","20260220",1701.0,12.0,4332.63,1416.34,7.32,1972.52,19351.0,"JPY",69.4,38.2,"",0,7.6,7.7,7.9,9.1,"","Retail Trade","Home Improvement Retail","",133.99,"",2025,544602.0,1719.0,1259.0
"3054","HYPER INC","20260220",268.0,16.0,877.95,287.0,9.68,302.17,282.7,"JPY",-18.4,50.0,7.0,0,7.9,2.3,-3.0,-1.5,"","Distribution Services","Computer Hardware","",9.66,"",2024,12409.0,356.0,242.0
"3055","HOKUYAKU TAKEYAMA HOLDINGS INC","20260220",927.0,16.0,2988.84,977.06,3.38,2949.21,2089.2,"JPY",91.9,16.7,"",0,3.9,3.8,4.3,4.5,"","Distribution Services","Medical Distribution","",20.97,"",2025,289534.0,939.0,742.0
"3058","Sanyodo Holdings Inc.","20260220",689.0,-1.0,619.78,202.61,5.33,387.36,150.4,"JPY",-331.6,50.0,"",0,7.9,4.4,-7.8,1.3,"","Consumer Cyclical","Specialty Retail","",7.28,"",2025,16605.0,709.0,655.0
"3059","HIRAKI CO.LTD","20260220",833.0,"","","",-3.38,1331.01,-219.4,"JPY","",10.5,"",0,-2.2,-0.2,1.5,6.6,"","Retail Trade","Footwear & Accessories","",4.87,"",2025,12960.0,920.0,828.0
"3063","J GROUP HOLDINGS CORP","20260220",856.0,-2.0,735.49,240.43,14.05,155.24,268.5,"JPY","",0.0,"",0,17.7,25.5,-120.9,-1356.5,"","Consumer Services","Restaurants","",12.31,"",2025,10742.0,849.0,620.0
"3064","MonotaRO Co., Ltd.","20260220",2075.0,-1.0,1851.33,605.2,25.03,246.56,30664.9,"JPY",14.1,60.6,"",0,31.3,30.6,31.3,32.9,37.6,"Distribution Services","Internet Retail","",496.91,"",2025,333880.0,3128.0,1876.5
"3065","Life Foods Co. Ltd.","20260220",1653.0,10.0,3534.47,1155.42,21.64,544.34,364.1,"JPY",-545.1,50.0,"",0,39.6,-17.5,-13.4,4.6,"","Consumer Cyclical","Restaurants","",3.09,"",2025,9783.0,1706.0,1616.0
"3066","JB ELEVEN CO. LTD.","20260220",644.0,8.0,1190.26,389.1,5.78,686.69,122.2,"JPY",1047.2,0.0,"",0,12.6,10.7,-26.1,-56.4,"","Consumer Services","Restaurants","",3.08,"",2025,7969.0,"",""
"3067","Tokyo Ichiban Foods Co., Ltd.","20260220",463.0,-2.0,407.96,133.36,7.27,187.11,121.3,"JPY",131.6,0.0,"",0,6.9,9.5,11.3,14.1,7.6,"Consumer Services","Restaurants","",8.92,"",2025,7250.0,485.0,400.0
"3068","WDI Corp.","20260220",3255.0,-6.0,2063.82,674.67,6.7,1026.68,430.7,"JPY",243.2,0.0,"",0,1.1,13.6,-3.6,-38.8,"","Consumer Cyclical","Restaurants","",6.26,"",2025,31952.0,3465.0,2705.0
"3069","JFLA Holdings Inc.","20260220",176.0,10.0,363.51,118.83,8.19,147.87,584.4,"JPY",-715.6,50.0,"",0,8.8,1.7,-14.7,-12.8,"","Consumer Cyclical","Restaurants","",48.23,"",2025,65207.0,180.0,127.0
"3070","AMAGASA Co. Ltd.","20260220",94.0,"","","",-237.63,2.93,-487.2,"JPY","",0.0,"",0,-474.3,-502.6,-212.5,-1233.8,"","Consumer Cyclical","Apparel Retail","",70.05,"",2025,831.0,323.0,67.0
"3071","STREAM CO.LTD.","20260220",105.0,9.0,213.55,69.81,6.8,104.63,196.8,"JPY",1.3,66.0,3.0,0,6.3,3.5,8.7,24.4,"","Distribution Services","Internet Retail","",27.64,"",2025,30296.0,128.0,89.0
"3073","DD GROUP CO LTD","20251120",1690.0,11.0,4021.11,1314.51,30.01,446.58,2428.8,"JPY",0.1,66.3,"",0,28.2,73.2,13.6,"","","Consumer Services","Restaurants","",18.12,"",2025,38578.0,2516369152.0,1103.0
"3075","Choushimaru Co. Ltd.","20260220",1672.0,1.0,1811.21,636.46,11.15,629.52,877.7,"JPY",55.1,28.9,"",0,10.2,15.1,7.4,15.9,"","Consumer Cyclical","Restaurants","",12.5,"",2025,20865.6,1662.0,1300.0
"3076","AI HOLDINGS CORPORATION","20260220",2813.0,7.0,4985.87,1629.89,8.08,2056.37,8853.3,"JPY",79.2,29.1,"",0,11.3,25.3,13.8,14.2,"","Electronic Technology","Conglomerates","",53.27,"",2025,66197.0,2906.0,1793.0
"3077","Horiifoodservice Co. Ltd.","20260220",518.0,14.0,1470.59,480.74,60.81,80.61,288.2,"JPY",-68.6,54.4,"",0,7.7,"","","","","Consumer Cyclical","Restaurants","",5.88,"",2025,4770.0,1000.0,294.0
"3079","DVX INC.","20260220",1229.0,-1.0,1126.0,368.09,4.32,869.24,394.1,"JPY",42.1,45.5,"",0,4.5,5.0,10.9,10.9,"","Distribution Services","Medical Devices","",10.5,"",2025,50321.0,1820.0,835.0
"3080","Jason Co. Ltd.","20260220",847.0,0.0,871.43,284.87,5.91,491.8,372.1,"JPY",34.9,45.9,"",0,6.2,11.0,11.9,12.1,"","Consumer Defensive","Discount Stores","",12.81,"",2025,28297.0,841.0,623.0
"3082","KICHIRI HOLDINGS & CO LTD","20260220",930.0,-1.0,848.76,277.46,16.07,176.02,319.7,"JPY",145.1,0.0,"",0,17.9,115.0,-1.7,-24.7,"","Consumer Services","Restaurants","",11.3,"",2025,15056.0,996.0,791.0
"3083","CsMEN Co. Ltd.","20260220",726.0,"","","",-81.63,84.47,-466.1,"JPY","",0.0,"",0,-86.3,-23.4,-26.5,-7.6,"","Consumer Cyclical","Apparel Retail","",6.76,"",2025,5110.0,1083.0,527.0
"3086","J.FRONT RETAILING","20260220",2626.0,4.0,3629.57,1186.51,7.35,1645.96,30111.0,"JPY",-272.9,68.2,"",0,10.0,8.9,6.4,1.8,"","Retail Trade","Department Stores","",248.88,"",2025,441877.0,2796.0,1553.0
"3087","DOUTOR NICHIRES HOLDINGS CO LTD","20260220",2975.0,6.0,4857.08,1587.79,6.54,2475.06,6803.2,"JPY",-63.7,65.3,"",0,7.2,6.0,3.1,-3.9,"","Consumer Services","Restaurants","",42.02,"",2025,148822.0,2986.0,2163.0
"3088","MATSUKIYOCOCOKARA & CO","20260220",2595.0,6.0,3288.03,1245.15,10.77,1308.86,56071.7,"JPY",11.6,58.5,"",0,11.1,10.7,9.1,12.1,"","Retail Trade","Pharmaceutical Retailers","",397.9,"",2025,1061626.0,3393.0,2258.0
"3089","Techno Alpha Co. Ltd.","20260220",1236.0,23.0,5595.25,2102.34,15.44,1306.21,356.9,"JPY",5.9,61.5,"",0,21.0,11.9,9.8,15.3,7.8,"Technology","Semiconductor Equipment & Materials","",1.77,"",2025,4522.0,1514.0,800.0
"3091","Bronco Billy Co., Ltd.","20260220",3940.0,-2.0,3473.5,1185.77,9.75,1458.43,2116.3,"JPY",149.7,16.3,"",0,11.0,10.2,25.0,"","","Consumer Services","Restaurants","",14.89,"",2025,30219.0,4115.0,3305.0
"3092","ZOZO INC","20260220",1080.5,5.0,1544.66,504.95,46.12,111.63,45533.0,"JPY",13.0,68.4,"",0,53.7,57.0,72.1,62.9,"","Retail Trade","Internet Retail","",884.33,"",2025,213131.0,1649.5,1130.0
"3093","TREASURE FACTORY CO LTD","20260220",1796.0,9.0,3527.11,1153.02,26.46,444.33,2755.9,"JPY",41.9,40.3,"",0,33.5,34.0,37.7,21.1,"","Retail Trade","Specialty Retail","",23.44,"",2025,42207.0,2133.0,1551.0
"3096","Ocean System Corp.","20260220",1716.0,11.0,3777.21,1380.38,12.13,1190.54,1358.5,"JPY",20.1,46.2,"",0,13.2,15.6,9.8,13.0,"","Consumer Defensive","Grocery Stores","",9.41,"",2025,91061.0,1789.0,1044.0
"3097","MONOGATARI CORPORATION","20260220",5010.0,2.0,5120.24,1673.82,16.33,1045.32,6576.1,"JPY",81.8,18.4,"",0,21.8,24.8,22.5,22.2,"","Consumer Services","Restaurants","",38.53,"",2025,123921.0,4965.0,2960.0
"3099","三越伊勢丹控股","20260220",2984.5,6.0,4849.98,1585.47,9.46,1708.08,56967.9,"JPY",-28.8,65.4,"",0,10.4,11.4,7.0,2.4,"","Retail Trade","Department Stores","",352.38,"",2025,555517.0,3255.0,1602.0
"3101","東洋紡織","20260220",1595.0,8.0,3018.39,986.72,4.55,2213.42,8878.1,"JPY",258.6,33.4,"",0,2.8,2.0,2.7,11.4,"","Process Industries","Specialty Chemicals","",88.24,"",2025,422032.0,1583.0,808.0
"3103","尤尼吉可","20260220",1236.0,20.0,5226.46,1708.54,64.53,269.98,10045.3,"JPY",-194.0,56.8,"",0,41.4,-2.1,1.0,13.3,"","Process Industries","Specialty Chemicals","",57.66,"",2025,126411.0,1372.0,124.0
"3104","FUJIBO HOLDINGS INC","20260220",10410.0,3.0,10360.53,3743.28,10.24,4214.83,4859.8,"JPY",58.3,38.9,"",0,10.3,5.0,8.6,12.3,"","Process Industries","Textile Manufacturing","",11.26,"",2025,42912.0,10450.0,4005.0
"3105","日清紡","20260220",1711.5,9.0,3325.28,1087.04,6.43,1725.04,17313.6,"JPY",-59.4,68.3,36.0,0,4.3,6.7,5.6,11.9,"","Producer Manufacturing","Conglomerates","",156.2,"",2024,494746.0,1756.5,732.2
"3106","KURABO INDUSTRIES","20260220",9760.0,5.0,14472.34,4731.03,6.69,7212.76,8012.9,"JPY",87.8,43.4,"",0,7.7,6.4,8.2,6.4,"","Process Industries","Conglomerates","",16.61,"",2025,150660.0,10670.0,4840.0
"3107","DAIWABO HOLDINGS CO LTD","20260220",3027.0,14.0,8249.08,3132.64,17.21,1728.27,26176.8,"JPY",-35.8,67.2,"",0,17.1,15.5,14.6,13.0,"","Distribution Services","Electronics & Computer Distribution","",88.0,"",2025,1136817.0,3327.0,2083.5
"3109","SHIKIBO LTD","20260220",1112.0,6.0,1775.53,580.42,2.13,2774.63,751.1,"JPY",-5.2,78.4,"",0,2.1,2.5,5.7,2.6,"","Process Industries","Textile Manufacturing","",12.69,"",2025,39087.0,1170.0,874.0
"3110","日東紡織","20260220",21200.0,-14.0,6494.49,2123.06,6.08,3563.14,7882.2,"JPY",51.5,44.5,"",0,10.9,7.7,4.0,6.0,"","Process Industries","Textile Manufacturing","",36.41,"",2025,109035.0,20770.0,3025.0
"3111","OMIKENSHI CO LTD","20260220",254.0,"","","",-5.48,290.61,-105.1,"JPY",-297.8,50.0,"",0,-5.5,44.8,12.3,-8.7,"","Process Industries","Textile Manufacturing","",6.6,"",2025,3407.0,402.0,232.0
"3113","UNIVA OAK HOLDINGS LTD","20260220",71.0,"","","",-50.96,22.1,-908.2,"JPY","",0.0,"",0,-36.9,-15.6,-15.2,-19.1,"","Finance","Asset Management","",80.63,"",2025,2882.0,116.0,59.0
"3116","TOYOTA BOSHOKU CORP","20260220",3224.0,12.0,6158.58,2318.08,10.5,2505.15,46969.5,"JPY",17.2,55.8,"",0,10.4,14.6,3.2,12.4,"","Producer Manufacturing","Auto Parts","",178.6,"",2025,1954218.0,3207.0,1650.0
"3121","MBK Co., Ltd.","20260220",220.0,"","","",-0.97,161.73,-45.0,"JPY","",15.0,"",0,-1.1,2.4,-1.8,5.5,"","Finance","Asset Management","",28.77,"",2025,3383.0,379.0,189.0
"3123","SAIBO CO LTD","20260220",682.0,17.0,2309.46,754.97,5.59,1376.03,992.3,"JPY",-8.8,62.4,"",0,5.3,6.0,5.2,2.8,"","Process Industries","Textile Manufacturing","",12.89,"",2025,10297.0,685.0,430.0
"3131","SHINDEN HIGHTEX CORPORATION","20260220",2959.0,16.0,9523.81,3113.35,8.1,3916.93,600.0,"JPY",-7.4,65.2,"",0,9.1,4.9,14.1,12.7,"","Electronic Technology","Electronics & Computer Distribution","",1.89,"",2025,43745.0,3730.0,1672.0
"3132","MACNICA HOLDINGS INC","20260220",2629.0,6.0,4023.02,1315.13,9.49,1413.68,23943.7,"JPY",4.4,60.6,"",0,10.3,21.9,23.3,17.0,"","Distribution Services","Wholesale Distributors","",178.55,"",2025,1034180.0,2723.5,1560.5
"3133","KAIHAN CO LTD","20260220",374.0,"","","",-55.45,26.29,-821.3,"JPY","",0.0,"",0,-71.8,-215.9,-358.2,"","","Consumer Services","Restaurants","",56.33,"",2025,2791.0,1254.0,403.0
"3134","HAMEE CORP","20260220",469.0,25.0,2339.41,860.53,13.31,660.5,1406.2,"JPY",31.4,50.2,"",0,16.2,12.6,11.5,24.6,"","Retail Trade","Internet Retail","",16.0,"",2025,22895.0,1519.0,437.0
"3135","MARKETENTERPRISE CO LTD","20260220",1000.0,4.0,1363.07,457.58,15.22,254.02,206.9,"JPY",74.5,12.8,"",0,37.1,-6.0,-25.4,-27.3,"","Retail Trade","Internet Retail","",5.35,"",2025,24771.0,1952.0,1101.0
"3138","FUJISAN MAGAZINE SERVICE CO LTD","20260220",1019.0,4.0,1365.91,446.52,6.3,722.73,150.3,"JPY",-9.8,60.0,30.0,0,7.3,10.7,15.6,22.9,"","Technology Services","Internet Retail","",3.3,"",2024,5618.0,1209.0,600.0
"3139","Lacto Japan Co., Ltd.","20260220",3665.0,15.0,10232.5,3773.77,12.22,3254.46,3965.7,"JPY",23.4,49.9,"",0,15.6,12.7,9.1,11.7,11.1,"Distribution Services","Packaged Foods","",9.97,"",2025,182816.0,4360.0,2590.0
"3140","BRUNO INC","20260220",1037.0,-10.0,455.33,148.85,4.18,363.25,217.7,"JPY",-86.3,54.2,"",0,3.8,-6.4,"",11.8,16.0,"Consumer Durables","Furnishings, Fixtures & Appliances","",14.34,"",2025,14502.0,1138.0,990.0
"3141","WELCIA HOLDINGS CO LTD","20251126",3308.0,-1.0,3137.33,1141.87,10.76,1195.32,26754.7,"JPY",34.6,42.6,"",0,12.4,15.0,17.2,17.6,"","Retail Trade","Pharmaceutical Retailers","",207.99,"",2025,1285005.0,3345.0,2042.5
"3143","O WILL CORPORATION","20260220",735.0,16.0,2179.53,825.42,14.47,567.96,741.4,"JPY",-6.3,63.4,"",0,16.9,14.5,15.8,17.0,"","Health Technology","Food Distribution","",9.02,"",2025,39156.0,801.0,470.3333
"3148","CREATE SD HOLDINGS CO LTD","20260220",3300.0,10.0,6999.96,2402.04,11.69,2209.29,16691.0,"JPY",95.1,19.8,"",0,13.1,13.1,12.9,13.7,"","Retail Trade","Pharmaceutical Retailers","",64.6,"",2025,457093.0,3625.0,2657.0
"3150","GREMZ INC","20260220",2661.0,10.0,5753.24,1880.75,27.16,705.97,4430.0,"JPY",10.2,59.7,"",0,35.1,35.9,31.0,24.2,"","Producer Manufacturing","Solar","",23.1,"",2025,33340.0,2640.0,1910.0
"3151","VITAL KSK HOLDINGS INC","20260220",1398.0,6.0,2151.59,703.36,3.27,2190.53,3467.7,"JPY",-1.8,90.0,"",0,3.2,3.8,2.7,2.9,"","Distribution Services","Medical Distribution","",48.35,"",2025,600370.0,1473.0,1102.0
"3153","YASHIMA DENKI CO LTD","20260220",3395.0,3.0,4492.5,1710.29,12.49,1436.56,3824.3,"JPY",-0.8,63.2,"",0,13.2,11.6,8.8,6.7,"","Distribution Services","Industrial Distribution","",21.31,"",2025,66075.0,3655.0,1342.0
"3154","MEDIUS HLDG CO LTD","20260220",814.0,11.0,1892.66,618.72,6.85,920.73,1403.1,"JPY",94.0,20.2,"",0,7.1,5.0,8.1,13.0,"","Distribution Services","Medical Instruments & Supplies","",22.24,"",2025,288689.0,1002.0,780.0
"3156","RESTAR CORPORATION","20260220",3090.0,13.0,8097.17,2646.98,8.83,3056.29,7589.8,"JPY",8.9,79.2,"",0,13.9,6.5,10.8,5.5,"","Electronic Technology","Semiconductors","",28.12,"",2025,561001.0,3090.0,1842.0
"3157","GEOLIVE GROUP CORPORATION","20260220",1648.0,14.0,4735.8,1548.14,9.02,1750.34,2094.8,"JPY",82.4,18.4,"",0,7.1,8.9,16.8,15.3,"","Distribution Services","Building Materials","",13.27,"",2025,176115.0,1624.0,954.0
"3159","MARUZEN CHI HOLDINGS CO LTD","20260220",342.0,12.0,856.6,280.02,5.18,551.14,2642.6,"JPY",-8.6,53.9,6.0,0,3.3,5.3,4.6,6.0,"","Distribution Services","Specialty Retail","",92.55,"",2025,165557.0,363.0,297.0
"3160","OOMITSU CO.LTD","20260220",578.0,10.0,1025.37,349.5,9.66,440.87,616.1,"JPY",195.4,15.6,"",0,11.1,18.8,13.7,3.7,"","Distribution Services","Food Distribution","",14.46,"",2025,74880.0,612.0,544.0
"3161","AZEARTH CORPORATION","20260220",663.0,1.0,732.4,239.42,2.06,1185.29,139.4,"JPY",-51.7,71.4,"",0,2.0,2.8,6.4,4.3,"","Consumer Non-Durables","Textile Manufacturing","",5.71,"",2025,8027.0,738.0,623.0
"3166","OCHI HLDG CO LTD","20260220",1551.0,7.0,2632.54,860.58,4.87,1803.45,1143.4,"JPY",79.6,26.4,"",0,4.1,6.9,11.0,13.0,"","Distribution Services","Home Improvement Retail","",13.03,"",2025,117084.0,1528.0,1215.0
"3167","TOKAI HLDGS CORP","20260220",1205.0,12.0,2329.86,905.21,12.74,764.11,11912.2,"JPY",-20.9,71.2,"",0,13.1,12.7,10.2,13.3,"","Utilities","Conglomerates","",122.32,"",2025,243482.0,1211.0,886.0
"3168","MERF Inc.","20260220",1522.0,-30.0,92.26,30.16,0.47,651.84,43.5,"JPY",160.9,40.7,"",0,-2.2,6.9,2.0,6.7,32.0,"Non-Energy Minerals","Other Industrial Metals & Mining","",14.14,"",2025,82463.0,1239.0,462.0
"3172","TEA LIFE CO LTD","20260220",1153.0,9.0,2288.29,748.05,5.06,1506.09,325.7,"JPY",-21.3,72.3,15.0,0,5.0,5.1,8.6,10.0,12.9,"Distribution Services","Internet Retail","",4.27,"",2025,11502.0,1200.0,1045.0
"3173","COMINIX CO LTD","20260220",992.0,4.0,1388.21,453.81,4.07,1138.28,317.9,"JPY",74.9,32.5,"",0,4.5,7.8,10.5,3.7,"","Distribution Services","Tools & Accessories","",6.87,"",2025,30127.0,1040.0,782.0
"3174","Happiness & D Co., Ltd.","20260220",636.0,"","","",-212.94,76.95,-419.5,"JPY","",0.0,"",0,-51.9,-11.5,"","","","Retail Trade","Specialty Retail","",2.56,"",2025,8841.0,786.0,551.0
"3175","AP HOLDINGS CO LTD","20260220",996.0,-3.0,814.05,266.11,"","",345.7,"JPY","",0.0,"",0,256.4,-337.5,-240.4,356.0,"","Consumer Services","Restaurants","",12.74,"",2025,21072.0,1003.0,798.0
"3176","Sanyo Trading Co., Ltd.","20260220",1845.0,12.0,4574.11,1495.28,8.56,1781.33,4392.7,"JPY",4.8,61.7,"",0,9.5,12.0,11.8,11.8,14.2,"Distribution Services","Industrial Distribution","",28.81,"",2025,132703.0,1987.0,1210.0
"3177","ARIGATOU SERVICES COMPANY LIMITED","20260220",3850.0,24.0,21013.04,6869.2,21.43,3268.48,644.4,"JPY",40.6,39.7,"",0,26.4,24.8,26.7,21.2,"","Retail Trade","Specialty Retail","",0.92,"",2025,10608.0,4000.0,2585.0
"3178","CHIMNEY CO LTD","20260220",1305.0,7.0,2161.59,706.63,22.9,314.62,1389.9,"JPY",23.2,41.2,"",0,29.4,38.9,-24.7,69.0,"","Consumer Services","Restaurants","",19.29,"",2025,26219.0,1329.0,1107.0
"3179","SYUPPIN CO LIMITED","20260220",1331.0,12.0,3110.93,1160.76,20.89,472.44,2123.7,"JPY",8.1,64.3,"",0,29.5,35.8,31.2,34.5,"","Retail Trade","Internet Retail","",21.52,"",2025,52658.0,1372.0,968.0
"3180","BEAUTY GARAGE INC","20260220",1457.0,5.0,2174.05,740.53,12.5,608.37,953.4,"JPY",78.7,17.4,"",0,14.7,18.6,17.2,16.4,"","Distribution Services","Household & Personal Products","",12.54,"",2025,33721.0,1794.0,1301.0
"3181","KAITORI OKOKU CO LTD","20260220",883.0,12.0,2106.27,731.21,10.12,836.61,309.9,"JPY",59.1,23.1,"",0,11.1,15.0,12.9,7.4,"","Retail Trade","Specialty Retail","",3.66,"",2025,7822.0,1121.0,700.0
"3182","OISIX RA DAICHI INC","20260220",1385.0,7.0,2376.44,776.86,9.03,876.94,2751.1,"JPY",163.0,0.0,"",0,12.5,8.7,8.8,13.2,"","Retail Trade","Internet Retail","",34.73,"",2025,256009.0,1997.0,1014.0
"3183","WIN-PARTNERS CO LTD","20260220",1433.0,5.0,2120.06,693.05,8.39,842.16,2019.7,"JPY",5.0,80.0,"",0,8.5,7.7,7.2,9.2,"","Distribution Services","Medical Distribution","",28.58,"",2025,81410.0,1595.0,1125.0
"3184","INTERNATIONAL CONGLOMERATE DSB AUTO","20260220",4440.0,16.0,13649.98,4855.07,10.84,4959.52,1129.1,"JPY",43.7,33.5,"",0,12.7,14.6,12.0,14.9,"","Retail Trade","Auto & Truck Dealerships","",2.1,"",2025,38181.0,4645.0,3000.0
"3185","DREAM VISION CO LTD","20260220",236.0,"","","",-72.81,22.71,-303.6,"JPY","",0.0,"",0,-121.4,-120.7,-14.4,-16.8,"","Retail Trade","Internet Retail","",18.36,"",2025,4499.0,298.0,103.0
"3186","Nextage Co., Ltd.","20260220",3660.0,6.0,5971.64,2096.48,17.21,1012.71,13633.2,"JPY",51.5,35.1,"",0,18.8,13.3,20.9,34.1,32.4,"Retail Trade","Auto & Truck Dealerships","",78.2,"",2025,652072.0,3725.0,1289.0
"3187","miratap inc.","20260220",269.0,-2.0,224.59,73.42,4.67,160.39,135.5,"JPY",76.4,26.0,"",0,-2.0,21.2,24.7,33.5,"","Distribution Services","Internet Retail","",18.1,"",2025,16746.0,388.0,242.0
"3191","JOYFUL HONDA CO LTD","20260220",2165.0,8.0,4110.75,1343.81,6.78,2020.76,8258.5,"JPY",-17.4,70.1,"",0,7.0,7.4,"","","","Retail Trade","Home Improvement Retail","",60.27,"",2025,135737.0,2264.0,1834.0
"3192","SHIROHATO CO LTD","20260220",301.0,"","","",-2.02,331.08,-44.5,"JPY","",0.0,"",0,5.9,-4.5,3.2,-3.0,"","Retail Trade","Internet Retail","",6.66,"",2025,6274.0,378.0,188.0
"3193","ETERNAL HOSPITALITY GROUP CO LTD","20260220",3690.0,5.0,5439.39,1979.63,19.21,847.79,1877.3,"JPY",5.7,53.0,23.0,0,20.6,32.3,15.7,24.1,"","Consumer Services","Restaurants","",11.53,"",2025,46356.0,3580.0,2340.0
"3195","Generation Pass Co.,Ltd.","20260220",536.0,1.0,587.44,192.03,8.43,232.27,159.0,"JPY",6.5,46.8,"",0,9.0,-2.1,-1.0,20.7,4.5,"Retail Trade","Internet Retail","",8.12,"",2025,16552.0,1250.0,314.0
"3196","HOTLAND HOLDINGS CO LTD","20260220",1901.0,6.0,3097.51,1012.58,18.54,556.77,2195.1,"JPY",71.7,17.8,13.0,0,25.5,19.7,23.7,40.9,"","Consumer Services","Restaurants","",21.26,"",2024,46126.0,2293.0,1883.0
"3197","SKYLARK HOLDINGS CO LTD","20260220",3605.0,-6.0,2191.27,716.33,9.58,762.07,16617.1,"JPY",4.6,54.9,22.0,0,9.7,7.0,0.4,13.3,"","Consumer Services","Restaurants","",227.5,"",2024,401130.0,3764.0,2538.0
"3198","SFP HOLDINGS CO LTD","20260220",2300.0,-4.0,1802.23,677.48,16.86,382.98,1472.1,"JPY",-7.4,62.8,"",0,20.2,17.4,11.3,19.4,"","Consumer Services","Restaurants","",22.8,"",2025,30389.0,2330.0,1841.0
"3199","WATAHAN CO LTD","20260220",1476.0,11.0,3282.75,1073.14,9.13,1198.5,2121.8,"JPY",46.2,39.7,"",0,9.8,8.4,8.2,10.7,"","Distribution Services","Home Improvement Retail","",19.39,"",2025,133594.0,1738.0,1400.0
"319A","NEXT GENERATION TECHNOLOGY GROUP IN","20260220",10770.0,-17.0,2358.47,770.99,17.83,440.9,695.8,"JPY","",1.1,"",0,32.2,42.4,"","","","Finance","Financial Conglomerates","",8.85,"",2024,11051.0,12750.0,3380.0
"3201","Japan Wool Textile Co., Ltd.","20260220",2008.0,8.0,3823.48,1249.9,6.68,1908.03,8794.0,"JPY",60.4,35.1,"",0,7.2,8.6,7.4,7.7,7.6,"Process Industries","Textile Manufacturing","",69.0,"",2025,119377.0,2033.0,1297.0
"3202","DAITOBO CO LTD","20260220",140.0,-9.0,67.34,22.01,1.37,164.29,67.3,"JPY",-170.9,71.8,"",0,1.1,2.6,1.5,0.9,"","Finance","Textile Manufacturing","",29.96,"",2025,4106.0,133.0,94.0
"3204","TOABO CORPORATION","20260220",519.0,20.0,2215.01,724.09,4.86,1519.59,652.0,"JPY",82.9,23.4,14.0,0,6.3,7.4,2.9,2.7,"","Process Industries","Conglomerates","",8.83,"",2024,18419.0,557.0,368.0
"3205","DAIDOH LIMITED","20260220",1273.0,-2.0,1092.54,357.15,8.59,424.1,991.3,"JPY","",0.0,"",0,4.5,3.0,-42.9,-16.7,"","Consumer Non-Durables","Apparel Manufacturing","",27.22,"",2025,28609.0,1386.0,676.0
"3221","YOSSIX HOLDINGS CO LTD","20260220",3550.0,6.0,5717.4,2067.22,16.81,1116.76,1926.1,"JPY",20.3,47.1,"",0,18.6,19.4,16.4,30.5,"","Consumer Services","Restaurants","",10.26,"",2025,22905.0,3525.0,2357.0
"3222","UNITED SUPER MARKETS HLDGS INC","20260220",968.0,-15.0,262.73,85.89,0.84,1039.61,1712.9,"JPY",677.0,24.0,"",0,0.0,2.8,2.8,5.5,"","Retail Trade","Department Stores","",195.58,"",2025,811272.0,1049.0,782.0
"3223","SLD ENTERTAINMENT INC","20260220",996.0,15.0,2969.17,970.63,31.07,318.59,154.4,"JPY",-94.6,50.0,"",0,41.6,77.9,-40.0,"","","Consumer Services","Restaurants","",1.56,"",2025,3661.0,1330.0,767.0
"3224","GENERAL OYSTER INC","20260220",832.0,-31.0,18.84,6.16,0.51,295.6,7.2,"JPY",306.9,0.0,"",0,1.2,2.4,17.0,"","","Consumer Services","Restaurants","",4.77,"",2025,3926.0,933.0,570.0
"3226","Nippon Accommodations Fund Inc.","20260220",140500.0,-3.0,109999.4,35959.0,6.07,60439.29,9240.0,"JPY",10.4,90.0,"",0,7.5,7.7,7.1,6.8,"","Real Estate","REIT - Residential","",2.52,"",2025,0.0,141700.0,106700.0
"3231","NOMURA REAL ESTATE HOLDINGS INC","20260220",1118.0,11.0,2090.02,733.51,10.01,877.68,75103.8,"JPY",115.6,27.0,"",0,11.2,10.7,11.4,9.7,"","Finance","Real Estate Services","",854.73,"",2025,757638.0,1133.0,780.0
"3232","MIE KOTSU GROUP HOLDINGS INC","20260220",586.0,15.0,1772.94,579.58,9.45,625.08,5940.5,"JPY",-42.2,60.2,"",0,10.3,10.2,10.6,5.8,"","Retail Trade","Conglomerates","",100.52,"",2025,103849.0,594.0,442.0
"3234","Mori Hills REIT Investment Corp.","20260220",145400.0,1.0,160319.31,52408.67,4.99,107111.86,10260.4,"JPY",-88.1,90.0,3100.0,0,6.1,6.2,6.4,5.5,"","Real Estate","REIT - Diversified","",1.92,"",2025,0.0,151800.0,126900.0
"3237","INTRANCE CO.LTD","20260220",67.0,"","","",-50.37,15.81,-370.2,"JPY","",0.0,"",0,-41.3,-23.5,-40.0,15.0,"","Finance","Real Estate Services","",46.49,"",2025,825.0,125.0,59.0
"3238","CENTRAL GENERAL DEVELOPMENT CO.LTD","20260220",426.0,18.0,1644.38,537.55,5.14,1067.12,526.8,"JPY",109.9,15.2,"",0,4.6,10.0,10.1,8.8,"","Finance","Real Estate Services","",9.61,"",2025,30883.0,507.0,376.0
"323A","FLIER INC","20260220",441.0,"","","",-36.28,66.08,-82.0,"JPY","",0.0,"",0,25.6,-136.0,"","","","Technology Services","Internet Software/Services","",3.42,"",2025,948.0,1091.0,407.0
"3241","WILL CO.LTD","20260220",584.0,17.0,1887.02,703.41,15.62,429.78,775.5,"JPY",12.8,58.4,21.0,0,16.0,17.6,16.2,15.6,"","Finance","Real Estate Services","",11.55,"",2024,13213.0,637.0,400.0
"3242","Urbanet Corp. Co. Ltd.","20260220",563.0,18.0,1886.33,704.62,14.53,482.0,2520.1,"JPY",24.9,57.9,"",0,12.3,11.8,11.0,10.9,"","Real Estate","Real Estate - Diversified","",35.99,"",2025,33933.0,633.0,411.0
"3245","Dear Life Co., Ltd.","20260220",1100.0,11.0,2466.62,953.96,15.25,645.27,4284.2,"JPY",2.1,71.8,"",0,20.3,12.5,20.2,24.5,19.1,"Finance","Real Estate Services","",43.54,"",2025,78505.0,1446.0,925.0
"3246","KOSE R.E. CO.LTD","20260220",667.0,9.0,1365.5,446.39,4.53,1004.72,462.5,"JPY",48.7,40.1,24.0,0,3.3,13.5,15.1,11.6,"","Finance","Real Estate - Diversified","",10.16,"",2025,7648.0,766.0,577.0
"3248","Early Age Co., Ltd.","20260220",866.0,16.0,2771.7,906.07,6.22,1486.48,293.8,"JPY",278.5,19.6,"",0,6.1,12.7,8.3,10.0,7.2,"Finance","Real Estate - Diversified","",3.18,"",2025,3289.0,938.0,700.0
"3249","Industrial & Infrastructure Fund Investment Corp.","20260220",152000.0,-1.0,138275.79,45202.6,4.76,96893.31,11707.4,"JPY",290.2,90.0,4310.0,0,7.6,6.9,5.4,6.3,"","Real Estate","REIT - Diversified","",2.54,"",2025,0.0,158900.0,110900.0
"324A","BOOKING RESORT CO LTD","20260220",1031.0,4.0,1441.62,471.27,14.94,321.66,284.0,"JPY","",0.0,"",0,34.2,38.7,"","","","Commercial Services","Miscellaneous Commercial Services","",5.91,"",2025,1456.0,1971.0,918.0
"3252","JINUSHI CO LTD","20260220",3365.0,8.0,6303.7,2060.69,9.75,2155.03,4345.4,"JPY",66.2,31.8,110.0,0,19.5,10.5,17.9,12.9,"","Finance","Real Estate Services","",20.68,"",2024,57068.0,3640.0,1750.0
"3254","Pressance Corp.","20250411",2383.0,35.0,25963.22,8487.42,9.13,9481.45,17776.2,"JPY","",11.4,"",0,11.2,10.9,9.6,"","","Real Estate","Real Estate - Development","",20.54,"",2024,180745.0,2413.0,0.0
"325A","TENTIAL INC","20260220",4125.0,-1.0,3873.23,1266.17,19.64,657.34,914.1,"JPY","",0.0,"",0,136.2,84.0,"","","","Consumer Non-Durables","Apparel/Footwear","",7.08,"",2025,19245.33,6540.0,1821.0
"3260","ESPOIR CO. LTD.","20260220",579.0,"","","","","",-144.3,"JPY","",0.0,"",0,-361.0,"",3.4,-3.5,"","Finance","Real Estate Services","",7.06,"",2025,306.0,"",""
"3261","GRANDES INC","20260220",516.0,8.0,987.07,322.68,4.87,675.85,134.9,"JPY",12.6,59.2,15.0,0,12.3,0.2,8.2,9.9,"","Finance","Real Estate Services","",4.1,"",2024,4226.0,1231.0,501.0
"3264","Ascot Corp.","20250509",259.0,76.0,18273.54,7350.12,11.53,6866.1,3246.0,"JPY",-37.1,84.4,"",0,12.0,2.2,3.9,1.7,"","Real Estate","Real Estate - Diversified","",4.1,"",2024,36787.0,260.0,0.0
"3266","Fund Creation Group Co., Ltd.","20260220",100.0,11.0,237.74,77.72,9.02,87.83,298.2,"JPY",58.4,30.5,"",0,10.7,6.8,6.9,9.2,6.3,"Finance","Asset Management","",37.63,"",2025,5842.0,148.0,65.0
"3267","Phil Company, Inc.","20260220",1088.0,5.0,1658.35,599.35,10.68,622.72,357.2,"JPY",40.9,39.8,"",0,13.4,9.6,1.6,4.4,16.8,"Consumer Services","Engineering & Construction","",5.37,"",2025,8233.0,1205.0,597.0
"3269","Advance Residence Investment Corp.","20260220",170200.0,-3.0,137293.6,44881.52,5.32,85985.98,13042.9,"JPY",50.3,90.0,3170.0,0,6.2,6.9,6.8,6.5,"","Real Estate","REIT - Residential","",2.85,"",2025,0.0,176100.0,138600.0
"3271","THE GLOBAL LTD.","20260220",928.0,17.0,3350.71,1095.35,29.13,383.36,3162.0,"JPY",2.9,48.5,"",0,46.2,52.1,47.1,12.3,"","Consumer Durables","Real Estate - Diversified","",28.31,"",2025,61747.0,1268.0,705.0
"3275","Housecom Corp.","20250213",1340.0,5.0,1967.28,643.11,6.92,947.64,501.0,"JPY",30.9,51.4,"",0,7.5,5.4,6.1,5.5,"","Real Estate","Real Estate Services","",7.64,"",2024,13529.0,0.0,0.0
"3276","JAPAN PROPERTY MANAGEMENT CENTER CO","20260220",1352.0,12.0,3236.38,1244.96,20.61,558.59,1923.4,"JPY",-4.3,74.8,60.0,0,21.9,24.0,23.9,22.7,"","Finance","Real Estate Services","",16.71,"",2024,58987.0,1345.0,1061.0
"3277","SANSEI LANDIC CO LTD","20260220",1406.0,16.0,3621.72,1325.85,9.84,1573.12,1255.0,"JPY",34.0,43.7,46.0,0,8.7,10.8,10.4,6.0,"","Finance","Real Estate Services","",8.11,"",2024,25620.0,1458.0,920.0
"3280","STRUST CO LIMITED","20260220",1159.0,28.0,8588.37,2807.55,18.19,1573.43,1734.9,"JPY",95.4,11.5,"",0,16.1,9.5,12.1,6.8,"","Finance","Real Estate - Diversified","",6.06,"",2025,19218.0,1220.0,741.0
"3281","GLP J-REIT","20260220",142200.0,-2.0,124946.02,40845.07,4.42,94250.42,19991.4,"JPY",86.4,90.0,"",0,5.8,5.3,5.2,5.6,"","Real Estate","REIT - Industrial","",4.8,"",2025,0.0,152800.0,117200.0
"3282","Comforia Residential REIT Inc.","20260220",113100.0,-2.0,94697.05,30956.63,4.55,69373.59,7354.8,"JPY",250.3,82.7,2035.0,0,5.9,5.8,5.7,6.7,"","Real Estate","REIT - Residential","",2.33,"",2025,0.0,115666.6641,86466.6641
"3283","Nippon Prologis REIT Inc.","20260220",90300.0,-2.0,77747.74,25415.87,4.36,59501.7,21743.5,"JPY",112.3,90.0,"",0,5.5,5.1,4.7,5.0,"","Real Estate","REIT - Industrial","",8.39,"",2025,0.0,97900.0,74866.6641
"3284","HOOSIERS HOLDINGS CO LTD","20260220",1294.0,14.0,3333.6,1289.22,13.25,1030.37,5582.2,"JPY",-33.6,70.0,"",0,14.6,14.1,14.6,12.5,"","Finance","Residential Construction","",40.9,"",2025,92153.0,1410.0,898.0
"3286","TRUST HOLDINGS INC","20260220",996.0,12.0,2374.68,776.29,25.02,316.36,304.8,"JPY",40.8,37.5,"",0,39.4,62.5,88.2,33.0,"","Commercial Services","Specialty Business Services","",3.85,"",2025,12887.0,1292.0,870.0
"3287","Hoshino Resorts REIT Inc.","20260220",269300.0,1.0,295885.37,96725.45,3.99,247262.71,5819.1,"JPY","",87.7,"",0,4.3,3.8,3.5,"","","Real Estate","REIT - Hotel & Motel","",0.59,"",2025,0.0,280300.0,185400.0
"3288","Open House Group Co. Ltd","20260220",11640.0,11.0,26186.08,9565.8,17.88,4791.59,96310.5,"JPY",15.0,52.6,"",0,20.4,18.2,27.8,27.2,28.5,"Consumer Durables","Real Estate - Diversified","",112.41,"",2025,1336468.0,11045.0,5525.0
"3289","TOKYU FUDOSAN HOLDINGS CORPORATION","20260220",1554.0,8.0,2949.71,1014.9,10.26,1155.05,84381.5,"JPY",93.2,19.7,"",0,11.2,11.1,12.2,8.7,"","Finance","Real Estate - Diversified","",712.11,"",2025,1150301.0,1598.0,911.0
"3290","SIA REIT Inc.","20260220",90700.0,4.0,127852.13,41795.09,5.62,75872.89,3452.0,"JPY","",90.0,"",0,6.5,5.9,"","","","Real Estate","REIT - Office","",0.81,"",2025,0.0,93400.0,77133.3359
"3291","IIDA GROUP HOLDINGS CO LTD","20260220",2714.5,10.0,5747.62,1878.91,5.39,3551.87,52941.3,"JPY",36.2,49.1,"",0,5.1,3.8,8.1,12.1,"","Consumer Durables","Residential Construction","",276.33,"",2025,1459639.0,2740.0,1966.0
"3292","Aeon REIT Investment Corp.","20260220",136100.0,2.0,161399.96,52761.93,4.63,116099.05,11298.0,"JPY",22.5,89.8,3400.0,0,5.5,6.0,5.7,6.0,"","Real Estate","REIT - Retail","",2.1,"",2025,0.0,140700.0,120900.0
"3293","AZUMA HOUSE CO LTD","20260220",787.0,16.0,2609.44,853.03,4.1,2120.5,700.2,"JPY",99.4,33.1,"",0,4.7,3.5,4.7,5.0,"","Finance","Real Estate - Development","",8.05,"",2025,13279.0,808.0,671.0
"3294","egrand Co. Ltd.","20260220",2232.0,15.0,5320.16,2054.6,11.9,1887.19,1367.7,"JPY",-10.6,67.9,"",0,7.9,12.4,18.9,20.0,"","Consumer Durables","Real Estate Services","",6.09,"",2025,30502.0,2274.0,1260.0
"3295","Hulic REIT Inc.","20260220",173900.0,4.0,241808.79,79047.72,5.76,139903.0,11606.8,"JPY",66.7,86.8,"",0,6.0,5.2,5.0,5.8,5.8,"Real Estate","REIT - Office","",1.44,"",2025,0.0,181900.0,138000.0
"3297","TOUBUJYUHAN CO LTD","20260220",1269.0,15.0,3847.42,1257.73,7.85,1633.58,347.6,"JPY",11.9,57.3,"",0,8.2,5.2,10.0,11.2,"","Finance","Real Estate Services","",2.71,"",2025,8185.0,1460.0,1067.0
"3299","MUGEN ESTATE CO LTD","20260220",2540.0,13.0,6325.24,2390.06,16.28,1371.94,5223.2,"JPY",-17.7,64.7,114.0,0,21.9,14.9,6.8,5.6,"","Finance","Real Estate - Development","",23.38,"",2024,62187.0,2338.0,1789.0
"3300","AMBITION DX HOLDINGS CO LTD","20260220",2630.0,15.0,8264.64,2701.72,23.52,1171.49,1961.5,"JPY",89.7,13.4,"",0,39.9,37.2,25.8,22.4,"","Finance","Real Estate Services","",7.12,"",2025,52372.0,2961.0,1700.0
"3302","TEIKOKU SEN-I CO","20260220",2936.0,4.0,4129.59,1349.97,5.31,2591.94,3533.6,"JPY",112.3,27.2,55.0,0,4.9,4.3,6.4,7.1,"","Producer Manufacturing","Farm & Heavy Construction Machinery","",25.67,"",2024,31481.0,3775.0,2164.0
"3306","NIHON SEIMA CO LTD","20260220",703.0,-2.0,617.69,201.92,3.64,565.08,90.8,"JPY",55.7,27.9,"",0,5.5,8.4,6.5,3.8,"","Consumer Non-Durables","Conglomerates","",4.41,"",2025,4422.0,990.0,445.0
"3309","Sekisui House REIT Inc.","20260220",93100.0,2.0,109715.1,35866.06,5.45,67093.85,15835.5,"JPY",-233.9,90.0,"",0,7.6,7.0,4.6,5.5,"","Real Estate","REIT - Diversified","",4.33,"",2025,0.0,93400.0,74300.0
"330A","TALENTX INC","20260220",621.0,4.0,847.66,277.1,35.3,80.03,162.8,"JPY","",0.0,"",0,610.0,78.8,"","","","Technology Services","Packaged Software","",5.76,"",2025,1434.0,1980.0,783.0
"3315","NIPPON COKE & ENGINEERING CO LTD","20260220",124.0,"","","",-17.51,142.94,-7284.6,"JPY","",12.4,"",0,-22.0,5.2,-0.7,16.0,"","Energy Minerals","Coking Coal","",291.02,"",2025,99045.0,133.0,69.0
"3317","FLYING GARDEN CO","20260220",1689.0,12.0,4196.64,1454.92,12.88,1127.68,419.7,"JPY",59.7,25.2,"",0,13.1,16.2,17.0,21.3,"","Consumer Services","Restaurants","",2.89,"",2025,8265.0,1660.0,1150.0
"3319","GOLF DIGEST ONLINE INC","20250926",425.0,"","","","","",-1659.7,"JPY","",7.1,"",0,-89.7,5.3,-5.4,19.2,"","Retail Trade","Internet Retail","",18.21,"",2024,57006.0,2294647552.0,1430842624.0
"3320","CROSS PLUS INC","20260220",1412.0,16.0,4701.08,1536.79,6.87,2280.08,1164.3,"JPY",54.5,28.9,27.0,0,6.8,12.9,2.6,-10.5,"","Consumer Non-Durables","Apparel Manufacturing","",7.43,"",2025,62004.0,1460.0,903.0
"3321","MITACHI CO LTD","20260220",2333.0,13.0,5767.46,2185.58,11.94,1966.62,1871.5,"JPY",4.8,60.5,"",0,11.9,9.3,14.6,14.8,"","Distribution Services","Electronic Components","",7.97,"",2025,98176.0,2280.0,938.0
"3322","Alpha Group Inc.","20250224",891.0,14.0,2540.21,830.4,8.22,1030.11,402.2,"JPY",39.3,39.6,"",0,7.7,6.8,11.0,5.2,"","Technology","Communication Equipment","",4.75,"",2024,13912.0,0.0,0.0
"3323","Recomm Co., Ltd.","20260220",90.0,1.0,98.53,32.21,5.24,62.62,265.0,"JPY",92.4,15.5,"",0,5.3,-2.5,5.2,9.4,-4.5,"Distribution Services","Telecom Services","",80.69,"",2025,13088.0,192.0,56.0
"3326","RUNSYSTEM CO LTD","20260220",784.0,-4.0,557.65,182.3,36.07,51.53,79.0,"JPY","",0.0,"",0,44.9,123.7,-166.8,-541.4,"","Consumer Services","Leisure","",4.25,"",2025,5408.0,880.0,420.0
"3328","BEENOS INC","20250827",3985.0,-8.0,2049.12,669.86,6.15,1109.85,888.0,"JPY",5.9,53.7,"",0,3.1,13.7,-3.7,6.2,"","Distribution Services","Internet Retail","",13.0,"",2024,25428.0,11173341184.0,3965.0
"3329","TOWA FOOD SERVICE CO LTD","20260220",2130.0,3.0,2194.62,827.28,10.42,888.6,747.0,"JPY",9.4,56.5,"",0,11.5,12.0,7.5,16.9,"","Consumer Services","Restaurants","",8.07,"",2025,12812.0,2150.0,2019.0
"332A","MEEQ INC","20260220",1307.0,3.0,1624.1,530.92,12.22,440.35,616.3,"JPY","",0.0,"",0,20.3,21.0,"","","","Technology Services","Information Technology Services","",11.45,"",2025,5974.0,1406.0,604.0
"3333","ASAHI CO LTD","20260220",1289.0,15.0,3995.71,1306.2,8.87,1502.15,3468.3,"JPY",-33.6,67.6,"",0,10.3,10.1,10.1,11.3,"","Retail Trade","Specialty Retail","",26.04,"",2025,81593.0,1522.0,1219.0
"3341","NIHON CHOUZAI CO LTD","20251218",3910.0,1.0,4157.68,1359.15,7.01,1977.78,4141.1,"JPY",-46.1,58.5,"",0,9.5,12.2,8.3,8.8,"","Retail Trade","Pharmaceutical Retailers","",29.88,"",2025,360512.0,23773364224.0,1345.0
"3346","21LADY CO. LTD.","20260220",87.0,"","","",-185.58,6.33,-350.8,"JPY","",0.0,"",0,"",-326.9,5.9,"","","Consumer Services","Specialty Retail","",29.88,"",2025,2340.0,"",""
"3347","TRUST CO LTD (JAPAN)","20250819",408.0,12.0,1035.83,348.72,10.26,397.26,1055.2,"JPY",180.9,11.2,"",0,12.4,13.1,12.2,12.1,"","Finance","Auto & Truck Dealerships","",25.88,"",2025,50264.0,488.0,243.0
"3349","COSMOS PHARMACEUTICAL CORP","20260220",7107.0,5.0,10363.44,3492.91,11.58,3248.33,29801.7,"JPY",117.6,12.4,"",0,13.7,11.9,12.7,13.5,"","Retail Trade","Pharmaceutical Retailers","",79.26,"",2025,1011390.0,10045.0,6544.0
"334A","VISUAL PROCESSING JAPAN CO LTD","20260220",1578.0,6.0,2449.72,804.1,14.64,471.08,114.5,"JPY","",1.9,29.0,0,18.0,15.5,"","","","Technology Services","Data Processing Services","",1.66,"",2024,1208.0,2539.0,1233.0
"3350","Metaplanet Inc.","20260220",319.0,-21.0,50.21,16.41,"","",1909.4,"JPY",8174.5,0.0,"",0,-1.4,-123.2,-67.3,"",-305.2,"Finance","Restaurants","",1140.95,"",2025,340.16,1930.0,291.0
"3352","BUFFALO CO LTD","20260220",1776.0,14.0,4932.69,1612.51,6.21,2648.29,384.8,"JPY",65.8,31.7,"",0,5.7,5.3,6.2,7.3,"","Retail Trade","Auto & Truck Dealerships","",2.34,"",2025,12185.0,1685.0,1130.0
"3353","MEDICAL IKKOU GP CO LTD","20260220",3140.0,13.0,8573.47,2802.68,7.64,3739.26,1077.4,"JPY",111.5,13.5,"",0,7.9,9.4,5.9,7.0,"","Retail Trade","Conglomerates","",3.77,"",2025,48393.0,4410.0,2120.0
"3355","KURIYAMA HOLDINGS CORP","20260220",1690.0,17.0,5979.77,1954.8,8.68,2296.28,3916.8,"JPY",126.1,12.0,56.0,0,10.6,7.4,12.8,14.9,"","Producer Manufacturing","Industrial Distribution","",19.65,"",2024,77895.0,1799.0,1121.0
"3359","cotta Co., Ltd.","20260220",566.0,11.0,1018.26,383.73,10.26,421.98,455.0,"JPY",2.6,56.1,"",0,10.9,8.7,17.0,13.0,11.2,"Distribution Services","Packaging & Containers","",10.51,"",2025,13675.0,616.0,300.0
"335A","Mirairo Inc.","20260220",396.0,-8.0,204.53,66.86,9.9,80.9,87.3,"JPY","",0.0,"",0,24.1,113.4,"","","","Commercial Services","Miscellaneous Commercial Services","",10.89,"",2025,832.0,834.0,368.0
"3360","SHIP HEALTH CARE HOLDINGS INC","20260220",2659.0,10.0,4637.38,1778.56,11.85,1617.23,17658.5,"JPY",-2.3,65.3,"",0,13.2,13.4,10.2,11.4,"","Distribution Services","Medical Instruments & Supplies","",92.18,"",2025,678229.0,2839.0,1758.5
"3361","TOELL CO.LTD","20260220",888.0,13.0,2396.01,783.26,7.31,1093.18,1499.9,"JPY",2.0,64.5,"",0,7.7,10.8,8.2,7.6,"","Distribution Services","Utilities - Regulated Gas","",18.78,"",2025,27388.0,898.0,756.0
"336A","DYNAMIC MAP PLATFORM CO LTD","20260220",707.0,"","","",-18.53,379.0,-1658.9,"JPY","",0.0,"",0,-31.8,-28.4,-46.9,-704.8,"","Technology Services","Packaged Software","",23.62,"",2025,7465.0,1549.0,532.0
"3370","FUJITA CORP CO.LTD.","20260220",503.0,7.0,886.84,289.91,42.66,69.3,101.1,"JPY",-442.2,50.0,"",0,71.7,22.9,"","","","Consumer Services","Restaurants","",3.42,"",2025,4892.0,580.0,188.0
"3371","SOFTCREATE HOLDINGS CORP","20260220",2034.0,10.0,4292.37,1587.63,16.99,855.28,3633.3,"JPY",16.7,56.8,"",0,18.7,20.8,20.9,19.2,"","Technology Services","Information Technology Services","",25.0,"",2025,30951.0,2425.0,1674.0
"3372","KANMONKAI CO LTD","20260220",231.0,15.0,725.47,237.16,25.7,94.09,331.3,"JPY",21.7,39.2,"",0,42.4,44.6,26.5,13.4,"","Consumer Services","Restaurants","",13.7,"",2025,5264.0,297.0,193.0
"3374","NAIGAI TEC CORP","20260220",2560.0,18.0,9330.86,3050.27,9.12,3411.43,1088.6,"JPY",53.8,35.6,"",0,9.2,7.4,17.2,19.0,"","Distribution Services","Electrical Equipment & Parts","",3.5,"",2025,35337.0,2537.0,1670.0
"3375","ZOA CORPORATION","20260220",2018.0,18.0,6806.95,2539.45,11.75,2327.78,344.8,"JPY",14.6,54.0,"",0,11.0,11.8,15.2,15.6,"","Retail Trade","Electronics & Computer Distribution","",1.26,"",2025,9274.0,2000.0,1261.0
"3377","BIKE-O & Co., Ltd.","20260220",403.0,13.0,1051.16,343.62,7.13,491.73,500.0,"JPY",103.6,15.1,"",0,7.7,7.1,"","","","Distribution Services","Auto & Truck Dealerships","",14.27,"",2025,38574.0,555.0,350.0
"3382","7&I控股","20260220",2191.0,4.0,3100.93,1013.7,6.32,1636.23,254602.9,"JPY",42.2,46.1,"",0,7.3,13.1,11.8,9.6,"","Retail Trade","Grocery Stores","",2463.16,"",2025,11972762.0,2382.5,1826.0
"3386","COSMO BIO COMPANY LIMITED","20260220",1412.0,2.0,1585.56,518.32,3.35,1578.7,300.2,"JPY",156.3,25.5,50.0,0,3.1,5.1,7.0,10.0,"","Distribution Services","Diagnostics & Research","",5.68,"",2024,10037.0,1486.0,971.0
"3387","CREATE RESTAURANTS HOLDINGS INC","20260220",766.0,-5.0,546.86,202.46,18.4,95.44,7389.6,"JPY",-28.9,59.0,"",0,21.0,27.7,26.7,47.4,"","Consumer Services","Restaurants","",420.85,"",2025,156354.0,833.5,581.0
"3388","MEIJI ELECTRIC INDUSTRIES CO LTD","20260220",2450.0,12.0,6018.81,1967.56,7.44,2697.33,2558.0,"JPY",32.6,49.7,"",0,7.4,7.8,7.8,7.0,"","Producer Manufacturing","Scientific & Technical Instruments","",12.75,"",2025,78672.0,2516.0,1215.0
"338A","ZENMUTECH INC","20260220",6580.0,"","","",0.0,"",0.0,"JPY","",0.0,"",0,50.0,"","","","","Commercial Services","Miscellaneous Commercial Services","",1.36,"",2024,648.0,16670.0,4010.0
"3391","TSURUHA HOLDINGS INC","20260220",2656.0,4.0,3638.16,1189.32,10.48,1156.77,29574.6,"JPY",-5.0,70.9,"",0,11.4,11.1,10.6,9.4,"","Retail Trade","Pharmaceutical Retailers","",243.87,"",2025,1014723.6,2993.0,1798.6
"3392","DELICA FOODS HOLDINGS CO LTD","20260220",863.0,6.0,1367.28,466.98,9.94,556.38,897.3,"JPY",83.6,16.6,"",0,6.1,12.4,11.4,-7.4,"","Distribution Services","Packaged Foods","",16.23,"",2025,58762.0,1015.0,490.0
"3393","STARTIA HLDGS INC","20260220",2942.0,9.0,6017.76,2253.58,23.9,812.19,1814.9,"JPY",-11.8,67.6,"",0,28.8,27.0,26.4,4.3,"","Technology Services","Information Technology Services","",9.35,"",2025,22211.0,3050.0,1750.0
"3395","SAINT MARC HOLDINGS CO.LTD","20260220",3020.0,4.0,4069.6,1330.36,9.43,1437.84,2911.1,"JPY",-86.0,72.0,"",0,11.4,7.1,6.6,-4.6,"","Retail Trade","Restaurants","",21.46,"",2025,70895.0,3100.0,2115.0
"3396","FELISSIMO CORPORATION","20260220",879.0,10.0,1888.48,617.35,2.33,2706.46,448.2,"JPY",113.7,3.3,"",0,1.1,-4.0,3.5,9.1,"","Retail Trade","Internet Retail","",7.12,"",2025,29449.0,958.0,695.0
"3397","TORIDOLL HOLDINGS CORPORATION","20260220",4248.0,-2.0,3677.68,1257.58,12.66,994.45,11048.4,"JPY",70.1,19.2,"",0,12.5,12.0,12.4,36.9,"","Consumer Services","Restaurants","",87.73,"",2025,268228.0,5391.0,3655.0
"339A","PROGRESS TECHNOLOGIES GROUP INC","20260220",1417.0,12.0,3581.08,1170.66,25.36,470.66,927.5,"JPY","",0.0,"",0,35.4,29.6,"","","","Technology Services","Information Technology Services","",7.77,"",2025,5649.0,1594.0,1045.0
"3401","帝人","20260220",1642.5,"","","",-5.7,2236.39,-24606.6,"JPY","",0.0,"",0,4.4,-2.5,-2.9,5.6,"","Process Industries","Conglomerates","",192.89,"",2025,1005471.0,1714.5,1075.5
"3402","東麗株式會社","20260220",1279.0,1.0,1411.5,461.42,4.16,1130.09,71151.4,"JPY",-25.7,72.2,"",0,5.3,4.2,4.0,9.4,"","Process Industries","Textile Manufacturing","",1512.25,"",2025,2563280.0,1281.0,818.0
"3405","Kuraray Co., Ltd.","20260220",1792.5,11.0,4187.33,1368.85,5.86,2383.29,43505.0,"JPY",12.4,60.4,"",0,5.3,8.6,7.8,11.0,9.6,"Process Industries","Chemicals","",311.69,"",2025,808447.0,1947.0,1466.0
"3407","旭化成","20260220",1740.0,8.0,3179.13,1039.26,7.74,1369.88,143840.6,"JPY",-7.7,73.7,"",0,7.4,6.3,5.5,10.8,"","Process Industries","Chemicals","",1357.36,"",2025,3037312.0,1774.5,880.0
"3409","KITANIHON SPINNING","20260220",124.0,"","","",-4.61,43.29,-54.8,"JPY","",0.0,"",0,-6.1,-7.4,-9.6,-15.1,"","Process Industries","Textile Manufacturing","",27.44,"",2025,1631.0,293.0,105.0
"3415","TOKYO BASE CO LTD","20260220",383.0,11.0,714.48,233.57,20.26,117.53,1035.0,"JPY",-80.6,50.0,6.0,0,18.2,11.3,-1.1,24.8,"","Retail Trade","Apparel Retail","",43.46,"",2025,20207.0,594.0,218.0
"3416","PIXTA INC","20260220",886.0,22.0,3596.33,1393.78,20.85,669.94,241.7,"JPY",-4.6,76.4,45.0,0,39.5,23.9,13.7,27.2,"","Technology Services","Internet Retail","",1.73,"",2024,2882.0,1149.0,735.0
"3417","OHKI HEALTHCARE HOLDINGS CO LTD","20260220",1341.0,20.0,5628.96,1840.12,8.26,2271.92,2559.3,"JPY",87.5,14.3,"",0,10.0,8.6,9.8,4.6,"","Health Technology","Pharmaceutical Retailers","",13.64,"",2025,349452.0,1472.0,655.0
"3418","BALNIBARBI CO LTD","20260220",1091.0,3.0,1379.19,450.86,8.35,550.79,496.1,"JPY",132.1,5.5,2.5,0,13.1,21.3,33.4,50.4,-42.7,"Consumer Services","Restaurants","",10.79,"",2025,14336.0,1247.0,990.0
"3419","ArtGreen Co. Ltd.","20260220",1880.0,-49.0,8.34,2.73,0.57,48.66,3.0,"JPY",182.6,0.0,"",0,0.6,3.2,0.2,10.0,3.4,"Distribution Services","Farm Products","",10.79,"",2025,2513.0,"",""
"3420","KFC LTD (JAPAN)","20260220",1631.0,11.0,3803.4,1243.34,4.39,2887.09,933.1,"JPY",39.9,48.6,"",0,4.7,6.1,4.8,10.2,"","Industrial Services","Conglomerates","",7.36,"",2025,26073.0,1746.0,1200.0
"3421","INABA SEISAKUSHO","20260220",1665.0,6.0,2578.9,843.05,3.1,2771.98,1365.1,"JPY",10.5,56.8,22.0,0,3.1,5.1,4.9,3.4,5.6,"Producer Manufacturing","Furnishings, Fixtures & Appliances","",15.88,"",2025,41905.0,1891.0,1455.0
"3422","J-MAX CO LTD","20260220",433.0,"","","",-1.73,1562.89,-310.8,"JPY",674.7,7.2,"",0,-7.2,5.5,11.4,14.4,"","Producer Manufacturing","Auto Parts","",11.48,"",2025,47102.0,516.0,266.0
"3423","SE CORP","20260220",291.0,7.0,495.53,161.99,4.46,370.64,499.0,"JPY",98.3,32.0,"",0,4.6,8.5,8.3,13.5,"","Producer Manufacturing","Engineering & Construction","",30.21,"",2025,25887.0,299.0,238.0
"3426","ATOM LIVIN TECH","20260220",1317.0,10.0,2873.68,939.41,3.66,2613.78,382.2,"JPY",14.3,62.6,"",0,3.8,2.5,3.6,4.3,"","Retail Trade","Building Products & Equipment","",3.99,"",2025,10297.0,1629.0,1290.0
"3431","MIYAJI ENGINEERING GROUP INC","20260220",1880.0,13.0,3975.31,1480.09,10.93,1526.36,4423.8,"JPY",27.1,51.8,"",0,12.0,11.8,9.3,11.3,"","Industrial Services","Engineering & Construction","",26.52,"",2025,74725.0,2157.0,1520.0
"3433","TOCALO CO LTD","20260220",2991.0,2.0,3563.69,1336.12,13.64,1019.77,8273.0,"JPY",25.3,58.0,"",0,15.0,11.8,15.0,15.9,"","Process Industries","Specialty Business Services","",59.47,"",2025,54231.0,2853.0,1370.0
"3434","ALPHA CORP","20260220",1304.0,5.0,1985.12,648.94,1.79,3690.01,635.9,"JPY",102.4,13.3,"",0,2.2,9.1,4.0,2.5,"","Producer Manufacturing","Auto Parts","",9.61,"",2025,73511.0,1291.0,965.0
"3435","SANKO TECHNO CO LTD","20260220",1470.0,12.0,3737.1,1221.67,5.35,2330.47,985.4,"JPY",86.8,15.8,"",0,4.8,8.8,9.5,9.0,"","Producer Manufacturing","Metal Fabrication","",7.91,"",2025,21250.0,1410.0,1050.0
"3436","SUMCO","20260220",1614.0,-1.0,1510.64,493.83,2.97,1693.16,17609.6,"JPY",259.9,26.6,20.0,0,4.6,8.4,15.0,13.3,"","Producer Manufacturing","Semiconductor Equipment & Materials","",349.71,"",2024,396619.0,1790.0,745.5
"3437","Tokuden Co. Ltd.","20260220",3260.0,14.0,8988.61,2938.39,6.23,4808.86,473.4,"JPY",135.2,10.5,"",0,6.9,5.7,9.3,8.4,"","Industrials","Specialty Industrial Machinery","",1.58,"",2025,10539.0,3910.0,2180.0
"3439","MITSUCHI CORPORATION","20260220",655.0,-10.0,271.09,88.62,0.44,2065.52,42.2,"JPY",-74.3,65.1,"",0,0.4,4.5,0.4,4.6,"","Producer Manufacturing","Auto Parts","",4.67,"",2025,12411.0,696.0,562.0
"343A","IACE TRAVEL CORPORATION","20260220",1251.0,10.0,2679.43,963.8,14.87,595.82,424.3,"JPY",13.7,43.2,"",0,16.0,18.6,10.4,-15.6,"","Consumer Services","Other Consumer Services","",4.79,"",2025,2694.0,1750.0,871.0
"3440","NISSO GROUP Co.Ltd.","20260220",1022.0,17.0,3529.67,1153.86,5.97,1969.94,755.4,"JPY",165.1,10.5,"",0,6.8,9.7,0.0,1.9,4.6,"Producer Manufacturing","Metal Fabrication","",6.42,"",2025,23037.0,1192.0,730.0
"3441","Sanno Co. Ltd.","20260220",1331.0,16.0,4039.17,1482.16,10.69,1559.82,721.9,"JPY",31.6,45.8,"",0,11.8,5.4,3.5,10.0,5.0,"Industrials","Metal Fabrication","",4.33,"",2025,10830.0,1279.0,706.0
"3442","MIE CORPORATION CO. LTD","20260220",1589.0,6.0,2581.68,946.1,14.12,643.19,393.4,"JPY",-3.9,50.0,"",0,15.5,17.4,22.7,12.2,"","Producer Manufacturing","Steel","",4.33,"",2025,7098.0,"",""
"3443","KAWADA TECHNOLOGIES INC","20260220",5270.0,15.0,12592.22,4679.0,10.14,5224.44,9233.2,"JPY",26.3,50.3,"",0,13.5,10.0,6.5,8.3,"","Industrial Services","Engineering & Construction","",17.43,"",2025,132905.0,5370.0,2435.0
"3444","Kikuchi Seisakusho Co. Ltd.","20260220",816.0,"","","",-6.6,419.95,-334.6,"JPY","",0.0,"",0,-11.2,-23.5,-17.7,-11.2,"","Industrials","Specialty Industrial Machinery","",12.08,"",2025,5456.0,1257.0,224.0
"3445","RS TECHNOLOGIES CO LTD","20260220",3780.0,11.0,8634.03,2989.42,12.01,2588.97,8235.5,"JPY",59.2,23.8,40.0,0,14.1,16.2,28.0,19.7,"","Producer Manufacturing","Semiconductors","",26.48,"",2024,59200.0,4250.0,2105.0
"3446","JTEC CORPORATION","20260220",2149.0,-23.0,275.58,90.09,1.95,471.14,54.1,"JPY",4.7,47.7,"",0,2.2,9.1,10.8,-1.4,"","Electronic Technology","Medical Instruments & Supplies","",5.89,"",2025,1925.0,1808.0,860.0
"3447","SHINWA CO LTD","20260220",1056.0,13.0,2875.33,939.95,8.2,1168.22,1299.7,"JPY",126.2,36.3,"",0,6.6,2.8,6.9,10.2,"","Producer Manufacturing","Metal Fabrication","",13.56,"",2025,17503.0,1081.0,632.0
"3449","TECHNOFLEX CORP","20260220",2457.0,3.0,3114.24,1018.05,8.15,1274.3,1902.8,"JPY",75.5,33.7,69.0,0,6.5,4.3,13.1,9.3,"","Producer Manufacturing","Metal Fabrication","",18.33,"",2024,22041.0,2456.0,978.0
"3451","Tosei REIT Investment Corp.","20260220",148600.0,5.0,226239.47,73958.09,6.66,113239.47,2865.7,"JPY",43.3,88.5,"",0,6.7,6.8,6.6,6.9,6.8,"Real Estate","REIT - Diversified","",0.38,"",2025,0.0,151700.0,122600.0
"3452","B-LOT COMPANY LIMITED","20260220",1601.0,18.0,5888.08,1924.83,20.66,949.87,3648.7,"JPY",44.6,40.3,73.0,0,26.6,28.9,15.1,13.1,"","Finance","Real Estate Services","",18.59,"",2024,30933.0,1917.0,1048.0
"3454","First Brothers Co., Ltd.","20260220",1218.0,20.0,4712.07,1728.24,10.45,1864.67,2733.0,"JPY",51.4,45.4,"",0,11.7,5.6,10.8,4.8,14.9,"Finance","Asset Management","",14.02,"",2025,19063.0,1285.0,890.0
"3455","Healthcare & Medical Investment Corp.","20260220",127600.0,1.0,142202.96,46486.4,4.42,107228.89,1706.4,"JPY",183.3,90.0,3250.0,0,5.4,5.4,7.2,5.6,"","Real Estate","REIT - Healthcare Facilities","",0.36,"",2025,0.0,127000.0,102200.0
"3457","&DO HOLDINGS CO LTD","20260220",1079.0,11.0,2539.48,830.16,9.16,924.45,1689.6,"JPY",-154.8,67.8,"",0,9.4,14.6,16.2,15.4,"","Finance","Real Estate Services","",19.96,"",2025,64735.0,1395.0,996.0
"3458","CRE Inc.","20250612",1699.0,12.0,4162.35,1494.07,11.64,1399.56,4783.3,"JPY",40.2,38.0,"",0,11.4,12.5,21.7,17.1,"","Real Estate","Real Estate Services","",29.37,"",2024,66901.0,9982373888.0,0.0
"3459","Samty Residential Investment Corp.","20260220",114800.0,1.0,128385.49,41969.45,4.27,100332.94,3637.6,"JPY",138.0,90.0,3495.0,0,5.5,5.2,5.5,5.5,"","Real Estate","REIT - Residential","",0.85,"",2025,0.0,122200.0,87800.0
"3462","Nomura Real Estate Master Fund Inc.","20260220",168400.0,2.0,204276.0,66778.19,5.25,129708.79,31662.8,"JPY",-4.2,90.0,"",0,5.3,5.0,5.0,4.2,4.1,"Real Estate","REIT - Retail","",4.65,"",2025,0.0,176400.0,135500.0
"3463","Ichigo Hotel REIT Investment Corp.","20260220",123400.0,9.0,245563.64,80275.19,6.28,130342.42,2701.2,"JPY",212.9,90.0,3797.0,0,10.6,5.3,2.9,1.7,"","Real Estate","REIT - Hotel & Motel","",0.33,"",2025,0.0,143300.0,109200.0
"3465","KI-STAR REAL ESTATE CO LTD","20260220",8140.0,13.0,21205.9,7723.26,17.59,3880.13,10580.7,"JPY",28.2,51.2,"",0,16.0,12.5,27.0,60.2,"","Finance","Real Estate Services","",15.5,"",2025,342553.0,7000.0,3945.0
"3466","LaSalle Logiport REIT","20260220",153600.0,-2.0,126994.08,41514.59,3.58,118116.72,7662.0,"JPY",12.2,90.0,"",0,2.9,5.8,4.8,4.8,7.0,"Real Estate","REIT - Industrial","",1.81,"",2025,0.0,163800.0,133600.0
"3467","AGRATIO URBAN DESIGN INC","20260220",2847.0,13.0,7302.61,2387.24,19.36,1257.04,1399.7,"JPY","",35.6,"",0,25.7,"","","","","Consumer Durables","Real Estate Services","",5.75,"",2025,30743.0,2693.0,1430.0
"3468","Star Asia Investment Corp.","20260220",60200.0,6.0,97335.57,31819.17,6.03,53844.24,8727.8,"JPY",320.5,90.0,1745.0,0,7.4,7.0,6.1,5.7,10.6,"Real Estate","REIT - Diversified","",2.69,"",2025,0.0,64000.0,50800.0
"3469","DUALTAP CO LTD","20260220",988.0,-19.0,187.19,61.19,0.98,638.42,22.9,"JPY","",11.2,"",0,3.0,-17.0,9.4,2.8,"","Finance","Real Estate - Diversified","",3.67,"",2025,8367.0,1260.0,753.0
"3474","G-FACTORY CO LTD","20260220",560.0,-55.0,0.92,0.3,0.01,221.29,0.2,"JPY","",0.0,5.0,0,5.7,-9.3,3.9,-13.2,"","Commercial Services","Real Estate Services","",6.53,"",2024,6348.0,682.0,500.0
"3475","Good Com Asset Co.,Ltd.","20260220",1416.0,2.0,1712.74,631.7,13.43,495.64,1907.5,"JPY",33.5,51.0,"",0,10.6,28.7,10.0,32.1,25.5,"Finance","Real Estate - Diversified","",28.65,"",2025,54581.0,1645.0,759.0
"3476","Mirai Corp.","20260220",50600.0,5.0,77356.18,25287.87,5.63,45825.6,4925.0,"JPY",93.7,88.7,"",0,5.8,5.7,5.2,5.9,"","Real Estate","REIT - Diversified","",1.91,"",2025,0.0,51900.0,40150.0
"3477","FORLIFE CO LTD","20260220",925.0,12.0,2308.5,754.65,7.75,993.25,307.8,"JPY",5.1,55.7,"",0,7.2,4.5,7.5,17.0,"","Consumer Durables","Residential Construction","",4.0,"",2025,14771.0,945.0,545.0
"3479","TKP CORPORATION","20260220",2370.0,0.0,2385.95,779.97,9.09,1090.53,3766.6,"JPY",222.0,0.0,"",0,9.3,21.5,2.6,-4.1,"","Commercial Services","Real Estate Services","",38.01,"",2025,59208.0,2425.0,1452.0
"3480","JSB Co. Ltd.","20260220",3400.0,9.0,6569.68,2189.8,11.8,1979.46,4913.2,"JPY",137.2,8.0,"",0,13.2,14.0,17.7,17.3,19.8,"Finance","Real Estate - Development","",21.03,"",2025,76045.0,4200.0,2930.0
"3481","Mitsubishi Estate Logistics REIT Investment Corp.","20260220",130900.0,4.0,171712.21,56133.03,5.49,104254.61,8585.6,"JPY",182.6,90.0,"",0,5.4,5.4,5.0,4.7,5.5,"Real Estate","REIT - Industrial","",1.5,"",2025,0.0,138400.0,108900.0
"3482","LOADSTAR CAPITAL K K","20260220",3560.0,15.0,10803.16,3531.57,23.37,1540.99,5992.2,"JPY",6.8,55.1,83.0,0,35.1,33.8,43.7,44.5,"","Finance","Real Estate Services","",16.64,"",2024,34421.0,3405.0,1969.0
"3484","INNOVATION HOLDINGS CO LTD","20260220",1320.0,3.0,1679.79,549.12,23.4,239.24,939.0,"JPY","",44.2,"",0,29.3,21.4,"","","","Finance","Real Estate Services","",16.77,"",2025,16659.0,1329.0,854.0
"3486","GLOBAL LINK MANAGEMENT INC","20260220",2366.0,17.0,8030.21,2625.09,37.0,723.44,4293.5,"JPY",3.9,62.4,80.5,0,36.7,44.7,32.5,"",17.8,"Finance","Real Estate Services","",16.04,"",2024,64482.0,3030.0,1431.0
"3488","XYMAX REIT Investment Corp.","20260220",115800.0,8.0,208680.0,68217.86,6.62,105020.0,1739.0,"JPY",2.9,90.0,"",0,6.6,6.3,6.1,8.1,5.6,"Real Estate","REIT - Diversified","",0.25,"",2025,0.0,121900.0,103800.0
"3489","FAITHNETWORK CO LTD","20260220",920.0,15.0,2884.01,942.79,29.18,329.45,2849.4,"JPY",36.0,48.0,"",0,38.3,18.6,"","","","Finance","Real Estate Services","",29.64,"",2025,29915.0,937.0,473.6667
"3490","AZPLANNING CO LTD","20260220",3035.0,13.0,7581.05,2779.62,11.89,2444.63,351.6,"JPY",5.3,47.3,"",0,18.5,6.7,"","","","Finance","Real Estate Services","",1.21,"",2025,12430.0,3165.0,2113.0
"3491","GA technologies Co., Ltd.","20260220",1635.0,2.0,1989.68,737.07,10.73,751.41,3310.4,"JPY",-150.1,50.0,"",0,17.0,9.5,5.3,2.3,-7.2,"Technology Services","Internet Content & Information","",41.04,"",2025,248947.0,2559.0,999.0
"3492","Takara Leben Real Estate Investment Corp.","20260220",92800.0,7.0,164850.96,53890.07,5.53,99315.38,5000.5,"JPY",342.2,77.1,"",0,6.8,5.7,6.1,8.7,6.5,"Real Estate","REIT - Diversified","",0.91,"",2025,0.0,96800.0,80300.0
"3493","Itochu Advance Logistics Investment Corp.","20240806",125100.0,0.0,123261.04,40294.25,3.7,110905.97,2752.8,"JPY","",90.0,"",0,4.4,5.1,"","","","Real Estate","REIT - Industrial","",0.67,"",2024,0.0,"",""
"3494","Mullion Co., Ltd.","20260220",388.0,20.0,1623.21,530.63,8.9,608.04,424.2,"JPY",205.5,2.7,"",0,10.6,8.6,3.7,1.5,2.3,"Finance","Real Estate Services","",7.84,"",2025,3254.0,554.0,257.0
"3495","Koryojyuhan Co., Ltd.","20260220",2450.0,14.0,5203.6,1978.4,10.0,2245.29,620.0,"JPY",-0.6,59.4,"",0,11.8,13.9,14.5,15.2,13.8,"Finance","Real Estate Services","",2.76,"",2025,11532.0,2855.0,1472.0
"3496","AZOOM CO.,LTD","20260220",4360.0,0.0,4254.7,1390.87,25.49,556.32,1740.2,"JPY",-5.4,56.7,"",0,50.2,50.1,49.8,46.1,34.2,"Consumer Services","Real Estate Services","",12.27,"",2025,13479.0,6230.0,3125.0
"3497","LETECH CORPORATION","20250918",1492.0,9.0,3025.55,1085.0,17.33,536.25,987.0,"JPY",23.5,44.5,"",0,18.9,27.1,1744.6,-96.6,-1.2,"Finance","Real Estate Services","",10.62,"",2025,17383.0,718755584.0,547112448.0
"3498","KASUMIGASEKI CAPITAL CO LTD","20260220",7350.0,9.0,14843.31,4852.3,26.66,1855.7,9762.0,"JPY",80.7,20.7,"",0,37.8,43.2,23.7,24.7,20.5,"Utilities","Conglomerates","",19.73,"",2025,96501.0,10880.0,4580.0
"3501","SUMINOE CO LTD","20260220",1350.0,-5.0,917.99,300.09,1.3,2351.43,405.8,"JPY",69.1,28.3,"",0,0.6,6.2,1.6,-1.0,"","Consumer Durables","Textile Manufacturing","",13.26,"",2025,104791.0,1365.0,1020.0
"3504","MARUHACHI HOLDINGS CO LTD","20260220",1241.0,16.0,4056.12,1325.95,3.25,4165.18,1790.1,"JPY",234.3,17.4,"",0,2.5,4.8,4.4,4.6,"","Consumer Durables","Furnishings, Fixtures & Appliances","",13.24,"",2025,11887.0,"",""
"3512","NIPPON FELT CO","20260220",900.0,-3.0,720.93,235.67,2.1,1143.62,425.4,"JPY",316.9,28.9,"",0,1.8,2.9,4.5,4.0,"","Process Industries","Conglomerates","",17.7,"",2025,9699.0,989.0,423.0
"3513","ICHIKAWA CO LTD","20260220",3315.0,9.0,6422.73,2099.6,4.13,5188.81,918.5,"JPY",50.1,50.1,"",0,3.7,5.6,4.6,2.9,"","Producer Manufacturing","Paper & Paper Products","",4.29,"",2025,13947.0,3680.0,1580.0
"3521","ECONACH HOLDINGS CO LTD","20260220",175.0,1.0,181.68,59.39,3.25,186.12,160.2,"JPY",80.0,10.0,"",0,4.0,2.1,-2.6,-4.8,"","Consumer Services","Real Estate Services","",26.45,"",2025,1980.0,190.0,120.0
"3524","NITTO SEIMO CO","20260220",1618.0,17.0,5664.67,1851.79,6.71,2815.44,489.1,"JPY",38.4,45.3,"",0,7.6,8.8,7.2,4.8,"","Process Industries","Textile Manufacturing","",2.59,"",2025,21600.0,1721.0,1363.0
"3526","ASHIMORI INDUSTRY CO","20260220",4110.0,19.0,14496.09,5442.34,13.31,4134.49,3319.0,"JPY",2.1,58.7,"",0,15.8,16.7,9.9,2.9,"","Producer Manufacturing","Auto Parts","",6.03,"",2025,72604.0,4370.0,2400.0
"3529","ATSUGI CO LTD","20260220",1065.0,"","","",-1.21,1976.34,-384.5,"JPY","",0.0,"",0,-0.7,-2.0,-5.1,-5.4,"","Consumer Non-Durables","Apparel Manufacturing","",16.02,"",2025,21880.0,1277.0,809.0
"3536","Axas Holdings Co., Ltd.","20260220",133.0,"","","",-3.35,72.44,-73.6,"JPY","",10.6,"",0,-5.5,-5.8,0.8,14.1,11.6,"Retail Trade","Household & Personal Products","",30.33,"",2025,12134.0,180.0,111.0
"3537","SHOEI YAKUHIN CO LTD","20260220",1608.0,13.0,4288.6,1401.95,5.47,2612.57,488.9,"JPY",68.4,29.0,"",0,6.5,6.7,7.0,2.7,"","Process Industries","Specialty Chemicals","",3.42,"",2025,25012.0,1926.0,1250.0
"3538","WILLPLUS HOLDINGS CORPORATION","20260220",1046.0,21.0,4438.69,1573.84,13.35,1192.3,1446.5,"JPY",60.7,35.0,"",0,14.2,10.6,14.7,20.6,"","Retail Trade","Auto & Truck Dealerships","",9.09,"",2025,88614.0,1067.0,826.0
"3539","JM HOLDINGS CO LTD","20260220",1686.0,10.0,3518.83,1318.63,14.59,885.58,6582.2,"JPY",5.0,59.4,12.0,0,15.4,15.6,12.5,13.1,14.3,"Retail Trade","Grocery Stores","",50.96,"",2025,186207.0,1827.0,1051.5
"3540","C.I.MEDICAL CO LTD","20251212",1493.0,0.0,1497.86,499.89,10.79,521.9,2816.2,"JPY",124.8,8.1,"",0,9.0,11.1,17.0,22.8,"","Distribution Services","Household & Personal Products","",50.0,"",2024,67493.0,7784999936.0,3230000128.0
"3543","KOMEDA HOLDINGS CO LTD","20260220",2905.0,4.0,3042.18,1186.85,12.99,1002.37,5928.1,"JPY",-115.8,72.7,"",0,13.5,15.0,14.1,14.6,"","Consumer Services","Restaurants","",45.51,"",2025,47057.0,3230.0,2645.0
"3544","SATUDORA HOLDINGS CO LTD","20260220",880.0,12.0,1772.44,672.78,10.51,711.26,1029.7,"JPY",-161.9,59.5,"",0,12.8,10.3,2.5,7.8,"","Retail Trade","Pharmaceutical Retailers","",13.77,"",2025,100174.0,930.0,791.0
"3546","ALLEANZA HOLDINGS CO LTD","20260220",1461.0,10.0,3229.5,1055.73,10.55,1019.99,3231.7,"JPY",-3.0,66.3,"",0,10.3,11.8,13.1,19.1,"","Retail Trade","Home Improvement Retail","",30.02,"",2025,153345.0,1275.0,900.0
"3547","Kushikatsu Tanaka Holdings Co.","20260220",2019.0,7.0,3340.77,1092.1,25.01,445.27,1023.4,"JPY",32.0,46.1,"",0,42.4,22.0,25.4,78.5,-18.2,"Consumer Services","Restaurants","",9.19,"",2025,21091.0,2974.0,1169.0
"3548","BAROQUE JAPAN LTD","20260220",808.0,"","","",-7.61,434.26,-1189.6,"JPY","",69.5,"",0,-11.8,6.4,2.0,9.2,"","Retail Trade","Apparel Retail","",35.99,"",2025,58180.0,813.0,611.0
"3549","KUSURI NO AOKI HOLDINGS CO LTD","20260220",4021.0,4.0,5630.3,1919.84,12.84,1478.88,18712.7,"JPY",71.1,18.1,"",0,17.0,13.0,16.9,14.2,"","Retail Trade","Pharmaceutical Retailers","",98.56,"",2025,501470.0,4815.0,2914.0
"3550","STUDIO ATAO CO LTD","20260220",237.0,"","","",-6.57,185.26,-168.5,"JPY","",5.7,5.0,0,-8.0,-0.8,1.6,29.4,"","Consumer Non-Durables","Footwear & Accessories","",13.84,"",2023,3709.0,243.0,167.0
"3551","DYNIC CORP","20260220",1230.0,22.0,5843.05,1910.1,6.01,3243.05,1597.1,"JPY",55.8,32.3,"",0,7.0,4.5,3.5,5.4,"","Process Industries","Specialty Business Services","",8.2,"",2025,44072.0,1278.0,648.0
"3553","KYOWA LEATHER CLOTH CO","20260220",1146.0,-1.0,1092.49,357.14,2.4,1520.31,867.8,"JPY",42.5,48.2,"",0,3.2,6.2,1.2,5.4,"","Producer Manufacturing","Chemicals","",23.83,"",2025,56397.0,1167.0,571.0
"3556","RenetJapanGroup, Inc.","20260220",1079.0,-5.0,736.45,240.75,35.33,69.47,358.7,"JPY","",0.0,"",0,136.4,-53.0,-5.1,46.3,19.0,"Retail Trade","Internet Retail","",14.61,"",2025,10412.0,1318.0,210.0
"3557","UNITED & COLLECTIVE CO LTD","20260220",1000.0,-19.0,185.26,60.56,9.59,77.38,32.8,"JPY","",0.0,"",0,"","",-243.2,-718.8,"","Retail Trade","Restaurants","",4.42,"",2025,6492.0,1049.0,840.0
"3558","JADE GROUP INC","20260220",1636.0,13.0,3621.45,1183.86,21.58,559.45,1181.8,"JPY",32.3,47.1,"",0,16.6,17.9,28.9,"",40.7,"Retail Trade","Internet Retail","",9.79,"",2025,19231.0,1850.0,962.0
"3559","P-BAN COM CORP","20260220",531.0,4.0,734.04,239.96,8.35,293.19,115.0,"JPY",27.2,56.0,"",0,8.9,7.7,7.2,11.6,"","Electronic Technology","Electronic Components","",4.7,"",2025,2180.0,756.0,385.0
"3560","Hobonichi Co., Ltd.","20260220",3585.0,7.0,4953.99,1850.01,10.03,2108.62,490.5,"JPY",22.0,52.1,"",0,9.9,9.5,10.6,5.4,2.2,"Consumer Services","Specialty Retail","",2.32,"",2025,8677.0,3735.0,2990.0
"3561","CHIKARANOMOTO HOLDINGS CO LTD","20260220",1520.0,3.0,2020.44,732.67,18.07,354.3,1927.0,"JPY",14.0,49.8,"",0,21.3,34.2,54.9,82.0,"","Consumer Services","Restaurants","",30.09,"",2025,34166.0,1587.0,1124.0
"3562","NO 1 CO LTD","20260220",1843.0,5.0,2700.89,951.3,13.8,684.23,616.6,"JPY",66.5,32.6,"",0,16.4,20.2,23.1,21.7,"","Distribution Services","Business Equipment & Supplies","",6.53,"",2025,14209.0,2548.0,1520.0
"3563","FOOD & LIFE COMPANIES LTD.","20260220",9314.0,-5.0,5967.3,1950.72,23.03,863.88,22534.5,"JPY",43.2,38.3,"",0,31.2,23.3,20.1,16.6,30.5,"Consumer Services","Restaurants","",113.29,"",2025,429574.0,9688.0,3901.0
"3565","ASCENTECH K K","20260220",1304.0,9.0,2683.24,877.16,30.48,293.44,1280.8,"JPY","",13.6,30.0,0,28.0,15.6,"","","","Distribution Services","Information Technology Services","",14.32,"",2025,14586.0,1992.0,868.0
"3566","UNIFORM NEXT CO. LTD.","20260220",729.0,7.0,1206.38,435.62,11.98,381.31,461.8,"JPY",28.6,41.1,"",0,15.1,10.6,13.0,11.2,10.4,"Retail Trade","Apparel Retail","",10.11,"",2025,9856.0,759.0,471.0
"3569","SEIREN CO LTD","20260220",3590.0,9.0,7342.76,2400.36,10.04,2438.25,14391.8,"JPY",5.9,58.6,"",0,11.7,11.4,12.5,10.9,"","Process Industries","Textile Manufacturing","",58.8,"",2025,159653.0,3480.0,2001.0
"3571","SOTOH CO LTD","20260220",796.0,-33.0,32.64,10.67,0.09,1177.6,13.7,"JPY",9625.0,0.0,"",0,1.0,3.2,-2.9,-3.4,"","Process Industries","Textile Manufacturing","",12.59,"",2025,10043.0,838.0,632.0
"3577","TOKAI SENKO KK","20260220",1000.0,5.0,1500.47,490.51,2.21,2267.41,158.1,"JPY",107.8,0.0,"",0,2.5,-1.1,-1.2,-0.1,"","Process Industries","Textile Manufacturing","",3.16,"",2025,14347.0,1067.0,775.0
"3580","KOMATSU MATERE CO LTD","20260220",884.0,8.0,1578.55,516.03,5.17,1018.49,2043.7,"JPY",38.0,61.4,"",0,5.2,5.6,3.7,3.9,"","Process Industries","Textile Manufacturing","",38.84,"",2025,39526.0,910.0,690.0
"3583","AUBEX CORP","20260220",1331.0,21.0,6115.34,1999.12,8.42,2421.3,564.7,"JPY",-13.6,56.4,"",0,9.2,7.5,7.9,11.1,"","Producer Manufacturing","Department Stores","",2.77,"",2025,6035.0,1545.0,1181.0
"3591","WACOAL HOLDINGS CORP","20260220",4497.0,-5.0,3022.61,988.1,2.64,3819.57,5059.9,"JPY",-89.6,90.0,"",0,0.7,3.4,3.1,2.4,"","Consumer Non-Durables","Apparel Manufacturing","",50.22,"",2025,173896.0,6055.0,4202.0
"3593","HOGY MEDICAL CO","20260220",6690.0,-10.0,3006.89,982.96,2.91,3447.26,2161.0,"JPY",-101.4,72.2,"",0,2.6,3.6,6.0,4.6,"","Health Technology","Medical Instruments & Supplies","",21.56,"",2025,39138.0,6750.0,3660.0
"3597","JICHODO CO LTD","20260220",10270.0,2.0,12182.81,3982.58,3.07,13235.76,1169.6,"JPY",12.4,73.8,"",0,3.2,6.5,7.7,4.0,"","Consumer Non-Durables","Apparel Manufacturing","",2.88,"",2025,14936.0,11220.0,8760.0
"3598","YAMAKI CO LTD","20260220",170.0,"","","",-0.03,300.14,-1.4,"JPY",-279.1,50.0,"",0,-0.2,8.3,-2.1,-20.5,"","Consumer Non-Durables","Apparel Manufacturing","",14.18,"",2025,10774.0,205.0,134.0
"3600","FUJIX LTD","20260220",1715.0,"","","",-1.17,6843.48,-110.5,"JPY","",0.0,"",0,-1.2,0.1,-0.7,-1.9,"","Process Industries","Textile Manufacturing","",1.38,"",2025,5646.0,1758.0,1460.0
"3604","Kawamoto Corp.","20250528",1198.0,34.0,12584.78,4113.99,7.56,5545.65,578.9,"JPY",56.9,30.2,"",0,8.3,5.1,9.1,10.4,"","Healthcare","Medical Instruments & Supplies","",1.38,"",2025,32908.0,1486.0,0.0
"3607","KURAUDIA HOLDINGS CO LTD","20260220",358.0,18.0,1328.62,458.64,11.35,440.29,450.5,"JPY",65.9,21.9,"",0,8.2,4.0,20.2,32.4,-20.5,"Consumer Non-Durables","Apparel Retail","",9.01,"",2025,13591.0,398.0,250.0
"3608","TSI HOLDINGS CO LTD","20260220",1123.0,"","","",-2.44,1850.86,-2631.8,"JPY","",60.0,"",0,-6.8,4.6,4.2,4.3,"","Consumer Non-Durables","Apparel Manufacturing","",58.3,"",2025,156606.0,1270.0,939.0
"3611","MATSUOKA CORPORATION","20260220",2437.0,16.0,7910.78,2586.05,7.33,3597.32,2753.0,"JPY",71.4,24.3,"",0,7.8,8.9,7.4,1.9,"","Consumer Non-Durables","Apparel Manufacturing","",10.44,"",2025,70579.0,2719.0,1370.0
"3612","WORLD CO LTD","20260220",3300.0,11.0,6183.52,2353.67,10.95,2384.91,8896.9,"JPY",-37.3,61.0,"",0,10.3,10.2,9.4,5.4,"","Consumer Non-Durables","Department Stores","",34.07,"",2025,225658.0,3250.0,2332.0
"3623","BILLING SYSTEM CORPORATION","20260220",1123.0,4.0,1564.32,585.25,13.26,450.24,375.5,"JPY",10.9,57.1,25.8,0,16.2,13.3,16.1,11.4,"","Commercial Services","Software - Infrastructure","",6.29,"",2024,4218.0,1387.0,962.0
"3625","Techfirm Holdings Inc.","20260220",672.0,16.0,2053.5,749.81,17.04,383.5,463.3,"JPY",13.3,52.0,"",0,22.3,7.4,9.2,-6.9,"","Technology","Information Technology Services","",7.09,"",2025,6705.0,974.0,483.0
"3626","TIS INC.","20260220",3109.0,9.0,4951.66,1907.25,13.95,1521.06,47891.6,"JPY",-8.7,68.0,"",0,14.8,16.2,12.7,12.5,"","Technology Services","Information Technology Services","",225.73,"",2025,571687.0,5399.0,3417.0
"3627","TECMIRA HOLDINGS INC","20260220",255.0,"","","",-0.65,521.11,-39.5,"JPY",236.7,46.1,"",0,0.5,0.3,6.3,3.1,"","Technology Services","Software - Infrastructure","",11.75,"",2025,11165.0,341.0,250.0
"3628","DATA HORIZON CO.LTD","20260220",464.0,"","","",-294.11,17.34,-647.1,"JPY","",0.0,"",0,-25.0,-19.1,-42.6,-23.3,"","Technology Services","Health Information Services","",12.69,"",2025,4857.0,760.0,341.0
"3632","GREE HOLDINGS INC","20260220",385.0,1.0,421.91,137.92,2.58,544.81,2414.3,"JPY",-26.2,66.9,"",0,1.4,4.9,10.7,8.0,"","Technology Services","Electronic Gaming & Multimedia","",171.67,"",2025,57111.0,628.0,373.0
"3633","GMO PEPABO INC","20260220",2016.0,10.0,4366.4,1641.34,27.3,461.9,651.9,"JPY",7.0,72.7,111.0,0,32.6,-17.8,17.2,24.3,"","Technology Services","Software - Infrastructure","",5.17,"",2024,10922.0,2675.0,1254.0
"3635","KOEI TECMO HOLDINGS CO LTD","20260220",1691.5,8.0,3058.25,1150.59,18.09,599.71,34273.6,"JPY",26.2,64.2,"",0,21.1,21.9,33.1,16.7,"","Technology Services","Electronic Gaming & Multimedia","",315.85,"",2025,83150.0,2544.5,1538.0
"3636","Mitsubishi Research Institute","20260220",4995.0,12.0,12080.67,3949.19,8.82,4566.54,6342.4,"JPY",23.8,56.9,"",0,8.7,7.9,10.6,10.7,8.8,"Commercial Services","Information Technology Services","",15.75,"",2025,121458.0,5360.0,3885.0
"3639","VOLTAGE INCORPORATION","20260220",250.0,-21.0,37.67,12.32,0.37,338.21,8.2,"JPY","",0.0,"",0,0.4,-4.3,-3.1,-11.8,"","Technology Services","Electronic Gaming & Multimedia","",6.49,"",2025,2818.0,418.0,198.0
"3640","DENSAN CO LTD","20260220",3725.0,21.0,15188.13,5598.97,19.86,2289.91,2523.5,"JPY",2.1,59.1,"",0,17.0,10.1,25.7,12.9,"","Technology Services","Semiconductors","",5.55,"",2025,18740.0,3940.0,1342.0
"3641","Papyless Co. Ltd.","20260220",1064.0,-21.0,162.01,52.96,0.52,1032.02,46.6,"JPY",58.4,27.8,"",0,-1.6,2.3,7.5,8.3,"","Communication Services","Publishing","",8.62,"",2025,15768.0,1075.0,781.0
"3645","MEDICAL NET INC","20260220",304.0,4.0,400.52,130.93,6.8,196.45,116.6,"JPY",3.0,52.3,"",0,2.2,9.1,17.4,24.2,"","Commercial Services","Internet Content & Information","",8.73,"",2025,6077.0,340.0,264.0
"3646","EKITAN & CO LTD","20260220",394.0,-6.0,251.06,82.07,2.4,349.36,39.5,"JPY",28.0,88.0,"",0,3.6,5.2,2.5,2.8,"","Technology Services","Internet Content & Information","",4.72,"",2025,3499.0,442.0,293.0
"3647","G Three Holdings Corporation","20260220",137.0,"","","",-44.01,37.72,-305.0,"JPY","",0.0,"",0,-30.3,-44.4,-13.8,1.3,5.9,"Industrial Services","Information Technology Services","",18.37,"",2025,606.0,196.0,92.0
"3648","AGS CORP","20260220",1226.0,11.0,2850.18,931.73,10.84,876.33,1589.5,"JPY",-1.4,73.0,"",0,10.0,6.0,4.3,5.1,"","Technology Services","Software - Application","",16.73,"",2025,24862.0,1595.0,671.0
"3649","FINDEX INC","20260220",888.0,6.0,1373.07,448.86,20.35,224.89,1140.1,"JPY",55.0,39.4,22.0,0,24.0,26.3,20.5,20.7,"","Technology Services","Health Information Services","",24.91,"",2024,5841.0,1011.0,599.0
"3652","DIGITAL MEDIA PROFESSIONALS INC","20260220",2175.0,-50.0,9.05,2.96,0.03,1146.35,1.0,"JPY",59.4,20.3,"",0,5.8,10.6,0.7,-3.8,"","Electronic Technology","Electronic Components","",3.15,"",2025,3077.0,3595.0,1300.0
"3653","Morpho, Inc.","20260220",790.0,"","","",-2.18,689.33,-79.0,"JPY","",0.0,"",0,-2.2,9.6,-6.9,-13.9,-15.0,"Technology Services","Software - Application","",5.25,"",2025,3359.0,1386.0,757.0
"3655","BRAINPAD INC.","20260220",2691.0,-11.0,1189.31,435.58,15.55,275.97,896.7,"JPY",34.8,50.7,"",0,19.2,17.8,10.3,"",15.6,"Technology Services","Information Technology Services","",20.89,"",2025,11772.0,2933.0,803.0
"3656","KLAB INC","20260220",310.0,"","","",-15.67,172.98,-1624.5,"JPY","",0.0,"",0,-16.2,-9.3,-1.5,-11.0,"","Technology Services","Electronic Gaming & Multimedia","",59.95,"",2024,8306.0,413.0,105.0
"3657","POLE TO WIN HOLDINGS INC","20260220",309.0,"","","",-0.86,351.73,-106.9,"JPY",53.5,34.4,8.0,0,-1.1,-1.6,8.4,15.2,"","Technology Services","Information Technology Services","",35.36,"",2025,52225.0,453.0,295.0
"3659","NEXON CO LTD","20260220",3216.0,4.0,4429.09,1447.88,11.57,1275.73,117927.5,"JPY",-38.0,66.7,45.0,0,14.5,12.5,13.6,16.2,"","Technology Services","Electronic Gaming & Multimedia","",798.77,"",2024,446211.0,4434.0,1826.5
"3660","ISTYLE INC","20260220",459.0,4.0,608.48,213.18,12.64,169.05,2130.7,"JPY",41.1,29.4,"",0,20.4,12.8,3.5,-5.9,"","Technology Services","Internet Retail","",99.71,"",2025,68768.0,685.0,366.0
"3661","M UP HOLDINGS INC","20260220",676.0,6.0,1038.36,339.44,31.75,109.02,2456.8,"JPY",35.9,47.8,"",0,39.8,24.9,21.8,22.6,"","Technology Services","Internet Content & Information","",70.98,"",2025,25782.0,1308.5,738.0
"3662","ATEAM HOLDINGS CO LTD","20260220",1009.0,"","","",-0.38,487.41,-34.8,"JPY",-263.4,85.2,14.0,0,1.3,4.2,4.3,-7.1,2.2,"Technology Services","Internet Content & Information","",18.58,"",2025,23917.0,1370.0,807.0
"3663","CELSYS INC","20260220",1284.0,3.0,1586.97,518.78,29.72,177.99,1610.2,"JPY",5.9,84.6,36.0,0,22.2,18.7,16.9,25.3,"","Technology Services","Software - Application","",30.44,"",2024,8204.0,1964.0,999.0
"3664","MOBCAST HLDGS INC","20260220",33.0,"","","",-101.03,5.28,-318.3,"JPY","",0.0,"",0,-56.2,-60.3,-225.9,-46.9,"","Electronic Technology","Electronic Gaming & Multimedia","",59.68,"",2024,3071.0,91.0,26.0
"3665","ENIGMO INC","20260220",404.0,-5.0,259.55,84.85,3.0,288.15,343.2,"JPY","",0.0,30.0,0,11.6,"","","","","Technology Services","Software - Infrastructure","",39.67,"",2025,5928.0,525.0,246.0
"3666","Tecnos Japan Inc.","20250514",1151.0,1.0,1309.95,503.15,13.89,373.93,1003.6,"JPY",-15.6,68.1,"",0,14.0,17.1,15.9,15.0,"","Technology","Information Technology Services","",19.33,"",2024,12639.0,1157.0,0.0
"3667","ENISH INC","20260220",59.0,"","","",-93.31,26.44,-828.6,"JPY","",0.0,"",0,-170.8,-112.7,-67.7,-32.4,"","Technology Services","Electronic Gaming & Multimedia","",33.58,"",2024,3317.0,173.0,52.0
"3668","COLOPL, Inc.","20260220",425.0,-4.0,312.26,102.08,1.94,536.65,1337.0,"JPY",174.2,54.3,"",0,1.6,-2.3,2.5,3.1,7.3,"Technology Services","Electronic Gaming & Multimedia","",128.45,"",2025,25933.0,545.0,407.0
"366A","Wellness Communications Corporation","20260220",940.0,9.0,1847.07,603.81,22.2,277.37,767.2,"JPY",1.5,49.2,"",0,26.9,28.7,28.9,27.5,"","Technology Services","Information Technology Services","",12.46,"",2025,14057.0,1745.0,950.0
"3670","KYORITSU COMPUTER & COMMUNICATION","20260220",2118.0,5.0,3101.25,1013.8,6.56,1575.0,124.1,"JPY",10.1,70.3,55.0,0,7.2,6.4,7.6,10.8,"","Distribution Services","Information Technology Services","",1.2,"",2023,4983.0,3750.0,1465.0
"3671","SOFTMAX CO LTD","20260220",312.0,12.0,784.44,260.47,15.39,146.24,541.3,"JPY",94.8,7.6,10.0,0,14.9,15.4,15.9,19.0,"","Technology Services","Health Information Services","",24.05,"",2024,5428.0,442.0,182.5
"3672","AltPlus Inc.","20260220",45.0,"","","",-43.01,46.54,-434.0,"JPY","",0.0,"",0,-56.1,-44.4,-58.8,-44.1,-17.0,"Technology Services","Electronic Gaming & Multimedia","",21.68,"",2025,2897.0,114.0,42.0
"3673","BROADLEAF CO LTD","20260220",680.0,-13.0,220.41,72.05,2.86,256.84,662.0,"JPY","",0.0,6.0,0,1.5,-6.0,-7.0,8.8,"","Technology Services","Software - Application","",90.1,"",2024,18045.0,821.0,521.0
"3674","Aucfan Co., Ltd.","20260220",335.0,"","","",-5.63,388.97,-230.4,"JPY","",0.0,"",0,-7.2,5.1,7.2,-0.6,5.4,"Technology Services","Internet Content & Information","",10.52,"",2025,4657.0,448.0,306.0
"3675","CROSS MARKETING GROUP INC","20260220",623.0,18.0,2140.51,789.16,17.6,412.13,1405.4,"JPY",9.5,55.9,"",0,20.0,19.5,17.8,44.0,"","Commercial Services","Internet Content & Information","",19.37,"",2025,28896.0,817.0,562.0
"3676","DIGITAL HEARTS HOLDINGS CO LTD","20260220",833.0,12.0,2004.37,738.13,16.87,401.48,1510.8,"JPY",13.4,54.9,"",0,15.0,15.7,28.5,31.7,"","Technology Services","Information Technology Services","",22.3,"",2025,39748.0,1117.0,804.0
"3678","MEDIA DO CO LTD","20260220",1639.0,11.0,2905.39,1113.43,10.72,1159.35,1887.2,"JPY",-8.2,63.5,"",0,11.4,7.4,10.8,16.5,"","Consumer Services","Publishing","",15.18,"",2025,101914.0,1977.0,1426.0
"3679","ZIGEXN CO LTD","20260220",427.0,14.0,1124.33,424.98,19.44,200.34,3884.1,"JPY",11.6,67.4,"",0,19.9,23.6,20.3,17.4,"","Technology Services","Internet Content & Information","",99.73,"",2025,25450.0,581.0,354.0
"367A","Primo Global Holdings Co.,Ltd.","20260220",2180.0,12.0,5459.14,1784.6,8.82,2063.09,1592.3,"JPY","",0.0,"",0,13.0,8.0,"","","","Distribution Services","Wholesale Distributors","",8.75,"",2025,28002.0,2364.0,1650.0
"3680","HOTTO LINK INC","20260220",222.0,"","","",-1.67,373.17,-97.6,"JPY",124.2,0.0,6.0,0,-1.2,4.5,5.9,5.2,"","Technology Services","Software - Infrastructure","",15.69,"",2024,4268.0,430.0,193.0
"3681","V-CUBE INC","20260220",138.0,"","","","","",-1092.0,"JPY","",5.1,"",0,-121.1,-28.1,11.0,49.7,"","Technology Services","Software - Application","",25.88,"",2024,10463.0,210.0,106.0
"3683","CYBERLINKS CO LTD","20260220",1183.0,10.0,2431.77,858.07,12.18,735.23,991.0,"JPY",55.5,31.8,30.0,0,11.4,9.9,15.3,12.8,"","Technology Services","Software - Infrastructure","",11.07,"",2024,15870.0,2064.0,891.0
"3686","DLE INC","20260220",122.0,"","","",-21.25,41.64,-384.3,"JPY","",0.0,"",0,-13.3,-23.5,-11.7,-9.4,"","Technology Services","Entertainment","",43.42,"",2025,1978.0,220.0,90.0
"3687","Fixstars Corp.","20260220",1440.0,4.0,1978.88,733.65,22.54,255.72,1858.7,"JPY",1.9,63.9,"",0,28.9,26.8,32.4,30.9,16.3,"Technology Services","Software - Application","",32.25,"",2025,9617.0,2278.0,1285.0
"3688","CARTA HOLDINGS INC","20251205",2091.0,0.0,2153.66,704.03,7.51,956.05,1816.3,"JPY",-4.2,90.0,"",0,6.7,5.7,5.0,14.6,"","Technology Services","Internet Content & Information","",25.3,"",2024,24275.0,4702061056.0,2876344064.0
"368A","Kitazato Corporation","20260220",1453.0,10.0,3017.3,1135.9,21.22,456.22,3872.9,"JPY",4.9,68.1,"",0,23.7,27.7,24.0,25.2,"","Health Technology","Pharmaceuticals: Major","",40.0,"",2025,10302.0,1975.0,1305.0
"3690","YRGLM, Inc.","20260220",569.0,9.0,1109.7,413.45,14.97,267.42,248.2,"JPY",7.5,57.5,"",0,11.2,3.9,11.7,14.6,18.8,"Technology Services","Advertising Agencies","",6.2,"",2025,4934.0,717.0,499.0
"3691","DIGITAL PLUS, Inc.","20260220",1512.0,"","","",-7.0,193.79,-59.0,"JPY","",0.0,"",0,-8.2,5.9,-25.4,-4.2,-8.8,"Technology Services","Internet Content & Information","",4.35,"",2025,933.0,1972.0,577.0
"3692","FFRI SECURITY INC","20260220",8870.0,-12.0,3317.83,1084.6,31.38,352.47,874.8,"JPY",27.7,45.3,"",0,31.5,24.7,10.8,7.6,"","Technology Services","Software - Application","",7.91,"",2025,3039.0,13800.0,2474.0
"3694","OPTIM CORPORATION","20260220",458.0,5.0,664.94,243.14,14.84,152.92,1250.4,"JPY",-2.0,50.0,"",0,16.6,19.3,19.1,22.3,"","Technology Services","Software - Infrastructure","",55.1,"",2025,10580.0,712.0,471.0
"3695","GMO RESEARCH & AI INC","20260220",1710.0,0.0,1277.23,482.22,11.63,474.66,244.1,"JPY",34.3,57.8,59.52,0,8.9,16.5,21.2,18.5,"","Commercial Services","Software - Infrastructure","",4.42,"",2024,5025.0,3130.0,1790.0
"3696","CERES INC.","20260220",1594.0,6.0,2546.84,832.57,8.79,965.94,979.7,"JPY",-29.0,63.6,80.0,0,19.3,9.4,0.0,31.5,"","Commercial Services","Conglomerates","",11.54,"",2024,27706.0,2860.0,1770.0
"3697","SHIFT, Inc.","20260220",657.1,7.0,1116.08,364.85,23.87,155.85,9795.1,"JPY",21.6,42.9,"",0,31.8,23.5,31.6,22.6,28.9,"Technology Services","Software - Application","",263.29,"",2025,129819.0,1827.5,648.8
"3698","CRI Middleware Co., Ltd.","20260220",950.0,11.0,2223.33,726.81,9.56,775.14,387.6,"JPY",-1.3,67.1,"",0,11.2,8.7,8.9,2.9,6.6,"Technology Services","Electronic Gaming & Multimedia","",5.23,"",2025,3448.0,1616.0,801.0
"3708","TOKUSHU TOKAI PAPER CO LTD","20260220",1668.0,11.0,3815.04,1247.14,5.65,2251.92,4443.3,"JPY",57.0,43.0,"",0,5.6,6.7,3.8,5.0,"","Process Industries","Paper & Paper Products","",34.94,"",2025,94800.0,1718.0,1025.0
"3710","Jorudan Co., Ltd.","20260220",598.0,8.0,1076.47,351.9,3.99,898.43,183.0,"JPY",73.6,26.0,"",0,4.8,-5.0,0.2,2.4,1.6,"Technology Services","Software - Application","",5.1,"",2025,2834.0,618.0,560.0
"3712","Information Planning Co., Ltd.","20260220",5320.0,9.0,10543.58,3784.69,15.4,2301.66,1070.8,"JPY",47.9,42.5,"",0,17.3,18.4,17.0,39.1,"","Technology Services","Software - Application","",3.02,"",2025,3843.0,6800.0,4005.0
"3723","Nihon Falcom Corporation","20260220",2299.0,2.0,2711.09,886.26,8.54,1058.07,929.0,"JPY",-0.8,61.3,"",0,9.1,8.9,10.3,13.3,14.7,"Consumer Durables","Electronic Gaming & Multimedia","",10.28,"",2025,2612.0,1864.0,1049.0
"3726","4Cs HD Co.Ltd.","20260220",439.0,"","","",-12.48,154.23,-207.0,"JPY","",0.0,"",0,-17.7,-28.1,-50.3,-21.2,-20.2,"Consumer Non-Durables","Internet Retail","",10.75,"",2025,2441.0,1076.0,442.0
"3727","APLIX CORPORATION","20260220",190.0,2.0,223.83,73.17,6.26,119.21,162.4,"JPY",13.8,43.1,3.5,0,6.9,15.4,6.9,-5.1,"","Technology Services","Software - Application","",21.76,"",2024,3707.0,282.0,122.0
"372A","Rent Corporation","20260220",6000.0,15.0,18700.13,6113.11,15.97,4817.31,2399.9,"JPY",204.3,0.0,"",0,20.0,20.1,17.2,13.5,"","Finance","Finance/Rental/Leasing","",3.85,"",2025,49088.0,7080.0,5260.0
"3733","Software Service, Inc.","20260220",13100.0,12.0,30484.17,11368.69,14.03,7995.23,5876.8,"JPY",-5.0,56.9,"",0,16.8,16.8,17.8,13.2,12.9,"Technology Services","Health Information Services","",5.24,"",2025,42298.0,14890.0,10310.0
"3738","T-Gaia Corp.","20250327",2659.0,63.0,49864.15,19069.39,13.58,14758.4,10500.2,"JPY",10.8,65.8,"",0,12.1,10.7,15.4,23.3,"","Communication Services","Telecom Services","",5.24,"",2024,448954.0,0.0,0.0
"3739","COMMSEED CORPORTION","20260220",151.0,22.0,762.02,249.11,19.23,132.06,133.1,"JPY",19.0,40.5,"",0,14.1,3.1,10.3,14.3,"","Technology Services","Electronic Gaming & Multimedia","",5.24,"",2025,2464.0,"",""
"3741","SYSTEMS ENGINEERING CONSULTANTS CO","20260220",3975.0,-3.0,3348.11,1264.83,14.06,914.61,1311.5,"JPY",16.5,61.8,"",0,16.0,14.5,12.4,11.9,"","Technology Services","Software - Infrastructure","",10.2,"",2025,10295.0,4215.0,1827.5
"3744","SIOS CORPORATION","20260220",472.0,-22.0,62.8,20.53,1.18,177.28,18.2,"JPY","",13.7,"",0,-12.3,1.8,-35.4,20.4,"","Technology Services","Software - Application","",8.67,"",2024,20561.0,592.0,265.0
"3747","Intertrade Co., Ltd.","20260220",619.0,"","","",-19.01,149.65,-204.5,"JPY","",0.0,"",0,-17.0,-13.1,-2.3,1.7,-2.8,"Commercial Services","Capital Markets","",7.19,"",2025,1836.0,1440.0,307.0
"3750","CYTORI CELL RESEARCH INSTITUTE INC","20260220",859.0,"","","",-127.88,70.55,-805.7,"JPY","",0.0,"",0,-30.4,-9.2,-20.0,-11.6,"","Finance","Biotechnology","",8.93,"",2025,122.0,990.0,642.0
"3753","FLIGHT SOLUTIONS INC","20260220",152.0,"","","",-23.18,38.52,-105.0,"JPY","",0.0,"",0,-18.4,7.7,26.6,-39.3,"","Electronic Technology","Information Technology Services","",11.76,"",2024,3208.0,333.0,144.0
"3758","AERIA INC","20260220",273.0,-7.0,158.31,51.75,1.31,404.24,109.6,"JPY",224.8,14.1,5.0,0,-3.3,6.4,3.2,8.2,"","Technology Services","Electronic Gaming & Multimedia","",20.76,"",2024,19155.0,400.0,193.0
"3760","CAVE INTERACTIVE CO LTD","20260220",690.0,29.0,5435.52,1776.88,19.31,938.16,1201.3,"JPY",63.0,18.5,"",0,28.9,34.6,-7.9,-78.8,"","Technology Services","Electronic Gaming & Multimedia","",6.63,"",2025,13969.0,1100.0,648.0
"3762","TECHMATRIX CORP","20260220",1889.0,8.0,3362.89,1233.28,17.89,602.29,4331.2,"JPY",21.6,54.5,"",0,20.3,19.0,17.7,19.0,"","Technology Services","Information Technology Services","",40.19,"",2025,64882.0,2478.0,1720.0
"3763","PRO-SHIP INC","20260220",1428.0,7.0,2395.56,919.08,22.27,358.73,1980.6,"JPY",-0.1,75.7,"",0,24.2,19.9,10.9,15.4,"","Technology Services","Software - Application","",24.79,"",2025,7564.0,1825.0,831.0
"3765","GUNGHO ONLINE ENTERTAINMENT","20260220",2483.0,11.0,5722.64,1870.74,8.05,2370.24,10363.7,"JPY",-4.6,61.4,"",0,8.8,13.5,17.6,20.3,"","Technology Services","Electronic Gaming & Multimedia","",54.33,"",2024,103600.0,3225.0,2365.0
"3766","SYSTEMS DESIGN CO LTD","20260220",1330.0,12.0,3199.12,1045.8,7.9,1349.71,364.7,"JPY",52.4,34.5,"",0,7.2,8.8,10.0,6.6,"","Technology Services","Information Technology Services","",3.42,"",2025,9609.0,1450.0,875.0
"3768","RISKMONSTER.COM","20260220",561.0,10.0,1204.02,393.6,5.09,788.87,299.4,"JPY",-3.7,64.8,"",0,4.2,2.6,6.5,8.6,"","Commercial Services","Consulting Services","",7.46,"",2025,3728.0,635.0,390.0
"3769","GMO Payment Gateway, Inc.","20260220",7444.0,0.0,7658.66,2885.7,18.16,1489.95,20520.3,"JPY",21.0,65.0,"",0,21.3,18.7,15.5,12.3,27.4,"Finance","Software - Infrastructure","",75.85,"",2025,82499.0,10380.0,7263.0
"3770","ZAPPALLAS INC","20251029",419.0,3.0,548.02,179.15,3.3,553.29,163.9,"JPY",1003.6,40.8,"",0,2.6,4.4,-5.2,0.7,"","Technology Services","Internet Content & Information","",8.97,"",2025,4317.0,460.0,325.0
"3771","SYSTEM RESEARCH CO LTD","20260220",1798.0,12.0,4251.28,1566.75,18.9,712.3,2232.4,"JPY",17.3,57.6,"",0,20.8,22.6,24.2,20.9,"","Technology Services","Software - Application","",16.58,"",2025,25931.0,2280.0,1342.0
"3772","WEALTH MANAGEMENT INC","20260220",1065.0,-1.0,1024.82,335.01,3.38,1011.37,655.2,"JPY",106.6,6.0,"",0,1.8,11.8,34.0,50.5,"","Finance","Asset Management","",19.18,"",2025,18310.0,1164.0,832.0
"3773","ADVANCED MEDIA INC (JAPAN)","20260220",1093.0,10.0,1852.27,648.77,9.82,785.89,1208.4,"JPY",87.8,26.2,"",0,11.9,10.7,7.1,5.7,"","Technology Services","Communication Equipment","",15.66,"",2025,6665.0,1293.0,701.0
"3774","INTERNET INITIATIVE JAPAN INC","20260220",2238.0,4.0,3169.18,1180.39,14.71,793.65,20688.2,"JPY",17.0,56.9,"",0,15.8,16.8,17.8,14.3,"","Communications","Telecom Services","",177.26,"",2025,316831.0,3130.0,2098.0
"3775","GAIAX CO. LTD.","20260220",406.0,-30.0,26.57,9.76,13.62,7.14,172.1,"JPY",-17.0,50.0,"",0,26.6,11.1,-9.4,-10.2,"","Technology Services","Internet Content & Information","",176.94,"",2024,3370.0,"",""
"3776","Broadband Tower, Inc.","20260220",221.0,5.0,318.74,104.2,7.44,142.86,653.0,"JPY",-56.9,58.0,"",0,7.5,9.3,1.9,-6.8,8.7,"Technology Services","Telecom Services","",61.46,"",2025,15289.0,251.0,116.0
"3777","ENVIRONMENT FRIENDLY HOLDINGS CORP.","20260220",62.0,"","","",-1.93,10.6,-61.9,"JPY","",0.0,"",0,-2.4,9.2,-7.8,-100.0,"","Commercial Services","Software - Application","",301.69,"",2024,17237.0,88.0,29.0
"3778","SAKURA INTERNET INC","20260220",2887.0,-10.0,1292.34,422.47,5.74,751.0,1724.0,"JPY",673.7,17.4,"",0,33.0,7.0,8.0,6.3,"","Technology Services","Software - Infrastructure","",40.02,"",2025,31412.0,4720.0,2493.0
"3779","J ESCOM HOLDINGS","20260220",164.0,"","","",-24.54,53.15,-150.9,"JPY","",0.0,"",0,-117.4,-43.6,-14.5,1.1,"","Retail Trade","Internet Retail","",11.57,"",2025,1318.0,409.0,115.0
"377A","Agent IG Holdings, Inc.","20260220",1062.0,-8.0,557.97,182.4,3.3,563.36,43.2,"JPY",65.8,17.1,"",0,5.1,9.4,16.4,25.8,"","Miscellaneous","Miscellaneous","",2.32,"",2024,8161.0,"",""
"3787","TECHNO MATHEMATICAL CO.LTD","20260220",662.0,"","","",-6.87,680.31,-121.1,"JPY","",0.0,"",0,-14.3,-6.9,-2.2,-3.0,"","Electronic Technology","Software - Application","",2.59,"",2025,416.0,793.0,475.0
"3788","GMO GLOBALSIGN HOLDINGS K.K.","20260220",2058.0,2.0,2413.05,788.83,9.76,824.04,923.4,"JPY",-5.6,81.0,56.91,0,10.3,9.0,10.2,11.5,"","Technology Services","Information Technology Services","",11.48,"",2024,19166.0,2519.0,1706.0
"378A","Hit Co.,Ltd.","20260220",2101.0,8.0,3979.89,1301.03,25.79,609.71,874.3,"JPY",18.6,40.7,"",0,35.7,55.8,46.8,-4.0,"","Commercial Services","Advertising/Marketing Services","",6.59,"",2025,4419.0,2463.0,1626.0
"3791","IG Port Inc.","20260220",1311.0,-2.0,1096.51,358.45,9.44,387.14,739.1,"JPY",-4.6,64.4,"",0,11.5,16.3,14.2,0.6,"","Communication Services","Entertainment","",20.22,"",2025,14598.0,2522.0,1125.0
"3793","DRECOM CO.LTD","20260220",412.0,-1.0,378.66,123.78,7.74,163.09,364.9,"JPY",4.6,53.7,"",0,2.4,15.1,33.8,30.7,"","Technology Services","Electronic Gaming & Multimedia","",28.91,"",2025,12655.0,914.0,392.0
"3796","E-SEIKATSU CO","20260220",498.0,-16.0,120.41,39.36,1.48,271.3,27.7,"JPY",7.6,58.0,"",0,-2.0,8.0,9.2,6.5,"","Technology Services","Software - Application","",6.9,"",2025,3028.0,665.0,432.0
"3798","ULS Group Inc.","20260220",570.0,4.0,775.15,285.16,14.79,185.08,1505.9,"JPY",17.5,52.2,"",0,19.0,15.0,14.7,16.2,"","Technology","Information Technology Services","",55.01,"",2025,13203.0,854.0,409.5
"3799","KEYWARE SOLUTIONS INC","20260220",1174.0,11.0,2601.64,981.45,11.61,905.38,878.8,"JPY",-46.5,58.4,"",0,10.8,9.4,9.0,9.2,"","Technology Services","Information Technology Services","",8.36,"",2025,21101.0,1292.0,607.0
"3800","UNIRITA Inc.","20260220",1972.0,5.0,2847.83,930.96,6.04,1572.93,722.4,"JPY",4.8,81.9,"",0,5.5,6.6,7.3,4.6,"","Technology","Software - Application","",7.61,"",2025,11687.0,2049.0,1830.0
"3802","ECOMIC CO.LTD","20260220",480.0,-1.0,427.29,139.68,3.71,383.8,66.8,"JPY",-1.6,60.1,"",0,1.8,9.2,14.9,11.2,"","Commercial Services","Specialty Business Services","",4.69,"",2025,2121.0,636.0,417.0
"3803","Image Information Inc.","20260220",655.0,"","","",-23.11,140.1,-65.4,"JPY","",0.0,"",0,-22.9,-4.2,-1.2,-2.0,"","Technology","Information Technology Services","",2.02,"",2025,646.0,2937.0,361.0
"3804","System D Inc.","20260220",1538.0,7.0,2633.25,988.48,13.08,780.97,655.0,"JPY",6.7,58.2,"",0,14.6,13.9,17.8,20.9,19.6,"Technology","Software - Application","",6.41,"",2025,5032.0,2503.0,1498.0
"3807","Fisco Ltd.","20260220",117.0,"","","",-12.2,41.82,-233.8,"JPY","",0.0,"",0,-5.3,-107.9,-19.7,-221.3,"","Financial Services","Financial Data & Stock Exchanges","",45.82,"",2022,924.0,224.0,110.0
"3808","O K W A V E","20260220",39.0,"","","",-45.51,8.1,-168.9,"JPY","",0.0,"",0,-82.7,"",-136.7,-17.3,"","Technology Services","Internet Content & Information","",45.82,"",2025,234.0,"",""
"3810","CYBERSTEP INC","20260220",231.0,"","","",-267.08,21.75,-1452.9,"JPY","",0.0,"",0,-124.6,-65.0,-64.1,-42.5,"","Technology Services","Electronic Gaming & Multimedia","",25.01,"",2025,2504.0,430.0,215.0
"3814","Alphax Food System Co. Ltd.","20250905",159.0,14.0,461.45,150.85,80.6,19.08,60.5,"JPY","",0.0,"",0,533.3,"",-2000.0,-647.6,"","Industrials","Conglomerates","",3.93,"",2024,1659.0,415.0,93.0
"3815","Media Kobo, Inc.","20260220",501.0,"","","",-51.51,70.14,-364.2,"JPY","",12.3,"",0,-37.7,-12.2,3.2,15.4,3.7,"Technology Services","Internet Content & Information","",10.08,"",2025,1873.0,610.0,467.0
"3816","Daiwa Computer Co. Ltd.","20260220",1157.0,11.0,2751.03,899.32,6.63,1382.47,355.8,"JPY",23.9,47.8,"",0,7.7,8.3,7.5,8.0,8.3,"Technology","Software - Application","",3.88,"",2025,3204.0,1300.0,998.0
"3817","SRA HOLDINGS INC","20260220",4975.0,12.0,11510.83,4382.29,17.14,2438.95,5278.8,"JPY",-21.1,68.1,"",0,17.5,21.2,20.2,19.0,"","Technology Services","Information Technology Services","",12.63,"",2025,51617.0,5870.0,3850.0
"3823","WHY HOW DO COMPANY,Inc.","20260220",56.0,"","","",-47.36,11.78,-733.1,"JPY","",0.0,"",0,-111.9,-37.2,-29.1,-24.0,-41.8,"Technology Services","Software - Application","",131.42,"",2025,1751.0,189.0,45.0
"3824","MEDIA FIVE CO.","20260220",658.0,"","","",-0.53,3.45,-1.9,"JPY",27.6,36.2,"",0,0.8,2.3,9.2,-12.7,"","Technology Services","Information Technology Services","",104.02,"",2024,1835.0,887.0,551.0
"3825","REMIXPOINT INC","20260220",230.0,-6.0,142.4,46.55,3.59,132.04,643.9,"JPY","",6.5,"",0,-6.9,10.9,-40.5,160.0,"","Technology Services","Utilities - Diversified","",135.64,"",2025,21129.0,701.0,229.0
"3826","SYSTEM INTEGRATOR CORP","20260220",514.0,-11.0,208.52,68.16,1.85,376.37,75.9,"JPY",349.0,9.6,"",0,4.2,"","","","","Technology Services","Software - Application","",10.92,"",2025,4768.0,542.0,293.0
"3830","Giga Prize Co. Ltd.","","","",6457.72,2111.04,26.6,809.16,2350.6,"JPY",5.9,49.5,"",0,35.5,37.2,37.0,51.7,"","Technology","Information Technology Services","",10.92,"",2024,20001.23,"",""
"3835","EBASE CO LTD","20260220",414.0,7.0,720.14,271.55,16.25,164.66,1195.2,"JPY",9.6,63.1,"",0,18.3,18.2,16.5,13.7,"","Technology Services","Software - Application","",44.68,"",2025,5469.0,580.0,421.0
"3836","AVANT GROUP CORPORATION","20260220",1384.0,9.0,2653.28,985.01,20.12,426.53,3135.3,"JPY",2.0,61.4,"",0,23.4,23.0,21.5,23.3,"","Technology Services","Software - Application","",36.53,"",2025,28227.0,1908.0,1460.0
"3837","AD-SOL NISSIN CORPORATION","20260220",1811.0,1.0,2092.37,780.75,17.6,404.87,1244.5,"JPY",20.0,61.0,"",0,16.5,15.0,14.1,14.6,"","Technology Services","Information Technology Services","",17.47,"",2025,15463.0,1859.0,850.0
"3839","ODK SOLUTIONS COMPANY LTD","20260220",627.0,9.0,1270.06,415.19,5.51,768.78,347.2,"JPY",6.2,57.2,"",0,6.1,8.0,5.0,6.8,"","Technology Services","Information Technology Services","",8.2,"",2025,6472.0,653.0,530.0
"3840","PATH CORPORATION","20260220",53.0,"","","",-13.96,33.1,-345.4,"JPY","",0.0,"",0,-19.7,-16.7,-48.6,-110.0,"","Retail Trade","Specialty Business Services","",74.75,"",2025,2253.0,130.0,53.0
"3842","Nextgen Inc.","20260220",1146.0,7.0,2006.42,746.68,11.37,702.91,246.9,"JPY",-2.7,52.7,"",0,12.0,9.2,0.3,8.1,"","Communication Services","Telecom Services","",3.09,"",2025,3620.0,1330.0,772.0
"3843","FREEBIT CO.LTD","20260220",1548.0,13.0,4059.25,1326.97,45.39,298.12,2949.7,"JPY",7.8,53.3,"",0,23.8,41.9,29.7,11.9,"","Technology Services","Internet Content & Information","",21.8,"",2025,55073.0,1763.0,1229.0
"3844","COMTURE CORPORATION","20260220",1447.0,8.0,2676.01,1032.25,17.49,579.12,3230.4,"JPY",-5.8,73.0,"",0,19.2,21.1,21.1,22.3,"","Technology Services","Information Technology Services","",31.89,"",2025,36341.0,1863.0,1373.0
"3845","I-Freek Mobile Inc.","20260220",240.0,"","","",-8.15,31.44,-54.7,"JPY",11.2,54.9,"",0,-9.3,20.3,58.9,-8.9,"","Communication Services","Internet Content & Information","",21.34,"",2024,2571.0,287.0,73.0
"3847","Pacific Systems Corp.","20251125",6780.0,9.0,13002.5,4250.54,9.6,4515.54,641.5,"JPY",19.4,59.0,"",0,10.6,10.2,7.4,9.7,"","Technology","Information Technology Services","",1.48,"",2025,11354.0,7200.0,3760.0
"3848","Data Applications Co. Ltd.","20260220",934.0,6.0,1441.06,471.09,6.25,768.92,298.3,"JPY",54.6,43.0,"",0,7.0,"",10.5,8.8,4.6,"Technology","Software - Application","",6.21,"",2025,2607.0,1272.0,743.0
"3849","NIPPON TECHNO LAB INC.","20260220",566.0,"","","",-0.43,731.06,-5.1,"JPY",195.6,26.2,"",0,0.4,7.6,8.1,2.4,"","Technology Services","Software - Application","",1.61,"",2025,637.0,628.0,507.0
"3850","NTT DATA INTRAMART CORPORATION","20260220",3120.0,0.0,3274.81,1232.21,12.44,1050.72,636.6,"JPY",12.6,58.2,"",0,8.6,5.3,14.6,14.6,"","Technology Services","Software - Infrastructure","",4.87,"",2025,11829.0,4485.0,2320.0
"3851","Nippon Ichi Software Inc.","20260220",825.0,-13.0,271.54,88.77,0.58,1554.74,45.8,"JPY",194.9,1.5,"",0,-2.1,8.5,10.6,27.2,"","Communication Services","Electronic Gaming & Multimedia","",5.06,"",2025,5299.0,938.0,700.0
"3853","ASTERIA CORPORATION","20260220",1245.0,2.0,1462.47,538.26,14.06,373.33,858.3,"JPY",-103.9,51.6,"",0,10.2,33.7,10.7,-18.9,"","Technology Services","Software - Application","",16.35,"",2025,3171.0,2510.0,396.0
"3854","Ill Inc.","20260220",2336.0,8.0,4287.16,1401.48,30.45,469.27,3436.9,"JPY",-3.9,66.3,30.0,0,36.0,40.3,43.3,30.0,32.9,"Technology Services","Software - Infrastructure","",24.05,"",2025,19294.0,3090.0,1885.0
"3856","ABALANCE CORPORATION","20260220",489.0,13.0,1297.54,424.17,3.35,1292.02,818.3,"JPY",97.1,2.8,"",0,6.7,78.9,83.4,1.4,"","Electronic Technology","Software - Application","",18.92,"",2025,96555.98,1400.0,328.0
"3857","LAC Co. Ltd.","20250311",1156.0,11.0,2612.38,853.99,10.68,815.03,1645.8,"JPY",8.3,67.5,"",0,10.3,11.5,9.9,12.9,"","Technology","Information Technology Services","",18.9,"",2024,49477.0,0.0,0.0
"3858","Ubiquitous AI Corp.","20260220",358.0,-21.0,52.92,17.3,0.77,228.97,18.5,"JPY","",0.0,"",0,2.7,-0.4,-4.8,1.3,"","Technology","Software - Infrastructure","",10.46,"",2025,4138.0,507.0,277.0
"3861","王子控股","20260220",971.6,-1.0,925.34,302.49,2.54,1213.81,27998.9,"JPY",107.9,13.4,"",0,2.6,6.3,7.5,12.4,"","Process Industries","Paper & Paper Products","",907.74,"",2025,1849264.0,977.0,572.5
"3863","NIPPON PAPER INDUSTRIES CO LTD","20260220",1246.0,5.0,1773.77,579.85,1.42,4172.29,6830.8,"JPY","",9.5,"",0,1.6,1.6,-7.9,2.1,"","Process Industries","Paper & Paper Products","",115.53,"",2025,1182431.0,1289.0,867.0
"3864","三菱製紙","20260220",789.0,-2.0,657.81,215.04,1.13,1944.24,961.5,"JPY",-7.3,55.0,"",0,0.8,6.1,5.1,2.8,"","Process Industries","Paper & Paper Products","",43.85,"",2025,175942.0,782.0,519.0
"3865","北越紀州製紙","20260220",913.0,10.0,2021.64,660.88,4.28,1576.08,11336.0,"JPY",54.0,30.5,"",0,5.1,9.0,2.8,12.0,"","Process Industries","Paper & Paper Products","",168.22,"",2025,305718.0,1456.0,809.0
"386A","Minoya Co., Ltd.","20260220",1506.0,14.0,4164.88,1361.51,16.75,956.0,480.4,"JPY",147.0,0.0,"",0,24.0,48.2,25.3,15.6,"","Retail Trade","Food Retail","",3.46,"",2025,24016.0,2365.0,1541.0
"3877","CHUETSU PULP & PAPER","20260220",2009.0,23.0,10249.08,3350.44,7.54,4529.06,4291.0,"JPY",38.7,40.8,"",0,9.0,10.6,6.8,5.5,"","Process Industries","Paper & Paper Products","",12.56,"",2025,111009.0,2087.0,1200.0
"3878","TOMOEGAWA CORPORATION","20260220",896.0,15.0,2709.79,885.83,5.81,1553.62,886.1,"JPY",65.6,23.6,"",0,6.2,6.2,9.1,12.4,"","Process Industries","Paper & Paper Products","",9.81,"",2025,34432.0,885.0,558.0
"3880","DAIO PAPER CORP","20260220",1119.0,"","","",-0.35,1422.33,-833.2,"JPY","",7.4,"",0,-2.6,2.2,-7.6,10.4,"","Process Industries","Paper & Paper Products","",166.43,"",2025,668912.0,1059.0,732.0
"3891","NIPPON KODOSHI","20260220",3970.0,5.0,5921.94,1935.89,8.71,2265.69,2082.6,"JPY",87.6,16.8,"",0,8.0,7.1,13.1,18.3,"","Process Industries","Electronic Components","",10.55,"",2025,16033.0,3750.0,1351.0
"3892","OKAYAMA PAPER INDUSTRIES","20260220",1844.0,13.0,4972.63,1625.56,5.94,2789.66,769.1,"JPY",64.1,27.2,"",0,6.6,12.1,4.5,5.1,"","Process Industries","Paper & Paper Products","",4.64,"",2025,11522.0,2075.0,1230.0
"3895","HAVIX CORP","20260220",450.0,24.0,2503.71,818.47,8.97,930.09,651.8,"JPY",10.6,58.5,"",0,9.7,10.6,1.7,3.9,"","Process Industries","Paper & Paper Products","",7.81,"",2025,13403.0,514.0,379.0
"3896","AWA PAPER MFG CO LTD","20260220",431.0,"","","",-1.28,537.6,-68.7,"JPY",1241.8,2.4,"",0,1.4,1.6,15.7,6.8,"","Process Industries","Paper & Paper Products","",10.0,"",2025,17124.0,579.0,320.0
"3900","CrowdWorks, Inc.","20260220",602.0,14.0,1669.3,603.15,13.88,417.28,915.3,"JPY",12.3,43.8,"",0,12.4,15.4,24.2,21.6,18.5,"Commercial Services","Staffing & Employment Services","",15.8,"",2025,22657.0,1195.0,724.0
"3901","MARKLINES CO LTD","20260220",1542.0,10.0,3368.54,1101.18,22.25,504.65,1472.1,"JPY",62.1,35.9,52.0,0,28.3,31.2,31.7,30.7,"","Technology Services","Internet Content & Information","",13.11,"",2024,5562.0,2574.0,1462.0
"3902","Medical Data Vision Co.Ltd.","20260220",1680.0,-16.0,454.06,168.47,18.63,81.38,574.1,"JPY",-5.2,59.6,"",0,18.5,-13.5,31.6,28.7,26.5,"Technology Services","Health Information Services","",37.86,"",2025,6539.0,1693.0,332.0
"3903","GUMI INC","20260220",329.0,"","","",-6.63,342.31,-1124.6,"JPY","",0.0,"",0,-3.5,-31.3,9.1,-18.4,"","Technology Services","Electronic Gaming & Multimedia","",49.56,"",2025,8942.0,865.0,333.0
"3904","KAYAK INC","20260220",459.0,7.0,786.87,257.23,7.6,345.0,422.6,"JPY",42.6,32.8,3.9,0,3.4,12.5,22.4,29.7,"","Technology Services","Electronic Gaming & Multimedia","",16.11,"",2024,16727.0,606.0,332.0
"3905","DATASECTION INC","20260220",1883.0,"","","",-41.46,108.42,-987.5,"JPY","",0.0,"",0,-32.6,-16.0,0.6,2.6,"","Technology Services","Software - Application","",21.97,"",2025,2942.0,4320.0,675.0
"3907","SILICON STUDIO CORP","20260220",688.0,4.0,949.09,310.26,5.0,632.36,87.0,"JPY",-4.4,60.9,10.0,0,5.0,12.8,24.8,-6.3,"","Technology Services","Electronic Gaming & Multimedia","",2.75,"",2024,4414.0,1311.0,630.0
"3908","COLLABOS CORPORATION","20260220",378.0,7.0,649.35,212.28,7.8,277.42,100.7,"JPY","",0.0,"",0,9.5,-16.6,3.9,3.2,"","Technology Services","Information Technology Services","",4.65,"",2025,1906.0,670.0,265.0
"3909","SHOWCASE INC","20260220",267.0,"","","",-13.81,92.77,-109.8,"JPY","",0.0,"",0,-23.5,-14.0,-18.5,3.0,"","Technology Services","Software - Application","",8.57,"",2024,6211.0,450.0,260.0
"3910","MKSYSTEM CORPORATION","20260220",298.0,2.0,352.71,115.3,9.57,122.84,63.8,"JPY","",15.0,"",0,-7.7,-25.8,10.2,6.7,"","Technology Services","Software - Application","",5.43,"",2025,3290.0,362.0,275.0
"3911","AIMING INC","20260220",214.0,10.0,468.77,153.24,12.46,124.06,721.7,"JPY",156.6,0.0,"",0,-7.6,-33.1,38.3,"","","Technology Services","Electronic Gaming & Multimedia","",46.67,"",2024,17086.0,331.0,213.0
"3912","Mobile Factory, Inc.","20260220",1169.0,7.0,2033.52,759.16,17.07,431.65,526.2,"JPY",0.7,59.9,"",0,14.4,24.4,30.0,21.3,23.1,"Technology Services","Electronic Gaming & Multimedia","",7.14,"",2025,3427.0,1298.0,780.0
"3913","GREENBEE INC.","20260220",1056.0,2.0,1290.76,469.62,10.26,512.93,122.1,"JPY",15.9,42.0,"",0,6.3,-1.4,-16.3,0.1,"","Technology Services","Software - Application","",2.32,"",2024,806.0,1696.0,475.0
"3914","JIG-SAW INC.","20260220",2576.0,-7.0,1552.31,570.57,12.18,511.55,410.0,"JPY",28.2,48.1,"",0,13.0,18.4,20.2,20.0,21.7,"Technology Services","Software - Infrastructure","",6.58,"",2025,3625.0,4290.0,2208.0
"3915","TERRASKY CO LTD","20260220",1892.0,1.0,2051.24,670.55,7.97,858.25,882.7,"JPY",5.1,47.4,"",0,8.9,3.4,2.9,3.2,"","Technology Services","Software - Infrastructure","",12.91,"",2025,24709.0,3185.0,1556.0
"3916","DIGITAL INFORMATION TECHNOLOGIES CO","20260220",1012.0,12.0,2090.06,683.24,25.39,274.37,2049.7,"JPY",9.6,64.2,"",0,31.3,28.1,26.0,31.8,"","Technology Services","Information Technology Services","",29.42,"",2025,24159.0,1415.0,1025.5
"3917","IRIDGE INC","20260220",592.0,-18.0,121.26,39.64,1.27,318.77,31.7,"JPY","",0.0,"",0,5.7,-8.5,5.7,9.6,"","Technology Services","Software - Application","",7.83,"",2025,6708.0,727.0,401.0
"3918","PCI HOLDINGS INC","20260220",1200.0,12.0,2928.79,957.43,10.71,911.41,966.5,"JPY",-27.3,69.5,"",0,12.4,5.2,10.9,13.6,"","Technology Services","Information Technology Services","",9.9,"",2025,26556.0,1638.0,738.0
"391A","Yamachuu Co., Ltd.","20260220",2523.0,8.0,4737.6,1548.73,4.62,3952.78,197.4,"JPY",130.7,0.0,"",0,5.1,15.4,8.1,9.8,"","Finance","Real Estate Development","",1.25,"",2025,5438.0,"",""
"3920","Internetworking & Broadband Consulting Co., Ltd.","20260220",923.0,12.0,2217.68,816.84,17.48,408.83,397.3,"JPY",-50.0,56.0,"",0,20.6,20.2,9.0,-0.6,12.1,"Technology Services","Information Technology Services","",5.56,"",2025,2404.51,1151.0,574.0
"3921","NEO JAPAN INC","20260220",1700.0,9.0,3344.15,1243.26,22.24,449.79,1402.3,"JPY",7.0,64.5,29.0,0,22.3,15.8,15.3,21.8,"","Technology Services","Software - Application","",14.02,"",2025,7263.0,2119.0,1242.0
"3922","PR TIMES CORPORATION","20260220",2379.0,6.0,3705.5,1211.33,24.16,511.26,1667.5,"JPY",18.8,41.7,"",0,23.5,26.4,22.2,77.7,"","Commercial Services","Internet Content & Information","",13.5,"",2025,8003.0,3340.0,1961.0
"3923","RAKUS CO LTD","20260220",766.1,-2.0,678.46,221.79,37.11,60.95,8154.7,"JPY",15.1,57.7,"",0,60.0,43.9,12.9,14.4,"","Technology Services","Information Technology Services","",360.58,"",2025,48904.0,1395.0,730.0
"3924","R&D COMPUTER CO LTD","20260220",925.0,9.0,1790.66,631.65,16.69,332.76,996.9,"JPY","",36.4,"",0,16.3,25.4,17.8,"","","Technology Services","Information Technology Services","",17.95,"",2025,13730.0,1019.0,597.0
"3925","DOUBLE STANDARD INC","20260220",1442.0,14.0,3913.29,1474.21,25.33,472.04,1616.4,"JPY",4.5,71.6,"",0,32.6,33.3,40.2,45.0,"","Technology Services","Information Technology Services","",13.52,"",2025,8000.0,1955.0,1174.0
"3926","OPEN DOOR INC","20260220",358.0,"","","",-3.64,140.08,-158.1,"JPY","",0.0,"",0,-2.4,-3.0,-0.9,-8.8,"","Consumer Services","Internet Content & Information","",31.01,"",2025,2405.0,694.0,280.0
"3927","FUVA BRAIN LTD","20260220",900.0,-11.0,348.31,113.86,4.04,287.64,62.0,"JPY","",0.0,"",0,8.4,2.3,1.9,"","","Technology Services","Software - Infrastructure","",5.34,"",2025,4373.0,1043.0,488.0
"3928","MYNET INC","20260220",286.0,21.0,972.07,317.77,19.66,164.85,273.8,"JPY",-49.7,50.0,"",0,28.7,23.2,-19.0,12.0,"","Technology Services","Electronic Gaming & Multimedia","",8.45,"",2024,8846.0,347.0,174.0
"3929","SOCIALWIRE CO LTD","20260220",306.0,-1.0,295.0,96.44,7.46,131.77,115.2,"JPY","",0.0,"",0,109.1,-19.7,-34.0,9.0,"","Commercial Services","Entertainment","",11.71,"",2025,2905.0,330.0,175.0
"3930","HATENA CO LTD","20260220",956.0,9.0,1922.82,628.57,6.79,944.63,191.0,"JPY",-10.2,50.0,"",0,9.0,2.4,4.7,11.1,8.3,"Technology Services","Internet Content & Information","",2.98,"",2025,3794.0,1694.0,836.0
"3931","VALUE GOLF INC","20260220",1565.0,-12.0,589.23,192.62,3.16,620.99,35.6,"JPY",44.2,42.5,25.0,0,3.3,1.9,14.6,12.6,"","Technology Services","Publishing","",1.81,"",2025,4127.0,2247.0,986.0
"3932","AKATSUKI INC","20260220",3055.0,6.0,4784.19,1563.96,5.55,2873.58,2299.6,"JPY",15.1,67.1,"",0,2.7,5.2,8.4,15.8,"","Technology Services","Electronic Gaming & Multimedia","",14.42,"",2025,23652.0,3535.0,2480.0
"3933","CHIERU CO LTD","20260220",679.0,12.0,1632.0,539.07,12.84,414.59,397.7,"JPY",155.1,4.5,"",0,12.7,19.0,19.5,23.0,"","Technology Services","Software - Application","",7.47,"",2025,6896.0,818.0,585.0
"3934","BENEFIT JAPAN CO LTD","20260220",2230.0,7.0,3762.07,1377.25,11.16,1352.64,886.5,"JPY",16.7,45.5,"",0,11.5,8.5,11.2,21.0,"","Communications","Telecom Services","",5.87,"",2025,12745.0,2250.0,993.0
"3935","EDIA CO LTD","20260220",773.0,9.0,1570.13,513.28,22.52,232.37,308.8,"JPY",3.7,48.1,"",0,21.4,15.1,17.3,15.2,"","Technology Services","Electronic Gaming & Multimedia","",5.9,"",2025,3607.0,1335.0,367.0
"3936","GLOBALWAY INC","20260220",134.0,"","","",-17.64,19.63,-126.3,"JPY","",0.0,"",0,-29.5,-18.8,-20.2,17.4,"","Technology Services","Software - Application","",36.48,"",2025,3071.0,364.0,88.0
"3937","UBICOM HOLDINGS INC","20260220",958.0,10.0,2013.69,746.26,15.35,462.13,860.0,"JPY",8.3,55.8,"",0,18.1,13.3,17.1,28.8,"","Technology Services","Software - Application","",12.12,"",2025,6340.0,1418.0,908.0
"3939","Kanamic Network Co., LTD.","20260220",526.0,6.0,700.31,228.93,23.84,97.94,1107.9,"JPY",1.5,64.5,"",0,29.1,31.9,29.8,34.8,30.4,"Technology Services","Health Information Services","",47.46,"",2025,5500.0,569.0,349.0
"3940","NOMURA SYSTEM CORPORATION CO LTD","20260220",139.0,7.0,240.15,78.51,11.37,70.39,369.4,"JPY",11.0,67.0,3.55,0,12.0,11.7,9.6,14.5,"","Technology Services","Information Technology Services","",46.14,"",2024,3275.0,155.0,97.0
"3941","RENGO CO","20260220",1526.5,7.0,2537.84,829.62,4.52,1870.54,20982.9,"JPY",173.4,19.6,"",0,6.0,8.2,5.3,7.6,"","Process Industries","Packaging & Containers","",248.04,"",2025,993251.0,1520.0,673.4
"3943","OHISHI SANGYO CO","20260220",1460.0,9.0,2896.68,946.93,4.06,2380.1,757.0,"JPY",109.7,19.6,"",0,4.3,5.3,6.9,7.2,"","Process Industries","Packaging & Containers","",7.84,"",2025,23485.0,1600.0,1160.0
"3944","Furubayashi Shiko Co., Ltd.","20260220",2705.0,16.0,8864.86,2897.94,3.28,9007.21,328.0,"JPY",211.6,11.4,"",0,3.5,1.1,5.6,4.7,1.6,"Process Industries","Packaging & Containers","",1.11,"",2025,17865.0,2930.0,1833.0
"3945","SUPERBAG CO LTD","20260220",2642.0,32.0,19601.86,7172.76,18.84,3165.77,888.6,"JPY",2.2,54.9,"",0,23.3,28.7,19.3,-16.1,"","Process Industries","Paper & Paper Products","",1.49,"",2025,27579.0,2999.0,1905.0
"3946","TOMOKU CO LTD","20260220",3625.0,16.0,12038.27,3935.33,7.14,5620.18,6621.1,"JPY",35.0,41.6,"",0,7.2,6.5,7.1,8.5,"","Process Industries","Packaging & Containers","",16.5,"",2025,219613.0,3700.0,2090.0
"3947","DYNAPAC CO LTD","20260220",2450.0,8.0,4521.99,1478.25,3.27,4604.62,1501.3,"JPY",94.7,21.2,80.0,0,2.4,4.0,5.4,3.7,"","Process Industries","Packaging & Containers","",9.96,"",2024,62530.0,2750.0,1616.0
"3950","THE PACK CORPORATION","20260220",1292.0,10.0,2790.18,912.12,7.04,1321.34,5242.8,"JPY",38.8,45.4,41.333,0,7.6,8.8,7.2,5.1,"","Process Industries","Packaging & Containers","",56.37,"",2024,101461.0,1388.0,927.0
"3951","ASAHI PRINTING CO LTD","20260220",890.0,10.0,1951.91,638.08,4.02,1618.94,1377.4,"JPY",59.8,43.1,"",0,4.0,5.0,5.3,5.2,"","Process Industries","Packaging & Containers","",21.17,"",2025,43945.0,941.0,823.0
"3952","Chuoh Pack Industry Co. Ltd.","","","",450.99,147.43,2.4,625.14,319.3,"JPY",19.8,70.0,"",0,2.2,2.8,4.0,4.5,"","Basic Materials","Paper & Paper Products","",21.24,"",2025,11922.0,"",""
"3953","OHMURA SHIGYO CO","20260220",867.0,9.0,1771.77,579.19,4.31,1370.51,210.3,"JPY",-16.2,71.4,"",0,4.0,5.2,3.2,2.8,"","Process Industries","Packaging & Containers","",3.56,"",2025,5939.0,899.0,695.0
"3954","SHOWA PAXXS CORP","20260220",3135.0,12.0,7515.72,2456.9,4.69,5341.69,1099.8,"JPY",89.4,14.7,"",0,4.6,4.3,4.9,6.0,"","Process Industries","Packaging & Containers","",4.39,"",2025,23316.0,3470.0,1600.0
"3955","IMURA & CO LTD","20260220",927.0,13.0,2493.0,814.97,5.01,1659.1,831.0,"JPY",175.2,24.9,30.0,0,5.4,6.1,7.4,5.9,"","Producer Manufacturing","Paper & Paper Products","",10.0,"",2025,20904.0,1159.0,878.0
"3958","SASATOKU PRINTING CO LTD","20260220",580.0,11.0,1329.11,434.49,2.71,1633.39,248.1,"JPY",119.4,4.9,"",0,2.4,4.6,3.7,8.5,"","Commercial Services","Commercial Printing/Forms","",5.6,"",2025,12555.0,590.0,498.0
"3961","SILVER EGG TECHNOLOGY CO LTD","20260220",764.0,-13.0,257.58,84.2,2.06,416.5,25.5,"JPY","",0.0,"",0,0.7,14.9,14.0,"","","Technology Services","Internet Content & Information","",2.97,"",2022,1241.0,769.0,555.0
"3962","CHANGE HOLDINGS INC","20260220",939.0,16.0,3161.81,1033.6,17.78,592.9,7333.3,"JPY",63.1,26.9,"",0,18.0,18.2,11.0,12.6,"","Technology Services","Information Technology Services","",69.58,"",2025,46387.0,1470.0,967.0
"3963","SYNCHRO FOOD CO LTD","20260220",534.0,4.0,758.42,258.89,13.16,189.98,700.6,"JPY",62.2,18.9,"",0,19.1,19.9,22.0,13.5,"","Technology Services","Specialty Business Services","",28.03,"",2025,3951.0,748.0,401.0
"3964","AUCNET INC","20260220",2223.0,4.0,3210.38,1202.46,20.08,571.2,5199.9,"JPY",12.5,63.7,55.0,0,21.3,18.8,20.3,19.4,"","Retail Trade","Internet Retail","",45.34,"",2024,55910.0,2245.0,1041.0
"3965","Capital Asset Planning, Inc.","20260220",850.0,10.0,1796.35,587.23,9.1,658.26,344.3,"JPY",49.5,41.2,"",0,11.9,6.9,7.9,-4.7,2.0,"Technology Services","Software - Application","",5.75,"",2025,9689.0,912.0,700.0
"3967","ELTES CO LTD","20260220",673.0,"","","",-1.63,305.64,-30.0,"JPY",167.2,0.0,"",0,-3.8,13.6,3.8,5.5,"","Technology Services","Software - Application","",6.03,"",2025,7317.0,808.0,489.0
"3968","SEGUE GROUP CO LTD","20260220",518.0,-2.0,357.82,138.41,15.5,95.84,471.4,"JPY",-0.6,71.3,13.0,0,1.5,19.0,21.2,13.6,"","Technology Services","Information Technology Services","",31.74,"",2024,18717.0,809.0,402.0
"3969","ATLED LTD","20260220",1405.0,8.0,2523.45,958.85,14.17,685.71,727.7,"JPY",-2.0,64.2,"",0,15.8,17.6,18.9,19.6,"","Technology Services","Software - Application","",7.49,"",2025,2766.0,1609.0,1300.0
"3970","INNOVATION INC","20260220",946.0,"","","",-1.16,1268.16,-39.4,"JPY",-78.1,72.6,"",0,2.9,6.7,7.2,18.8,"","Technology Services","Information Technology Services","",2.67,"",2025,5343.0,1238.0,915.0
"3974","SCAT Inc.","20260220",585.0,12.0,1408.49,460.44,6.57,715.09,133.8,"JPY",10.9,63.0,"",0,6.9,5.3,6.7,7.1,5.7,"Technology Services","Information Technology Services","",2.85,"",2025,2605.27,680.0,372.0
"3976","Shanon, Inc.","20260220",375.0,"","","",-2.96,156.49,-27.5,"JPY","",0.0,"",0,"",-159.5,-107.0,-56.7,20.1,"Commercial Services","Software - Application","",5.93,"",2025,2740.0,461.0,320.0
"3977","FUSION CO LTD (JP)","20260220",583.0,"","","",-0.65,250.69,-2.4,"JPY",30.6,34.7,"",0,1.1,16.3,15.7,13.4,"","Commercial Services","Advertising Agencies","",1.44,"",2025,1504.0,660.0,333.0
"3978","MACROMILL INC(NEW)","20250701",1274.0,7.0,2180.96,712.96,6.76,1075.81,2753.1,"JPY",36.2,40.3,"",0,6.2,24.6,10.9,11.3,"","Commercial Services","Advertising Agencies","",37.87,"",2024,43861.0,24805447680.0,0.0
"3979","ULURU CO LTD","20260220",389.0,7.0,666.95,218.03,20.33,109.36,615.4,"JPY",38.9,30.6,"",0,18.6,40.9,-2.1,-2.6,"","Technology Services","Information Technology Services","",27.68,"",2025,6701.0,470.0,315.5
"3981","BEAGLEE INC","20260220",1280.0,22.0,5464.67,2021.9,14.51,1339.18,1086.0,"JPY",-1.8,54.3,42.0,0,18.7,10.9,14.6,10.9,"","Technology Services","Internet Content & Information","",5.59,"",2024,18446.0,1583.0,1120.0
"3983","ORO CO LTD","20260220",1955.0,10.0,3986.79,1476.53,19.09,656.22,1963.3,"JPY",-2.5,59.9,50.0,0,23.3,25.7,27.5,19.7,"","Technology Services","Software - Application","",15.67,"",2024,7899.0,3365.0,1970.0
"3984","USER LOCAL INC","20260220",1591.0,6.0,2579.1,942.67,15.93,545.05,1386.1,"JPY",4.9,50.9,"",0,18.5,18.7,19.0,15.3,"","Technology Services","Information Technology Services","",15.96,"",2025,4581.0,2199.0,1313.0
"3985","Temona, Inc.","20260220",213.0,-4.0,158.59,51.84,7.4,71.47,56.5,"JPY","",0.0,"",0,9.7,-13.1,-6.5,-12.7,29.5,"Technology Services","Internet Content & Information","",10.69,"",2025,1832.0,431.0,157.0
"3986","BBREAK SYSTEM COMPANY LTD","20260220",500.0,2.0,599.34,195.93,5.33,375.05,91.3,"JPY",10.5,47.4,"",0,5.5,6.5,9.5,8.7,"","Technology Services","Software - Application","",4.57,"",2025,1377.0,583.3333,425.3333
"3987","Ecomott, Inc.","20260220",509.0,-10.0,213.25,69.71,4.69,151.64,36.8,"JPY","",0.0,"",0,3.5,1.2,-8.6,2.6,2.4,"Technology Services","Software - Infrastructure","",5.17,"",2025,3003.0,672.0,299.0
"3988","SYS HOLDINGS CO LTD","20260220",550.0,9.0,1108.44,389.2,11.64,356.32,436.8,"JPY",54.3,29.2,"",0,13.5,16.2,14.7,13.5,12.6,"Commercial Services","Information Technology Services","",10.53,"",2025,14051.0,670.0,457.0
"3989","SHARINGTECHNOLOGY. INC","20260220",1138.0,6.0,1771.42,579.08,27.4,215.46,1413.0,"JPY",8.8,45.6,"",0,36.3,67.5,197.0,246.3,-12.5,"Technology Services","Internet Content & Information","",23.93,"",2025,8579.0,1262.0,884.0
"3991","Wantedly, Inc.","20260220",1132.0,18.0,3335.68,1090.44,21.52,516.74,1056.3,"JPY",3.1,57.6,"",0,26.6,32.9,48.4,57.7,22.4,"Technology Services","Staffing & Employment Services","",9.5,"",2025,4908.0,1437.0,925.0
"3992","Needs Well, Inc.","20260220",523.0,-2.0,493.88,186.26,15.27,125.71,727.2,"JPY",19.9,61.8,"",0,17.3,21.8,22.6,"","","Technology Services","Software - Infrastructure","",37.88,"",2025,10032.0,625.0,278.0
"3993","PKSHA Technology, Inc.","20260220",2758.0,-4.0,1923.94,628.94,5.77,1111.31,1990.0,"JPY",22.2,38.9,"",0,6.2,7.0,2.4,3.0,0.7,"Technology Services","Software - Infrastructure","",31.03,"",2025,21771.0,4515.0,2312.0
"3994","Money Forward, Inc.","20260220",3052.0,"","","",-8.75,792.42,-3836.7,"JPY","",0.0,"",0,-9.5,-21.3,-19.2,-23.2,-15.4,"Technology Services","Software - Application","",55.33,"",2025,50349.94,6794.0,3176.0
"3996","SIGNPOST CORPORATION","20260220",286.0,3.0,355.12,116.09,8.4,140.97,151.4,"JPY",31.6,34.2,"",0,16.7,10.4,-8.1,-29.6,"","Health Services","Information Technology Services","",12.79,"",2025,3023.0,456.0,265.0
"3997","TRADE WORKS CO LTD","20260220",518.0,-40.0,9.26,3.03,0.94,32.74,12.1,"JPY","",74.7,2.0,0,-7.5,3.0,88.8,"","","Technology Services","Information Technology Services","",39.03,"",2024,4591.0,563.0,105.0
"3998","SuRaLa Net Co., Ltd.","20260220",324.0,8.0,601.43,196.61,5.78,347.07,126.5,"JPY","",14.8,"",0,5.0,7.1,15.0,"","","Commercial Services","Education & Training Services","",6.31,"",2025,1932.0,464.0,310.0
"4004","昭和電工","20260220",11220.0,-6.0,6699.3,2190.01,6.08,3670.69,40432.5,"JPY",-51.5,59.8,65.0,0,9.7,-1.4,8.1,12.8,"","Process Industries","Chemicals","",181.06,"",2024,1391480.0,10350.0,2235.0
"4005","住友化學","20260220",568.0,-8.0,298.48,97.57,1.81,550.37,16283.9,"JPY","",0.0,"",0,-1.7,-21.9,-1.7,16.8,"","Process Industries","Chemicals","",1636.69,"",2025,2606281.0,584.0,282.6
"4008","SUMITOMO SEIKA CHEMICALS CO","20260220",6870.0,14.0,20099.43,6570.54,9.3,7204.81,8770.1,"JPY",61.9,35.3,"",0,9.2,8.9,10.5,8.7,"","Process Industries","Specialty Chemicals","",13.09,"",2025,147571.0,6670.0,4245.0
"4011","HEADWATERS CO LTD","20260220",2810.0,-7.0,1610.22,526.38,14.06,333.16,178.1,"JPY",406.6,0.0,"",0,23.3,8.0,8.6,"","","Technology Services","Software - Application","",3.8,"",2024,2905.0,4580.0,2663.0
"4012","Axis Co., Ltd. (Tokyo)","20260220",1650.0,13.0,4200.76,1563.96,15.46,954.63,630.0,"JPY",-3.9,57.9,"",0,18.1,19.9,18.3,19.1,"","Technology Services","Information Technology Services","",4.27,"",2025,8134.22,1768.0,1192.0
"4013","Kinjiro Co., Ltd.","20260220",702.0,10.0,1464.48,478.74,9.37,520.78,960.7,"JPY",-6.9,72.4,"",0,10.8,5.5,4.2,3.4,1.6,"Technology Services","Software - Application","",19.68,"",2025,5370.0,1530.0,515.0
"4014","KARADANOTE INC","20260220",458.0,"","","",-6.29,71.75,-30.2,"JPY","",0.0,"",0,-16.8,54.3,-40.3,-27.3,44.0,"Commercial Services","Software - Application","",6.69,"",2025,1270.0,640.0,360.0
"4015","Paycloud Holdings Inc.","20260220",476.0,4.0,657.8,215.04,9.39,284.73,425.2,"JPY","",0.0,"",0,11.0,3.3,7.8,"","","Commercial Services","Software - Application","",15.91,"",2025,10234.0,961.0,467.0
"4016","MIT Holdings Co., Ltd.","20260220",920.0,3.0,1194.39,456.24,13.02,362.81,94.0,"JPY",-4.8,65.2,"",0,14.2,22.5,7.8,10.8,8.0,"Technology Services","Information Technology Services","",1.99,"",2025,5117.0,1299.0,652.0
"4017","CREEMA LTD","20260220",243.0,3.0,301.56,98.58,6.13,163.95,67.8,"JPY","",0.0,"",0,9.7,7.9,-29.4,21.6,"","Retail Trade","Internet Retail","",6.74,"",2025,2507.0,359.0,220.0
"4018","GEOLOCATION TECHNOLOGY INC","20260220",1120.0,-25.0,117.06,38.27,4.38,89.02,26.3,"JPY",5.5,54.8,"",0,3.1,9.8,15.2,55.9,"","Communications","Information Technology Services","",6.74,"",2025,686.0,1288.0,885.0
"4019","STAMEN CO LTD","20260220",698.0,-7.0,406.89,135.4,10.24,153.36,137.8,"JPY","",6.8,6.0,0,11.3,12.2,"","","","Technology Services","Software - Application","",8.77,"",2024,2692.0,1519.0,614.0
"4020","BETREND CORPORATION","20260220",733.0,-9.0,352.08,115.1,2.87,408.8,25.4,"JPY",10.7,50.2,"",0,6.5,8.4,14.7,10.9,"","Technology Services","Software - Application","",2.16,"",2024,1155.0,932.0,506.0
"4021","日產化學工業","20260220",6597.0,2.0,8316.41,3201.15,18.66,1731.54,43538.9,"JPY",11.3,72.5,"",0,18.7,17.8,20.0,19.7,"","Process Industries","Chemicals","",134.73,"",2025,251365.0,6869.0,3846.0
"4022","RASA INDUSTRIES","20260220",9850.0,2.0,11864.2,4400.87,12.8,3569.4,3568.5,"JPY",14.9,53.0,"",0,12.8,10.3,16.3,15.1,"","Process Industries","Specialty Chemicals","",7.81,"",2025,45421.0,9180.0,2224.0
"4023","KUREHA CORPORATION","20260220",4765.0,8.0,8789.87,2873.43,5.35,5478.07,11198.3,"JPY",150.8,26.2,"",0,3.8,7.0,9.8,10.9,"","Process Industries","Specialty Chemicals","",38.22,"",2025,162015.0,4770.0,2375.0
"4025","Taki Chemical Co., Ltd.","20260220",3830.0,11.0,9055.29,2960.19,5.92,5099.52,2538.5,"JPY",138.8,16.4,"",0,7.1,6.5,2.3,7.3,8.4,"Process Industries","Chemicals","",8.41,"",2025,41977.0,4135.0,2804.0
"4026","KONOSHIMA CHEMICAL CO","20260220",1777.0,12.0,4386.86,1512.67,11.54,1427.53,1496.1,"JPY",87.6,21.6,"",0,12.0,15.4,16.4,16.0,26.8,"Distribution Services","Building Products & Equipment","",9.08,"",2025,27405.0,1799.0,1147.0
"4027","TAYCA CORP","20260220",1704.0,8.0,3054.6,998.55,3.95,2577.05,2324.6,"JPY",117.5,21.8,"",0,4.6,3.7,6.8,5.9,"","Process Industries","Specialty Chemicals","",22.83,"",2025,55737.0,1700.0,1041.0
"4028","ISHIHARA SANGYO KAISHA","20260220",3950.0,11.0,7386.67,2709.69,10.33,2986.7,11799.5,"JPY",29.8,45.2,"",0,8.5,13.5,8.4,14.8,"","Process Industries","Specialty Chemicals","",38.26,"",2025,145196.0,3280.0,1399.0
"402A","Axelspace Holdings Corp.","20260220",557.0,"","","",-74.95,69.76,-2268.8,"JPY","",0.0,"",0,-36.7,-132.3,"","","","Electronic Technology","Telecommunications Equipment","",66.07,"",2025,1586.0,1020.0,409.0
"4031","KATAKURA & CO-OP AGRI CORPORATION","20260220",989.0,13.0,2534.77,828.62,3.18,2657.81,757.1,"JPY",116.6,21.4,"",0,1.7,-2.3,11.0,4.9,"","Process Industries","Agricultural Inputs","",8.96,"",2025,41369.0,1079.0,763.0
"4040","NANKAI CHEMICAL COMPANY LIMITED","20260220",3580.0,23.0,18376.01,6039.81,13.58,4157.92,1140.5,"JPY",133.9,2.4,"",0,15.1,24.9,15.1,17.9,"","Process Industries","Chemicals","",2.02,"",2025,20900.0,3720.0,2001.0
"4041","日本蘇打","20260220",4115.0,9.0,8251.29,2697.36,8.03,3426.6,14992.6,"JPY",57.2,39.4,"",0,7.6,11.0,12.1,8.0,"","Process Industries","Chemicals","",54.51,"",2025,155199.0,3945.0,2420.0
"4042","東蘇","20260220",2640.0,10.0,5444.3,1779.75,6.96,2608.52,57542.7,"JPY",24.0,59.7,"",0,7.5,8.1,8.3,17.7,"","Process Industries","Chemicals","",317.08,"",2025,1063382.0,2789.0,1755.0
"4043","德山","20260220",4169.0,10.0,9076.39,2967.09,8.32,3635.32,21768.2,"JPY",69.9,30.9,"",0,8.2,7.9,4.0,13.2,"","Process Industries","Specialty Chemicals","",71.95,"",2025,343073.0,4550.0,2231.5
"4044","CENTRAL GLASS CO","20260220",4215.0,12.0,10304.38,3368.52,7.29,4708.67,8514.9,"JPY",-110.6,65.4,"",0,7.2,12.4,14.4,6.8,"","Process Industries","Building Materials","",24.79,"",2025,144233.0,4315.0,2591.0
"4045","TOAGOSEI CO LTD","20260220",1831.5,7.0,3138.94,1026.12,5.32,1967.1,11307.5,"JPY",127.1,57.3,65.0,0,5.4,4.6,5.6,7.2,"","Process Industries","Chemicals","",108.07,"",2024,167594.0,1911.0,1203.5
"4046","OSAKA SODA CO LTD","20260220",2385.0,1.0,2545.72,832.2,9.14,928.73,10561.4,"JPY",43.3,38.2,"",0,9.0,8.9,14.3,12.3,"","Process Industries","Specialty Chemicals","",124.46,"",2025,96434.0,2534.0,1358.0
"4047","KANTO DENKA KOGYO CO","20260220",1658.0,-3.0,1262.18,412.61,3.66,1148.89,2415.4,"JPY",140.1,7.9,"",0,4.3,-0.4,15.8,15.8,"","Process Industries","Specialty Chemicals","",57.41,"",2025,62351.0,1440.0,705.0
"4051","GMO Financial Gate, Inc.","20260220",5000.0,1.0,5803.27,2186.5,23.33,758.3,1459.3,"JPY",9.7,70.5,"",0,29.3,20.6,16.9,11.2,10.8,"Commercial Services","Software - Infrastructure","",8.25,"",2025,17927.0,6540.0,4275.0
"4052","FICHA INC","20260220",290.0,"","","",-3.11,117.78,-21.5,"JPY","",0.0,"",0,-1.6,-1.3,-4.9,5.7,"","Technology Services","Software - Application","",5.85,"",2025,497.0,454.0,279.0
"4053","SUN INC","20260220",414.0,8.0,621.05,227.81,9.66,270.37,994.5,"JPY",10.9,44.5,"",0,11.1,22.5,13.5,26.0,"","Technology Services","Information Technology Services","",38.07,"",2024,13568.0,611.0,416.0
"4054","NIHON JYOHO CREATE CO LTD","20260220",602.0,7.0,1014.47,383.38,14.07,280.65,549.0,"JPY",-23.7,61.7,"",0,18.3,14.3,5.9,10.2,"","Technology Services","Software - Application","",13.9,"",2025,5075.0,1029.0,597.0
"4055","T&S Group Inc.","20260220",1738.0,1.0,1983.55,726.84,16.81,384.17,489.6,"JPY",4.2,53.1,"",0,20.9,25.7,"",29.4,24.2,"Technology Services","Information Technology Services","",7.58,"",2025,4103.0,2135.0,861.0
"4056","NEURAL GROUP INC","20260220",386.0,"","","",-2.37,35.66,-14.6,"JPY","",0.0,"",0,-12.9,-136.5,-19.1,"","","Technology Services","Information Technology Services","",17.19,"",2024,3564.0,917.0,374.0
"4057","INTERFACTORY INC","20260220",398.0,9.0,764.85,250.03,8.72,292.33,103.0,"JPY",-8.5,50.0,"",0,13.2,-2.7,3.1,2.5,"","Technology Services","Internet Content & Information","",4.04,"",2025,2864.0,610.0,399.0
"4058","TOYOKUMO INC","20260220",1799.0,0.0,1822.74,595.86,21.88,277.65,665.9,"JPY","",14.9,20.0,0,51.4,"",29.3,"","","Technology Services","Software - Application","",10.96,"",2024,3146.0,3795.0,1956.0
"4059","Magmag, Inc.","20260220",512.0,-12.0,187.23,61.21,2.08,299.65,17.6,"JPY","",0.0,"",0,2.4,0.6,-5.9,0.3,6.8,"Technology Services","Internet Content & Information","",2.82,"",2025,438.0,876.0,388.0
"4060","RAKUMO INC","20260220",1165.0,2.0,1341.77,482.54,15.45,280.41,252.1,"JPY",12.4,43.8,9.0,0,18.6,17.0,19.8,30.3,"","Technology Services","Software - Application","",5.82,"",2024,1443.0,1399.0,723.0
"4061","電氣化學工業","20260220",3264.0,10.0,7014.34,2293.0,6.8,3435.97,20154.6,"JPY",91.3,26.5,"",0,4.9,1.7,10.2,11.4,"","Process Industries","Chemicals","",86.2,"",2025,400251.0,3212.0,1744.0
"4062","IBIDEN CO LTD","20260220",9420.0,-12.0,3552.29,1161.25,6.74,1756.47,33065.9,"JPY",156.3,8.9,"",0,6.1,8.4,15.5,17.8,"","Electronic Technology","Electronic Components","",279.25,"",2025,369436.0,8680.0,1478.0
"4063","信越化學工業","20260220",5750.0,5.0,8200.47,2680.75,10.98,2488.7,512108.7,"JPY",37.6,47.8,"",0,12.5,13.3,21.4,17.8,"","Process Industries","Chemicals","",1873.46,"",2025,2561249.0,5798.0,3425.0
"4064","NIPPON CARBIDE INDUSTRIES CO INC","20260220",3000.0,14.0,8510.73,2782.17,7.4,3832.73,2644.0,"JPY",-39.6,80.2,"",0,7.7,2.5,3.3,12.5,"","Electronic Technology","Specialty Chemicals","",9.32,"",2025,48727.0,3030.0,1410.0
"4068","BASIS CORPORATION","20260220",1790.0,-2.0,1537.9,502.74,4.66,1100.0,95.4,"JPY",67.3,16.7,"",0,4.9,1.6,"","","","Industrial Services","Information Technology Services","",1.86,"",2025,7984.0,2497.0,1340.0
"4069","BLUEMEME INC","20260220",983.0,-5.0,681.67,222.84,3.0,756.46,75.7,"JPY",56.0,35.4,"",0,-0.6,6.6,11.3,49.5,"","Technology Services","Software - Application","",3.33,"",2025,2349.0,2488.0,900.0
"4071","Plus Alpha Consulting Co. LTD.","20260220",2038.0,4.0,2802.24,916.06,27.36,341.39,4046.4,"JPY",2.6,58.8,"",0,36.5,33.8,54.1,"",40.0,"Commercial Services","Software - Application","",43.32,"",2025,17084.0,2612.0,1163.0
"4072","Densan System Holdings Co. Ltd.","20260220",3050.0,12.0,6970.85,2617.51,12.04,2302.52,2965.7,"JPY",-5.0,57.1,"",0,13.6,8.3,14.6,15.3,13.3,"Commercial Services","Information Technology Services","",10.7,"",2025,68131.0,5090.0,2160.0
"4073","GLOBAL COMMUNICATION PLANNING CO LT","20260220",545.0,"","","",-64.41,107.57,-173.9,"JPY","",0.0,"",0,-35.2,21.2,-27.9,-11.6,"","Commercial Services","Software - Infrastructure","",2.51,"",2025,1844.0,1325.0,475.0
"4074","LAKEEL INC","20260220",757.0,6.0,1245.67,439.75,10.01,503.95,357.6,"JPY",40.7,29.6,"",0,9.4,16.6,16.7,28.6,"","Technology Services","Software - Application","",7.09,"",2024,7968.0,1250.0,676.0
"4075","BRAINS TECHNOLOGY INC","20260220",820.0,-1.0,766.73,250.64,8.65,295.5,142.1,"JPY",16.7,41.7,"",0,8.6,3.2,9.0,11.7,137.5,"Technology Services","Software - Application","",5.56,"",2025,1255.0,990.0,550.0
"4076","CNS CO LTD","20260220",1700.0,11.0,3873.26,1416.8,11.43,1360.48,452.7,"JPY",38.6,45.4,"",0,11.7,14.2,14.2,20.5,"","Technology Services","Information Technology Services","",2.91,"",2025,7004.0,1920.0,1294.0
"4078","SAKAI CHEMICAL INDUSTRY CO","20260220",3735.0,13.0,10085.1,3296.84,6.7,5018.59,5244.3,"JPY",-15.9,59.1,"",0,7.2,-0.4,2.8,8.4,"","Process Industries","Specialty Chemicals","",15.6,"",2025,84409.0,3790.0,2168.0
"407A","Unicon Holdings Co., Ltd.","20260220",1090.0,13.0,2878.29,940.92,25.18,381.76,948.9,"JPY","",0.0,"",0,22.8,10.1,"","","","Consumer Durables","Homebuilding","",9.89,"",2025,17620.0,1275.0,1047.0
"4082","DAIICHI KIGENSO KAGAKU-KOGYO CO LTD","20260220",2500.0,-13.0,829.18,271.06,1.77,1563.63,670.3,"JPY",28.6,45.2,"",0,-0.5,6.0,13.9,15.0,"","Process Industries","Specialty Chemicals","",24.25,"",2025,33641.0,4400.0,570.0
"4088","AIR WATER INC","20260220",2101.5,14.0,5949.02,1944.75,8.79,2256.67,45442.6,"JPY",5.1,64.0,"",0,9.3,10.2,9.3,12.1,"","Process Industries","Specialty Chemicals","",229.16,"",2025,1075929.0,2672.0,1651.0
"4091","NIPPON SANSO HOLDINGS CORPORATION","20260220",5818.0,4.0,7912.0,2797.33,12.62,2265.11,123714.9,"JPY",55.6,33.1,"",0,13.3,15.2,12.0,12.8,"","Process Industries","Chemicals","",432.85,"",2025,1308024.0,5951.0,4021.0
"4092","NIPPON CHEMICAL INDUSTRIAL CO","20260220",3405.0,8.0,6477.74,2117.58,4.08,5296.23,1891.5,"JPY",82.8,26.3,"",0,5.5,4.1,2.3,11.3,"","Process Industries","Specialty Chemicals","",8.76,"",2025,38843.0,3465.0,1733.0
"4093","TOHO ACETYLENE CO","20260220",420.0,12.0,1034.91,338.31,6.56,526.1,1200.2,"JPY",61.1,40.6,"",0,7.5,9.0,6.2,5.1,"","Process Industries","Chemicals","",34.79,"",2025,34804.0,395.0,325.0
"4094","NIHON KAGAKU SANGYO CO","20260220",2663.0,4.0,3619.61,1183.26,5.13,2352.13,2384.1,"JPY",40.3,43.1,"",0,5.0,4.1,5.7,8.3,"","Process Industries","Specialty Chemicals","",19.76,"",2025,25441.0,2746.0,1245.0
"4095","NIHON PARKERIZING CO","20260220",1561.0,11.0,3525.64,1152.54,6.56,1790.49,12813.4,"JPY",63.4,41.4,"",0,7.1,7.3,6.2,6.7,"","Process Industries","Specialty Chemicals","",109.03,"",2025,132281.0,1591.0,1018.0
"4097","KOATSU GAS KOGYO CO","20260220",1110.0,10.0,2372.07,775.43,5.53,1429.62,4364.6,"JPY",101.0,20.8,"",0,5.7,6.6,5.9,5.2,"","Process Industries","Specialty Chemicals","",55.2,"",2025,98983.0,1195.0,724.0
"4098","TITAN KOGYO K.K.","20260220",1127.0,-9.0,509.6,166.59,0.99,1720.54,50.5,"JPY","",7.0,"",0,-1.2,-13.5,6.7,4.4,"","Process Industries","Specialty Chemicals","",2.97,"",2025,7794.0,1730.0,675.0
"4099","SHIKOKU KASEI HOLDINGS CORPORATION","20260220",5160.0,1.0,5402.15,1765.97,8.31,2166.14,7797.1,"JPY",48.6,65.2,"",0,9.7,8.2,7.1,9.4,"","Process Industries","Specialty Chemicals","",43.3,"",2025,70705.0,4650.0,1519.0
"4100","TODA KOGYO CORP","20260220",1400.0,"","","",-10.17,1921.59,-1131.5,"JPY","",0.0,"",0,-14.4,3.6,18.1,39.9,"","Producer Manufacturing","Specialty Chemicals","",5.79,"",2025,31667.0,1758.0,882.0
"4102","MARUO CALCIUM CO","20260220",1459.0,3.0,1907.66,623.62,1.36,4689.0,132.9,"JPY",260.0,21.4,"",0,0.9,3.0,2.2,2.2,"","Process Industries","Chemicals","",2.09,"",2025,12843.0,1569.0,1282.0
"4107","ISE Chemicals Corporation","20260220",7030.0,-10.0,3268.07,1233.49,15.35,786.28,6150.5,"JPY",10.2,62.9,"",0,18.6,16.0,12.3,9.7,7.3,"Process Industries","Specialty Chemicals","",50.96,"",2025,39258.0,8450.0,1603.0
"4109","STELLA CHEMIFA","20260220",5290.0,5.0,7656.09,2502.79,6.74,3786.13,3016.5,"JPY",46.8,43.5,"",0,6.4,5.0,8.0,11.7,"","Process Industries","Specialty Chemicals","",11.82,"",2025,36288.0,5940.0,3130.0
"4112","HODOGAYA CHEMICAL CO","20260220",2315.0,10.0,4999.53,1634.36,5.13,3248.66,2493.1,"JPY",90.3,16.7,"",0,6.5,5.8,5.2,10.2,"","Process Industries","Specialty Chemicals","",14.96,"",2025,48578.0,2475.0,1240.0
"4113","TAOKA CHEMICAL CO","20260220",1159.0,14.0,3232.17,1056.6,8.35,1291.0,1543.9,"JPY",-21.0,65.7,"",0,8.5,4.9,1.6,13.6,"","Process Industries","Specialty Chemicals","",14.33,"",2025,29930.0,1547.0,875.0
"4114","NIPPON SHOKUBAI CO","20260220",2451.5,5.0,3477.36,1136.76,4.55,2548.09,17423.9,"JPY",-39.7,67.1,"",0,4.5,3.6,6.1,7.6,"","Process Industries","Chemicals","",150.32,"",2025,409346.0,2470.0,1529.5
"4116","DAINICHISEIKA COLOR & CHEM MFG CO","20260220",4885.0,6.0,7863.86,2570.71,3.52,7455.27,4500.8,"JPY",24.3,59.1,"",0,3.2,3.0,2.2,5.8,"","Process Industries","Specialty Chemicals","",17.17,"",2025,124760.0,4780.0,2510.0
"4118","KANEKA CORP","20260220",5102.0,10.0,10841.59,3544.14,4.69,7706.32,22131.3,"JPY",81.2,24.0,"",0,5.4,4.2,6.4,9.1,"","Process Industries","Specialty Chemicals","",61.24,"",2025,807200.0,5080.0,3146.0
"4119","NIPPON PIGMENT HOLDINGS CO LTD","20260220",4610.0,6.0,7200.96,2354.01,1.91,12595.54,376.9,"JPY",417.3,8.1,"",0,2.0,-1.3,2.8,7.5,"","Process Industries","Specialty Chemicals","",1.57,"",2025,37921.0,4100.0,2686.0
"4120","SUGAI CHEMICAL INDUSTRY CO","20260220",2360.0,18.0,8713.74,2848.54,5.11,5687.79,380.5,"JPY",15.0,47.6,"",0,6.1,11.2,9.2,8.5,"","Process Industries","Specialty Chemicals","",1.31,"",2025,6622.0,2752.0,1969.0
"4124","Osaka Yuka Industry Ltd.","20260220",2447.0,1.0,2625.0,858.12,5.53,1583.65,91.0,"JPY",-44.2,66.4,"",0,5.3,0.1,6.1,5.1,5.0,"Commercial Services","Chemicals","",1.04,"",2025,1178.0,3195.0,1835.0
"4125","SANWAYUKA INDUSTRY CORP","20260220",2913.0,7.0,4952.78,1619.07,5.79,2853.01,713.2,"JPY",43.6,34.1,"",0,4.8,8.1,13.6,18.6,"","Industrial Services","Waste Management","",4.32,"",2025,16040.0,2829.0,1080.0
"414A","OVERLAP Holdings,Inc.","20260220",1040.0,10.0,2265.19,740.49,18.58,406.4,1510.1,"JPY","",15.4,"",0,30.6,16.8,"","","","Technology Services","Information Technology Services","",20.0,"",2025,8535.0,1273.0,968.0
"4151","協和發酵工業","20260220",2778.5,4.0,3911.18,1278.57,7.64,1706.53,68247.5,"JPY",24.9,56.1,"",0,7.9,8.5,10.9,10.0,8.3,"Health Technology","Drug Manufacturers - General","",523.48,"",2025,496826.0,2706.0,2034.0
"4165","PLAID Inc.","20260220",503.0,6.0,780.91,255.28,22.28,116.82,1066.2,"JPY",12.8,43.6,"",0,35.9,18.4,-22.7,-18.7,-7.0,"Technology Services","Software - Application","",40.96,"",2025,13396.0,1375.0,700.0
"4166","CACCO INC","20260220",714.0,"","","",-22.53,304.76,-187.5,"JPY","",0.0,"",0,-23.8,-9.0,7.5,10.4,"","Commercial Services","Software - Application","",2.73,"",2024,734.0,1287.0,505.0
"4167","KOKOPELLI INC","20260220",292.0,-10.0,127.14,41.56,1.69,250.2,32.3,"JPY","",58.9,"",0,6.4,1.5,"","","","Technology Services","Software - Application","",7.61,"",2025,2007.0,631.0,272.0
"4168","YAPPLI INC","20260220",721.0,11.0,1604.51,524.52,31.2,171.4,682.5,"JPY",31.0,34.5,13.0,0,55.0,34.0,-37.0,-45.4,"","Technology Services","Software - Application","",12.76,"",2024,5511.0,1282.0,585.0
"4169","ENECHANGE LTD","20260220",259.0,"","","",-7.43,106.38,-338.2,"JPY","",0.0,"",0,"","",-66.2,-21.8,"","Technology Services","Software - Application","",42.77,"",2025,5372.0,428.0,214.0
"416A","Fuji United Holdings Co. Ltd.","20260220",1303.0,6.0,2101.81,687.09,4.82,1459.79,463.8,"JPY",50.6,90.0,"",0,4.7,6.2,0.2,2.5,"","Distribution Services","Integrated Oil","",6.62,"",2025,68344.0,1398.0,1040.0
"4170","KAIZEN PLATFORM INC","20260220",172.0,"","","",-0.08,173.78,-2.4,"JPY","",0.0,"",0,-1.6,-0.7,-6.0,-3.6,"","Technology Services","Advertising Agencies","",17.01,"",2024,4523.0,248.0,127.0
"4171","Global Information, Inc.","20260220",1403.0,8.0,2594.95,848.29,10.19,848.48,256.9,"JPY",0.8,69.7,"",0,9.4,13.8,18.6,24.7,26.6,"Commercial Services","Specialty Business Services","",2.97,"",2025,2567.0,1520.0,1200.0
"4172","TOWA Hi SYSTEM Co., Ltd.","20260220",2428.0,9.0,4973.54,1625.86,8.81,1881.61,369.7,"JPY",35.9,65.8,"",0,10.2,7.8,3.9,8.3,15.4,"Health Services","Health Information Services","",2.23,"",2025,2406.0,2549.0,1877.0
"4173","WACUL INC","20250716",500.0,16.0,1283.79,456.76,9.22,589.69,121.3,"JPY",36.4,31.8,"",0,7.4,19.9,23.9,48.5,"","Technology Services","Software - Application","",2.23,"",2025,1848.0,"",""
"4174","APPIRITS INC","20260220",659.0,-4.0,490.4,160.31,2.76,592.57,66.0,"JPY",-21.1,56.6,14.0,0,3.5,19.2,13.1,7.5,"","Technology Services","Software - Application","",4.04,"",2025,9008.0,914.0,637.0
"4175","COLY INC","20260220",1846.0,"","","",-6.67,955.09,-350.5,"JPY","",0.0,"",0,-9.0,-12.3,-3.5,45.0,"","Technology Services","Electronic Gaming & Multimedia","",5.5,"",2025,6500.0,2978.0,1310.0
"4176","coconala Inc.","20260220",294.0,1.0,326.93,120.52,12.22,101.9,294.8,"JPY",-82.2,50.0,"",0,13.8,18.7,-1.9,-20.1,24.0,"Technology Services","Internet Content & Information","",23.67,"",2025,9410.0,559.0,219.0
"4177","I-PLUG INC","20260220",1527.0,14.0,4216.96,1378.53,40.1,350.5,559.5,"JPY",30.0,35.0,"",0,76.3,6.7,-34.4,21.9,"","Technology Services","Staffing & Employment Services","",3.98,"",2025,5084.0,1850.0,900.0
"4178","SHARING INNOVATIONS INC","20260220",565.0,4.0,743.98,243.21,5.85,423.8,92.8,"JPY",0.6,49.7,"",0,9.5,4.5,6.6,23.3,"","Technology Services","Software - Infrastructure","",3.74,"",2024,5169.0,929.0,590.0
"4179","G-NEXT INC","20260220",282.0,"","","",-77.3,81.18,-340.1,"JPY","",0.0,"",0,-54.6,"","","","","Technology Services","Software - Application","",5.42,"",2022,495.0,435.0,206.0
"417A","BLUE ZONES HOLDINGS CO. LTD.","20260220",9450.0,6.0,15553.58,5668.94,12.97,4427.97,23492.2,"JPY",26.8,46.1,"",0,14.1,15.0,14.0,14.0,"","Retail Trade","Food Retail","",40.72,"",2025,736400.0,9523.0,7686.0
"4180","APPIER GROUP INC","20260220",700.0,1.0,777.49,254.16,7.69,337.05,2638.6,"JPY",-19.7,50.0,2.25,0,9.1,2.9,-0.2,-15.4,"","Technology Services","Software - Infrastructure","",101.81,"",2024,34057.0,1745.0,931.0
"4182","MITSUBISHI GAS CHEMICAL CO INC","20260220",4405.0,7.0,7284.71,2381.38,7.08,3431.35,47287.5,"JPY",87.8,24.1,"",0,7.8,4.1,8.7,10.4,"","Process Industries","Specialty Chemicals","",194.74,"",2025,773591.0,4124.0,1918.0
"4183","三井化學","20260220",2313.5,9.0,4701.81,1537.03,6.96,2252.78,59015.6,"JPY",89.7,20.7,"",0,7.0,9.8,10.4,21.2,"","Process Industries","Specialty Chemicals","",376.55,"",2025,1809164.0,2477.5,1322.75
"4186","Tokyo Ohka Kogyo Co., Ltd.","20260220",9237.0,-5.0,6318.96,2337.97,12.85,1899.52,29267.0,"JPY",30.7,51.9,"",0,16.1,12.0,8.9,12.9,9.1,"Electronic Technology","Electronic Components","",119.88,"",2025,237029.0,8610.0,2519.5
"4187","Osaka Organic Chemical Industry Ltd.","20260220",4525.0,2.0,5390.68,1762.22,7.36,2442.3,3656.7,"JPY",0.3,72.1,"",0,8.0,7.5,6.6,11.1,11.8,"Electronic Technology","Specialty Chemicals","",20.35,"",2025,36265.69,4595.0,1950.0
"4188","三菱化學控股","20260220",1117.5,18.0,3231.12,1229.23,10.7,1281.2,186206.0,"JPY",7.7,60.5,"",0,9.6,7.2,16.8,12.0,"","Process Industries","Specialty Chemicals","",1358.55,"",2025,4407405.0,1147.5,594.1
"4189","KH Neochem Co.,Ltd.","20260220",2987.0,11.0,5529.78,2111.17,11.71,1990.71,8159.0,"JPY",19.0,62.9,"",0,11.8,13.9,12.5,17.4,32.5,"Process Industries","Chemicals","",35.0,"",2025,115098.0,3050.0,2085.0
"4192","SPIDERPLUS & CO","20260220",278.0,"","","",-13.81,74.74,-365.4,"JPY","",0.0,"",0,-15.9,-12.6,-25.3,"","","Technology Services","Software - Application","",35.39,"",2024,4072.0,530.0,289.0
"4193","FABRICA HOLDINGS CO LTD","20260220",2025.0,8.0,3787.6,1357.91,17.51,680.67,641.4,"JPY",29.6,44.3,"",0,17.8,21.1,35.1,79.7,"","Technology Services","Software - Application","",5.38,"",2025,9206.0,2977.0,1873.0
"4194","VISIONAL INC","20260220",6878.0,6.0,11326.79,3702.75,22.46,1681.21,15147.7,"JPY",-0.3,50.0,"",0,30.5,31.3,31.8,26.0,14.9,"Commercial Services","Internet Content & Information","",40.12,"",2025,80161.0,12460.0,6666.0
"4196","NEO MARKETING Inc.","20260220",1339.0,-16.0,318.37,104.07,3.29,322.45,26.0,"JPY",13.9,43.0,"",0,3.2,-3.1,37.9,21.7,96.7,"Commercial Services","Advertising Agencies","",2.45,"",2025,2306.0,1520.0,930.0
"4197","ASMARQ Co.,Ltd.","20260220",2356.0,9.0,4730.16,1761.47,13.07,1383.48,207.9,"JPY",6.2,55.0,"",0,13.7,25.0,30.4,38.9,49.2,"Commercial Services","Miscellaneous Commercial Services","",1.15,"",2025,4416.0,2839.0,2310.0
"4198","TENDA CO LTD","20260220",559.0,3.0,702.94,229.79,5.68,412.82,155.4,"JPY",4.0,64.0,"",0,9.1,14.9,13.0,23.8,"","Technology Services","Information Technology Services","",6.63,"",2025,5574.0,991.0,533.0
"4202","DAICEL CORPORATION","20260220",1629.0,14.0,3593.16,1317.78,11.15,1368.6,40130.9,"JPY",53.6,45.6,"",0,12.9,16.3,13.9,17.8,"","Process Industries","Specialty Chemicals","",263.03,"",2025,586531.0,1618.0,1059.0
"4203","SUMITOMO BAKELITE CO","20260220",5787.0,6.0,8908.96,2912.36,8.96,3315.15,26037.9,"JPY",-1.9,64.8,"",0,8.2,8.6,9.0,9.9,"","Health Technology","Specialty Chemicals","",87.68,"",2025,304773.0,5861.0,2750.0
"4204","SEKISUI CHEMICAL CO","20260220",2985.0,8.0,5594.84,1828.96,9.56,1951.48,77154.8,"JPY",9.9,67.7,"",0,9.4,10.3,11.1,9.6,"","Process Industries","Conglomerates","",413.71,"",2025,1297754.0,2987.0,2151.0
"4205","ZEON CORPORATION","20260220",2032.0,9.0,3910.95,1278.5,7.09,1837.6,25350.8,"JPY",49.8,38.9,"",0,7.3,4.2,8.6,12.4,"","Process Industries","Specialty Chemicals","",194.46,"",2025,420647.0,2026.5,1250.0
"4206","AICA KOGYO CO","20260220",3833.0,11.0,8708.59,2846.85,10.32,2813.88,17887.5,"JPY",-1.0,76.1,"",0,11.3,10.8,9.2,9.5,"","Process Industries","Conglomerates","",61.62,"",2025,248696.0,3903.0,3153.0
"4208","宇部興產","20260220",2802.0,17.0,9676.42,3163.24,7.93,4067.35,31332.3,"JPY",110.3,16.0,"",0,7.1,8.5,-3.5,8.1,"","Process Industries","Specialty Chemicals","",97.14,"",2025,486802.0,2902.0,1788.5
"4212","SEKISUI JUSHI CORP","20260220",2258.0,7.0,3795.7,1240.82,4.06,3117.27,3883.0,"JPY",53.5,72.6,"",0,3.7,4.1,5.9,7.2,"","Electronic Technology","Building Products & Equipment","",30.69,"",2025,74231.0,2327.0,1607.0
"4215","Takiron Co. Ltd.","20241112",868.0,25.0,5059.79,1654.06,5.39,3130.82,5209.9,"JPY",-9.6,68.3,"",0,5.3,4.4,8.4,7.9,"","Basic Materials","Specialty Chemicals","",30.89,"",2024,137581.0,"",""
"4216","ASAHI YUKIZAI CORPORATION","20260220",4995.0,11.0,11681.23,3818.61,9.42,4133.97,7312.5,"JPY",21.4,47.7,"",0,11.3,18.8,18.6,10.8,"","Producer Manufacturing","Building Products & Equipment","",18.78,"",2025,85162.0,5690.0,2949.0
"4218","NICHIBAN CO LTD","20260220",1946.0,4.0,2637.38,862.16,4.14,2121.12,1789.9,"JPY",18.4,61.1,"",0,4.8,4.4,1.8,4.8,"","Process Industries","Business Equipment & Supplies","",20.36,"",2025,49457.0,2155.0,1821.0
"421A","Movin Strategic Career CO.,LTD.","20260220",1997.0,2.0,2296.89,750.86,32.87,232.92,616.3,"JPY","",0.0,"",0,44.3,"","","","","Commercial Services","Personnel Services","",8.05,"",2024,2387.0,3635.0,2413.0
"4220","RIKEN TECHNOS CORPORATION","20260220",1731.0,9.0,3470.9,1134.64,8.81,1313.1,5715.4,"JPY",4.6,86.1,"",0,9.2,8.1,7.9,8.1,"","Process Industries","Chemicals","",49.4,"",2025,128141.0,1821.0,840.0
"4221","OKURA INDUSTRIAL CO","20260220",4985.0,10.0,10989.12,3592.36,6.68,5485.68,4142.9,"JPY",48.4,42.1,195.0,0,5.7,7.3,5.3,8.2,"","Process Industries","Specialty Chemicals","",11.31,"",2024,81192.0,5730.0,3280.0
"4222","KODAMA CHEMICAL INDUSTRY CO","20260220",1411.0,-19.0,272.07,88.94,3.49,259.63,141.8,"JPY",3553.9,4.8,"",0,-3.3,-5.8,5.2,12.9,"","Producer Manufacturing","Auto Parts","",15.63,"",2025,15842.0,1024.0,303.0
"4224","LONSEAL CORP","20260220",2209.0,11.0,5100.65,1667.41,4.12,4124.51,783.8,"JPY",-26.3,69.8,"",0,3.5,4.5,2.4,5.6,"","Process Industries","Building Products & Equipment","",4.61,"",2025,21433.0,2099.0,1370.0
"4228","SEKISUI KASEI CO LTD","20260220",497.0,"","","",-2.35,1072.59,-1147.7,"JPY","",24.7,"",0,-2.9,2.1,-1.9,0.4,"","Producer Manufacturing","Specialty Chemicals","",45.6,"",2025,137072.0,508.0,285.0
"4229","GUN EI CHEMICAL INDUSTRY CO","20260220",5100.0,8.0,9350.6,3056.73,4.16,7491.72,2069.6,"JPY",97.4,23.5,"",0,4.0,5.0,3.4,4.8,"","Process Industries","Specialty Chemicals","",6.64,"",2025,30545.0,5180.0,2561.0
"4231","TIGERS POLYMER CORP","20260220",1225.0,19.0,5065.9,1656.05,7.55,2237.01,3335.1,"JPY",43.9,43.3,"",0,8.4,8.0,2.5,2.6,"","Process Industries","Specialty Chemicals","",19.75,"",2025,49336.0,1180.0,594.0
"4234","SUN A. KAKEN CO LTD","20260220",880.0,-34.0,32.66,10.68,0.05,2093.44,10.5,"JPY","",0.0,"",0,-0.4,-3.3,-0.8,4.8,"","Process Industries","Specialty Chemicals","",9.6,"",2025,29430.0,992.0,519.0
"4235","ULTRAFABRICS HOLDINGS CO LTD","20260220",702.0,20.0,2925.95,956.5,8.87,1099.18,1546.9,"JPY",41.0,40.8,39.0,0,11.8,18.4,17.1,10.4,"","Producer Manufacturing","Textile Manufacturing","",15.86,"",2024,20296.0,834.0,592.0
"4237","FUJIPREAM CORP","20260220",420.0,-13.0,134.35,43.92,1.28,350.58,128.0,"JPY",-48.0,65.6,"",0,0.2,5.8,8.1,5.5,"","Producer Manufacturing","Electronic Components","",28.57,"",2025,10620.0,532.0,269.0
"4238","MIRAIAL CO.LTD","20260220",1357.0,11.0,3108.02,1016.02,4.16,2488.5,936.6,"JPY",199.6,24.9,40.0,0,4.8,5.2,9.0,7.1,"","Electronic Technology","Semiconductor Equipment & Materials","",9.04,"",2025,14003.0,1390.0,942.0
"423A","Lion Office Products Corp.","20260220",336.0,13.0,884.73,289.22,7.21,409.31,880.9,"JPY",29.6,35.2,"",0,8.0,7.5,7.6,7.6,14.6,"Producer Manufacturing","Office Equipment/Supplies","",29.87,"",2025,37022.0,379.0,277.0
"4240","Cluster Technology Co. Ltd.","20260220",432.0,6.0,689.63,225.44,7.92,290.16,130.8,"JPY",30.9,34.5,"",0,6.4,3.8,4.1,8.6,"","Technology","Electronic Components","",5.69,"",2025,1022.0,465.0,178.0
"4241","atect Corp.","20260220",797.0,-4.0,591.86,193.48,5.08,388.01,87.2,"JPY",-197.6,61.9,"",0,2.3,9.2,8.0,15.3,"","Industrials","Conglomerates","",4.42,"",2025,3201.0,696.0,325.0
"4242","Takagi Seiko Corp.","20260220",1973.0,26.0,10113.6,3787.92,10.33,4090.68,1179.4,"JPY",-84.1,53.9,"",0,8.6,11.0,11.0,15.3,"","Basic Materials","Specialty Chemicals","",2.79,"",2025,44293.0,1798.0,1190.0
"4243","Nix Inc.","20260220",930.0,14.0,2703.88,883.9,4.68,1926.29,209.1,"JPY",-11.8,59.8,"",0,4.5,3.2,7.1,5.8,5.6,"Basic Materials","Specialty Chemicals","",2.32,"",2025,4403.0,997.0,672.0
"4245","DAIKI AXIS CO LTD","20260220",691.0,-3.0,565.41,184.83,2.64,712.58,250.1,"JPY",316.1,38.9,24.0,0,4.2,4.1,8.4,8.9,"","Producer Manufacturing","Waste Management","",13.27,"",2024,46818.0,725.0,580.0
"4246","DAIKYONISHIKAWA CORPORATION","20260220",910.0,16.0,2946.15,963.1,7.75,1267.96,6764.4,"JPY",-60.0,66.9,"",0,8.2,8.3,1.2,-2.8,"","Producer Manufacturing","Auto Parts","",68.88,"",2025,168561.0,885.0,493.0
"4247","Poval Kogyo Co. Ltd.","20260220",1434.0,7.0,2536.88,829.31,3.9,2169.58,222.4,"JPY",90.9,27.8,"",0,3.6,4.2,4.7,5.3,"","Process Industries","Specialty Chemicals","",2.63,"",2025,3378.0,1620.0,1067.0
"4248","Takemoto Yohki Co.Ltd.","20260220",895.0,9.0,1820.13,595.0,6.07,999.67,732.3,"JPY",5.5,90.0,"",0,6.6,5.8,2.6,3.4,12.7,"Producer Manufacturing","Packaging & Containers","",12.07,"",2025,14491.0,889.0,750.0
"4249","MORIROKU CO LTD","20260220",2527.0,3.0,3102.55,1014.23,2.32,4455.0,1477.9,"JPY",-128.6,50.0,"",0,1.3,6.1,-0.7,-1.0,"","Process Industries","Chemicals","",14.29,"",2025,146174.0,2790.0,1763.0
"4250","Frontier, Inc.","20260220",588.0,-18.0,144.55,54.74,14.47,37.63,77.7,"JPY",-0.4,63.4,"",0,16.8,5.7,21.0,13.0,35.1,"Producer Manufacturing","Auto Parts","",14.27,"",2025,1686.0,1779.0,584.0
"4251","KEIWA INCORPORATED","20260220",1323.0,22.0,5686.69,2047.15,15.38,1221.71,3529.8,"JPY",17.6,44.0,40.0,0,20.0,10.5,30.8,38.3,"","Process Industries","Electronic Components","",18.79,"",2024,21130.0,1408.0,757.0
"4255","THECOO INC","20260220",1950.0,-11.0,746.66,244.09,13.45,168.57,47.6,"JPY","",0.0,"",0,-15.6,-47.1,-13.4,-22.7,"","Technology Services","Software - Application","",2.1,"",2024,4331.0,2500.0,666.0
"4256","CYND CO LTD","20260220",1333.0,-7.0,721.7,235.92,4.39,547.93,145.5,"JPY","",0.0,"",0,4.3,1.2,"","","","Technology Services","Software - Application","",6.05,"",2025,2241.0,1579.0,800.0
"4258","AMIYA CORP","20260220",3425.0,-9.0,1672.85,546.86,21.64,257.68,461.2,"JPY",38.1,31.0,15.73,0,21.5,18.2,"","","","Technology Services","Information Technology Services","",8.27,"",2024,4767.0,4400.0,1455.0
"4259","EXAWIZARDS INC","20260220",690.0,-25.0,66.14,21.62,9.29,29.52,228.6,"JPY","",0.0,"",0,-1.4,-3.8,-6.5,-1.7,"","Technology Services","Software - Application","",83.32,"",2025,9811.0,924.0,227.0
"4260","Hybrid Technologies Co.,Ltd.","20260220",286.0,-3.0,228.93,74.84,4.09,186.45,87.3,"JPY",88.4,5.8,"",0,3.7,4.1,8.3,43.2,75.0,"Technology Services","Information Technology Services","",11.44,"",2025,3024.0,469.0,280.0
"4261","ASIAQUEST CO LTD","20260220",3660.0,7.0,6403.49,2223.93,16.17,1148.98,273.1,"JPY",41.4,29.3,"",0,21.6,16.6,26.0,99.5,"","Technology Services","Information Technology Services","",1.47,"",2024,4061.0,4920.0,1803.0
"4262","NIFTY LIFESTYLE CO LTD","20260220",1458.0,8.0,2607.19,975.96,11.53,913.86,669.3,"JPY",4.7,55.1,"",0,11.9,13.4,9.0,40.6,"","Technology Services","Real Estate Services","",6.35,"",2025,4938.0,1529.0,969.0
"4263","SUSMED INC","20260220",988.0,"","","",-6.38,259.81,-279.0,"JPY","",0.0,"",0,-6.4,-7.4,-0.9,-13.8,"","Health Technology","Health Information Services","",16.82,"",2025,462.0,1050.0,413.0
"4264","SECURE INC","20260220",1724.0,-6.0,1092.74,357.22,13.99,228.34,179.2,"JPY",106.2,0.0,"",0,24.5,20.8,-21.8,28.8,"","Electronic Technology","Security & Protection Services","",5.61,"",2024,6247.0,1889.0,1173.0
"4265","INSTITUTION FOR A GLOBAL SOCIETY CO","20260220",263.0,"","","",-22.47,150.33,-152.3,"JPY","",0.0,"",0,-28.4,"","","","","Technology Services","Staffing & Employment Services","",4.51,"",2025,602.0,736.0,220.0
"4267","LIGHTWORKS CORPORATION","20250725",2171.0,-10.0,1038.15,410.07,20.83,189.47,195.0,"JPY",0.1,83.8,"",0,21.0,18.6,36.8,50.6,"","Technology Services","Education & Training Services","",4.94,"",2025,3534.0,2666586112.0,1744326400.0
"4268","EDGE Technology Inc.","20241220",838.0,-18.0,169.55,55.43,8.99,62.85,60.7,"JPY",5.0,47.5,"",0,11.1,39.7,112.3,23.5,"","Technology","Software - Infrastructure","",10.74,"",2024,2862.0,"",""
"4270","BEEX INC","20260220",2090.0,17.0,6655.44,2414.83,17.49,1160.99,452.9,"JPY",-1.3,50.0,"",0,23.9,28.0,23.5,26.1,"","Technology Services","Software - Infrastructure","",2.23,"",2025,9255.0,2828.0,2115.0
"4272","日本化藥","20260220",1925.0,6.0,3134.44,1024.65,6.02,1736.4,16097.5,"JPY",37.0,53.6,"",0,6.6,3.7,6.9,7.3,"","Process Industries","Chemicals","",154.07,"",2025,222584.0,1880.0,1218.5
"4274","HOSOYA PYRO-ENGINEERING CO LTD","20260220",1542.0,-3.0,1203.75,393.51,5.02,799.0,160.5,"JPY",68.3,30.3,"",0,7.2,4.7,4.6,4.6,"","Electronic Technology","Chemicals","",4.0,"",2025,2038.0,1291.0,851.0
"4275","CARLIT CO LTD","20260220",2669.0,0.0,2717.42,888.33,5.47,1654.7,2051.7,"JPY",77.9,23.5,"",0,5.1,7.5,6.2,7.2,"","Process Industries","Specialty Chemicals","",22.65,"",2025,36914.0,2716.0,840.0
"4284","SOLXYZ CO LTD","20260220",476.0,11.0,1090.51,356.49,9.52,382.03,728.1,"JPY",-0.1,69.7,14.0,0,7.5,10.5,8.6,16.0,"","Technology Services","Software - Application","",20.03,"",2024,16041.0,554.0,304.0
"4286","CL HOLDINGS INC","20260220",1153.0,-1.0,1060.31,346.62,5.22,676.88,380.7,"JPY",40.0,45.9,18.0,0,3.3,6.4,4.4,16.9,"","Commercial Services","Advertising Agencies","",10.77,"",2024,38282.0,1218.0,667.0
"4287","JUSTPLANNING INC","20260220",482.0,9.0,971.54,317.6,10.33,313.65,379.6,"JPY",5.8,65.8,11.0,0,9.7,10.5,9.3,8.0,"","Commercial Services","Computer Hardware","",11.72,"",2025,2202.0,597.0,320.0
"428A","Cypress Holdings Co. Ltd.","20260220",839.0,-2.0,711.04,232.44,12.55,183.36,293.3,"JPY","",0.0,"",0,25.4,9.8,"","","","Consumer Services","Restaurants","",12.74,"",2025,11288.0,938.0,665.0
"4290","PRESTIGE INTERNATIONAL INC","20260220",670.0,5.0,995.98,363.17,11.1,367.96,5138.5,"JPY",39.2,43.6,"",0,11.1,13.1,15.4,14.2,"","Commercial Services","Specialty Business Services","",125.8,"",2025,63719.0,762.0,586.0
"4293","SEPTENI HOLDINGS","20260220",402.0,5.0,612.7,200.29,6.06,336.89,4236.4,"JPY","",19.0,18.0,0,8.0,6.1,20.3,"","","Commercial Services","Advertising Agencies","",207.43,"",2024,28284.0,514.0,321.0
"4295","Faith Inc.","20250213",1215.0,"","","",-5.69,1223.32,-755.5,"JPY","",0.0,"",0,-6.4,-2.3,-1.1,2.0,"","Communication Services","Entertainment","",10.85,"",2024,13738.0,0.0,0.0
"4298","PROTO CORPORATION","20250627",2090.0,9.0,3415.16,1312.67,11.61,1232.13,5765.2,"JPY",-4.6,65.8,"",0,12.6,12.7,11.8,9.4,"","Technology Services","Internet Content & Information","",40.31,"",2025,121325.0,30013605888.0,0.0
"4299","HIMACS LTD","20260220",1268.0,12.0,3170.58,1036.47,10.4,1016.57,1224.9,"JPY",-29.1,69.3,"",0,11.8,11.5,13.6,14.1,"","Technology Services","Software - Application","",11.59,"",2025,18066.0,1369.0,1052.0
"4301","AMUSE INC","20260220",2020.0,9.0,3968.38,1297.27,6.22,2128.1,2141.6,"JPY",38.0,65.4,"",0,4.3,2.5,4.5,6.5,"","Consumer Services","Entertainment","",16.19,"",2025,68186.0,2178.0,1461.0
"4304","ESTORE CORP","20250703",1946.0,-2.0,1709.49,558.83,8.77,649.53,300.3,"JPY",-8.9,72.5,"",0,8.4,21.6,13.8,29.8,"","Technology Services","Specialty Business Services","",5.27,"",2025,11221.0,876181888.0,0.0
"4307","NOMURA RESEARCH INSTITUTE","20260220",3833.0,2.0,4717.47,1778.7,21.47,756.92,93186.3,"JPY",-45.1,67.9,"",0,23.4,19.8,22.0,20.6,"","Technology Services","Information Technology Services","",573.43,"",2025,764813.0,6476.0,4170.0
"4308","J-STREAM IMC","20260220",372.0,6.0,610.25,199.49,4.79,424.73,505.9,"JPY",-11.5,68.4,"",0,5.3,2.8,10.8,14.8,"","Technology Services","Entertainment","",24.87,"",2025,11800.0,435.0,335.0
"4310","DREAM INCUBATOR INC","20260220",2803.0,-6.0,1667.29,545.04,3.74,1485.5,486.9,"JPY","",0.0,"",0,1.1,-8.6,-49.8,-1.3,"","Finance","Asset Management","",8.76,"",2025,6183.0,4570.0,2224.0
"4316","BEMAP INC","20260220",1151.0,"","","",-40.49,138.46,-196.8,"JPY","",0.0,"",0,-27.6,-12.2,-24.9,-14.1,"","Technology Services","Information Technology Services","",3.51,"",2025,1494.0,2282.0,275.0
"4317","RAY CORPORATION","20260220",710.0,16.0,2213.12,797.21,14.85,516.34,1008.9,"JPY",37.5,43.3,"",0,11.6,14.8,16.5,11.6,"","Commercial Services","Entertainment","",13.16,"",2025,10456.0,734.0,383.0
"4318","QUICK CO LTD","20260220",856.0,6.0,1342.28,511.55,16.16,317.85,2881.9,"JPY",6.8,67.0,"",0,17.6,25.6,26.7,22.0,"","Commercial Services","Staffing & Employment Services","",56.12,"",2025,32501.0,954.0,555.0
"4319","TAC CO LTD","20251218",347.0,10.0,753.28,246.25,7.32,343.02,455.2,"JPY",-349.2,73.4,"",0,8.9,-3.7,3.8,2.3,"","Commercial Services","Education & Training Services","",18.13,"",2025,19196.0,765003328.0,170.0
"4320","CE Holdings Co., Ltd.","20260220",1254.0,2.0,1461.5,477.77,9.23,527.57,766.8,"JPY",10.8,60.6,"",0,11.8,9.1,12.5,11.2,12.0,"Technology Services","Health Information Services","",15.74,"",2025,15831.0,1308.0,524.0
"4323","JAPAN SYSTEM TECHNIQUES CO","20260220",2000.0,6.0,3249.29,1168.52,16.95,597.37,2501.5,"JPY",28.0,45.4,"",0,19.4,19.4,19.4,20.8,"","Technology Services","Software - Application","",24.71,"",2025,29324.0,2731.0,1460.0
"4324","電通","20260220",2831.0,16.0,8989.23,2938.59,11.16,2684.38,77783.8,"JPY",-70.6,75.9,"",0,8.6,8.1,12.1,1.4,"","Commercial Services","Advertising Agencies","",259.59,"",2024,1410961.0,3554.0,2652.0
"4326","INTAGE HOLDINGS INC","20260220",1650.0,5.0,2380.52,778.19,9.15,867.0,3032.0,"JPY",-52.4,85.4,"",0,7.5,7.5,10.9,11.8,"","Commercial Services","Advertising Agencies","",38.21,"",2025,65571.0,2044.0,1467.0
"4331","TAKE & GIVE NEEDS CO","20260220",713.0,44.0,8836.74,3230.01,20.58,1242.33,3733.6,"JPY",-4.1,56.3,"",0,23.0,14.6,38.2,21.9,"","Consumer Services","Personal Services","",14.6,"",2025,47668.0,988.0,754.0
"4334","Yukes Co. Ltd.","20260220",398.0,1.0,438.78,143.44,4.9,298.69,123.2,"JPY",-10.0,63.9,10.0,0,2.7,7.5,25.5,35.4,"","Technology Services","Electronic Gaming & Multimedia","",8.42,"",2025,3255.0,480.0,302.0
"4335","IPS CO LTD","20260220",1212.0,14.0,3199.59,1203.57,15.88,731.88,266.2,"JPY",7.8,62.2,"",0,18.0,18.7,18.0,15.3,"","Technology Services","Information Technology Services","",2.29,"",2025,3732.0,1430.0,1000.0
"4337","PIA CORPORATION","20260220",2864.0,4.0,3759.54,1229.0,26.55,471.95,1921.1,"JPY",3.3,48.3,"",0,37.2,26.3,27.3,-35.2,"","Consumer Services","Specialty Business Services","",15.33,"",2025,45362.0,3775.0,2207.0
"4341","SEIRYO ELECTRIC CORPORATION","20260220",932.0,16.0,2943.29,962.17,5.92,1656.71,321.8,"JPY",-17.9,71.9,"",0,3.4,5.9,-6.5,3.7,"","Electronic Technology","Telecom Services","",3.28,"",2025,19296.0,892.0,755.0
"4343","AEON FANTASY CO LTD","20260220",2781.0,2.0,3322.37,1086.09,33.17,333.87,2190.6,"JPY",25.5,41.2,"",0,15.6,31.4,0.1,-18.4,"","Consumer Services","Leisure","",19.78,"",2025,87240.0,4020.0,2317.0
"4344","SOURCENEXT CORPORATION","20260220",131.0,"","","",-38.1,57.02,-3005.0,"JPY","",0.0,"",0,-42.8,-23.8,-23.8,-18.6,"","Technology Services","Software - Application","",138.31,"",2025,11455.0,243.0,136.0
"4345","CTS CO LTD","20260220",977.0,8.0,1752.55,621.41,17.32,311.87,2229.4,"JPY",65.3,39.3,"",0,17.9,17.6,16.8,19.4,"","Finance","Rental & Leasing Services","",41.27,"",2025,11821.0,1112.0,675.0
"4346","NEXYZ.Group Corporation","20260220",707.0,5.0,1053.34,344.34,10.55,332.74,456.8,"JPY",165.9,81.9,"",0,20.8,13.9,24.0,5.2,-32.3,"Distribution Services","Specialty Business Services","",13.01,"",2025,28433.0,1171.0,663.0
"4347","BROADMEDIA CORPORATION","20260220",2085.0,6.0,3343.38,1221.45,17.21,649.37,796.7,"JPY",25.8,51.8,"",0,13.1,19.0,37.0,23.1,"","Consumer Services","Entertainment","",7.13,"",2025,15533.0,2261.0,1452.0
"4348","Infocom Corp.","20241015",6040.0,20.0,22694.38,8677.85,13.38,6866.48,6551.1,"JPY",0.0,65.5,"",0,14.9,13.1,16.9,20.8,"","Communication Services","Publishing","",7.13,"",2024,84453.0,"",""
"4350","MEDICAL SYSTEM NETWORK CO LTD","20260220",515.0,17.0,1431.24,530.09,10.68,556.24,1736.7,"JPY",17.0,49.6,"",0,11.2,15.5,14.7,24.1,"","Retail Trade","Pharmaceutical Retailers","",29.23,"",2025,122387.0,548.0,347.0
"4351","YAMADA SERVICER SYNTHETIC OFFICE","20260220",856.0,-8.0,443.66,145.03,1.87,790.85,63.0,"JPY",-6.9,78.0,"",0,1.9,1.5,4.1,2.4,4.7,"Commercial Services","Specialty Business Services","",4.26,"",2025,2280.0,1354.0,822.0
"4360","MANAC CHEMICAL PARTNERS CO LTD","20260220",932.0,"","","",-0.38,1265.85,-39.3,"JPY",-86.8,56.7,"",0,-3.3,-0.1,8.6,6.3,"","Process Industries","Chemicals","",8.14,"",2025,9304.0,1029.0,486.0
"4361","Kawaguchi Chemical Industry Co., Ltd.","20260220",1612.0,21.0,7298.36,2385.85,9.48,2567.21,296.8,"JPY",13.8,55.6,"",0,10.3,11.1,10.7,10.5,13.8,"Process Industries","Chemicals: Specialty","",1.22,"",2025,8814.0,1910.0,1001.0
"4362","NIPPON FINE CHEMICAL CO","20260220",2698.0,8.0,5144.11,1681.62,7.72,2220.33,3719.2,"JPY",46.1,50.8,"",0,7.9,6.4,8.8,8.5,"","Process Industries","Specialty Chemicals","",21.69,"",2025,35663.0,3115.0,1727.0
"4365","MATSUMOTO YUSHI SEIYAKU CO","20260220",20020.0,17.0,69019.14,22562.48,8.4,27380.34,6671.9,"JPY",51.2,32.8,"",0,9.2,11.6,10.6,9.4,"","Process Industries","Specialty Chemicals","",2.9,"",2025,43131.0,21790.0,15950.0
"4366","DAITO CHEMIX CORP","20260220",432.0,7.0,716.98,234.38,5.18,461.19,769.8,"JPY",216.7,4.7,"",0,5.5,-6.8,6.6,12.7,"","Process Industries","Chemicals","",32.21,"",2025,18644.0,471.0,160.0
"4368","FUSO CHEMICAL CO","20260220",9200.0,0.0,9440.7,3313.25,11.92,2950.04,12404.3,"JPY",59.7,29.2,"",0,12.5,9.4,18.3,16.2,"","Process Industries","Chemicals","",35.27,"",2025,69501.0,8770.0,2922.0
"4369","TRI CHEMICAL LABORATORIES INC.","20260220",3470.0,5.0,5178.44,1837.27,16.46,971.91,5200.3,"JPY",42.3,38.9,35.0,0,18.0,9.6,22.7,32.6,"","Producer Manufacturing","Specialty Chemicals","",32.5,"",2025,18905.0,3590.0,1890.0
"4370","Mobilus Corporation","20260220",378.0,-3.0,303.03,99.06,4.38,230.76,60.1,"JPY","",0.0,"",0,7.3,-18.4,-7.8,9.1,10.6,"Technology Services","Software - Application","",5.95,"",2025,1854.0,631.0,265.0
"4371","CORE CONCEPT TECHNOLOGIES INC","20260220",1120.0,11.0,2498.99,816.92,33.36,249.7,1399.4,"JPY",14.5,51.6,19.0,0,44.9,45.8,42.6,20.9,"","Technology Services","Information Technology Services","",16.8,"",2024,19166.0,1471.0,800.0
"4372","YMIRLINK INC","20260220",1167.0,16.0,3652.24,1307.69,15.62,743.08,444.6,"JPY",15.8,42.1,19.0,0,19.8,21.1,18.6,"","","Technology Services","Software - Application","",3.83,"",2024,2669.0,1952.0,1270.0
"4373","SIMPLEX HLDGS INC","20260220",834.0,3.0,1083.01,401.58,16.97,214.05,8284.4,"JPY",11.6,58.0,"",0,16.7,14.8,14.6,13.4,"","Technology Services","Consulting Services","",228.03,"",2025,47394.0,1225.0,621.25
"4374","ROBOT PAYMENT INC","20260220",2358.0,3.0,3058.13,999.71,32.88,310.03,376.2,"JPY",108.6,0.0,28.0,0,41.3,26.8,-4.9,50.6,"","Technology Services","Software - Infrastructure","",3.69,"",2024,2762.0,3540.0,1598.0
"4375","SAFIE INC","20260220",836.0,"","","",-10.5,153.48,-897.0,"JPY","",0.0,"",0,-6.3,-9.9,"","","","Technology Services","Software - Application","",55.68,"",2024,15049.0,1192.0,629.0
"4376","Kufu Company Holdings Inc.","20260220",174.0,-7.0,100.88,32.98,2.51,133.87,201.1,"JPY","",13.0,"",0,2.0,1.6,5.9,"","","Commercial Services","Specialty Business Services","",59.79,"",2025,14110.0,216.0,145.0
"4377","ONE CAREER INC","20260220",1937.0,-2.0,1692.42,553.25,25.11,224.67,1015.5,"JPY",21.2,39.4,25.0,0,30.2,30.4,24.1,227.1,"","Technology Services","Staffing & Employment Services","",18.0,"",2024,5401.0,2948.0,1380.0
"4378","CINC Corp.","20260220",483.0,38.0,6445.8,2107.14,58.25,368.88,614.5,"JPY","",0.0,"",0,"","","","","","Commercial Services","Software - Infrastructure","",2.86,"",2025,1824.0,809.0,479.0
"4379","PHOTOSYNTH INC","20260220",403.0,7.0,670.02,219.03,16.22,137.72,346.4,"JPY","",0.0,"",0,18.4,-7.8,-21.5,"","","Technology Services","Software - Application","",15.51,"",2024,2961.0,467.0,254.0
"4380","M MART INC","20260220",1291.0,8.0,2306.45,859.72,19.65,370.76,356.2,"JPY",1.0,63.0,25.0,0,22.2,25.0,21.2,18.7,"","Distribution Services","Grocery Stores","",4.89,"",2025,1294.0,1460.0,963.0
"4381","BPLATS INC","20260220",508.0,"","","",-65.76,114.52,-186.8,"JPY","",0.0,"",0,-41.1,-17.0,41.8,2.5,"","Technology Services","Software - Application","",2.48,"",2025,706.0,630.0,338.0
"4382","HEROZ INC","20260220",785.0,-38.0,18.37,6.0,0.2,305.27,9.3,"JPY",72.7,13.7,"",0,-1.2,-0.6,4.6,"","","Technology Services","Software - Application","",15.19,"",2025,5929.0,1333.0,758.0
"4384","RAKSUL INC","20260220",1899.0,-12.0,675.75,224.96,10.01,275.7,1599.8,"JPY",203.0,6.8,"",0,10.4,5.2,0.0,4.4,3.7,"Commercial Services","Specialty Business Services","",57.94,"",2025,61950.0,2120.0,844.0
"4385","MERCARI INC","20260220",3585.0,2.0,4335.62,1417.32,23.99,602.43,23814.1,"JPY",-27.1,50.0,"",0,36.4,26.9,37.5,-18.8,"","Retail Trade","Internet Retail","",164.78,"",2025,192633.0,3685.0,1925.0
"4386","SIG GROUP CO LTD","20260220",947.0,11.0,2062.32,765.36,16.53,429.07,405.0,"JPY",10.0,57.7,"",0,22.2,14.4,18.2,52.8,"","Technology Services","Information Technology Services","",5.71,"",2025,8769.0,1086.0,518.0
"4387","ZUU CO LTD","20260220",688.0,"","","",-50.06,293.68,-698.4,"JPY","",0.0,"",0,-60.0,-0.5,9.0,-15.5,"","Commercial Services","Software - Application","",4.75,"",2025,2993.0,954.0,566.0
"4388","AI INC","20260220",408.0,"","","",-19.07,377.72,-449.5,"JPY","",0.0,"",0,"","","","","","Technology Services","Communication Equipment","",6.24,"",2025,1486.0,566.0,381.0
"4389","PROPERTY DATA BANK INC","20260220",805.0,10.0,1773.55,603.71,15.8,325.63,608.2,"JPY","",19.6,"",0,18.8,9.8,18.4,"","","Technology Services","Software - Application","",11.82,"",2025,3320.0,1070.0,590.0
"4390","IPS INC","20260220",3145.0,9.0,6152.99,2011.42,17.25,1189.05,2678.6,"JPY",81.6,17.4,"",0,22.3,29.5,30.6,34.1,"","Communications","Telecom Services","",13.06,"",2025,15264.0,3950.0,1785.0
"4391","LOGIZARD CO LTD","20260220",1060.0,10.0,2269.99,827.49,15.69,475.85,241.2,"JPY",0.4,49.8,12.0,0,19.1,18.8,16.3,35.2,"","Technology Services","Software - Infrastructure","",3.23,"",2022,1787.0,1633.0,1065.0
"4392","FUTURE INNOVATION GROUP INC","20260220",344.0,-4.0,253.0,82.7,3.14,268.86,256.2,"JPY",-334.3,63.9,10.0,0,1.0,5.6,7.7,5.3,"","Electronic Technology","Communication Equipment","",30.38,"",2024,12016.0,379.0,210.0
"4393","Bank of Innovation, Inc.","20260220",5450.0,8.0,10209.07,3337.36,23.23,1464.99,1351.0,"JPY",8.5,45.8,"",0,30.2,24.3,825.3,-116.1,-43.1,"Technology Services","Electronic Gaming & Multimedia","",3.97,"",2025,12366.0,14450.0,5660.0
"4394","eXmotion Co., Ltd.","20260220",779.0,6.0,1213.91,396.83,7.32,552.65,122.2,"JPY",8.8,69.8,"",0,8.0,6.4,7.2,"","","Technology Services","Information Technology Services","",3.02,"",2025,1386.0,920.0,710.0
"4395","ACCRETE INC","20260220",1377.0,7.0,2361.67,772.03,29.86,263.66,533.0,"JPY","",6.3,5.0,0,31.1,21.0,50.3,"","","Communications","Telecom Services","",6.77,"",2024,6347.0,1665.0,589.0
"4396","SYSTEM SUPPORT HOLDINGS INC","20260220",1211.0,7.0,2052.08,670.83,23.58,290.11,1417.3,"JPY",40.6,45.9,"",0,28.8,29.2,30.5,26.7,"","Technology Services","Information Technology Services","",20.72,"",2025,26938.0,1737.5,840.0
"4397","TeamSpirit, Inc.","20260220",450.0,4.0,615.85,201.32,20.87,98.36,338.5,"JPY",-37.3,50.0,"",0,29.5,-4.9,-7.8,-5.7,8.4,"Technology Services","Software - Application","",16.49,"",2025,4922.0,665.0,342.0
"4398","BROADBAND SECURITY INC","20260220",1344.0,1.0,1153.83,417.98,10.04,481.05,211.5,"JPY",31.0,39.8,"",0,6.9,28.1,33.6,35.6,"","Technology Services","Information Technology Services","",4.38,"",2025,6103.0,1610.0,1200.0
"4401","ADEKA CORPORATION","20260220",4542.0,6.0,7399.87,2419.03,8.41,2932.88,24952.4,"JPY",26.4,53.6,"",0,8.4,9.3,8.6,9.8,"","Producer Manufacturing","Specialty Chemicals","",101.16,"",2025,407145.0,5104.0,2125.5
"4403","NOF CORP","20260220",2970.0,4.0,3290.86,1209.11,11.31,1209.25,31512.0,"JPY",35.9,46.8,"",0,12.2,13.0,13.2,13.0,"","Process Industries","Specialty Chemicals","",230.33,"",2025,238310.0,3374.0,1739.0
"4404","MIYOSHI OIL & FAT CO","20260220",2305.0,-36.0,67.94,22.21,0.07,3041.86,23.1,"JPY","",15.1,100.0,0,7.7,6.9,-4.8,2.9,"","Consumer Non-Durables","Packaged Foods","",10.2,"",2024,57033.0,2665.0,1423.0
"4406","NEW JAPAN CHEMICAL CO","20260220",222.0,16.0,737.2,240.99,5.15,477.07,916.1,"JPY",42.2,28.9,"",0,5.9,3.1,-0.6,9.7,"","Process Industries","Specialty Chemicals","",37.28,"",2025,32703.0,299.0,157.0
"4409","TOHO CHEMICAL INDUSTRY CO","20260220",778.0,11.0,1731.17,565.92,5.78,998.05,1213.6,"JPY",86.5,24.3,"",0,6.5,2.9,5.4,10.0,"","Process Industries","Specialty Chemicals","",21.03,"",2025,53613.0,835.0,514.0
"4410","HARIMA CHEMICALS GROUP INC","20260220",1018.0,1.0,1063.45,347.64,2.31,1535.62,861.8,"JPY",490.7,21.4,"",0,0.8,-3.1,3.0,6.5,"","Process Industries","Specialty Chemicals","",24.31,"",2025,101006.0,1032.0,753.0
"4412","Science Arts, Inc.","20260220",2282.0,-18.0,463.33,151.46,8.98,171.98,125.1,"JPY",172.6,0.0,"",0,23.5,-6.1,-13.5,3.9,-34.2,"Technology Services","Software - Application","",8.1,"",2025,1654.0,2655.0,619.0
"4413","BAUDROIE INC","20260220",1712.0,-3.0,1487.99,578.08,32.06,146.74,1465.4,"JPY","",85.4,"",0,42.5,29.8,"","","","Technology Services","Information Technology Services","",31.15,"",2025,11649.0,3450.0,1721.0
"4414","FLECT CO LTD","20260220",1302.0,12.0,3116.1,1018.66,23.47,442.6,638.8,"JPY",15.6,42.2,"",0,36.2,28.8,17.2,109.5,"","Technology Services","Software - Infrastructure","",6.15,"",2025,7949.0,2631.0,1483.0
"4415","BROAD ENTERPRISE CO.,LTD.","20260220",1392.0,4.0,1936.27,632.97,24.29,265.69,395.0,"JPY",-4.8,50.0,"",0,34.5,40.3,63.6,3.6,76.9,"Communications","Telecom Services","",6.12,"",2025,7413.0,1570.0,580.0
"4416","TRUE DATA INC","20260220",542.0,-9.0,261.88,85.61,3.91,223.14,42.3,"JPY",8.5,45.8,"",0,3.7,6.2,7.5,2.8,"","Technology Services","Software - Application","",4.84,"",2025,1554.0,1176.0,528.0
"4417","GLOBAL SECURITY EXPERTS INC","20260220",2760.0,-3.0,2114.46,691.22,34.46,204.52,1060.8,"JPY",150.5,0.0,"",0,33.5,"","","","","Technology Services","Software - Infrastructure","",15.05,"",2025,8801.0,4575.0,2105.0
"4418","JAPAN DATA SCIENCE CONSORTIUM CO LT","20260220",886.0,-11.0,338.64,110.7,4.22,267.8,159.5,"JPY","",0.0,"",0,11.1,-3.9,"","","","Technology Services","Information Technology Services","",14.13,"",2025,23055.0,1946.0,619.0
"4419","FINATEXT HLDGS LTD","20260220",843.0,-8.0,452.33,147.87,8.53,176.86,775.9,"JPY",40.8,29.6,"",0,8.2,1.2,-4.0,-9.1,"","Technology Services","Software - Infrastructure","",51.46,"",2025,7702.0,1492.0,679.0
"4420","ESOL CO LTD","20260220",545.0,6.0,870.2,327.61,12.92,262.34,644.2,"JPY",33.9,59.2,5.5,0,15.9,3.1,-6.1,3.7,"","Technology Services","Electronics & Computer Distribution","",19.01,"",2024,11908.0,660.0,421.0
"4421","D.I.System Co.,Ltd.","20260220",945.0,13.0,2406.84,896.66,15.38,561.86,251.4,"JPY",11.0,57.8,"",0,17.8,19.1,22.8,18.9,16.4,"Technology Services","Information Technology Services","",2.91,"",2025,7222.0,1104.0,790.0
"4422","VALUENEX JAPAN INC","20260220",340.0,"","","",-4.63,82.69,-32.7,"JPY","",0.0,"",0,-10.4,0.4,5.0,4.8,-19.5,"Technology Services","Consulting Services","",8.55,"",2025,690.0,633.3333,146.6667
"4424","Amazia, Inc.","20260220",282.0,"","","",-42.68,137.69,-386.7,"JPY","",0.0,"",0,-28.0,"","","","","Technology Services","Software - Application","",6.58,"",2025,2843.0,705.0,250.0
"4425","KUDAN INC","20260220",2153.0,"","","",-20.41,277.48,-639.0,"JPY","",0.0,"",0,-35.6,-6.7,-61.6,-49.0,"","Technology Services","Software - Application","",11.28,"",2025,517.0,2083.0,930.0
"4427","EduLab, Inc.","20260220",224.0,16.0,731.8,239.23,18.4,132.58,249.3,"JPY","",0.0,"",0,22.0,-39.6,-10.8,-3.3,-1.7,"Commercial Services","Information Technology Services","",10.22,"",2025,6229.0,559.0,183.0
"4428","SINOPS INC","20260220",736.0,0.0,740.62,242.11,8.73,282.69,154.1,"JPY",30.1,54.5,16.0,0,6.3,13.4,10.6,7.9,"","Technology Services","Software - Application","",6.24,"",2024,1776.0,1024.0,700.0
"4429","RICKSOFT CO LTD","20260220",947.0,10.0,1964.91,713.45,11.34,672.89,343.5,"JPY",14.8,42.6,"",0,12.8,24.1,18.8,17.2,"","Technology Services","Software - Application","",4.5,"",2025,9043.0,1230.0,738.0
"4431","SMAREGI INC","20260220",2588.0,-1.0,2440.96,797.95,20.44,398.08,1567.1,"JPY",19.4,40.3,"",0,27.9,27.7,19.2,85.0,"","Technology Services","Software - Infrastructure","",19.26,"",2025,11066.0,3630.0,2340.0
"4432","WINGARC1ST INC","20260220",2697.0,5.0,4085.66,1565.29,13.56,1205.42,5669.0,"JPY",-8.9,66.6,"",0,15.2,15.7,14.4,16.9,"","Technology Services","Software - Application","",34.67,"",2025,28708.0,4225.0,2916.0
"4433","HITO-Communications Holdings, Inc.","20260220",942.0,10.0,2044.25,668.27,7.0,973.77,1215.7,"JPY",70.3,26.3,"",0,7.5,1.2,14.3,23.6,26.6,"Commercial Services","Staffing & Employment Services","",17.84,"",2025,63596.0,1188.0,813.0
"4434","SERVERWORKS CO LTD","20260220",1852.0,-4.0,1395.67,456.25,3.13,1488.31,358.2,"JPY",139.5,0.0,"",0,7.3,8.3,5.3,14.9,"","Technology Services","Software - Infrastructure","",7.7,"",2025,35717.0,2639.0,1704.0
"4435","KAONAVI INC","20250625",4365.0,-16.0,1072.5,350.6,14.26,215.75,367.4,"JPY","",0.0,"",0,16.6,67.3,"",26.8,"","Technology Services","Software - Infrastructure","",11.94,"",2025,9517.0,3583435776.0,0.0
"4436","MINKABU THE INFONOID INC","20260220",461.0,"","","",-576.79,20.2,-1776.5,"JPY","",0.0,"",0,-35.9,-10.1,-9.9,17.8,"","Technology Services","Internet Content & Information","",15.25,"",2025,10548.0,640.0,378.0
"4437","GOODDAY HOLDINGS INC","20260220",844.0,7.0,1429.84,470.13,11.41,444.36,346.3,"JPY",257.6,2.3,"",0,13.6,12.6,17.4,17.4,"","Technology Services","Real Estate Services","",6.83,"",2025,8805.0,819.0,555.0
"4438","WELBY INC","20260220",279.0,"","","",-67.24,97.71,-544.0,"JPY","",0.0,"",0,-59.0,"","","","","Technology Services","Health Information Services","",8.28,"",2024,528.0,558.0,264.0
"4439","Toumei Co. Ltd.","20260220",1090.0,10.0,2257.12,737.86,23.02,326.78,2255.6,"JPY",13.6,49.3,"",0,31.8,27.7,22.7,5.5,6.1,"Technology Services","Conglomerates","",29.98,"",2025,29070.0,1184.0,875.0
"4440","WITZ Corp.","20260220",1436.0,10.0,2983.43,1066.23,14.51,708.27,410.2,"JPY",40.1,39.7,"",0,17.7,11.7,7.4,8.6,10.8,"Technology Services","Software - Application","",3.99,"",2025,4856.0,1720.0,736.0
"4441","Tobila Systems, Inc.","20260220",1411.0,5.0,2104.86,779.37,24.46,256.93,634.8,"JPY",11.4,64.4,"",0,27.2,26.7,26.1,24.4,30.9,"Technology Services","Communication Equipment","",10.1,"",2025,2805.37,1355.0,785.0
"4442","VALTES HOLDINGS CO LTD","20260220",436.0,12.0,1083.08,385.85,18.86,164.53,615.2,"JPY",28.1,43.4,"",0,21.9,22.8,38.1,27.6,"","Technology Services","Information Technology Services","",19.82,"",2025,10795.0,526.0,335.0
"4443","SANSAN INC","20260220",1105.0,-4.0,820.37,268.18,21.72,125.9,3458.2,"JPY",-12.7,50.0,"",0,18.6,10.1,-1.8,-0.5,"","Technology Services","Software - Application","",126.46,"",2025,43202.0,2211.0,1119.0
"4444","INFONET INC","20260220",912.0,-5.0,594.06,194.2,3.52,562.38,40.0,"JPY",94.7,2.7,"",0,9.2,10.6,9.9,-9.9,"","Technology Services","Information Technology Services","",2.02,"",2025,2010.0,1170.0,625.0
"4445","Living Technologies, Inc.","20260220",3530.0,6.0,5549.81,2245.13,17.21,1320.0,295.3,"JPY","",90.0,"",0,20.3,"","","","","Technology Services","Real Estate Services","",1.3,"",2025,3592.0,4050.0,2138.0
"4446","LINK-U GROUP INC","20260220",1274.0,-20.0,215.73,70.52,3.94,182.64,101.9,"JPY",31.7,34.1,"",0,5.0,10.1,14.1,4.0,"","Technology Services","Software - Application","",14.17,"",2025,4835.0,1814.0,293.0
"4447","PBsystems, Inc.","20260220",483.0,3.0,614.95,201.03,10.36,197.94,119.3,"JPY",7.4,56.0,"",0,6.4,20.2,23.0,25.0,29.1,"Technology Services","Software - Application","",5.82,"",2025,2634.0,650.0,398.0
"4448","KUBELL CO LTD","20260220",290.0,-27.0,23.74,7.76,2.07,38.15,33.2,"JPY","",0.0,"",0,5.1,-14.4,-20.7,"","","Technology Services","Software - Application","",41.89,"",2024,8470.0,547.0,325.0
"4449","GIFTEE INC","20260220",982.0,1.0,1091.0,377.8,13.19,277.85,1088.9,"JPY",49.9,25.1,13.0,0,12.0,10.3,2.8,3.4,"","Technology Services","Internet Retail","",29.71,"",2024,9554.0,1954.0,977.0
"4450","POWER SOLUTIONS LTD","20260220",2140.0,7.0,3555.7,1162.36,11.81,1027.18,375.0,"JPY","",0.0,25.0,0,11.7,19.5,16.6,"","","Commercial Services","Information Technology Services","",3.09,"",2024,6748.0,2630.0,1198.0
"4452","花王","20260220",6524.0,2.0,7522.09,2458.98,10.89,2302.05,115897.8,"JPY",-11.8,88.7,"",0,11.3,10.8,8.6,9.3,12.9,"Consumer Non-Durables","Household & Personal Products","",462.23,"",2025,1688633.0,7007.0,5760.0
"4461","DKS CO. LTD.","20260220",11310.0,1.0,11774.84,3849.22,9.71,4042.59,3760.1,"JPY",10.6,79.6,"",0,8.5,2.6,1.6,7.2,"","Process Industries","Specialty Chemicals","",9.58,"",2025,73255.0,11930.0,2107.0
"4462","ISHIHARA CHEMICAL CO LTD","20260220",2771.0,8.0,4975.86,1626.62,10.35,1601.9,2267.3,"JPY",-60.3,72.5,"",0,10.9,8.0,7.1,8.6,"","Producer Manufacturing","Specialty Chemicals","",13.67,"",2025,23630.0,2670.0,1637.0
"4463","NICCA CHEMICAL CO","20260220",1816.0,12.0,4515.97,1476.28,7.1,2120.29,2389.0,"JPY",60.4,31.5,60.0,0,9.1,6.3,8.1,8.8,"","Process Industries","Chemicals","",15.87,"",2024,54099.0,1685.0,1160.0
"4464","SOFT99 CORPORATION","20260220",4090.0,0.0,4136.34,1352.18,5.24,2632.48,2963.0,"JPY",26.0,52.9,"",0,5.4,4.9,4.7,5.5,"","Distribution Services","Specialty Chemicals","",21.49,"",2025,29742.0,4190.0,1419.0
"4465","NIITAKA CO LTD","20260220",2444.0,13.0,6495.48,2123.38,8.67,2496.62,1279.6,"JPY",-31.2,59.3,"",0,8.6,10.8,4.4,11.3,"","Process Industries","Household & Personal Products","",5.91,"",2025,23714.0,2700.0,1930.0
"4471","SANYO CHEMICAL INDUSTRIES","20260220",5880.0,11.0,13933.11,4554.76,7.59,6120.48,10273.4,"JPY",-32.1,76.7,"",0,5.3,4.8,4.5,6.4,"","Process Industries","Specialty Chemicals","",22.12,"",2025,142258.0,6050.0,3310.0
"4475","HENNGE K.K.","20260220",982.0,1.0,1030.83,336.98,27.94,122.96,1087.9,"JPY",52.6,31.5,"",0,43.6,28.4,22.9,17.4,13.7,"Technology Services","Software - Infrastructure","",31.66,"",2025,10923.0,1949.0,956.0
"4476","AI CROSS INC","20260220",1013.0,1.0,1053.99,344.55,7.73,454.26,132.1,"JPY","",0.4,"",0,10.2,11.8,9.4,"","","Communications","Software - Application","",3.76,"",2024,3705.0,1880.0,1412.0
"4477","BASE INC","20260220",302.0,0.0,297.9,97.38,8.4,118.18,1142.7,"JPY",249.6,0.0,5.0,0,9.3,-3.1,-9.9,-5.8,"","Technology Services","Software - Application","",115.07,"",2024,15981.0,538.0,307.0
"4478","FREEE K K","20260220",2028.0,-16.0,498.07,162.82,5.0,332.35,982.2,"JPY","",0.0,"",0,8.1,-33.4,-21.9,-5.1,"","Technology Services","Software - Application","",59.16,"",2025,33270.0,4330.0,2216.0
"4479","Makuake, Inc.","20260220",1013.0,2.0,1165.66,381.06,9.15,424.71,495.4,"JPY",-56.0,50.0,"",0,9.1,-0.6,-8.4,-5.6,9.2,"Technology Services","Asset Management","",12.75,"",2025,4577.0,1345.0,461.0
"4480","MEDLEY INC","20260220",2045.0,3.0,2599.85,933.97,13.97,637.31,2822.5,"JPY",17.0,41.5,"",0,16.0,16.7,7.3,5.6,"","Commercial Services","Health Information Services","",31.71,"",2024,29302.0,3720.0,2066.0
"4481","BASE CO LTD","20260220",3210.0,12.0,6338.42,2072.04,29.46,717.13,3898.1,"JPY",-0.4,74.6,117.0,0,31.8,33.2,32.6,31.5,"","Technology Services","Software - Application","",18.45,"",2024,20230.0,3820.0,2470.0
"4482","WILLS INC","20260220",745.0,5.0,1064.81,348.09,33.55,105.79,717.7,"JPY",-1.0,61.6,13.0,0,37.4,40.4,34.0,36.5,"","Technology Services","Internet Content & Information","",20.22,"",2024,5072.0,829.0,555.0
"4483","JMDC INC","20260220",3960.0,-6.0,2521.89,824.41,7.05,1192.45,5500.3,"JPY",42.3,37.5,"",0,10.4,6.4,13.4,11.7,"","Technology Services","Health Information Services","",65.43,"",2025,41722.0,4950.0,2480.0
"4484","LANCERS INC","20260220",309.0,-3.0,255.05,94.15,11.82,83.57,160.5,"JPY",-3.9,50.0,"",0,14.9,13.5,-20.9,-20.4,"","Technology Services","Software - Application","",16.25,"",2025,4589.0,326.0,154.0
"4485","JTOWER Inc.","20250121",3590.0,"","","",-0.85,1896.98,-263.4,"JPY","",0.0,"",0,-1.3,-9.1,5.6,7.1,"","Communication Services","Telecom Services","",16.25,"",2024,11519.0,0.0,0.0
"4486","UNITE AND GROW INC","20260220",676.0,4.0,924.48,347.77,14.64,235.16,270.2,"JPY",-2.1,60.9,12.0,0,17.3,17.3,17.1,15.2,"","Commercial Services","Information Technology Services","",7.85,"",2023,2667.0,785.0,500.0
"4487","SPACE MARKET INC","20260220",298.0,5.0,453.11,148.12,23.92,63.13,182.3,"JPY",36.4,31.8,"",0,32.8,21.2,-14.2,4.8,"","Technology Services","Real Estate Services","",12.07,"",2024,1970.0,473.0,218.0
"4488","AI INSIDE INC","20260220",2297.0,-2.0,2041.9,667.5,5.94,1145.06,268.9,"JPY",-39.2,50.0,"",0,4.0,10.1,3.5,9.8,"","Technology Services","Software - Infrastructure","",3.95,"",2025,4399.0,4995.0,2350.0
"4490","VISASQ INC","20260220",554.0,24.0,3025.11,988.91,107.95,93.41,933.8,"JPY",6.6,46.7,"",0,290.1,15.5,0.8,-46.7,"","Technology Services","Consulting Services","",9.26,"",2025,9780.0,1154.0,445.0
"4491","COMPUTER MANAGEMENT CO LTD","20260220",3020.0,6.0,4866.59,1783.22,11.15,1754.41,399.2,"JPY",29.3,45.9,"",0,12.4,11.5,13.0,15.1,"","Technology Services","Software - Application","",2.04,"",2025,7902.0,3850.0,1529.0
"4492","GENETEC CORPORATION","20260220",481.0,8.0,901.67,330.85,15.12,208.41,363.4,"JPY",45.4,51.5,"",0,20.0,22.5,2.5,10.6,"","Technology Services","Software - Application","",11.53,"",2025,8124.0,552.0,411.0
"4493","CYBER SECURITY CLOUD INC","20260220",1674.0,-1.0,1613.02,527.3,32.32,166.34,551.1,"JPY","",0.0,5.0,0,31.6,45.2,"",29.8,"","Technology Services","Software - Infrastructure","",10.25,"",2024,3857.0,2143.0,1300.0
"4494","VARIO SECURE INC","20260220",756.0,15.0,2292.17,749.31,5.86,1303.51,345.4,"JPY",4.8,62.9,"",0,6.2,6.5,8.9,12.7,"","Technology Services","Software - Infrastructure","",4.52,"",2025,2667.54,960.0,536.0
"4495","I CUBED SYSTEMS INC","20260220",2319.0,7.0,4030.98,1459.49,22.81,525.15,585.8,"JPY",28.8,53.5,"",0,22.1,18.1,19.9,24.7,"","Technology Services","Software - Application","",4.89,"",2025,3749.0,2980.0,1399.0
"4496","COMMERCE ONE HOLDINGS INC","20260220",795.0,4.0,1071.51,350.28,10.01,356.72,252.5,"JPY",15.1,57.9,"",0,5.6,16.1,16.2,26.5,"","Technology Services","Software - Infrastructure","",7.07,"",2025,3693.0,932.0,635.0
"4498","CYBERTRUST JAPAN CO LTD","20260220",1240.0,4.0,1765.16,644.11,15.03,403.93,988.7,"JPY",18.0,49.2,"",0,16.5,15.3,14.9,15.7,"","Technology Services","Information Technology Services","",16.28,"",2025,7442.0,1597.5,897.5
"4499","Speee Inc.","20260220",2238.0,"","","",-7.08,634.93,-515.9,"JPY","",0.0,"",0,-15.5,4.9,13.9,22.3,20.2,"Communication Services","Advertising Agencies","",11.48,"",2025,16435.0,4090.0,1600.0
"4502","武田藥品工業","20260220",5790.0,3.0,7362.18,2406.71,5.59,4392.77,387434.7,"JPY",25.2,70.2,"",0,4.9,7.1,7.7,7.0,"","Health Technology","Drug Manufacturers - Specialty & Generic","",1578.75,"",2025,4581551.0,5640.0,3916.0
"4503","安斯泰來製藥","20260220",2476.5,6.0,3971.99,1523.01,17.66,844.77,267272.6,"JPY",14.8,70.8,"",0,16.1,7.4,13.2,13.7,"","Health Technology","Drug Manufacturers - General","",1791.32,"",2025,1912323.0,2570.0,1243.5
"4506","大日本住友製藥","20260220",2475.5,4.0,3462.52,1131.9,27.06,426.59,45854.1,"JPY","",0.0,"",0,4.4,-77.5,-20.4,9.7,"","Health Technology","Drug Manufacturers - Specialty & Generic","",397.29,"",2025,398832.0,2955.0,500.0
"4507","鹽野義製藥","20260220",3645.0,5.0,5525.41,2108.32,13.84,1600.44,188469.1,"JPY",-30.0,65.1,"",0,14.5,16.6,20.0,13.5,"","Health Technology","Drug Manufacturers - Specialty & Generic","",850.97,"",2025,438268.0,3591.0,2153.5
"4516","NIPPON SHINYAKU CO","20260220",5015.0,11.0,11144.85,4270.21,12.41,3667.28,30658.3,"JPY",-15.7,65.5,"",0,15.3,13.8,13.1,15.6,"","Health Technology","Drug Manufacturers - Specialty & Generic","",67.36,"",2025,160232.0,6529.0,2967.0
"4519","中外製藥","20260220",9930.0,-4.0,7668.89,2900.08,20.58,1231.06,416952.2,"JPY",2.3,69.1,"",0,22.4,23.8,22.8,31.5,30.9,"Health Technology","Drug Manufacturers - General","",1645.52,"",2025,1257941.0,9460.0,5942.0
"4521","KAKEN PHARMACEUTICAL","20260220",4270.0,3.0,5532.14,1808.47,4.58,4030.47,6983.4,"JPY",11.7,78.7,"",0,11.0,6.0,5.3,9.7,"","Health Technology","Drug Manufacturers - Specialty & Generic","",37.87,"",2025,94035.0,4901.0,3540.0
"4523","日本衛材","20260220",5114.0,-4.0,3604.4,1178.28,4.03,2984.91,33868.1,"JPY",-49.3,90.0,"",0,4.3,4.2,6.7,4.9,"","Commercial Services","Drug Manufacturers - Specialty & Generic","",281.89,"",2025,789400.0,5349.0,3463.0
"4524","MORISHITA JINTAN","20260220",2320.0,10.0,4799.27,1568.89,5.4,2963.66,655.9,"JPY",95.7,26.5,"",0,5.3,6.1,4.7,2.3,"","Health Technology","Drug Manufacturers - Specialty & Generic","",4.1,"",2025,12766.0,2323.0,1950.0
"4526","RIKEN VITAMIN CO","20260220",3000.0,9.0,6111.13,1997.74,7.63,2670.78,6037.8,"JPY",-2.2,65.4,"",0,8.0,10.0,9.4,16.4,"","Consumer Non-Durables","Packaged Foods","",29.64,"",2025,95582.0,3285.0,2204.0
"4527","ROHTO PHARMACEUTICAL CO","20260220",2377.0,5.0,3653.51,1301.15,11.97,1151.06,31129.0,"JPY",47.9,35.3,"",0,11.8,15.2,15.5,14.2,"","Consumer Non-Durables","Household & Personal Products","",225.96,"",2025,308625.0,2703.0,1964.5
"4528","ONO PHARMACEUTICAL CO","20260220",2617.5,6.0,4230.35,1382.91,8.47,1665.21,66258.6,"JPY",-46.6,64.9,"",0,6.8,17.3,18.4,13.9,"","Health Technology","Drug Manufacturers - General","",469.88,"",2025,486871.0,2565.0,1474.0
"4530","HISAMITSU PHARMACEUTICAL CO INC","20260220",6031.0,2.0,7086.62,2316.63,6.06,3895.09,16788.2,"JPY",45.3,90.0,"",0,6.4,5.6,4.6,3.7,"","Health Technology","Drug Manufacturers - Specialty & Generic","",71.07,"",2025,156006.0,6695.0,3783.0
"4531","YUKI GOSEI KOGYO CO","20260220",458.0,11.0,1090.05,356.34,5.99,606.43,785.2,"JPY",126.4,15.7,"",0,7.3,8.7,5.2,3.2,"","Process Industries","Chemicals","",21.61,"",2025,15128.0,640.0,214.0
"4534","MOCHIDA PHARMACEUTICAL CO","20260220",3780.0,4.0,5223.05,1707.42,4.72,3686.71,6171.9,"JPY",70.9,58.0,"",0,4.4,3.5,5.2,8.5,"","Health Technology","Drug Manufacturers - Specialty & Generic","",35.45,"",2025,105159.0,3795.0,2836.0
"4536","SANTEN PHARMACEUTICAL CO","20260220",1716.0,8.0,3197.63,1045.31,12.2,873.73,34919.2,"JPY",-14.8,90.0,"",0,12.6,14.1,7.0,8.5,"","Health Technology","Drug Manufacturers - General","",327.61,"",2025,300004.0,1790.5,1310.5
"4538","FUSO PHARMACEUTICAL INDUSTRIES","20260220",2387.0,17.0,8431.26,2756.2,6.14,4579.74,2400.1,"JPY",29.8,56.7,"",0,7.4,4.2,"","","","Health Technology","Drug Manufacturers - Specialty & Generic","",8.54,"",2025,60563.0,2641.0,2028.0
"4539","NIPPON CHEMIPHAR CO","20260220",1800.0,7.0,3138.78,1026.07,1.97,5309.14,377.7,"JPY",784.5,0.0,"",0,2.6,-1.1,-0.4,4.1,"","Health Technology","Drug Manufacturers - Specialty & Generic","",3.61,"",2025,32570.0,1753.0,1410.0
"4540","TSUMURA & CO","20260220",4051.0,12.0,10302.67,3367.96,8.52,4029.62,25612.5,"JPY",58.1,35.4,"",0,10.8,6.5,7.1,8.8,"","Health Technology","Drug Manufacturers - Specialty & Generic","",74.58,"",2025,181093.0,4515.0,3306.0
"4543","泰爾茂","20260220",1962.0,4.0,2774.51,906.99,9.97,927.8,136417.4,"JPY",38.2,46.2,"",0,10.7,9.6,9.4,10.6,"","Health Technology","Medical Instruments & Supplies","",1475.04,"",2025,1036171.0,2859.5,1975.0
"4544","H.U. GROUP HLDGS INC","20260220",3190.0,-22.0,461.77,150.95,0.64,2413.11,874.6,"JPY",-436.9,60.3,"",0,0.9,-4.4,10.4,30.1,"","Health Services","Diagnostics & Research","",56.82,"",2025,243025.0,4093.0,2440.5
"4547","KISSEI PHARMACEUTICAL CO","20260220",4750.0,"","","",-0.35,5042.29,-730.4,"JPY","",0.0,"",0,1.5,1.0,-1.3,-1.5,"","Health Technology","Drug Manufacturers - Specialty & Generic","",41.45,"",2025,88330.0,4815.0,3480.0
"4548","SEIKAGAKU CORP","20260220",723.0,-15.0,197.64,64.61,0.49,1340.4,359.7,"JPY",485.6,32.2,"",0,1.4,3.2,3.4,5.8,"","Health Technology","Medical Devices","",54.6,"",2025,39374.0,800.0,603.0
"4549","EIKEN CHEMICAL CO","20260220",3050.0,-4.0,2153.97,704.14,5.43,1322.75,2366.5,"JPY",9.6,61.7,"",0,5.2,5.4,12.5,15.0,"","Health Technology","Medical Devices","",32.96,"",2025,40539.0,2585.0,1972.0
"4551","TORII PHARMACEUTICAL CO","20250827",6350.0,-2.0,5279.67,1725.93,4.07,4323.48,4947.1,"JPY",76.4,49.2,"",0,4.4,3.2,3.2,3.0,"","Health Technology","Drug Manufacturers - Specialty & Generic","",28.11,"",2024,60426.0,12223291392.0,3795.0
"4552","JCR PHARMACEUTICAL CO","20260220",678.0,"","","",-5.64,385.65,-2655.0,"JPY","",22.6,"",0,-10.4,10.6,7.5,40.7,"","Health Technology","Drug Manufacturers - General","",121.98,"",2025,33072.0,824.0,386.0
"4553","TOWA PHARMACEUTICAL CO","20260220",4310.0,11.0,7978.99,2742.55,9.54,3486.17,16368.4,"JPY",153.1,18.7,"",0,11.3,7.8,3.5,11.6,"","Health Technology","Drug Manufacturers - Specialty & Generic","",49.23,"",2025,259594.0,3800.0,2298.0
"4554","Fuji Pharma Co., Ltd.","20260220",2400.0,10.0,5250.92,1716.54,9.13,1917.54,4281.3,"JPY",-32.4,64.2,"",0,8.3,4.1,8.9,9.1,5.8,"Health Technology","Drug Manufacturers - Specialty & Generic","",24.46,"",2025,51677.0,2324.0,1180.0
"4559","ZERIA PHARMACEUTICAL","20260220",2208.0,12.0,5529.14,1807.49,9.07,2031.28,8124.2,"JPY",27.9,50.5,"",0,12.8,10.3,11.8,7.4,"","Health Technology","Drug Manufacturers - Specialty & Generic","",44.08,"",2025,87311.0,2378.0,1878.0
"4563","ANGES INC","20260220",63.0,"","","",-312.66,5.95,-6740.9,"JPY","",0.0,"",0,-30.7,-18.5,-37.8,-41.4,"","Health Technology","Biotechnology","",362.36,"",2024,643.0,120.0,54.0
"4564","ONCOTHERAPY SCIENCE INC","20260220",21.0,"","","",-116.84,2.62,-850.6,"JPY","",0.0,"",0,-231.4,-133.4,-57.4,-67.4,"","Health Technology","Biotechnology","",277.64,"",2025,750.0,35.0,19.0
"4565","NXERA PHARMA CO LTD","20260220",897.0,"","","",-7.83,757.1,-5363.7,"JPY","",0.0,"",0,-7.2,-12.2,3.9,7.5,"","Health Technology","Biotechnology","",90.5,"",2024,28835.0,1048.0,668.0
"4568","第一三共","20260220",2918.5,2.0,3653.22,1418.64,16.0,877.02,259685.4,"JPY",10.7,74.5,"",0,16.6,13.9,7.1,5.4,"","Health Technology","Drug Manufacturers - General","",1851.05,"",2025,1886256.0,4178.0,2684.0
"4569","KYORIN PHARMACEUTICAL CO LTD","20260220",1687.0,15.0,4988.07,1630.61,7.01,2372.22,9552.2,"JPY",-2.2,84.8,"",0,7.3,3.9,2.9,3.4,"","Health Technology","Drug Manufacturers - Specialty & Generic","",57.45,"",2025,130087.0,1698.0,1332.0
"4570","Immuno-Biological Laboratories Co. Ltd.","20260220",1685.0,-9.0,871.39,316.78,16.82,162.62,254.6,"JPY",-35.2,50.0,"",0,19.7,17.2,-10.5,-15.4,"","Healthcare","Biotechnology","",9.31,"",2025,969.0,3820.0,356.0
"4571","NANO MRNA CO LTD","20260220",174.0,"","","",-25.23,38.42,-691.1,"JPY","",0.0,"",0,-20.2,-17.7,-109.1,"","","Health Technology","Biotechnology","",71.29,"",2025,108.0,254.0,113.0
"4572","Carna Biosciences Inc.","20260220",319.0,"","","",-695.1,16.09,-2140.9,"JPY","",0.0,"",0,-86.8,-53.8,-31.5,-30.3,-13.7,"Healthcare","Biotechnology","",19.14,"",2025,579.0,512.0,200.0
"4574","TAIKO PHARMACEUTICAL CO LTD","20260220",300.0,2.0,352.21,115.14,7.41,158.47,590.0,"JPY","",0.0,"",0,15.2,-16.1,-26.4,-30.0,"","Health Technology","Drug Manufacturers - Specialty & Generic","",50.25,"",2024,6292.0,444.0,228.0
"4575","CANBAS CO LTD","20260220",849.0,"","","",-40.29,149.39,-1185.6,"JPY","",0.0,"",0,-49.4,-62.6,-515.7,-195.6,"","Health Technology","Biotechnology","",19.7,"",2025,0.0,1558.0,739.0
"4576","D. Western Therapeutics Institute Inc.","20260220",100.0,"","","",-150.72,13.91,-1104.8,"JPY","",0.0,"",0,-96.0,-42.1,-14.2,-6.8,"","Healthcare","Biotechnology","",52.68,"",2024,471.0,181.0,87.0
"4577","DAITO PHARMACEUTICAL CO.LTD","20260220",1410.0,6.0,2292.36,749.38,4.41,1734.01,2291.6,"JPY",94.5,14.4,"",0,3.2,5.9,7.8,11.2,"","Health Technology","Drug Manufacturers - Specialty & Generic","",29.99,"",2025,50643.0,1395.0,970.0
"4578","OTSUKA HLDGS CO LTD","20260220",10620.0,10.0,22186.42,8368.01,15.28,5176.35,417714.5,"JPY",4.8,63.1,140.0,0,19.7,13.2,8.7,6.9,"","Health Technology","Drug Manufacturers - General","",528.09,"",2024,2329861.0,9980.0,6465.0
"4579","RaQualia Pharma Inc.","20260220",999.0,"","","",-9.21,227.67,-512.9,"JPY","",0.0,"",0,-7.8,-5.5,16.2,18.7,"","Healthcare","Biotechnology","",24.47,"",2024,3107.0,1465.0,301.0
"4582","SymBio Pharmaceuticals Ltd.","20260220",160.0,"","","",-361.11,26.09,-4593.5,"JPY","",0.0,"",0,-112.0,-51.5,-17.6,15.9,43.6,"Healthcare","Drug Manufacturers - Specialty & Generic","",48.76,"",2025,1307.65,205.0,81.0
"4583","CHIOME BIOSCIENCE INC","20260220",115.0,"","","",-53.58,28.22,-1028.9,"JPY","",0.0,"",0,-88.3,-68.2,-66.0,-43.2,"","Health Technology","Biotechnology","",68.04,"",2024,780.81,172.0,105.0
"4584","KIDSWELL BIO CORPORATION","20260220",260.0,-31.0,12.97,4.24,1.46,29.58,20.6,"JPY","",0.0,"",0,-5.4,"","",-59.4,-66.8,"Health Technology","Biotechnology","",47.64,"",2025,5082.0,417.0,93.0
"4586","MEDRX CO LTD","20260220",102.0,"","","",-45.33,45.64,-982.7,"JPY","",0.0,"",0,-39.4,-77.0,-56.9,-50.0,"","Health Technology","Drug Manufacturers - Specialty & Generic","",47.5,"",2024,257.0,225.0,55.0
"4587","PEPTIDREAM INC","20260220",1358.5,-3.0,1039.81,339.92,7.89,439.31,4478.5,"JPY",29.0,35.5,"",0,37.9,9.6,30.2,16.8,"","Health Technology","Biotechnology","",129.21,"",2024,46676.0,2365.5,1440.0
"4588","ONCOLYS BIOPHARMA INC","20260220",2215.0,"","","",-66.65,110.75,-1834.3,"JPY","",0.0,"",0,-113.1,-88.8,-32.4,-75.1,"","Health Technology","Biotechnology","",24.85,"",2024,31.38,2448.0,458.0
"4591","RIBOMIC INC","20260220",84.0,"","","",-34.56,68.24,-1051.8,"JPY","",0.0,"",0,-30.0,-22.4,-35.2,-27.3,"","Health Technology","Biotechnology","",44.59,"",2025,2.0,141.0,72.0
"4592","SANBIO COMPANY LIMITED","20260220",2258.0,"","","",-181.63,24.46,-3200.4,"JPY","",0.0,"",0,-103.6,-66.1,-273.2,-56.2,"","Health Technology","Biotechnology","",72.03,"",2025,0.0,3990.0,1053.0
"4593","HEALIOS KK","20260220",358.0,"","","",-136.84,17.99,-2823.0,"JPY","",0.0,"",0,-76.2,-76.0,-63.2,-80.5,"","Health Technology","Biotechnology","",114.7,"",2024,560.0,747.0,194.0
"4594","BRIGHTPATH BIOTHERAPEUTICS CO LTD","20260220",67.0,"","","",-117.91,9.9,-1090.7,"JPY","",0.0,"",0,-119.0,-16.7,"","","","Health Technology","Biotechnology","",93.44,"",2025,1.13,114.0,32.0
"4595","MIZUHO MEDY CO LTD","20260220",1857.0,15.0,5570.96,2043.92,19.81,910.92,3438.0,"JPY",3.6,56.1,100.0,0,24.1,26.4,97.6,124.0,"","Health Technology","Drug Manufacturers - Specialty & Generic","",19.05,"",2024,11429.0,1827.0,1341.0
"4596","KUBOTA PHARMACEUTICAL HLDGS CO LTD","20260220",183.0,"","","",-80.16,22.7,-1114.2,"JPY","",0.0,"",0,-46.1,-37.7,-48.5,-43.6,"","Health Technology","Biotechnology","",61.24,"",2024,27.0,305.0,38.0
"4597","SOLASIA PHARMA K K","20260220",31.0,"","","",-162.26,4.52,-1875.8,"JPY","",0.0,"",0,-103.5,-41.8,-98.5,-67.8,"","Health Technology","Drug Manufacturers - Specialty & Generic","",255.7,"",2024,316.0,48.0,27.0
"4598","DELTA FLY PHARMA INC","20260220",219.0,"","","",-600.58,25.27,-1657.6,"JPY","",0.0,"",0,-139.8,-180.9,-107.8,-46.5,"","Health Technology","Biotechnology","",10.92,"",2025,0.0,793.0,215.0
"4599","STEMRIM INC","20260220",299.0,"","","",-26.68,117.69,-1951.3,"JPY","",0.0,"",0,-22.2,-20.1,1.5,-18.5,-5.4,"Commercial Services","Biotechnology","",62.14,"",2025,0.0,370.0,246.0
"4611","DAI NIPPON TORYO","20260220",1461.0,7.0,2473.08,808.45,3.61,2285.69,2350.3,"JPY",282.1,23.1,"",0,4.6,4.9,5.6,3.7,"","Process Industries","Specialty Chemicals","",28.51,"",2025,72511.0,1491.0,1005.0
"4612","NIPPON PAINT HOLDINGS CO LTD","20260220",1158.0,5.0,1766.4,577.44,8.69,677.36,138297.1,"JPY",27.8,51.1,16.0,0,9.2,10.2,8.3,12.1,"","Process Industries","Specialty Chemicals","",2348.8,"",2024,1638720.0,1352.0,948.9
"4613","KANSAI PAINT CO LTD","20260220",2728.5,6.0,4237.34,1385.19,9.23,1530.05,24870.4,"JPY",-10.6,90.0,"",0,7.0,5.7,7.0,7.3,"","Process Industries","Specialty Chemicals","",176.08,"",2025,588825.0,2788.5,1895.0
"4615","SHINTO PAINT CO","20260220",126.0,"","","",-0.09,399.53,-11.8,"JPY","",0.0,"",0,1.4,-4.6,-8.4,-6.2,"","Process Industries","Specialty Chemicals","",34.04,"",2025,20758.0,151.0,113.0
"4616","Kawakami Paint Manufacturing Co., Ltd.","20260220",1994.0,1.0,2220.0,725.72,2.22,3334.0,74.0,"JPY",176.7,13.2,"",0,2.3,2.4,7.5,6.6,6.2,"Process Industries","Specialty Chemicals","",1.0,"",2025,5932.0,2600.0,1472.0
"4617","CHUGOKU MARINE PAINTS","20260220",4595.0,3.0,6135.59,2327.02,14.04,1683.75,11730.4,"JPY",11.7,63.4,"",0,17.1,17.7,5.4,-0.6,"","Process Industries","Specialty Chemicals","",49.61,"",2025,131152.0,4815.0,1674.0
"4619","NIHON TOKUSHU TORYO","20260220",2426.0,12.0,6136.21,2005.94,7.74,2641.7,4448.8,"JPY",-2.1,79.5,"",0,8.9,8.5,3.5,2.0,"","Producer Manufacturing","Specialty Chemicals","",21.75,"",2025,66060.0,2465.0,1266.0
"4620","FUJIKURA KASEI CO","20260220",1047.0,3.0,1303.29,426.05,3.11,1396.18,1272.5,"JPY",172.2,40.2,"",0,3.3,1.7,-0.1,1.9,"","Process Industries","Specialty Chemicals","",29.29,"",2025,55528.0,1060.0,429.0
"4623","ASAHIPEN CORP","20260220",1769.0,10.0,3735.42,1221.12,3.44,3618.93,486.9,"JPY",164.5,34.0,"",0,3.8,4.2,4.3,6.8,"","Process Industries","Specialty Chemicals","",3.91,"",2025,17151.0,1887.0,1670.0
"4624","ISAMU PAINT CO","20260220",3960.0,11.0,9091.1,2971.9,3.36,9016.23,578.8,"JPY",161.7,16.5,"",0,3.3,3.2,2.8,2.6,"","Process Industries","Specialty Chemicals","",1.91,"",2025,8156.0,4300.0,2900.0
"4625","ATOMIX CO LTD","20260220",890.0,9.0,1731.77,566.12,2.97,1945.68,307.1,"JPY",130.8,31.7,"",0,2.6,2.4,1.2,2.6,"","Process Industries","Specialty Chemicals","",5.32,"",2025,12348.0,797.0,560.0
"4626","TAIYO HLDG CO LTD","20260220",5990.0,-3.0,4851.34,1801.65,17.67,925.43,18198.2,"JPY",14.0,59.1,"",0,18.0,15.0,13.4,17.3,"","Producer Manufacturing","Specialty Chemicals","",111.27,"",2025,119010.0,5654.0,1942.5
"4627","Natoco Co., Ltd.","20260220",1710.0,12.0,4263.58,1393.77,4.39,3234.04,1073.0,"JPY",28.8,55.0,"",0,4.6,4.1,4.4,7.1,8.6,"Process Industries","Specialty Chemicals","",7.55,"",2025,22275.0,1869.0,1300.0
"4628","SK KAKEN CO LTD","20260220",11100.0,9.0,21773.02,7117.64,5.99,12121.57,9790.6,"JPY",81.5,10.8,"",0,6.6,8.6,6.9,7.2,"","Process Industries","Specialty Chemicals","",13.49,"",2025,106142.0,11670.0,8130.0
"4629","DAISHIN CHEMICAL","20260220",1774.0,13.0,4841.88,1582.82,4.47,3606.77,739.2,"JPY",46.2,34.5,"",0,3.9,4.1,15.8,"","","Process Industries","Specialty Chemicals","",4.58,"",2025,34711.0,1838.0,1287.0
"462A","FUNDINNO, Inc.","20260220",1113.0,-14.0,325.61,106.44,5.16,212.23,249.7,"JPY","",0.0,"",0,9.3,-24.8,-32.9,-39.4,-25.2,"Finance","Financial Conglomerates","",23.01,"",2025,2501.0,1213.0,825.0
"4631","DIC CORPORATION","20260220",4314.0,6.0,7060.3,2308.02,5.55,4239.76,22282.3,"JPY",-64.5,71.1,200.0,0,5.9,-1.1,6.5,5.0,"","Process Industries","Specialty Chemicals","",94.68,"",2024,1071127.0,4368.0,2447.0
"4633","SAKATA INX CORP","20260220",2701.0,9.0,5417.83,1771.1,7.91,2281.78,8888.9,"JPY",35.5,57.0,95.0,0,8.7,11.6,3.7,7.4,"","Process Industries","Specialty Chemicals","",49.22,"",2024,245570.0,2611.0,1519.0
"4634","ARTIENCE CO LTD","20260220",4160.0,10.0,9141.62,2988.41,5.66,5382.77,14839.9,"JPY",60.2,53.4,100.0,0,6.8,4.5,2.2,5.6,"","Process Industries","Specialty Chemicals","",48.7,"",2024,351064.0,4050.0,2502.0
"4635","TOKYO PRINTING INK MFG CO","20260220",1775.0,6.0,2866.59,937.09,4.08,2340.44,1209.7,"JPY",-29.0,63.0,"",0,3.8,3.0,-3.5,2.4,"","Process Industries","Specialty Chemicals","",12.66,"",2025,46806.0,1844.0,671.0
"463A","Intellex Holdings Co., Ltd.","20260220",1004.0,20.0,4282.83,1400.06,8.67,1655.89,1159.2,"JPY",80.6,29.3,"",0,12.1,3.6,0.8,5.9,"","Finance","Real Estate Development","",8.12,"",2025,44793.0,1024.0,885.0
"4641","ALTECH CORPORATION","20260220",2618.0,8.0,4966.81,1926.08,19.8,952.65,3700.6,"JPY",0.0,76.4,108.0,0,21.6,22.3,22.2,24.7,"","Commercial Services","Staffing & Employment Services","",19.62,"",2024,49858.0,3170.0,2174.0
"4644","IMAGINEER CO LTD","20260220",1092.0,-10.0,469.14,153.36,1.25,1251.45,150.8,"JPY",58.0,59.2,"",0,2.2,2.8,3.5,7.9,"","Technology Services","Internet Content & Information","",9.64,"",2025,6486.0,1172.0,925.0
"4645","ICHISHIN HOLDINGS CO LTD","20260220",453.0,19.0,1808.47,591.19,22.88,263.44,491.3,"JPY",49.3,35.1,"",0,18.8,23.2,25.3,36.2,"","Consumer Services","Education & Training Services","",8.15,"",2025,18459.0,475.0,374.0
"464A","QPS Holdings, Inc.","20260220",2098.0,"","","",-1.91,382.52,-284.1,"JPY","",0.0,"",0,-2.5,3.0,-6.2,"","","Electronic Technology","Telecommunications Equipment","",48.16,"",2025,2681.0,2419.0,806.0
"4650","SD ENTERTAINMENT INC","20260220",287.0,"","","",-3.3,176.87,-52.2,"JPY","",0.0,"",0,-1.1,0.3,-6.1,-18.3,"","Consumer Services","Entertainment","",8.95,"",2025,4201.0,335.0,242.0
"4651","SANIX HOLDINGS INC","20260220",205.0,21.0,892.23,301.32,13.41,212.76,1363.7,"JPY",71.2,14.4,"",0,18.8,46.4,29.7,-39.0,"","Industrial Services","Conglomerates","",47.8,"",2025,45352.0,294.0,192.0
"4657","ENVIRONMENTAL CONTROL CENTER CO","20260220",481.0,-22.0,62.94,20.58,0.43,488.1,10.1,"JPY",-31.5,55.1,"",0,0.0,11.0,-1.7,11.4,"","Commercial Services","Waste Management","",4.79,"",2025,6099.0,544.0,351.0
"4658","NIPPON AIR CONDITIONING SERVICES CO","20260220",1554.0,5.0,2268.45,823.21,11.94,748.38,3096.1,"JPY",90.5,42.8,"",0,13.0,12.7,9.9,7.1,"","Industrial Services","Specialty Business Services","",34.64,"",2025,64438.0,1516.0,822.0
"4659","AJIS CO LTD","20260220",4435.0,7.0,7381.64,2413.07,8.3,2965.52,2076.7,"JPY",12.8,61.0,"",0,9.0,8.6,9.3,14.2,"","Transportation","Specialty Business Services","",8.44,"",2025,33960.0,3245.0,2200.0
"4661","ORIENTAL LAND CO","20260220",2710.5,-5.0,1973.47,733.82,12.7,596.15,124170.9,"JPY",9.8,54.0,"",0,13.0,14.5,10.7,1.0,"","Consumer Services","Leisure","",1639.54,"",2025,679374.0,3715.0,2637.5
"4662","FOCUS SYSTEMS CORP","20260220",1673.0,1.0,1832.36,599.0,6.57,929.06,923.5,"JPY",62.4,18.8,"",0,11.8,27.7,"","","","Technology Services","Information Technology Services","",15.12,"",2025,32555.01,2249.0,912.0
"4664","JAPAN RELIANCE SERVICE CORP","20260220",894.0,7.0,1584.15,517.86,6.96,758.19,151.6,"JPY",0.7,66.3,"",0,9.8,9.2,7.2,10.1,"","Commercial Services","Specialty Business Services","",2.87,"",2025,8844.0,1835.0,451.0
"4665","DUSKIN CO.LTD","20260220",4227.0,1.0,4600.75,1503.99,4.77,3213.34,7217.1,"JPY",46.9,59.4,"",0,4.3,3.6,5.2,6.0,"","Finance","Conglomerates","",47.06,"",2025,188791.0,4428.0,3429.0
"4666","Park24 Co., Ltd.","20260220",2145.0,8.0,3852.52,1259.4,22.32,575.34,21917.0,"JPY",44.3,27.9,"",0,28.1,37.3,48.5,24.9,-33.2,"Consumer Services","Infrastructure Operations","",170.67,"",2025,406168.0,2331.0,1694.0
"4667","AISAN TECHNOLOGY","20260220",1999.0,-1.0,1821.35,595.4,5.14,1180.83,320.0,"JPY",24.5,54.7,"",0,4.6,5.5,4.2,3.2,"","Technology Services","Software - Infrastructure","",5.27,"",2025,6220.0,2303.0,1033.0
"4668","Meiko Network Japan Co., Ltd.","20260220",718.0,6.0,1100.24,359.67,7.36,498.22,926.4,"JPY",0.7,90.0,"",0,9.2,6.1,6.6,4.9,5.4,"Commercial Services","Education & Training Services","",25.26,"",2025,24827.0,794.0,669.0
"4671","FALCO HOLDINGS CO LTD","20260220",2680.0,9.0,5179.73,1693.26,6.83,2527.73,1724.9,"JPY",29.1,53.4,"",0,6.4,5.2,8.0,18.4,"","Commercial Services","Diagnostics & Research","",9.99,"",2025,43313.0,2775.0,2065.0
"4673","Kawasaki Geological Engineering Co., Ltd.","20260220",4620.0,15.0,14275.86,4666.8,7.89,6032.18,414.0,"JPY",58.3,48.4,"",0,10.2,7.2,2.9,"","","Industrial Services","Engineering & Construction","",0.87,"",2025,12708.0,5640.0,2150.0
"4674","CRESCO LTD","20260220",1535.0,8.0,2898.36,1051.26,13.82,762.91,4259.4,"JPY",38.9,45.0,"",0,16.0,13.9,16.8,16.5,"","Technology Services","Information Technology Services","",40.39,"",2025,58760.0,1827.0,1005.0
"4676","FUJI MEDIA HOLDING","20260220",3374.0,"","","",-0.82,3943.92,-6683.6,"JPY",815.4,21.3,"",0,0.6,2.6,2.6,4.6,"","Consumer Services","Broadcasting","",207.45,"",2025,550761.0,4040.0,2292.5
"4678","SHUEI YOBIKO CO","20260220",340.0,21.0,1582.49,517.32,7.8,676.01,354.0,"JPY",-49.6,56.6,"",0,8.0,3.8,7.1,6.6,"","Consumer Services","Education & Training Services","",6.71,"",2025,10693.0,326.0,235.0
"4680","ROUND ONE CORP","20260220",988.3,9.0,1967.59,643.21,25.78,254.43,17240.7,"JPY",170.0,18.7,"",0,24.7,27.6,20.9,12.3,"","Consumer Services","Leisure","",262.87,"",2025,177057.0,1658.0,745.0
"4681","RESORTTRUST INC","20260220",1880.0,2.0,2196.37,793.68,12.38,680.52,17866.3,"JPY",69.0,41.6,"",0,14.4,12.6,7.5,5.3,"","Consumer Services","Resorts & Casinos","",212.07,"",2025,249333.0,2074.0,1307.5
"4684","OBIC CO LTD","20260220",3883.0,0.0,4148.19,1482.03,14.62,994.16,63441.3,"JPY",65.3,39.5,"",0,15.9,17.2,17.1,16.5,"","Technology Services","Software - Application","",436.4,"",2025,121240.0,5658.0,3771.0
"4685","RYOYU SYSTEMS CO LTD","20260220",3630.0,11.0,7896.46,2868.39,17.0,1503.06,3257.8,"JPY",32.1,49.5,"",0,20.2,16.6,13.9,13.3,"","Electronic Technology","Conglomerates","",12.75,"",2025,42763.0,4415.0,2765.0
"4686","JUSTSYSTEMS CORPORATION","20260220",4000.0,3.0,5317.4,1979.77,12.53,1635.39,13156.5,"JPY",-1.2,54.3,"",0,13.1,13.9,18.8,19.9,"","Technology Services","Software - Infrastructure","",64.22,"",2025,44551.0,5350.0,2911.0
"4687","TDC SOFT INC","20260220",1038.0,8.0,1947.69,720.44,15.78,441.34,3295.9,"JPY",24.7,55.2,"",0,18.6,16.5,15.9,15.1,"","Technology Services","Software - Infrastructure","",47.31,"",2025,44417.0,1483.0,1008.0
"4689","Yahoo Japan","20260220",374.3,8.0,694.58,227.06,5.29,437.66,158606.9,"JPY",20.3,82.9,"",0,5.4,4.2,1.8,2.3,"","Technology Services","Internet Retail","",6850.52,"",2025,1917478.0,571.5,378.2
"4690","NIPPON PALLET POOL CO","20260220",2507.0,11.0,5629.63,1840.34,4.59,4087.34,296.5,"JPY",-380.2,55.8,"",0,4.3,9.8,15.5,9.2,"","Finance","Packaging & Containers","",1.58,"",2025,6935.0,2685.0,1401.0
"4694","BML INC","20260220",4145.0,4.0,5521.34,1804.94,5.33,3452.53,6898.0,"JPY",78.5,20.8,"",0,5.2,5.0,13.4,39.0,"","Health Services","Diagnostics & Research","",37.48,"",2025,143191.0,4175.0,2663.0
"4704","趨勢科技","20260220",5688.0,3.0,7283.53,2381.0,26.8,905.85,32013.6,"JPY",-27.4,90.0,"",0,14.6,5.6,10.0,15.5,"","Technology Services","Software - Infrastructure","",131.86,"",2024,272638.0,11410.0,5541.0
"4705","CLIP CORPORATION","20260220",882.0,"","","",-0.26,1333.06,-12.3,"JPY",123.5,71.4,"",0,0.0,0.0,2.2,4.1,"","Consumer Services","Education & Training Services","",3.6,"",2025,3038.0,886.0,751.0
"4707","Kitac Corporation","20260220",357.0,3.0,441.96,144.48,2.34,630.54,82.5,"JPY",33.8,41.2,"",0,2.4,9.3,6.1,3.5,0.9,"Commercial Services","Engineering & Construction","",5.6,"",2025,3467.0,398.0,275.0
"4709","ID HOLDINGS CORPORATION","20260220",1948.0,9.0,3888.71,1440.93,16.74,807.21,2268.7,"JPY",34.0,57.1,"",0,20.2,16.7,16.8,11.0,"","Technology Services","Information Technology Services","",16.79,"",2025,36274.0,2549.0,1501.0
"4712","KEYHOLDER INC","20260220",743.0,5.0,1120.62,366.33,3.21,1165.36,703.0,"JPY",512.8,10.1,10.0,0,4.1,12.1,10.0,3.8,"","Consumer Services","Entertainment","",18.82,"",2024,31090.0,842.0,634.0
"4714","RISO KYOIKU CO LTD","20260220",208.0,7.0,344.75,112.7,16.26,70.66,1957.0,"JPY",-30.9,90.0,"",0,24.8,21.1,15.7,37.3,"","Consumer Services","Education & Training Services","",170.3,"",2025,33394.0,279.0,194.0
"4716","ORACLE CORP JAPAN","20260220",9411.0,5.0,13907.37,4546.34,36.28,1277.76,59384.5,"JPY",1.9,69.1,"",0,31.7,35.7,41.5,23.3,"","Technology Services","Software - Application","",128.1,"",2025,263510.0,17875.0,9372.0
"4718","WASEDA ACADEMY","20260220",2011.0,6.0,3303.48,1264.91,15.25,822.09,2315.7,"JPY",-29.2,68.5,"",0,16.6,17.1,13.7,10.2,"","Consumer Services","Education & Training Services","",18.47,"",2025,35069.0,2955.0,1811.0
"4719","ALPHA SYSTEMS INC","20260220",3660.0,9.0,7006.89,2290.56,7.54,3096.3,3279.2,"JPY",16.4,64.5,"",0,7.7,7.7,7.6,7.7,"","Technology Services","Software - Application","",14.04,"",2025,38484.0,4240.0,2800.0
"471A","NS Group,Inc.","20260220",1705.0,8.0,3032.79,991.42,18.47,547.18,5272.0,"JPY","",0.0,32.68,0,24.8,"","","","","Finance","Real Estate Development","",52.15,"",2024,26348.0,1524.0,1295.0
"4720","JOHNAN ACADEMIC PREPARATORY","20260220",285.0,"","","",-15.95,178.83,-229.1,"JPY","",0.0,"",0,-16.3,-3.2,-4.2,0.5,"","Technology Services","Education & Training Services","",8.03,"",2025,5623.0,363.0,200.0
"4722","Future Corporation","20260220",1796.0,8.0,3308.49,1260.85,17.07,707.63,10711.5,"JPY",-0.5,68.4,"",0,19.8,19.7,22.6,20.4,17.0,"Technology Services","Information Technology Services","",88.68,"",2025,75993.0,2448.0,1551.0
"4725","CAC HOLDINGS CORP","20260220",1906.0,3.0,2458.39,803.65,3.75,2183.93,1402.1,"JPY",-43.4,80.9,100.0,0,5.5,5.6,5.4,8.5,"","Technology Services","Information Technology Services","",17.11,"",2024,52063.0,2233.0,1798.0
"4728","Tose Co., Ltd.","20260220",660.0,14.0,1893.6,619.02,7.82,807.65,478.5,"JPY",19.9,69.5,"",0,9.2,-3.5,5.2,5.0,2.8,"Technology Services","Electronic Gaming & Multimedia","",7.58,"",2025,6636.0,713.0,561.0
"4732","USS CO LTD","20260220",1849.0,0.0,2013.39,781.3,18.31,440.14,37394.6,"JPY",5.1,75.0,"",0,19.2,17.7,16.6,16.4,"","Retail Trade","Auto & Truck Dealerships","",463.95,"",2025,104021.0,1858.0,1282.5
"4733","OBIC BUSINESS CONSULTANT","20260220",5837.0,1.0,6265.97,2048.36,9.88,2114.78,15702.5,"JPY",4.8,71.5,"",0,10.7,9.9,8.1,9.2,"","Technology Services","Information Technology Services","",75.18,"",2025,46984.0,9379.0,5656.0
"4735","KYOSHIN CO LTD","20260220",319.0,11.0,717.43,234.53,4.72,506.89,183.9,"JPY",-41.4,90.0,"",0,3.9,23.0,0.4,1.8,"","Consumer Services","Education & Training Services","",7.69,"",2025,26455.0,396.0,279.0
"4743","ITFOR INC","20260220",1691.0,6.0,2711.11,1013.16,14.62,720.0,2784.6,"JPY",20.6,57.5,"",0,15.4,16.1,14.9,15.0,"","Technology Services","Information Technology Services","",26.45,"",2025,20552.0,1755.0,1258.0
"4745","TOKYO INDIVIDUALIZED EDUCATIONAL","20260107",446.0,5.0,677.3,221.41,14.07,160.47,1223.9,"JPY",-35.4,90.0,"",0,13.5,12.7,14.8,18.7,"","Commercial Services","Education & Training Services","",54.21,"",2025,22182.0,1502520960.0,974789888.0
"4746","Toukei Computer Co., Ltd.","20260220",4250.0,8.0,7952.09,2599.55,9.42,2814.15,4758.0,"JPY",154.1,41.6,"",0,12.1,13.1,13.6,12.9,11.1,"Electronic Technology","Software - Application","",17.95,"",2025,20835.0,4565.0,3560.0
"4750","DAISAN CO LTD","20260220",613.0,9.0,1214.04,396.87,4.66,868.17,259.4,"JPY",-41.8,50.0,"",0,5.6,0.5,-0.2,-0.5,"","Industrial Services","Engineering & Construction","",6.41,"",2025,10837.0,667.0,533.0
"4751","CyberAgent Incorporated","20260220",1309.0,8.0,2365.33,887.66,20.61,362.57,37878.7,"JPY",-17.8,66.5,"",0,23.6,17.1,4.2,22.8,50.0,"Technology Services","Advertising Agencies","",506.81,"",2025,874030.0,1933.0,1000.5
"4752","SHOWA SYSTEM ENGINEERING","20260220",1621.0,14.0,4370.77,1630.13,13.48,1248.13,719.9,"JPY",21.8,55.9,"",0,14.5,15.0,13.0,11.2,"","Technology Services","Information Technology Services","",4.28,"",2025,8317.0,1868.0,1240.0
"4754","Tosnet Corporation","20260220",1623.0,11.0,3706.68,1211.72,6.76,1826.51,573.3,"JPY",6.8,59.6,"",0,7.4,5.0,8.2,7.9,8.8,"Commercial Services","Security & Protection Services","",4.64,"",2025,11907.0,1700.0,1196.0
"4755","RAKUTEN GROUP INC","20260220",822.4,"","","",-34.06,428.37,-316002.4,"JPY","",0.0,"",0,-38.2,-45.3,-32.3,-39.1,"","Retail Trade","Internet Retail","",2166.03,"",2024,2279233.0,1068.5,695.0
"4760","Alpha Co., Ltd.","20260220",1578.0,13.0,4233.75,1384.02,7.42,1902.5,112.9,"JPY",2887.2,0.0,"",0,9.2,10.3,-26.3,-8.6,-1.9,"Commercial Services","Advertising Agencies","",0.8,"",2025,6365.0,3990.0,1163.0
"4761","SAKURA KCS","20260220",1242.0,11.0,2764.15,903.61,5.19,1773.66,1032.0,"JPY",154.7,23.4,"",0,5.4,5.0,4.2,3.6,"","Technology Services","Information Technology Services","",11.2,"",2025,22537.0,1631.0,950.0
"4762","XNET CORPORATION","20260220",1526.0,17.0,4768.6,1792.31,21.82,698.8,637.3,"JPY",-15.2,67.9,"",0,6.8,9.5,9.2,10.1,"","Technology Services","Software - Application","",4.18,"",2025,5300.0,1598.0,1281.0
"4763","CREEK & RIVER","20260220",1456.0,14.0,3987.93,1470.33,18.1,749.93,2873.2,"JPY",8.9,56.3,"",0,15.4,19.4,23.2,22.6,"","Commercial Services","Consulting Services","",21.17,"",2025,50275.0,1733.0,1343.0
"4765","SBI GLOBAL ASSET MANAGEMENT CO LTD","20260220",608.0,-3.0,480.74,157.16,10.81,148.27,1647.3,"JPY",154.8,56.3,"",0,10.0,8.8,-2.0,11.3,"","Finance","Asset Management","",102.8,"",2025,11568.0,721.0,554.0
"4766","PA CO LTD","20260220",233.0,0.0,237.21,77.54,18.28,43.26,85.0,"JPY",22.1,39.0,"",0,17.9,12.2,14.3,-7.1,"","Commercial Services","Staffing & Employment Services","",10.75,"",2024,1877.0,309.0,211.0
"4767","TOW CO LTD","20260220",377.0,14.0,995.0,392.46,16.46,241.28,1628.2,"JPY",-9.0,80.4,"",0,18.4,16.7,9.3,5.8,"","Consumer Services","Advertising Agencies","",40.99,"",2025,17782.0,398.0,283.0
"4768","OTSUKA CORPORATION","20260220",3040.0,4.0,4121.39,1612.03,15.83,1039.88,62429.2,"JPY",1.0,76.7,"",0,17.6,16.2,14.7,13.4,14.2,"Technology Services","Electronics & Computer Distribution","",379.2,"",2025,1322791.0,3385.0,2815.0
"4769","IC CO.,LTD.","20260220",1039.0,4.0,1412.79,461.84,5.44,865.14,349.9,"JPY",68.4,50.3,"",0,4.6,6.1,5.0,9.8,9.0,"Technology Services","Information Technology Services","",7.43,"",2025,10136.0,1208.0,860.0
"476A","Tsuji Hongo IT Consulting Co.,Ltd.","20260220",1667.0,9.0,3301.78,1079.36,18.43,597.04,186.0,"JPY","",0.0,"",0,28.6,"","","","","Commercial Services","Miscellaneous Commercial Services","",1.69,"",2025,2124.0,2530.0,2002.0
"4771","F&M CO LTD","20260220",2317.0,6.0,3699.92,1384.5,15.13,893.31,1998.9,"JPY",9.7,59.3,"",0,15.6,14.4,20.6,19.4,"","Commercial Services","Specialty Business Services","",14.79,"",2025,17066.0,3070.0,1774.0
"4772","SM ENTERTAINMENT JAPAN CO LTD","20260220",97.0,-12.0,35.55,11.62,1.86,63.65,137.4,"JPY",-527.5,50.0,2.0,0,2.6,3.9,-4.9,-7.7,"","Consumer Services","Entertainment","",115.9,"",2024,9716.0,131.0,94.0
"4776","CYBOZU INC","20260220",2164.0,5.0,3191.72,1043.38,42.3,251.49,4919.5,"JPY",19.8,90.0,40.0,0,33.0,54.8,1.8,8.3,"","Technology Services","Software - Application","",46.24,"",2024,29675.0,4160.0,2079.0
"4777","GALA INC","20260220",210.0,"","","",-34.49,34.55,-333.8,"JPY","",0.0,"",0,-26.7,40.7,-78.9,"","","Technology Services","Electronic Gaming & Multimedia","",28.02,"",2024,2350.0,303.0,175.0
"4783","NCD CO LTD","20260220",3495.0,10.0,6088.33,1990.28,21.32,951.71,1660.1,"JPY",8.6,54.7,"",0,30.0,28.7,20.3,15.7,"","Commercial Services","Information Technology Services","",8.18,"",2025,30106.0,3520.0,1932.0
"4784","GMO INTERNET INC","20260220",724.0,-15.0,199.84,65.33,35.13,18.96,1826.9,"JPY",217.3,41.6,20.26,0,0.6,0.7,8.3,5.7,"","Commercial Services","Software - Infrastructure","",274.25,"",2024,12997.0,3675.0,616.0
"4792","YAMADA CONSULTING GROUP CO LTD","20260220",1674.0,11.0,3140.94,1230.85,13.96,943.46,2518.7,"JPY",-3.1,75.5,"",0,17.3,19.3,15.2,13.6,"","Commercial Services","Consulting Services","",19.12,"",2025,22761.0,1901.0,1425.0
"4800","ORICON INC","20260220",883.0,11.0,2030.97,765.22,17.07,440.5,965.6,"JPY",5.8,63.5,"",0,16.5,22.7,26.9,26.9,"","Technology Services","Internet Content & Information","",12.84,"",2025,4916.0,917.0,730.0
"4801","CENTRAL SPORTS","20260220",2480.0,7.0,4391.79,1435.68,6.35,2307.05,1639.6,"JPY",-208.9,63.7,"",0,7.4,6.1,3.8,7.8,"","Consumer Services","Leisure","",11.2,"",2025,46595.0,2620.0,2237.0
"4809","Paraca Inc.","20260220",2007.0,14.0,5855.19,1914.07,9.45,2066.4,1975.2,"JPY",169.6,31.7,"",0,10.5,10.0,10.8,8.7,6.3,"Commercial Services","Specialty Business Services","",10.12,"",2025,17630.0,2087.0,1597.0
"4811","DREAMARTS CORPORATION","20260220",809.0,8.0,1536.95,502.43,25.77,198.79,594.8,"JPY",2.0,49.0,20.0,0,30.3,49.7,17.9,1.4,"","Technology Services","Packaged Software","",11.61,"",2024,5033.0,1615.0,628.6667
"4812","DENTSU SOKEN INC","20260220",1814.0,2.0,2192.35,831.34,17.04,467.23,15536.0,"JPY",7.8,66.4,38.667,0,17.9,20.3,20.3,15.1,"","Technology Services","Information Technology Services","",195.18,"",2024,152642.0,2880.0,1823.3334
"4813","ACCESS CO LTD","20260220",589.0,"","","",-26.2,268.24,-2633.2,"JPY","",0.0,"",0,-15.0,-13.0,-5.1,-13.0,"","Technology Services","Information Technology Services","",37.47,"",2025,15930.0,989.0,488.0
"4814","NEXTWARE","20260220",192.0,"","","",-5.86,96.14,-71.7,"JPY","",0.0,"",0,-6.2,-9.4,0.7,-14.8,"","Technology Services","Information Technology Services","",12.71,"",2025,3009.0,314.0,123.0
"4816","TOEI ANIMATION","20260220",2322.0,4.0,3251.53,1181.9,15.06,749.83,23078.8,"JPY",35.5,47.4,"",0,18.2,16.2,21.8,15.3,"","Consumer Services","Entertainment","",204.31,"",2025,100836.0,3730.0,2489.0
"4819","DIGITAL GARAGE","20260220",2042.0,6.0,3284.73,1073.78,6.66,1643.79,5023.5,"JPY",-68.2,54.2,"",0,-2.3,9.2,-3.0,30.8,"","Technology Services","Information Technology Services","",45.88,"",2025,32201.0,5220.0,2193.0
"4820","EM SYSTEMS CO LTD","20260220",697.0,7.0,1168.03,452.06,15.46,297.43,3181.9,"JPY",-58.7,72.4,39.0,0,19.1,10.7,10.1,10.4,"","Technology Services","Health Information Services","",69.22,"",2024,24837.0,847.0,644.0
"4824","Mediaseek Inc.","20241113",271.0,-30.0,15.67,5.12,1.16,44.93,36.1,"JPY",-278.6,57.0,"",0,0.8,2.3,1.8,1.8,"","Technology","Information Technology Services","",69.13,"",2024,941.33,"",""
"4825","WEATHERNEWS INC","20260220",4145.0,-3.0,3463.17,1353.76,14.58,970.83,3140.5,"JPY",-3.1,75.3,"",0,15.8,13.3,14.2,14.8,"","Commercial Services","Internet Content & Information","",22.18,"",2025,23505.0,4870.0,2800.0
"4826","COMPUTER INSTITUTE OF JAPAN","20260220",503.0,6.0,791.34,258.69,10.31,255.92,1496.2,"JPY",-7.0,72.6,"",0,10.0,8.8,8.8,8.8,"","Technology Services","Software - Application","",56.72,"",2025,26899.0,605.0,369.0
"4827","BUSINESS ONE HOLDINGS INC","20260220",925.0,-7.0,533.09,175.33,14.67,102.93,854.0,"JPY",114.4,2.9,"",0,16.5,17.4,17.5,16.0,"","Finance","Real Estate Services","",56.56,"",2025,16094.0,951.0,683.0
"4828","BUSINESS ENGINEERING CORPORATION","20260220",1407.0,26.0,8660.12,2831.01,25.82,1118.05,3455.4,"JPY",-1.0,66.5,"",0,30.4,28.3,31.1,25.7,"","Technology Services","Software - Application","",11.97,"",2025,20776.0,1758.0,621.0
"4829","NIHON ENTERPRISE CO","20260220",137.0,-18.0,29.0,9.48,0.79,122.97,37.3,"JPY",58.2,59.0,"",0,0.4,3.8,2.1,1.3,"","Technology Services","Software - Application","",38.53,"",2025,4442.0,130.0,98.0
"4832","JFE SYSTEMS INC","20260220",2065.0,10.0,4267.83,1630.11,15.48,1050.78,5109.2,"JPY",-5.4,67.5,"",0,18.8,19.2,18.8,18.3,"","Technology Services","Information Technology Services","",31.41,"",2025,63971.0,2469.0,1287.0
"4834","CAREER BANK","20260220",1202.0,15.0,3587.88,1172.88,8.54,1400.0,118.4,"JPY",67.4,22.6,"",0,6.7,9.3,20.7,10.1,"","Commercial Services","Staffing & Employment Services","",0.99,"",2025,5126.0,1349.0,1140.0
"4838","SPACE SHOWER SKIYAKI HOLDINGS INC","20260220",885.0,6.0,1382.18,451.84,9.43,488.67,756.1,"JPY",8.8,55.0,"",0,15.5,12.1,10.1,15.1,"","Consumer Services","Broadcasting","",16.41,"",2025,20637.0,960.0,375.0
"4839","WOWOW INC","20260220",1311.0,13.0,3424.12,1119.35,4.75,2400.6,3234.7,"JPY",3.7,77.2,"",0,4.1,2.0,3.7,6.8,"","Consumer Services","Broadcasting","",28.34,"",2025,76757.0,1920.0,973.0
"483A","Tera Technology,Inc.","20260220",2206.0,15.0,6898.13,2255.01,13.83,1504.91,339.3,"JPY","",0.0,"",0,17.6,"","","","","Technology Services","Information Technology Services","",1.63,"",2025,4387.0,2565.0,2270.0
"4840","TRIIS INCORPORATED","20260220",474.0,3.0,614.79,200.98,3.06,669.14,160.1,"JPY",-15922.6,50.0,"",0,3.6,3.1,-11.2,-6.4,"","Commercial Services","Conglomerates","",7.81,"",2024,961.0,559.0,260.0
"4845","SCALA INC","20260220",368.0,10.0,831.77,271.91,11.73,276.67,563.3,"JPY","",0.0,"",0,18.4,-14.4,-2.4,-0.9,"","Technology Services","Software - Application","",17.36,"",2025,8179.0,442.0,341.0
"4847","INTELLIGENT WAVE INC","20260220",971.0,3.0,1274.34,481.37,14.29,361.93,1354.2,"JPY",22.9,61.1,"",0,14.6,16.0,14.5,14.0,"","Technology Services","Software - Infrastructure","",26.18,"",2025,15596.13,1145.0,873.0
"4848","FULLCAST HOLDINGS","20260220",1635.0,12.0,4009.12,1472.61,16.85,826.98,4864.4,"JPY",25.1,53.4,63.0,0,16.3,23.0,33.5,30.2,"","Commercial Services","Staffing & Employment Services","",34.91,"",2024,68556.0,1864.0,1370.0
"4849","EN JAPAN INC","20260220",1205.0,11.0,2691.7,879.92,9.53,941.25,3584.5,"JPY",32.2,73.3,"",0,8.0,10.4,7.2,18.6,"","Commercial Services","Staffing & Employment Services","",39.95,"",2025,65678.0,1840.0,1316.0
"485A","PowerX, Inc.","20260220",3430.0,"","","",-288.5,58.34,-4815.0,"JPY","",0.0,"",0,-109.0,"","","","","Producer Manufacturing","Electrical Products","",32.11,"",2024,6161.0,2948.0,1836.0
"4875","MEDICINOVA INC","20260220",249.0,"","","",-21.86,1.07,-11.5,"USD","",0.0,"",0,-17.7,-12.2,-16.8,-14.2,"","Health Technology","Pharmaceuticals: Major","",49.05,"",2024,0.0,314.0,164.0
"4880","CellSource Co., Ltd.","20260220",402.0,9.0,771.54,252.22,8.47,303.48,509.7,"JPY","",2.7,"",0,1.1,"",23.2,"","","Health Technology","Biotechnology","",19.82,"",2025,3711.0,850.0,386.0
"4881","FUNPEP COMPANY LTD","20260220",93.0,"","","",-44.74,62.7,-1139.5,"JPY","",0.0,"",0,-38.6,-34.6,"","","","Health Technology","Biotechnology","",40.62,"",2024,6.0,143.0,75.0
"4882","PERSEUS PROTEOMICS INC","20260220",232.0,"","","",-54.97,97.08,-787.2,"JPY","",0.0,"",0,-59.5,-36.8,-21.9,-44.7,"","Health Technology","Drug Manufacturers - General","",14.75,"",2025,120.0,1113.0,203.0
"4883","MODALIS THERAPEUTICS CORP","20260220",57.0,"","","",-48.1,46.09,-1705.5,"JPY","",0.0,"",0,-94.6,-80.1,-35.9,-19.7,"","Health Technology","Drug Manufacturers - Specialty & Generic","",76.93,"",2024,0.0,119.0,52.0
"4884","Kringle Pharma, Inc.","20260220",384.0,"","","",-69.12,191.23,-904.1,"JPY","",0.0,"",0,-43.5,-37.4,-30.6,-13.2,-13.8,"Health Technology","Biotechnology","",6.84,"",2025,72.0,1125.0,368.0
"4886","ASKA PHARMACEUTICAL HOLDINGS CO LTD","20260220",2487.0,7.0,4210.36,1376.37,6.1,2300.46,3984.4,"JPY",82.3,15.8,"",0,6.7,7.7,8.5,6.8,"","Health Technology","Drug Manufacturers - Specialty & Generic","",28.39,"",2025,64139.0,2942.0,1920.0
"4887","SAWAI GROUP HOLDINGS CO LTD","20260220",2365.5,11.0,4109.34,1605.78,11.64,1505.75,20244.3,"JPY",-1.2,72.5,"",0,13.5,6.8,6.7,12.8,"","Health Technology","Drug Manufacturers - Specialty & Generic","",115.46,"",2025,189024.0,2447.0,1650.0
"4888","STELLA PHARMA CORPORATION","20260220",396.0,"","","",-6.86,94.27,-219.9,"JPY","",0.0,"",0,-5.9,-27.7,-25.3,-333.5,"","Health Technology","Biotechnology","",34.02,"",2025,961.0,478.0,200.0
"4889","RENASCIENCE INC","20260220",1790.0,"","","",-13.96,135.33,-240.1,"JPY","",0.0,"",0,-13.0,-13.6,-15.2,-43.3,"","Health Technology","Medical Devices","",12.71,"",2025,132.0,3310.0,868.0
"4890","TSUBOTA LABORATORY INCORPORATED","20260220",263.0,-20.0,44.33,14.49,2.4,61.56,38.1,"JPY","",0.0,"",0,15.0,-32.9,12.1,25.9,"","Commercial Services","Medical Devices","",25.78,"",2025,1357.0,460.0,261.0
"4891","TMS CO LTD","20260220",142.0,"","","",-23.17,64.6,-652.0,"JPY","",0.0,"",0,-18.3,-25.4,-35.1,95.6,"","Commercial Services","Biotechnology","",43.56,"",2025,0.0,211.0,120.0
"4892","CYFUSE BIOMEDICAL K K","20260220",655.0,"","","",-32.71,286.26,-831.6,"JPY","",0.0,"",0,-27.2,-15.6,-22.9,9.2,"","Health Technology","Drug Manufacturers - Specialty & Generic","",8.88,"",2024,54.0,1412.0,516.0
"4893","NOILE-IMMUNE BIOTECH INC","20260220",156.0,"","","",-18.31,109.1,-865.2,"JPY","",0.0,"",0,-17.0,-26.3,-9.2,-30.6,"","Health Technology","Pharmaceuticals: Major","",43.3,"",2024,7.0,214.0,120.0
"4894","CUORIPS INC","20260220",8320.0,"","","",-11.77,682.22,-650.3,"JPY","",0.0,"",0,-10.8,"","","","","Health Technology","Biotechnology","",8.1,"",2025,175.0,9710.0,5120.0
"4896","K PHARMA INC","20260220",757.0,"","","",-31.52,194.66,-711.7,"JPY","",0.0,"",0,-27.0,22.7,-202.8,"","","Commercial Services","Miscellaneous Commercial Services","",11.6,"",2024,0.0,1420.0,537.0
"4901","富士膠片","20260220",3000.0,10.0,6340.57,2072.74,7.6,2781.98,254390.0,"JPY",129.7,19.2,"",0,8.3,7.9,8.8,9.4,"","Health Technology","Conglomerates","",1203.63,"",2025,3195828.0,3787.0,2516.0
"4902","柯尼卡美能達","20260220",591.5,15.0,1794.57,586.65,6.38,937.26,29560.1,"JPY",-88.3,61.1,"",0,7.3,1.8,4.1,-2.6,"","Producer Manufacturing","Business Equipment & Supplies","",494.16,"",2025,1127882.0,735.9,366.4
"4911","資生堂","20260220",3074.0,-22.0,443.32,144.92,0.98,1503.66,5904.0,"JPY",-760.4,90.0,"",0,0.9,-2.0,2.7,3.1,2.9,"Consumer Non-Durables","Household & Personal Products","",399.53,"",2025,969992.0,3265.0,2135.0
"4912","LION CORP","20260220",1744.0,5.0,2586.43,845.51,8.12,1061.69,23851.2,"JPY",29.6,59.8,30.0,0,7.5,6.1,7.1,10.5,"","Consumer Non-Durables","Household & Personal Products","",276.65,"",2024,412943.0,1871.0,1437.5
"4914","TAKASAGO INTERNATIONAL CORP","20260220",1385.0,11.0,3093.54,1011.28,6.97,1479.3,10052.0,"JPY",84.6,17.8,"",0,8.5,2.1,6.3,8.1,"","Consumer Non-Durables","Specialty Chemicals","",97.48,"",2025,229207.0,1760.0,1058.0
"4917","MANDOM CORP","20260220",3095.0,-9.0,1401.17,458.05,3.02,1548.21,2108.3,"JPY",-85.6,90.0,"",0,2.6,2.6,2.5,-2.7,"","Consumer Non-Durables","Household & Personal Products","",45.14,"",2025,76183.0,3210.0,1214.0
"4919","MILBON CO LTD","20260220",2716.0,6.0,4219.42,1379.34,9.35,1504.81,4562.6,"JPY",9.5,70.3,88.0,0,10.9,9.4,13.9,14.1,"","Consumer Non-Durables","Household & Personal Products","",32.44,"",2024,51316.0,3120.0,2303.0
"4920","NIPPON SHIKIZAI","20260220",1240.0,4.0,1746.17,570.83,3.2,1819.62,121.7,"JPY",-83.6,50.0,"",0,6.0,17.3,7.0,-5.9,"","Consumer Non-Durables","Household & Personal Products","",2.09,"",2025,17632.0,1230.0,898.0
"4921","Fancl Corp.","20241227",2790.0,60.0,120888.57,39518.69,10.51,38348.1,8462.2,"JPY",-14.8,74.9,"",0,11.8,7.2,11.6,12.8,"","Consumer Defensive","Household & Personal Products","",2.1,"",2024,110881.0,"",""
"4922","KOSE CORPORATION","20260220",6064.0,-3.0,4933.23,1612.68,3.45,4771.25,9384.7,"JPY","",37.3,140.0,0,3.9,4.8,8.1,"","","Consumer Non-Durables","Household & Personal Products","",57.07,"",2024,322758.0,6967.0,4910.0
"4923","COTA CO LTD","20260220",1287.0,2.0,1206.87,444.87,12.26,403.86,1374.4,"JPY",29.8,49.1,"",0,11.8,13.3,16.0,18.1,"","Consumer Non-Durables","Household & Personal Products","",27.75,"",2025,9376.0,1520.0,1104.0
"4925","HABA LABORATORIES INC","20260220",1825.0,12.0,4476.59,1463.4,6.32,2361.64,564.1,"JPY",-1746.0,50.0,"",0,6.4,-4.3,-6.4,-2.4,"","Consumer Non-Durables","Household & Personal Products","",3.78,"",2025,12061.0,1888.0,1520.0
"4926","CBON COSMETICS CO.LTD","20260220",1332.0,1.0,1483.88,485.08,3.71,1332.01,211.7,"JPY",-297.8,50.0,"",0,3.0,-0.1,-2.9,3.2,"","Consumer Non-Durables","Household & Personal Products","",4.28,"",2025,8838.0,1302.0,1025.0
"4927","POLA ORBIS HOLDINGS INC","20260220",1357.5,2.0,1590.93,520.08,7.12,745.21,11734.2,"JPY",37.6,74.3,52.0,0,6.4,7.5,8.1,7.7,"","Consumer Non-Durables","Household & Personal Products","",221.27,"",2024,170359.0,1413.0,1187.0
"4928","Noevir Holdings Co., Ltd.","20260220",4610.0,5.0,6903.95,2256.91,14.62,1573.95,7861.3,"JPY",-0.5,90.0,"",0,14.8,15.0,14.7,13.2,12.3,"Consumer Non-Durables","Household & Personal Products","",34.16,"",2025,64724.0,4795.0,3885.0
"4929","ADJUVANT HOLDINGS CO LTD","20260220",808.0,-12.0,285.38,93.29,1.82,522.25,76.1,"JPY",-290.1,77.1,"",0,0.7,-2.2,1.9,8.6,"","Consumer Non-Durables","Household & Personal Products","",8.0,"",2025,4098.0,930.0,732.0
"4931","Shinnihonseiyaku Co., Ltd.","20260220",2088.0,9.0,3951.18,1487.47,13.93,1078.44,3178.3,"JPY",6.2,60.3,"",0,15.3,14.3,14.7,15.1,16.8,"Retail Trade","Specialty Retail","",21.15,"",2025,41140.0,2544.0,1946.0
"4932","ALMADO INC","20260220",936.0,7.0,1628.27,532.28,26.8,202.49,502.1,"JPY",4.0,90.0,"",0,34.5,29.8,21.8,25.1,"","Consumer Non-Durables","Household & Personal Products","",9.25,"",2025,8477.0,1229.0,904.0
"4933","I-NE CO LTD","20260220",1101.0,22.0,4880.5,1759.69,16.24,945.91,2686.0,"JPY",8.3,45.8,15.0,0,23.2,14.9,21.2,17.5,"","Consumer Non-Durables","Household & Personal Products","",17.49,"",2024,45006.0,1884.0,1220.0
"4934","PREMIER ANTI-AGING CO LTD","20260220",737.0,11.0,1648.28,538.83,7.25,757.91,479.1,"JPY","",0.0,"",0,7.9,-5.5,-8.5,20.6,"","Distribution Services","Household & Personal Products","",8.72,"",2025,16160.0,979.0,642.0
"4935","LIBERTA CO LTD","20260220",321.0,"","","",-1.31,52.26,-20.6,"JPY",943.0,28.5,2.0,0,-1.3,7.1,8.6,17.1,"","Consumer Non-Durables","Household & Personal Products","",30.06,"",2024,8635.0,844.0,194.8
"4936","AXXZIA INC","20260220",373.0,7.0,634.11,207.29,6.38,331.04,483.4,"JPY",16.7,69.0,5.0,0,3.8,9.1,15.8,15.5,38.3,"Consumer Non-Durables","Household & Personal Products","",22.87,"",2025,13478.0,562.0,370.0
"4937","Waqoo Inc.","20260220",1515.0,-16.0,375.0,122.59,2.1,594.03,44.0,"JPY",111.9,0.0,"",0,2.1,-2.2,37.9,-7.7,"","Consumer Non-Durables","Internet Retail","",3.52,"",2025,1960.0,1850.0,800.0
"4951","S.T.CORPORATION","20260220",1540.0,3.0,1963.01,641.71,4.19,1560.42,1365.6,"JPY",-0.5,74.0,"",0,3.5,3.9,5.9,9.0,"","Consumer Non-Durables","Household & Personal Products","",20.87,"",2025,48114.0,1637.0,1370.0
"4955","Agro-Kanesho Co. Ltd.","20250214",1900.0,-9.0,879.95,287.66,3.13,936.51,612.2,"JPY",-8.1,67.3,"",0,1.9,5.2,5.6,4.2,"","Basic Materials","Agricultural Inputs","",20.87,"",2023,15655.0,0.0,0.0
"4956","KONISHI CO LTD","20260220",1343.0,12.0,3257.5,1064.88,8.35,1299.77,7205.6,"JPY",29.0,51.3,"",0,9.8,9.2,4.2,7.7,"","Process Industries","Specialty Chemicals","",66.36,"",2025,135876.0,1452.0,974.0
"4958","T. Hasegawa Co., Ltd.","20260220",2850.0,6.0,4597.81,1503.03,5.03,3047.29,6202.5,"JPY",14.0,64.6,"",0,5.4,5.8,5.0,5.9,4.9,"Consumer Non-Durables","Specialty Chemicals","",40.47,"",2025,73495.0,3180.0,2450.0
"4966","C. UYEMURA & CO.LTD","20260220",21110.0,-1.0,20174.08,7603.96,12.51,6574.85,13271.0,"JPY",18.0,58.7,"",0,15.1,13.0,13.8,14.7,"","Process Industries","Specialty Chemicals","",16.14,"",2025,83845.0,20930.0,8200.0
"4967","Kobayashi Pharmaceutical Co., Ltd.","20260220",5635.0,3.0,7210.49,2357.12,8.47,2838.28,17867.6,"JPY",46.3,43.9,"",0,7.9,11.2,10.2,10.4,11.0,"Consumer Non-Durables","Household & Personal Products","",74.34,"",2025,165742.0,5885.0,4850.0
"4968","ARAKAWA CHEMICAL INDUSTRIES","20260220",1468.0,-3.0,1144.13,374.02,1.29,2947.28,756.7,"JPY","",0.0,"",0,1.1,-3.8,-5.0,3.7,"","Process Industries","Specialty Chemicals","",19.84,"",2025,80236.0,1527.0,898.0
"4971","MEC COMPANY LTD","20260220",6980.0,-6.0,4099.97,1340.29,9.3,1469.73,2501.0,"JPY",28.5,49.6,85.0,0,9.3,7.6,14.7,16.9,"","Process Industries","Specialty Chemicals","",18.3,"",2024,18234.0,6770.0,1804.0
"4972","SOKEN CHEMICAL & ENGINEERING CO","20260220",3165.0,10.0,5329.06,2028.75,10.03,2290.66,3810.4,"JPY",10.7,60.0,"",0,13.9,9.1,5.7,7.9,"","Process Industries","Specialty Chemicals","",16.59,"",2025,47633.0,2996.0,1207.0
"4973","JAPAN PURE CHEMICAL","20260220",5280.0,-20.0,875.14,286.08,1.24,2347.84,168.9,"JPY",84.3,49.5,"",0,0.5,2.8,3.9,7.3,"","Process Industries","Specialty Chemicals","",5.79,"",2025,12611.0,5220.0,2681.0
"4974","TAKARA BIO INC","20260220",1148.0,-25.0,113.87,37.23,0.4,959.21,457.1,"JPY",157.2,17.2,"",0,1.5,1.8,16.1,28.0,"","Health Technology","Biotechnology","",120.41,"",2025,45039.0,1039.0,711.0
"4975","JCU CORPORATION","20260220",6660.0,4.0,9067.46,3264.33,15.78,1930.24,7543.3,"JPY",40.8,44.1,"",0,17.6,15.1,17.7,23.1,"","Process Industries","Specialty Chemicals","",24.77,"",2025,28356.0,6110.0,2797.0
"4976","Toyo Drilube Co. Ltd.","20260220",1595.0,15.0,4993.83,1632.49,6.38,2610.08,660.9,"JPY",99.1,8.5,"",0,7.3,6.9,4.1,7.4,"","Basic Materials","Specialty Chemicals","",3.97,"",2025,5194.0,1615.0,1006.6667
"4977","NITTA GELATIN INC","20260220",1400.0,19.0,4962.61,1859.08,15.46,1138.12,3199.3,"JPY",10.9,60.4,"",0,15.5,3.0,5.6,4.8,"","Consumer Non-Durables","Specialty Chemicals","",18.18,"",2025,38745.0,1346.0,669.0
"4978","REPROCELL INCORPORATED","20260220",171.0,"","","",-1.02,94.89,-91.4,"JPY","",0.0,"",0,1.2,0.5,-1.7,-9.4,"","Health Technology","Biotechnology","",94.69,"",2025,2978.0,242.0,112.0
"4979","OAT AGRIO CO LTD","20260220",2389.0,13.0,5917.16,2187.7,14.03,1580.97,2238.3,"JPY",15.0,53.0,60.0,0,15.1,22.6,27.3,16.9,"","Process Industries","Agricultural Inputs","",10.09,"",2024,29773.0,2591.0,1655.0
"4980","DEXERIALS CORPORATION","20260220",2372.5,8.0,4385.17,1433.52,25.71,568.55,24659.3,"JPY",43.5,41.8,"",0,31.9,29.5,33.3,33.6,"","Electronic Technology","Electronic Components","",168.7,"",2025,110390.0,3333.0,1383.0
"4985","EARTH CORPORATION","20260220",4920.0,6.0,7793.34,2547.66,8.24,3151.72,5676.2,"JPY",-25.0,74.2,125.0,0,7.4,6.9,9.0,13.6,"","Health Technology","Household & Personal Products","",21.85,"",2024,169278.0,5570.0,4670.0
"4990","SHOWA CHEMICAL INDUSTRY CO","20260220",523.0,13.0,1396.9,456.65,6.11,762.35,495.9,"JPY",58.7,27.8,"",0,5.1,7.7,10.4,6.4,"","Non-Energy Minerals","Specialty Chemicals","",10.65,"",2025,9237.0,546.0,420.0
"4992","Hokko Chemical Industry Co., Ltd.","20260220",1823.0,14.0,5005.8,1636.41,8.16,2045.63,4315.0,"JPY",57.7,29.7,"",0,9.3,8.8,10.0,12.6,9.3,"Process Industries","Agricultural Inputs","",25.86,"",2025,49125.0,1831.0,1000.0
"4994","TAISEI LAMICK GP HQ INNV CO LTD","20260220",2677.0,15.0,8005.76,2617.1,6.53,4083.93,1643.9,"JPY",24.1,56.9,"",0,7.4,5.0,8.0,10.0,"","Process Industries","Packaging & Containers","",6.16,"",2025,30849.0,2761.0,2234.0
"4995","Sankei Chemicals Co., Ltd.","20260220",1700.0,-5.0,1136.26,371.45,7.27,521.09,237.1,"JPY",62.6,40.6,"",0,8.0,1.7,0.6,7.4,12.4,"Process Industries","Agricultural Inputs","",6.26,"",2025,6444.0,1899.0,1101.0
"4996","Kumiai Chemical Industry Co., Ltd.","20260220",711.0,18.0,2623.88,857.75,7.29,1199.83,10532.3,"JPY",44.7,41.4,"",0,5.9,11.2,16.3,16.2,9.6,"Process Industries","Agricultural Inputs","",120.42,"",2025,170462.0,871.0,665.0
"4997","NIHON NOHYAKU CO","20260220",1017.0,11.0,2337.28,764.06,7.9,986.7,6102.7,"JPY",8.9,57.0,"",0,4.5,8.7,8.9,7.5,"","Process Industries","Agricultural Inputs","",78.33,"",2025,99966.0,1087.0,631.0
"4998","FUMAKILLA LTD","20260220",1160.0,11.0,2664.5,871.03,5.8,1532.46,1463.7,"JPY",65.1,31.7,"",0,5.8,6.8,6.6,6.8,"","Process Industries","Agricultural Inputs","",16.48,"",2025,73854.0,1261.0,988.0
"5009","FUJI KOSAN COMPANY","20250926",1354.0,6.0,2101.81,687.09,4.82,1453.17,463.8,"JPY",50.6,90.0,"",0,4.7,6.2,0.2,2.5,"","Distribution Services","Oil & Gas Refining & Marketing","",6.62,"",2025,68344.0,1499.0,1134.0
"5010","NIPPON SEIRO CO","20260220",309.0,27.0,2047.29,669.26,23.75,287.29,1347.8,"JPY","",0.0,"",0,47.5,-12.3,-30.7,6.9,"","Process Industries","Oil & Gas Refining & Marketing","",19.75,"",2024,22045.0,215.0,142.0
"5011","NICHIREKI GROUP CO LTD","20260220",2414.0,10.0,5061.14,1654.5,6.26,2695.92,4838.5,"JPY",154.1,20.0,"",0,6.4,5.5,7.2,9.3,"","Industrial Services","Engineering & Construction","",28.68,"",2025,75745.0,3150.0,1945.0
"5013","YUSHIRO INC","20260220",3095.0,13.0,8363.97,2734.2,8.5,3280.44,3691.3,"JPY",41.3,51.2,"",0,10.5,8.9,2.0,1.0,"","Process Industries","Chemicals","",13.24,"",2025,55512.0,3585.0,1565.0
"5016","JX ADVANCED METALS CORPORATION","20260220",3389.0,-4.0,2413.04,788.83,12.12,664.38,74585.6,"JPY",188.0,0.0,"",0,10.0,20.8,7.5,15.0,"","Non-Energy Minerals","Oil Refining/Marketing","",926.12,"",2025,714940.0,3280.0,650.0
"5017","FUJI OIL CO LTD","20260119",478.0,"","","",-3.39,1109.93,-2906.3,"JPY",88.9,8.5,"",0,-4.6,22.0,6.2,30.2,"","Energy Minerals","Oil & Gas Refining & Marketing","",77.24,"",2025,840196.0,3044741376.0,1382916864.0
"5018","MORESCO CORP","20260220",2139.0,9.0,4256.54,1391.47,6.01,2362.31,1302.5,"JPY",67.4,35.4,"",0,6.2,5.7,3.4,6.2,"","Process Industries","Specialty Chemicals","",9.18,"",2025,34374.0,2050.0,1045.0
"5019","IDEMITSU KOSAN CO.LTD","20260220",1416.5,13.0,3714.12,1214.15,8.81,1404.79,151615.3,"JPY",-7.1,64.2,"",0,8.9,17.8,16.1,30.5,"","Energy Minerals","Oil & Gas Refining & Marketing","",1224.64,"",2025,9190225.0,1496.5,799.1
"5020","JX控股","20260220",1456.0,11.0,3399.75,1111.38,9.83,1152.65,304846.5,"JPY",-3.9,67.6,"",0,12.9,11.7,7.6,23.2,"","Energy Minerals","Oil Refining/Marketing","",2690.02,"",2025,12322494.0,1503.0,590.0
"5021","COSMO ENERGY HLDGS CO LTD","20260220",4793.0,14.0,12457.18,4667.42,13.67,3562.92,79955.2,"JPY",0.4,57.7,"",0,13.9,16.8,17.4,49.4,"","Energy Minerals","Oil & Gas Integrated","",164.13,"",2025,2799947.0,4847.0,2509.0
"5025","MERCURY INC","20260220",715.0,5.0,1074.32,351.2,10.44,342.86,92.8,"JPY",25.3,54.9,"",0,16.5,5.9,12.9,72.0,"","Technology Services","Software - Application","",2.59,"",2025,1763.0,846.0,555.0
"5026","TRIPLEIZE CO. LTD.","20260220",742.0,"","","",-3.09,198.33,-51.4,"JPY","",0.0,"",0,-10.9,69.0,-27.1,27.4,14.8,"Technology Services","Information Technology Services","",8.39,"",2025,5714.0,1525.0,655.0
"5027","ANYMIND GROUP INC","20260220",473.0,8.0,868.73,283.99,11.19,276.92,1857.3,"JPY",111.2,0.0,2.0,0,17.3,4.9,3.4,"","","Technology Services","Software - Application","",59.91,"",2024,50713.0,1111.0,488.0
"5028","SECONDXIGHT ANALYTICA INC.","20260220",376.0,2.0,422.03,137.96,16.33,86.12,132.8,"JPY","",0.0,"",0,18.1,35.9,28.3,"","","Technology Services","Software - Infrastructure","",9.44,"",2024,1141.0,659.0,263.0
"5029","CIRCLACE INC","20260220",568.0,13.0,1500.36,490.47,22.0,227.29,218.1,"JPY","",0.0,"",0,29.2,-5.0,"","","","Technology Services","Software - Application","",4.36,"",2025,3804.0,1744.0,867.0
"5031","MOI CORPORATION","20260220",305.0,3.0,402.08,148.48,11.69,133.93,218.8,"JPY",-4.8,50.0,"",0,10.1,12.3,5.6,35.2,"","Technology Services","Software - Application","",13.97,"",2025,6592.0,380.0,180.0
"5032","ANYCOLOR INC","20260220",4020.0,5.0,5771.4,1886.68,53.52,359.48,11756.4,"JPY",6.3,56.2,"",0,58.5,65.8,106.0,83.5,"","Commercial Services","Entertainment","",61.11,"",2025,42876.0,6790.0,2722.0
"5033","NULAB INC","20260220",746.0,13.0,2044.91,668.48,23.16,294.29,441.7,"JPY",2.6,48.7,"",0,41.0,32.9,24.0,108.2,"","Technology Services","Software - Application","",6.48,"",2025,4112.0,1252.0,720.0
"5034","UNERRY INC","20260220",2274.0,1.0,2520.59,884.06,14.8,538.77,298.3,"JPY",35.5,32.2,"",0,20.3,6.2,1.1,21.7,"","Technology Services","Internet Content & Information","",3.74,"",2025,3726.0,4210.0,1334.0
"5035","HOUSEI INC","20260220",427.0,3.0,546.27,178.58,3.79,480.41,124.6,"JPY",-5.3,57.1,3.0,0,3.8,5.0,5.7,15.4,"","Technology Services","Software - Application","",6.84,"",2024,4918.0,675.0,392.0
"5036","Japan Business Systems, Inc.","20260220",1548.0,10.0,3254.08,1063.76,18.23,595.09,4946.2,"JPY",137.5,24.4,"",0,24.8,14.5,15.1,"","","Technology Services","Software - Infrastructure","",45.6,"",2025,172580.0,1896.0,799.0
"5038","EWELL CO LTD","20260220",2218.0,-4.0,1660.21,542.73,34.8,159.01,838.4,"JPY",6.7,52.2,16.0,0,47.8,55.6,89.3,208.6,"","Technology Services","Health Information Services","",15.15,"",2024,2571.0,3015.0,1720.0
"5070","DRAFT INC","20251211",746.0,-2.0,657.32,214.88,5.42,404.47,220.4,"JPY",170.8,7.3,"",0,18.6,18.2,1.0,29.5,"","Commercial Services","Engineering & Construction","",10.06,"",2024,12276.0,553383040.0,316535072.0
"5071","VIS CO LTD","20260220",1594.0,16.0,4232.97,1383.77,17.03,828.67,1181.0,"JPY",73.1,28.4,"",0,23.2,19.8,17.3,"","","Commercial Services","Specialty Business Services","",8.37,"",2025,16253.0,1620.0,935.0
"5074","TESS HOLDINGS CO LTD","20260220",532.0,11.0,1182.32,386.5,6.53,603.46,2779.3,"JPY",385.5,10.8,"",0,3.7,-1.7,16.8,13.7,"","Utilities","Utilities - Renewable","",70.52,"",2025,36684.0,490.0,250.0
"5075","UPCON CORP","20260220",1235.0,-25.0,117.05,38.26,17.89,21.81,275.1,"JPY",41.8,37.8,"",0,18.9,5.4,11.4,4.0,"","Industrial Services","Engineering & Construction","",70.51,"",2025,1194.0,"",""
"5076","INFRONEER HLDGS INC","20260220",2566.5,5.0,3908.43,1277.67,6.24,2087.24,32403.5,"JPY","",38.6,"",0,6.7,9.9,7.4,"","","Industrial Services","Engineering & Construction","",248.72,"",2025,847548.0,2785.0,1089.0
"5078","CEL CORPORATION","20260220",5000.0,10.0,10814.6,3535.31,5.99,6023.01,1222.1,"JPY",10.2,61.1,"",0,7.2,5.9,4.8,-78.6,"","Industrial Services","Real Estate Services","",3.39,"",2025,23922.0,6950.0,3730.0
"5079","NOVAC CO LTD","20260220",2880.0,5.0,4136.94,1352.37,3.9,3531.84,710.2,"JPY",68.8,37.9,"",0,2.7,1.6,9.2,13.7,12.2,"Industrial Services","Engineering & Construction","",5.15,"",2025,27511.0,2940.0,2330.0
"5101","橫濱橡膠","20260220",7982.0,9.0,15341.78,5015.25,9.0,5683.58,80437.0,"JPY",41.5,42.0,112.0,0,11.4,10.7,7.8,9.8,"","Consumer Durables","Auto Parts","",157.29,"",2024,1094746.0,6951.0,2490.0
"5103","SHOWA HOLDINGS CO LTD","20260220",45.0,"","","",-15.85,22.87,-275.0,"JPY","",0.0,"",0,-12.3,-25.3,-2.0,19.7,"","Finance","Specialty Chemicals","",75.85,"",2025,8619.0,72.0,32.0
"5105","TOYO TIRE CORPORATION","20260220",4735.0,14.0,12475.55,4662.08,14.81,3068.52,70002.5,"JPY",12.3,58.5,130.0,0,19.1,19.4,11.6,18.1,"","Consumer Durables","Auto Parts","",154.0,"",2024,565358.0,4696.0,2071.0
"5108","普利司通","20260220",3620.0,8.0,6855.09,2240.94,7.85,2910.11,293007.3,"JPY",12.9,62.9,115.0,0,9.2,11.4,11.9,19.2,"","Consumer Durables","Auto Parts","",1282.29,"",2024,4430096.0,3839.0,2556.5
"5110","SUMITOMO RUBBER INDUSTRIES","20260220",2715.0,13.0,7207.39,2356.11,9.62,2496.23,63148.8,"JPY",1.5,73.0,77.0,0,13.3,9.2,2.9,6.7,"","Consumer Durables","Auto Parts","",262.85,"",2024,1211856.0,2780.0,1285.0
"5121","FUJIKURA COMPOSITES INC","20260220",2605.0,10.0,5296.21,1937.39,11.82,1797.08,4068.6,"JPY",29.5,45.8,"",0,11.0,8.8,15.0,14.9,"","Producer Manufacturing","Auto Parts","",19.16,"",2025,41325.0,2589.0,1118.0
"5122","OKAMOTO INDUSTRIES INC","20260220",5580.0,9.0,11163.56,3649.39,6.75,5514.67,6367.0,"JPY",105.2,20.6,"",0,7.6,13.1,7.2,10.7,"","Process Industries","Specialty Chemicals","",17.11,"",2025,109107.0,5890.0,4450.0
"5125","FINES INC","20260220",662.0,11.0,1447.04,527.74,11.45,490.58,250.5,"JPY",10.9,44.6,"",0,11.5,13.8,62.4,107.7,"","Technology Services","Entertainment","",4.46,"",2025,2685.0,1319.0,452.0
"5126","PORTERS CORPORATION","20260220",1535.0,15.0,4782.3,1563.34,19.2,830.43,256.7,"JPY",25.9,37.1,"",0,25.9,25.7,"","","","Technology Services","Software - Infrastructure","",1.61,"",2024,1923.0,2220.0,1653.0
"5129","FIXER Inc.","20260220",375.0,"","","",-35.54,253.95,-1336.7,"JPY","",0.0,"",0,-30.3,2.7,43.0,87.5,12.9,"Technology Services","Software - Infrastructure","",14.81,"",2025,3980.0,721.0,366.0
"5132","pluszero,Inc.","20260220",2112.0,-7.0,1225.84,400.73,20.98,194.73,317.9,"JPY",0.3,49.9,"",0,32.6,21.2,14.6,78.7,-38.4,"Technology Services","Software - Infrastructure","",7.78,"",2025,1546.0,4495.0,2066.0
"5133","TERILOGY HOLDINGS CORPORATION","20260220",349.0,4.0,482.17,157.62,9.66,166.45,275.0,"JPY",108.1,54.6,"",0,9.1,8.4,2.4,10.5,"","Electronic Technology","Information Technology Services","",17.11,"",2025,8653.0,412.0,202.0
"5134","POPER Co., Ltd.","20260220",483.0,11.0,1089.94,397.21,15.97,222.08,139.7,"JPY",-1.1,50.0,"",0,22.7,13.0,6.4,9.3,-70.0,"Technology Services","Software - Application","",3.94,"",2025,1389.0,1529.0,504.0
"5136","tripla Co.,Ltd.","20260220",1574.0,4.0,2229.2,728.73,26.48,280.65,437.7,"JPY","",0.0,"",0,51.2,"","","","","Technology Services","Software - Application","",5.89,"",2025,2573.0,2773.0,1552.0
"5137","Smart Drive Co. Ltd.","20260220",307.0,1.0,324.91,106.21,34.71,31.2,397.8,"JPY",26.3,36.8,"",0,58.4,55.1,-63.6,-54.0,-852.6,"Technology Services","Software - Infrastructure","",36.73,"",2025,2878.0,570.0,253.3333
"5138","REBASE INC","20260220",652.0,13.0,1782.28,582.63,21.14,281.06,291.7,"JPY",23.1,38.4,"",0,37.5,30.8,38.3,52.4,"","Technology Services","Internet Content & Information","",4.91,"",2025,1926.0,1647.0,647.0
"5139","OPENWORK INC","20260220",963.0,0.0,990.9,367.89,12.4,308.94,801.0,"JPY",1.7,53.0,"",0,13.2,13.1,14.3,9.0,"","Technology Services","Software - Application","",20.91,"",2024,3542.0,1365.0,651.0
"5142","ACHILLES CORP","20260220",1655.0,-5.0,1067.23,348.88,1.24,2877.47,486.3,"JPY","",0.0,"",0,-1.5,-8.0,-0.2,1.9,"","Producer Manufacturing","Chemicals","",13.67,"",2025,79093.0,1719.0,1076.0
"5161","NISHIKAWA RUBBER CO","20260220",4215.0,-1.0,3790.07,1238.98,5.55,2276.34,4880.4,"JPY",76.9,28.1,"",0,4.8,8.2,1.7,3.5,"","Producer Manufacturing","Auto Parts","",38.63,"",2025,120639.0,3945.0,1802.0
"5162","ASAHI RUBBER","20260220",729.0,5.0,1058.88,346.15,3.3,1070.18,161.0,"JPY",50.4,50.6,"",0,1.3,3.3,3.8,5.4,"","Process Industries","Auto Parts","",4.56,"",2025,7639.0,780.0,523.0
"5184","NICHIRIN CO LTD","20260220",4210.0,15.0,12720.09,4158.22,9.85,4304.17,5592.6,"JPY",20.6,57.6,164.0,0,11.3,12.4,11.3,9.9,"","Producer Manufacturing","Auto Parts","",13.19,"",2024,71356.0,3925.0,3020.0
"5185","FUKOKU CO LTD","20260220",2005.0,12.0,5100.84,1667.47,6.33,2684.49,2740.9,"JPY",48.1,47.5,"",0,7.7,8.8,4.3,6.2,"","Producer Manufacturing","Auto Parts","",16.12,"",2025,89657.0,2118.0,1320.0
"5186","NITTA CORP","20260220",4440.0,14.0,12777.44,4176.97,7.64,5577.85,11712.7,"JPY",72.6,27.8,"",0,8.5,7.6,9.2,10.1,"","Process Industries","Specialty Industrial Machinery","",27.5,"",2025,90276.0,4415.0,3145.0
"5187","CREATE MEDIC CO","20260220",1196.0,7.0,2094.65,684.74,3.73,1872.77,587.2,"JPY",-16.4,88.8,45.0,0,3.4,0.9,3.0,5.4,"","Health Technology","Medical Devices","",8.41,"",2024,13030.0,1174.0,886.0
"5189","SAKURA RUBBER CO","20260220",3120.0,14.0,8888.08,2905.53,6.31,4693.26,571.8,"JPY",12.6,51.6,"",0,5.5,9.5,2.4,-1.8,"","Producer Manufacturing","Auto Parts","",1.93,"",2025,12188.0,2953.0,1612.0
"5191","SUMITOMO RIKO CO LTD","20260206",2552.0,13.0,6432.83,2408.82,12.17,2068.65,26137.8,"JPY",5.8,56.2,"",0,14.8,12.2,4.5,-1.0,"","Producer Manufacturing","Auto Parts","",103.82,"",2025,633331.0,2630.0,1180.0
"5192","MITSUBOSHI BELTING","20260220",4180.0,7.0,7023.9,2296.13,6.86,3414.8,6567.4,"JPY",44.6,74.4,"",0,6.0,7.5,9.2,8.3,"","Producer Manufacturing","Specialty Industrial Machinery","",28.05,"",2025,90510.0,4255.0,3120.0
"5194","SAGAMI RUBBER INDUSTRIES CO","20260220",676.0,-12.0,249.72,81.64,0.83,997.88,90.4,"JPY",89.3,13.5,"",0,2.9,0.7,7.7,14.9,"","Producer Manufacturing","Household & Personal Products","",10.86,"",2025,5687.0,1069.0,665.0
"5195","BANDO CHEMICAL INDUSTRIES LTD","20260220",2328.0,14.0,6390.2,2088.97,10.61,2007.6,8714.1,"JPY",-14.2,70.6,"",0,9.1,9.8,8.1,7.9,"","Producer Manufacturing","Specialty Industrial Machinery","",40.91,"",2025,115593.0,2364.0,1321.0
"5199","FUJI LATEX CO","20260220",2049.0,11.0,4562.6,1491.52,4.75,3202.36,193.2,"JPY",-65.4,57.8,"",0,2.2,8.2,17.0,12.3,"","Producer Manufacturing","Specialty Chemicals","",1.27,"",2025,7198.0,2080.0,1635.0
"5201","旭硝子","20260220",6294.0,5.0,9593.93,3136.27,4.58,6988.05,67963.4,"JPY",66.9,48.8,"",0,4.8,5.7,5.7,9.2,11.7,"Consumer Durables","Conglomerates","",212.52,"",2025,2058800.0,6365.0,3870.0
"5202","日本板硝子","20260220",599.0,"","","",-2.4,1179.75,-2596.9,"JPY",1192.5,19.8,"",0,-6.5,7.4,6.1,13.6,"","Consumer Durables","Auto Parts","",91.6,"",2025,840401.0,710.0,315.0
"5204","ISHIZUKA GLASS CO","20260220",3920.0,24.0,21596.4,7198.16,10.34,8055.11,3507.3,"JPY",94.6,7.4,"",0,11.1,17.3,6.1,7.1,"","Process Industries","Packaging & Containers","",4.21,"",2025,55994.0,4135.0,2051.0
"5208","ARISAWA MFG CO LTD","20260220",2550.0,3.0,3262.76,1066.6,7.45,1459.04,3619.5,"JPY",38.1,90.0,"",0,8.6,2.2,3.5,6.3,"","Producer Manufacturing","Electronic Components","",33.28,"",2025,49815.0,2325.0,1135.0
"5210","NIHON YAMAMURA GLASS CO","20260220",3320.0,17.0,11496.28,3758.15,7.15,5360.18,3916.4,"JPY",-33.8,50.0,"",0,7.3,10.6,-4.9,-10.4,"","Process Industries","Packaging & Containers","",10.22,"",2025,73337.0,3380.0,1846.0
"5214","Nippon Electric Glass Co., Ltd.","20260220",6180.0,6.0,10161.15,3321.7,5.19,6525.77,25555.3,"JPY",-133.3,73.6,"",0,5.4,0.4,-1.2,4.8,7.4,"Electronic Technology","Electronic Components","",75.45,"",2025,311402.0,7099.0,2999.5
"5216","KURAMOTO SEISAKUSHO CO","20260220",193.0,"","","",-5.44,77.94,-203.5,"JPY","",0.0,"",0,"","","","","","Electronic Technology","Electronic Components","",48.0,"",2024,1567.0,285.0,116.0
"5217","Techno Quartz Inc.","20241011",5600.0,19.0,20524.32,7317.39,14.16,4949.1,2712.1,"JPY",40.1,38.4,"",0,15.7,21.6,19.7,16.6,"","Technology","Semiconductor Equipment & Materials","",3.87,"",2024,17065.0,"",""
"5218","Ohara Inc.","20260220",1154.0,2.0,1393.84,455.65,2.18,2131.81,1131.8,"JPY",52.3,39.6,"",0,1.9,3.4,3.4,5.7,3.7,"Electronic Technology","Electronic Components","",24.36,"",2025,28895.0,1281.0,848.0
"5232","住友大阪水泥","20260220",4409.0,4.0,5864.31,1917.05,3.25,6014.98,6210.3,"JPY",94.4,37.4,"",0,2.9,2.8,-5.2,3.7,"","Non-Energy Minerals","Building Materials","",31.77,"",2025,219465.0,4502.0,3280.0
"5233","太平洋水泥","20260220",4460.0,16.0,14320.38,4681.36,8.29,5756.44,53209.8,"JPY",103.8,9.1,"",0,10.3,9.0,-3.1,7.7,"","Non-Energy Minerals","Building Materials","",111.47,"",2025,896295.0,4968.0,3325.0
"5237","NOZAWA CORPORATION","20260220",1099.0,17.0,3812.92,1246.45,7.21,1761.72,1490.9,"JPY",45.0,42.8,"",0,6.5,7.6,4.8,8.6,"","Non-Energy Minerals","Building Products & Equipment","",11.73,"",2025,21954.0,1220.0,744.0
"5240","MONOAI TECHNOLOGY CO LTD","20260220",216.0,"","","",-18.29,127.24,-285.3,"JPY","",0.0,"",0,-25.4,-16.0,24.3,"","","Technology Services","Software - Infrastructure","",12.26,"",2024,1429.0,406.0,183.0
"5241","NIHON OFFICE AUTOMATION RESEARCH CO","20260220",855.0,15.0,2148.61,791.7,10.39,991.3,71.1,"JPY",26.0,47.2,"",0,13.1,6.0,8.1,16.7,"","Technology Services","Information Technology Services","",0.8,"",2024,2950.0,"",""
"5242","EYEZ INC","20260220",1077.0,-18.0,215.53,70.46,1.11,644.66,7.4,"JPY",223.1,0.0,"",0,4.3,5.5,106.7,109.3,"","Technology Services","Software - Application","",1.03,"",2024,1036.0,2854.0,1001.0
"5243","note inc.","20260220",2160.0,-11.0,853.3,278.94,14.23,172.37,409.7,"JPY","",0.0,"",0,24.8,6.3,-21.7,"","","Technology Services","Software - Application","",16.7,"",2025,4141.28,3210.0,1152.0
"5244","JIG JP CO LTD","20260220",231.0,18.0,850.47,278.02,29.01,97.71,1188.1,"JPY",9.5,50.2,"",0,37.8,56.8,85.9,-27.7,"","Technology Services","Software - Application","",41.91,"",2025,13796.0,319.0,201.0
"5246","ELEMENTS,Inc.","20260220",607.0,"","","",-0.07,140.68,-2.4,"JPY","",0.0,"",0,0.5,-13.0,-75.2,-48.6,-35.0,"Technology Services","Software - Application","",24.68,"",2025,3895.0,1471.0,498.0
"5247","BTM INC","20260220",666.0,-1.0,635.64,207.79,9.07,233.69,59.8,"JPY",18.9,40.6,"",0,10.3,23.0,56.2,144.4,"","Technology Services","Information Technology Services","",2.82,"",2025,5099.0,1649.0,699.0
"5248","TECHNOLOGIES INC","20260220",514.0,-5.0,337.15,110.21,15.0,74.94,190.2,"JPY",446.4,0.0,"",0,22.8,-3.8,32.8,28.5,"","Technology Services","Software - Application","",16.92,"",2025,13900.0,941.0,452.0
"5250","Prime Strategy Co., Ltd.","20260220",1056.0,0.0,1027.35,335.84,8.46,404.84,120.2,"JPY",19.9,58.2,"",0,7.6,11.6,54.6,150.4,271.4,"Technology Services","Software - Infrastructure","",3.51,"",2025,887.0,1554.0,777.0
"5252","NIHON KNOWLEDGE CO LTD","20260220",868.0,-4.0,608.72,198.99,7.36,275.54,83.8,"JPY",90.1,7.2,"",0,7.2,22.5,26.5,23.2,"","Technology Services","Software - Application","",4.13,"",2025,4154.0,745.0,278.3333
"5253","COVER CORPORATION","20260220",1690.0,5.0,2408.73,787.42,31.11,258.13,5271.1,"JPY",26.5,36.8,"",0,54.5,57.6,73.5,65.8,"","Consumer Services","Software - Application","",65.65,"",2025,43401.0,3085.0,1465.0
"5254","ARENT INC","20260220",4040.0,-12.0,1496.78,489.3,6.79,735.07,325.8,"JPY",-28.1,50.0,"",0,9.9,19.0,10.7,-5.8,"","Technology Services","Software - Application","",6.53,"",2025,4028.0,5990.0,2454.0
"5255","MONSTARLAB INC","20260220",120.0,"","","","","",-1209.9,"JPY","",0.0,"",0,-135.4,-71.5,-18.0,-96.6,"","Technology Services","Information Technology Services","",64.66,"",2024,10003.0,348.0,57.0
"5256","FUSIC CO LTD","20260220",2243.0,11.0,4944.96,1754.27,16.48,901.59,187.3,"JPY",21.7,39.1,"",0,20.0,19.3,41.2,25.4,"","Technology Services","Software - Application","",1.26,"",2025,1952.0,3945.0,1860.0
"5257","NOVA SYSTEM CO LTD","20260220",2353.0,18.0,8515.13,2822.64,14.98,1595.0,334.5,"JPY",86.6,6.7,105.0,0,22.6,29.3,22.7,9.2,"","Technology Services","Software - Application","",1.4,"",2024,6461.0,3100.0,2320.0
"5258","TRANSACTION MEDIA NETWORKS INC","20260220",303.0,"","","",-3.53,341.37,-357.4,"JPY",501.9,0.0,"",0,-5.7,5.4,"","","","Technology Services","Software - Infrastructure","",29.66,"",2025,12300.0,540.0,207.0
"5259","BBD INITIATIVE INC","20260220",1168.0,-11.0,447.3,146.22,8.91,167.32,91.3,"JPY",516.3,0.0,"",0,10.8,-10.1,-4.6,2.6,"","Commercial Services","Software - Infrastructure","",6.12,"",2022,3234.0,1880.0,899.0
"5261","RESOL HOLDINGS CO LTD","20260220",8340.0,6.0,13265.96,4459.25,14.1,2907.37,2279.2,"JPY",127.8,12.7,"",0,15.1,13.0,-0.4,1.0,"","Consumer Services","Resorts & Casinos","",5.56,"",2025,28400.0,8450.0,4515.0
"5262","NIPPON HUME CORP","20260220",1587.0,-2.0,1327.39,433.92,4.79,923.39,2041.5,"JPY",109.0,23.6,"",0,5.5,4.6,4.4,5.2,"","Non-Energy Minerals","Building Products & Equipment","",46.14,"",2025,37064.0,2690.0,777.5
"5268","ASAHI CONCRETE WORKS CO","20260220",965.0,-3.0,733.94,239.93,2.66,920.65,322.2,"JPY",320.2,49.2,"",0,3.9,2.9,2.8,3.1,"","Non-Energy Minerals","Building Products & Equipment","",13.17,"",2025,7221.0,1400.0,504.0
"5269","NIPPON CONCRETE INDUSTRIES CO","20260220",349.0,-12.0,120.58,39.42,0.59,681.07,218.3,"JPY",876.3,45.4,"",0,1.2,1.5,-1.6,1.9,"","Non-Energy Minerals","Building Materials","",54.3,"",2025,52652.0,430.0,284.0
"5271","TOYO ASANO FOUNDATION","20260220",2542.0,17.0,8986.15,2937.59,9.28,3228.46,389.4,"JPY",10.0,79.6,"",0,9.3,17.6,2.6,2.5,"","Non-Energy Minerals","Building Products & Equipment","",1.3,"",2025,14402.0,2530.0,1812.0
"5273","MITANI SEKISAN CO","20260220",7270.0,10.0,15281.72,5451.77,11.64,5044.42,10311.4,"JPY",46.7,35.6,"",0,12.2,13.3,11.0,8.5,"","Non-Energy Minerals","Building Products & Equipment","",17.56,"",2025,87765.0,9380.0,5180.0
"5277","Spancrete Corp.","20250523",452.0,"","","",-4.99,739.03,-274.0,"JPY","",0.0,"",0,-4.7,-4.6,-4.0,"","","Industrials","Building Products & Equipment","",7.43,"",2024,2035.0,495451072.0,0.0
"5279","NIHON KOGYO CO LTD","20260220",1489.0,14.0,4314.04,1410.27,5.31,2709.93,419.9,"JPY",79.5,25.7,"",0,5.3,3.9,2.6,4.0,"","Non-Energy Minerals","Engineering & Construction","",2.92,"",2025,14746.0,1599.0,720.0
"5280","YOSHICON CO LTD","20260220",2730.0,19.0,10685.64,3493.16,9.18,3880.91,2518.3,"JPY",-15.8,62.4,"",0,12.2,8.5,4.3,7.7,"","Consumer Durables","Real Estate - Development","",7.07,"",2025,27474.0,3175.0,1421.0
"5282","GEOSTR CORP","20260220",485.0,12.0,1190.31,389.12,5.23,758.95,1241.1,"JPY",55.6,35.8,"",0,4.8,5.8,4.2,7.3,"","Non-Energy Minerals","Building Materials","",31.28,"",2025,28527.0,486.0,262.0
"5283","TAKAMISAWA CO","20260220",3715.0,25.0,21760.0,7113.38,8.23,8811.52,1196.8,"JPY",60.6,22.4,"",0,8.7,12.9,12.0,6.9,"","Distribution Services","Building Materials","",1.65,"",2025,73567.0,3735.0,2800.0
"5284","YAMAU HOLDINGS CO LTD","20260220",2421.0,23.0,10437.06,3926.38,17.52,2039.11,2164.5,"JPY",2.0,64.3,"",0,22.7,18.9,16.0,21.1,"","Non-Energy Minerals","Building Materials","",6.06,"",2025,22837.0,2618.0,1520.0
"5285","YAMAX CORP","20260220",1789.0,19.0,5575.23,1822.55,20.87,890.3,1800.8,"JPY",14.3,55.8,"",0,28.5,22.7,10.6,7.4,"","Non-Energy Minerals","Building Materials","",9.69,"",2025,23469.0,2280.0,1089.0
"5288","ASIA PILE HOLDINGS CORPORATION","20260220",1508.0,10.0,3232.27,1056.63,8.97,1200.55,4103.9,"JPY",42.1,46.8,"",0,5.7,10.3,10.2,4.0,"","Non-Energy Minerals","Building Materials","",38.09,"",2025,100803.0,1584.0,758.0
"5290","VERTEX CORPORATION","20260220",1669.0,6.0,2211.27,849.28,12.56,725.58,4589.3,"JPY",-4.9,66.5,"",0,14.5,11.5,12.4,16.0,"","Non-Energy Minerals","Building Materials","",50.35,"",2025,38918.0,1907.0,799.0
"5301","東海炭素","20260220",1042.0,11.0,2423.12,792.12,5.96,1356.18,17245.4,"JPY",148.1,25.2,30.0,0,4.2,9.3,10.0,8.7,"","Producer Manufacturing","Specialty Chemicals","",213.51,"",2024,350114.0,1143.0,765.1
"5302","NIPPON CARBON CO","20260220",4870.0,7.0,8309.88,2716.51,5.89,4702.8,3063.6,"JPY",56.9,56.4,200.0,0,8.1,9.4,7.0,6.2,"","Process Industries","Specialty Chemicals","",11.06,"",2024,37956.0,5000.0,3560.0
"5304","SEC CARBON LIMITED","20260220",2856.0,12.0,7079.48,2314.29,6.41,3680.15,4731.5,"JPY",101.8,21.5,"",0,7.3,13.6,9.7,5.8,"","Producer Manufacturing","Specialty Chemicals","",20.05,"",2025,31179.0,2910.0,1700.0
"5310","TOYO TANSO CO LTD","20260220",5980.0,9.0,11546.35,3774.52,8.57,4489.6,8070.9,"JPY",61.8,33.1,145.0,0,11.5,9.6,7.3,6.9,"","Process Industries","Electrical Equipment & Parts","",20.97,"",2024,53093.0,6070.0,3120.0
"5331","NORITAKE COMPANY LIMITED","20260220",6920.0,5.0,10488.73,3428.79,6.42,5441.8,9635.7,"JPY",86.8,21.6,"",0,6.6,8.4,8.3,9.1,"","Producer Manufacturing","Conglomerates","",27.56,"",2025,138182.0,6740.0,2989.0
"5332","TOTO","20260220",6195.0,2.0,7340.81,2399.72,7.7,3176.66,40230.1,"JPY",13.0,67.4,"",0,7.8,7.8,8.5,10.9,"","Producer Manufacturing","Building Products & Equipment","",164.41,"",2025,724454.0,5830.0,3269.0
"5333","日本礙子","20260220",4321.0,6.0,7073.96,2312.49,9.45,2493.96,68129.3,"JPY",8.1,66.4,"",0,8.6,7.6,11.1,13.1,"","Producer Manufacturing","Specialty Industrial Machinery","",288.93,"",2025,619513.0,4185.0,1539.5
"5334","NGK Spark Plug Co. Ltd.","20260220",7793.0,7.0,11068.55,4281.56,13.47,3399.89,90881.4,"JPY",-4.9,70.0,"",0,14.1,14.6,12.8,11.6,"","Producer Manufacturing","Auto Parts: OEM","",198.41,"",2025,652993.0,7150.0,3714.0
"5337","DANTO HOLDINGS CORPORATION","20260220",649.0,"","","",-12.38,232.97,-924.7,"JPY","",0.0,"",0,-11.2,-12.0,-14.5,-11.8,"","Producer Manufacturing","Building Products & Equipment","",32.06,"",2024,5315.0,941.0,276.0
"5341","ASAHI EITO HOLDINGS CO. LTD.","20260220",207.0,"","","",-33.53,176.11,-346.0,"JPY","",0.0,"",0,-32.5,-31.8,-40.7,-15.7,-0.3,"Producer Manufacturing","Household & Personal Products","",5.86,"",2025,4336.0,462.0,196.0
"5342","JANIS LTD.","20260220",410.0,-10.0,179.44,58.66,3.46,172.87,35.1,"JPY","",0.0,"",0,8.6,-5.3,-8.0,3.2,"","Consumer Durables","Household & Personal Products","",5.86,"",2025,4845.0,"",""
"5343","NIKKO COMPANY","20260220",234.0,29.0,1836.35,600.31,20.1,304.61,358.7,"JPY",-40.2,50.0,"",0,41.8,30.2,-26.2,-11.1,"","Producer Manufacturing","Specialty Industrial Machinery","",5.86,"",2025,15068.0,"",""
"5344","MARUWA CO LTD","20260220",55080.0,-4.0,41520.37,14645.3,13.63,10360.86,17421.0,"JPY",39.9,33.3,"",0,17.5,16.3,18.9,19.9,"","Producer Manufacturing","Electronic Components","",12.34,"",2025,71849.0,51980.0,21095.0
"5351","SHINAGAWA REFRACTORIES CO","20260220",2388.0,2.0,2811.74,919.16,4.81,1950.38,4276.7,"JPY",104.5,23.1,"",0,10.3,11.1,12.1,10.9,"","Non-Energy Minerals","Building Products & Equipment","",45.63,"",2025,144072.0,2420.0,1355.0
"5352","KROSAKI HARIMA CORP","20260220",4205.0,8.0,8014.31,2619.89,9.47,2820.28,8997.4,"JPY",28.1,51.0,"",0,10.2,14.2,12.5,9.3,"","Non-Energy Minerals","Building Materials","",33.68,"",2025,177921.0,4210.0,2000.0
"5355","NIPPON CRUCIBLE CO","20260220",657.0,10.0,1441.72,471.3,5.72,840.51,319.1,"JPY",77.2,29.6,"",0,6.6,4.2,-0.3,3.4,"","Non-Energy Minerals","Conglomerates","",6.64,"",2025,9784.0,674.0,576.0
"5356","Mino Ceramic Co. Ltd.","20260220",1324.0,12.0,3373.54,1102.82,7.95,1413.84,1153.8,"JPY",27.5,48.1,"",0,9.0,8.1,9.3,6.0,"","Non-Energy Minerals","Construction Materials","",10.26,"",2025,15058.0,1447.0,739.0
"5357","YOTAI REFRACTORIES CO","20260220",1966.0,10.0,4275.06,1397.52,7.96,1790.6,2622.0,"JPY",36.8,62.8,"",0,7.9,7.4,10.0,10.4,"","Non-Energy Minerals","Building Materials","",18.4,"",2025,29305.0,1953.0,1533.0
"5363","TYK CORPORATION","20260220",603.0,16.0,1921.94,628.29,6.96,920.66,2846.4,"JPY",63.0,30.5,"",0,7.6,7.2,7.0,6.0,"","Non-Energy Minerals","Building Materials","",44.43,"",2025,31933.0,658.0,411.0
"5367","NIKKATO CORP","20260220",831.0,8.0,1482.25,484.55,4.5,1097.35,590.4,"JPY",-65.5,67.3,"",0,3.9,5.7,7.0,8.4,"","Producer Manufacturing","Specialty Industrial Machinery","",11.95,"",2025,10076.58,778.0,467.0
"5368","JAPAN INSULATION CO LTD","20260220",1270.0,12.0,3084.95,1008.48,6.51,1579.7,891.6,"JPY",18.2,56.6,"",0,5.6,8.2,6.5,10.2,"","Process Industries","Specialty Industrial Machinery","",8.67,"",2025,12222.0,1160.0,818.0
"5381","MIPOX CORPORATION","20260220",867.0,8.0,1610.12,526.35,8.81,609.29,745.5,"JPY",319.2,5.3,"",0,12.1,-5.6,0.5,39.9,"","Process Industries","Specialty Chemicals","",13.89,"",2025,11172.0,921.0,391.0
"5384","FUJIMI INC","20260220",3200.0,0.0,3362.41,1223.7,12.82,1026.14,9760.9,"JPY",99.5,44.8,"",0,13.2,9.8,17.0,16.4,"","Process Industries","Semiconductor Equipment & Materials","",74.18,"",2025,62503.0,3120.0,1536.0
"5386","TSURUYA CO LTD","20260220",383.0,12.0,919.0,300.42,1.93,1588.4,229.8,"JPY",-137.2,68.6,"",0,3.1,1.1,-0.8,1.2,"","Producer Manufacturing","Building Products & Equipment","",7.5,"",2025,6815.0,438.0,344.0
"5388","KUNIMINE INDUSTRIES CO","20260220",1340.0,8.0,2395.2,782.99,4.51,1768.97,972.5,"JPY",-20.8,81.5,"",0,4.6,4.8,3.0,6.8,"","Industrial Services","Building Materials","",12.18,"",2025,15707.0,1375.0,981.0
"5391","A&A MATERIAL","20260220",1431.0,14.0,4180.86,1366.73,5.74,2428.65,1070.3,"JPY",101.5,22.7,"",0,4.7,8.3,7.8,9.0,"","Distribution Services","Building Products & Equipment","",7.68,"",2025,43421.0,1665.0,1000.0
"5393","NICHIAS CORP","20260220",8689.0,2.0,10778.82,4090.5,12.75,3402.1,27472.0,"JPY",2.3,61.9,"",0,14.2,15.9,15.1,15.4,"","Producer Manufacturing","Conglomerates","",63.32,"",2025,256512.0,8507.0,4083.0
"5395","Riken Corundum Co. Ltd.","20241119",5080.0,-46.0,39.24,12.83,1.72,76.1,83.6,"JPY",-29.4,59.0,"",0,2.3,-2.3,7.8,2.0,"","Basic Materials","Specialty Chemicals","",63.88,"",2023,4184.0,"",""
"5401","日本製鐵","20260220",686.3,20.0,2931.5,958.31,9.49,1030.04,510696.7,"JPY",128.7,18.0,"",0,10.9,15.4,20.6,26.6,"","Non-Energy Minerals","Steel","",5226.3,"",2025,8695526.0,704.4,530.0
"5406","神戶製鋼所","20260220",2287.0,19.0,6950.28,2650.37,10.17,2950.89,118154.8,"JPY",-20.6,60.8,"",0,12.9,11.8,10.0,9.8,"","Non-Energy Minerals","Steel","",393.71,"",2025,2555031.0,2379.5,1446.5
"5408","NAKAYAMA STEEL WORKS","20260220",620.0,20.0,2640.71,863.25,4.47,1969.92,4772.7,"JPY",11.5,59.2,"",0,5.4,9.2,11.2,5.6,"","Non-Energy Minerals","Steel","",54.22,"",2025,169329.0,812.0,551.0
"5410","GODO STEEL LTD","20260220",4025.0,24.0,21906.98,7161.43,7.95,9185.91,10676.0,"JPY",43.1,39.6,"",0,8.7,13.6,13.3,-0.6,"","Non-Energy Minerals","Steel","",14.62,"",2025,205199.0,4390.0,3200.0
"5411","JFE控股","20260220",2249.5,11.0,5027.41,1643.47,4.21,3976.45,106604.6,"JPY",4.5,60.3,"",0,2.7,11.2,10.0,19.1,"","Non-Energy Minerals","Steel","",636.14,"",2025,4859647.0,2359.0,1555.5
"5423","TOKYO STEEL MANUFACTURING CO","20260220",1581.0,18.0,5899.98,1928.71,9.61,2046.98,20168.1,"JPY",58.6,32.4,"",0,11.3,15.6,19.9,24.8,"","Non-Energy Minerals","Steel","",102.55,"",2025,326775.0,1692.0,1328.0
"5440","KYOEI STEEL LTD","20260220",2565.0,16.0,8141.66,2661.52,5.81,4670.69,11794.6,"JPY",29.2,46.9,"",0,5.3,10.9,8.7,4.4,"","Non-Energy Minerals","Steel","",43.46,"",2025,322849.0,2696.0,1588.0
"5444","YAMATO KOGYO CO","20260220",12755.0,6.0,20393.3,6666.61,7.48,9083.94,41724.7,"JPY",33.3,46.5,"",0,6.2,16.5,19.0,13.3,"","Non-Energy Minerals","Steel","",61.38,"",2025,168268.0,13205.0,6772.0
"5445","TOKYO TEKKO CO LTD","20260220",6270.0,26.0,33549.14,12131.31,15.83,7004.81,9445.4,"JPY",36.8,46.3,"",0,20.1,17.3,8.0,-0.3,"","Non-Energy Minerals","Steel","",8.52,"",2025,82593.0,6700.0,4695.0
"5446","HOKUETSU METAL CO","20260220",1287.0,10.0,2692.62,880.22,1.95,4609.33,346.5,"JPY",56.7,36.9,"",0,3.4,2.7,6.6,-5.6,"","Non-Energy Minerals","Steel","",3.86,"",2025,28729.0,1650.0,1201.0
"5449","OSAKA STEEL CO LTD","20260220",2546.0,-1.0,2386.11,780.02,1.53,5213.44,2379.8,"JPY",86.1,21.7,"",0,2.2,2.6,2.3,1.8,"","Non-Energy Minerals","Steel","",29.92,"",2025,116424.0,3935.0,2210.0
"5451","YODOGAWA STEEL WORKS","20260220",1406.0,4.0,1932.61,631.77,4.78,1346.54,9320.4,"JPY",9.2,63.2,"",0,5.0,5.9,5.3,6.0,"","Non-Energy Minerals","Steel","",144.68,"",2025,208460.0,1469.0,959.0
"5458","TAKASAGO TEKKO KK","20260220",1091.0,13.0,2986.5,976.29,6.31,1578.33,298.7,"JPY",-3.8,59.9,"",0,7.6,5.5,13.6,20.1,"","Non-Energy Minerals","Steel","",3.0,"",2025,12100.0,1196.0,820.0
"5461","Chubu Steel Plate Co. Ltd.","20260220",2574.0,-1.0,2327.52,760.87,2.79,2778.81,2101.8,"JPY",70.6,29.8,"",0,3.0,10.2,13.3,6.3,"","Non-Energy Minerals","Steel","",27.09,"",2025,51047.0,2584.0,1690.0
"5463","MARUICHI STEEL TUBE","20260220",1587.0,6.0,2483.81,811.96,5.48,1509.71,18885.2,"JPY",32.3,51.8,"",0,3.8,8.3,8.2,10.4,"","Producer Manufacturing","Steel","",228.1,"",2025,261649.0,1675.0,1016.3333
"5464","MORY INDUSTRIES","20260220",1003.0,15.0,3095.85,1012.04,7.06,1461.66,3919.4,"JPY",40.4,43.6,"",0,7.4,8.7,11.0,10.1,"","Non-Energy Minerals","Steel","",37.98,"",2025,46141.0,1130.0,830.0
"5471","DAIDO STEEL CO","20260220",2160.0,8.0,4087.27,1336.14,6.34,2148.0,27228.1,"JPY",-42.4,64.7,"",0,6.7,7.0,10.8,8.6,"","Non-Energy Minerals","Steel","",199.85,"",2025,574945.0,2276.0,923.5
"5476","NIPPON KOSHUHA STEEL CO","20260128",575.0,-11.0,226.38,74.0,0.81,932.49,110.6,"JPY","",0.0,"",0,-1.7,-21.0,5.1,2.9,"","Non-Energy Minerals","Steel","",14.65,"",2025,36774.0,619.0,262.0
"5480","NIPPON YAKIN KOGYO CO","20260220",5060.0,20.0,20055.06,7244.36,11.54,6961.23,11129.9,"JPY",39.6,40.3,"",0,13.3,17.3,31.7,26.1,"","Non-Energy Minerals","Steel","",13.85,"",2025,172097.0,5060.0,3300.0
"5481","Sanyo Special Steel Co. Ltd.","20250507",2744.0,22.0,13294.62,4346.03,2.71,16377.6,6133.3,"JPY",20.1,52.6,"",0,3.8,10.9,9.0,-1.2,"","Basic Materials","Steel","",13.84,"",2024,353810.0,2845.0,0.0
"5482","AICHI STEEL CORP","20260220",3300.0,5.0,4846.06,1584.19,4.47,3609.9,10378.7,"JPY",-189.2,62.0,"",0,3.6,4.4,1.2,1.4,"","Non-Energy Minerals","Steel","",64.25,"",2025,299287.0,3460.0,1565.0
"5484","TOHOKU STEEL CO","20260220",2294.0,8.0,4238.56,1385.59,3.76,3757.6,1049.8,"JPY",1.2,57.5,"",0,3.7,4.6,4.4,7.2,"","Non-Energy Minerals","Steel","",7.43,"",2025,21178.0,2591.0,1761.0
"5491","NIPPON KINZOKU CO","20260220",1015.0,"","","",-3.44,4163.68,-957.8,"JPY","",0.0,"",0,-4.4,-8.8,3.5,2.0,"","Non-Energy Minerals","Steel","",6.69,"",2025,51298.0,1035.0,506.0
"5527","property technologies, Inc.","20260220",745.0,16.0,2222.44,843.59,12.92,677.16,1084.0,"JPY",4.1,62.5,"",0,14.5,8.9,10.8,31.9,29.2,"Finance","Real Estate Services","",12.39,"",2025,50909.0,910.0,267.0
"5530","JAPAN SYSTEMBANK CORPORATION","20260220",1009.0,-5.0,530.0,199.75,11.07,199.76,271.8,"JPY",2.6,57.1,"",0,11.6,17.5,17.9,13.0,"","Producer Manufacturing","Infrastructure Operations","",12.29,"",2025,7876.0,"",""
"5532","REALGATE INC.","20260220",3180.0,2.0,3699.83,1209.48,21.13,583.8,707.9,"JPY",516.2,0.0,"",0,21.7,20.1,45.8,55.1,38.3,"Finance","Real Estate Development","",5.74,"",2025,9791.0,3580.0,1025.0
"5533","Elitz Holdings Co.,Ltd.","20260220",1980.0,13.0,4985.53,1877.5,12.91,1525.86,685.4,"JPY",12.1,59.1,"",0,14.7,15.1,19.7,14.2,13.7,"Finance","Real Estate Development","",3.48,"",2025,6385.0,2124.0,1601.0
"5535","MIGALO HOLDINGS INC","20260220",396.0,4.0,533.27,200.7,11.45,190.96,1279.4,"JPY",3.7,57.1,"",0,11.6,13.1,20.0,16.8,"","Finance","Real Estate Development","",58.53,"",2025,51709.0,1490.0,337.0
"5537","AlbaLink Co.,Ltd.","20260220",3520.0,8.0,6606.75,2159.76,48.45,454.5,440.5,"JPY","",0.0,"",0,71.2,114.5,71.7,"","","Finance","Real Estate Development","",2.0,"",2024,5440.0,2819.0,264.75
"5541","太平洋金屬","20260220",3090.0,"","","",-1.08,3855.21,-728.5,"JPY","",0.0,"",0,-3.0,-3.6,-7.1,17.3,"","Non-Energy Minerals","Other Industrial Metals & Mining","",17.48,"",2025,13175.0,3315.0,1438.0
"5563","NIPPON DENKO CO LTD","20260220",427.0,9.0,823.43,269.18,4.74,578.72,3494.4,"JPY",30.4,49.4,12.0,0,5.0,6.1,13.1,16.2,"","Producer Manufacturing","Steel","",127.31,"",2024,78235.0,420.0,228.0
"5570","JENOBA CO. LTD.","20260220",689.0,8.0,1248.58,452.98,15.85,258.63,527.2,"JPY",16.2,47.8,"",0,15.3,15.6,19.4,19.8,"","Technology Services","Internet Content & Information","",12.86,"",2025,1366.0,880.0,543.0
"5571","EXCITE HOLDINGS CO LTD","20260220",1084.0,7.0,1859.07,607.73,8.58,721.86,300.6,"JPY",81.0,9.5,"",0,8.0,23.2,29.8,35.9,"","Technology Services","Software - Application","",4.85,"",2025,9091.0,1480.0,962.0
"5574","ABEJA,Inc.","20260220",3000.0,-11.0,1238.28,457.92,10.6,475.13,473.9,"JPY",1.8,49.1,"",0,11.5,6.3,23.5,-9.2,-13.2,"Technology Services","Packaged Software","",9.41,"",2025,3585.0,4630.0,1635.0
"5575","GLOBEE INC","20260220",628.0,12.0,1536.25,502.2,28.93,177.01,260.7,"JPY",2.0,49.0,"",0,45.6,83.1,172.0,120.0,"","Technology Services","Packaged Software","",5.09,"",2025,1637.0,1200.0,606.0
"5576","O.B.SYSTEM INC","20260220",2749.0,6.0,4338.36,1418.22,6.56,2203.88,335.5,"JPY","",0.0,"",0,"","","","","","Technology Services","Packaged Software","",2.32,"",2025,7684.0,3240.0,2012.0
"5577","AIDEMY INC","20251105",1441.0,-25.0,143.61,46.95,1.64,292.0,19.1,"JPY",50.2,24.9,"",0,-0.7,18.4,"","","","Technology Services","Packaged Software","",4.0,"",2025,2056.0,2021.0,464.0
"5578","AR advanced technology,Inc.","20260220",992.0,5.0,1486.38,485.9,22.87,216.63,485.6,"JPY",19.3,49.3,"",0,25.1,17.6,30.8,32.5,42.9,"Technology Services","Information Technology Services","",9.8,"",2025,14152.0,1376.0,430.0
"5579","GSI CO LTD","20260220",1340.0,16.0,4301.16,1511.23,13.8,1094.0,302.0,"JPY","",31.5,"",0,13.8,"","","","","Technology Services","Information Technology Services","",2.0,"",2025,4241.0,1450.0,1175.0
"5582","GRID INC","20260220",2371.0,-2.0,2016.32,659.14,8.1,829.26,319.3,"JPY",12.8,43.6,"",0,8.2,34.4,24.6,9.6,"","Technology Services","Packaged Software","",4.75,"",2025,2063.0,3205.0,1778.0
"5588","FAST ACCOUNTING CO LTD","20260220",822.0,4.0,1161.24,379.61,30.69,126.11,427.0,"JPY","",0.0,3.0,0,52.8,74.9,-31.8,"","","Technology Services","Packaged Software","",11.03,"",2024,1707.0,1925.0,895.0
"5589","AUTOSERVER CO LTD","20260220",2561.0,10.0,5211.35,1928.84,12.28,1663.92,1471.0,"JPY",25.4,51.4,66.0,0,14.5,26.8,"","","","Retail Trade","Specialty Stores","",7.2,"",2024,6287.1,2670.0,1809.0
"5590","NETSTARS CO LTD","20260220",785.0,-15.0,222.4,72.7,1.75,424.43,124.1,"JPY","",0.0,"",0,-0.5,-5.1,-8.1,"","","Technology Services","Packaged Software","",16.74,"",2024,3902.0,1363.0,645.0
"5591","AVILEN INC","20260220",1070.0,2.0,1263.78,413.13,46.63,90.34,257.4,"JPY","",0.0,"",0,"","","","","","Technology Services","Packaged Software","",6.11,"",2024,1241.0,1969.0,835.0
"5592","KUSURINOMADOGUCHI INC","20260220",2720.0,13.0,7150.94,2337.66,31.39,759.3,2653.0,"JPY","",0.0,"",0,36.4,33.0,20.1,"","","Technology Services","Packaged Software","",11.13,"",2025,11199.0,4685.0,1677.0
"5595","INSTITUTE FOR Q-SHU PIONEERS OF SPA","20251126",1736.0,"","","",-1.91,308.97,-284.1,"JPY","",0.0,"",0,-2.5,3.0,-6.2,"","","Commercial Services","Miscellaneous Commercial Services","",48.16,"",2025,2681.0,2419.0,806.0
"5596","OUTLOOKCONSULTING CO LTD","20260220",1788.0,10.0,3692.38,1207.05,40.13,306.67,387.7,"JPY","",0.0,"",0,37.0,77.7,199.4,"","","Technology Services","Packaged Software","",3.15,"",2025,1654.0,1802.0,946.0
"5597","BLUE INNOVATION CO LTD","20260220",1425.0,"","","",-66.15,160.66,-418.8,"JPY","",0.0,"",0,-38.3,-81.9,-71.9,"","","Technology Services","Information Technology Services","",3.94,"",2024,1223.0,3070.0,762.0
"5599","S&J CORPORATION","20260220",1780.0,-1.0,1651.89,540.01,15.26,360.9,305.6,"JPY","",0.0,"",0,17.6,29.0,38.7,"","","Technology Services","Information Technology Services","",5.55,"",2025,1942.0,2516.0,871.0
"5602","KURIMOTO LTD","20260220",1711.0,5.0,2605.71,851.81,6.01,1444.9,5271.4,"JPY",59.2,36.1,"",0,7.1,7.5,7.1,4.2,"","Non-Energy Minerals","Steel","",60.69,"",2025,126669.0,2044.0,760.0
"5603","KOGI CORPORATION","20260220",1377.0,18.0,5281.55,1726.55,4.02,4377.13,577.5,"JPY",86.8,24.8,"",0,5.8,4.6,4.2,0.4,"","Non-Energy Minerals","Metal Fabrication","",3.28,"",2025,26317.0,1413.0,1023.0
"5607","CHUO MALLEABLE IRON CO. LTD.","20260220",676.0,48.0,15737.16,5144.5,5.89,8911.01,1715.4,"JPY",55.6,32.4,"",0,6.5,4.8,3.1,4.3,"","Producer Manufacturing","Auto Parts","",3.27,"",2025,35940.0,"",""
"5609","NIPPON CHUZO KK","20260220",858.0,13.0,2266.49,740.92,3.06,2465.56,364.2,"JPY",45.8,39.0,"",0,2.5,9.2,5.5,4.6,"","Producer Manufacturing","Steel","",4.82,"",2025,14311.0,975.0,700.0
"5610","Daiwa Heavy Industry Co. Ltd.","20250324",1612.0,-20.0,261.41,85.46,1.36,640.04,42.0,"JPY",242.5,0.0,"",0,1.5,2.7,2.9,-7.7,"","Industrials","Building Products & Equipment","",4.82,"",2024,4150.0,235461696.0,0.0
"5612","NIPPON CHUTETSUKAN KK","20260220",1895.0,-45.0,15.89,5.19,0.02,2890.65,1.7,"JPY",486.9,21.3,"",0,-0.7,7.1,4.5,2.6,"","Non-Energy Minerals","Building Products & Equipment","",3.21,"",2025,16933.0,2858.0,1090.0
"5616","AME KAZE TAIYO INC","20260220",880.0,"","","",-32.28,142.56,-111.4,"JPY","",0.0,"",0,-36.3,-137.9,-198.8,"","","Retail Trade","Food Retail","",2.42,"",2024,1016.0,1996.0,830.0
"5618","NYLE INC","20260220",311.0,"","","",-63.05,69.09,-372.0,"JPY","",0.0,"",0,"","","","","","Commercial Services","Miscellaneous Commercial Services","",8.54,"",2024,5465.0,718.0,212.0
"5619","MRSO INC","20260220",880.0,-15.0,242.21,79.18,1.41,572.8,28.5,"JPY","",0.0,"",0,"","","","","","Technology Services","Packaged Software","",3.53,"",2024,1333.0,1280.0,836.0
"5621","HUMAN TECHNOLOGIES INC","20260220",1419.0,2.0,1677.99,638.08,13.87,461.94,614.6,"JPY",1.2,64.5,"",0,16.8,17.3,13.1,23.2,"","Technology Services","Data Processing Services","",9.59,"",2025,6055.0,2683.0,1118.0
"5631","日本製鋼所","20260220",10020.0,-5.0,6936.07,2267.41,8.81,2624.92,17018.8,"JPY",37.3,50.4,"",0,10.2,9.4,5.6,7.8,"","Producer Manufacturing","Specialty Industrial Machinery","",73.61,"",2025,248556.0,10475.0,3866.0
"5632","MITSUBISHI STEEL MFG CO","20260220",2024.0,8.0,3840.28,1255.39,4.54,2820.37,1935.5,"JPY",-29.1,81.8,"",0,7.3,0.6,2.8,3.6,"","Non-Energy Minerals","Steel","",15.12,"",2025,159584.0,2060.0,1208.0
"5644","METALART CORP","20260220",5480.0,18.0,19935.84,6517.06,8.1,8203.85,1900.6,"JPY",52.5,28.9,"",0,8.5,10.0,14.9,14.5,"","Producer Manufacturing","Metal Fabrication","",2.86,"",2025,43954.0,6050.0,2460.0
"5658","NICHIA STEEL WORKS","20260220",399.0,13.0,1031.28,337.13,3.0,1144.13,1556.6,"JPY",71.0,32.3,"",0,2.9,2.0,2.9,3.8,"","Non-Energy Minerals","Tools & Accessories","",45.28,"",2025,34126.0,406.0,275.0
"5659","NIPPON SEISEN CO","20260220",1315.0,10.0,2821.28,922.28,7.01,1341.81,2888.1,"JPY",35.0,53.3,"",0,8.4,7.1,8.9,9.8,"","Producer Manufacturing","Tools & Accessories","",30.71,"",2025,46749.0,1403.0,1001.0
"5660","KOBELCO WIRE CO LTD","20260220",1483.0,13.0,3818.02,1248.12,3.13,4064.47,752.2,"JPY",50.7,42.7,"",0,4.4,3.6,3.5,3.2,"","Producer Manufacturing","Steel","",5.91,"",2025,34293.0,1612.0,1110.0
"5695","POWDERTECH CO LTD","20260220",2649.0,4.0,3501.03,1144.49,2.66,4392.78,339.6,"JPY",-22.7,71.0,"",0,2.5,2.8,4.5,7.2,"","Consumer Durables","Specialty Chemicals","",2.91,"",2025,9136.0,2499.0,1909.0
"5697","SANYU CO LTD","20260220",808.0,16.0,2616.06,855.19,5.35,1631.46,526.7,"JPY",22.8,53.3,"",0,4.8,4.2,7.5,8.3,"","Non-Energy Minerals","Steel","",6.04,"",2025,24444.0,879.0,431.0
"5698","ENVIPRO HOLDINGS INC","20260220",940.0,3.0,1186.3,387.8,6.51,607.05,1121.5,"JPY",101.4,11.9,"",0,5.1,9.0,8.6,23.4,"","Distribution Services","Waste Management","",28.36,"",2025,49090.0,1150.0,378.0
"5699","IBOKIN CO LTD","20260220",1479.0,14.0,3304.69,1170.32,9.99,1377.81,452.8,"JPY",57.5,30.7,32.0,0,12.9,10.4,9.3,17.3,"","Distribution Services","Waste Management","",3.29,"",2024,9656.0,1843.0,1080.0
"5702","DAIKI ALUMINIUM INDUSTRY CO","20260220",1423.0,1.0,1594.39,521.21,2.88,1846.53,2103.0,"JPY",33.8,45.6,"",0,2.6,3.0,16.9,34.3,"","Non-Energy Minerals","Aluminum","",39.57,"",2025,299795.0,1480.0,804.0
"5703","NIPPON LIGHT METAL HLDGS CO LIMITED","20260220",2968.0,10.0,6437.23,2104.34,5.67,3785.21,13215.6,"JPY",-71.9,68.3,"",0,5.9,5.9,2.6,7.5,"","Non-Energy Minerals","Aluminum","",61.59,"",2025,550180.0,3145.0,1236.0
"5704","JMC CORPORATION","20260220",410.0,2.0,486.22,158.94,3.1,522.7,90.0,"JPY",58.1,20.9,"",0,3.2,15.8,11.4,4.3,"","Producer Manufacturing","Specialty Business Services","",5.55,"",2024,3072.0,495.0,352.0
"5706","三井金屬礦業","20260220",31290.0,0.0,32953.54,12304.67,18.51,5796.24,61381.3,"JPY",-1.7,62.5,"",0,21.6,12.6,5.5,26.9,"","Non-Energy Minerals","Conglomerates","",57.2,"",2025,712344.0,26430.0,3255.0
"5707","東邦亞鉛","20260220",1547.0,19.0,6327.72,2068.54,28.41,742.42,2864.4,"JPY","",6.0,"",0,169.0,-23.3,5.9,20.4,"","Non-Energy Minerals","Other Industrial Metals & Mining","",13.58,"",2025,126267.0,2510.0,432.0
"5711","三菱綜合材料","20260220",5237.0,9.0,10021.76,3276.13,6.45,5182.9,43651.5,"JPY",14.4,52.8,"",0,7.1,6.7,5.6,8.6,"","Producer Manufacturing","Other Industrial Metals & Mining","",130.67,"",2025,1962076.0,5340.0,1930.0
"5713","住友金屬礦山","20260220",10010.0,-4.0,7094.6,2319.24,3.47,6822.17,63981.5,"JPY",-25.0,69.4,"",0,0.7,4.3,11.6,18.5,"","Non-Energy Minerals","Other Industrial Metals & Mining","",270.55,"",2025,1593348.0,11020.0,2374.5
"5714","DOWA控股","20260220",10140.0,5.0,15178.16,4961.77,7.56,6689.05,30133.7,"JPY",32.9,42.6,"",0,8.6,8.4,11.0,18.8,"","Non-Energy Minerals","Other Industrial Metals & Mining","",59.56,"",2025,678672.0,10525.0,3880.0
"5715","古河金屬機械","20260220",5750.0,-2.0,4854.08,1586.81,4.13,3914.09,5407.5,"JPY",-8.6,69.3,"",0,2.4,3.1,7.2,6.4,"","Producer Manufacturing","Other Industrial Metals & Mining","",33.42,"",2025,201216.0,7140.0,1688.0
"5721","S-SCIENCE COMPANY LTD","20260220",127.0,"","","",-10.04,21.26,-302.1,"JPY","",0.0,"",0,-10.5,-3.9,-13.9,-6.2,"","Distribution Services","Conglomerates","",141.59,"",2024,1544.0,422.0,24.0
"5724","Asaka Riken Co. Ltd.","20260220",3425.0,-7.0,1956.26,639.51,6.66,978.93,328.0,"JPY",204.1,11.0,"",0,7.1,3.0,7.5,18.9,12.8,"Basic Materials","Other Industrial Metals & Mining","",5.03,"",2025,8685.0,5500.0,699.0
"5726","OSAKA TITANIUM TECHNOLOGIES","20260220",2686.0,9.0,5301.46,1948.15,15.73,1164.08,6738.1,"JPY",23.5,52.7,"",0,20.6,31.2,16.9,-10.6,"","Non-Energy Minerals","Other Industrial Metals & Mining","",36.8,"",2025,51914.0,3085.0,1293.0
"5727","TOHO TITANIUM CO","20260220",1895.0,-3.0,1485.86,485.73,6.04,819.37,3526.0,"JPY",70.9,28.6,"",0,6.8,9.4,16.2,8.7,"","Non-Energy Minerals","Other Industrial Metals & Mining","",71.19,"",2025,88974.0,2094.0,801.0
"5729","NIHON SEIKO CO LTD","20260220",11130.0,20.0,46207.96,15105.46,31.63,4870.2,3773.7,"JPY",14.2,61.9,"",0,25.3,5.5,5.2,19.4,"","Non-Energy Minerals","Chemicals","",2.45,"",2025,25179.0,16700.0,3645.0
"5741","UACJ CORPORATION","20260220",2480.0,7.0,4386.75,1434.04,9.11,1605.03,26477.0,"JPY",74.4,25.3,"",0,11.8,7.0,3.7,20.0,"","Non-Energy Minerals","Aluminum","",181.07,"",2025,998781.0,3390.0,1027.5
"5742","NIC Autotec Inc.","20260220",821.0,"","","",-2.67,783.49,-113.9,"JPY",60100.0,82.2,41.0,0,-3.3,6.1,2.9,2.2,"","Basic Materials","Aluminum","",5.45,"",2023,6661.0,836.0,681.0
"5757","CK SAN-ETSU CO LTD","20260220",4330.0,25.0,21957.54,8028.43,12.96,6281.73,6771.6,"JPY",14.9,47.5,"",0,15.7,13.8,13.8,25.0,"","Producer Manufacturing","Metal Fabrication","",8.32,"",2025,125108.0,4700.0,3085.0
"5759","Nippon Denkai Ltd.","20250113",2.0,"","","",-28.25,666.4,-1899.5,"JPY","",0.0,"",0,-17.8,-33.8,14.5,6.2,"","Industrials","Electrical Equipment & Parts","",10.09,"",2024,16650.0,"",""
"5801","古河電氣工業","20260220",23335.0,-9.0,11250.02,3677.65,7.73,4853.43,26381.3,"JPY",2.6,71.5,"",0,8.5,-1.1,2.6,3.6,"","Producer Manufacturing","Electrical Equipment & Parts","",70.35,"",2025,1201762.0,23285.0,3647.0
"5802","住友電氣工業","20260220",9748.0,-2.0,8319.68,2719.72,9.44,2936.7,216289.5,"JPY",31.9,60.2,"",0,9.0,6.0,5.1,4.6,"","Producer Manufacturing","Auto Parts","",779.92,"",2025,4679789.0,9004.0,1620.0
"5803","藤倉","20260220",22900.0,-7.0,13030.07,4259.55,29.41,1476.8,119846.2,"JPY",4.4,54.9,"",0,31.4,20.9,26.3,13.2,"","Producer Manufacturing","Electrical Equipment & Parts","",275.93,"",2025,979375.0,24595.0,3592.0
"5805","SWCC CORPORATION","20260220",14310.0,-6.0,6594.72,2412.96,10.0,2825.33,8362.9,"JPY",38.1,43.6,"",0,2.8,12.0,12.2,17.4,"","Producer Manufacturing","Electrical Equipment & Parts","",29.61,"",2025,237862.0,14830.0,4940.0
"5809","Tatsuta Electric Wire & Cable Co. Ltd.","20241121",778.0,14.0,2265.42,740.57,4.36,1731.01,2233.0,"JPY",15.8,63.0,"",0,4.2,3.1,4.8,6.0,"","Industrials","Electrical Equipment & Parts","",29.57,"",2024,64119.0,"",""
"5816","ONAMBA CO LTD","20260220",1673.0,11.0,3707.05,1211.84,5.76,2143.48,1506.3,"JPY",49.7,33.4,41.0,0,4.8,9.6,13.7,6.7,"","Producer Manufacturing","Electrical Equipment & Parts","",12.19,"",2024,44804.0,1778.0,785.0
"5819","Canare Electric Co., Ltd.","20260220",2010.0,13.0,5329.39,1742.19,6.38,2784.8,1215.1,"JPY",78.4,28.9,"",0,6.9,5.7,7.4,5.9,4.9,"Producer Manufacturing","Electrical Equipment & Parts","",6.84,"",2025,13114.0,1950.0,1359.0
"5820","MITSUBOSHI CO","20260220",774.0,3.0,997.67,326.14,1.72,1936.92,114.4,"JPY",256.7,28.2,"",0,1.6,1.0,3.0,2.8,"","Producer Manufacturing","Electrical Equipment & Parts","",3.44,"",2025,10875.0,998.0,610.0
"5821","HIRAKAWA HEWTECH CORP","20260220",4255.0,2.0,4901.28,1602.24,6.25,2614.31,2419.6,"JPY",37.2,44.0,"",0,5.6,5.5,8.5,5.5,"","Producer Manufacturing","Conglomerates","",14.81,"",2025,30802.0,4320.0,1000.0
"5830","IYOGIN HOLDINGS INC","20260220",3492.0,6.0,5522.53,1805.33,6.71,2744.86,53815.3,"JPY",13.3,56.3,"",0,6.4,5.2,4.1,3.7,"","Finance","Banks - Regional","",292.34,"",2025,145137.0,3646.0,1252.5
"5831","SHIZUOKA FINANCIAL GROUP INC.","20260220",3119.0,5.0,4554.84,1488.99,7.06,2151.41,82353.1,"JPY",-1.8,63.5,"",0,6.5,7.0,4.8,3.3,"","Finance","Banks - Regional","",542.41,"",2025,227829.0,3057.0,1252.0
"5832","CHUGIN FINANCIAL GROUP INC","20260220",3348.0,5.0,4929.33,1611.41,5.39,3050.93,29209.6,"JPY",7.8,60.0,"",0,4.7,4.1,3.7,3.4,"","Finance","Banks - Regional","",177.77,"",2025,150045.0,3481.0,1230.0
"5834","SBI LEASING SERVICES CO. LTD","20260220",6490.0,13.0,16778.6,5484.95,17.6,3178.16,4429.6,"JPY",41.1,31.0,"",0,18.8,18.7,18.0,106.9,"","Finance","Rental & Leasing Services","",7.92,"",2025,41916.0,7140.0,2436.0
"5838","RAKUTEN BANK LTD","20260220",8962.0,1.0,9703.4,3523.05,17.26,1732.07,52154.1,"JPY",-8.0,50.0,"",0,19.5,16.2,14.8,11.9,"","Finance","Banks - Regional","",174.5,"",2025,128184.0,9164.0,4240.0
"5840","Nippon Souken Co.,Ltd.","20260206",1010.0,10.0,2136.36,698.38,30.32,234.85,47.0,"JPY",14.6,42.7,"",0,40.2,72.1,13.6,73.5,"","Finance","Insurance Brokers/Services","",0.66,"",2025,584.0,1010.0,1010.0
"5842","Integral Corporation","20260220",3325.0,4.0,4400.36,1507.47,9.74,1839.19,6077.0,"JPY",70.0,17.6,"",0,10.5,45.4,39.0,11.6,6.8,"Finance","Investment Managers","",33.94,"",2025,13649.0,4395.0,2191.0
"5843","Nippon Insure Co. Ltd.","20260220",2679.0,10.0,5514.5,1993.69,18.19,893.91,453.6,"JPY",1.4,49.3,"",0,26.7,25.4,21.7,39.2,"","Finance","Specialty Insurance","",2.79,"",2025,3737.0,3485.0,1440.0
"5844","KYOTO FINANCIAL GROUP INC","20260220",3698.0,1.0,3966.59,1296.68,3.47,3807.83,37604.6,"JPY",2.6,67.4,"",0,3.2,3.2,2.5,1.8,"","Finance","Regional Banks","",284.41,"",2025,112216.0,4010.0,1788.5
"5851","RYOBI LTD","20260220",2960.0,9.0,5928.64,1938.08,3.82,5169.94,6397.0,"JPY",19.2,52.5,100.0,0,4.1,8.0,4.6,0.0,"","Producer Manufacturing","Metal Fabrication","",32.37,"",2024,293314.0,2980.0,1691.0
"5852","AHRESTY CORPORATION","20260220",939.0,9.0,1849.25,604.52,2.94,2097.14,1528.1,"JPY",-132.2,50.0,"",0,0.7,5.2,-0.5,-6.2,"","Producer Manufacturing","Metal Fabrication","",24.79,"",2025,162929.0,968.0,489.0
"5856","LIFE INTELLIGENT ENT HLDGS CO LTD","20260220",20.0,"","","",-53.43,26.91,-1566.7,"JPY","",0.0,"",0,-125.3,-52.0,-4.3,10.2,"","Producer Manufacturing","Conglomerates","",108.95,"",2025,10311.0,77.0,25.0
"5857","ARE HOLDINGS INC","20260220",4245.0,8.0,7671.95,2822.35,16.17,1648.19,20422.0,"JPY",28.5,53.5,"",0,13.1,24.5,13.7,20.3,"","Distribution Services","Waste Management","",76.63,"",2025,506211.0,4245.0,1548.0
"5858","STG CO LTD","20260220",1632.0,13.0,4391.02,1466.33,12.52,1176.21,303.3,"JPY",159.0,9.1,"",0,22.7,16.7,21.8,12.9,"","Non-Energy Minerals","Metal Fabrication","",2.06,"",2025,6426.0,2491.0,982.0
"5867","ES NETWORKS CO LTD","20260220",1262.0,5.0,1808.39,591.17,12.19,494.41,183.3,"JPY",-1.0,80.5,"",0,13.3,16.3,13.9,7.4,"","Finance","Investment Managers","",3.04,"",2024,2950.0,1431.0,880.0
"5868","ROCOCO CO LTD","20260220",1141.0,12.0,2845.04,930.05,12.52,737.0,344.3,"JPY","",0.0,35.0,0,12.5,27.1,76.9,"","","Technology Services","Information Technology Services","",3.73,"",2024,7803.0,1223.0,703.0
"5871","SOLIZE CORPORATION","20260220",1444.0,-3.0,1162.92,380.16,1.79,2165.47,205.5,"JPY","",15.5,55.0,0,3.5,6.3,5.9,"","","Producer Manufacturing","Industrial Machinery","",5.3,"",2024,22713.0,2153.0,1292.0
"5884","KURADASHI CO LTD","20260220",435.0,"","","",-2.29,84.68,-23.6,"JPY","",0.0,"",0,-4.8,"","","","","Retail Trade","Department Stores","",12.14,"",2025,3075.0,620.0,275.0
"5885","GDEP ADVANCE INC","20260220",2920.0,1.0,3243.08,1192.06,18.98,525.05,541.2,"JPY",6.1,56.8,"",0,22.4,28.4,31.5,29.4,"","Distribution Services","Electronics Distributors","",5.43,"",2025,6630.0,3670.0,1430.0
"5888","DAIWA CYCLE CO LTD","20260220",3950.0,13.0,10666.95,3521.87,14.92,2010.91,825.3,"JPY","",4.8,68.0,0,19.4,16.3,15.4,"","","Retail Trade","Specialty Stores","",2.75,"",2025,18349.0,4755.0,3065.0
"5889","JAPAN EYEWEAR HOLDINGS CO LTD","20260220",1916.0,11.0,4401.53,1438.87,21.56,680.52,3540.3,"JPY","",0.0,42.0,0,30.1,47.4,6.7,"","","Health Technology","Medical Specialties","",24.13,"",2025,16666.0,2679.0,1750.0
"5892","YUTORI INC","20260220",2256.0,26.0,14534.04,4751.2,218.1,222.13,2277.0,"JPY","",0.0,"",0,"","","","","","Commercial Services","Advertising/Marketing Services","",4.7,"",2025,8306.0,6260.0,1716.0
"5900","DAIKEN CO LTD","20260220",877.0,4.0,1155.93,377.88,1.6,2409.67,211.2,"JPY",129.1,22.3,"",0,1.8,2.6,2.6,2.1,"","Distribution Services","Building Products & Equipment","",5.48,"",2025,11024.0,900.0,698.0
"5901","東洋製罐","20260220",3915.0,5.0,5973.17,1952.64,4.49,4435.51,29939.5,"JPY",55.3,78.1,"",0,4.3,4.6,1.8,5.0,"","Process Industries","Packaging & Containers","",150.37,"",2025,922516.0,4173.0,2142.0
"5902","Hokkan Holdings Ltd.","20260220",2363.0,16.0,7766.49,2538.88,5.54,4670.11,3186.9,"JPY",-35.4,61.2,"",0,6.7,8.5,-3.0,3.5,"","Process Industries","Containers/Packaging","",12.31,"",2025,92419.0,2458.0,1480.0
"5903","SHINPO CO LTD","20260220",1195.0,14.0,3421.09,1118.36,9.06,1258.18,627.2,"JPY",79.4,23.7,"",0,10.2,10.9,11.2,13.2,"","Producer Manufacturing","Specialty Industrial Machinery","",5.5,"",2025,7368.0,1405.0,1131.0
"5905","NIHON SEIKAN K.K.","20260220",1310.0,"","","",-8.24,3031.85,-337.1,"JPY","",52.2,"",0,-10.7,3.2,2.7,2.0,"","Process Industries","Packaging & Containers","",1.35,"",2025,11259.0,1510.0,1170.0
"5906","MK SEIKO CO LTD","20260220",963.0,17.0,3305.28,1080.5,9.2,1198.06,1534.8,"JPY",18.7,46.4,"",0,9.3,11.2,10.2,6.1,"","Producer Manufacturing","Consumer Electronics","",13.93,"",2025,28268.0,950.0,374.0
"5909","CORONA CORPORATION","20260220",1041.0,0.0,1008.96,329.83,1.29,2608.79,983.4,"JPY",112.4,44.8,"",0,1.5,1.7,2.2,1.2,"","Producer Manufacturing","Furnishings, Fixtures & Appliances","",29.24,"",2025,85214.0,998.0,844.0
"5911","YOKOGAWA BRIDGE HOLDINGS CORP","20260220",3200.0,13.0,8366.61,2735.06,8.71,3203.23,11239.2,"JPY",-2.0,67.2,"",0,9.0,8.9,9.4,9.7,"","Industrial Services","Engineering & Construction","",40.3,"",2025,159368.0,3265.0,2198.0
"5915","KOMAIHALTEC INC","20260220",2100.0,-38.0,43.59,14.25,0.02,6800.43,6.8,"JPY",775.1,25.7,"",0,-0.6,2.5,0.8,4.1,"","Producer Manufacturing","Engineering & Construction","",4.68,"",2025,40553.0,2165.0,1366.0
"5918","TAKIGAMI STEEL CONSTRUCTION CO","20260220",7220.0,-3.0,5712.38,1867.39,0.91,21002.43,392.3,"JPY",817.0,29.4,"",0,0.5,2.1,1.0,0.4,"","Industrial Services","Engineering & Construction","",2.06,"",2025,23840.0,7870.0,6350.0
"5921","Kawagishi Bridge Works Co., Ltd.","20260220",4430.0,14.0,12652.01,4135.96,3.99,10567.52,1155.6,"JPY",20.6,53.8,"",0,5.0,4.9,4.0,3.3,7.0,"Industrial Services","Steel","",2.74,"",2025,24219.0,4590.0,3175.0
"5922","NASU DENKI-TEKKO CO","20260220",19640.0,12.0,49575.64,16206.36,6.71,24642.74,1933.5,"JPY",95.3,9.5,"",0,6.7,7.6,7.2,12.1,"","Industrial Services","Metal Fabrication","",1.17,"",2025,22939.0,20300.0,10480.0
"5929","SANWA HOLDINGS CORP","20260220",3969.0,9.0,7589.61,2834.66,17.3,1519.18,55729.1,"JPY",13.0,60.9,"",0,21.2,19.0,18.2,12.9,"","Producer Manufacturing","Building Products & Equipment","",212.05,"",2025,662380.0,5352.0,3426.0
"5930","BUNKA SHUTTER CO","20260220",2056.0,9.0,4094.7,1338.56,8.47,1610.56,9600.7,"JPY",23.7,59.6,"",0,8.8,12.8,7.7,6.6,"","Non-Energy Minerals","Building Products & Equipment","",70.34,"",2025,228419.0,2772.0,1658.0
"5932","SANKYO TATEYAMA INC","20260220",687.0,"","","",-0.49,2911.3,-448.8,"JPY",647.7,24.8,"",0,-1.0,2.5,2.4,2.1,"","Non-Energy Minerals","Building Products & Equipment","",31.34,"",2025,359424.0,736.0,516.0
"5933","ALINCO INC","20260220",1150.0,9.0,2251.94,736.16,4.69,1602.1,1499.0,"JPY",61.0,44.1,"",0,4.7,5.2,5.8,-0.4,"","Producer Manufacturing","Scientific & Technical Instruments","",19.97,"",2025,61601.0,1172.0,876.0
"5936","TOYO SHUTTER CO","20260220",955.0,18.0,3640.52,1190.09,8.09,1499.68,768.2,"JPY",9.6,55.5,"",0,8.8,12.0,7.4,5.7,"","Producer Manufacturing","Building Products & Equipment","",6.33,"",2025,20871.0,980.0,686.0
"5938","LIXIL CORPORATION","20260220",1825.0,-7.0,1034.16,338.07,1.6,2149.62,9908.6,"JPY",-366.5,80.5,"",0,0.8,-1.9,2.4,7.3,"","Producer Manufacturing","Building Products & Equipment","",287.44,"",2025,1504697.0,1990.0,1533.0
"5939","OTANI KOGYO CO LTD","20260220",7920.0,5.0,12107.69,3958.03,7.72,5225.64,314.8,"JPY",112.8,6.6,"",0,10.0,9.9,5.4,4.1,"","Producer Manufacturing","Electrical Equipment & Parts","",0.78,"",2025,7899.0,8490.0,4800.0
"5940","FUJISASH CO LTD","20260220",1015.0,23.0,4285.57,1509.16,9.6,1863.56,2244.1,"JPY",58.9,28.1,"",0,10.2,9.9,4.6,1.8,"","Producer Manufacturing","Building Products & Equipment","",12.54,"",2025,104754.0,1050.0,559.0
"5942","Nippon Filcon Co., Ltd.","20260220",571.0,12.0,1404.85,459.25,4.09,1144.04,908.0,"JPY",-40.8,90.0,"",0,4.0,2.8,1.7,5.5,6.1,"Process Industries","Specialty Industrial Machinery","",19.39,"",2025,27842.0,585.0,463.0
"5943","Noritz Corporation","20260220",2345.0,-1.0,2216.19,724.48,2.4,3076.8,3359.0,"JPY",383.5,24.3,"",0,2.5,0.7,-0.8,4.5,0.5,"Producer Manufacturing","Building Products & Equipment","",45.47,"",2025,202049.0,2600.0,1530.0
"5945","TENRYU SAW MFG CO","20260220",2525.0,9.0,5062.42,1654.91,4.1,4112.53,1508.6,"JPY",93.3,27.3,"",0,4.3,3.8,5.5,7.7,"","Consumer Durables","Tools & Accessories","",8.94,"",2025,13131.0,2398.0,1680.0
"5946","CHOFU SEISAKUSHO CO","20260220",2069.0,5.0,3051.57,997.56,2.56,3977.91,3458.5,"JPY",45.6,45.6,46.0,0,2.4,3.1,3.0,2.3,"","Producer Manufacturing","Furnishings, Fixtures & Appliances","",34.0,"",2024,46123.0,2100.0,1640.0
"5947","RINNAI CORP","20260220",4037.0,6.0,6470.25,2115.14,7.41,2911.58,30063.0,"JPY",41.9,53.7,"",0,7.8,7.4,7.7,7.0,"","Producer Manufacturing","Furnishings, Fixtures & Appliances","",139.39,"",2025,460319.0,4456.0,2993.0
"5949","UNIPRES CORP","20260220",1471.0,19.0,5748.21,1879.1,6.4,2994.58,8524.6,"JPY",-85.2,59.7,"",0,4.7,6.0,1.7,-6.4,"","Producer Manufacturing","Auto Parts","",44.49,"",2025,330045.0,1498.0,840.0
"5950","JAPAN POWER FASTENING CO","20260220",189.0,7.0,315.55,103.15,6.58,159.87,150.2,"JPY",-307.6,76.2,2.5,0,10.5,-2.4,0.8,11.8,"","Producer Manufacturing","Tools & Accessories","",14.28,"",2024,5040.0,279.0,178.0
"5951","DAINICHI CO LTD","20260220",998.0,12.0,2390.64,781.5,4.61,1726.76,1289.4,"JPY",55.2,39.8,"",0,4.1,3.3,4.5,4.2,"","Producer Manufacturing","Furnishings, Fixtures & Appliances","",16.18,"",2025,19902.0,979.0,586.0
"5952","AMATEI INCORPORATED","20260220",201.0,8.0,284.08,108.2,9.8,125.23,145.5,"JPY",-36.4,60.0,"",0,10.9,10.8,7.5,-1.2,"","Producer Manufacturing","Tools & Accessories","",11.85,"",2025,5583.0,285.0,138.0
"5953","SHOWA MANUFACTURING CO","20260220",6120.0,-12.0,2124.14,699.56,10.34,785.74,962.4,"JPY",150.0,2.8,"",0,11.9,12.8,0.5,-4.9,"","Producer Manufacturing","Electronic Components","",11.85,"",2025,14420.0,5950.0,3330.0
"5955","WISE HOLDINGS CO LTD","20260220",126.0,-4.0,92.48,30.23,3.52,87.65,412.3,"JPY",36.8,47.2,"",0,3.1,1.1,3.9,5.0,"","Producer Manufacturing","Tools & Accessories","",133.75,"",2025,11802.0,155.0,60.0
"5956","TOSO CO LTD","20260220",693.0,13.0,1872.96,612.28,3.75,1662.67,551.9,"JPY",47.0,39.2,"",0,3.4,2.2,2.7,4.1,"","Consumer Durables","Furnishings, Fixtures & Appliances","",8.84,"",2025,22789.0,762.0,500.0
"5957","Nitto Seiko Co., Ltd.","20260220",767.0,10.0,1642.6,536.97,5.47,1000.5,1987.0,"JPY",32.8,49.8,"",0,5.8,7.2,5.6,6.2,7.6,"Producer Manufacturing","Tools & Accessories","",36.29,"",2025,50238.0,796.0,512.0
"5958","SANYO INDUSTRIES","20260220",4775.0,16.0,15150.5,4952.72,7.25,6966.45,1520.1,"JPY",35.0,46.2,"",0,7.7,9.5,6.8,4.3,"","Producer Manufacturing","Building Products & Equipment","",3.01,"",2025,29516.0,4940.0,2671.0
"5959","OKABE CO LTD","20260220",1000.0,15.0,3143.39,1027.58,8.03,1304.16,4782.2,"JPY",3.0,67.7,41.0,0,7.6,6.9,5.6,5.5,"","Producer Manufacturing","Building Products & Equipment","",45.64,"",2024,67806.0,1026.0,764.0
"5962","ASAKA INDUSTRIAL CO","20260220",2049.0,14.0,5885.94,1924.12,4.46,4397.92,188.4,"JPY",94.9,17.7,"",0,5.8,6.7,5.9,6.7,"","Consumer Durables","Tools & Accessories","",0.96,"",2025,8448.0,1920.0,1428.0
"5965","FUJIMAK CORP","20260220",1119.0,20.0,4744.51,1550.99,8.52,1855.91,2073.4,"JPY",90.4,18.4,40.0,0,10.4,8.4,5.5,4.2,"","Producer Manufacturing","Furnishings, Fixtures & Appliances","",13.11,"",2024,45637.0,1139.0,865.0
"5966","KYOTO TOOL CO LTD","20260220",2525.0,16.0,7971.69,2605.96,5.25,5063.22,643.1,"JPY",41.3,45.7,"",0,5.4,5.2,5.5,5.0,3.4,"Consumer Durables","Tools & Accessories","",2.42,"",2025,9046.0,2800.0,2362.0
"5967","TONE CO LTD","20260220",480.0,10.0,1054.66,344.77,6.71,523.54,758.7,"JPY",68.8,27.8,"",0,7.4,8.9,10.6,8.8,"","Consumer Durables","Tools & Accessories","",21.58,"",2025,7591.0,655.0,437.0
"5969","LOBTEX CO LTD","20260220",1329.0,1.0,1454.28,475.41,1.87,2588.77,90.7,"JPY",49.2,35.5,"",0,1.6,6.2,7.4,5.5,"","Consumer Durables","Tools & Accessories","",1.87,"",2025,5708.0,1507.0,1155.0
"5970","G-TEKT CORPORATION","20260220",2020.0,20.0,8414.79,2750.81,6.06,4624.95,12007.9,"JPY",92.4,19.2,"",0,6.5,8.2,6.7,6.5,"","Producer Manufacturing","Auto Parts","",42.81,"",2025,339233.0,2096.0,1397.0
"5971","KYOWAKOGYOSYO CO","20260220",7450.0,11.0,17562.69,5741.28,4.86,12042.31,761.1,"JPY",42.9,36.4,"",0,4.5,5.2,5.2,9.0,"","Producer Manufacturing","Tools & Accessories","",1.3,"",2025,10457.0,7700.0,4980.0
"5973","TOAMI CORP","20260220",629.0,-30.0,35.02,11.45,0.06,1877.18,6.7,"JPY",2459.8,18.7,"",0,-1.6,2.3,-1.4,0.6,"","Non-Energy Minerals","Steel","",5.74,"",2025,18104.0,620.0,453.0
"5974","CHUGOKUKOGYO CO","20260220",818.0,15.0,2529.36,826.85,5.12,1646.18,275.7,"JPY",77.8,38.4,"",0,6.3,2.4,4.3,1.6,"","Process Industries","Utilities - Regulated Gas","",3.27,"",2025,13843.0,968.0,456.0
"5975","TOPRE CORPORATION","20260220",2829.0,21.0,10239.55,3715.75,9.77,4445.44,21457.5,"JPY",34.0,40.1,"",0,9.4,10.5,6.2,6.4,"","Producer Manufacturing","Auto Parts","",49.41,"",2025,373568.0,2730.0,1473.0
"5976","NETUREN CO LTD","20260220",1450.0,-3.0,1174.99,384.1,2.22,1763.63,1322.3,"JPY",13.2,90.0,"",0,2.0,2.1,3.4,4.4,"","Producer Manufacturing","Steel","",33.76,"",2025,57563.0,1457.0,833.0
"5979","KANESO CO. LTD.","20260220",5280.0,-23.0,671.03,219.36,4.99,448.03,761.0,"JPY",66.6,37.3,"",0,5.4,6.8,5.1,0.3,"","Producer Manufacturing","Steel","",34.02,"",2025,8668.0,"",""
"5981","TOKYO ROPE MANUFACTURING CO","20260220",1910.0,18.0,5395.17,2002.84,9.83,2351.6,3607.0,"JPY",15.4,49.4,"",0,9.8,13.3,15.6,12.1,"","Producer Manufacturing","Specialty Industrial Machinery","",15.6,"",2025,62867.0,1815.0,1016.0
"5982","MARUZEN CO LTD","20260220",4060.0,9.0,8049.27,2631.32,8.77,3059.5,4252.7,"JPY",10.8,65.3,"",0,9.7,8.1,6.2,6.8,"","Producer Manufacturing","Specialty Industrial Machinery","",15.85,"",2025,64253.0,4050.0,2934.0
"5983","IWABUCHI CORP","20260220",12700.0,7.0,21022.64,6872.34,3.86,18146.23,742.8,"JPY",114.8,33.6,"",0,3.6,3.6,1.1,2.0,"","Producer Manufacturing","Electrical Equipment & Parts","",1.06,"",2025,12642.0,13000.0,5580.0
"5984","KANEFUSA CORP","20260220",849.0,3.0,1048.71,342.82,1.59,2198.27,485.9,"JPY",153.8,26.3,"",0,0.1,3.2,3.9,5.8,"","Producer Manufacturing","Specialty Industrial Machinery","",13.9,"",2025,20231.0,940.0,624.0
"5985","SUNCALL CORP","20260220",1142.0,13.0,2340.27,954.32,11.76,877.91,3127.3,"JPY",-149.3,90.0,"",0,4.6,-12.2,0.8,0.7,"","Producer Manufacturing","Auto Parts","",30.29,"",2025,63940.0,1438.0,263.0
"5986","MOLITEC STEEL CO","20260220",238.0,4.0,316.14,103.35,1.62,649.11,236.1,"JPY",301.6,15.4,"",0,0.4,2.3,-0.1,1.3,"","Distribution Services","Steel","",22.4,"",2025,50498.0,249.0,138.0
"5987","ONEX CORP (JAPAN)","20260220",1920.0,-22.0,276.51,90.39,0.29,3163.86,15.3,"JPY","",7.5,"",0,-0.9,-5.7,4.1,0.7,"","Producer Manufacturing","Metal Fabrication","",1.66,"",2025,5053.0,2912.0,1563.0
"5988","PIOLAX INC","20260220",1780.0,5.0,2585.57,845.23,2.37,3635.25,2144.3,"JPY",-0.4,90.0,"",0,1.7,3.9,3.6,4.9,"","Producer Manufacturing","Auto Parts","",24.88,"",2025,63351.0,2566.0,1633.0
"5989","H-ONE CO.LTD","20260220",1428.0,35.0,11180.57,4222.38,16.92,2274.34,10827.6,"JPY",-29.6,65.4,"",0,23.0,1.2,2.5,3.3,"","Distribution Services","Auto Parts","",28.14,"",2025,228145.0,1542.0,871.0
"5990","SUPER TOOL CO LTD","20260220",1998.0,6.0,3183.05,1040.54,2.44,4353.81,250.4,"JPY",147.9,26.4,"",0,2.4,2.9,3.8,4.5,"","Consumer Durables","Tools & Accessories","",2.36,"",2025,5241.0,2100.0,1831.0
"5991","NHK SPRING CO LTD","20260220",3019.0,9.0,6043.73,1975.7,10.01,2011.83,40823.4,"JPY",35.6,55.6,"",0,11.9,8.8,8.9,4.6,"","Producer Manufacturing","Auto Parts","",202.64,"",2025,801698.0,3239.0,1298.0
"5992","CHUO SPRING CO","20260220",3365.0,-3.0,2590.25,846.76,2.84,3041.97,2178.4,"JPY",233.4,21.8,"",0,5.3,3.2,1.0,3.1,"","Producer Manufacturing","Auto Parts","",25.23,"",2025,110157.0,3835.0,1342.0
"5994","FINE SINTER CO LTD","20260220",1598.0,-5.0,1043.34,341.07,1.06,3293.46,148.9,"JPY",-1227.5,74.3,"",0,-1.7,1.2,-2.3,1.3,"","Producer Manufacturing","Metal Fabrication","",4.28,"",2025,42720.0,2170.0,680.0
"5997","KYORITSU AIR TECH INC","20260220",763.0,18.0,2833.51,926.28,5.02,1881.95,455.3,"JPY",75.5,22.5,20.0,0,5.7,6.0,4.7,7.8,"","Producer Manufacturing","Building Products & Equipment","",4.82,"",2024,11732.0,828.0,520.0
"5998","ADVANEX INC","20260220",2092.0,8.0,3975.55,1299.61,6.73,1968.86,544.7,"JPY",106.1,14.7,"",0,-1.9,7.0,2.8,2.3,"","Producer Manufacturing","Tools & Accessories","",4.11,"",2025,28532.0,2300.0,675.0
"6005","MIURA CO LTD","20260220",2940.5,7.0,5119.16,1805.26,11.38,1764.29,23241.9,"JPY",69.0,30.5,"",0,13.2,11.6,10.8,10.0,"","Producer Manufacturing","Specialty Industrial Machinery","",115.71,"",2025,251341.0,3573.0,2451.0
"6013","TAKUMA CO LTD","20260220",2897.0,3.0,3669.58,1199.59,8.42,1453.47,9150.7,"JPY",58.0,40.8,"",0,8.7,7.5,10.9,8.2,"","Producer Manufacturing","Pollution & Treatment Controls","",74.81,"",2025,151161.0,2709.0,1655.0
"6016","Japan Engine Corp","20260220",15050.0,-1.0,13895.94,4542.61,27.97,1656.21,3881.6,"JPY",50.1,33.2,"",0,44.0,36.8,12.0,8.9,5.8,"Producer Manufacturing","Specialty Industrial Machinery","",8.38,"",2025,28862.0,16270.0,2381.0
"6018","THE HANSHIN DIESEL WORKS LTD","20260220",4560.0,3.0,5690.28,1860.16,4.15,4566.36,614.6,"JPY",157.0,29.3,"",0,3.7,3.3,3.1,3.0,"","Producer Manufacturing","Specialty Industrial Machinery","",3.24,"",2025,13337.0,4690.0,1998.0
"6023","DAIHATSU INFINEARTH MFG CO LTD","20260220",2595.0,9.0,5025.09,1829.36,11.43,1736.22,5048.0,"JPY",46.8,43.6,"",0,11.3,9.0,6.0,4.2,"","Producer Manufacturing","Specialty Industrial Machinery","",25.43,"",2025,88781.0,3525.0,1286.0
"6025","Japan PC Service Co.Ltd.","20260220",645.0,-23.0,81.08,26.51,24.96,10.83,68.7,"JPY",13.1,43.5,"",0,20.8,40.7,-16.5,-52.4,12.0,"Technology Services","Information Technology Services","",25.4,"",2025,6828.0,"",""
"6026","GMO TECH INC","20250926",6610.0,10.0,14493.4,4737.92,41.94,1151.89,512.1,"JPY",-0.5,50.0,"",0,83.1,103.3,22.1,-37.4,"","Commercial Services","Internet Content & Information","",1.06,"",2024,6868.0,10320.0,4745.0
"6027","BENGO4.COM INC","20260220",2307.0,-6.0,1412.58,499.47,17.07,240.58,927.9,"JPY",23.3,38.4,"",0,19.6,27.3,30.1,32.2,"","Commercial Services","Consulting Services","",22.6,"",2025,14072.0,3895.0,2260.0
"6028","TECHNOPRO HOLDINGS INC","20251208",4850.0,-2.0,4603.88,1787.8,22.31,768.59,17862.7,"JPY",-1.3,78.6,"",0,25.8,22.9,22.3,23.7,"","Commercial Services","Staffing & Employment Services","",104.19,"",2025,238966.0,121625001984.0,2833.0
"6029","ARTRA GROUP CORPORATION","20260220",155.0,-1.0,143.28,46.84,3.42,139.73,49.1,"JPY",-59.7,50.0,"",0,-1.0,3.2,-0.6,-17.8,"","Health Services","Medical Care Facilities","",10.27,"",2024,4234.0,352.0,115.0
"6030","Adventure, Inc.","20260220",1971.0,1.0,2192.06,716.59,6.04,1209.69,542.9,"JPY",32.5,38.3,"",0,4.9,7.0,19.0,69.7,57.5,"Consumer Services","Travel Services","",7.43,"",2025,25370.0,4350.0,1575.0
"6031","ZETA INC.","20260220",265.0,4.0,353.46,115.55,26.3,44.79,242.0,"JPY",7.2,90.0,"",0,29.0,48.7,8.2,106.8,"","Commercial Services","Advertising Agencies","",20.54,"",2025,1858.0,456.0,250.0
"6033","EXTREME CO LTD","20260220",1495.0,23.0,6587.22,2428.88,18.76,1097.76,1102.0,"JPY",4.9,57.8,"",0,22.6,23.7,22.7,15.8,"","Technology Services","Electronic Gaming & Multimedia","",5.35,"",2025,11336.0,1521.0,964.0
"6034","MRT INC","20260220",653.0,"","","",-0.62,807.87,-28.1,"JPY",82.3,8.8,"",0,-6.9,10.9,98.5,51.1,"","Commercial Services","Medical Care Facilities","",5.59,"",2024,4165.0,828.0,600.0
"6035","IR JAPAN HOLDINGS LTD","20260220",803.0,7.0,1359.63,444.46,14.34,316.1,804.9,"JPY",0.8,90.0,"",0,13.0,12.5,11.4,36.6,"","Commercial Services","Consulting Services","",17.76,"",2025,5783.0,938.0,557.0
"6036","KEEPER TECHNICAL LABORATORY CO LTD","20260220",3380.0,6.0,5179.09,1693.05,26.11,661.08,4711.2,"JPY",83.0,24.6,"",0,33.8,39.7,49.3,55.6,"","Process Industries","Specialty Chemicals","",27.29,"",2025,23093.0,4400.0,3130.0
"6037","RAKUMACHI,INC.","20260220",1015.0,6.0,1581.03,516.84,20.01,263.36,1061.4,"JPY",106.9,7.9,6.5,0,20.7,16.4,17.4,17.6,14.7,"Commercial Services","Internet Content & Information","",20.14,"",2025,3159.0,1493.0,706.0
"6038","IID INC","20260220",944.0,10.0,2004.63,655.32,7.12,938.07,324.8,"JPY",49.4,33.8,"",0,5.5,9.0,9.4,13.3,"","Technology Services","Advertising Agencies","",4.86,"",2025,6084.0,1059.0,730.0
"6039","JAPAN ANIMAL REFERRAL MED CNTR CO L","20260220",1449.0,-3.0,1208.96,413.85,13.12,321.05,544.4,"JPY",103.2,19.8,"",0,13.7,9.6,15.8,12.9,"","Process Industries","Personal Services","",12.92,"",2025,5277.0,1354.0,420.2
"6040","NIPPON SKI RESORT DEV CO LTD","20260220",474.0,8.0,894.94,292.56,16.63,179.41,1370.8,"JPY",86.4,13.7,1.5,0,23.9,19.6,19.8,2.3,-7.3,"Consumer Services","Resorts & Casinos","",45.95,"",2025,10461.0,637.0,348.0
"6042","NIKKI CO LTD","20260220",4530.0,6.0,7393.32,2416.89,3.54,6968.98,460.9,"JPY",146.2,12.0,"",0,3.2,4.1,12.0,12.2,"","Producer Manufacturing","Auto Parts","",1.87,"",2025,8360.0,4285.0,2360.0
"6044","SANKI SERVICE CORPORATION","20260220",1770.0,6.0,2822.49,1032.56,13.77,745.89,662.3,"JPY",35.9,48.6,"",0,15.7,13.3,11.8,4.5,"","Industrial Services","Specialty Business Services","",6.45,"",2025,20636.0,2449.0,950.0
"6045","RENTRACKS CO LTD","20260220",1756.0,8.0,3170.44,1160.97,20.53,455.09,734.4,"JPY",4.6,56.9,"",0,23.4,17.4,33.4,22.7,"","Commercial Services","Advertising Agencies","",7.86,"",2025,3862.0,1947.0,822.0
"6046","Linkbal, Inc.","20260220",197.0,"","","",-8.2,43.22,-66.4,"JPY","",0.0,"",0,-7.8,-11.0,-18.4,-18.4,-16.6,"Commercial Services","Internet Content & Information","",18.74,"",2025,906.0,225.0,91.0
"6047","GUNOSY INC","20260220",548.0,-21.0,85.78,28.04,0.61,469.16,68.4,"JPY","",0.0,"",0,1.2,-10.8,-16.8,0.8,"","Technology Services","Software - Application","",23.93,"",2025,6098.0,816.0,492.0
"6048","DESIGNONE JAPAN INC","20250926",95.0,"","","",-5.59,193.23,-159.7,"JPY","",0.0,"",0,-6.6,-0.4,2.6,2.0,"","Commercial Services","Internet Content & Information","",14.78,"",2024,2264.0,141.0,86.0
"6050","E-Guardian Inc.","20260220",1643.0,5.0,2511.19,820.91,8.05,1039.86,970.2,"JPY",-11.6,59.6,"",0,8.5,15.2,20.8,34.6,31.2,"Technology Services","Information Technology Services","",11.59,"",2025,11321.0,2268.0,1601.0
"6054","LIVESENSE INC","20260220",143.0,"","","",-0.88,152.07,-37.1,"JPY",-45.4,50.0,"",0,4.4,18.6,17.8,-25.0,"","Technology Services","Internet Content & Information","",27.54,"",2024,6320.0,176.0,113.0
"6055","Japan Material Co. Ltd.","20260220",2039.0,2.0,2456.49,904.09,16.0,526.7,8658.3,"JPY",19.5,53.7,"",0,16.6,13.4,21.5,21.6,"","Process Industries","Chemicals: Specialty","",102.77,"",2025,52678.0,2034.0,954.0
"6058","VECTOR INC.","20260220",1354.0,11.0,3195.38,1044.58,29.24,364.26,4995.5,"JPY",-20.0,63.6,"",0,28.2,24.8,33.0,19.2,"","Commercial Services","Advertising Agencies","",46.9,"",2025,59254.0,1619.0,785.0
"6059","UCHIYAMA HLDGS CO LTD","20260220",391.0,33.0,3027.62,1089.65,14.2,734.07,2021.6,"JPY",15.1,42.5,"",0,15.6,4.8,-3.3,-5.1,"","Health Services","Medical Care Facilities","",19.4,"",2025,29105.0,411.0,270.0
"6060","COCOLONET CO LTD","20260128",1328.0,13.0,3561.64,1164.31,4.82,2461.03,414.3,"JPY",-151.1,69.0,"",0,4.6,7.7,8.3,3.7,"","Consumer Services","Personal Services","",3.49,"",2025,10117.0,1430.0,880.0
"6061","UNIVERSAL ENGEISHA CO LTD","20260220",2994.0,10.0,6098.74,2177.84,14.28,1456.35,1915.4,"JPY",28.7,39.2,"",0,15.6,15.7,17.6,17.2,"","Distribution Services","Specialty Retail","",9.21,"",2025,20506.0,3490.0,1827.5
"6062","CHARM CARE CORPORATION","20260220",1401.0,8.0,2574.48,884.13,13.61,632.74,2814.1,"JPY",97.3,21.7,"",0,13.7,24.6,23.9,8.2,"","Health Services","Medical Care Facilities","",32.68,"",2025,46673.0,1407.0,1029.0
"6063","EMERGENCY ASSISTANCE JAPAN CO LTD","20260220",1031.0,-3.0,820.83,268.33,3.83,715.08,69.0,"JPY",-4.6,53.8,9.0,0,2.9,7.4,46.5,19.4,"","Finance","Medical Care Facilities","",2.52,"",2024,2908.0,1412.0,873.0
"6069","TRENDERS INC","20260220",779.0,13.0,1552.12,589.13,11.98,555.67,522.8,"JPY",7.7,60.5,"",0,14.6,14.2,27.1,16.0,"","Commercial Services","Advertising Agencies","",7.85,"",2025,6191.0,1088.0,727.0
"6070","CAREERLINK CO LTD","20260220",2764.0,7.0,4696.12,1760.73,14.65,1246.97,2169.6,"JPY",5.0,58.9,"",0,12.7,16.4,68.5,53.0,"","Commercial Services","Staffing & Employment Services","",11.88,"",2025,40397.0,2755.0,1860.0
"6071","IBJ INC","20260220",737.0,10.0,1561.24,510.37,23.4,222.45,1970.8,"JPY",37.0,42.8,10.0,0,23.9,20.6,24.1,20.3,"","Technology Services","Personal Services","",37.87,"",2024,17739.0,918.0,528.0
"6072","JIBANNET HOLDINGS CO LTD","20260220",1079.0,-25.0,111.14,36.33,6.93,53.43,82.7,"JPY",10.7,44.7,"",0,7.6,-6.7,6.1,-4.0,"","Industrial Services","Specialty Business Services","",22.31,"",2025,1877.0,328.0,133.0
"6073","ASANTE INCORPORATED","20260220",1610.0,2.0,1933.42,632.04,6.46,997.44,629.7,"JPY",-4.7,89.8,"",0,6.1,4.8,7.6,7.3,"","Commercial Services","Residential Construction","",9.77,"",2025,14024.0,1728.0,1463.0
"6074","JSS CORPORATION","20260220",529.0,19.0,2189.15,715.64,11.05,748.76,332.5,"JPY","",0.0,"",0,"","","","","","Consumer Services","Leisure","",4.02,"",2025,8381.0,595.0,384.0
"6076","Amaze Co., Ltd.","20260220",1299.0,39.0,14011.76,5010.36,12.64,4084.62,2081.0,"JPY",41.8,37.8,"",0,14.1,15.6,17.7,15.0,5.9,"Consumer Services","Lodging","",4.03,"",2025,19560.0,1634.0,1203.0
"6078","VALUE HR CO LTD","20260220",1407.0,-8.0,720.79,235.63,9.6,250.28,641.7,"JPY",35.4,60.8,26.0,0,12.0,15.9,15.7,24.5,"","Technology Services","Health Information Services","",26.71,"",2024,8376.0,1899.0,1311.0
"6080","M&A Capital Partners Co. Ltd.","20260220",3495.0,3.0,4490.59,1691.23,12.92,1362.85,5594.1,"JPY",10.5,59.3,"",0,14.6,11.8,13.0,26.3,20.9,"Finance","Capital Markets","",31.76,"",2025,22448.0,3575.0,2279.0
"6081","ALLIED ARCHITECTS INC","20260220",439.0,"","","",-9.86,168.17,-235.5,"JPY",-627.8,50.0,"",0,-16.9,-1.2,27.9,36.0,"","Commercial Services","Internet Content & Information","",14.2,"",2024,3463.0,418.0,131.0
"6082","RIDE ON EXPRESS HLDGS CO LTD","20260220",1032.0,8.0,1837.62,600.72,7.47,819.82,599.7,"JPY",43.8,48.7,"",0,6.6,9.6,9.7,16.9,"","Consumer Services","Internet Retail","",9.79,"",2025,23393.0,1056.0,931.0
"6083","ERI HOLDINGS CO LTD","20260220",4580.0,4.0,6339.94,2072.54,25.09,842.23,1591.3,"JPY",15.4,57.6,"",0,22.0,24.4,38.2,40.0,"","Commercial Services","Specialty Business Services","",7.53,"",2025,19765.0,5060.0,1600.0
"6085","ARCHITECTS STUDIO JAPAN INC","20260220",1772.0,"","","",-227.21,8.28,-215.9,"JPY","",0.0,"",0,-146.8,-150.9,-60.8,"","","Industrial Services","Engineering & Construction","",11.48,"",2025,897.0,1015.0,137.0
"6086","SHIN MAINT HOLDINGS CO LTD","20260220",1229.0,4.0,1685.81,551.1,29.88,188.04,1061.5,"JPY",45.0,56.6,"",0,28.7,27.8,26.2,19.6,"","Commercial Services","Specialty Business Services","",18.89,"",2025,25707.0,1279.0,651.0
"6087","Abist Co., Ltd.","20260220",3420.0,6.0,5257.16,1718.58,9.42,1860.64,697.5,"JPY",33.6,68.0,"",0,10.2,8.7,13.7,7.6,2.9,"Producer Manufacturing","Specialty Industrial Machinery","",3.98,"",2025,10627.25,3475.0,2932.0
"6088","SIGMAXYZ HOLDINGS INC","20260220",679.0,10.0,1422.55,465.03,27.66,171.4,3948.1,"JPY",38.9,46.9,"",0,32.2,29.5,21.4,30.7,"","Commercial Services","Specialty Business Services","",83.26,"",2025,26293.0,1331.0,651.0
"6089","WILL GROUP INC","20260220",1281.0,9.0,2545.55,832.14,11.18,759.14,1944.0,"JPY",-45.6,66.1,"",0,6.6,19.0,27.2,39.9,"","Commercial Services","Staffing & Employment Services","",22.91,"",2025,139705.0,1301.0,816.0
"6090","HUMAN METABOLOME TECHNOLOGIES INC","20260220",717.0,5.0,838.18,314.95,10.58,335.74,201.8,"JPY",10.5,55.2,"",0,11.7,12.5,18.9,20.5,"","Health Technology","Diagnostics & Research","",5.68,"",2025,1455.0,869.0,590.0
"6091","WESCO HOLDINGS INC","20260220",886.0,8.0,1631.46,533.33,4.52,1203.11,734.7,"JPY",-2.6,66.1,"",0,4.7,4.8,4.8,5.4,4.9,"Industrial Services","Engineering & Construction","",13.51,"",2025,16114.0,957.0,573.0
"6092","ENBIO HOLDINGS INC","20260220",647.0,14.0,1818.15,594.36,5.37,1128.52,490.9,"JPY",114.7,5.2,"",0,5.3,10.5,15.7,14.2,"","Industrial Services","Specialty Business Services","",8.1,"",2025,10668.0,746.0,500.0
"6093","ESCROW AGENT JAPAN INC","20260220",176.0,1.0,193.43,63.23,7.9,81.63,280.8,"JPY",47.5,70.0,"",0,10.1,9.0,2.7,12.9,"","Finance","Specialty Business Services","",43.55,"",2025,4741.0,204.0,116.0
"6094","FreakOut Holdings, Inc.","20260220",713.0,-3.0,557.54,182.26,2.95,629.92,323.0,"JPY","",0.0,"",0,2.4,-3.6,-12.1,24.6,6.2,"Commercial Services","Advertising Agencies","",17.38,"",2025,50323.0,609.0,430.0
"6095","MEDPEER INC","20251016",696.0,8.0,1241.34,405.8,9.51,434.93,899.1,"JPY",1.0,56.2,"",0,4.6,9.7,12.1,24.2,"","Technology Services","Health Information Services","",21.73,"",2024,14948.0,2870675456.0,337.0
"6096","RAREJOB INC","20260220",313.0,9.0,620.13,202.72,10.21,202.52,197.0,"JPY",-89.7,80.1,"",0,14.7,21.6,8.1,8.2,"","Consumer Services","Education & Training Services","",9.53,"",2025,9715.0,440.0,278.0
"6098","RECRUIT HOLDINGS CO LTD","20260220",6284.0,6.0,10527.37,3956.91,27.74,1131.01,448774.9,"JPY",-9.0,72.5,"",0,22.2,24.6,23.6,28.9,"","Technology Services","Internet Content & Information","",1430.21,"",2025,3557478.0,9563.0,6050.0
"6099","Elan Corp.","20260220",742.0,9.0,1456.26,530.1,18.8,238.81,2715.9,"JPY",26.2,52.4,"",0,22.5,22.0,28.2,32.8,30.8,"Health Technology","Medical Care Facilities","",60.48,"",2025,55448.69,876.0,596.0
"6101","TSUGAMI CORP","20260220",3875.0,10.0,8134.56,3042.92,19.65,1340.23,12358.2,"JPY",-1.1,64.2,"",0,19.3,10.4,17.2,30.2,"","Producer Manufacturing","Tools & Accessories","",46.93,"",2025,107411.0,3805.0,1378.0
"6103","大隈株式會社","20260220",4515.0,2.0,5474.29,1789.56,4.85,3759.69,11041.7,"JPY",49.6,39.8,"",0,4.4,8.9,10.4,6.8,"","Producer Manufacturing","Specialty Industrial Machinery","",60.51,"",2025,206822.0,4630.0,2589.0
"6104","SHIBAURA MACHINE CO LTD","20260220",4510.0,5.0,6781.9,2217.02,4.56,4954.33,5346.4,"JPY",75.5,38.9,"",0,7.9,8.1,6.3,5.1,"","Producer Manufacturing","Specialty Industrial Machinery","",23.65,"",2025,168191.0,4480.0,2944.0
"6111","ASAHI-SEIKI MANUFACTURING CO. LTD.","20260220",2601.0,"","","",-1.18,599.66,-167.9,"JPY","",29.3,"",0,-1.0,-1.1,2.2,1.9,"","Electronic Technology","Metal Fabrication","",23.63,"",2025,11768.0,"",""
"6113","AMADA CO LTD","20260220",2514.0,2.0,2824.38,923.29,5.77,1632.84,29936.6,"JPY",-15.2,72.1,"",0,6.0,9.0,7.9,6.9,"","Producer Manufacturing","Specialty Industrial Machinery","",317.98,"",2025,396670.0,2346.5,1196.5
"6118","AIDA ENGINEERING","20260220",1159.0,10.0,2425.98,793.06,5.25,1539.41,4393.5,"JPY",-25.0,90.0,"",0,5.3,2.8,1.3,2.1,"","Producer Manufacturing","Specialty Industrial Machinery","",54.33,"",2025,76006.0,1299.0,730.0
"6125","OKAMOTO MACHINE TOOL WORKS","20260220",4710.0,10.0,9843.95,3218.0,5.35,6136.46,2169.0,"JPY",81.7,19.6,"",0,6.8,16.6,19.6,18.8,"","Producer Manufacturing","Specialty Industrial Machinery","",6.61,"",2025,43734.0,5350.0,2890.0
"6131","HAMAI CO LTD","20250624",1316.0,0.0,1279.88,418.39,8.87,480.94,282.0,"JPY",15.1,49.0,"",0,5.0,26.2,30.1,31.9,"","Producer Manufacturing","Specialty Industrial Machinery","",6.61,"",2025,7931.0,627557440.0,0.0
"6134","FUJI CORPORATION","20260220",5563.0,-2.0,4885.02,1596.92,6.55,2485.61,14318.0,"JPY",15.6,73.1,"",0,4.4,4.6,9.7,10.8,"","Producer Manufacturing","Specialty Industrial Machinery","",87.93,"",2025,127387.0,4863.0,1745.0
"6135","MAKINO MILLING MACHINE CO","20260220",11680.0,7.0,20738.48,6779.45,7.15,9674.39,16169.1,"JPY",50.6,35.6,"",0,6.6,7.7,9.3,7.4,"","Producer Manufacturing","Specialty Industrial Machinery","",23.39,"",2025,234216.0,12820.0,8790.0
"6136","OSG Corp","20260220",2828.5,9.0,5599.2,1830.39,8.49,2198.04,15353.0,"JPY",22.3,68.3,"",0,9.2,7.4,9.1,11.7,8.3,"Producer Manufacturing","Tools & Accessories","",82.26,"",2025,160619.0,2799.5,1454.0
"6137","KOIKE SANSO KOGYO CO","20260220",2083.0,9.0,4083.82,1335.01,6.75,2015.92,2873.7,"JPY",65.1,29.5,"",0,9.3,9.3,7.0,3.5,"","Producer Manufacturing","Specialty Industrial Machinery","",21.11,"",2025,55206.0,2108.0,931.0
"6138","DIJET INDUSTRIAL","20260220",1185.0,11.0,2700.51,882.8,3.37,2672.73,267.4,"JPY",-37.9,50.0,"",0,2.4,-1.4,4.0,-0.1,"","Producer Manufacturing","Metal Fabrication","",2.97,"",2025,8793.0,1225.0,620.0
"6140","ASAHI DIAMOND INDUSTRIAL CO","20260220",1147.0,-1.0,1032.17,337.42,2.79,1231.3,1722.7,"JPY",43.5,90.0,"",0,2.8,2.3,3.7,4.5,"","Producer Manufacturing","Tools & Accessories","",50.07,"",2025,41006.0,1173.0,684.0
"6141","DMG MORI CO., LTD.","20260220",2967.5,3.0,3682.72,1203.89,5.11,2401.66,17403.3,"JPY",111.8,30.0,"",0,7.6,2.2,13.8,11.3,7.1,"Producer Manufacturing","Tools & Accessories","",141.77,"",2025,514976.0,3660.0,2030.0
"6142","FUJI SEIKO LIMITED","20260220",1576.0,-61.0,0.91,0.3,0.02,133.42,4.3,"JPY",-25.1,64.3,"",0,-1.2,4.0,1.9,2.4,"","Producer Manufacturing","Tools & Accessories","",141.79,"",2025,19648.0,"",""
"6143","SODICK CO LTD","20260220",1348.0,5.0,2005.38,655.56,4.01,1665.86,3385.8,"JPY",-39.3,60.3,29.0,0,3.5,-4.3,8.3,11.4,"","Producer Manufacturing","Specialty Industrial Machinery","",50.65,"",2024,73668.0,1210.0,664.0
"6144","SEIBU ELECTRIC & MACHINERY CO","20260220",2867.0,7.0,4755.37,1554.54,7.77,2040.69,2392.0,"JPY",59.0,36.4,"",0,7.5,7.1,6.7,7.4,"","Producer Manufacturing","Specialty Industrial Machinery","",15.09,"",2025,33352.0,3225.0,1680.0
"6145","NITTOKU CO LTD","20260220",2573.0,4.0,3376.82,1103.89,5.22,2157.02,1898.9,"JPY",44.2,39.8,"",0,2.1,7.7,7.2,7.2,"","Producer Manufacturing","Specialty Industrial Machinery","",16.87,"",2025,33268.0,2608.0,1670.0
"6146","DISCO CORPORATION","20260220",74060.0,-10.0,32564.32,10645.33,23.91,4540.75,117698.3,"JPY",18.5,60.8,"",0,30.7,26.5,28.1,26.3,"","Producer Manufacturing","Semiconductor Equipment & Materials","",108.43,"",2025,393313.0,76890.0,22640.0
"6147","YAMAZAKI CO LTD","20260220",332.0,"","","",-1.39,318.02,-19.6,"JPY","",0.0,"",0,4.5,-6.8,-14.8,-12.8,"","Producer Manufacturing","Specialty Industrial Machinery","",4.44,"",2025,3093.0,380.0,248.0
"6149","ODAWARA ENGINEERING CO","20260220",2135.0,14.0,6142.4,2007.96,7.12,2874.3,1171.2,"JPY",32.3,38.7,70.0,0,5.3,10.5,5.8,6.9,"","Producer Manufacturing","Specialty Industrial Machinery","",5.72,"",2024,13175.0,2950.0,1510.0
"6150","TAKEDA MACHINERY CO","20260220",3340.0,12.0,8209.24,2683.61,4.83,5668.48,251.8,"JPY",-6.9,58.8,"",0,5.3,9.1,6.1,6.4,"","Producer Manufacturing","Metal Fabrication","",0.92,"",2025,4890.0,3680.0,2640.0
"6151","NITTO KOHKI CO LTD","20260220",1852.0,3.0,2394.39,782.73,2.57,3109.09,1493.3,"JPY",210.2,29.8,"",0,2.6,3.5,4.5,4.6,"","Producer Manufacturing","Specialty Industrial Machinery","",18.71,"",2025,27256.0,2085.0,1493.0
"6155","TAKAMATSU MACHINERY CO","20260220",491.0,"","","",-2.21,1508.34,-359.8,"JPY","",8.1,"",0,-4.0,-3.2,2.7,5.2,"","Producer Manufacturing","Specialty Industrial Machinery","",10.79,"",2025,13893.0,549.0,420.0
"6156","A-ONE SEIMITSU LTD","20260220",1958.0,-4.0,1436.18,469.49,3.22,1488.07,240.8,"JPY",179.9,90.0,"",0,2.7,1.4,2.2,3.7,"","Producer Manufacturing","Tools & Accessories","",5.03,"",2025,1590.0,1985.0,1658.0
"6157","NS TOOL CO LTD","20260220",911.0,7.0,1524.98,498.52,6.83,744.34,1257.6,"JPY",0.4,69.0,"",0,7.0,7.6,9.1,9.9,"","Producer Manufacturing","Tools & Accessories","",24.74,"",2025,9431.0,937.0,648.0
"6158","WAIDA MFG CO LTD","20260220",1047.0,8.0,1907.67,623.62,4.04,1574.54,414.6,"JPY",32.8,47.5,"",0,4.5,8.3,10.0,8.5,"","Producer Manufacturing","Specialty Industrial Machinery","",6.52,"",2025,7554.0,1122.0,795.0
"6159","Micron Machinery Co., Ltd.","20260220",2377.0,11.0,5460.45,1785.03,6.28,2900.0,853.7,"JPY",-8.6,72.8,"",0,5.9,3.6,6.5,10.1,4.0,"Producer Manufacturing","Specialty Industrial Machinery","",4.69,"",2025,5782.0,2382.0,1262.0
"6161","ESTIC","20260220",1070.0,13.0,2667.14,977.11,10.57,1040.92,1097.5,"JPY",31.1,45.0,"",0,12.8,13.7,15.0,12.7,"","Consumer Durables","Specialty Industrial Machinery","",9.97,"",2025,7881.0,1100.0,775.0
"6164","Taiyo Koki Co. Ltd.","20250220",1873.0,-6.0,1098.8,359.2,5.23,700.9,364.8,"JPY",68.9,45.8,"",0,6.0,6.7,6.9,5.5,"","Industrials","Specialty Industrial Machinery","",9.96,"",2023,10231.0,0.0,0.0
"6165","PUNCH INDUSTRY CO LTD","20260220",521.0,12.0,1253.36,409.73,5.22,799.71,1149.8,"JPY",21.4,52.7,"",0,5.1,5.0,10.2,17.5,"","Producer Manufacturing","Tools & Accessories","",27.52,"",2025,40822.0,579.0,331.0
"6166","NAKAMURA CHOUKOU CO LTD","20260220",811.0,"","","",-6.43,74.32,-52.7,"JPY","",0.0,"",0,-3.8,-131.9,-1.8,47.8,"","Producer Manufacturing","Specialty Industrial Machinery","",11.02,"",2025,2640.0,789.0,244.0
"6167","FUJI DIE CO LTD","20260220",1242.0,-7.0,688.15,224.96,2.2,1042.04,456.7,"JPY",34.0,69.6,"",0,2.1,2.9,3.5,4.4,"","Producer Manufacturing","Tools & Accessories","",19.91,"",2025,16595.0,1410.0,611.0
"6171","C.E.MANAGEMENT INTEGRATED LABORATOR","20260220",454.0,6.0,733.56,239.8,7.14,342.62,347.7,"JPY",0.4,71.7,12.0,0,7.8,6.6,8.2,8.2,"","Industrial Services","Engineering & Construction","",14.22,"",2024,7346.0,573.0,299.0
"6173","AQUALINE LTD","20260220",177.0,"","","","","",-360.8,"JPY","",0.0,"",0,"","","",-98.5,"","Industrial Services","Building Materials","",6.94,"",2025,3462.0,410.0,168.0
"6176","Brangista, Inc.","20260220",731.0,9.0,1413.27,476.05,11.42,465.6,681.5,"JPY",174.0,12.0,"",0,20.0,27.7,35.8,6.9,9.0,"Technology Services","Publishing","",12.82,"",2025,5196.0,976.0,460.0
"6177","APPBANK INC","20260220",127.0,"","","",-1370.37,1.36,-370.0,"JPY","",0.0,"",0,-255.0,-83.8,-37.6,-19.7,"","Technology Services","Advertising Agencies","",19.85,"",2023,490.0,522.0,70.0
"6178","JAPAN POST HLDGS CO LTD","20260220",2012.0,6.0,3135.84,1025.11,3.41,3066.3,309856.6,"JPY",12.0,90.0,"",0,3.2,2.5,2.8,4.3,"","Finance","Banks - Regional","",2964.34,"",2025,11374726.0,2124.0,1191.0
"6180","GMO Media, Inc.","20260220",4560.0,12.0,10480.32,4006.04,20.03,1750.0,630.9,"JPY",3.6,72.8,"",0,23.2,24.0,17.6,11.8,0.4,"Commercial Services","Internet Content & Information","",1.8,"",2025,7115.0,6170.0,3650.0
"6181","TAMENY INC","20260220",116.0,"","","",-142.0,4.67,-213.0,"JPY","",0.0,"",0,-89.9,"",-207.3,0.0,"","Health Services","Personal Services","",32.12,"",2023,5604.0,192.0,109.0
"6182","METAREAL CORPORATION","20260220",501.0,"","","",-2.09,179.61,-40.9,"JPY",-49.9,50.0,"",0,-0.9,47.2,30.7,-0.6,"","Technology Services","Information Technology Services","",10.89,"",2025,4084.0,744.0,378.0
"6183","BELLSYSTEM24 HOLDINGS INC","20260220",1464.0,8.0,2769.22,905.26,9.68,953.65,6791.1,"JPY",-55.8,73.5,"",0,8.8,10.6,15.9,18.2,"","Commercial Services","Specialty Business Services","",73.57,"",2025,143607.0,1507.0,1077.0
"6184","KAMAKURA SHINSHO LTD","20260220",556.0,-1.0,527.22,193.42,18.26,99.49,673.5,"JPY",13.7,54.1,20.0,0,19.1,15.8,13.0,9.6,"","Commercial Services","Personal Services","",37.08,"",2025,7061.0,698.0,382.0
"6185","SMN CORPORATION","20260220",417.0,5.0,593.34,193.96,7.27,272.04,289.4,"JPY",-46.6,50.0,"",0,4.0,2.3,-2.6,0.2,"","Technology Services","Advertising Agencies","",14.63,"",2025,11640.0,520.0,312.0
"6186","ICHIKURA CO LTD","20260220",386.0,9.0,769.8,251.65,3.24,791.32,141.9,"JPY",-15.0,59.4,"",0,-0.2,16.9,18.0,21.3,"","Retail Trade","Personal Services","",5.53,"",2025,19932.0,430.0,334.0
"6189","Global Kids Company Corp.","20260220",837.0,14.0,2448.16,800.31,10.05,811.89,775.3,"JPY",-36.4,75.0,"",0,9.2,8.2,5.0,15.6,10.0,"Consumer Services","Specialty Business Services","",9.5,"",2025,26997.0,814.0,600.0
"6190","PHOENIXBIO CO LTD","20260220",496.0,"","","",-5.98,335.14,-81.6,"JPY",36.1,31.9,"",0,-9.5,0.7,59.5,-11.2,"","Commercial Services","Biotechnology","",4.07,"",2025,1541.0,724.0,252.0
"6191","AirTrip Corp.","20260220",721.0,21.0,2972.05,1077.58,14.85,680.8,2264.0,"JPY",18.2,46.4,"",0,16.5,24.7,22.3,10.5,83.7,"Technology Services","Travel Services","",22.4,"",2025,28104.0,1074.0,709.0
"6193","VIRTUALEX HOLDINGS INC","20260220",1000.0,10.0,1630.12,614.93,11.07,628.37,196.2,"JPY",-25.8,57.2,"",0,5.8,19.2,26.6,70.3,"","Technology Services","Information Technology Services","",2.82,"",2025,6488.0,1194.0,665.0
"6194","ATRAE INC","20260220",696.0,8.0,1309.06,461.14,18.48,228.3,981.0,"JPY","",36.8,31.0,0,20.0,10.7,13.3,"","","Technology Services","Staffing & Employment Services","",23.25,"",2024,8598.0,859.0,534.0
"6195","HOPE INC","20260220",216.0,11.0,492.3,160.93,21.23,77.29,245.0,"JPY",24.0,38.0,"",0,24.4,35.2,"","","","Utilities","Advertising Agencies","",14.93,"",2025,3140.0,269.0,173.0
"6196","Strike Co., Ltd.","20260220",4360.0,10.0,7618.68,2490.56,22.71,1118.39,4876.0,"JPY",-3.5,62.9,"",0,25.4,34.4,34.5,32.6,32.0,"Commercial Services","Capital Markets","",19.2,"",2025,20314.0,4660.0,2370.0
"6197","SOLASTO CORPORATION","20260220",920.0,5.0,1345.06,502.89,18.56,248.28,4210.6,"JPY",20.6,62.4,"",0,20.7,17.1,22.3,22.5,"","Commercial Services","Medical Care Facilities","",91.36,"",2025,137435.0,999.0,392.0
"6198","CAREER CO., LTD.","20260220",246.0,"","","",-1.5,215.53,-27.4,"JPY",60.6,19.7,"",0,-6.2,12.2,23.4,14.9,18.7,"Commercial Services","Staffing & Employment Services","",8.5,"",2025,14935.0,355.0,230.0
"6199","SERAKU Co., Ltd.","20260220",1588.0,12.0,3816.21,1397.23,18.27,671.85,1626.5,"JPY",1.7,54.0,"",0,22.0,22.8,26.8,21.2,36.6,"Technology Services","Information Technology Services","",13.25,"",2025,24776.0,1833.0,1385.0
"6200","Insource Co.,Ltd.","20260220",708.0,9.0,1423.11,465.22,31.9,148.7,3983.3,"JPY",16.5,62.0,"",0,42.6,44.2,44.0,50.3,56.9,"Commercial Services","Education & Training Services","",83.97,"",2025,14510.0,1040.0,664.0
"6201","TOYOTA INDUSTRIES CORP","20260220",20200.0,1.0,22241.77,7270.88,4.54,16323.38,222766.2,"JPY",-348.9,65.2,"",0,4.3,6.0,4.9,5.6,"","Producer Manufacturing","Farm & Heavy Construction Machinery","",300.47,"",2025,4084984.0,20010.0,10250.0
"6203","HOWA MACHINERY LTD","20260220",2000.0,-3.0,1606.63,525.21,3.45,1552.28,646.4,"JPY",226.4,23.2,"",0,5.5,2.7,3.1,6.6,"","Producer Manufacturing","Specialty Industrial Machinery","",12.07,"",2025,24827.0,1824.0,894.0
"6208","ISHIKAWA SEISAKUSHO","20260220",2899.0,-4.0,2013.68,658.28,9.57,844.04,515.6,"JPY",109.2,0.0,"",0,9.0,5.8,3.9,3.8,"","Producer Manufacturing","Specialty Industrial Machinery","",6.38,"",2025,16203.0,2385.0,1090.0
"6209","NPR-RIKEN CORPORATION","20260220",4120.0,13.0,11119.41,3634.95,6.86,5399.78,9970.4,"JPY",125.7,11.9,"",0,7.3,9.3,6.4,5.4,"","Producer Manufacturing","Auto Parts: OEM","",26.9,"",2025,170340.0,4000.0,1896.0
"6210","TOYO INNOVEX CO LTD","20260220",684.0,"","","",-2.44,835.3,-417.3,"JPY","",20.1,"",0,-5.0,-5.0,5.3,7.2,"","Producer Manufacturing","Specialty Industrial Machinery","",20.48,"",2025,27024.0,700.0,500.0
"6217","TSUDAKOMA Corp.","20260220",500.0,"","","",-11.91,445.38,-339.0,"JPY","",0.0,"",0,-12.5,4.4,-47.6,-52.8,-41.2,"Producer Manufacturing","Specialty Industrial Machinery","",6.39,"",2025,35447.0,748.0,331.0
"6218","ENSHU LTD","20260220",574.0,"","","",-4.38,1647.3,-455.1,"JPY","",9.5,"",0,-7.2,1.8,-2.5,4.3,"","Producer Manufacturing","Specialty Industrial Machinery","",6.3,"",2025,21886.0,603.0,415.0
"6222","SHIMA SEIKI MFG","20260220",967.0,"","","",-7.03,2290.42,-5460.9,"JPY","",0.0,"",0,-13.0,0.8,-2.5,-4.0,"","Producer Manufacturing","Specialty Industrial Machinery","",33.93,"",2025,32520.0,1160.0,714.0
"6223","SEIBU GIKEN CO LTD","20260220",2382.0,8.0,4233.68,1499.67,11.1,1464.84,3320.6,"JPY",35.8,32.2,70.0,0,12.3,19.6,27.9,11.6,"","Producer Manufacturing","Industrial Machinery","",20.42,"",2024,32069.0,1898.0,1325.0
"6224","JRC CO LTD","20260220",1469.0,8.0,2796.47,1025.45,22.15,369.93,1021.8,"JPY",16.1,58.8,"",0,26.3,22.8,30.5,20.2,"","Producer Manufacturing","Industrial Machinery","",12.47,"",2025,11064.0,1826.0,824.0
"6225","ECOLOGY AND COMBUSTION INC","20260220",1968.0,-15.0,548.88,179.43,6.96,262.95,228.2,"JPY",-35.9,62.5,"",0,8.4,7.0,4.5,2.0,3.4,"Producer Manufacturing","Specialty Industrial Machinery","",12.47,"",2025,2639.0,"",""
"6226","MORIYA TPT ENG & MFG CO LTD","20260220",5900.0,-3.0,4773.11,1560.34,24.42,651.5,2805.0,"JPY",53.7,38.6,"",0,30.6,22.1,8.1,24.3,"","Producer Manufacturing","Engineering & Construction","",17.63,"",2025,19435.0,6040.0,2276.0
"6227","AIMECHATEC LTD","20260220",20520.0,-12.0,8554.78,3252.09,17.48,1743.02,1897.8,"JPY",35.6,68.0,"",0,17.0,1.2,4.4,6.4,"","Electronic Technology","Electronic Components","",6.23,"",2025,21005.0,12140.0,2025.0
"6228","JET CO LTD","20260220",685.0,"","","",-3.15,949.58,-393.3,"JPY",-107.3,60.1,"",0,3.3,19.8,19.6,19.0,"","Electronic Technology","Semiconductors","",13.13,"",2024,17880.0,1197.0,563.0
"6229","OKUMURA ENGINEERING CORP","20260220",2128.0,8.0,3930.8,1284.99,5.69,2301.79,587.0,"JPY",-12.5,67.7,"",0,5.7,5.5,7.8,4.7,"","Producer Manufacturing","Specialty Industrial Machinery","",4.48,"",2025,10438.0,2025.0,1050.0
"6230","SANEI LTD","20260220",2234.0,18.0,8147.3,2663.37,8.76,3100.44,1243.8,"JPY",5.4,57.5,"",0,9.7,11.5,6.7,9.7,"","Producer Manufacturing","Building Products & Equipment","",4.58,"",2025,28465.0,2415.0,1670.0
"6231","KIMURA KOHKI CO LTD","20260220",15100.0,5.0,21753.79,7111.35,21.95,3304.21,2581.5,"JPY",52.9,31.5,"",0,26.5,26.3,16.5,13.9,"","Producer Manufacturing","Electrical Equipment & Parts","",3.56,"",2025,16042.0,16990.0,6270.0
"6232","ACSL LTD","20260220",1282.0,"","","",-931.12,11.41,-1797.1,"JPY","",0.0,"",0,-96.3,-72.0,-40.3,"","","Electronic Technology","Computer Hardware","",16.92,"",2024,2655.0,1849.0,836.0
"6233","KLASS Corporation","20260220",402.0,11.0,955.06,312.21,5.55,573.97,170.0,"JPY",26.0,56.5,"",0,5.8,2.3,7.2,5.0,6.8,"Producer Manufacturing","Specialty Industrial Machinery","",5.34,"",2025,9569.0,543.0,339.0
"6235","OPTORUN CO LTD","20260220",2820.0,4.0,3872.28,1265.86,8.77,1472.35,5145.0,"JPY",70.6,34.5,54.0,0,11.7,9.4,13.1,13.8,"","Producer Manufacturing","Specialty Industrial Machinery","",39.86,"",2024,32405.0,2233.0,1158.0
"6237","IWAKI CO LTD","20260220",2841.0,8.0,5104.91,1888.2,11.9,1708.84,4507.3,"JPY",31.0,50.6,"",0,13.4,15.6,12.6,10.2,"","Producer Manufacturing","Specialty Industrial Machinery","",22.17,"",2025,45763.0,2870.0,1579.0
"6238","FURYU CORPORATION","20260220",1180.0,7.0,2092.52,684.05,8.24,846.79,1847.0,"JPY",18.0,61.5,"",0,7.5,12.5,6.8,14.3,"","Technology Services","Leisure","",26.48,"",2025,44305.0,1164.0,807.0
"6239","NAGAOKA INTERNATIONAL CORPORATION","20260220",1466.0,10.0,3016.91,1122.85,11.45,1073.96,859.7,"JPY",16.3,52.5,"",0,13.2,19.6,19.1,13.2,"","Producer Manufacturing","Oil & Gas Refining & Marketing","",6.99,"",2025,8917.0,1565.0,968.0
"6240","YAMASHIN-FILTER CORP","20260220",595.0,2.0,702.33,229.59,7.18,325.95,1624.5,"JPY",-1.3,71.0,"",0,8.8,5.0,3.2,4.9,"","Producer Manufacturing","Specialty Industrial Machinery","",69.39,"",2025,20104.0,849.0,413.0
"6245","HIRANO TECSEED CO","20260220",1846.0,8.0,3338.96,1091.51,4.4,2527.36,1684.0,"JPY",39.4,49.0,"",0,3.7,6.4,6.5,9.7,"","Producer Manufacturing","Specialty Industrial Machinery","",15.13,"",2025,48355.0,1929.0,1351.0
"6246","TECHNO SMART CORP","20260220",2049.0,15.0,4656.3,1822.81,11.82,1716.0,2320.3,"JPY",25.0,73.0,"",0,12.1,9.7,9.2,7.0,"","Producer Manufacturing","Specialty Industrial Machinery","",11.44,"",2025,21578.0,2119.0,1357.0
"6247","HISAKA WORKS LTD","20260220",1652.0,5.0,2429.54,794.22,3.58,2263.53,2134.0,"JPY",149.8,47.8,"",0,3.4,3.7,2.9,2.9,"","Producer Manufacturing","Specialty Industrial Machinery","",26.35,"",2025,38353.0,1691.0,852.0
"6248","YOKOTA MANUFACTURING CO LIMITED","20260220",1944.0,13.0,3877.27,1498.91,10.69,1568.82,312.1,"JPY",16.2,67.0,"",0,11.7,10.6,6.8,6.8,"","Producer Manufacturing","Specialty Industrial Machinery","",1.86,"",2025,2276.0,1935.0,1390.0
"6249","Gamecard Joyco Holdings Inc.","20260220",2817.0,18.0,10629.58,3474.83,8.48,4176.76,4971.1,"JPY",23.2,44.0,"",0,12.0,16.8,10.2,3.0,"","Industrials","Business Equipment & Supplies","",14.03,"",2025,37946.0,3180.0,1950.0
"6250","YAMABIKO CORPORATION","20260220",3760.0,11.0,8183.7,3109.63,12.51,2624.13,13431.1,"JPY",-8.3,62.3,90.0,0,18.0,12.6,9.8,12.7,"","Producer Manufacturing","Tools & Accessories","",40.91,"",2024,164838.0,3945.0,1785.0
"6254","NOMURA MICRO SCIENCE CO LTD","20260220",3465.0,11.0,7901.92,2583.15,27.04,974.0,10009.1,"JPY",17.5,55.8,"",0,35.3,37.2,30.0,25.0,"","Producer Manufacturing","Specialty Industrial Machinery","",38.0,"",2025,96359.0,4155.0,1720.0
"6255","NPC Incorporated","20260220",777.0,9.0,1182.74,446.31,10.0,504.42,1083.2,"JPY",-9.9,56.4,"",0,13.6,20.8,14.0,6.2,5.8,"Producer Manufacturing","Specialty Industrial Machinery","",21.48,"",2025,9272.0,933.0,583.0
"6257","Fujishoji Co. Ltd.","20260220",1041.0,"","","",-1.19,2235.99,-557.7,"JPY",122.9,10.5,"",0,6.0,9.3,14.4,-4.7,"","Consumer Cyclical","Gambling","",20.92,"",2025,34597.0,1246.0,971.0
"6258","HIRATA CORPORATION","20260220",2848.0,7.0,5037.75,1646.85,7.49,2242.19,5138.5,"JPY",51.4,37.1,"",0,7.3,6.4,7.6,5.1,"","Consumer Durables","Specialty Industrial Machinery","",30.6,"",2025,88483.0,2965.0,1099.0
"6262","PEGASUS CO LTD","20260220",780.0,3.0,979.85,320.31,2.5,1308.99,810.3,"JPY",94.7,17.3,"",0,3.1,-0.2,9.3,7.4,"","Producer Manufacturing","Specialty Industrial Machinery","",24.81,"",2025,22040.0,1005.0,395.0
"6264","Marumae Co., Ltd.","20260220",3905.0,0.0,4000.77,1435.8,18.56,643.88,1513.2,"JPY",108.7,46.2,"",0,20.7,0.2,6.8,27.7,15.4,"Producer Manufacturing","Specialty Industrial Machinery","",12.66,"",2025,11403.4,3265.0,894.0
"6265","CONVUM LTD","20260220",2674.0,8.0,4875.99,1593.97,4.17,3898.68,247.1,"JPY",-3.9,60.3,50.0,0,4.3,4.6,8.9,8.7,"","Producer Manufacturing","Specialty Industrial Machinery","",1.52,"",2024,1850.0,2587.0,1766.0
"6266","TAZMO CO LTD","20260220",2550.0,17.0,8080.93,2952.51,15.99,1670.7,3865.4,"JPY",10.2,51.0,34.0,0,22.4,15.6,16.5,15.3,"","Producer Manufacturing","Electronic Components","",14.47,"",2024,35865.0,2960.0,1302.0
"6267","GENERAL PACKER CO","20260220",3925.0,17.0,11141.08,4226.09,10.67,4422.49,797.6,"JPY",2.7,59.3,45.0,0,11.6,11.6,11.5,15.3,16.1,"Producer Manufacturing","Specialty Industrial Machinery","",1.69,"",2025,10108.0,4310.0,2535.0
"6268","NABTESCO CORP","20260220",4718.0,-5.0,3261.03,1066.04,4.76,2281.38,12869.1,"JPY",-59.2,81.1,80.0,0,4.7,6.1,6.3,-1.6,"","Producer Manufacturing","Specialty Industrial Machinery","",118.39,"",2024,323384.0,4782.0,1888.5
"6269","MODEC INC(JAPAN)","20260220",14710.0,2.0,16290.16,5325.28,20.47,17.38,243.0,"USD",109.0,0.0,0.903,0,22.2,11.9,7.1,-41.0,"","Producer Manufacturing","Oil & Gas Equipment & Services","",68.34,"",2024,4211.22,16720.0,3135.0
"6272","RHEON AUTOMATIC MACHINERY CO","20260220",1592.0,11.0,3572.19,1251.48,10.19,1434.88,3944.7,"JPY",77.3,26.6,"",0,11.1,11.7,9.6,5.7,"","Producer Manufacturing","Specialty Industrial Machinery","",26.98,"",2025,39214.0,1660.0,1020.0
"6273","SMC CORP","20260220",72880.0,0.0,75030.95,24527.75,8.23,30395.35,158665.5,"JPY",36.0,45.2,"",0,8.2,10.0,14.3,14.0,"","Producer Manufacturing","Specialty Industrial Machinery","",63.44,"",2025,792108.0,71740.0,41700.0
"6276","SIRIUSVISION CO LTD","20260220",267.0,"","","",-6.66,532.54,-164.5,"JPY","",0.0,"",0,-5.1,3.3,-13.5,-2.9,"","Producer Manufacturing","Specialty Industrial Machinery","",4.64,"",2024,2314.0,720.0,225.0
"6277","Hosokawa Micron Corporation","20260220",6640.0,6.0,10600.85,3465.44,7.7,4588.33,5176.8,"JPY",43.8,43.6,"",0,8.8,11.6,11.2,8.7,11.6,"Producer Manufacturing","Specialty Industrial Machinery","",14.65,"",2025,77994.0,6950.0,3235.0
"6278","UNION TOOL CO","20260220",14000.0,-5.0,9647.66,3153.84,7.6,4232.35,5557.1,"JPY",65.6,33.8,130.0,0,8.2,4.9,7.4,7.5,"","Producer Manufacturing","Tools & Accessories","",17.28,"",2024,32606.0,12500.0,3120.0
"6279","ZUIKO CORPORATION","20260220",985.0,"","","",-0.16,1293.32,-55.4,"JPY",-171.4,73.0,"",0,-4.0,2.8,4.8,6.5,"","Producer Manufacturing","Specialty Industrial Machinery","",26.48,"",2025,19950.0,1228.0,934.0
"6282","OILES CORPORATION","20260220",2595.0,10.0,5700.31,1863.44,7.27,2614.34,5536.9,"JPY",15.4,61.6,"",0,7.4,8.7,6.6,7.5,"","Producer Manufacturing","Tools & Accessories","",29.14,"",2025,67604.0,2650.0,1900.0
"6284","Nissei ASB Machine Co,. Ltd.","20260220",8560.0,4.0,11813.75,4551.68,12.36,3928.49,7277.3,"JPY",-13.2,67.7,"",0,14.7,11.6,11.1,16.2,21.3,"Producer Manufacturing","Specialty Industrial Machinery","",14.99,"",2025,43654.0,7360.0,3970.0
"6286","SEIKO CORP (MACHINERY)","20260220",1779.0,12.0,4539.94,1484.11,6.13,2468.73,977.6,"JPY",85.6,18.5,"",0,6.7,5.3,2.7,3.4,"","Producer Manufacturing","Specialty Industrial Machinery","",6.46,"",2025,40099.0,1509.0,677.0
"6287","SATO CORPORATION (JAPAN)","20260220",2425.0,12.0,6158.96,2013.38,8.71,2358.35,6664.0,"JPY",33.9,52.5,"",0,9.3,10.5,9.7,6.7,"","Electronic Technology","Business Equipment & Supplies","",32.46,"",2025,154807.0,2565.0,1776.0
"6289","Giken Ltd.","20260220",2387.0,3.0,3098.49,1012.9,6.72,1537.01,2707.1,"JPY",-10.9,79.9,"",0,5.8,8.2,5.7,8.2,7.0,"Producer Manufacturing","Farm & Heavy Construction Machinery","",26.21,"",2025,26337.0,2398.0,1142.0
"6292","KAWATA MANUFACTURING CO LTD","20260220",831.0,13.0,2276.61,744.23,4.01,1890.7,530.5,"JPY",47.5,45.6,"",0,4.6,8.2,4.5,5.2,"","Producer Manufacturing","Specialty Industrial Machinery","",6.99,"",2025,20766.0,910.0,690.0
"6293","NISSEI PLASTIC INDUSTRIAL CO","20260220",895.0,"","","",-0.18,2177.44,-74.3,"JPY",905.2,13.7,"",0,0.4,-1.9,5.8,4.8,"","Producer Manufacturing","Specialty Industrial Machinery","",19.24,"",2025,47493.0,925.0,704.0
"6294","OKADA AIYON CORP","20260220",2514.0,10.0,5539.01,1810.71,8.62,2141.37,1486.3,"JPY",48.2,37.6,"",0,9.0,14.5,10.4,10.8,"","Producer Manufacturing","Farm & Heavy Construction Machinery","",8.05,"",2025,26582.0,2496.0,1645.0
"6297","KOKEN BORING MACHINE","20251114",759.0,7.0,1341.38,438.5,7.09,630.42,379.2,"JPY",-23.5,66.3,"",0,9.2,6.6,1.3,6.2,"","Producer Manufacturing","Specialty Industrial Machinery","",8.48,"",2025,10611.0,1375090048.0,665946752.0
"6298","Y.A.C HOLDINGS CO LTD","20260220",1149.0,1.0,1246.77,407.57,4.53,917.25,766.4,"JPY",86.9,31.3,"",0,2.9,7.0,6.0,7.1,"","Producer Manufacturing","Electronic Components","",18.44,"",2025,23041.0,1160.0,615.0
"6301","小松製作所","20260220",7541.0,7.0,12538.51,4453.99,13.04,3509.27,413878.7,"JPY",74.6,35.4,"",0,14.5,15.8,15.0,11.8,"","Producer Manufacturing","Farm & Heavy Construction Machinery","",904.29,"",2025,4104395.0,7823.0,3566.0
"6302","住友重機械工業","20260220",5754.0,5.0,8478.32,2771.58,4.98,5672.03,33964.2,"JPY",25.2,55.0,"",0,5.3,5.5,9.3,8.5,7.0,"Producer Manufacturing","Specialty Industrial Machinery","",120.18,"",2025,1066881.0,6284.0,2574.5
"6305","日立建機","20260220",6549.0,7.0,11422.7,3734.1,10.01,3804.35,81002.2,"JPY",24.1,53.9,"",0,11.1,15.2,12.2,14.3,"","Producer Manufacturing","Farm & Heavy Construction Machinery","",212.74,"",2025,1371285.0,6686.0,3232.0
"6306","NIKKO CO LTD","20260220",856.0,5.0,1275.64,417.01,4.74,896.73,1638.4,"JPY",152.7,78.0,"",0,5.7,3.9,1.8,4.2,"","Producer Manufacturing","Farm & Heavy Construction Machinery","",38.53,"",2025,49162.0,886.0,600.0
"6307","SANSEI CO LTD","20260220",746.0,10.0,1641.12,536.48,9.09,601.93,425.1,"JPY",-14.3,67.9,"",0,6.6,7.7,8.8,5.5,"","Producer Manufacturing","Specialty Business Services","",7.77,"",2025,5781.0,800.0,337.0
"6309","Tomoe Engineering Co., Ltd.","20260220",2146.0,7.0,3768.19,1231.83,8.8,1427.86,3759.4,"JPY",2.5,68.2,"",0,9.6,10.1,8.2,6.9,6.8,"Process Industries","Specialty Industrial Machinery","",29.93,"",2025,59365.47,2147.0,1208.3334
"6310","ISEKI & CO","20260220",1906.0,-6.0,1144.52,374.15,1.28,2986.08,863.4,"JPY",147.8,18.4,40.0,0,-0.1,0.0,3.7,5.5,"","Producer Manufacturing","Farm & Heavy Construction Machinery","",22.63,"",2024,168425.0,2488.0,831.0
"6312","FREUND CORPORATION","20260126",1078.0,9.0,2160.83,706.38,7.9,911.75,1219.4,"JPY",-4.6,72.4,"",0,4.9,6.7,3.0,5.4,"","Producer Manufacturing","Specialty Industrial Machinery","",16.93,"",2025,23397.0,1562499968.0,852864576.0
"6315","TOWA CORP","20260220",2909.0,-4.0,2168.6,708.92,8.84,818.15,5423.7,"JPY",1.4,56.1,"",0,10.8,13.6,18.1,26.2,"","Producer Manufacturing","Semiconductor Equipment & Materials","",75.03,"",2025,53479.0,3205.0,960.0
"6316","Maruyama Mfg.Co., Inc.","20260220",2412.0,13.0,6615.95,2162.77,4.23,5214.18,871.1,"JPY",165.9,38.7,"",0,3.8,3.1,6.7,7.1,5.8,"Producer Manufacturing","Farm & Heavy Construction Machinery","",3.95,"",2025,41266.0,2450.0,1722.0
"6317","KITAGAWA CORPORATION","20260220",1791.0,10.0,3704.11,1210.88,2.74,4511.68,1142.1,"JPY",199.0,18.7,"",0,2.6,2.7,0.4,6.5,"","Producer Manufacturing","Specialty Industrial Machinery","",9.25,"",2025,57280.0,1936.0,986.0
"6319","SNT Corp.","20250609",402.0,-15.0,110.95,36.27,0.5,742.08,135.8,"JPY",25.8,73.8,"",0,0.1,2.2,3.0,1.7,"","Industrials","Metal Fabrication","",36.72,"",2025,18869.0,412.0,0.0
"6322","TACMINA CORP","20260220",1575.0,14.0,4221.06,1563.62,11.52,1492.32,1185.8,"JPY",35.1,50.6,"",0,12.0,13.4,13.4,11.8,"","Producer Manufacturing","Specialty Industrial Machinery","",6.9,"",2025,11119.0,1920.0,1500.0
"6323","RORZE CORP","20260220",3464.0,3.0,4297.54,1404.87,21.07,679.77,24845.5,"JPY",9.5,50.6,"",0,29.6,28.9,47.7,40.0,"","Electronic Technology","Semiconductor Equipment & Materials","",173.44,"",2025,124406.0,3777.0,966.2
"6324","HARMONIC DRIVE SYSTEMS","20260220",4375.0,-33.0,175.12,57.25,0.7,833.86,552.6,"JPY",-102.5,66.4,"",0,-1.5,3.2,8.2,6.6,"","Producer Manufacturing","Specialty Industrial Machinery","",94.67,"",2025,55645.0,4770.0,2316.0
"6326","久保田","20260220",3046.0,6.0,4886.61,1597.44,7.48,2178.68,185213.8,"JPY",51.7,38.3,50.0,0,9.9,12.4,9.7,12.1,"","Producer Manufacturing","Farm & Heavy Construction Machinery","",1137.07,"",2024,3016281.0,3242.0,1460.5
"6327","KITAGAWA SEIKI CO","20260220",1519.0,2.0,1422.91,528.95,9.75,622.18,494.8,"JPY",8.2,50.0,"",0,8.2,18.0,25.4,27.8,"","Producer Manufacturing","Specialty Industrial Machinery","",8.16,"",2025,6227.0,1129.0,484.0
"6328","Ebara Jitsugyo Co., Ltd.","20260220",2892.0,6.0,4471.81,1677.59,14.49,1173.01,4048.0,"JPY",18.5,59.3,"",0,19.4,14.6,16.0,10.7,17.2,"Producer Manufacturing","Conglomerates","",23.82,"",2025,41211.0,2830.0,1482.5
"6330","TOYO ENGINEERING CORP","20260220",3060.0,-18.0,617.31,201.8,2.01,1023.03,1207.1,"JPY",120.6,0.0,"",0,5.3,9.7,3.7,4.1,"","Industrial Services","Engineering & Construction","",58.66,"",2025,278091.0,8760.0,530.0
"6331","MITSUBISHI KAKOKI KAISHA","20260220",3920.0,4.0,4133.26,1597.61,10.59,1678.05,4046.8,"JPY",-17.4,67.0,"",0,10.8,8.1,5.7,9.0,"","Industrial Services","Pollution & Treatment Controls","",22.78,"",2025,59202.0,3750.0,1029.0
"6332","TSUKISHIMA HOLDINGS CO LTD","20260220",3330.0,-5.0,2289.88,748.57,3.42,2231.14,3183.7,"JPY",-33.0,72.0,"",0,5.7,3.8,5.5,4.6,"","Producer Manufacturing","Pollution & Treatment Controls","",41.71,"",2025,139235.0,3545.0,1515.0
"6333","TEIKOKU ELECTRIC MFG","20260220",3160.0,10.0,6729.98,2200.04,11.38,1970.98,3726.2,"JPY",-7.8,90.0,"",0,13.0,11.7,12.5,6.7,"","Producer Manufacturing","Specialty Industrial Machinery","",16.61,"",2025,30546.0,3455.0,2509.0
"6334","MEIJI MACHINE CO","20260220",400.0,7.0,684.17,223.66,8.04,283.66,244.3,"JPY",35.9,35.7,"",0,8.8,10.0,27.0,5.5,"","Producer Manufacturing","Specialty Industrial Machinery","",10.71,"",2025,6511.0,440.0,251.0
"6335","TOKYO KIKAI SEISAKUSHO","20260220",515.0,10.0,1093.12,357.34,3.6,1011.15,294.1,"JPY",-17.2,50.0,"",0,5.2,6.1,9.5,-6.0,"","Producer Manufacturing","Specialty Industrial Machinery","",8.07,"",2025,7401.0,889.0,341.0
"6336","ISHII HYOKI","20260220",817.0,20.0,3095.23,1152.32,10.52,1215.73,1024.8,"JPY",2.2,51.6,20.0,0,9.1,17.6,30.0,40.8,"","Electronic Technology","Specialty Industrial Machinery","",8.01,"",2025,14821.0,798.0,480.0
"6337","TESEC CORP","20260220",2828.0,3.0,3587.88,1172.88,4.49,2662.03,636.3,"JPY",27.7,49.2,"",0,2.2,11.6,20.2,17.9,"","Electronic Technology","Semiconductor Equipment & Materials","",5.32,"",2025,5892.0,3130.0,1096.0
"6338","Takatori Corporation","20260220",1665.0,12.0,4063.49,1328.36,7.19,1883.67,738.2,"JPY",3.6,53.9,"",0,6.2,23.7,29.8,18.7,7.3,"Electronic Technology","Semiconductors","",5.45,"",2025,7330.0,1784.0,948.0
"6339","SINTOKOGIO LTD","20260220",1168.0,-8.0,595.34,194.62,0.87,2277.59,1042.3,"JPY",291.8,41.8,"",0,0.9,3.4,1.0,3.0,"","Producer Manufacturing","Specialty Industrial Machinery","",52.52,"",2025,150224.0,1215.0,659.0
"6340","SHIBUYA CORPORATION","20260220",3540.0,14.0,9959.25,3255.7,8.51,3900.29,9185.8,"JPY",21.6,52.3,"",0,9.5,10.5,6.9,12.4,"","Producer Manufacturing","Specialty Industrial Machinery","",27.67,"",2025,129017.0,3920.0,2620.0
"6342","TAIHEI MACHINERY WORKS","20260220",3220.0,15.0,9528.46,3114.87,5.99,5303.08,412.9,"JPY",64.5,26.2,"",0,8.0,18.5,12.9,4.4,"","Producer Manufacturing","Lumber & Wood Production","",1.3,"",2025,7855.0,4390.0,2453.0
"6343","FREESIA MACROSS CORPORATION","20260220",201.0,13.0,520.73,170.23,6.25,277.56,781.1,"JPY",162.8,3.3,"",0,7.0,5.4,7.7,4.7,"","Consumer Durables","Specialty Industrial Machinery","",45.0,"",2025,6971.0,222.0,79.0
"6345","AICHI CORPORATION","20260220",1404.0,8.0,2519.94,823.77,6.45,1301.47,5422.9,"JPY",11.6,68.0,"",0,6.8,6.1,7.5,7.5,"","Producer Manufacturing","Farm & Heavy Construction Machinery","",64.56,"",2025,59306.0,1529.0,1153.0
"6346","KIKUKAWA ENTERPRISE INC","20260220",6400.0,14.0,17724.59,5794.2,5.87,10069.67,720.8,"JPY",50.1,45.0,"",0,6.8,5.4,3.5,2.9,"","Producer Manufacturing","Specialty Industrial Machinery","",1.22,"",2025,5533.0,7160.0,5230.0
"6347","PLACO CO LTD","20260220",430.0,"","","",-6.77,169.2,-107.1,"JPY","",0.0,"",0,-311.1,"","","","","Producer Manufacturing","Specialty Industrial Machinery","",9.35,"",2025,2227.0,415.0,182.0
"6349","KOMORI CORP","20260220",1735.0,10.0,3677.26,1202.1,5.63,2176.74,6503.9,"JPY",65.8,38.5,"",0,5.0,5.3,5.5,2.6,"","Producer Manufacturing","Specialty Industrial Machinery","",53.06,"",2025,111050.0,1790.0,973.0
"6351","TSURUMI MANUFACTURING CO LTD","20260220",2203.0,11.0,4891.51,1599.04,8.3,1964.19,7836.2,"JPY",38.4,38.4,"",0,8.2,11.5,9.2,7.3,"","Producer Manufacturing","Specialty Industrial Machinery","",48.06,"",2025,68058.0,2514.0,1305.5
"6357","SANSEI TECHNOLOGIES INC","20260220",2642.0,8.0,5028.63,1643.87,6.75,2482.43,3044.0,"JPY",74.8,33.0,"",0,7.2,5.8,5.1,2.5,"","Producer Manufacturing","Specialty Industrial Machinery","",18.16,"",2025,61861.0,2739.0,1031.0
"6358","SAKAI HEAVY INDUSTRIES","20260220",2227.0,5.0,3292.3,1076.26,3.13,3506.42,940.5,"JPY",77.0,44.6,"",0,3.7,9.7,7.3,6.2,"","Producer Manufacturing","Farm & Heavy Construction Machinery","",8.57,"",2025,27854.0,2385.0,1712.0
"6361","荏原製作所","20260220",5638.0,-3.0,4687.58,1732.56,15.9,1025.76,75269.9,"JPY",23.2,55.3,56.0,0,19.2,17.4,17.1,13.7,"","Producer Manufacturing","Specialty Industrial Machinery","",461.39,"",2024,866668.0,5499.0,1770.0
"6362","Ishii Iron Works Co. Ltd.","20250107",8330.0,-44.0,76.86,25.13,9.37,27.33,1183.8,"JPY",8.3,60.5,"",0,10.4,6.5,11.0,9.3,"","Industrials","Metal Fabrication","",462.05,"",2024,9972.0,"",""
"6363","TORISHIMA PUMP MANUFACTURING","20260220",2553.0,4.0,3611.76,1180.69,5.68,2121.39,3179.6,"JPY",55.4,37.7,"",0,5.1,8.7,10.9,10.1,"","Producer Manufacturing","Specialty Industrial Machinery","",26.41,"",2025,86501.0,2802.0,1650.0
"6364","AIRMAN CORPORATION","20260220",2114.0,10.0,4465.76,1663.02,12.22,1488.2,4993.6,"JPY",24.4,53.4,"",0,12.9,15.1,12.1,9.2,"","Producer Manufacturing","Specialty Industrial Machinery","",27.46,"",2025,54827.0,2177.0,1543.0
"6365","DMW CORPORATION","20260220",5920.0,15.0,18172.1,5940.49,9.01,6721.98,2507.8,"JPY",33.7,46.8,"",0,9.4,7.1,8.4,8.7,"","Producer Manufacturing","Specialty Industrial Machinery","",4.14,"",2025,28077.0,6000.0,3560.0
"6366","千代田化工建設","20260220",1339.0,21.0,5950.59,1945.26,216.84,91.48,51403.2,"JPY",-1.0,50.0,"",0,551.5,-68.2,93.8,22.2,"","Industrial Services","Engineering & Construction","",259.15,"",2025,456969.0,1830.0,270.0
"6367","大金工業","20260220",19730.0,4.0,26493.13,8660.65,9.22,9580.29,258608.3,"JPY",55.5,36.3,"",0,9.7,10.2,12.7,13.0,"","Producer Manufacturing","Building Products & Equipment","",292.84,"",2025,4752335.0,20910.0,14935.0
"6368","ORGANO CORP","20260220",16620.0,-1.0,16046.67,5969.69,19.17,2630.43,23183.5,"JPY",0.5,61.9,"",0,23.0,19.8,15.4,12.1,"","Producer Manufacturing","Pollution & Treatment Controls","",45.98,"",2025,163269.0,16950.0,4770.0
"6369","TOYO KANETSU KK","20260220",3090.0,8.0,5541.02,1811.37,7.38,2503.35,2870.3,"JPY",33.4,72.5,"",0,7.8,6.0,5.0,5.5,"","Producer Manufacturing","Specialty Industrial Machinery","",15.54,"",2025,60474.0,2926.0,1525.0
"6370","KURITA WATER INDUSTRIES","20260220",8307.0,0.0,8419.1,3151.82,11.27,3070.7,37873.3,"JPY",22.7,54.7,"",0,12.0,10.0,10.4,6.1,"","Producer Manufacturing","Pollution & Treatment Controls","",109.43,"",2025,408888.0,8306.0,3701.0
"6371","TSUBAKIMOTO CHAIN CO","20260220",2610.0,9.0,5228.38,1709.17,6.54,2663.89,16997.5,"JPY",12.6,65.9,"",0,6.8,7.4,7.7,8.0,"","Producer Manufacturing","Specialty Industrial Machinery","",97.53,"",2025,279193.0,2643.0,1546.0
"6373","DAIDO KOGYO CO LTD","20251226",1489.0,9.0,2960.65,967.84,3.26,3029.78,1000.7,"JPY",202.8,25.0,"",0,2.7,1.5,1.9,8.8,"","Producer Manufacturing","Specialty Industrial Machinery","",10.14,"",2025,57515.0,1494.0,699.0
"6376","NIKKISO CO LTD","20260220",2350.0,8.0,4410.84,1441.91,6.96,2113.63,9743.6,"JPY",334.0,10.9,36.0,0,7.0,7.3,-24.6,0.8,"","Producer Manufacturing","Specialty Industrial Machinery","",66.27,"",2024,213379.0,2056.0,1016.0
"6378","KIMURA CHEMICAL PLANTS CO","20260220",1508.0,7.0,2549.08,905.48,10.55,974.63,2017.9,"JPY",57.0,32.6,"",0,12.6,9.8,9.1,14.3,"","Producer Manufacturing","Specialty Industrial Machinery","",19.63,"",2025,26431.0,1405.0,580.0
"6379","RAIZNEXT CORPORATION","20260220",2578.0,8.0,4820.72,1575.9,10.2,1574.63,8678.9,"JPY",22.2,64.6,"",0,9.3,8.5,9.6,10.6,"","Industrial Services","Engineering & Construction","",54.01,"",2025,157371.0,2761.0,1285.0
"6380","ORIENTAL CHAIN MFG CO","20260220",3735.0,-12.0,1386.69,453.31,3.46,1334.53,64.3,"JPY","",0.0,"",0,14.1,"","","","","Producer Manufacturing","Tools & Accessories","",1.39,"",2025,4055.0,3890.0,1720.0
"6381","ANEST IWATA CORP","20260220",1754.0,7.0,3106.81,1015.62,8.7,1189.74,4078.2,"JPY",24.2,55.7,"",0,9.4,12.3,12.2,11.1,"","Producer Manufacturing","Specialty Industrial Machinery","",39.38,"",2025,54411.0,1809.0,980.0
"6382","TRINITY INDUSTRIAL CORP","20260220",1379.0,16.0,4406.68,1440.55,7.38,1991.16,2375.2,"JPY",75.7,30.1,"",0,8.1,7.8,3.6,6.1,"","Producer Manufacturing","Auto Parts","",16.17,"",2025,40217.0,1393.0,925.0
"6383","DAIFUKU CO LTD","20260220",6325.0,-1.0,6155.07,2127.96,16.49,1082.66,65664.9,"JPY","",27.4,78.0,0,22.7,15.8,14.1,"","","Producer Manufacturing","Specialty Industrial Machinery","",367.7,"",2024,737316.0,6061.0,3150.0
"6384","SHOWA SHINKU","20260220",1765.0,7.0,3119.42,1019.74,5.54,1875.24,642.6,"JPY",-10.2,73.9,"",0,4.9,1.4,7.0,12.4,"","Producer Manufacturing","Specialty Industrial Machinery","",6.18,"",2025,8480.0,1660.0,1101.0
"6387","SAMCO INC","20260220",6310.0,-2.0,4003.54,1523.31,10.23,1688.29,1386.3,"JPY",6.6,60.0,"",0,13.8,13.2,13.6,11.2,8.6,"Electronic Technology","Semiconductor Equipment & Materials","",8.03,"",2025,9342.0,5860.0,1950.0
"6390","KATO WORKS CO LTD","20260220",1742.0,"","","",0.0,"",-1.1,"JPY",-97.9,59.9,"",0,1.9,8.1,4.1,-14.8,"","Producer Manufacturing","Farm & Heavy Construction Machinery","",11.39,"",2025,52932.0,1524.0,992.0
"6391","KAJI TECHNOLOGY CORP","20260220",3840.0,14.0,10764.55,3518.95,7.57,4738.18,592.1,"JPY",35.8,41.4,"",0,7.9,8.5,3.2,5.6,"","Producer Manufacturing","Specialty Industrial Machinery","",1.65,"",2025,7003.0,3970.0,2670.0
"6392","YAMADA CORPORATION","20260220",6750.0,15.0,16184.53,6079.09,10.07,6865.27,1651.8,"JPY",11.5,54.5,"",0,10.4,14.3,12.6,10.9,"","Producer Manufacturing","Specialty Industrial Machinery","",2.39,"",2025,14628.0,7070.0,4580.0
"6393","YUKEN KOGYO CO","20260220",3245.0,14.0,9164.48,2995.88,4.79,6379.62,1139.5,"JPY",104.4,21.0,"",0,5.4,4.6,-0.8,4.5,"","Producer Manufacturing","Specialty Industrial Machinery","",3.73,"",2025,33496.0,3390.0,2025.0
"6395","TADANO Ltd.","20260220",1395.0,8.0,2503.64,818.44,5.12,1629.41,10543.7,"JPY",55.5,38.5,"",0,5.6,6.6,3.5,1.9,"","Producer Manufacturing","Farm & Heavy Construction Machinery","",126.34,"",2025,349477.0,1551.0,844.8
"6396","UNOZAWA GUMI IRON WORKS","20260220",4520.0,9.0,8953.73,3251.17,11.49,3050.91,385.6,"JPY",30.4,42.7,"",0,12.8,17.0,15.9,7.4,"","Producer Manufacturing","Specialty Industrial Machinery","",1.1,"",2025,4954.0,4500.0,2690.0
"6400","FUJI SEIKI CO","20260220",304.0,16.0,992.96,324.6,7.64,433.46,268.1,"JPY",30.4,44.1,7.0,0,4.9,8.4,16.6,25.8,"","Producer Manufacturing","Specialty Industrial Machinery","",8.1,"",2024,8251.0,354.0,197.0
"6403","SUIDO KIKO KAISHA","20260220",4045.0,7.0,6710.84,2193.79,9.43,2372.26,959.7,"JPY",30.5,80.3,"",0,4.2,3.8,2.7,0.4,"","Producer Manufacturing","Waste Management","",4.29,"",2025,25966.0,4135.0,1437.0
"6405","SUZUMO MACHINERY CO","20260220",1378.0,10.0,2884.47,942.94,6.74,1427.24,1073.0,"JPY",116.6,22.5,"",0,9.9,8.0,5.5,8.5,"","Producer Manufacturing","Specialty Industrial Machinery","",11.16,"",2025,15568.0,2605.0,1203.0
"6406","FUJITEC CO LTD","20260220",5679.0,-1.0,5417.7,1771.06,9.06,1994.3,14095.1,"JPY",11.4,74.0,"",0,9.0,9.9,7.4,9.1,"","Producer Manufacturing","Specialty Industrial Machinery","",78.05,"",2025,241253.0,6472.0,5200.0
"6407","CKD CORP","20260220",5400.0,1.0,5666.55,1852.4,9.24,2043.41,12619.4,"JPY",48.2,45.4,"",0,10.1,7.1,13.5,13.1,"","Producer Manufacturing","Specialty Industrial Machinery","",66.81,"",2025,155634.0,4700.0,1661.0
"6408","OGURA CLUTCH CO","20260220",3960.0,19.0,16015.0,5235.33,4.52,11800.67,800.8,"JPY",47.3,26.4,"",0,5.7,-5.2,1.3,-7.3,"","Producer Manufacturing","Specialty Industrial Machinery","",1.5,"",2025,43907.0,4290.0,3110.0
"6411","NAKANO REFRIGERATORS CO","20251013",7860.0,5.0,11228.65,3670.66,7.28,5141.32,1875.2,"JPY",-5.8,90.0,"",0,7.2,7.6,3.0,5.7,"","Producer Manufacturing","Specialty Industrial Machinery","",5.01,"",2024,33861.0,13133832192.0,8312551936.0
"6412","HEIWA CORP","20260220",1993.0,8.0,3669.15,1199.45,4.94,2475.08,12063.0,"JPY",751.0,34.1,"",0,5.5,7.2,9.6,1.8,"","Consumer Services","Leisure","",98.63,"",2025,145867.0,2490.0,1952.0
"6413","RISO KAGAKU CORP","20260220",1252.0,7.0,2095.61,685.06,6.68,1046.17,4440.6,"JPY",3.4,90.0,"",0,7.1,6.8,7.1,5.8,"","Electronic Technology","Computer Hardware","",63.57,"",2025,78723.0,1405.0,1007.0
"6416","KATSURAGAWA ELECTRIC CO","20251104",958.0,"","","",-10.67,3013.07,-492.0,"JPY","",0.0,"",0,-8.6,4.3,-17.4,-10.0,"","Producer Manufacturing","Computer Hardware","",1.53,"",2025,6168.0,975.0,593.0
"6417","SANKYO CO LTD","20260220",2172.5,18.0,7334.47,2789.84,18.64,1389.65,53119.8,"JPY",4.0,69.2,"",0,21.3,16.7,14.8,5.6,"","Producer Manufacturing","Gambling","",205.09,"",2025,191821.0,3059.0,1840.5
"6418","JAPAN CASH MACHINE CO","20260220",1207.0,10.0,2489.78,813.91,7.03,1180.61,2251.6,"JPY",-23.8,62.3,"",0,12.9,11.8,6.8,2.7,"","Producer Manufacturing","Business Equipment & Supplies","",27.13,"",2025,37815.0,1177.0,796.0
"6419","MARS GROUP HOLDINGS CORPORATION","20260220",3160.0,19.0,12359.03,4040.19,9.72,4240.05,7600.8,"JPY",40.9,48.2,"",0,12.9,15.1,5.7,2.4,"","Consumer Services","Leisure","",18.45,"",2025,42250.0,3340.0,2686.0
"6420","GALILEI CO LTD","20260220",3720.0,10.0,7704.73,2777.93,11.67,2556.5,11963.4,"JPY",36.9,40.0,"",0,12.7,15.3,12.1,12.6,"","Producer Manufacturing","Specialty Industrial Machinery","",40.09,"",2025,130639.0,4015.0,2313.0
"6424","TAKAMISAWA CYBERNETICS CO LTD","20260220",959.0,23.0,4554.6,1625.98,12.26,1372.27,740.2,"JPY",40.0,36.7,"",0,19.9,16.3,12.0,3.5,"","Electronic Technology","Scientific & Technical Instruments","",4.4,"",2025,15391.0,1150.0,850.0
"6425","UNIVERSAL ENTERTAINMENT CORPORATION","20260220",712.0,"","","",-3.04,4771.33,-11239.9,"JPY",-299.8,55.4,"",0,-3.7,8.2,5.0,-1.8,"","Producer Manufacturing","Leisure","",77.49,"",2024,126328.0,1244.0,682.0
"6428","OIZUMI CORP","20260220",354.0,"","","",-0.79,813.6,-144.8,"JPY",28.9,57.7,"",0,-2.2,3.3,4.6,2.2,"","Producer Manufacturing","Electronic Gaming & Multimedia","",22.5,"",2025,20113.0,351.0,287.0
"6430","DAIKOKU DENKI CO LTD","20260220",2634.0,28.0,15176.89,5654.62,16.65,3112.44,7540.6,"JPY",10.0,59.5,"",0,20.9,25.9,9.8,4.2,"","Technology Services","Computer Hardware","",14.55,"",2025,57415.0,3070.0,2072.0
"6432","TAKEUCHI MFG CO","20260220",7560.0,10.0,16073.28,5985.32,15.66,3615.48,26159.1,"JPY",11.5,58.1,"",0,17.7,21.6,15.6,14.9,"","Producer Manufacturing","Farm & Heavy Construction Machinery","",46.19,"",2025,213230.0,7490.0,3915.0
"6433","HEPHAIST CO LTD","20260220",1702.0,"","","",-9.83,451.6,-277.0,"JPY","",0.0,"",0,-6.8,-6.9,-0.1,7.3,"","Producer Manufacturing","Metal Fabrication","",6.24,"",2025,2245.0,2650.0,288.0
"6436","AMANO CORPORATION","20260220",4031.0,7.0,6934.37,2266.86,11.97,1930.8,16272.7,"JPY",16.8,74.1,"",0,13.2,12.4,10.0,8.5,"","Electronic Technology","Scientific & Technical Instruments","",70.4,"",2025,175423.0,4614.0,3419.0
"6440","JUKI CORP","20260220",650.0,"","","",-5.68,1046.36,-1772.7,"JPY","",0.0,10.0,0,-14.8,-17.1,-0.3,6.9,"","Producer Manufacturing","Specialty Industrial Machinery","",29.83,"",2024,95185.0,680.0,317.0
"6444","SANDEN CORPORATION","20260220",165.0,"","","",-6.69,203.02,-1514.4,"JPY","",0.0,"",0,-7.1,-29.3,-11.6,"","","Producer Manufacturing","Auto Parts","",111.45,"",2024,183848.0,198.0,106.0
"6445","JANOME CORPORATION","20260220",1426.0,7.0,2515.72,822.39,4.32,1940.43,1493.5,"JPY",-42.6,75.6,"",0,5.5,3.8,5.0,8.6,"","Consumer Durables","Furnishings, Fixtures & Appliances","",17.81,"",2025,36340.0,1349.0,915.0
"6448","BROTHER INDUSTRIES","20260220",3098.0,9.0,6203.01,2027.77,7.56,2733.74,52293.4,"JPY",20.0,57.7,"",0,9.0,10.2,8.4,13.1,"","Electronic Technology","Business Equipment & Supplies","",252.91,"",2025,876558.0,3341.0,2188.0
"6454","MAX CO LTD","20260220",6700.0,2.0,7634.41,2495.7,10.82,2351.9,11459.3,"JPY",7.0,70.1,"",0,10.9,11.8,9.4,7.8,"","Producer Manufacturing","Tools & Accessories","",45.03,"",2025,91839.0,7070.0,3595.0
"6455","MORITA HOLDINGS","20260220",2929.0,9.0,5929.02,1938.21,8.75,2259.02,8444.9,"JPY",2.3,67.2,"",0,10.0,7.4,4.5,7.3,"","Consumer Durables","Specialty Industrial Machinery","",42.73,"",2025,111743.0,2983.0,1752.0
"6457","GLORY LTD","20260220",3980.0,5.0,5802.5,1896.85,4.47,4331.77,10506.4,"JPY",-24.2,59.4,"",0,7.3,16.2,-3.4,1.7,"","Electronic Technology","Specialty Industrial Machinery","",54.32,"",2025,369017.0,4303.0,2136.0
"6458","SINKO INDUSTRIES LTD","20260220",1437.0,6.0,2327.64,834.35,10.88,875.08,6631.2,"JPY",59.7,36.4,"",0,11.4,11.2,8.6,8.3,"","Producer Manufacturing","Building Products & Equipment","",69.67,"",2025,57005.0,1621.0,1011.0
"6460","SEGA SAMMY HLDGS INC","20260220",2441.0,10.0,5178.53,1692.87,9.51,1815.4,36282.5,"JPY",22.7,54.3,"",0,12.2,15.4,16.6,11.3,"","Technology Services","Electronic Gaming & Multimedia","",210.19,"",2025,428948.0,3683.0,2338.0
"6463","TPR CO LTD","20260220",1374.0,13.0,3732.27,1220.08,5.05,2463.33,8229.7,"JPY",33.2,46.4,"",0,5.2,7.2,4.4,6.6,"","Producer Manufacturing","Auto Parts","",66.15,"",2025,192494.0,1435.0,910.0
"6464","TSUBAKI NAKASHIMA CO LTD","20260220",352.0,"","","",-1.67,1607.53,-1024.8,"JPY","",25.4,"",0,-0.7,2.0,-0.9,7.8,"","Producer Manufacturing","Tools & Accessories","",38.24,"",2024,75921.0,471.0,315.0
"6465","HOSHIZAKI CORPORATION","20260220",5290.0,6.0,6521.4,2381.79,10.55,2574.44,38409.2,"JPY",49.6,43.6,115.0,0,12.1,12.0,10.7,9.1,"","Producer Manufacturing","Specialty Industrial Machinery","",141.36,"",2024,445495.0,6589.0,4834.0
"6466","TVE Co., Ltd.","20260220",5400.0,3.0,6905.74,2257.5,4.53,5082.13,541.0,"JPY",210.6,9.4,"",0,3.7,7.5,4.0,-0.6,5.2,"Producer Manufacturing","Specialty Industrial Machinery","",2.35,"",2025,10183.0,3935.0,1833.0
"6467","NICHIDAI CORPORATION","20260220",360.0,"","","",-0.61,1213.84,-67.2,"JPY","",29.0,"",0,0.9,0.4,-2.1,1.1,"","Producer Manufacturing","Specialty Industrial Machinery","",9.03,"",2025,11602.0,388.0,312.0
"6469","HODEN SEIMITSU KAKO KENKYUSHO","20260220",4210.0,-9.0,1580.07,535.14,9.53,688.58,701.2,"JPY",446.2,13.1,"",0,9.2,4.6,-22.7,4.5,"","Producer Manufacturing","Specialty Industrial Machinery","",10.68,"",2025,12898.0,3755.0,1020.0
"6470","TAIHO KOGYO","20260220",985.0,"","","",-0.18,2424.82,-124.6,"JPY",288.6,28.2,"",0,-3.7,2.8,1.0,1.8,"","Producer Manufacturing","Auto Parts","",28.32,"",2025,112789.0,922.0,469.0
"6471","日本精工","20260220",1322.5,-4.0,972.8,318.01,2.44,1331.44,15866.1,"JPY",-227.6,90.0,"",0,1.7,1.4,3.1,2.9,"","Producer Manufacturing","Auto Parts","",489.29,"",2025,796667.0,1306.5,538.6
"6472","NTN","20260220",411.8,-33.0,16.17,5.29,0.12,439.88,285.4,"JPY",-48.5,63.9,"",0,-2.2,6.4,4.8,-1.6,"","Producer Manufacturing","Tools & Accessories","",529.43,"",2025,825587.0,428.0,192.4
"6473","JTEKT","20260220",2046.0,10.0,4240.85,1386.34,6.04,2340.48,44999.7,"JPY",-64.5,62.4,"",0,5.2,8.1,6.0,4.5,"","Producer Manufacturing","Auto Parts","",318.33,"",2025,1884397.0,2070.5,882.0
"6474","Nachi-Fujikoshi Corp.","20260220",5180.0,5.0,7433.2,2429.93,3.23,7674.13,5508.0,"JPY",-41.4,69.8,"",0,3.5,1.8,4.4,9.2,8.4,"Producer Manufacturing","Tools & Accessories","",22.23,"",2025,235903.0,5520.0,2640.0
"6479","Minebea","20260220",3310.0,3.0,4340.28,1418.84,7.82,1851.23,58101.9,"JPY",96.7,19.1,"",0,8.0,8.0,9.0,15.2,"","Electronic Technology","Electronic Components","",401.6,"",2025,1522703.0,3542.0,1775.0
"6480","NIPPON THOMPSON CO","20260220",1056.0,-2.0,916.58,299.63,2.82,1084.32,2131.1,"JPY",21.7,48.2,"",0,0.6,3.0,11.7,9.5,"","Producer Manufacturing","Tools & Accessories","",69.75,"",2025,54384.0,1131.0,380.0
"6481","THK CO LTD","20260220",5055.0,-5.0,3337.87,1091.16,3.25,3424.79,12463.6,"JPY",47.2,41.7,246.0,0,3.3,5.6,11.5,8.7,"","Producer Manufacturing","Specialty Industrial Machinery","",112.02,"",2024,352759.0,5208.0,2971.0
"6482","YUSHIN CO","20260220",718.0,8.0,1367.07,446.9,4.42,1031.74,1550.7,"JPY",4.1,65.5,"",0,5.0,5.3,6.3,7.3,"","Producer Manufacturing","Specialty Industrial Machinery","",34.03,"",2025,26126.0,825.0,550.0
"6484","KVK CORPORATION","20260220",2570.0,14.0,7448.75,2435.01,7.03,3531.8,1991.3,"JPY",53.6,35.1,"",0,7.0,7.4,7.6,7.7,"","Producer Manufacturing","Furnishings, Fixtures & Appliances","",8.02,"",2025,29648.0,2774.0,1752.0
"6485","MAEZAWA KYUSO INDUSTRIES CO","20260220",1653.0,8.0,3074.41,1005.03,5.25,1952.5,2086.5,"JPY",19.9,75.3,"",0,6.0,4.4,4.1,4.2,"","Producer Manufacturing","Building Products & Equipment","",20.36,"",2025,31957.0,1787.0,1104.0
"6486","EAGLE INDUSTRY CO","20260220",3420.0,4.0,4773.02,1560.31,6.34,2508.93,7218.4,"JPY",36.8,56.6,"",0,4.6,8.1,7.3,8.5,"","Producer Manufacturing","Specialty Industrial Machinery","",45.37,"",2025,168172.0,3450.0,1580.0
"6488","YOSHITAKE INC","20260220",1042.0,12.0,2589.27,846.44,6.53,1322.33,1097.9,"JPY",50.2,41.8,"",0,6.7,7.1,7.1,7.9,"","Producer Manufacturing","Specialty Industrial Machinery","",12.72,"",2025,9843.0,1139.0,600.0
"6489","MAEZAWA INDUSTRIES INC","20260220",2140.0,11.0,4842.68,1757.91,11.36,1699.94,3397.4,"JPY",34.6,42.3,"",0,11.7,14.5,12.1,10.6,"","Producer Manufacturing","Pollution & Treatment Controls","",17.6,"",2025,37499.0,2347.0,1180.0
"6490","PILLAR CORPORATION","20260220",8110.0,0.0,8519.38,3083.72,11.02,3173.96,8141.6,"JPY",49.2,40.5,"",0,11.2,18.3,19.0,18.1,"","Producer Manufacturing","Specialty Industrial Machinery","",23.27,"",2025,57988.0,7980.0,2810.0
"6492","Okano Valve Mfg. Co., Ltd.","20260220",10530.0,1.0,11726.54,3833.43,5.21,7500.62,625.4,"JPY",31.2,39.4,"",0,6.6,11.2,7.4,5.4,"","Producer Manufacturing","Specialty Industrial Machinery","",1.6,"",2025,8646.0,9800.0,4020.0
"6493","NITTAN CORPORATION","20260220",734.0,3.0,892.09,291.62,2.95,1007.53,856.7,"JPY",12.3,67.0,"",0,1.0,3.0,1.7,3.2,"","Producer Manufacturing","Auto Parts","",28.81,"",2025,51446.0,816.0,225.0
"6494","NFK HOLDINGS","20260220",135.0,-8.0,70.11,22.92,2.21,105.79,113.9,"JPY",-68.6,50.0,"",0,2.1,6.5,3.5,4.0,"","Producer Manufacturing","Specialty Industrial Machinery","",48.74,"",2025,2082.0,157.0,74.0
"6497","HAMAI INDUSTRIES","20260220",1468.0,13.0,3901.34,1275.36,5.43,2396.42,871.3,"JPY",39.2,45.9,35.0,0,5.4,5.3,6.9,3.3,"","Producer Manufacturing","Metal Fabrication","",6.7,"",2024,12092.0,1350.0,910.0
"6498","KITZ CORP","20260220",2201.0,7.0,3654.12,1194.54,9.77,1246.23,10593.3,"JPY",41.6,46.4,53.0,0,10.5,10.8,10.7,8.7,"","Producer Manufacturing","Specialty Industrial Machinery","",86.97,"",2024,172042.0,2351.0,938.0
"6501","日立製作所","20260220",4977.0,-2.0,4371.92,1656.14,13.47,1292.93,787891.7,"JPY",-24.0,61.9,"",0,12.3,12.6,18.1,14.4,"","Producer Manufacturing","Industrial Machinery","",4522.37,"",2025,9783370.0,6039.0,2590.0
"6503","三菱電機","20260220",5850.0,-3.0,4600.19,1503.81,7.96,1925.68,314508.8,"JPY",-26.3,69.7,"",0,8.3,8.3,7.2,7.4,"","Producer Manufacturing","Electrical Equipment & Parts","",2051.06,"",2025,5521711.0,5990.0,2267.0
"6504","富士電機","20260220",12575.0,0.0,13192.78,4855.98,11.32,4693.44,78292.0,"JPY",33.1,47.9,"",0,12.8,13.4,11.3,11.9,"","Producer Manufacturing","Electrical Equipment & Parts","",147.39,"",2025,1123407.0,12840.0,4620.0
"6505","TOYO DENKI SEIZO(TOYO ELECTRIC MFG)","20260220",2355.0,12.0,5662.96,1851.23,6.22,3032.56,1704.6,"JPY",49.1,46.0,"",0,7.7,4.2,3.0,4.5,"","Producer Manufacturing","Specialty Industrial Machinery","",9.03,"",2025,40539.0,2270.0,1101.0
"6506","安川電機","20260220",5198.0,-3.0,4149.68,1356.54,8.32,1662.44,35876.8,"JPY",11.9,61.3,"",0,7.8,14.5,16.6,15.9,"","Producer Manufacturing","Industrial Machinery","",259.37,"",2025,537682.0,5599.0,2582.0
"6507","SINFONIA TECHNOLOGY CO LTD","20260220",12020.0,-2.0,10471.71,3789.11,13.38,2839.44,10721.0,"JPY",38.3,43.6,"",0,15.1,12.4,17.2,10.9,"","Producer Manufacturing","Specialty Industrial Machinery","",28.22,"",2025,119150.0,11870.0,4260.0
"6508","MEIDENSHA CORP","20260220",7660.0,2.0,6874.41,2529.62,9.63,3059.44,13363.7,"JPY",49.1,45.6,"",0,12.2,7.8,5.2,7.0,"","Producer Manufacturing","Specialty Industrial Machinery","",45.36,"",2025,301101.0,7520.0,3090.0
"6513","ORIGIN COMPANY LTD","20260220",1087.0,"","","",-2.87,4462.93,-673.3,"JPY","",15.0,"",0,-1.5,-1.8,2.3,9.4,"","Producer Manufacturing","Semiconductor Equipment & Materials","",5.26,"",2025,28803.0,1154.0,1001.0
"6516","SANYO DENKI CO","20260220",4910.0,3.0,6141.17,2007.56,6.41,3193.77,7265.0,"JPY",31.0,42.2,"",0,5.1,11.2,14.2,12.8,"","Producer Manufacturing","Electrical Equipment & Parts","",35.49,"",2025,97847.0,4815.0,2453.3333
"6517","DENYO CO LTD","20260220",3840.0,8.0,7090.87,2318.02,6.26,3777.22,4836.0,"JPY",58.6,35.1,"",0,7.3,7.8,5.9,4.8,"","Producer Manufacturing","Specialty Industrial Machinery","",20.46,"",2025,70753.0,3975.0,1931.0
"6518","SANSO ELECTRIC CO","20260220",1208.0,9.0,2434.39,795.81,3.12,2597.6,371.7,"JPY",100.4,13.2,"",0,0.2,4.9,7.8,8.2,"","Producer Manufacturing","Specialty Industrial Machinery","",4.58,"",2025,16029.0,1348.0,732.0
"6521","OXIDE CORPORATION","20260220",2964.0,-14.0,927.89,303.33,6.42,481.92,347.3,"JPY","",0.0,"",0,4.7,-9.3,"","","","Electronic Technology","Electronic Components","",11.23,"",2025,8394.0,2984.0,820.0
"6522","Asterisk Inc.","20260220",403.0,"","","",-7.22,227.84,-124.7,"JPY","",0.0,"",0,-9.6,-14.7,-8.3,68.2,49.3,"Technology Services","Communication Equipment","",7.58,"",2025,1666.0,601.0,338.0
"6523","PHC HLDGS CORP","20260220",1044.0,8.0,1990.36,650.65,5.93,1119.59,8393.4,"JPY",-57.1,72.6,"",0,7.2,-2.7,10.9,9.4,"","Health Technology","Medical Devices","",126.51,"",2025,361593.0,1189.0,856.0
"6524","KOHOKU KOGYO CO LTD","20260220",4275.0,-4.0,3257.88,1164.87,13.01,904.59,3048.5,"JPY",39.6,38.2,33.0,0,16.2,11.9,20.1,51.0,"","Electronic Technology","Electronic Components","",25.9,"",2024,15924.0,3910.0,1458.0
"6525","KOKUSAI ELECTRIC CORPORATION","20260220",6371.0,-4.0,4530.3,1480.96,17.97,840.55,35242.8,"JPY","",0.0,"",0,19.3,14.1,33.7,"","","Producer Manufacturing","Industrial Machinery","",233.38,"",2025,238933.0,7120.0,1666.5
"6526","SOCIONEXT INC","20260220",1946.5,4.0,2093.73,792.25,11.58,782.0,15875.3,"JPY",14.9,58.7,"",0,14.8,23.8,22.0,9.2,"","Electronic Technology","Electrical Equipment & Parts","",175.25,"",2025,188535.0,3491.0,1233.5
"6533","ORCHESTRA HOLDINGS","20260220",1101.0,4.0,1451.84,474.61,8.19,590.63,465.1,"JPY",83.9,13.6,12.0,0,5.4,6.1,17.7,39.2,"","Commercial Services","Advertising Agencies","",9.61,"",2024,14036.0,1349.0,587.0
"6535","I MOBILE CO LTD","20260220",523.0,13.0,1067.52,415.79,15.58,289.33,2526.9,"JPY",3.2,73.9,"",0,18.6,17.6,18.5,18.2,17.7,"Technology Services","Advertising Agencies","",56.06,"",2025,21528.0,726.0,441.0
"6537","WASHHOUSE CO LTD","20260220",402.0,-13.0,126.84,41.46,1.7,249.35,29.3,"JPY",-31.5,50.0,"",0,0.8,1.0,0.6,-8.2,"","Commercial Services","Personal Services","",6.93,"",2024,2083.0,538.0,275.0
"6538","DISRUPTORS INC","20260220",327.0,1.0,346.88,118.37,11.93,107.38,262.3,"JPY","",17.6,"",0,9.9,5.4,"","","","Technology Services","Staffing & Employment Services","",20.47,"",2025,4294.0,389.0,123.0
"6539","MATCHING SERVICE JAPAN CO LTD","20260220",1050.0,3.0,1293.26,422.77,11.08,389.13,1071.3,"JPY",-2.1,90.0,"",0,10.4,11.1,13.3,11.3,"","Commercial Services","Staffing & Employment Services","",24.85,"",2025,7474.0,1073.0,845.0
"6540","SEMBA CORPORATION","20260220",1902.0,8.0,3630.22,1186.73,9.48,1276.76,1291.2,"JPY",23.5,80.7,75.0,0,11.5,7.9,3.3,2.9,"","Industrial Services","Engineering & Construction","",10.67,"",2024,28956.0,2000.0,1190.0
"6542","FOUNDERS CONSULTANTS HLDGS INC","20260113",1409.0,13.0,3623.13,1184.41,9.59,1259.51,787.4,"JPY",17.2,50.5,"",0,10.2,9.4,13.3,13.5,"","Industrial Services","Engineering & Construction","",6.52,"",2025,8531.0,4230423040.0,875.0
"6543","NISSEN INC","20260220",1350.0,10.0,2856.49,1050.12,12.33,894.53,423.5,"JPY",35.0,48.8,"",0,8.4,6.8,8.2,8.6,"","Commercial Services","Advertising Agencies","",3.84,"",2025,5533.0,1422.0,611.0
"6544","JAPAN ELEVATOR SERVICE HLDGS CO LTD","20260220",1630.5,-6.0,982.63,321.22,29.27,111.92,5841.1,"JPY",18.4,64.8,"",0,35.5,33.5,27.0,26.5,"","Industrial Services","Specialty Business Services","",178.33,"",2025,49375.0,2157.5,1242.5
"6545","INTERNET INFINITY INC(JP)","20260220",729.0,5.0,1052.84,398.47,13.11,311.34,215.9,"JPY",-12.9,61.6,"",0,17.6,8.8,4.5,12.5,"","Health Services","Health Information Services","",5.29,"",2025,5161.0,747.0,514.0
"6546","FULLTECH CO LTD","20260220",1163.0,6.0,1890.5,618.01,5.06,1244.69,338.4,"JPY",49.4,50.2,32.0,0,6.6,4.9,1.2,6.9,"","Producer Manufacturing","Specialty Industrial Machinery","",5.37,"",2024,13813.0,1232.0,1041.0
"6547","GREENS CO LTD","20260220",2265.0,23.0,11595.45,3790.57,52.15,741.15,5306.9,"JPY",15.4,43.6,"",0,68.6,95.3,339.9,"","","Consumer Services","Lodging","",13.73,"",2025,49645.0,2772.0,1960.0
"6548","Tabikobo Co., Ltd.","20260220",153.0,"","","",-17.31,29.71,-101.6,"JPY","",0.0,"",0,-8.7,"","",-1368.4,"","Consumer Services","Travel Services","",19.76,"",2025,3722.0,218.0,126.0
"6549","DM SOLUTIONS CO LTD","20260220",1628.0,17.0,5592.41,1828.17,13.73,1212.68,459.4,"JPY",126.7,0.0,"",0,17.0,16.2,15.8,1.8,"","Communications","Advertising Agencies","",2.76,"",2025,21155.0,1619.0,1148.0
"6550","UNIPOS INC","20250729",174.0,"","","",-57.97,149.11,-1119.4,"JPY","",0.0,"",0,-356.1,-109.0,-40.9,8.3,"","Technology Services","Software - Application","",12.95,"",2022,1453.0,283.0,116.0
"6551","Tsunagu Group Holdings, Inc.","20260220",686.0,15.0,2136.84,698.54,29.55,241.06,593.3,"JPY",-17.1,65.2,"",0,32.8,39.4,23.8,13.5,-14.2,"Commercial Services","Staffing & Employment Services","",8.33,"",2025,18269.0,934.0,439.0
"6552","GAMEWITH INC","20260220",168.0,"","","",-3.12,153.15,-83.5,"JPY","",14.5,"",0,-7.8,-1.5,5.2,3.8,"","Technology Services","Electronic Gaming & Multimedia","",17.46,"",2025,3451.0,246.0,162.0
"6554","SUS Co., Ltd.","20260220",1061.0,15.0,3068.46,1126.65,19.86,475.37,839.4,"JPY",19.5,57.1,"",0,25.6,20.2,15.2,19.0,18.8,"Commercial Services","Conglomerates","",8.89,"",2025,15015.0,1298.0,758.0
"6555","MS&CONSULTING CO LTD","20260220",412.0,14.0,1141.06,373.01,6.25,608.71,161.7,"JPY",4.9,63.6,"",0,4.3,3.8,7.6,7.5,"","Commercial Services","Information Technology Services","",4.25,"",2025,2552.0,480.0,359.0
"6557","AIAI GROUP CORPORATION","20260220",1267.0,13.0,3466.62,1133.24,27.04,427.31,761.5,"JPY",-38.5,50.0,"",0,41.5,53.5,8.3,36.9,"","Health Services","Medical Care Facilities","",6.59,"",2025,13071.0,1622.0,1095.0
"6558","Cookbiz Co., Ltd.","20260220",718.0,"","","",-12.97,393.19,-142.3,"JPY","",0.0,"",0,-28.3,0.7,"","","","Commercial Services","Staffing & Employment Services","",2.79,"",2025,2860.0,915.0,552.0
"6560","LTS INC","20260220",1662.0,10.0,3525.3,1246.54,12.84,1005.29,585.9,"JPY",60.2,33.2,35.0,0,16.3,14.1,18.1,23.8,"","Commercial Services","Consulting Services","",4.54,"",2024,16592.0,2660.0,1580.0
"6561","HANATOUR JAPAN CO LTD","20260220",867.0,20.0,3633.44,1187.78,43.75,276.83,1521.2,"JPY",-36.7,50.0,40.0,0,87.7,188.2,-107.6,-110.8,"","Consumer Services","Travel Services","",12.56,"",2024,6662.0,1421.0,875.0
"6562","GENIEE INC","20260220",1047.0,13.0,2680.02,945.36,13.87,647.45,1093.4,"JPY",35.4,33.7,"",0,22.9,20.3,29.8,21.9,"","Technology Services","Internet Content & Information","",12.18,"",2025,11321.0,1920.0,959.0
"6564","Midac Co. Ltd.","20260220",1998.0,4.0,2780.3,908.88,16.6,558.4,2564.4,"JPY",142.1,7.4,"",0,22.3,17.5,17.6,23.1,"","Transportation","Trucking","",27.67,"",2025,10905.0,2420.0,1735.0
"6565","ABHOTEL CO LTD","20260220",1638.0,17.0,5573.06,1821.84,20.66,899.08,2634.2,"JPY",32.8,38.3,"",0,24.4,27.5,28.5,10.0,"","Consumer Services","Lodging","",14.18,"",2025,10679.0,1810.0,1280.0
"6566","KANAME KOGYO CO LTD","20260220",1482.0,8.0,2722.87,890.11,7.36,1233.4,1440.4,"JPY",34.3,47.4,"",0,8.1,7.3,7.6,5.6,"","Transportation","Waste Management","",15.87,"",2025,14506.0,1646.0,941.0
"6570","KYOWA CORPORATION CO LTD","20260220",1275.0,18.0,4882.8,1596.2,19.91,817.28,970.1,"JPY",93.6,15.2,"",0,25.9,20.6,14.6,6.1,"","Consumer Services","Leisure","",5.96,"",2025,16705.0,1410.0,734.0
"6571","QB NET HOLDINGS CO LTD","20260220",1345.0,7.0,2383.99,779.33,7.15,1111.51,1049.8,"JPY",8.2,54.5,"",0,7.2,11.0,13.3,9.9,"","Consumer Services","Personal Services","",13.21,"",2025,25543.0,1433.0,973.0
"6572","OPEN GROUP INC","20260220",242.0,2.0,291.45,95.27,4.65,208.95,557.1,"JPY",101.1,0.0,"",0,3.6,1.3,-1.9,0.0,"","Technology Services","Information Technology Services","",57.34,"",2025,7224.0,418.0,227.0
"6573","AGILE MEDIA NETWORK INC","20260220",66.0,"","","",-86.25,10.39,-294.1,"JPY","",0.0,"",0,-281.0,-573.6,"",-18.7,"","Commercial Services","Advertising Agencies","",32.82,"",2024,455.0,177.0,60.0
"6574","CONVANO INC","20260220",124.0,-13.0,41.32,13.51,40.23,3.42,701.3,"JPY",46.0,27.0,"",0,5.1,-24.0,-3.2,6.5,"","Consumer Services","Personal Services","",509.16,"",2025,3240.0,375.0,17.8
"6577","BESTONE.COM CO LTD","20260220",1959.0,"","","",-0.44,758.94,-5.0,"JPY",65.3,17.3,"",0,0.8,36.6,5.9,-31.2,-20.4,"Consumer Services","Travel Services","",1.51,"",2025,2543.0,3155.0,1910.0
"6578","CORREC HOLDINGS INC","20260220",500.0,0.0,530.33,194.92,13.17,147.41,142.5,"JPY",-1.3,50.0,"",0,13.4,8.7,26.3,-25.3,"","Technology Services","Conglomerates","",7.34,"",2025,6468.0,491.0,261.0
"6579","LOGLY INC","20260220",323.0,"","","",-23.69,127.89,-115.2,"JPY","",0.0,"",0,-25.2,-4.2,25.2,-4.0,"","Commercial Services","Internet Content & Information","",3.8,"",2025,1605.0,439.0,250.0
"6580","WRITEUP CO LTD","20260220",1639.0,2.0,1897.35,624.7,11.18,609.38,348.7,"JPY","",2.9,"",0,18.0,8.6,"","","","Technology Services","Specialty Business Services","",5.12,"",2025,4003.0,3470.0,935.0
"6584","SANOH INDUSTRIAL CO","20260220",838.0,12.0,2045.59,668.71,5.52,1236.3,2441.8,"JPY",87.2,16.7,"",0,5.9,12.6,-4.1,1.2,"","Producer Manufacturing","Auto Parts","",35.81,"",2025,159538.0,999.0,496.0
"6586","MAKITA CORP","20260220",5930.0,4.0,8330.75,2723.34,7.93,3500.83,73452.3,"JPY",-10.5,67.6,"",0,9.1,5.7,1.6,9.8,"","Consumer Durables","Tools & Accessories","",264.51,"",2025,753130.0,6130.0,3674.0
"6588","TOSHIBA TEC CORP","20260220",3165.0,-8.0,1613.12,527.33,2.64,2039.8,2849.3,"JPY","",0.0,"",0,5.3,-4.4,-4.7,5.9,"","Electronic Technology","Computer Hardware","",52.99,"",2025,577023.0,3235.0,2006.0
"6590","SHIBAURA MECHATRONICS CO","20260220",27930.0,-1.0,24998.36,8172.01,23.12,3603.66,10941.0,"JPY",31.8,47.6,"",0,27.0,28.2,39.7,17.2,"","Producer Manufacturing","Electronic Components","",13.13,"",2025,80915.0,28620.0,5060.0
"6592","MABUCHI MOTOR CO","20260220",1765.0,4.0,2496.98,816.27,6.42,1296.69,20516.1,"JPY",20.5,47.3,53.0,0,6.3,6.1,4.9,4.9,"","Producer Manufacturing","Auto Parts","",246.49,"",2024,196212.0,1555.0,992.0
"6594","NIDEC CORPORATION","20260220",2300.0,6.0,3520.99,1151.02,7.84,1497.76,134558.1,"JPY",43.3,42.2,"",0,9.6,11.9,2.9,12.5,"","Producer Manufacturing","Specialty Industrial Machinery","",1146.48,"",2025,2607813.0,3296.0,1797.0
"6596","TSUKUBASEIKO CO LTD","20260108",1000.0,"","","",-23.33,49.87,-43.4,"JPY","",0.0,"",0,-18.4,-4.0,-26.5,-17.4,"","Electronic Technology","Semiconductor Equipment & Materials","",3.73,"",2025,237.0,1000.0,1000.0
"6597","HPC SYSTEMS INC","20260220",2014.0,5.0,2230.28,906.47,15.55,627.23,404.7,"JPY","",90.0,"",0,17.0,"","","","","Technology Services","Computer Hardware","",4.15,"",2025,7064.0,2339.0,950.0
"6599","EBRAINS INC","20260220",3015.0,11.0,6729.14,2199.77,7.08,3168.87,338.7,"JPY",3.4,53.1,"",0,7.0,7.9,11.2,10.0,"","Electronic Technology","Computer Hardware","",1.51,"",2025,4025.0,3425.0,2018.0
"6612","BALMUDA, Inc.","20260220",632.0,"","","",-32.35,329.81,-909.0,"JPY","",0.0,"",0,-20.9,1.5,-23.2,0.0,21.3,"Producer Manufacturing","Furnishings, Fixtures & Appliances","",8.52,"",2025,10115.0,973.0,623.0
"6613","QD LASER INC","20260220",724.0,"","","",-7.51,124.98,-392.1,"JPY","",0.0,"",0,-7.8,-13.4,-15.4,-23.2,"","Electronic Technology","Semiconductors","",41.76,"",2025,1308.0,716.0,216.0
"6614","SHIKINO HIGH-TECH CO LTD","20260220",871.0,3.0,1085.54,354.86,6.43,562.64,158.9,"JPY",10.6,51.2,"",0,5.0,24.5,32.4,26.9,"","Electronic Technology","Semiconductors","",4.39,"",2025,6516.0,1383.0,656.0
"6615","UMC ELECTRONICS CO TLD","20260220",336.0,"","","",-7.72,543.32,-1179.7,"JPY","",0.0,"",0,-12.0,6.8,4.2,11.0,"","Electronic Technology","Electronic Components","",28.14,"",2025,131938.0,435.0,220.0
"6616","TOREX SEMICONDUCTOR LTD","20260220",1740.0,"","","",-6.04,1643.06,-1051.6,"JPY","",8.4,"",0,-6.2,-10.5,14.0,14.5,"","Electronic Technology","Semiconductors","",10.59,"",2025,23957.0,1803.0,919.0
"6617","TAKAOKA TOKO CO LTD","20260220",5430.0,6.0,8477.2,2771.21,7.44,3798.5,4535.3,"JPY",4.5,60.3,"",0,6.8,9.5,6.2,4.9,"","Producer Manufacturing","Electrical Equipment & Parts","",16.05,"",2025,106624.0,5380.0,1740.0
"6619","W-SCOPE CORPORATION","20260220",171.0,"","","",-10.9,904.46,-5415.6,"JPY","",0.0,"",0,-6.8,1.7,"",14.5,10.8,"Process Industries","Electrical Equipment & Parts","",54.92,"",2025,31047.0,299.0,147.0
"6620","MIYAKOSHI HOLDINGS INC","20260220",808.0,-16.0,210.06,68.67,1.06,657.91,280.2,"JPY",-35.7,50.0,"",0,1.5,2.2,2.1,3.0,"","Finance","Asset Management","",40.01,"",2025,1030.0,1825.0,763.0
"6622","DAIHEN CORP","20260220",14450.0,0.0,14552.89,4757.36,8.38,5787.16,11598.7,"JPY",27.1,52.0,"",0,8.2,9.8,12.8,12.4,"","Producer Manufacturing","Specialty Industrial Machinery","",23.91,"",2025,226375.0,14070.0,4980.0
"6623","AICHI ELECTRIC CO. LTD.","20260220",9000.0,-7.0,5154.51,1685.02,8.66,1983.0,6874.4,"JPY",73.1,25.7,"",0,9.1,8.5,9.9,9.4,"","Producer Manufacturing","Electrical Equipment & Parts","",40.01,"",2025,120270.0,"",""
"6625","Jalco Holdings Inc.","20260220",400.0,-22.0,55.38,18.1,1.07,172.54,203.8,"JPY",228.0,39.1,"",0,0.7,21.0,9.9,3.6,"","Technology","Semiconductors","",110.37,"",2025,6859.0,448.0,202.0
"6626","Semitec Corp.","20260220",2679.0,13.0,6637.24,2423.68,11.63,2270.19,2700.0,"JPY",21.1,45.0,"",0,13.3,14.6,19.7,23.0,"","Technology","Electronic Components","",10.23,"",2025,25334.0,2477.0,1214.0
"6627","TERA PROBE INC","20260220",8950.0,-1.0,8082.03,2642.03,6.55,4110.11,2451.6,"JPY",131.7,10.0,110.0,0,7.6,10.1,9.4,6.4,"","Commercial Services","Semiconductor Equipment & Materials","",9.1,"",2024,37108.0,9900.0,1901.0
"6629","Techno Horizon Co. Ltd.","20260220",1062.0,-5.0,720.51,235.54,3.21,748.37,323.8,"JPY",68.2,21.1,"",0,-0.7,15.0,-12.3,3.5,"","Technology","Electronic Components","",13.48,"",2025,50624.0,1541.0,299.0
"6630","YA-MAN LTD","20260220",705.0,"","","",-1.59,470.67,-412.1,"JPY",38.6,36.5,"",0,-0.6,1.7,18.1,33.3,"","Consumer Durables","Household & Personal Products","",55.02,"",2025,25040.0,926.0,670.0
"6632","JVCKENWOOD CORPORATION","20260220",1334.5,15.0,3792.6,1431.87,16.16,859.22,20218.0,"JPY",-4.4,63.8,"",0,20.3,15.0,12.7,6.1,"","Electronic Technology","Auto Parts","",145.6,"",2025,370308.0,1456.5,901.0
"6633","CGS HOLDINGS INC","20260220",356.0,8.0,638.68,208.79,6.34,335.68,202.3,"JPY",47.4,48.1,10.0,0,3.9,2.2,10.5,8.5,"","Technology Services","Software - Application","",9.5,"",2024,3927.0,411.0,271.0
"6634","NCXX Group Inc.","20260220",120.0,"","","",-0.41,76.84,-12.0,"JPY","",0.0,"",0,-0.3,-8.8,-5.8,62.2,-147.4,"Technology","Communication Equipment","",37.99,"",2025,3562.0,214.0,106.0
"6635","Di-Nikko Engineering Co. Ltd.","20260220",608.0,15.0,1805.43,590.2,5.8,1037.86,399.0,"JPY",-18.0,60.1,16.0,0,7.7,7.6,10.8,2.2,"","Technology","Electronic Components","",6.63,"",2024,38960.0,555.0,382.0
"6637","Terasaki Electric Co. Ltd.","20260220",4440.0,11.0,10456.83,3418.36,8.83,3947.2,4541.8,"JPY",54.4,28.8,"",0,9.5,10.5,5.7,3.2,"","Industrials","Electrical Equipment & Parts","",13.03,"",2025,56404.0,5370.0,1597.0
"6638","MIMAKI ENGINEERING CO.LTD","20260220",1839.0,16.0,5692.43,2056.96,16.35,1113.62,5267.7,"JPY",26.2,46.7,"",0,23.0,16.7,14.5,13.7,"","Producer Manufacturing","Electronics & Computer Distribution","",28.93,"",2025,83963.0,2237.0,1141.0
"6640","Dai-ichi Seiko Co. Ltd.","20250324",2938.0,2.0,3302.43,1079.57,3.29,3349.38,2042.0,"JPY",-140.6,57.4,"",0,3.5,-2.0,2.0,12.8,"","Technology","Electronic Components","",18.55,"",2024,64548.0,5383629312.0,0.0
"6643","TOGAMI ELECTRIC MFG CO","20260220",5400.0,13.0,13756.77,4979.27,11.39,4746.19,2550.6,"JPY",48.8,41.2,"",0,13.0,11.2,7.7,7.3,"","Producer Manufacturing","Electrical Equipment & Parts","",4.72,"",2025,27648.0,5000.0,2800.0
"6644","OSAKI ELECTRIC CO","20260220",1692.0,-8.0,880.96,287.99,2.49,1179.75,1309.7,"JPY",-7.9,50.0,"",0,5.0,6.1,-1.0,-1.2,"","Producer Manufacturing","Scientific & Technical Instruments","",44.6,"",2025,97102.0,1544.0,676.0
"6645","歐姆龍","20260220",5169.0,"","","",-0.19,3925.17,-1448.9,"JPY",-149.9,65.0,"",0,0.4,0.5,11.6,10.2,"","Producer Manufacturing","Electronic Components","",196.65,"",2025,801753.0,5043.0,3503.0
"6647","MORIO DENKI CO LTD","20260220",2739.0,23.0,12533.62,4492.42,12.11,3878.2,624.6,"JPY",49.2,38.2,"",0,12.5,4.9,4.0,6.5,"","Electronic Technology","Electrical Equipment & Parts","",1.33,"",2025,9212.0,2749.0,1503.0
"6651","NITTO KOGYO CORPORATION","20260220",4550.0,8.0,8382.01,2740.09,9.21,3034.63,10600.5,"JPY",85.6,50.6,"",0,9.1,9.0,6.4,6.7,"","Producer Manufacturing","Electrical Equipment & Parts","",37.94,"",2025,184683.0,4485.0,2681.0
"6652","IDEC CORPORATION","20260220",3245.0,1.0,3511.67,1147.97,5.42,2160.79,3456.7,"JPY",36.4,50.1,"",0,2.9,8.7,21.1,16.5,"","Electronic Technology","Electrical Equipment & Parts","",29.53,"",2025,67380.0,3220.0,2003.0
"6653","SEIKO ELECTRIC CO","20260220",2547.0,0.0,2562.75,837.77,7.28,1173.84,1155.8,"JPY",81.9,26.9,50.0,0,8.0,9.4,9.3,10.5,"","Producer Manufacturing","Electronic Components","",13.53,"",2024,29099.0,2795.0,954.0
"6654","FUJI ELECTRIC INDUSTRY CO LTD","20260220",1104.0,1.0,1217.91,398.14,2.1,1935.07,217.6,"JPY",91.6,61.7,16.0,0,2.3,2.6,2.6,1.9,"","Producer Manufacturing","Electrical Equipment & Parts","",5.36,"",2025,3927.0,1139.0,939.0
"6655","TOYO ELECTRIC CORPORATION","20260220",806.0,8.0,1500.28,490.44,4.32,1158.4,268.1,"JPY",94.0,12.5,"",0,4.8,8.2,-4.8,1.5,"","Electronic Technology","Electrical Equipment & Parts","",5.36,"",2025,9348.0,"",""
"6658","Shirai Electronics Industrial Co. Ltd.","20260220",787.0,27.0,4447.31,1631.71,19.99,661.8,1984.2,"JPY",-18.6,57.2,"",0,27.1,26.9,53.7,60.1,"","Technology","Electronic Components","",15.0,"",2025,29337.0,786.0,475.0
"6659","Media Links Co. Ltd.","20260220",45.0,"","","",-18.39,44.54,-449.1,"JPY","",0.0,"",0,-19.6,-11.3,-28.8,-52.1,"","Technology","Software - Infrastructure","",54.83,"",2025,2789.0,93.0,41.0
"6662","UBITEQ.INC.","20260220",236.0,"","","",-6.73,100.2,-99.8,"JPY","",0.0,"",0,-8.5,-10.8,-8.7,-7.4,"","Technology Services","Software - Infrastructure","",14.79,"",2025,1235.0,300.0,193.0
"6663","TAIYO TECHNOLEX CO. LTD.","20260220",342.0,7.0,575.96,188.28,4.31,445.41,115.0,"JPY",-120.6,50.0,"",0,5.0,-3.0,-5.0,1.0,9.4,"Electronic Technology","Electronic Components","",5.99,"",2025,3751.0,390.0,192.0
"6664","Optoelectronics Co., Ltd.","20260220",335.0,"","","",-8.67,836.25,-448.0,"JPY","",0.0,"",0,-9.1,-12.0,-13.8,-0.9,25.3,"Electronic Technology","Scientific & Technical Instruments","",6.18,"",2025,6772.0,451.0,193.0
"6666","RIVER ELETEC CORP","20260220",531.0,"","","",-3.03,546.42,-136.1,"JPY",105.3,5.0,"",0,-1.8,-0.6,23.1,68.3,"","Electronic Technology","Electronic Components","",8.23,"",2025,5698.0,605.0,298.0
"6668","Adtec Plasma Technology Co., Ltd.","20260220",1910.0,11.0,4271.41,1396.33,9.26,1537.92,1220.2,"JPY",39.5,35.4,"",0,10.9,11.2,18.4,31.8,14.6,"Electronic Technology","Electrical Equipment & Parts","",8.57,"",2025,12680.0,2004.0,1000.0
"6670","MCJ CO LTD","20260220",2357.0,8.0,4215.94,1573.91,15.9,942.18,14199.9,"JPY",14.7,59.3,"",0,18.2,18.2,16.1,18.3,"","Electronic Technology","Computer Hardware","",94.8,"",2025,207171.0,2335.0,1143.0
"6674","GS Yuasa","20260220",5208.0,7.0,9232.39,3018.08,8.9,3459.38,30873.1,"JPY",64.3,32.3,"",0,9.0,14.4,5.1,6.9,"","Producer Manufacturing","Auto Parts","",100.32,"",2025,580340.0,4539.0,1944.0
"6675","SAXA INC","20260220",7730.0,8.0,14612.48,4776.85,9.2,5295.01,2830.0,"JPY",25.8,50.4,"",0,10.8,10.2,9.2,2.9,"","Electronic Technology","Communication Equipment","",5.81,"",2025,43971.0,7460.0,2664.0
"6676","BUFFALO INC","20260220",5020.0,16.0,13076.9,5143.7,14.72,3725.06,6631.4,"JPY",-94.7,77.5,"",0,9.0,1.6,5.8,18.0,"","Electronic Technology","Computer Hardware","",12.09,"",2025,143170.0,5140.0,1750.0
"6677","SK-Electronics Co., Ltd.","20260220",3520.0,11.0,7905.35,2584.27,7.91,3332.37,2735.3,"JPY",47.8,50.8,"",0,8.5,7.3,11.8,13.6,4.8,"Electronic Technology","Electronic Components","",10.38,"",2025,29187.0,3500.0,1835.0
"6678","TECHNO MEDICA CO","20260220",2456.0,10.0,5098.51,1666.71,8.2,2073.34,1179.5,"JPY",-5.6,69.9,"",0,7.2,8.3,7.4,8.6,"","Health Technology","Medical Devices","",6.94,"",2025,9905.0,2599.0,1580.0
"6694","ZOOM CORPORATION","20260220",646.0,"","","",-0.14,1654.73,-9.9,"JPY",87.3,32.3,32.0,0,0.6,1.5,7.1,16.7,"","Consumer Durables","Consumer Electronics","",4.33,"",2024,18072.0,726.0,579.0
"6698","VISCO Technologies Corp.","20241202",1098.0,-23.0,131.64,43.03,0.67,655.19,21.2,"JPY",-8.5,55.9,"",0,-1.8,3.0,16.2,16.4,"","Technology","Electronic Components","",4.82,"",2024,3203.0,"",""
"6699","DIAMOND ELECTRIC HLDGS CO LTD","20260220",654.0,26.0,4109.66,1370.3,11.17,1348.05,1272.6,"JPY",279.4,7.9,"",0,4.7,1.1,-9.8,16.1,"","Producer Manufacturing","Auto Parts","",8.45,"",2025,91724.0,669.0,451.0
"6701","日本電氣","20260220",3916.0,1.0,4326.08,1414.2,9.85,1464.26,192237.8,"JPY",-57.4,60.7,"",0,9.2,9.2,7.8,10.1,"","Technology Services","Information Technology Services","",1333.11,"",2025,3423431.0,6194.0,2660.5
"6702","富士通","20260220",4053.0,1.0,3694.9,1420.08,15.28,988.71,266054.1,"JPY",-44.8,68.8,"",0,12.2,23.2,11.3,16.2,"","Technology Services","Information Technology Services","",1760.84,"",2025,3550116.0,4668.0,2514.5
"6703","沖電氣工業","20260220",3070.0,6.0,3789.09,1426.48,9.75,1679.16,14205.5,"JPY",-68.8,55.1,"",0,10.0,26.0,-2.9,4.9,"","Electronic Technology","Communication Equipment","",86.75,"",2025,452457.0,2793.0,777.0
"6706","DKK CO LTD","20260220",3040.0,0.0,2979.79,974.1,2.39,4163.36,870.1,"JPY","",0.0,"",0,2.0,-2.9,-2.6,0.6,"","Industrial Services","Communication Equipment","",8.76,"",2025,32582.0,2989.0,1590.0
"6707","SANKEN ELECTRIC CO","20260220",7765.0,"","","",-3.98,7375.34,-5869.3,"JPY",291.6,11.3,"",0,-11.6,0.5,10.0,3.8,"","Electronic Technology","Semiconductors","",19.99,"",2025,121619.0,9067.0,4883.0
"6715","NAKAYO INC","20250627",2539.0,"","","",-1.63,3501.12,-256.0,"JPY","",0.0,"",0,-1.6,-3.2,-6.4,-0.5,"","Electronic Technology","Communication Equipment","",4.48,"",2025,17451.0,1619673344.0,0.0
"6718","AIPHONE CO LTD","20260220",2877.0,8.0,5415.67,1770.39,4.43,4078.31,2955.2,"JPY",46.9,49.7,"",0,5.0,7.9,5.0,7.9,"","Electronic Technology","Communication Equipment","",16.37,"",2025,63316.0,3130.0,2174.0
"6721","WINTEST CORP","20260220",123.0,"","","",-165.27,13.01,-1153.6,"JPY","",0.0,"",0,-65.9,-41.0,-43.2,-31.3,"","Electronic Technology","Scientific & Technical Instruments","",53.66,"",2024,417.0,185.0,90.0
"6723","Renesas Electronics Corporation","20260220",2908.0,-16.0,752.35,245.94,1.86,1347.37,45471.6,"JPY",58.0,29.0,"",0,-0.7,11.2,20.3,22.6,27.9,"Electronic Technology","Semiconductors","",1813.19,"",2025,1321212.0,3138.0,1320.0
"6724","愛普生","20260220",2073.5,12.0,5102.45,1668.0,6.77,2511.48,54499.3,"JPY",17.6,55.0,"",0,7.2,8.1,11.5,17.1,"","Electronic Technology","Computer Hardware","",320.43,"",2025,1362944.0,2572.5,1798.0
"6727","WACOM CO LTD","20260220",849.0,12.0,2049.12,669.86,29.78,229.35,9190.3,"JPY",-5.8,90.0,"",0,24.3,21.1,5.7,28.5,"","Electronic Technology","Computer Hardware","",134.55,"",2025,115680.0,892.0,449.0
"6728","ULVAC INC","20260220",10410.0,0.0,10090.12,3298.48,7.41,4541.97,16547.8,"JPY",12.1,60.4,"",0,8.1,10.3,8.6,13.9,"","Electronic Technology","Specialty Industrial Machinery","",49.2,"",2025,251184.0,10320.0,3915.0
"6730","AXELL CORP","20260220",1240.0,13.0,3377.58,1104.14,9.4,1198.33,1212.6,"JPY",43.3,53.3,"",0,8.7,15.3,13.5,8.6,"","Electronic Technology","Semiconductors","",10.77,"",2025,15244.0,1434.0,895.0
"6731","Pixela Corporation","20260220",40.0,"","","",-98.05,8.23,-828.5,"JPY","",0.0,"",0,-415.1,-161.2,-96.1,-67.4,-67.0,"Electronic Technology","Computer Hardware","",102.69,"",2025,1001.0,139.0,30.0
"6734","NEWTECH CO LTD","20260220",2625.0,8.0,3877.54,1470.26,11.47,1398.45,309.6,"JPY",3.8,60.1,"",0,10.7,12.7,15.7,10.8,"","Electronic Technology","Computer Hardware","",1.93,"",2025,4695.0,2649.0,1375.0
"6736","SUNCORPORATION","20260220",8650.0,-22.0,1239.08,405.06,1.92,2146.39,916.1,"JPY",11348.4,0.0,"",0,0.0,-10.8,-18.6,-11.7,"","Technology Services","Consumer Electronics","",22.18,"",2025,10837.0,12200.0,5190.0
"6737","EIZO CORP","20260220",2263.0,0.0,2286.55,747.48,2.52,3021.23,3137.2,"JPY",170.1,56.2,"",0,2.4,3.2,3.3,7.5,"","Producer Manufacturing","Computer Hardware","",41.16,"",2025,80493.0,2372.0,1773.0
"6740","JAPAN DISPLAY INC","20260220",23.0,"","","",-616.63,1.78,-42486.1,"JPY","",0.0,"",0,-48.5,-27.1,-64.4,-25.9,"","Electronic Technology","Electronic Components","",3880.39,"",2025,188012.0,33.0,14.0
"6741","NIPPON SIGNAL CO","20260220",1691.0,10.0,3583.38,1171.41,7.26,1645.39,7449.9,"JPY",27.2,55.1,"",0,7.9,5.8,4.6,5.3,"","Electronic Technology","Electrical Equipment & Parts","",62.37,"",2025,106859.0,1683.0,781.0
"6742","KYOSAN ELECTRIC MANUFACTURING CO","20260220",783.0,13.0,2029.02,663.29,8.18,826.45,4231.9,"JPY",-2.3,79.0,"",0,9.2,3.5,4.3,-3.1,"","Electronic Technology","Scientific & Technical Instruments","",62.57,"",2025,85367.0,763.0,393.0
"6743","DAIDO SIGNAL CO","20260220",885.0,8.0,1600.28,523.14,3.49,1530.5,846.6,"JPY",114.5,19.0,"",0,2.0,4.8,2.7,3.8,"","Electronic Technology","Specialty Industrial Machinery","",15.87,"",2025,21914.0,973.0,441.0
"6744","NOHMI BOSAI","20260220",4280.0,3.0,5372.04,1756.13,8.18,2188.84,10540.0,"JPY",39.8,49.4,"",0,9.1,7.4,5.7,9.1,"","Electronic Technology","Security & Protection Services","",58.86,"",2025,133696.0,4235.0,2723.0
"6745","HOCHIKI CORP","20260220",5920.0,2.0,6998.88,2679.06,12.08,2377.0,7139.8,"JPY",-9.5,64.8,"",0,13.7,12.3,10.1,10.7,"","Electronic Technology","Building Products & Equipment","",24.87,"",2025,100900.0,5650.0,2030.0
"6748","SEIWA ELECTRIC MFG CO","20260220",788.0,18.0,2986.32,976.23,7.47,1332.23,1288.1,"JPY",24.9,48.3,20.0,0,8.3,5.6,8.2,7.6,"","Producer Manufacturing","Electrical Equipment & Parts","",12.94,"",2024,25215.0,960.0,462.0
"6750","ELECOM CO","20260220",1784.0,10.0,3877.43,1267.54,11.94,1082.55,9870.7,"JPY",18.1,77.5,"",0,11.0,12.1,9.8,14.0,"","Electronic Technology","Computer Hardware","",76.37,"",2025,118007.0,2056.0,1468.0
"6752","松下電器","20260220",2510.5,5.0,3594.56,1175.07,5.96,2010.78,279732.2,"JPY",91.9,17.1,"",0,8.1,12.7,8.5,7.5,"","Consumer Durables","Consumer Electronics","",2334.63,"",2025,8458185.0,2592.0,1363.5
"6753","夏普","20260220",651.0,8.0,1203.84,393.54,14.38,238.17,22240.2,"JPY","",0.0,"",0,0.1,-9.3,-11.5,28.3,"","Consumer Durables","Consumer Electronics","",649.3,"",2025,2160146.0,998.8,635.0
"6754","ANRITSU CORP","20260220",2611.0,-2.0,2288.59,748.14,7.86,970.84,9764.7,"JPY",-21.1,80.3,"",0,7.4,7.0,8.1,12.0,"","Electronic Technology","Scientific & Technical Instruments","",128.0,"",2025,112979.0,2538.0,1145.0
"6755","FUJITSU GENERAL","20250818",2798.0,-7.0,1596.08,521.76,4.26,1248.9,5572.5,"JPY",-15.0,71.5,"",0,2.7,6.6,9.2,3.5,"","Producer Manufacturing","Furnishings, Fixtures & Appliances","",104.74,"",2025,354087.0,32306804736.0,2709.0
"6757","OSG CORPORATION LTD","20260220",807.0,-2.0,666.22,217.79,4.51,492.51,115.7,"JPY",92.0,46.0,40.0,0,2.6,8.5,7.1,24.6,"","Producer Manufacturing","Specialty Industrial Machinery","",5.21,"",2025,7929.0,1018.0,699.0
"6758","索尼","20260220",3336.0,-2.0,2794.73,913.6,6.8,1370.84,555865.7,"JPY",28.0,40.6,"",0,14.2,13.4,17.8,13.2,"","Electronic Technology","Consumer Electronics","",5966.94,"",2025,12957064.0,4776.0,2980.5
"6762","TDK","20260220",2380.0,1.0,2508.98,820.19,8.82,948.23,158763.3,"JPY",7.2,64.6,"",0,9.4,7.8,8.5,13.0,"","Electronic Technology","Electronic Components","",1898.34,"",2025,2204806.0,2757.5,1165.0
"6763","TEIKOKU TSUSHIN KOGYO CO","20260220",2725.0,8.0,4892.69,1599.43,5.46,2984.75,1518.4,"JPY",24.7,56.7,"",0,6.3,4.3,6.5,7.0,"","Electronic Technology","Electrical Equipment & Parts","",9.31,"",2025,16790.0,2950.0,1856.0
"6768","TAMURA CORP","20260220",686.0,9.0,1409.86,460.89,5.85,803.61,3739.0,"JPY",-18.5,62.8,"",0,7.0,6.0,7.1,1.5,"","Electronic Technology","Electronic Components","",79.56,"",2025,114051.0,694.0,374.0
"6769","Thine Electronics, Inc.","20260220",850.0,"","","",-4.07,829.92,-359.4,"JPY","",11.1,"",0,-5.1,2.2,-0.7,8.1,8.4,"Electronic Technology","Semiconductors","",10.63,"",2025,4639.0,1133.0,731.0
"6770","阿爾卑斯電氣","20260220",2330.5,1.0,2585.86,845.32,4.21,2045.95,17441.7,"JPY",-36.3,71.0,"",0,2.7,2.4,5.0,7.1,"","Electronic Technology","Electronic Components","",202.35,"",2025,990407.0,2277.5,1195.0
"6771","IKEGAMI TSUSHINKI CO","20260220",716.0,12.0,1824.3,596.37,2.86,2127.41,390.4,"JPY",87.5,20.3,"",0,1.7,5.4,-7.7,1.5,"","Consumer Durables","Communication Equipment","",6.42,"",2025,20734.0,700.0,510.0
"6772","TOKYO COSMOS ELECTRIC CO","20260220",1431.0,7.0,2504.4,818.69,7.44,1122.22,563.5,"JPY",0.8,57.0,"",0,10.1,16.5,25.3,15.7,"","Electronic Technology","Electronic Components","",6.75,"",2025,10506.0,1890.0,1112.0
"6775","TB GROUP INC","20260220",140.0,"","","",-27.14,44.15,-163.9,"JPY","",0.0,"",0,-24.7,-26.5,-31.1,-25.4,"","Electronic Technology","Electronic Components","",13.68,"",2025,2329.0,174.0,98.0
"6776","TENSHO ELECTRIC INDUSTRIES CO","20260220",269.0,20.0,1117.9,365.44,5.97,624.57,633.9,"JPY",56.0,27.1,"",0,6.8,10.5,8.2,3.2,"","Producer Manufacturing","Auto Parts","",17.01,"",2025,27885.0,314.0,215.0
"6777","SANTEC HOLDINGS CORPORATION","20260220",19170.0,-4.0,13969.13,4566.53,25.56,1822.02,5475.9,"JPY",20.5,54.1,"",0,30.9,28.9,25.4,15.8,"","Electronic Technology","Scientific & Technical Instruments","",11.76,"",2025,24026.0,17930.0,3375.0
"6778","ARTIZA NETWORKS","20260220",643.0,1.0,680.3,222.39,3.04,747.15,199.1,"JPY",682.8,8.5,"",0,2.4,-2.3,3.7,16.4,20.3,"Electronic Technology","Communication Equipment","",8.78,"",2025,2680.0,695.0,502.0
"6779","NIHON DEMPA KOGYO","20260220",1182.0,11.0,2731.49,892.93,7.18,1267.71,2095.1,"JPY",34.2,36.5,"",0,8.6,10.6,32.0,47.9,"","Electronic Technology","Electronic Components","",23.01,"",2025,53064.0,1234.0,613.0
"6785","SUZUKI CO LTD","20260220",2986.0,8.0,4483.16,1628.53,10.0,1874.58,2692.1,"JPY",37.3,40.9,"",0,10.7,9.4,8.9,10.8,"","Producer Manufacturing","Electronic Components","",14.36,"",2025,33322.0,2930.0,1289.0
"6786","RVH INC","20260220",56.0,"","","",-8.32,29.54,-62.3,"JPY","",0.0,"",0,-4.0,-11.5,-11.4,-8.0,"","Technology Services","Software - Application","",25.32,"",2025,1469.0,146.0,43.0
"6787","MEIKO ELECTRONICS CO","20260220",21510.0,-1.0,19246.12,6402.36,13.96,4218.16,15106.0,"JPY",164.0,8.0,"",0,15.4,15.1,16.0,32.5,"","Electronic Technology","Electronic Components","",25.66,"",2025,206806.0,19040.0,4545.0
"6788","NIHON TRIM CO LTD","20260220",5090.0,7.0,8722.71,2851.47,9.17,3170.11,2198.1,"JPY",44.2,43.5,"",0,10.2,9.9,8.1,11.1,"","Producer Manufacturing","Pollution & Treatment Controls","",7.56,"",2025,22463.0,5190.0,3350.0
"6794","FOSTER ELECTRIC CO","20260220",2993.0,5.0,4375.77,1430.45,5.38,2708.95,3277.5,"JPY",48.8,39.3,"",0,6.8,4.0,2.6,-11.5,"","Consumer Durables","Consumer Electronics","",22.47,"",2025,137607.0,3220.0,962.0
"6797","NAGOYA ELECTRIC WORKS","20260220",1290.0,18.0,4691.23,1533.57,8.2,1906.21,1837.4,"JPY",65.2,28.5,"",0,10.1,8.8,10.3,11.5,"","Electronic Technology","Electronic Equipment/Instruments","",11.75,"",2025,17262.0,1370.0,915.0
"6798","SMK CORP","20260220",3325.0,"","","",-1.26,4616.27,-367.9,"JPY",-832.6,57.0,"",0,-1.2,-0.6,6.3,11.4,"","Electronic Technology","Electronic Components","",6.33,"",2025,48051.0,3150.0,1989.0
"6800","YOKOWO CO LTD","20260220",3005.0,3.0,3677.67,1202.24,5.5,2228.14,2857.6,"JPY",59.8,31.8,"",0,5.6,4.0,9.9,13.1,"","Consumer Durables","Electronic Components","",23.31,"",2025,82884.0,3185.0,1018.0
"6803","TEAC CORP","20260220",122.0,12.0,310.05,101.36,8.37,123.54,297.7,"JPY",44.4,27.8,"",0,2.3,-1.7,12.4,21.3,"","Consumer Durables","Computer Hardware","",28.8,"",2025,15668.0,127.0,59.0
"6804","HOSIDEN CORP","20260220",2795.0,14.0,7939.77,2595.53,9.6,2757.24,13468.5,"JPY",10.4,64.9,"",0,7.8,9.9,11.0,10.4,"","Electronic Technology","Electrical Equipment & Parts","",50.89,"",2025,247571.0,2935.0,1615.0
"6806","HIROSE ELECTRIC CO","20260220",21400.0,4.0,28310.74,9254.83,8.56,11022.84,31689.2,"JPY",-8.6,77.7,"",0,9.1,7.8,10.4,9.7,"","Electronic Technology","Electronic Components","",33.58,"",2025,189420.0,22255.0,14590.0
"6807","JAPAN AVIATION ELECTRONICS INDUSTRY","20260220",2619.0,8.0,4659.48,1523.19,7.83,1983.31,10469.9,"JPY",-0.4,65.0,"",0,9.3,6.7,9.6,10.5,"","Electronic Technology","Electronic Components","",67.41,"",2025,221644.0,2928.0,2119.0
"6809","TOA CORPORATION","20260220",1786.0,5.0,2621.58,857.0,5.31,1646.42,2627.7,"JPY",-5.3,81.4,"",0,5.1,4.4,2.8,3.3,"","Electronic Technology","Security & Protection Services","",30.07,"",2025,50626.0,1872.0,797.0
"6810","MAXELL LTD","20260220",2226.0,12.0,5510.46,1801.38,8.67,2118.15,7922.2,"JPY",-42.6,78.5,"",0,8.2,9.9,5.7,9.7,"","Producer Manufacturing","Consumer Electronics","",43.13,"",2025,129806.0,2548.0,1476.0
"6814","FURUNO ELECTRIC CO","20260220",8280.0,5.0,12276.37,4645.21,18.11,2283.64,13075.1,"JPY",10.2,67.3,"",0,18.7,12.0,3.2,6.2,"","Electronic Technology","Scientific & Technical Instruments","",31.61,"",2025,126953.0,10020.0,1803.0
"6817","Sumida Corporation","20260220",1213.0,13.0,3283.12,1073.26,5.83,1875.62,3618.0,"JPY",93.5,22.7,"",0,6.2,3.2,10.1,13.2,8.2,"Electronic Technology","Electronic Components","",33.06,"",2025,147194.0,1249.0,757.0
"6819","IZU SHABOTEN RESORT CO LTD","20260220",496.0,15.0,1431.11,496.96,14.49,311.46,834.9,"JPY",44.9,27.6,"",0,18.2,19.8,19.6,7.6,"","Consumer Services","Leisure","",18.5,"",2025,5489.0,590.0,411.0
"6820","ICOM INCORPORATED","20260220",3145.0,7.0,5556.69,1816.49,3.95,4694.01,2658.0,"JPY",39.1,50.6,"",0,4.5,5.7,4.4,2.1,"","Electronic Technology","Communication Equipment","",14.35,"",2025,37468.0,3595.0,2346.0
"6822","OI ELECTRIC CO LTD","20260220",4845.0,25.0,26788.07,9261.25,15.09,5383.97,1064.3,"JPY",47.6,26.2,"",0,16.4,15.7,-13.9,-13.7,"","Electronic Technology","Communication Equipment","",1.31,"",2025,29046.0,4690.0,2196.0
"6823","RION CO LTD","20260220",2999.0,12.0,7178.51,2346.67,9.39,2549.39,2950.4,"JPY",6.1,58.4,"",0,10.5,10.1,9.6,9.6,"","Health Technology","Medical Devices","",12.33,"",2025,27877.0,2971.0,1952.0
"6824","NEW COSMOS ELECTRONIC CO","20260220",5020.0,8.0,9047.64,2957.69,7.79,3871.08,3712.6,"JPY",50.4,32.1,"",0,7.5,7.3,10.9,11.4,"","Electronic Technology","Scientific & Technical Instruments","",12.31,"",2025,42153.0,4890.0,2050.0
"6832","AOI ELECTRONICS","20260220",2905.0,-21.0,441.43,144.3,0.38,3831.7,164.8,"JPY","",11.5,"",0,0.5,-4.3,0.6,6.0,"","Electronic Technology","Semiconductors","",11.2,"",2025,34974.0,2820.0,1519.0
"6834","SEIKOH GIKEN CO","20260220",23520.0,-11.0,9196.7,3006.42,9.78,3134.71,2737.6,"JPY",8.3,65.3,"",0,8.0,3.2,4.6,4.8,"","Producer Manufacturing","Electronic Components","",8.93,"",2025,19982.0,19760.0,2534.0
"6835","ALLIED TELESIS HOLDINGS KK","20260220",294.0,7.0,518.02,180.5,10.81,184.29,2103.5,"JPY",49.4,25.3,8.0,0,11.5,7.3,-0.6,31.0,"","Electronic Technology","Communication Equipment","",105.54,"",2024,48458.0,381.0,127.0
"6837","KYOSHA CO LTD","20260220",297.0,18.0,1138.19,372.08,5.62,675.07,552.4,"JPY",55.4,33.3,"",0,7.8,8.6,5.1,5.2,"","Electronic Technology","Electronic Components","",14.56,"",2025,26229.0,415.0,288.0
"6838","Tamagawa Holdings Co., Ltd.","20260220",874.0,-4.0,634.97,207.57,2.52,838.96,138.0,"JPY","",0.0,"",0,2.9,-1.8,-9.9,3.4,"","Electronic Technology","Conglomerates","",6.52,"",2025,5587.0,898.0,561.0
"6840","AKIBA HOLDINGS CO LTD","20260220",569.0,14.0,1518.03,550.83,13.82,384.64,488.0,"JPY",9.0,45.5,"",0,12.6,16.3,28.9,19.3,"","Electronic Technology","Computer Hardware","",9.18,"",2025,18272.0,648.0,186.0
"6841","橫河電機","20260220",5398.0,1.0,6038.16,2273.17,12.98,1836.67,60713.1,"JPY",6.0,59.0,"",0,13.5,15.3,11.3,8.7,"","Electronic Technology","Specialty Industrial Machinery","",254.73,"",2025,562404.0,5432.0,2448.0
"6844","SHINDENGEN ELECTRIC MANUFACTURING","20260220",3915.0,-7.0,2242.15,732.96,1.17,6409.21,771.3,"JPY",-258.1,60.5,"",0,-1.7,-0.9,3.3,9.9,"","Electronic Technology","Electronic Components","",10.32,"",2025,105830.0,4145.0,1625.0
"6845","AZBIL CORP","20260220",1347.0,4.0,1375.38,526.42,12.69,467.44,30109.1,"JPY",10.4,64.4,"",0,13.5,13.5,11.3,10.2,"","Electronic Technology","Specialty Industrial Machinery","",507.45,"",2025,300378.0,1530.5,990.0
"6846","CHUO SEISAKUSHO LTD.","20260220",1309.0,"","","",-3.53,4.3,-79.7,"JPY","",4.7,"",0,0.2,-2.5,1.2,9.4,"","Producer Manufacturing","Specialty Industrial Machinery","",525.36,"",2022,3974.0,"",""
"6848","DKK-TOA CORP","20260220",945.0,5.0,1359.89,444.55,4.08,1111.51,893.9,"JPY",115.4,21.4,"",0,4.3,6.5,6.5,7.8,"","Electronic Technology","Scientific & Technical Instruments","",19.72,"",2025,18058.0,900.0,710.0
"6849","NIHON KOHDEN CORP","20260220",1646.5,5.0,2414.7,789.37,7.3,1102.28,13111.0,"JPY",27.4,51.9,"",0,7.2,8.0,10.5,17.1,"","Health Technology","Medical Devices","",162.89,"",2025,225424.0,2187.0,1494.0
"6850","CHINO CORPORATION","20260220",1641.0,9.0,3209.33,1049.14,8.27,1293.53,1817.6,"JPY",28.6,53.4,"",0,9.4,7.6,8.7,6.5,"","Electronic Technology","Scientific & Technical Instruments","",16.99,"",2025,29329.0,1632.0,809.5
"6853","Kyowa Electronic Instruments Co., Ltd.","20260220",812.0,4.0,1131.46,369.87,5.29,712.56,964.0,"JPY",17.0,75.6,"",0,5.3,5.9,4.5,3.1,3.7,"Electronic Technology","Scientific & Technical Instruments","",25.56,"",2025,16272.0,785.0,410.0
"6855","JAPAN ELECTRONIC MATERIALS CORP","20260220",8330.0,1.0,9081.29,3249.6,14.13,2206.56,3943.4,"JPY",40.6,39.9,"",0,14.1,2.4,11.3,24.6,"","Electronic Technology","Semiconductor Equipment & Materials","",12.65,"",2025,23829.0,8720.0,1252.0
"6856","HORIBA LTD","20260220",19250.0,1.0,20795.28,7781.24,11.42,7492.6,35935.7,"JPY",21.5,54.6,450.0,0,12.3,14.5,16.5,13.0,"","Producer Manufacturing","Scientific & Technical Instruments","",42.0,"",2024,317369.0,20395.0,7858.0
"6857","Advantest","20260220",25475.0,-13.0,8735.34,2855.6,41.75,697.43,211479.6,"JPY",13.4,61.0,"",0,42.3,19.3,44.3,31.1,"","Electronic Technology","Semiconductor Equipment & Materials","",726.29,"",2025,779707.0,29250.0,4703.0
"6858","Ono Sokki Co., Ltd.","20260220",874.0,3.0,1070.73,350.02,2.28,1565.45,371.9,"JPY",-243.7,62.8,"",0,2.5,-2.5,2.3,1.6,-9.7,"Producer Manufacturing","Scientific & Technical Instruments","",10.42,"",2025,13629.0,874.0,411.0
"6859","ESPEC CORP","20260220",3905.0,8.0,7203.5,2354.84,9.27,2591.09,5253.8,"JPY",34.1,54.6,"",0,10.8,10.6,7.3,3.4,"","Electronic Technology","Scientific & Technical Instruments","",21.88,"",2025,67288.0,4120.0,1920.0
"6861","KEYENCE CORP","20260220",61430.0,-4.0,44623.81,15968.7,12.76,12817.18,396742.5,"JPY",43.2,38.2,"",0,14.2,14.8,16.7,15.9,"","Electronic Technology","Scientific & Technical Instruments","",242.53,"",2025,1059145.0,64900.0,49780.0
"6862","MINATO HOLDINGS INC","20260220",2437.0,5.0,3551.56,1199.52,14.26,783.55,842.4,"JPY",82.4,14.9,"",0,6.0,11.0,15.7,18.6,"","Electronic Technology","Computer Hardware","",7.54,"",2025,24540.0,1922.0,735.0
"6863","NIRECO CORPORATION","20260220",2238.0,12.0,5427.53,1774.27,8.05,2247.23,1340.6,"JPY",22.8,61.1,"",0,9.5,6.9,6.3,3.0,"","Electronic Technology","Scientific & Technical Instruments","",7.41,"",2025,10756.0,2348.0,1355.0
"6864","NF HOLDINGS CORPORATION","20260220",1385.0,4.0,1843.16,602.53,3.43,1789.46,431.3,"JPY",-13.2,84.3,"",0,3.1,2.3,2.6,4.4,"","Electronic Technology","Electronic Components","",7.02,"",2025,9083.0,1573.0,930.0
"6866","Hioki E.E.Corporation","20260220",7160.0,7.0,9760.41,3666.95,12.34,3246.4,5426.2,"JPY",26.7,57.1,"",0,13.6,16.6,19.3,18.1,17.3,"Electronic Technology","Scientific & Technical Instruments","",13.54,"",2025,40531.82,7490.0,5260.0
"6867","LEADER ELECTRONICS CORP","20260220",435.0,"","","",-1.26,944.84,-40.4,"JPY","",16.8,"",0,-5.9,4.8,-4.9,2.5,"","Electronic Technology","Scientific & Technical Instruments","",3.39,"",2025,4117.0,844.0,333.0
"6869","SYSMEX CORP","20260220",1338.5,6.0,2066.58,771.58,11.44,743.98,53039.1,"JPY",27.0,53.7,"",0,13.3,13.4,13.9,15.0,"","Health Technology","Medical Instruments & Supplies","",623.37,"",2025,508643.0,2934.0,1430.0
"6870","Fenwal Controls of Japan, Ltd.","20260220",1950.0,10.0,4157.75,1359.18,5.32,2603.74,777.5,"JPY",82.9,29.0,"",0,5.2,8.0,7.8,10.2,9.0,"Electronic Technology","Security & Protection Services","",5.61,"",2025,12909.0,1948.0,1560.0
"6871","MICRONICS JAPAN CO","20260220",11900.0,-6.0,7040.02,2301.39,18.33,1280.5,9098.1,"JPY",102.5,26.6,95.0,0,22.0,11.1,23.0,22.0,"","Electronic Technology","Semiconductor Equipment & Materials","",38.77,"",2024,55643.0,10700.0,2482.0
"6874","KYORITSU ELECTRIC CORPORATION","20260220",2734.0,12.0,6478.51,2370.14,10.61,2493.43,2136.0,"JPY",31.2,44.6,"",0,13.2,11.0,10.8,7.4,"","Electronic Technology","Scientific & Technical Instruments","",8.07,"",2025,38246.0,2930.0,1750.0
"6875","MEGACHIPS CORP","20260220",9050.0,"","","",-1.57,7267.43,-1853.9,"JPY","",0.0,"",0,-0.3,-0.4,6.1,-1.9,"","Electronic Technology","Semiconductors","",16.21,"",2025,42326.0,9100.0,3695.0
"6877","Obara Group Incorporated","20260220",5200.0,12.0,13246.36,4330.26,9.2,4799.23,6857.2,"JPY",35.2,50.2,"",0,9.4,9.1,10.6,11.3,9.8,"Producer Manufacturing","Tools & Accessories","",15.53,"",2025,61682.0,4455.0,3015.0
"6879","IMAGICA GROUP INC","20250926",791.0,-12.0,286.35,93.61,1.22,779.66,422.8,"JPY",100.1,9.6,"",0,0.7,4.7,-0.1,12.6,"","Electronic Technology","Entertainment","",44.3,"",2025,96910.0,2655781376.0,1509496832.0
"6882","SANSHA ELECTRIC MANUFACTURING","20260220",1039.0,2.0,1201.07,392.63,2.19,1828.78,532.9,"JPY",25.0,53.8,"",0,1.7,13.6,6.0,5.9,"","Electronic Technology","Electrical Equipment & Parts","",13.31,"",2025,25440.0,1063.0,703.0
"6888","ACMOS INC","20260220",545.0,10.0,879.72,340.04,11.17,337.89,375.5,"JPY",5.2,67.5,"",0,12.2,15.2,17.5,11.3,"","Technology Services","Information Technology Services","",9.95,"",2025,6421.0,608.0,473.0
"6890","FERROTEC HOLDINGS CORPORATION","20260220",6450.0,5.0,9846.0,3218.67,6.49,5057.23,15369.6,"JPY",183.3,8.0,"",0,7.9,8.5,23.0,28.3,"","Electronic Technology","Semiconductors","",46.83,"",2025,274390.0,6930.0,1923.0
"6894","PULSTEC INDUSTRIAL CO","20260220",2346.0,17.0,8159.12,2667.23,9.65,2818.98,372.6,"JPY",32.2,52.9,"",0,10.0,8.4,7.4,11.3,"","Health Technology","Electrical Equipment & Parts","",1.37,"",2025,2486.0,2586.0,1520.0
"6897","TWINBIRD CORP","20260220",430.0,-7.0,249.15,81.45,1.06,781.17,88.2,"JPY",-5.0,64.0,13.0,0,1.0,5.6,7.3,1.5,"","Consumer Durables","Furnishings, Fixtures & Appliances","",10.62,"",2023,10930.0,476.0,388.0
"6898","TOMITA ELECTRONICS","20260220",3560.0,"","","",-2.45,4690.24,-94.4,"JPY","",0.0,"",0,-4.8,-1.1,3.2,3.3,"","Electronic Technology","Consumer Electronics","",0.82,"",2025,1421.0,3790.0,2150.0
"6899","ASTI CORPORATION","20260220",2645.0,14.0,7517.25,2457.4,3.2,7840.89,784.3,"JPY",58.5,30.0,"",0,3.8,11.6,8.2,3.8,"","Electronic Technology","Electronic Components","",3.13,"",2025,65441.0,2799.0,1588.0
"6901","SAWAFUJI ELECTRIC CO","20260220",1290.0,-7.0,696.75,227.77,0.8,2917.87,100.1,"JPY",570.6,24.1,"",0,1.9,5.0,2.9,4.2,"","Producer Manufacturing","Auto Parts","",4.31,"",2025,23601.0,1314.0,682.0
"6902","電裝","20260220",2146.0,8.0,4056.39,1326.04,7.31,1849.09,364031.6,"JPY",-116.6,72.7,"",0,7.3,7.2,7.4,7.2,"","Producer Manufacturing","Auto Parts: OEM","",2692.28,"",2025,7161777.0,2373.0,1568.5
"6904","HARADA INDUSTRY CO","20260220",494.0,1.0,529.29,173.03,2.79,632.62,373.2,"JPY","",0.0,"",0,1.6,-9.0,-11.6,-8.7,"","Electronic Technology","Communication Equipment","",21.15,"",2025,44817.0,512.0,403.0
"6905","COSEL CO LTD","20260220",1266.0,-11.0,512.72,167.61,1.26,1357.55,702.9,"JPY",1.4,66.1,"",0,0.7,13.0,7.9,4.9,"","Electronic Technology","Electrical Equipment & Parts","",41.13,"",2025,27052.0,1280.0,916.0
"6907","GEOMATEC CO LTD","20260220",1214.0,-23.0,143.36,46.87,0.36,1314.41,37.8,"JPY","",0.0,"",0,-0.1,-0.2,-8.0,-2.6,"","Electronic Technology","Electronic Components","",7.91,"",2022,6259.0,1432.0,580.0
"6908","IRISO ELECTRONICS CO","20260220",3645.0,9.0,7223.89,2361.5,7.28,3307.73,5141.0,"JPY",20.3,56.7,"",0,6.5,8.8,10.1,7.7,"","Electronic Technology","Electronic Components","",21.35,"",2025,56332.0,3620.0,2254.0
"6912","KIKUSUI HOLDINGS CORPORATION","20260220",2088.0,12.0,4105.43,1542.46,10.36,1688.0,1456.5,"JPY",20.4,54.9,"",0,10.8,10.8,9.7,7.1,"","Electronic Technology","Electrical Equipment & Parts","",8.33,"",2025,13429.0,2170.0,1085.0
"6914","OPTEX GROUP COMPANY LTD","20260220",2904.0,3.0,3843.06,1447.26,11.29,1405.39,5652.9,"JPY",13.8,57.1,56.0,0,13.1,11.4,14.7,11.8,"","Electronic Technology","Electronic Components","",35.62,"",2024,63269.0,2765.0,1350.0
"6915","CHIYODA INTEGRE CO","20260220",3315.0,13.0,8823.71,2884.49,6.7,4389.86,2785.4,"JPY",20.3,90.0,160.0,0,8.4,6.9,7.6,6.8,"","Producer Manufacturing","Electronic Components","",9.47,"",2024,41214.0,3480.0,2264.0
"6919","KEL CORP","20260220",1579.0,3.0,1960.3,640.83,3.12,2091.07,475.7,"JPY",39.9,50.2,"",0,2.6,5.7,12.5,11.7,"","Electronic Technology","Electronic Components","",7.28,"",2025,11871.0,1598.0,1146.0
"6920","LASERTEC CORP","20260220",30640.0,-2.0,25986.4,8495.0,37.04,2338.45,77751.3,"JPY",7.4,63.9,"",0,55.9,54.1,63.5,44.6,"","Electronic Technology","Semiconductor Equipment & Materials","",89.76,"",2025,251477.0,40320.0,10245.0
"6923","STANLEY ELECTRIC CO","20260220",3186.0,9.0,6128.84,2003.53,6.27,3257.08,30476.7,"JPY",42.0,46.9,"",0,6.6,6.6,6.1,5.6,"","Producer Manufacturing","Auto Parts","",149.18,"",2025,509565.0,3280.0,2395.5
"6925","USHIO INC","20260220",3084.0,-3.0,2383.75,779.25,3.33,2384.62,6680.9,"JPY",-32.7,90.0,"",0,2.2,4.6,5.9,5.6,"","Producer Manufacturing","Specialty Industrial Machinery","",84.08,"",2025,177616.0,3057.0,1526.0
"6926","OKAYA ELECTRIC INDUSTRIES CO","20260220",200.0,"","","",-19.46,315.82,-1375.8,"JPY","",7.3,"",0,-18.7,3.8,8.5,-5.8,"","Electronic Technology","Electronic Components","",22.38,"",2025,9598.0,223.0,165.0
"6927","HELIOS TECHNO HOLDING CO LTD","20260220",1366.0,5.0,2088.26,682.66,7.84,887.38,1263.4,"JPY",18.3,63.3,"",0,4.2,4.4,2.4,3.3,"","Electronic Technology","Consumer Electronics","",18.15,"",2025,9869.0,1307.0,743.0
"6928","ENOMOTO CO LTD","20260220",3045.0,4.0,4064.06,1328.55,3.96,3422.03,867.0,"JPY",43.7,42.4,"",0,2.6,1.0,7.6,9.1,"","Electronic Technology","Electronic Components","",6.4,"",2025,26880.0,2970.0,1051.0
"6929","Nippon Ceramic Co., Ltd.","20260220",3740.0,5.0,5675.71,1855.4,8.5,2226.95,4043.0,"JPY",6.0,90.0,"",0,8.1,8.1,7.7,4.3,5.9,"Electronic Technology","Electronic Components","",21.37,"",2025,27325.0,3925.0,2360.0
"6930","NIPPON ANTENNA CO","20251119",823.0,38.0,8060.06,2926.8,17.32,1449.11,2693.8,"JPY",-94.6,50.0,"",0,3.2,-13.0,-11.5,-7.6,"","Electronic Technology","Communication Equipment","",10.73,"",2025,10691.0,1098.0,565.0
"6932","ENDO LIGHTING CORP","20260220",2791.0,16.0,8173.96,3057.94,11.14,2982.46,4909.0,"JPY",3.3,54.4,"",0,12.5,13.7,12.8,14.0,"","Producer Manufacturing","Furnishings, Fixtures & Appliances","",14.77,"",2025,53735.0,3010.0,1130.0
"6937","FURUKAWA BATTERY CO","20251219",1393.0,11.0,3134.4,1024.64,8.6,1215.01,3424.9,"JPY",7.8,63.3,"",0,12.8,5.9,3.3,7.6,"","Producer Manufacturing","Specialty Industrial Machinery","",32.78,"",2025,84818.0,8760175616.0,8578585088.0
"6941","YAMAICHI ELECTRONICS","20260220",8380.0,3.0,10629.31,3918.09,17.06,2148.53,6743.4,"JPY",19.8,55.2,"",0,14.8,5.2,22.6,26.4,"","Electronic Technology","Semiconductor Equipment & Materials","",18.4,"",2025,45298.0,9230.0,1650.0
"6942","SOPHIA HOLDINGS CO LTD","20260220",1284.0,"","","",-8.5,654.0,-257.4,"JPY","",0.0,"",0,-13.4,-1.6,9.6,45.0,"","Technology Services","Information Technology Services","",4.63,"",2025,8360.0,1290.0,1005.0
"6943","NKK SWITCHES CO LTD","20260220",5100.0,"","","",-1.89,15487.8,-240.2,"JPY",1338.9,14.1,"",0,-3.8,2.3,6.9,7.5,"","Producer Manufacturing","Electrical Equipment & Parts","",0.82,"",2025,7564.0,5150.0,4025.0
"6946","NIPPON AVIONICS CO","20260220",7600.0,-6.0,4911.24,1784.87,17.02,906.95,2375.3,"JPY",4.8,50.0,"",0,13.7,17.7,16.2,16.0,"","Electronic Technology","Electrical Equipment & Parts","",15.39,"",2025,20122.0,7580.0,1961.0
"6947","ZUKEN INC","20260220",4560.0,3.0,5713.09,1867.62,10.11,1883.4,4039.2,"JPY",14.3,78.2,"",0,9.2,9.3,8.6,2.7,"","Technology Services","Software - Application","",21.21,"",2025,40736.0,5870.0,4085.0
"6951","JEOL LTD","20260220",6493.0,14.0,17496.75,6260.56,18.78,2670.03,25661.9,"JPY",28.4,45.4,"",0,22.4,21.8,20.5,23.4,"","Health Technology","Scientific & Technical Instruments","",51.18,"",2025,196695.0,6502.0,3810.0
"6952","卡西歐","20260220",1604.5,1.0,1694.12,553.81,5.89,959.56,12881.0,"JPY",-49.5,90.0,"",0,4.5,5.5,7.2,7.2,"","Consumer Durables","Consumer Electronics","",228.1,"",2025,261757.0,1657.0,1028.5
"6954","FANUC","20260220",6421.0,-3.0,5019.48,1640.88,9.05,1848.07,156132.7,"JPY",12.5,73.6,"",0,8.7,8.3,11.3,11.0,"","Producer Manufacturing","Specialty Industrial Machinery","",933.16,"",2025,797129.0,6950.0,3038.0
"6955","FDK CORPORATION","20260220",442.0,5.0,670.89,219.32,4.73,472.38,771.8,"JPY",-4.9,50.0,"",0,6.4,1.5,2.9,14.0,"","Producer Manufacturing","Electrical Equipment & Parts","",34.51,"",2025,63171.0,473.0,308.0
"6957","SHIBAURA ELECTRONICS CO","20260109",7110.0,1.0,6108.66,2285.01,10.66,2448.51,3931.6,"JPY",33.5,53.3,"",0,10.9,11.6,13.3,15.5,"","Electronic Technology","Scientific & Technical Instruments","",15.07,"",2025,34028.0,15548780544.0,8906793984.0
"6958","CMK CORP","20260220",597.0,8.0,1090.06,356.34,3.27,1109.71,2590.4,"JPY",293.7,22.9,"",0,5.6,7.9,3.2,5.2,"","Electronic Technology","Electronic Components","",71.29,"",2025,95486.0,647.0,310.0
"6960","FUKUDA DENSHI CO","20260220",9370.0,9.0,15039.11,5451.14,9.78,6574.45,17756.8,"JPY",40.1,39.6,"",0,10.7,11.5,11.5,11.5,"","Health Technology","Medical Devices","",27.63,"",2025,139007.0,9480.0,5760.0
"6961","ENPLAS CORP","20260220",14390.0,0.0,14802.91,4839.1,7.94,6216.14,4401.4,"JPY",51.8,31.4,"",0,7.8,7.8,16.3,5.0,"","Producer Manufacturing","Electronic Components","",8.92,"",2025,38069.0,14190.0,3240.0
"6962","DAISHINKU CORP","20260220",655.0,"","","",-0.37,1164.85,-136.5,"JPY",122.9,14.2,"",0,-2.3,2.6,9.6,15.5,"","Electronic Technology","Electronic Components","",31.81,"",2025,38620.0,621.0,447.0
"6963","ROHM CO LTD","20260220",2650.0,-23.0,314.44,102.79,0.46,2303.01,4046.1,"JPY",393.9,22.0,"",0,-2.4,5.6,9.6,8.5,"","Electronic Technology","Semiconductors","",386.03,"",2025,448466.0,2776.0,1069.0
"6964","SANKO CO LTD","20260220",714.0,9.0,1406.65,459.84,2.66,1760.2,415.9,"JPY",126.3,20.5,"",0,2.1,3.4,3.0,3.8,"","Producer Manufacturing","Electronic Components","",8.87,"",2025,16838.0,706.0,515.0
"6965","Hamamatsu Photonics K.K.","20260220",1864.0,-2.0,1587.88,519.08,4.89,1082.82,15716.3,"JPY",71.1,28.0,"",0,3.7,7.6,15.5,17.5,11.7,"Electronic Technology","Electronic Components","",296.93,"",2025,212051.0,1886.0,1116.5
"6966","MITSUI HIGH TEC INC","20260220",801.0,10.0,1683.03,566.91,10.76,601.83,11838.9,"JPY",114.8,11.7,12.0,0,13.0,19.9,29.9,25.9,"","Electronic Technology","Semiconductors","",182.75,"",2025,214890.0,876.0,513.0
"6967","Shinko Electric Industries Co. Ltd.","20250620",5900.0,-4.0,4150.33,1356.75,6.6,2097.25,18693.1,"JPY",81.5,15.3,"",0,6.8,8.0,27.6,35.0,"","Technology","Semiconductor Equipment & Materials","",135.12,"",2025,215022.0,132882882560.0,0.0
"6971","京瓷","20260220",2656.5,-1.0,2394.35,782.72,3.46,2308.78,111234.9,"JPY",109.8,39.4,"",0,2.0,3.3,4.5,5.7,"","Distribution Services","Conglomerates","",1393.72,"",2025,2014454.0,2758.0,1483.5
"6973","KYOEI SANGYO CO","20251015",3920.0,10.0,8566.91,2800.54,4.53,6310.63,859.5,"JPY",-21.6,58.9,"",0,4.9,8.4,7.9,8.1,"","Distribution Services","Semiconductors","",3.01,"",2025,57709.0,2233091072.0,1096143104.0
"6976","太陽誘電","20260220",4634.0,-12.0,1700.34,555.84,2.22,2552.74,7086.5,"JPY",220.3,20.8,"",0,1.4,2.8,9.0,22.4,"","Electronic Technology","Electronic Components","",125.03,"",2025,341438.0,4677.0,1739.5
"6977","JAPAN RESISTOR MANUFACTURING CO","20260220",910.0,"","","",-8.1,1214.52,-122.1,"JPY","",31.0,30.0,0,-7.6,3.8,11.9,3.9,"","Electronic Technology","Electronic Components","",1.24,"",2024,6454.0,1190.0,680.0
"6981","MURATA MANUFACTURING CO","20260220",3675.0,1.0,4004.95,1309.22,9.41,1418.35,242910.8,"JPY",17.8,59.7,"",0,10.2,9.6,11.2,16.5,"","Electronic Technology","Electronic Components","",1819.58,"",2025,1743352.0,3544.0,1825.5
"6982","LEAD CO INC","20260220",630.0,"","","",-4.08,1003.47,-106.0,"JPY","",11.2,"",0,-2.0,1.1,7.2,-5.4,"","Producer Manufacturing","Auto Parts","",2.59,"",2025,4186.0,651.0,470.0
"6986","FUTABA CORP","20260220",718.0,"","","",-1.94,1819.55,-1494.6,"JPY","",0.0,"",0,-1.7,0.0,-2.8,-2.5,"","Producer Manufacturing","Electronic Components","",42.41,"",2025,48116.0,771.0,426.0
"6988","NITTO DENKO CORP","20260220",3624.0,6.0,4552.89,1695.51,12.12,1549.87,126532.9,"JPY",30.4,53.2,"",0,13.8,11.2,13.2,13.2,"","Electronic Technology","Specialty Chemicals","",673.66,"",2025,1013878.0,4068.0,2254.5
"6989","HOKURIKU ELECTRIC INDUSTRY CO","20260220",2871.0,14.0,8063.31,2635.91,9.29,2893.25,2109.9,"JPY",10.2,54.4,"",0,11.1,14.9,17.1,15.0,"","Electronic Technology","Electronic Components","",7.85,"",2025,43185.0,3070.0,1290.0
"6993","DAIKOKUYA HOLDINGS CO LTD","20260220",130.0,"","","",-185.99,2.44,-786.8,"JPY","",0.0,"",0,-3070.0,-101.4,-34.6,-37.6,"","Retail Trade","Electrical Equipment & Parts","",173.38,"",2025,10232.0,193.0,18.0
"6994","SHIZUKI ELECTRIC CO INC","20260220",957.0,5.0,1371.14,448.23,4.94,925.69,1154.5,"JPY",74.6,90.0,"",0,4.3,0.5,2.3,3.1,"","Electronic Technology","Electrical Equipment & Parts","",25.26,"",2025,27346.0,1010.0,321.0
"6995","TOKAI RIKA CO","20260220",3265.0,13.0,8807.08,2879.05,7.9,3713.72,24985.7,"JPY",-43.2,74.3,"",0,7.0,10.2,4.5,2.1,"","Producer Manufacturing","Auto Parts","",85.11,"",2025,617660.0,3335.0,1859.0
"6996","NICHICON CORP","20260220",2088.0,2.0,2372.06,775.43,4.81,1644.3,5310.3,"JPY",36.9,44.0,"",0,4.4,9.2,14.2,7.9,"","Electronic Technology","Electronic Components","",67.16,"",2025,175751.0,1990.0,978.0
"6997","NIPPON CHEMI-CON CORP","20260220",1675.0,10.0,3533.83,1155.21,4.48,2630.94,2512.6,"JPY",96.7,1.6,"",0,2.0,11.3,19.7,12.4,"","Electronic Technology","Electronic Components","",21.33,"",2025,122684.0,1671.0,714.0
"6998","NIPPON TUNGSTEN CO","20260220",2059.0,9.0,4000.0,1307.61,5.16,2584.98,648.0,"JPY",41.3,45.3,"",0,5.4,5.8,8.5,8.3,"","Producer Manufacturing","Metal Fabrication","",4.86,"",2025,12392.0,2255.0,1000.0
"6999","KOA CORPORATION","20260220",1663.0,-2.0,1418.26,463.63,2.25,2103.1,1755.8,"JPY",265.2,21.3,"",0,0.0,4.2,11.7,8.0,"","Electronic Technology","Electronic Components","",37.14,"",2025,64120.0,1693.0,727.0
"7003","三井造船","20260220",8090.0,2.0,9528.97,3115.04,18.87,1683.35,32049.1,"JPY",20.1,40.8,"",0,19.1,24.7,22.1,-44.8,"","Producer Manufacturing","Aerospace & Defense","",100.9,"",2025,315112.0,7650.0,1141.0
"7004","日立造船","20260220",1080.0,16.0,2690.61,1022.58,10.21,1125.55,19334.3,"JPY",1.2,59.6,"",0,14.8,14.7,11.3,6.0,"","Industrial Services","Pollution & Treatment Controls","",168.24,"",2025,610523.0,1213.0,749.0
"7011","三菱重工業","20260220",4945.0,-13.0,1655.29,541.12,7.9,698.4,185399.7,"JPY",-74.9,66.7,"",0,8.5,11.7,8.3,6.0,"","Producer Manufacturing","Aerospace & Defense","",3360.12,"",2025,5027176.0,5152.0,2013.5
"7012","川崎重工業","20260220",17915.0,-3.0,14172.53,4954.01,12.25,4204.79,86077.1,"JPY",74.6,28.0,"",0,14.0,4.8,11.3,4.2,"","Consumer Durables","Motor Vehicles","",167.17,"",2025,2129321.0,18670.0,5980.0
"7013","IHI","20260220",4384.0,-4.0,3141.73,1027.04,23.05,454.39,111023.4,"JPY",16.7,57.7,"",0,30.8,-16.1,11.2,3.2,"","Producer Manufacturing","Specialty Industrial Machinery","",1060.15,"",2025,1626831.0,4698.0,1207.8572
"7014","NAMURA SHIPBUILDING CO","20260220",5630.0,7.0,9604.23,3139.64,21.22,1508.48,22233.8,"JPY",35.3,33.9,"",0,32.9,40.1,30.2,-21.1,"","Producer Manufacturing","Aerospace & Defense","",69.45,"",2025,159227.0,5650.0,1555.0
"7018","NAIKAI ZOSEN CORP","20260220",17000.0,1.0,18914.52,7062.68,11.72,6386.47,1272.5,"JPY",7.0,54.5,"",0,10.6,38.6,4.8,3.1,"","Producer Manufacturing","Aerospace & Defense","",1.7,"",2025,44648.0,20540.0,4090.0
"7021","NITCHITSU CO LTD","20260220",2350.0,2.0,2670.15,872.88,1.55,5730.61,174.5,"JPY",1098.5,0.0,"",0,1.5,2.3,-3.1,-0.1,"","Producer Manufacturing","Specialty Industrial Machinery","",1.96,"",2025,9850.0,3255.0,1491.0
"7022","SANOYAS HOLDINGS CORPORATION","20260220",432.0,14.0,1161.39,418.7,13.58,303.76,1380.8,"JPY",62.3,42.4,"",0,13.3,4.0,4.5,5.8,"","Producer Manufacturing","Aerospace & Defense","",33.48,"",2025,25006.0,450.0,148.0
"7030","Sprix Ltd.","20260220",1349.0,5.0,2009.12,777.38,14.39,565.82,1436.0,"JPY",44.0,71.1,"",0,15.0,6.4,7.8,19.5,18.6,"Consumer Services","Education & Training Services","",17.64,"",2025,35127.0,1460.0,767.0
"7031","INBOUND TECH INC","20260220",623.0,16.0,2077.12,679.01,9.87,701.27,163.4,"JPY","",18.8,"",0,8.9,10.1,13.8,"","","Commercial Services","Specialty Business Services","",2.36,"",2025,2544.0,906.0,571.0
"7033","MANAGEMENT SOLUTIONS CO LTD","20260220",1382.0,12.0,3290.21,1075.58,31.53,347.85,1735.0,"JPY","",9.3,32.0,0,42.2,62.2,22.6,"","","Commercial Services","Consulting Services","",15.82,"",2024,19948.29,2400.0,1254.0
"7034","Prored Partners Co., Ltd.","20260220",492.0,8.0,893.97,292.24,4.72,631.44,325.4,"JPY",-14.9,50.0,"",0,3.1,5.3,11.7,-1.4,"","Commercial Services","Consulting Services","",10.92,"",2025,12302.69,805.0,281.0
"7035","and factory, inc.","20260220",215.0,"","","",-30.76,79.04,-273.8,"JPY","",0.0,"",0,-22.5,-31.5,20.8,-12.5,-16.8,"Technology Services","Software - Application","",11.26,"",2025,3209.0,457.0,180.0
"7036","EMNET JAPAN CO LTD","20260220",886.0,-1.0,818.78,267.66,7.49,364.25,105.4,"JPY",64.9,50.5,17.0,0,4.6,5.3,11.9,25.4,"","Commercial Services","Advertising Agencies","",3.86,"",2024,1329.0,1270.0,634.0
"7037","TENO HOLDINGS CO LTD","20260220",873.0,-1.0,795.62,260.09,6.99,379.65,121.2,"JPY",175.2,6.7,10.0,0,-1.5,4.7,-0.8,13.9,"","Health Services","Medical Care Facilities","",4.57,"",2024,16017.0,1311.0,385.0
"7038","FRONTIER MANAGEMENT INC","20260220",550.0,"","","",-18.16,229.4,-490.2,"JPY","",30.4,"",0,-18.5,26.3,24.8,13.8,"","Commercial Services","Specialty Business Services","",11.77,"",2024,9265.0,753.0,561.0
"7039","BRIDGE INTERNATIONAL CORP","20260220",1873.0,16.0,5920.07,2119.13,15.58,1217.55,681.1,"JPY",19.2,41.9,85.0,0,16.9,18.2,20.2,21.6,"","Commercial Services","Consulting Services","",3.59,"",2024,8615.0,2125.0,1550.0
"7040","SUN LIFE HOLDING CO LTD","20260220",1029.0,21.0,4229.1,1500.9,13.69,1078.76,903.5,"JPY",57.8,35.8,"",0,15.2,13.1,22.8,10.6,"","Consumer Services","Personal Services","",6.12,"",2025,13856.0,1297.0,860.0
"7041","CRG HOLDINGS CO.,LTD.","20260220",331.0,10.0,683.54,223.45,4.31,528.21,126.0,"JPY",1401.6,0.0,"",0,4.6,-5.6,1.4,10.3,12.6,"Commercial Services","Staffing & Employment Services","",5.53,"",2025,16420.0,398.0,234.0
"7042","ACCESS GROUP HLDGS CO LTD","20260220",716.0,11.0,1544.49,575.79,14.96,367.39,177.0,"JPY",-7.9,57.9,"",0,22.5,25.6,36.0,8.1,"","Commercial Services","Personal Services","",3.22,"",2025,3594.0,950.0,418.0
"7043","ALUE CO LTD","20260220",922.0,1.0,969.41,316.9,6.96,464.31,82.4,"JPY",9.8,50.4,7.0,0,-5.6,4.7,16.0,21.7,"","Commercial Services","Staffing & Employment Services","",2.55,"",2024,3089.0,1238.0,590.0
"7044","PIALA INC","20260220",515.0,-23.0,66.53,21.75,3.61,61.51,15.9,"JPY","",0.0,"",0,-27.4,-34.8,-4.7,-6.3,"","Technology Services","Advertising Agencies","",7.17,"",2024,13488.0,750.0,195.0
"7046","TDSE INC","20260220",1385.0,5.0,2033.97,664.91,6.42,1056.46,141.7,"JPY",1.2,54.6,"",0,6.6,10.6,12.2,9.3,"","Technology Services","Information Technology Services","",2.09,"",2025,2699.0,2162.0,957.0
"7047","PORT INC","20260220",2513.0,5.0,3714.73,1214.35,19.12,647.72,1627.1,"JPY",124.6,1.0,"",0,24.1,39.4,46.3,13.9,"","Commercial Services","Internet Content & Information","",13.14,"",2025,21963.0,2560.0,1360.0
"7048","VELTRA CORP","20260220",202.0,"","","",-8.03,68.61,-201.8,"JPY","",0.0,"",0,-21.2,-4.8,-69.5,-206.7,"","Technology Services","Travel Services","",36.6,"",2024,4304.0,354.0,153.0
"7049","SHIKIGAKU CO LTD","20260220",920.0,3.0,1173.52,430.39,14.51,301.43,367.9,"JPY",-0.5,50.0,"",0,9.3,-4.1,-1.2,2.2,"","Technology Services","Specialty Business Services","",8.41,"",2025,5369.0,1017.0,711.0
"7050","FRONTIER INTERNATIONAL INC","20260220",1518.0,8.0,2865.29,1041.27,11.36,1005.51,1016.5,"JPY",33.9,42.7,"",0,9.4,11.2,16.2,40.1,"","Commercial Services","Advertising Agencies","",8.9,"",2025,20335.0,1587.5,852.0
"7057","New Constructors Network Co. Ltd.","20260220",1041.0,6.0,1664.6,544.16,8.03,690.6,165.4,"JPY",64.4,37.7,"",0,10.0,1.0,15.8,15.4,"","Consumer Durables","Engineering & Construction","",2.98,"",2025,8124.0,1298.0,875.0
"7058","KYOEI SECURITY SERVICE CO LTD","20260220",3015.0,14.0,8593.45,2809.21,9.17,3124.83,415.4,"JPY",123.1,17.8,"",0,6.7,5.2,8.4,19.8,"","Commercial Services","Security & Protection Services","",1.45,"",2025,10113.0,3095.0,2305.0
"7059","COPRO-HOLDINGS CO LTD","20260220",998.0,4.0,1428.58,536.63,21.03,219.81,1766.6,"JPY",2.9,66.9,"",0,22.4,20.6,13.2,16.4,"","Commercial Services","Staffing & Employment Services","",38.21,"",2025,30015.0,1203.0,654.5
"7060","GEECHS INC","20260220",605.0,17.0,1973.81,739.89,21.77,276.09,618.4,"JPY",-6.6,67.4,"",0,20.2,1.8,6.8,19.2,"","Commercial Services","Information Technology Services","",10.29,"",2025,25162.0,713.0,350.0
"7061","JAPAN HOSPICES HLDGS INC","20260220",913.0,10.0,1959.43,640.54,15.98,408.66,550.6,"JPY",299.9,0.0,25.0,0,23.7,33.9,29.5,19.1,"","Health Services","Medical Care Facilities","",8.43,"",2024,12115.0,1733.0,1001.0
"7062","FUREASU CO LTD","20260220",852.0,"","","",-11.05,593.1,-171.1,"JPY","",20.4,"",0,-15.2,3.5,0.8,7.2,"","Health Services","Personal Services","",2.61,"",2025,7582.0,989.0,620.0
"7063","BIRDMAN INC","20260220",110.0,"","","",-250.37,12.42,-636.0,"JPY","",0.0,"",0,"",-395.7,-2.3,"","","Commercial Services","Advertising Agencies","",20.45,"",2025,319.0,396.0,117.0
"7064","HOWTELEVISION INC","20260220",1277.0,"","","",-12.63,483.09,-166.0,"JPY","",0.0,"",0,"","","","","","Technology Services","Staffing & Employment Services","",2.72,"",2025,2166.0,1500.0,850.0
"7065","UPR Corporation","20260220",1030.0,12.0,2473.43,808.57,6.91,1193.99,631.6,"JPY",73.1,20.5,"",0,5.7,8.2,10.4,9.9,8.6,"Non-Energy Minerals","Rental & Leasing Services","",7.66,"",2025,15354.0,1138.0,601.0
"7066","Peers Co. Ltd.","20260220",425.0,18.0,1443.5,535.72,16.21,306.1,447.0,"JPY",-3.8,57.4,"",0,15.6,19.0,26.9,4.2,2.6,"Commercial Services","Conglomerates","",9.01,"",2025,6103.0,835.0,420.0
"7067","BRANDING TECHNOLOGY INC","20260220",1010.0,1.0,1104.81,361.16,4.85,758.97,57.5,"JPY",2.6,64.3,"",0,5.8,0.6,7.2,8.6,"","Commercial Services","Advertising Agencies","",1.56,"",2025,5028.0,1538.0,822.0
"7068","FEEDFORCE GRP INC","20260220",620.0,10.0,1298.2,424.38,31.84,135.92,1057.6,"JPY",-0.5,67.9,"",0,37.5,21.6,22.0,24.8,"","Technology Services","Advertising Agencies","",24.44,"",2025,4373.0,810.0,380.0
"7069","CyberBuzz, Inc.","20260220",827.0,14.0,2320.9,758.7,41.41,186.82,311.0,"JPY","",0.0,"",0,93.7,-83.3,13.5,4.4,0.0,"Commercial Services","Advertising Agencies","",4.02,"",2025,7131.0,1074.0,576.0
"7071","Amvis Holdings.Inc.","20260220",506.0,12.0,1210.11,399.99,11.63,370.48,4202.0,"JPY",168.5,4.5,"",0,12.6,28.0,28.7,26.2,50.4,"Health Services","Medical Care Facilities","",97.53,"",2025,49174.0,845.0,372.0
"7072","Intimate Merger, Inc.","20260220",934.0,5.0,1326.77,433.72,8.96,493.55,137.1,"JPY",-0.8,50.0,"",0,9.7,3.8,7.2,5.4,2.0,"Technology Services","Information Technology Services","",3.1,"",2025,3363.0,1769.0,620.0
"7073","JAIC CO LTD","20260220",2375.0,8.0,4370.57,1683.94,15.86,1046.24,154.4,"JPY",-15.1,71.4,55.0,0,16.1,0.3,16.8,8.3,"","Commercial Services","Education & Training Services","",0.93,"",2025,4190.0,2850.0,1650.0
"7074","Twenty-four seven Holdings Inc.","20260220",215.0,"","","",-240.56,10.48,-214.1,"JPY","",0.0,"",0,-132.0,-306.2,-127.0,-29.1,-4.2,"Technology Services","Personal Services","",8.49,"",2025,2094.0,365.0,193.0
"7075","QLS HOLDINGS CO LTD","20260220",801.0,9.0,1637.57,535.32,25.16,216.98,408.3,"JPY",4.8,47.6,"",0,37.5,36.8,41.7,20.2,"","Health Services","Hospital/Nursing Management","",7.48,"",2025,10548.0,857.0,536.0
"7076","meinan M&A Co., Ltd.","20260220",860.0,-35.0,26.07,8.52,0.36,238.37,6.5,"JPY",104.8,6.9,"",0,-1.9,26.0,7.5,19.2,16.0,"Finance","Capital Markets","",7.48,"",2025,1487.0,"",""
"7077","ALINK INTERNET INC","20260220",1085.0,"","","",-0.96,917.68,-16.0,"JPY","",0.0,"",0,"","","","","","Commercial Services","Internet Content & Information","",1.81,"",2025,888.0,1221.0,921.0
"7078","INCLUSIVE INC","20260220",426.0,"","","",-4.22,176.72,-75.0,"JPY","",0.0,"",0,-1.3,-7.0,-21.8,-3.8,"","Commercial Services","Advertising Agencies","",10.05,"",2025,4897.0,626.0,332.0
"7079","WDB COCO CO LTD","20260220",2714.0,20.0,10748.37,3925.31,18.41,1790.0,791.0,"JPY",7.4,53.6,"",0,25.6,30.6,34.6,41.3,"","Commercial Services","Health Information Services","",2.4,"",2025,5326.0,3680.0,2552.0
"7080","SPORTSFIELD CO LTD","20260220",957.0,12.0,2306.93,754.14,31.88,241.18,562.1,"JPY",-2.4,50.0,21.0,0,42.8,78.0,112.0,-7.6,"","Commercial Services","Staffing & Employment Services","",7.31,"",2024,3845.0,1028.0,468.0
"7081","KOYOU RENTIA CO LTD","20260220",1364.0,17.0,4396.43,1613.89,15.23,999.28,1685.0,"JPY",13.1,51.9,36.0,0,15.3,18.7,20.1,27.4,"","Finance","Rental & Leasing Services","",11.07,"",2024,31861.0,1485.0,954.0
"7082","JIMOTY INC","20260220",742.0,8.0,1418.18,463.61,34.93,135.35,468.0,"JPY",10.6,64.6,"",0,47.9,40.4,42.8,26.0,"","Technology Services","Internet Content & Information","",9.9,"",2024,1774.0,1740.0,570.0
"7083","AHC Group Inc","20260220",819.0,3.0,1000.0,326.9,5.94,561.43,70.0,"JPY",84.3,17.9,"",0,5.8,9.0,5.7,-15.9,-1.7,"Health Services","Medical Care Facilities","",2.1,"",2025,6660.0,1168.0,816.0
"7084","SMILE HOLDINGS INC","20260220",3015.0,-4.0,2152.94,703.8,3.57,2011.15,231.8,"JPY",-210.6,50.0,"",0,2.2,2.9,3.9,14.5,"","Consumer Services","Education & Training Services","",3.23,"",2025,13656.0,3595.0,1070.0
"7085","Curves Holdings Co., Ltd.","20260220",769.0,8.0,1363.5,514.19,20.29,218.98,4091.2,"JPY",-1.6,67.9,"",0,22.2,23.8,20.8,26.4,14.0,"Consumer Services","Leisure","",92.06,"",2025,37566.0,867.0,547.0
"7086","Kizuna Holdings Corp.","20241011",2111.0,-24.0,242.75,79.35,12.27,65.32,738.0,"JPY",434.6,0.0,"",0,14.3,15.5,15.5,10.3,"","Consumer Cyclical","Personal Services","",92.06,"",2024,12126.0,"",""
"7087","WILLTEC CO LTD","20260220",1379.0,12.0,3410.8,1115.0,9.0,1263.69,726.5,"JPY",67.5,55.8,"",0,10.1,3.6,10.1,4.4,"","Electronic Technology","Semiconductors","",6.39,"",2025,44578.0,1505.0,701.0
"7088","FORUM ENGINEERING INC","20260220",1699.0,1.0,1586.68,518.69,21.64,244.38,2794.7,"JPY",3.5,48.2,"",0,22.2,15.7,"","","","Technology Services","Staffing & Employment Services","",52.84,"",2025,34688.0,1713.0,833.0
"7089","FOR STARTUPS INC","20260220",1303.0,7.0,2188.87,715.55,22.25,327.88,481.6,"JPY","",0.0,"",0,16.4,23.3,33.5,"","","Technology Services","Staffing & Employment Services","",6.6,"",2025,3693.0,1288.0,416.0
"7090","LIGUA INC","20260220",963.0,"","","",-114.75,214.09,-366.1,"JPY","",0.0,"",0,-52.5,21.0,-36.4,9.8,"","Technology Services","Medical Care Facilities","",1.49,"",2025,2872.0,1705.0,650.0
"7091","LIVING PLATFORM LTD","20260220",1167.0,11.0,2725.88,891.09,19.85,457.81,407.1,"JPY",110.6,0.0,"",0,22.9,8.7,-6.9,34.6,"","Health Services","Medical Care Facilities","",4.48,"",2025,19204.0,1276.0,858.0
"7092","FAST FITNESS JAPAN INCORPORATED","20260220",2300.0,7.0,3942.32,1454.51,17.43,741.71,2423.4,"JPY",6.9,56.5,"",0,18.1,22.7,24.4,24.0,"","Consumer Services","Leisure","",18.75,"",2025,18009.0,2315.0,1210.0
"7093","ADISH CO LTD","20260220",620.0,"","","",-20.91,178.57,-73.2,"JPY","",0.0,"",0,-26.2,-26.2,11.9,8.2,"","Technology Services","Information Technology Services","",1.96,"",2024,3592.0,926.0,433.0
"7094","NEXTONE INC","20260220",1731.0,6.0,2695.6,961.3,16.68,487.5,793.4,"JPY",16.7,41.6,"",0,20.3,14.0,21.6,18.7,"","Commercial Services","Specialty Business Services","",9.76,"",2025,19412.0,2423.0,1000.0
"7095","MACBEE PLANET INC","20260220",1461.0,21.0,6473.99,2116.36,24.65,875.5,2995.3,"JPY",16.8,47.1,"",0,35.2,28.8,55.7,41.5,"","Technology Services","Advertising Agencies","",13.88,"",2025,51675.0,3505.0,1430.0
"7096","STEMCELL INSTITUTE","20260220",866.0,-3.0,660.51,215.92,8.45,260.46,222.2,"JPY",159.9,0.0,"",0,9.2,12.4,10.4,10.1,"","Health Technology","Biotechnology","",10.09,"",2025,2679.0,1462.0,744.0
"7097","SAKURASAKU PLUS CO LTD","20260220",2729.0,13.0,6937.4,2548.21,17.06,1316.97,993.2,"JPY",-0.9,54.4,14.0,0,18.1,20.4,10.3,16.2,41.9,"Consumer Services","Medical Care Facilities","",4.42,"",2025,18388.0,3350.0,1798.0
"7102","NIPPON SHARYO LTD","20260220",4275.0,14.0,11535.06,4310.41,10.6,4480.11,6854.9,"JPY",-9.4,53.3,"",0,8.8,10.6,7.1,12.2,"","Producer Manufacturing","Railroads","",14.43,"",2025,96340.0,4425.0,1701.0
"7105","MITSUBISHI LOGISNEXT CO LTD","20260220",1531.0,1.0,1649.82,539.33,4.74,1159.39,5880.0,"JPY",207.8,7.6,"",0,6.5,37.5,10.0,2.0,"","Producer Manufacturing","Farm & Heavy Construction Machinery","",106.92,"",2025,665594.0,2234.0,1521.0
"7110","KURASHICOM INC","20260220",2038.0,7.0,3526.91,1188.9,14.85,721.44,789.3,"JPY","",14.4,"",0,15.3,"","","","","Retail Trade","Internet Retail","",7.37,"",2025,8490.0,2450.0,1142.0
"7111","INEST INC","20260220",482.0,"","","",-0.09,673.87,-4.2,"JPY",164.2,0.0,"",0,0.9,-4.0,16.1,-3.8,"","Distribution Services","Specialty Business Services","",7.31,"",2025,18960.0,1260.0,500.0
"7114","FOODISON INC","20260220",880.0,-1.0,799.23,261.27,5.23,509.33,119.9,"JPY",34.0,33.0,"",0,6.5,8.1,31.9,-2.5,"","Retail Trade","Food Distribution","",4.5,"",2025,6866.0,998.0,708.0
"7115","ALPHA PURCHASE CO LTD","20260220",1950.0,3.0,2589.75,968.05,14.94,626.52,907.2,"JPY",-9.4,58.8,37.0,0,16.1,18.7,23.1,23.7,"","Distribution Services","Specialty Industrial Machinery","",9.69,"",2024,55952.0,3845.0,1377.0
"7116","DAIWA TSUSHIN CO LTD","20260220",1168.0,21.0,5262.73,1720.4,20.97,836.53,475.4,"JPY",162.6,0.0,"",0,19.6,5.9,10.3,22.2,"","Technology Services","Security & Protection Services","",2.71,"",2025,5241.0,1175.0,741.0
"7119","HALMEK HOLDINGS CO LTD","20260220",1343.0,9.0,2584.61,844.91,11.83,744.32,969.6,"JPY","",0.0,"",0,11.4,16.3,69.3,"","","Technology Services","Conglomerates","",11.01,"",2025,33930.0,1488.0,997.0
"7120","SHINKO INC","20260220",920.0,17.0,3255.0,1064.07,29.14,372.34,510.0,"JPY",34.4,45.3,"",0,27.6,25.2,48.8,38.1,"","Technology Services","Information Technology Services","",4.7,"",2025,16904.0,997.0,620.0
"7122","KINKI SHARYO CO","20260220",2411.0,-4.0,1811.56,592.2,1.24,4885.17,415.5,"JPY",79.8,14.9,"",0,0.6,16.2,4.8,10.1,"","Producer Manufacturing","Railroads","",6.88,"",2025,30257.0,2566.0,1256.0
"7126","GLOBAL STYLE CO LTD","20260220",1552.0,17.0,5303.22,1874.14,17.67,873.87,514.2,"JPY",40.2,38.6,"",0,21.7,22.0,34.1,32.6,29.0,"Retail Trade","Apparel Manufacturing","",3.33,"",2025,11460.0,1781.0,1313.0
"7127","IKKA HLDNGS CO LTD","20260220",711.0,-23.0,86.96,28.43,2.36,122.88,20.9,"JPY",338.1,0.0,"",0,-4.6,16.8,16.6,-136.1,"","Finance","Personal Services","",7.21,"",2025,10089.0,735.0,600.0
"7128","MARUKA FURUSATO CORP","20260220",2281.0,3.0,2945.86,963.01,3.26,3007.82,2361.6,"JPY","",19.8,101.0,0,3.3,6.2,6.8,"","","Distribution Services","Industrial Distribution","",24.05,"",2024,161716.0,2485.0,2015.0
"7129","MIAHELSA HLDNGS CORP","20260220",1160.0,19.0,3694.11,1407.12,11.3,1355.0,428.8,"JPY",-140.0,61.9,"",0,13.8,9.4,0.9,-1.7,"","Retail Trade","Pharmaceutical Retailers","",2.8,"",2025,23825.0,1271.0,998.0
"7130","YAMAE GRP HLDGS CO LTD","20260220",3045.0,15.0,7121.48,2437.43,9.32,3210.7,8312.0,"JPY",214.4,16.9,"",0,9.7,11.6,10.8,6.4,"","Consumer Non-Durables","Conglomerates","",27.77,"",2025,1006914.0,3225.0,2034.0
"7131","Nomura Corp.","20260220",3920.0,15.0,11318.72,4181.39,19.69,1759.09,457.3,"JPY",4.4,59.6,"",0,26.8,20.7,20.8,19.0,19.4,"Consumer Cyclical","Packaging & Containers","",1.32,"",2025,7111.0,3790.0,1638.0
"7133","HYUGA PRIMARY CARE CO LTD","20260220",1058.0,12.0,2653.58,867.46,26.6,332.54,630.7,"JPY","",0.0,"",0,47.0,"","","","","Health Services","Medical Care Facilities","",7.13,"",2025,9984.0,1594.0,1037.0
"7134","UP GARAGE GROUP CO LTD","20260220",1044.0,14.0,2724.62,1005.66,16.08,582.17,740.5,"JPY",19.6,55.0,"",0,19.6,17.9,18.0,23.3,"","Distribution Services","Auto & Truck Dealerships","",7.91,"",2025,13981.0,1224.0,753.0
"7137","Grantomato Co.,Ltd.","20260220",1200.0,22.0,6026.6,1970.11,25.41,794.55,407.8,"JPY",59.9,41.9,"",0,42.9,33.4,16.0,16.1,"","Distribution Services","Wholesale Distributors","",2.03,"",2025,17735.0,1200.0,1200.0
"7138","TORICO CO LTD","20260220",302.0,"","","",-29.53,102.16,-237.5,"JPY","",4.3,"",0,-30.3,-22.8,8.6,22.1,"","Retail Trade","Internet Content & Information","",7.87,"",2025,3677.0,630.0,112.6
"7140","PETGO CORPORATION","20260220",926.0,3.0,1191.8,389.6,5.93,669.95,72.7,"JPY",11.7,44.2,"",0,11.4,18.4,33.7,30.1,"","Retail Trade","Medical Care Facilities","",1.83,"",2025,9032.0,1049.0,708.0
"7148","Financial Products Group Co., Ltd.","20260220",2043.0,19.0,6309.41,2062.56,30.86,681.48,17609.6,"JPY",3.6,72.9,"",0,34.5,45.1,34.9,29.6,11.6,"Finance","Financial Conglomerates","",83.73,"",2025,129764.0,2509.0,1672.0
"7150","THE SHIMANE BANK LTD","20260220",671.0,14.0,1857.48,607.21,3.41,1815.21,509.0,"JPY",-38.6,60.1,"",0,3.5,2.5,2.9,1.7,"","Finance","Banks - Regional","",8.22,"",2025,6508.0,710.0,412.0
"7157","LIFENET INSURANCE COMPANY","20260220",2091.0,2.0,2390.55,781.48,6.95,1146.63,6401.1,"JPY",10.4,44.8,"",0,6.6,36.8,-23.3,-26.0,"","Finance","Insurance - Life","",80.33,"",2025,0.0,2631.0,1440.0
"7161","JIMOTO HOLDINGS INC","20260220",607.0,17.0,2176.26,711.42,2.35,3082.84,1940.5,"JPY","",0.0,"",0,2.1,-28.9,-6.6,2.4,"","Finance","Banks - Regional","",26.75,"",2025,24976.0,607.0,263.0
"7162","ASTMAX CO LTD","20260220",215.0,"","","",-5.76,384.81,-290.3,"JPY","",9.8,"",0,-5.7,8.8,-15.6,2.1,"","Utilities","Asset Management","",13.1,"",2025,20666.0,323.0,200.0
"7163","SBI SUMISHIN NET BANK LTD","20250924",4875.0,-2.0,4371.94,1623.12,14.14,1126.95,24030.1,"JPY",-24.4,55.2,"",0,16.2,18.3,14.0,13.1,"","Finance","Banks - Regional","",150.78,"",2025,73005.0,18022828032.0,10346097664.0
"7164","ZENKOKU HOSHO CO LTD","20260220",3166.0,9.0,6102.87,2152.37,12.56,1796.6,29971.3,"JPY","",31.8,"",0,13.7,14.1,"","","","Finance","Credit Services","",132.85,"",2025,56972.0,3582.0,2659.0
"7167","MEBUKI FINANCIAL GROUP INC","20260220",1320.0,5.0,1940.73,634.43,6.3,1026.69,60865.8,"JPY",-1.3,75.4,"",0,6.0,4.9,3.4,4.7,"","Finance","Banks - Regional","",940.87,"",2025,224459.0,1349.0,517.7
"7170","Chuou International Group Co. Ltd.","20251111",300.0,"","","",-1.42,189.78,-8.5,"JPY",40.0,30.0,"",0,-1.3,-1.8,5.0,4.5,"","Finance","Insurance - Diversified","",3.13,"",2024,638.0,300.0,200.0
"7172","Japan Investment Adviser Co.,Ltd.","20260220",1963.0,10.0,4112.21,1559.24,13.13,1213.74,9648.8,"JPY",-9.7,62.4,"",0,16.0,15.2,4.3,9.3,6.9,"Finance","Rental & Leasing Services","",60.55,"",2025,38738.0,2496.0,1307.0
"7173","TOKYO KIRABOSHI FINANCIAL GP INC","20260220",11390.0,13.0,29148.77,9528.79,8.64,11251.15,32063.7,"JPY",2.4,57.4,"",0,8.6,7.8,6.3,5.9,"","Finance","Banks - Regional","",33.0,"",2025,96393.0,12300.0,4245.0
"7175","IMAMURA SECURITIES CO LTD(THE)","20260220",1381.0,15.0,4135.55,1351.92,5.84,2361.72,705.8,"JPY",-5.7,65.2,"",0,5.7,9.2,5.8,9.5,"","Finance","Capital Markets","",5.12,"",2025,4171.0,1380.0,900.0
"7176","Simplex Financial Holdings Co. Ltd.","20260120",464.0,30.0,2933.23,1123.73,28.11,355.76,4375.9,"JPY",2.6,77.9,"",0,58.0,74.6,34.7,26.2,"","Miscellaneous","Capital Markets","",43.76,"",2025,16254.0,7110.0,355.5
"7177","GMO Financial Holdings Inc.","20260220",911.0,14.0,2466.35,941.82,19.28,447.88,10187.3,"JPY",-1.6,71.3,"",0,22.2,12.1,22.7,14.3,26.8,"Financial Services","Capital Markets","",117.99,"",2025,46387.0,1007.0,647.0
"7180","KYUSHU FINANCIAL GROUP INC","20260220",1318.0,7.0,2184.12,713.99,4.48,1626.24,31505.2,"JPY",-3.7,64.5,"",0,4.2,4.1,3.7,2.6,"","Finance","Banks - Regional","",432.74,"",2025,135252.0,1436.5,520.3
"7181","JAPAN POST INSURANCE CO LTD","20260220",4959.0,19.0,20242.05,6617.16,7.73,8727.12,250610.1,"JPY",4.7,54.9,"",0,8.0,10.5,8.0,9.8,"","Finance","Insurance - Life","",371.42,"",2025,0.0,5315.0,2503.0
"7182","JAPAN POST BANK CO LTD","20260220",3054.0,1.0,3383.06,1105.93,4.46,2529.01,403100.9,"JPY",-0.6,76.4,"",0,4.3,3.7,3.2,3.1,"","Finance","Banks - Regional","",3574.58,"",2025,1750168.0,3169.0,1161.5
"7183","ANSHIN GUARANTOR SERVICE CO LTD","20260220",175.0,9.0,339.55,111.0,8.33,135.87,196.6,"JPY",-0.3,57.0,"",0,5.5,17.2,27.0,13.7,"","Finance","Credit Services","",17.37,"",2025,5376.0,213.0,130.0
"7184","THE FIRST BANK OF TOYAMA LTD","20260220",2591.0,10.0,5338.45,1745.15,7.33,2426.7,11184.1,"JPY",-4.4,64.5,"",0,9.0,4.9,3.9,3.5,"","Finance","Banks - Regional","",62.85,"",2025,23332.0,2899.0,864.0
"7185","HIROSE TUSYO INC","20260220",3710.0,11.0,8664.86,2899.5,10.57,3219.22,2090.1,"JPY","",9.0,"",0,12.7,19.2,17.2,"","","Finance","Capital Markets","",6.14,"",2025,10146.0,4440.0,3380.0
"7186","CONCORDIA FINANCIAL GROUP LTD","20260220",1698.5,3.0,2199.68,719.08,6.44,1138.14,82957.9,"JPY",0.5,70.5,"",0,6.7,4.5,4.7,4.7,"","Finance","Banks - Regional","",1131.41,"",2025,274197.0,1711.5,700.1
"7187","J-LEASE CO LTD","20260220",1420.0,12.0,3550.43,1160.64,35.87,329.95,2122.0,"JPY",5.9,63.0,"",0,45.9,53.0,70.4,111.3,"","Finance","Real Estate Services","",17.93,"",2025,17267.0,1790.0,1080.0
"7189","NISHI-NIPPON FINANCIAL HLDGS INC","20260220",4419.0,6.0,7057.99,2307.27,5.98,3931.42,32767.9,"JPY",-1.7,63.1,"",0,5.4,4.5,4.8,4.6,"","Finance","Banks - Regional","",139.28,"",2025,130597.0,4486.0,1557.0
"7191","ENTRUST INC","20260220",1155.0,8.0,2071.68,768.28,20.5,311.49,1428.7,"JPY",9.1,61.8,"",0,22.7,23.6,22.7,17.7,"","Commercial Services","Credit Services","",22.37,"",2025,10572.0,1222.0,660.0
"7192","MORTGAGE SERVICE JAPAN LTD","20260220",708.0,12.0,1692.82,636.05,11.62,596.94,1019.7,"JPY",17.4,56.6,"",0,12.2,12.6,14.2,19.0,"","Finance","Mortgage Finance","",14.7,"",2025,7565.0,670.0,374.0
"7196","CASA INC","20260220",710.0,18.0,2030.69,799.4,11.9,741.12,894.0,"JPY",-9.9,75.5,15.0,0,15.0,8.6,7.9,10.0,"","Finance","Mortgage Finance","",10.14,"",2025,12157.0,878.0,706.0
"7198","SBI ARUHI CORPORATION","20260220",926.0,5.0,1402.09,458.35,4.94,946.01,2075.1,"JPY",31.5,62.5,"",0,5.0,4.7,8.8,14.2,"","Finance","Mortgage Finance","",44.4,"",2025,22292.0,950.0,682.0
"7199","PREMIUM GROUP CO LTD","20260220",1814.0,9.0,3639.76,1189.85,24.43,496.67,4622.5,"JPY",-50.2,61.1,"",0,30.4,34.8,40.7,40.7,"","Commercial Services","Credit Services","",38.1,"",2025,36409.0,2468.0,1683.0
"7201","日產自動車","20260220",445.0,"","","",-0.45,1419.72,-22296.2,"JPY",437.3,10.5,"",0,-0.8,10.3,7.3,3.5,"","Consumer Durables","Auto Manufacturers","",3492.61,"",2025,12633214.0,449.5,299.0
"7202","五十鈴自動車","20260220",2755.0,10.0,6041.98,1975.13,10.3,1955.06,141424.7,"JPY",13.4,63.3,"",0,9.8,14.2,12.8,12.8,"","Consumer Durables","Auto Manufacturers","",702.21,"",2025,3235648.0,2929.0,1608.0
"7203","豐田自動車","20260220",3635.0,13.0,7489.36,2838.82,11.33,2756.37,4069912.3,"JPY",5.8,59.8,"",0,13.9,17.4,9.3,12.2,"","Consumer Durables","Motor Vehicles","",13033.39,"",2025,48036704.0,4000.0,2226.5
"7205","日野自動車","20260220",455.0,13.0,1177.37,432.15,13.61,310.9,24296.0,"JPY",-104.1,50.0,"",0,3.1,-9.6,-2.7,-2.8,"","Consumer Durables","Farm & Heavy Construction Machinery","",574.04,"",2025,1697229.0,494.9,342.0
"7208","KANEMITSU CORPORATION","20260220",1152.0,15.0,3587.96,1172.91,5.33,2245.21,611.2,"JPY",12.2,67.4,"",0,5.4,6.2,3.4,1.1,"","Producer Manufacturing","Auto Parts","",5.11,"",2025,11117.0,1146.0,745.0
"7211","三菱自動車工業","20260220",434.7,13.0,1123.01,367.11,5.36,698.18,50099.4,"JPY",4.2,50.0,"",0,5.2,22.8,30.1,15.8,"","Consumer Durables","Auto Manufacturers","",1338.35,"",2025,2788232.0,465.8,328.2
"7212","F-TECH INC","20260220",816.0,30.0,6675.85,2182.35,8.02,2773.94,4132.4,"JPY",51.6,76.7,"",0,3.4,3.2,0.8,0.4,"","Producer Manufacturing","Auto Parts","",18.57,"",2025,300831.0,865.0,395.0
"7213","LECIP HLDG CORP","20260220",478.0,29.0,3736.04,1221.32,19.07,652.88,1926.6,"JPY",30.4,37.6,"",0,34.0,43.9,-5.1,1.4,"","Electronic Technology","Electronic Components","",15.47,"",2025,25931.0,516.0,399.0
"7214","GMB CORP","20260220",961.0,9.0,1840.88,601.79,1.41,4344.55,326.5,"JPY",152.5,13.9,"",0,2.0,2.6,5.8,1.1,"","Producer Manufacturing","Auto Parts","",5.32,"",2025,103712.0,980.0,700.0
"7215","FALTEC CO LIMITED","20260220",398.0,24.0,2266.63,740.97,3.78,2000.32,708.7,"JPY",-285.4,50.0,"",0,4.4,6.4,-8.7,2.0,"","Producer Manufacturing","Auto Parts","",9.38,"",2025,79114.0,459.0,310.0
"7217","TEIN INC","20260220",413.0,11.0,961.47,314.31,5.16,621.24,319.9,"JPY",4.3,63.1,"",0,3.7,7.7,10.3,17.0,"","Producer Manufacturing","Auto Parts","",9.98,"",2025,5316.0,430.0,318.0
"7218","TANAKA SEIMITSU KOGYO","20260220",1215.0,21.0,5749.54,1879.53,7.74,2474.59,1862.9,"JPY",58.0,24.6,"",0,8.9,12.5,6.5,6.5,"","Producer Manufacturing","Auto Parts","",9.72,"",2025,40474.0,1294.0,901.0
"7219","HKS Co., Ltd.","20260220",2231.0,13.0,5923.4,1936.37,2.61,7553.19,278.4,"JPY",-17.2,57.5,"",0,2.9,2.9,5.0,5.8,3.6,"Producer Manufacturing","Auto Parts","",1.41,"",2025,8976.0,2330.0,1846.0
"7220","MUSASHI SEIMITSU IND","20260220",2428.0,9.0,4979.0,1627.64,9.48,1751.01,10877.5,"JPY",28.2,59.4,"",0,9.0,9.6,2.3,7.4,"","Producer Manufacturing","Auto Parts","",65.54,"",2025,347196.0,3845.0,1793.0
"7222","NISSAN SHATAI CO","20260220",1046.0,4.0,1421.66,464.74,3.64,1303.51,6418.8,"JPY",232.7,23.1,"",0,2.8,0.6,2.2,-1.0,"","Consumer Durables","Auto Manufacturers","",135.45,"",2025,350508.0,1319.0,850.0
"7224","SHINMAYWA INDUSTRIES","20260220",2663.0,6.0,4124.02,1348.15,8.12,1693.77,9092.1,"JPY",-26.0,70.1,"",0,8.6,7.8,7.6,8.0,"","Electronic Technology","Conglomerates","",66.14,"",2025,266441.0,2670.0,1127.0
"7226","KYOKUTO KAIHATSU KOGYO CO","20260220",3470.0,-1.0,3119.02,1019.61,3.44,3020.42,3996.5,"JPY",261.2,43.9,"",0,3.4,3.4,-0.4,1.2,"","Producer Manufacturing","Farm & Heavy Construction Machinery","",38.44,"",2025,140449.0,3460.0,1954.0
"7227","Aska Corporation","20260220",1909.0,-9.0,971.53,350.8,10.48,378.06,1522.0,"JPY",42.0,39.1,"",0,11.7,11.4,16.2,12.4,11.9,"Producer Manufacturing","Auto Parts","",38.42,"",2025,46356.0,"",""
"7228","DAYTONA CORP","20260220",3820.0,19.0,13321.01,4977.4,13.89,3614.71,1194.8,"JPY",6.0,57.3,135.0,0,15.8,17.6,26.0,31.0,"","Consumer Durables","Auto Parts","",2.38,"",2024,14578.0,4330.0,3320.0
"7229","YUTAKA GIKEN CO","20260220",3035.0,15.0,9144.74,2989.43,4.42,6893.32,4517.5,"JPY",-37.9,64.7,"",0,4.7,8.5,2.2,5.0,"","Producer Manufacturing","Auto Parts","",14.82,"",2025,179213.0,3400.0,1795.0
"7231","TOPY INDUSTRIES","20260220",3535.0,7.0,6211.63,2030.59,3.37,6135.01,4565.6,"JPY",-81.4,60.1,"",0,2.6,9.7,6.2,-2.6,"","Non-Energy Minerals","Auto Parts","",22.05,"",2025,300610.0,3550.0,1724.0
"7235","TOKYO RADIATOR MFG CO","20260220",1772.0,15.0,5454.68,1783.15,7.86,2314.01,1725.5,"JPY",6.9,52.2,"",0,8.0,8.6,1.1,-3.5,"","Producer Manufacturing","Auto Parts","",9.49,"",2025,34060.0,1776.0,706.0
"7236","T.RAD CO LTD","20260220",10940.0,16.0,31936.05,12405.87,15.04,8252.37,7321.1,"JPY",-7.6,73.9,"",0,12.8,5.8,1.0,9.0,"","Producer Manufacturing","Auto Parts","",5.9,"",2025,159235.0,11840.0,2690.0
"7238","AKEBONO BRAKE INDUSTRY CO","20260220",142.0,"","","",-3.66,182.46,-1812.9,"JPY",-504.5,50.0,"",0,-11.7,7.2,1.3,12.3,"","Producer Manufacturing","Auto Parts","",271.42,"",2025,161672.0,181.0,82.0
"7239","TACHI-S CO LTD","20260220",2287.0,14.0,6690.09,2187.0,7.94,2806.97,7649.0,"JPY",-9.2,50.0,"",0,7.3,8.1,0.0,-6.6,"","Producer Manufacturing","Auto Parts","",34.3,"",2025,285394.0,2289.0,1350.0
"7240","NOK CORP","20260220",3237.0,6.0,5303.77,1733.81,4.99,3542.4,28896.7,"JPY",4.9,90.0,"",0,5.0,3.3,2.4,5.8,"","Producer Manufacturing","Auto Parts","",163.45,"",2025,766859.0,3253.0,1796.5
"7241","FUTABA INDUSTRIAL CO","20260220",1145.0,16.0,3622.43,1184.18,9.15,1320.24,10757.4,"JPY",-19.1,59.0,"",0,7.2,14.4,12.1,6.4,"","Producer Manufacturing","Auto Parts","",89.09,"",2025,707104.0,1126.0,599.0
"7242","KYB CORPORATION","20260220",5140.0,13.0,13746.45,4493.74,9.16,5000.82,20665.5,"JPY",32.0,43.4,"",0,6.4,8.6,17.7,20.5,"","Producer Manufacturing","Auto Parts","",45.1,"",2025,438316.0,4900.0,2500.0
"7244","ICHIKOH INDUSTRIES","20260220",563.0,15.0,1675.86,547.84,7.68,727.84,5376.2,"JPY",-11.5,58.1,14.0,0,6.4,11.3,11.0,10.2,"","Producer Manufacturing","Auto Parts","",96.24,"",2024,125544.0,559.0,330.0
"7245","DAIDO METAL CO LTD","20260220",1119.0,8.0,2005.92,655.74,4.31,1552.48,3133.3,"JPY",128.0,14.5,"",0,4.3,4.0,-0.2,4.6,"","Producer Manufacturing","Auto Parts","",46.86,"",2025,136303.0,1327.0,405.0
"7246","PRESS KOGYO CO","20260220",965.0,10.0,2114.14,691.11,6.09,1156.34,6947.1,"JPY",54.4,39.3,"",0,5.7,7.4,8.1,9.0,"","Producer Manufacturing","Auto Parts","",98.58,"",2025,189883.0,947.0,444.0
"7247","MIKUNI CORP","20260220",423.0,17.0,1504.55,491.84,4.45,1127.83,1686.6,"JPY",90.9,21.5,"",0,2.9,4.5,2.4,4.9,"","Producer Manufacturing","Auto Parts","",33.63,"",2025,101428.0,428.0,230.0
"7250","PACIFIC INDUSTRIAL CO","20260220",3010.0,11.0,7089.22,2317.48,8.11,2913.14,13521.5,"JPY",113.1,21.1,"",0,8.0,6.8,6.9,9.5,"","Producer Manufacturing","Auto Parts","",57.22,"",2025,206129.0,3385.0,1068.0
"7254","UNIVANCE CORP","20260220",812.0,25.0,4114.73,1527.44,12.38,1276.94,3297.5,"JPY",-2.3,53.0,"",0,13.9,18.8,4.6,16.5,"","Producer Manufacturing","Auto Parts","",20.86,"",2025,53915.0,880.0,284.0
"7255","SAKURAI LTD","20260220",644.0,18.0,2365.07,773.15,5.43,1451.04,264.1,"JPY",-344.4,50.0,"",0,4.6,-2.5,-5.9,3.8,"","Consumer Durables","Auto Parts","",3.35,"",2025,4964.0,710.0,480.0
"7256","Kasai Kogyo Co., Ltd.","20260220",355.0,"","","",-15.68,321.89,-1953.3,"JPY","",0.0,"",0,-34.9,-14.3,-75.2,-34.8,-25.6,"Producer Manufacturing","Auto Parts","",38.69,"",2025,218801.0,168.0,75.0
"7259","AISIN CORPORATION","20260220",2682.0,10.0,5565.73,1819.45,6.96,2665.89,137601.7,"JPY",-148.3,87.8,"",0,5.8,5.5,3.4,9.3,"","Producer Manufacturing","Auto Parts","",741.69,"",2025,4896104.0,3155.0,1280.0
"7261","馬自達","20260220",1342.0,20.0,5813.34,1900.39,6.82,2842.14,122225.5,"JPY",16.8,49.2,"",0,8.5,15.9,12.2,7.8,"","Consumer Durables","Auto Manufacturers","",630.75,"",2025,5018893.0,1368.5,723.0
"7264","MURO CORPORATION","20260220",1415.0,10.0,2956.29,966.42,2.7,3653.81,595.2,"JPY",43.8,38.2,"",0,3.2,6.7,1.5,7.3,"","Producer Manufacturing","Auto Parts","",6.04,"",2025,22590.0,1460.0,1002.0
"7266","IMASEN ELECTRIC INDUSTRIAL CO","20260220",1011.0,-17.0,233.21,76.24,0.32,2454.77,166.9,"JPY","",0.0,"",0,-1.7,0.8,-4.1,-0.4,"","Producer Manufacturing","Auto Parts","",21.47,"",2025,94341.0,985.0,517.0
"7267","本田技研工業","20260220",1543.0,16.0,5201.43,1700.36,5.5,3150.95,678266.9,"JPY",25.7,62.4,"",0,6.6,9.9,6.2,7.8,"","Consumer Durables","Auto Manufacturers","",3912.0,"",2025,21688767.0,1730.0,1156.0
"7268","Tatsumi Corp.","20250411",355.0,6.0,577.5,188.79,3.96,485.5,115.5,"JPY","",0.0,"",0,7.8,-8.3,-6.7,-5.1,"","Consumer Cyclical","Auto Parts","",6.0,"",2024,7415.0,370.0,0.0
"7269","鈴木自動車","20260220",2294.0,12.0,5665.58,1939.24,12.74,1539.78,378325.2,"JPY",90.1,19.6,"",0,17.2,12.8,11.9,8.8,"","Consumer Durables","Auto Manufacturers","",1929.27,"",2025,5825161.0,2473.0,1463.0
"7270","富士重工業","20260220",3021.0,14.0,8850.27,2893.17,7.91,3728.89,214757.6,"JPY",19.2,54.3,"",0,13.0,18.9,11.1,4.0,"","Consumer Durables","Auto Manufacturers","",727.97,"",2025,4685763.0,3642.0,2174.0
"7271","YASUNAGA CORP","20260220",1102.0,11.0,2488.11,813.37,7.5,1105.63,854.3,"JPY",117.1,16.7,"",0,5.9,4.0,13.0,-6.9,"","Producer Manufacturing","Auto Parts","",10.3,"",2025,31470.0,1328.0,381.0
"7272","YAMAHA MOTOR CO","20260220",1233.0,11.0,2894.45,946.2,8.06,1197.65,93574.6,"JPY",50.5,41.2,35.0,0,10.4,17.7,19.4,20.5,"","Consumer Durables","Auto Manufacturers","",969.87,"",2024,2576179.0,1288.0,962.8
"7273","IKUYO CO LTD","20260220",721.0,"","","",-10.34,322.4,-726.6,"JPY","",5.2,"",0,0.5,10.5,10.5,6.1,"","Producer Manufacturing","Auto Parts","",21.79,"",2025,17736.0,1380.0,324.5
"7276","KOITO MANUFACTURING CO LTD","20260220",2725.0,2.0,3276.66,1071.15,4.85,2250.86,30434.7,"JPY",49.1,71.0,"",0,4.6,7.1,4.9,7.0,"","Producer Manufacturing","Auto Parts","",278.65,"",2025,916709.0,2695.0,1524.0
"7277","TBK CO LTD","20260220",409.0,-4.0,300.5,98.23,1.01,991.16,285.5,"JPY","",22.3,"",0,0.1,0.0,-7.1,2.9,"","Producer Manufacturing","Auto Parts","",28.5,"",2025,54415.0,385.0,250.0
"7278","EXEDY CORPORATION","20260220",6020.0,9.0,11673.24,3816.0,7.88,4937.84,14221.9,"JPY",-80.3,72.9,"",0,6.4,10.0,4.2,6.3,"","Producer Manufacturing","Auto Parts","",36.55,"",2025,309564.0,6010.0,3555.0
"7279","Hi-Lex Corporation","20260220",3740.0,-1.0,3418.81,1117.61,2.42,4705.67,4241.6,"JPY",-103.4,50.0,"",0,2.7,-0.6,2.1,-2.3,0.0,"Producer Manufacturing","Specialty Industrial Machinery","",37.22,"",2025,304123.0,3820.0,1214.0
"7280","MITSUBA CORP","20260220",1390.0,29.0,8703.17,3205.23,15.11,2111.12,14462.2,"JPY",-31.2,52.5,"",0,13.6,26.3,2.0,4.6,"","Producer Manufacturing","Auto Parts","",45.33,"",2025,349353.0,2152.0,654.0
"7282","TOYODA GOSEI","20260220",4884.0,11.0,11218.51,3667.35,8.76,4269.28,47529.1,"JPY",20.4,56.4,"",0,8.3,12.3,4.8,6.0,"","Producer Manufacturing","Auto Parts","",127.1,"",2025,1059798.0,5230.0,2201.0
"7283","AISAN INDUSTRY CO","20260220",2230.0,15.0,6649.38,2173.69,9.32,2378.36,12658.2,"JPY",23.8,50.9,"",0,10.0,11.3,9.7,8.4,"","Producer Manufacturing","Auto Parts","",57.11,"",2025,337259.0,2330.0,1572.0
"7284","MEIWA INDUSTRY CO","20260220",1207.0,13.0,3267.43,1068.13,3.18,3429.14,381.2,"JPY",13.1,43.5,"",0,3.0,-3.7,-0.4,1.4,"","Producer Manufacturing","Auto Parts","",3.5,"",2025,23250.0,1290.0,899.0
"7287","NIPPON SEIKI CO","20260220",2777.0,4.0,3851.28,1258.99,3.4,3773.84,7371.4,"JPY",-55.5,78.6,"",0,2.7,3.5,0.7,-1.1,"","Producer Manufacturing","Auto Parts","",57.42,"",2025,316397.0,2834.0,917.0
"7291","NIHON PLAST CO LTD","20260220",461.0,23.0,2460.77,804.43,4.52,1814.92,1561.0,"JPY",-17.1,50.0,"",0,5.4,8.7,-5.2,-7.3,"","Producer Manufacturing","Auto Parts","",19.03,"",2025,120591.0,468.0,265.0
"7292","MURAKAMI CORP","20260220",6450.0,12.0,15852.11,5182.08,6.89,7672.3,6124.2,"JPY",20.7,56.3,"",0,7.2,7.5,5.6,5.5,"","Producer Manufacturing","Auto Parts","",11.59,"",2025,109205.0,7310.0,4505.0
"7294","YOROZU CORP","20260220",1053.0,"","","",-3.86,2162.45,-2029.2,"JPY","",16.5,"",0,-7.1,12.4,2.6,1.8,"","Producer Manufacturing","Auto Parts","",24.29,"",2025,178414.0,1154.0,839.0
"7296","F.C.C. CO LTD","20260220",3760.0,12.0,9459.74,3092.41,8.29,3803.08,15274.3,"JPY",-15.0,64.2,"",0,9.1,8.1,6.8,6.7,"","Producer Manufacturing","Auto Parts","",48.44,"",2025,256619.0,3970.0,2480.0
"7297","CAR MATE MANUFACTURING CO","20260220",965.0,5.0,1447.31,473.13,2.3,2101.42,340.6,"JPY",62.7,47.8,"",0,1.7,1.5,2.6,7.4,"","Producer Manufacturing","Auto Parts","",7.06,"",2025,15523.0,945.0,800.0
"7299","FUJI OOZX INC","20260220",2153.0,10.0,4684.51,1531.38,5.22,2993.41,1588.1,"JPY",-11.8,62.3,"",0,4.5,7.6,2.9,4.6,"","Producer Manufacturing","Auto Parts","",10.17,"",2025,25544.0,2150.0,1100.0
"7305","ARAYA INDUSTRIAL CO","20260220",5670.0,4.0,7937.74,2594.86,4.06,6522.85,1262.1,"JPY",85.3,15.3,"",0,3.2,5.2,11.8,10.0,"","Producer Manufacturing","Steel","",4.77,"",2025,42845.0,5830.0,3945.0
"7309","Shimano Inc.","20260220",16880.0,-2.0,14092.9,4606.99,4.73,9932.0,41066.7,"JPY",28.2,51.8,"",0,2.9,9.7,11.0,21.2,21.8,"Consumer Durables","Leisure","",87.42,"",2025,466243.0,22730.0,14895.0
"7313","TS TECH CO.LTD.","20260220",1984.5,-1.0,1911.07,624.73,2.45,2599.75,7505.4,"JPY",-8.4,90.0,"",0,2.7,3.5,1.4,4.0,"","Consumer Durables","Auto Parts","",117.82,"",2025,460514.0,2009.5,1396.5
"7314","Odawara Auto Machine Mfg. Co. Ltd.","20260220",1168.0,-1.0,1047.19,342.33,2.7,1293.12,111.7,"JPY",21.6,56.0,40.0,0,7.5,5.0,-1.2,3.6,"","Industrials","Business Equipment & Supplies","",3.2,"",2024,6110.0,1330.0,925.0
"7317","MATSUYA R&D CO LTD","20260220",1092.0,8.0,2025.32,662.08,20.83,324.03,1444.1,"JPY",23.8,41.2,"",0,30.1,25.2,13.2,10.0,"","Producer Manufacturing","Specialty Industrial Machinery","",21.39,"",2025,9567.0,1097.0,528.0
"7318","SERENDIP HOLDINGS CO LTD","20260220",1287.0,-8.0,686.73,224.49,5.24,436.46,420.1,"JPY",1182.5,0.0,"",0,-0.2,11.6,2.9,3.2,"","Producer Manufacturing","Specialty Business Services","",18.35,"",2025,25124.0,1690.0,295.0
"7320","SOLVVY INC","20260220",1568.0,14.0,4523.77,1478.83,43.14,349.54,1799.0,"JPY",-46.3,53.7,"",0,68.5,59.1,54.2,59.3,"","Consumer Durables","Specialty Business Services","",11.93,"",2025,6705.0,2443.0,1172.0
"7322","SAN JU SAN FINL GP INC","20260220",6120.0,7.0,10609.42,3468.24,4.47,7915.87,9201.9,"JPY",-5.4,64.4,"",0,4.0,3.7,3.0,2.5,"","Finance","Banks - Regional","",26.02,"",2025,38833.0,6310.0,1770.0
"7325","IRRC CORPORATION","20260220",919.0,8.0,1636.8,535.07,11.49,474.69,446.3,"JPY",11.9,66.0,"",0,13.7,10.5,2.5,7.8,"","Finance","Insurance - Life","",8.18,"",2025,9424.0,989.0,580.0
"7327","DAISHI HOKUETSU FINANCIAL GROUP INC","20260220",1998.0,8.0,3654.24,1194.58,6.67,1825.91,31945.4,"JPY",-4.0,65.4,"",0,5.9,5.3,4.3,3.5,"","Finance","Banks - Regional","",262.26,"",2025,115106.0,2089.0,767.6667
"7337","HIROGIN HOLDINGS INC","20260220",1924.5,7.0,3358.01,1097.74,6.65,1684.19,33532.0,"JPY",2.6,74.0,"",0,6.8,4.5,2.6,3.5,"","Finance","Banks - Regional","",299.57,"",2025,124714.0,1989.5,895.0
"7342","WealthNavi Inc.","20250318",1942.0,-37.0,49.7,16.25,1.71,96.75,497.6,"JPY",23.9,38.1,"",0,4.2,4.3,2.9,-7.2,"","Financial Services","Asset Management","",300.36,"",2024,5974.67,"",""
"7343","BROAD-MINDED CO LTD","20260220",1335.0,7.0,2363.89,854.6,12.85,693.33,507.8,"JPY",42.1,42.4,"",0,12.8,14.7,13.8,12.3,"","Finance","Insurance - Diversified","",5.7,"",2025,6021.0,1467.0,811.0
"7345","AI PARTNERS FINANCIAL INC","20260220",939.0,"","","",-0.19,191.49,-1.2,"JPY","",12.3,"",0,-1.4,1.1,-15.1,13.2,"","Finance","Asset Management","",3.29,"",2025,3797.0,968.0,524.0
"7347","MERCURIA HOLDINGS CO LTD","20260220",737.0,1.0,810.47,264.94,2.99,904.75,522.8,"JPY","",23.4,22.0,0,2.9,6.5,10.3,"","","Finance","Asset Management","",19.35,"",2024,5565.0,892.0,661.0
"7350","OKINAWA FINANCIAL GRP INC","20260220",5900.0,8.0,11148.71,3644.53,5.17,7193.44,7930.5,"JPY",-7.4,66.6,"",0,5.1,4.1,3.7,3.1,"","Finance","Banks - Regional","",21.34,"",2025,33864.0,6010.0,1942.0
"7351","Goodpatch, Inc.","20260220",488.0,12.0,1196.82,391.24,8.4,474.68,348.3,"JPY",140.7,14.7,"",0,10.3,0.3,5.3,12.4,34.9,"Technology Services","Software - Infrastructure","",8.73,"",2025,5085.0,1015.0,478.0
"7352","TWOSTONE&Sons Co.Ltd.","20260220",605.0,-7.0,375.28,137.09,15.97,77.24,536.7,"JPY",8.1,50.9,"",0,16.8,23.8,30.3,20.6,14.6,"Commercial Services","Specialty Business Services","",43.5,"",2025,18077.0,1298.0,596.0
"7353","KIYO LEARNING CO LTD","20260220",593.0,3.0,753.1,268.08,13.62,189.49,176.9,"JPY",25.5,37.2,"",0,20.0,12.8,-18.6,12.7,"","Technology Services","Education & Training Services","",6.85,"",2024,4467.0,873.0,607.0
"7354","DIRECT MARKETING MIX INC","20260220",345.0,13.0,735.35,279.43,10.5,296.27,1444.4,"JPY",-34.7,59.9,7.0,0,8.9,3.9,33.0,40.2,"","Commercial Services","Advertising Agencies","",46.43,"",2024,20952.0,332.0,183.0
"7356","Retty Inc.","20260220",141.0,-36.0,4.01,1.31,0.59,22.66,2.0,"JPY","",0.0,"",0,3.5,-20.2,-176.0,-68.0,-83.4,"Technology Services","Internet Content & Information","",14.96,"",2025,1630.0,305.0,125.0
"7357","GEOCODE CO LTD","20260220",1604.0,-16.0,409.68,133.92,3.25,420.07,38.1,"JPY",218.9,25.1,"",0,1.3,1.1,6.9,13.1,"","Technology Services","Advertising Agencies","",2.79,"",2025,1582.0,1705.0,510.0
"7358","POPPINS CORPORATION","20260220",1406.0,10.0,2951.65,1086.61,13.01,872.41,1107.1,"JPY",39.5,50.0,45.0,0,14.1,11.5,13.3,16.6,"","Consumer Services","Personal Services","",9.75,"",2024,31690.0,1587.0,984.0
"7359","TOKYO COMMUNICATIONS GROUP INC","20260220",257.0,"","","",-62.44,56.41,-354.7,"JPY","",0.0,"",0,-38.7,-86.1,-14.8,23.0,"","Technology Services","Advertising Agencies","",10.07,"",2024,5861.0,636.0,183.0
"7360","ONDECK Co., Ltd.","20260220",802.0,"","","",-15.86,364.75,-151.0,"JPY","",0.0,"",0,-13.7,28.8,-12.0,13.5,4.0,"Finance","Capital Markets","",2.61,"",2025,864.0,1286.0,702.0
"7361","Human Creation Holdings, Inc.","20260220",1230.0,21.0,4223.3,1380.6,28.45,494.82,435.0,"JPY",17.4,65.4,"",0,36.0,38.1,47.9,32.2,43.2,"Commercial Services","Staffing & Employment Services","",3.09,"",2025,8945.0,1430.0,943.0
"7362","TERMINALCARE SUPPORT INSTITUTE INC","20260220",810.0,12.0,1996.38,652.62,7.72,861.84,101.2,"JPY",591.2,0.0,"",0,9.5,11.6,16.9,58.2,"","Health Services","Medical Care Facilities","",1.52,"",2024,4707.0,897.0,670.0
"7366","LITALICO INC","20260220",1343.0,3.0,1715.44,575.54,14.59,351.83,1818.8,"JPY",89.6,12.1,"",0,24.2,34.1,29.2,26.1,"","Technology Services","Education & Training Services","",35.44,"",2025,33214.0,1504.0,977.0
"7367","CELM INC","20260220",345.0,13.0,882.59,288.52,22.71,129.56,636.9,"JPY",5.6,90.0,"",0,17.9,19.8,18.4,21.7,"","Commercial Services","Staffing & Employment Services","",21.65,"",2025,8184.0,380.0,277.0
"7368","HYOJITO CO LTD","20260220",1718.0,13.0,4454.56,1456.2,8.91,1665.89,700.9,"JPY",39.9,56.0,"",0,10.0,7.9,7.3,7.1,"","Commercial Services","Advertising Agencies","",4.72,"",2025,10020.0,1792.0,1400.0
"7369","MEIHO HOLDINGS INC","20260220",555.0,7.0,947.23,309.65,6.79,465.32,148.4,"JPY",103.7,0.0,"",0,8.0,-3.7,14.7,12.6,"","Industrial Services","Specialty Business Services","",4.7,"",2025,13007.0,966.0,526.0
"7370","ENJIN CO LTD","20260220",800.0,10.0,1742.83,596.12,10.67,657.51,495.2,"JPY","",17.5,"",0,13.0,17.2,"","","","Commercial Services","Advertising Agencies","",7.06,"",2025,2919.0,934.0,626.0
"7371","ZENKEN CORP","20260220",667.0,-1.0,623.93,203.96,2.04,1017.27,252.9,"JPY",68.4,35.2,"",0,2.0,2.2,5.1,14.9,"","Commercial Services","Specialty Business Services","",12.16,"",2025,5536.0,809.0,499.0
"7372","Decollte Holdings Corporation","20260220",389.0,21.0,1771.35,579.06,6.08,971.15,302.9,"JPY",27.7,36.2,"",0,5.9,4.5,11.6,15.3,18.4,"Commercial Services","Personal Services","",5.13,"",2025,6046.0,491.0,251.0
"7373","Aidma Holdings Inc.","20260220",1857.0,10.0,4047.27,1323.06,27.87,484.05,2004.8,"JPY",4.9,47.6,"",0,32.0,30.4,36.4,36.0,94.3,"Commercial Services","Specialty Business Services","",14.86,"",2025,13269.0,3255.0,1223.0
"7374","INTERWORKS CONFIDENCE INC","20260220",1648.0,13.0,4180.11,1577.79,16.29,932.05,947.7,"JPY",6.8,63.9,"",0,17.7,36.5,38.3,83.8,"","Commercial Services","Staffing & Employment Services","",6.24,"",2025,8392.0,1740.0,1256.0
"7375","REFINVERSE GROUP INC","20260220",869.0,6.0,1349.1,441.02,55.18,81.49,150.7,"JPY","",0.0,"",0,128.7,-9.1,26.5,"","","Process Industries","Chemicals","",3.35,"",2025,4070.0,1252.0,628.0
"7376","BCC Co.,Ltd.","20260220",1910.0,"","","",-7.64,511.71,-43.4,"JPY","",0.0,"",0,-9.7,0.0,8.0,6.6,36.4,"Commercial Services","Specialty Business Services","",1.11,"",2025,1467.0,2480.0,1579.0
"7377","DN HLDGS CO LTD","20260220",2066.0,14.0,5643.43,2049.86,11.73,1899.14,1817.9,"JPY",45.8,42.9,"",0,14.3,10.4,16.6,23.4,"","Industrial Services","Specialty Business Services","",8.16,"",2025,36975.0,2498.0,1717.0
"7378","ASIRO Inc.","20260220",1991.0,8.0,3715.21,1411.17,25.69,429.77,804.9,"JPY",-7.6,75.4,"",0,45.0,15.6,3.9,15.4,20.4,"Technology Services","Personal Services","",7.29,"",2025,6647.0,2489.0,1161.0
"7379","CIRCULATION CO LTD","20250918",895.0,2.0,1045.81,386.5,11.45,359.23,341.0,"JPY",-0.3,50.0,"",0,13.0,7.0,15.8,16.8,440.3,"Technology Services","Consulting Services","",8.29,"",2025,8801.0,901.0,482.0
"7380","JUROKU FINANCIAL GROUP INC","20260220",9880.0,8.0,18129.6,5926.6,5.15,11727.11,21598.4,"JPY",13.3,57.5,"",0,4.8,5.0,4.7,4.4,"","Finance","Banks - Regional","",35.74,"",2025,63857.0,9980.0,3560.0
"7381","HOKKOKU FINANCIAL HLDGS INC","20260220",1013.0,5.0,1503.34,491.44,5.34,939.14,11313.1,"JPY",41.9,61.3,"",0,3.5,4.5,3.4,3.6,"","Finance","Banks - Regional","",225.76,"",2025,47287.0,1007.0,428.0
"7383","NET PROTECTIONS HLDGS INC","20260220",511.0,-3.0,408.9,133.67,7.06,192.94,1354.2,"JPY",-4.7,50.0,"",0,7.0,-3.8,-2.1,2.2,"","Commercial Services","Credit Services","",99.35,"",2025,22438.0,952.0,366.0
"7384","PROCREA HOLDINGS INC","20260220",2860.0,-4.0,2003.0,654.79,1.19,5593.78,1889.5,"JPY","",34.6,"",0,0.2,1.7,"","","","Finance","Banks - Regional","",28.3,"",2025,47434.0,2953.0,1307.0
"7386","JAPAN WARRANTY SUPPORT CO LTD","20250701",3345.0,8.0,6175.4,2018.75,18.23,1129.03,510.5,"JPY",64.8,22.3,"",0,26.2,26.4,31.5,46.1,"","Industrial Services","Specialty Business Services","",2.48,"",2024,1984.0,4056162304.0,0.0
"7388","FP Partner, Inc.","20260220",2281.0,0.0,2440.57,921.98,18.48,511.09,2185.0,"JPY",22.3,64.9,"",0,17.8,31.3,45.9,88.0,82.9,"Finance","Insurance Brokers","",23.13,"",2025,32104.06,2693.0,1921.0
"7389","AICHI FINANCIAL GROUP INC","20260220",6250.0,-2.0,5450.39,1781.74,2.5,7260.25,8853.3,"JPY","",41.5,"",0,2.5,2.8,"","","","Finance","Banks - Regional","",48.73,"",2025,58422.0,6540.0,2172.0
"7399","NANSIN CO LTD","20260220",638.0,-1.0,571.93,186.97,1.08,1757.48,127.4,"JPY",-10.2,90.0,"",0,1.0,1.1,1.4,-0.6,"","Producer Manufacturing","Tools & Accessories","",6.68,"",2025,9818.0,632.0,490.0
"7408","JAMCO CORPORATION","20250724",1794.0,11.0,4177.09,1365.5,19.84,701.79,3738.5,"JPY",-1.9,50.0,"",0,28.8,17.9,17.3,-28.4,"","Electronic Technology","Aerospace & Defense","",26.85,"",2025,78996.0,1797876608.0,1765.0
"7409","AEROEDGE CO LTD","20260220",5140.0,-11.0,1982.87,648.2,20.09,329.02,781.3,"JPY",70.3,14.9,"",0,23.8,43.1,70.4,0.7,"","Electronic Technology","Aerospace & Defense","",11.82,"",2025,3602.0,4240.0,575.0
"7412","ATOM CORPORATION","20260220",611.0,"","","",-18.86,53.78,-1958.3,"JPY","",11.8,"",0,-22.6,-7.7,10.2,5.9,"","Consumer Services","Restaurants","",193.1,"",2022,31098.0,684.0,510.0
"7413","SOKEN CO LTD","20260220",2860.0,-6.0,1812.86,592.63,3.65,1657.14,42.3,"JPY",96.5,35.0,"",0,4.4,0.6,1.7,1.6,"","Consumer Non-Durables","Packaged Foods","",0.7,"",2025,4950.0,3100.0,2195.0
"7414","ONOKEN CO LTD","20260220",1480.0,18.0,5676.04,1855.51,4.83,3918.99,4701.7,"JPY",157.7,27.0,"",0,5.1,6.4,8.5,10.9,"","Distribution Services","Metal Fabrication","",24.85,"",2025,271942.0,1563.0,1250.0
"7416","HARUYAMA HOLDINGS INC","20260220",797.0,0.0,770.08,251.74,1.67,1533.31,404.6,"JPY",-32.9,61.4,"",0,3.3,4.7,2.7,-18.8,"","Retail Trade","Apparel Retail","",15.76,"",2025,36135.0,887.0,588.0
"7417","NANYO CORP","20260220",1570.0,15.0,4647.95,1519.42,7.49,2067.93,1922.7,"JPY",42.0,44.0,"",0,8.2,8.8,10.3,8.9,"","Distribution Services","Industrial Distribution","",12.41,"",2025,36535.0,1593.0,1022.0
"7419","NOJIMA CORP","20260220",1145.0,15.0,3418.64,1233.27,15.88,706.29,32562.7,"JPY",20.9,45.4,"",0,18.8,12.5,16.9,16.0,"","Retail Trade","Specialty Retail","",290.24,"",2025,853427.0,1385.0,758.3333
"7420","SATORI ELECTRIC CO","20260220",1966.0,12.0,4842.9,1583.15,7.18,2249.06,2319.8,"JPY",-5.8,75.0,"",0,6.5,6.8,7.3,7.9,"","Distribution Services","Semiconductors","",14.37,"",2025,156242.0,1972.0,1335.0
"7421","KAPPA CREATE CO LTD","20260220",1544.0,-12.0,561.3,192.89,10.12,219.78,1098.2,"JPY",61.7,19.2,"",0,13.3,17.8,-11.3,-18.2,"","Consumer Services","Restaurants","",49.35,"",2025,73208.0,1699.0,1314.0
"7425","HATSUHO SHOUJI CO","20260220",2300.0,17.0,6419.83,2372.36,9.6,2866.36,908.4,"JPY",23.9,47.3,77.0,0,10.4,12.5,12.2,7.6,"","Process Industries","Steel","",3.3,"",2024,34827.0,2374.0,1442.0
"7426","YAMADAI CORP","20260220",1370.0,"","","",-1.28,1942.34,-27.7,"JPY",-80.0,54.5,"",0,-11.4,"","","","","Distribution Services","Lumber & Wood Production","",1.11,"",2025,4138.0,1600.0,852.0
"7427","ECHO TRADING CO","20260220",935.0,19.0,3737.13,1221.67,6.59,1890.92,754.9,"JPY",0.0,61.9,"",0,7.8,13.5,6.7,3.4,"","Retail Trade","Packaged Foods","",6.06,"",2025,106388.0,958.0,710.0
"7433","HAKUTO CO LTD","20260220",4320.0,7.0,7128.23,2330.23,6.83,3480.93,4474.2,"JPY",-1.0,90.0,"",0,7.4,7.3,14.3,8.8,"","Distribution Services","Electronic Components","",18.83,"",2025,183133.0,4600.0,3330.0
"7434","OTAKE CORP","20260220",1975.0,16.0,6388.94,2088.55,5.43,3925.51,834.8,"JPY",256.1,21.7,"",0,9.0,"","","","","Distribution Services","Building Products & Equipment","",3.92,"",2025,32993.0,2099.0,1587.0
"7435","NADEX CO LTD","20260220",1014.0,12.0,2537.32,829.45,3.71,2281.25,690.2,"JPY",50.9,51.1,"",0,2.2,4.6,8.2,6.1,"","Electronic Technology","Specialty Industrial Machinery","",8.16,"",2025,36890.0,1097.0,835.0
"7438","KONDOTEC INC","20260220",1511.0,12.0,3635.38,1188.41,8.54,1418.51,3103.4,"JPY",43.3,44.5,"",0,9.0,10.1,10.0,8.4,"","Producer Manufacturing","Specialty Industrial Machinery","",25.61,"",2025,79175.0,1748.0,1205.0
"7441","MISUMI CO LTD","20260220",1725.0,-5.0,1148.89,375.57,4.98,768.7,980.0,"JPY",145.2,19.5,"",0,5.5,5.1,5.0,6.2,"","Distribution Services","Specialty Industrial Machinery","",25.59,"",2025,62367.0,1834.0,1610.0
"7442","NAKAYAMAFUKU CO","20260220",482.0,-4.0,336.17,109.89,0.97,1154.15,217.5,"JPY",295.6,20.7,"",0,0.7,-1.4,0.6,2.6,"","Distribution Services","Specialty Retail","",19.41,"",2025,40949.0,490.0,350.0
"7444","HARIMA-KYOWA CO","20260220",2112.0,17.0,7491.64,2449.03,5.42,4605.02,1343.5,"JPY",117.3,14.2,"",0,5.3,6.3,6.6,6.2,"","Distribution Services","Department Stores","",5.38,"",2025,61824.0,2199.0,1784.0
"7446","Tohoku Chemical Co., Ltd.","20260220",4585.0,16.0,15096.67,4935.13,5.71,8806.67,452.9,"JPY",50.6,33.2,"",0,5.2,3.7,8.5,11.0,9.4,"Distribution Services","Specialty Chemicals","",0.9,"",2025,34442.0,4340.0,3650.0
"7447","NAGAILEBEN CO","20260220",1754.0,5.0,2574.43,841.59,6.33,1356.47,2613.9,"JPY",-2.7,80.0,"",0,6.0,6.5,7.6,8.2,9.1,"Distribution Services","Apparel Manufacturing","",30.46,"",2025,16983.0,2471.0,1722.0
"7451","MITSUBISHI SHOKUHIN CO LTD","20250925",6310.0,12.0,12383.46,4711.32,10.54,5027.74,22992.1,"JPY",7.5,60.3,"",0,11.3,11.9,10.3,7.2,"","Distribution Services","Food Distribution","",43.37,"",2025,2120847.0,29765257216.0,20985915392.0
"7453","Ryohin Keikaku Co., Ltd.","20260220",3620.0,-3.0,2972.14,1083.24,15.93,625.96,52890.6,"JPY",37.5,49.7,"",0,19.5,14.2,10.1,13.4,16.9,"Consumer Non-Durables","Department Stores","",530.53,"",2025,784629.0,3786.0,1655.0
"7455","PARIS MIKI HOLDINGS INC","20260220",577.0,-4.0,431.34,141.0,2.51,572.98,808.9,"JPY",107.7,7.5,"",0,2.6,7.3,2.1,-0.8,"","Retail Trade","Specialty Retail","",56.26,"",2025,50782.0,585.0,243.0
"7456","MATSUDA SANGYO","20260220",7330.0,3.0,9479.1,3303.28,10.03,3854.02,10005.9,"JPY",64.7,24.5,"",0,10.4,8.7,12.9,14.6,"","Distribution Services","Other Precious Metals & Mining","",25.88,"",2025,468841.0,7440.0,2710.0
"7458","DAIICHIKOSHO CO","20260220",1666.5,10.0,3465.99,1198.39,11.93,1129.77,13933.4,"JPY",105.6,22.8,"",0,12.7,12.6,8.3,-1.5,"","Distribution Services","Leisure","",103.38,"",2025,153020.0,1783.5,1508.0
"7459","MEDIPAL HOLDINGS CORP","20260220",2920.0,6.0,4684.56,1531.39,5.16,3024.92,31983.1,"JPY",-4.9,64.3,"",0,4.8,5.6,6.4,6.5,"","Distribution Services","Medical Distribution","",204.82,"",2025,3671328.0,3004.0,2156.0
"7460","YAGI & CO","20260220",4220.0,12.0,10605.07,3466.82,6.86,5152.27,2962.4,"JPY",145.0,21.0,"",0,6.2,5.7,4.4,2.0,"","Distribution Services","Textile Manufacturing","",8.38,"",2025,83376.0,4310.0,1718.0
"7461","KIMURA CO LTD","20260220",523.0,21.0,2427.11,793.43,7.38,1096.43,1199.8,"JPY",147.9,11.6,"",0,7.7,7.0,8.7,9.5,"","Distribution Services","Building Materials","",14.83,"",2025,36249.0,521.0,391.0
"7463","ADVAN GROUP CO LTD","20260220",1000.0,22.0,4839.87,1582.16,10.2,1581.85,5493.3,"JPY",149.5,58.8,"",0,7.6,1.8,11.0,6.3,"","Distribution Services","Building Materials","",34.05,"",2025,18518.0,1008.0,719.0
"7464","SAFTEC CO LTD","20260220",1745.0,13.0,4548.03,1486.76,3.73,4058.99,269.9,"JPY",33.7,54.3,"",0,3.4,5.2,8.9,13.6,"","Distribution Services","Security & Protection Services","",1.78,"",2025,10312.0,1898.0,1595.0
"7466","SPK CORPORATION","20260220",2654.0,14.0,7576.49,2476.77,9.47,2666.34,2550.8,"JPY",25.9,48.1,"",0,9.9,10.9,9.9,8.3,"","Distribution Services","Auto Parts","",10.1,"",2025,68720.0,2650.0,1820.0
"7467","HAGIWARA ELECTRIC HLDS CO LTD","20260220",3870.0,14.0,10916.9,3568.75,7.14,5096.59,3628.1,"JPY",23.0,54.7,"",0,8.3,10.7,11.4,8.0,"","Electronic Technology","Semiconductors","",9.97,"",2025,258742.0,3900.0,2650.0
"7472","TOBA INC","20260220",4020.0,11.0,9067.52,2964.19,5.63,5365.73,1181.8,"JPY",7.8,73.4,"",0,5.9,5.4,5.9,7.7,"","Distribution Services","Industrial Distribution","",3.91,"",2025,31565.0,4270.0,3000.0
"7475","ALBIS CO LTD","20260220",2710.0,12.0,6516.93,2130.39,5.62,3866.27,1816.1,"JPY",31.2,49.8,"",0,5.9,6.4,5.8,7.5,"","Retail Trade","Packaged Foods","",8.36,"",2025,98185.0,3325.0,2582.0
"7476","AS ONE CORPORATION","20260220",2190.0,7.0,3615.12,1181.79,12.91,933.1,8614.8,"JPY",-37.8,78.7,"",0,13.1,11.7,12.2,10.1,"","Distribution Services","Medical Distribution","",71.49,"",2025,103751.0,2651.5,2158.5
"7477","MURAKI CORP","20260220",1900.0,-1.0,1792.61,586.01,3.15,1894.37,84.9,"JPY",17.4,52.7,"",0,3.4,8.1,5.3,4.5,"","Distribution Services","Specialty Retail","",1.42,"",2025,7543.0,1946.0,1120.0
"7480","SUZUDEN CORP","20260220",1750.0,10.0,3764.65,1230.67,9.42,1332.43,1760.6,"JPY",1.4,89.7,"",0,9.5,11.1,18.7,13.8,"","Distribution Services","Electrical Equipment & Parts","",14.03,"",2025,46631.0,1997.0,1627.0
"7481","OIE SANGYO CO","20260220",2680.0,20.0,10597.55,3797.08,18.32,1744.1,2651.6,"JPY",47.1,45.1,"",0,20.2,30.0,"","","","Distribution Services","Food Distribution","",8.3,"",2025,119256.0,2745.0,1699.0
"7482","SHIMOJIMA CO LTD","20260220",1447.0,11.0,3245.36,1060.91,7.21,1501.03,2530.3,"JPY",-14.9,74.1,"",0,6.8,7.6,4.7,0.6,"","Process Industries","Packaging & Containers","",23.39,"",2025,60680.0,1469.0,1065.0
"7483","DOSHISHA CO LTD","20260220",3565.0,7.0,5881.45,1922.66,7.93,2472.38,6955.8,"JPY",-7.4,70.7,"",0,7.8,7.4,7.5,7.0,"","Consumer Durables","Conglomerates","",35.48,"",2025,113939.0,3515.0,1957.0
"7485","OKAYA & CO. LTD.","20260220",9750.0,12.0,23961.63,7833.1,7.33,10890.83,28131.0,"JPY",140.4,9.5,"",0,7.2,8.2,8.0,8.4,"","Non-Energy Minerals","Steel","",35.22,"",2025,1121764.0,"",""
"7486","SANRIN CO LTD","20260220",805.0,12.0,1920.2,627.72,3.75,1708.67,782.8,"JPY",119.0,36.8,"",0,4.8,3.5,3.0,3.3,"","Distribution Services","Oil & Gas Refining & Marketing","",12.23,"",2025,30826.0,825.0,644.0
"7487","OZU CORP","20260220",1863.0,-2.0,1537.59,502.64,2.26,2271.5,431.6,"JPY",134.2,31.1,"",0,2.2,2.8,2.3,3.5,"","Distribution Services","Paper & Paper Products","",8.42,"",2025,10220.0,1829.0,1621.0
"7488","YAGAMI INC.","20260220",5850.0,-3.0,4730.08,1546.27,9.78,1611.53,1326.0,"JPY",13.6,77.8,"",0,9.8,9.4,9.6,10.1,"","Producer Manufacturing","Medical Distribution","",8.41,"",2025,10875.0,"",""
"7490","NISSIN SHOJI CO","20260220",1258.0,"","","",-0.43,3491.17,-99.3,"JPY",465.2,19.4,"",0,0.4,2.3,3.4,1.9,"","Energy Minerals","Conglomerates","",6.68,"",2025,39034.0,1430.0,821.0
"7494","Konaka Co., Ltd.","20260220",248.0,0.0,251.87,82.34,1.7,494.15,282.6,"JPY","",0.0,"",0,1.9,-8.5,0.3,-6.4,-17.7,"Retail Trade","Apparel Retail","",33.66,"",2025,55487.0,273.0,198.0
"7501","Tiemco Ltd.","20260220",1740.0,"","","",-2.38,1760.48,-104.1,"JPY","",12.1,"",0,-2.8,-1.1,2.0,2.7,-0.6,"Consumer Non-Durables","Specialty Retail","",2.48,"",2025,3219.0,1885.0,720.0
"7502","PLAZA HOLDINGS CO LTD","20260220",1818.0,10.0,3811.8,1246.09,13.34,952.36,296.1,"JPY",-61.6,90.0,"",0,12.8,11.0,2.7,8.7,"","Retail Trade","Personal Services","",2.33,"",2025,18644.0,1977.0,1701.0
"7504","KOHSOKU CORP","20260220",3280.0,6.0,5285.3,1727.78,8.66,2034.22,3444.3,"JPY",66.1,31.8,"",0,9.3,9.2,9.3,8.8,"","Process Industries","Packaging & Containers","",19.55,"",2025,115915.0,3270.0,1821.0
"7505","FUSO DENTSU CO., LTD.","20260220",2061.0,14.0,5627.2,1980.08,14.19,1325.82,2185.5,"JPY",70.4,32.8,"",0,20.1,12.7,9.8,3.3,12.6,"Distribution Services","Information Technology Services","",11.62,"",2025,54684.0,2059.0,745.0
"7508","G-7 HOLDINGS INC","20260220",1495.0,13.0,3658.33,1367.24,17.07,745.08,5559.4,"JPY",10.2,61.0,"",0,18.4,20.5,21.2,27.1,"","Retail Trade","Grocery Stores","",43.72,"",2025,214129.0,1562.0,1154.0
"7509","I.A.GROUP","20260220",4770.0,24.0,27343.15,8938.52,8.56,10644.52,1330.7,"JPY",-14.7,58.4,"",0,9.4,11.4,8.1,8.9,"","Retail Trade","Conglomerates","",1.46,"",2025,37289.0,4675.0,2990.0
"7510","TAKEBISHI CORPORATION","20260220",2477.0,9.0,4744.6,1551.02,6.21,2546.48,2535.2,"JPY",4.8,65.9,"",0,5.5,7.1,8.2,7.0,"","Distribution Services","Semiconductor Equipment & Materials","",16.03,"",2025,100965.0,2479.0,1517.0
"7514","Himaraya Co., Ltd.","20260220",887.0,-3.0,698.37,228.3,1.75,1328.72,286.1,"JPY",59.3,43.6,"",0,1.8,2.1,4.2,11.6,10.6,"Retail Trade","Specialty Retail","",12.29,"",2025,60447.0,900.0,800.0
"7515","MARUYOSHI CENTER INC","20260220",4695.0,0.0,4656.45,1522.2,4.82,3222.58,144.4,"JPY",-33.5,55.3,"",0,0.9,9.2,6.6,17.6,"","Retail Trade","Grocery Stores","",0.93,"",2025,41738.0,4740.0,3800.0
"7516","KOHNAN SHOJI","20260220",4190.0,19.0,16344.85,5343.16,9.28,5872.9,15380.5,"JPY",67.7,33.6,"",0,10.2,10.4,10.1,12.5,"","Retail Trade","Home Improvement Retail","",28.23,"",2025,501403.0,4250.0,3275.0
"7518","Net One Systems Co. Ltd.","20250401",4480.0,15.0,12860.79,4916.88,18.8,2698.0,14443.8,"JPY",4.7,69.6,"",0,18.2,21.5,15.9,18.9,"","Technology","Information Technology Services","",28.47,"",2024,205127.0,71383146496.0,0.0
"7520","Ecos Co. Ltd.","20260220",3200.0,18.0,11488.38,4071.45,15.41,2392.25,4141.0,"JPY",41.9,37.3,"",0,18.2,20.3,18.0,24.5,"","Retail Trade","Food Distribution","",11.23,"",2025,137175.0,3215.0,1950.0
"7521","MUSASHI CO LTD","20260220",2505.0,20.0,10490.97,3429.52,7.01,4987.52,2381.5,"JPY",56.4,30.1,"",0,11.4,2.6,6.6,3.7,"","Distribution Services","Conglomerates","",6.81,"",2025,37391.0,2899.0,1461.0
"7522","WATAMI CO LTD","20260220",968.0,18.0,3403.84,1230.8,16.46,668.37,4411.3,"JPY",15.0,47.0,"",0,19.6,33.2,23.2,73.3,"","Consumer Services","Restaurants","",40.09,"",2025,88713.0,1228.0,892.0
"7523","ART VIVANT CO LTD","20260220",1622.0,15.0,4910.65,1605.3,9.74,1681.23,1491.2,"JPY",-9.7,61.1,"",0,8.5,8.8,12.6,11.4,"","Retail Trade","Personal Services","",9.11,"",2025,10731.0,2170.0,920.0
"7525","RIX CORP","20260220",3810.0,12.0,8937.17,3266.8,11.46,3143.9,2921.2,"JPY",50.9,45.1,"",0,12.2,13.0,14.5,11.7,"","Producer Manufacturing","Specialty Industrial Machinery","",8.11,"",2025,54727.0,3980.0,2451.0
"7527","SystemSoft Corporation","20260220",61.0,"","","",-11.94,51.25,-519.0,"JPY","",0.0,"",0,-11.9,-11.6,1.3,4.4,6.6,"Technology Services","Software - Application","",84.8,"",2025,1373.0,99.0,45.0
"7531","SEIWA CHUO HOLDINGS CORPORATION","20260220",1488.0,"","","",-0.2,3986.04,-30.9,"JPY",173.4,13.2,15.0,0,-0.6,0.3,4.1,7.7,"","Non-Energy Minerals","Steel","",3.94,"",2024,51471.0,1956.0,1300.0
"7532","PAN PACIFIC INTL HLDGS CORP","20260220",1005.0,2.0,1229.73,452.78,18.72,203.52,113792.8,"JPY",-9.5,57.3,"",0,20.8,23.5,19.5,16.8,"","Retail Trade","Discount Stores","",2986.66,"",2025,2246758.0,1139.4,765.2
"7533","Green Cross Co. Ltd.","","","",42.36,14.72,9.63,18.44,1060.1,"JPY",150.8,22.9,"",0,10.7,10.9,11.4,11.8,"","Industrials","Rental & Leasing Services","",597.07,"",2024,24348.0,1257.0,1257.0
"7537","MARUBUN CORP","20260220",1243.0,16.0,3936.07,1286.71,6.3,2080.99,3437.5,"JPY",8.8,65.5,"",0,8.0,7.1,12.2,6.7,"","Distribution Services","Electronics & Computer Distribution","",26.2,"",2025,210837.0,1422.0,761.0
"7538","DAISUI CO LTD","20260220",427.0,22.0,2045.63,699.31,9.83,841.19,1126.1,"JPY",73.2,16.9,"",0,11.8,11.7,9.4,-2.3,"","Distribution Services","Food Distribution","",13.62,"",2025,99302.0,443.0,288.0
"7539","Ainavo Holdings Co., Ltd.","20260220",802.0,13.0,2051.05,670.49,6.04,1132.07,1588.2,"JPY",47.1,45.0,"",0,6.8,5.7,5.6,6.2,6.1,"Producer Manufacturing","Building Products & Equipment","",23.23,"",2025,92272.0,836.0,568.0
"7544","THREE F CO LTD","20260220",572.0,9.0,1117.88,365.44,7.34,507.78,282.5,"JPY",-9.2,50.0,"",0,6.9,6.2,-2.0,-1.5,"","Retail Trade","Grocery Stores","",7.58,"",2025,13916.0,612.0,387.0
"7545","NISHIMATSUYA CHAIN CO","20260220",2153.0,9.0,4204.76,1374.54,9.2,1522.91,8399.7,"JPY",36.9,42.1,"",0,9.9,10.9,10.7,12.7,"","Retail Trade","Specialty Retail","",59.93,"",2025,185974.0,2354.0,1995.0
"7550","ZENSHO HOLDINGS CO LTD","20260220",9862.0,-2.0,8444.2,2760.42,18.37,1532.37,44095.6,"JPY",95.1,18.4,"",0,22.2,29.5,17.3,12.6,"","Consumer Services","Restaurants","",156.66,"",2025,1136684.0,10600.0,7169.0
"7551","WEDS CO LTD","20260220",692.0,18.0,2511.85,821.13,7.85,1066.65,1343.0,"JPY",7.2,61.0,"",0,8.6,9.8,13.2,6.7,"","Distribution Services","Auto Parts","",16.04,"",2025,35138.0,709.0,560.0
"7552","HAPPINET CORP","20260220",2880.0,8.0,5268.84,1960.56,14.94,1267.84,8315.7,"JPY",26.4,57.0,"",0,15.8,12.4,8.2,9.2,"","Distribution Services","Specialty Retail","",43.91,"",2025,364418.0,3630.0,2112.5
"7555","OTA FLORICULTURE AUCTION CO","20260220",749.0,4.0,1039.69,339.88,3.39,1021.81,176.4,"JPY",21.8,55.9,"",0,4.4,3.7,6.6,3.8,"","Distribution Services","Farm Products","",5.09,"",2025,3857.0,787.0,725.0
"7559","Global Food Creators Co. Ltd.","20250611",2012.0,1.0,2197.11,718.24,2.35,3113.38,405.0,"JPY",13.3,53.8,"",0,2.4,3.7,3.4,-0.1,"","Consumer Defensive","Packaged Foods","",5.53,"",2025,22382.0,3002088960.0,0.0
"7561","HURXLEY CORP","20260220",758.0,14.0,2081.42,680.42,5.2,1333.42,1282.9,"JPY",165.2,17.0,"",0,5.1,7.2,5.2,5.1,"","Consumer Services","Restaurants","",18.49,"",2025,45175.0,819.0,568.0
"7562","ANRAKUTEI CO LTD","20260220",3790.0,2.0,4393.91,1626.61,10.97,1607.36,814.4,"JPY",-22.5,50.0,"",0,14.2,30.4,2.3,13.1,"","Consumer Services","Restaurants","",4.62,"",2025,30353.0,3820.0,3400.0
"7564","WORKMAN CO LTD","20260220",7370.0,-4.0,5581.26,2112.07,13.28,1657.92,17966.9,"JPY",10.4,61.5,"",0,13.5,14.0,16.1,20.3,"","Distribution Services","Apparel Retail","",81.61,"",2025,136933.0,7240.0,3825.0
"7565","MANSEI CORP","20260220",5940.0,15.0,17607.98,5756.08,8.16,7196.32,956.7,"JPY",25.7,53.4,"",0,6.4,8.6,6.7,3.4,"","Distribution Services","Electronics & Computer Distribution","",1.63,"",2025,24422.0,6660.0,3900.0
"7567","SAKAE ELECTRONICS CORP","20260220",515.0,4.0,676.18,221.04,2.56,880.51,114.5,"JPY",33.0,38.2,"",0,1.6,5.6,18.4,17.7,"","Distribution Services","Electrical Equipment & Parts","",5.08,"",2025,6428.0,535.0,391.0
"7570","HASHIMOTO SOGYO HOLDINGS CO LTD","20260220",1395.0,12.0,3371.99,1102.31,6.77,1660.64,2187.3,"JPY",170.2,27.2,"",0,7.3,5.4,9.6,8.9,"","Distribution Services","Building Products & Equipment","",19.46,"",2025,165339.0,1434.0,1019.0
"7571","YAMANO HOLDING CORPORATION","20260220",115.0,4.0,157.02,58.46,14.93,38.06,198.1,"JPY",-11.7,57.1,"",0,12.2,3.0,26.7,24.3,"","Retail Trade","Conglomerates","",34.87,"",2025,13964.0,230.0,52.0
"7575","JAPAN LIFELINE CO","20260220",1450.0,13.0,3060.21,1208.29,15.29,853.96,9158.9,"JPY",0.0,79.0,"",0,16.8,14.2,14.6,14.4,"","Health Technology","Medical Devices","",70.16,"",2025,56610.0,1645.0,1344.0
"7581","Saizeriya Co., Ltd.","20260220",6930.0,0.0,6711.45,2193.99,9.38,2385.58,10986.7,"JPY",26.1,43.3,"",0,10.2,9.8,6.5,9.6,3.6,"Consumer Services","Restaurants","",49.11,"",2025,256714.0,6730.0,3780.0
"7585","KAN-NANMARU CORPORATION","20260220",407.0,"","","",-6.3,307.09,-73.7,"JPY","",0.0,"",0,-5.9,-39.0,-12.4,-4.3,"","Consumer Services","Restaurants","",3.81,"",2022,665.0,495.0,346.0
"7590","TAKASHO CO LTD","20260220",397.0,"","","",-1.37,748.28,-173.3,"JPY","",17.6,5.0,0,-2.6,-1.1,4.1,10.7,"","Non-Energy Minerals","Home Improvement Retail","",16.86,"",2025,19890.0,495.0,350.0
"7593","VT Holdings Co. Ltd.","20260220",558.0,15.0,1664.46,544.12,9.05,612.8,6450.4,"JPY",134.5,19.7,"",0,8.5,11.1,11.3,29.2,"","Retail Trade","Specialty Stores","",116.26,"",2025,351630.0,572.0,436.0
"7595","ARGO GRAPHICS","20260220",1527.0,5.0,2209.09,722.16,8.85,832.3,5059.6,"JPY",6.8,61.3,"",0,14.8,15.6,14.5,13.1,"","Technology Services","Information Technology Services","",68.71,"",2025,69541.0,1709.0,1080.0
"7596","UORIKI CO LTD","20260220",2326.0,-1.0,2077.87,679.26,5.52,1254.51,966.9,"JPY",-45.2,77.9,"",0,5.9,8.0,5.3,9.6,"","Retail Trade","Grocery Stores","",13.96,"",2025,36629.0,2670.0,2238.0
"7599","IDOM INC","20260220",1490.0,15.0,4223.19,1529.02,17.13,791.12,13605.1,"JPY",33.1,48.2,"",0,20.3,18.6,25.2,28.6,"","Retail Trade","Auto & Truck Dealerships","",100.41,"",2025,496678.0,1567.0,947.0
"7600","JAPAN MEDICAL DYNAMIC MARKETING","20260220",569.0,12.0,1358.59,444.12,4.84,936.55,1193.3,"JPY",1.6,59.3,"",0,5.4,6.4,7.9,10.6,"","Health Technology","Medical Devices","",26.35,"",2025,25114.0,647.0,460.0
"7601","POPLAR CO LTD","20260220",184.0,18.0,673.16,220.06,33.87,66.24,264.6,"JPY",6.8,46.6,"",0,68.3,"","",-360.2,"","Retail Trade","Department Stores","",11.79,"",2025,12028.0,215.0,156.0
"7602","LEDAX CO LTD","20260220",213.0,"","","",-5.9,222.24,-271.7,"JPY","",12.8,"",0,-4.3,1.5,-9.7,2.9,"","Retail Trade","Auto & Truck Dealerships","",20.73,"",2025,20034.0,388.0,117.0
"7603","MAC HOUSE CO LTD","20260220",164.0,"","","",-122.83,44.29,-1515.7,"JPY","",0.0,"",0,-46.8,-25.2,-15.2,-16.6,"","Retail Trade","Apparel Retail","",27.86,"",2025,13119.0,635.0,110.0
"7604","UMENOHANA GROUP CO LTD","20260220",847.0,-9.0,394.36,128.92,6.37,206.43,116.6,"JPY",-268.4,55.3,"",0,2.8,30.1,2.2,-190.6,"","Consumer Services","Restaurants","",8.87,"",2025,29440.0,1020.0,801.0
"7605","FUJI CORPORATION(RETAIL)","20251013",2817.0,10.0,5915.88,2240.01,15.64,1445.82,4107.4,"JPY",4.5,64.0,22.5,0,15.7,17.7,18.1,16.1,"","Distribution Services","Auto Parts","",18.16,"",2024,46142.0,6237623808.0,3724972544.0
"7606","UNITED ARROWS LTD","20260220",2511.0,12.0,6045.82,2289.28,16.07,1369.37,6079.2,"JPY",-22.9,65.0,"",0,16.4,15.4,15.6,6.0,"","Retail Trade","Apparel Retail","",27.62,"",2025,150910.0,2634.0,1900.0
"7607","Shinwa Co., Ltd.","20260220",3305.0,11.0,7672.1,2508.02,7.88,3243.66,3426.9,"JPY",14.2,59.6,"",0,8.0,7.1,10.0,12.0,9.5,"Producer Manufacturing","Specialty Industrial Machinery","",13.4,"",2025,86146.0,3465.0,2534.0
"7608","SK JAPAN CO LTD","20260220",1751.0,10.0,3617.07,1334.64,17.56,664.6,979.4,"JPY",8.6,56.8,"",0,19.7,17.6,11.0,9.4,"","Distribution Services","Leisure","",8.39,"",2025,13274.0,1663.0,580.0
"7609","Daitron Co., Ltd.","20260220",2880.0,9.0,5700.74,2171.33,13.39,1686.8,4760.4,"JPY",4.8,64.2,"",0,14.9,14.9,15.4,18.9,14.7,"Distribution Services","Semiconductor Equipment & Materials","",21.07,"",2025,103142.48,2773.0,1282.5
"7610","TAY TWO CO LTD","20260220",152.0,13.0,409.64,141.51,14.16,96.56,870.3,"JPY",69.6,24.7,"",0,11.4,15.7,20.9,45.4,"","Consumer Durables","Specialty Retail","",63.65,"",2025,36477.0,164.0,101.0
"7611","HIDAY HIDAKA CORP","20260220",3210.0,-1.0,3137.59,1216.8,16.55,718.33,4279.9,"JPY",-29.2,74.6,"",0,16.8,15.2,7.7,8.5,"","Consumer Services","Restaurants","",36.0,"",2025,55629.0,3900.0,2546.0
"7613","SIIX CORP","20260220",1385.0,14.0,3814.75,1247.05,5.96,2132.7,5991.7,"JPY",23.6,54.2,49.0,0,6.3,10.1,7.0,7.2,"","Distribution Services","Electronic Components","",47.12,"",2024,302314.0,1412.0,881.0
"7614","OM2 NETWORK CO LTD","20260220",1585.0,15.0,4731.08,1546.6,6.09,2588.14,1050.3,"JPY",74.1,21.3,34.0,0,6.8,8.1,6.6,5.0,"","Retail Trade","Food Distribution","",6.66,"",2025,32778.0,2049.0,1271.0
"7615","KYOTO KIMONO YUZEN HOLDINGS CO LTD","20260220",153.0,"","","",-20.22,140.85,-400.1,"JPY","",0.0,"",0,-28.1,-27.2,-5.6,0.5,"","Retail Trade","Apparel Retail","",14.05,"",2025,5161.0,441.0,65.0
"7616","COLOWIDE CO LTD","20260220",1824.0,-4.0,1339.09,437.75,6.12,729.42,4744.9,"JPY",-7.8,54.1,"",0,9.5,12.4,-0.6,13.6,"","Consumer Services","Restaurants","",106.3,"",2025,269156.0,2042.0,1630.0
"7619","TANAKA CO LTD","20260220",909.0,17.0,3160.71,1033.24,5.75,1833.62,855.5,"JPY",19.7,57.5,"",0,6.2,7.1,5.6,5.6,"","Distribution Services","Electronics & Computer Distribution","",8.12,"",2025,41452.0,947.0,575.0
"7623","SUNAUTAS CO LTD","20250815",832.0,14.0,2405.57,786.39,7.33,1094.12,259.0,"JPY",61.2,29.4,"",0,7.7,8.7,10.3,8.7,"","Retail Trade","Auto & Truck Dealerships","",3.23,"",2025,18076.0,294240864.0,190144704.0
"7624","NAITO & CO LTD","20260220",144.0,3.0,181.69,59.4,2.57,235.76,331.7,"JPY",22.4,57.9,"",0,2.5,2.8,4.7,3.8,"","Distribution Services","Industrial Distribution","",54.76,"",2025,43555.0,148.0,112.0
"7625","GLOBAL-DINING INC","20260220",497.0,10.0,1040.36,340.09,6.78,511.8,361.4,"JPY",176.2,0.0,5.0,0,11.5,23.8,12.4,53.2,"","Consumer Services","Restaurants","",10.42,"",2024,11788.0,447.0,301.0
"7628","OHASHI TECHNICA","20260220",1243.0,5.0,1820.61,595.16,3.97,1530.3,1552.4,"JPY",31.2,62.2,"",0,4.1,3.6,4.8,5.3,"","Producer Manufacturing","Industrial Distribution","",25.58,"",2025,40017.0,1294.0,770.0
"7630","ICHIBANYA CO LTD","20260220",930.0,-4.0,672.88,219.97,11.17,200.81,3580.0,"JPY",-10.5,90.0,"",0,11.7,11.0,8.8,8.7,"","Consumer Services","Restaurants","",159.61,"",2025,61006.0,1010.0,865.0
"7634","HOSHIIRYO-SANKI CO LTD","20260220",5090.0,13.0,13782.69,4505.59,7.78,5906.41,1433.4,"JPY",58.4,28.1,"",0,8.5,9.1,9.0,8.4,"","Health Services","Medical Distribution","",3.12,"",2025,15102.0,5200.0,4250.0
"7635","SUGITA ACE CO LTD","20260220",1695.0,9.0,3402.51,1112.29,5.23,2167.23,609.1,"JPY",-13.2,67.2,"",0,4.7,6.5,6.0,1.5,"","Producer Manufacturing","Building Products & Equipment","",5.37,"",2025,75661.0,1793.0,1112.0
"7636","HANDSMAN CO LTD","20260220",815.0,13.0,2175.98,711.33,5.51,1315.48,998.1,"JPY",125.8,25.0,"",0,5.8,4.6,7.3,9.7,"","Retail Trade","Specialty Retail","",13.76,"",2025,34896.0,926.0,720.0
"7637","HAKUDO CO LTD","20260220",2664.0,10.0,5814.68,1900.83,9.25,2094.71,2198.0,"JPY",13.5,65.8,"",0,10.0,9.1,13.8,16.6,"","Non-Energy Minerals","Metal Fabrication","",11.34,"",2025,66410.0,2626.0,1800.0
"7638","NEW ART HOLDINGS CO LTD","20260220",1608.0,12.0,3866.77,1476.41,22.7,628.8,2255.5,"JPY",8.9,72.6,"",0,23.5,16.6,23.0,25.1,"","Consumer Durables","Luxury Goods","",15.8,"",2025,27644.0,1660.0,1210.0
"7640","Top Culture Co., Ltd.","20260220",210.0,"","","",-73.1,47.15,-538.0,"JPY","",0.0,"",0,-33.8,-24.7,-27.3,-5.8,6.7,"Retail Trade","Specialty Retail","",15.61,"",2025,17333.0,278.0,117.0
"7646","Plant Co.,Ltd.","20260220",2016.0,14.0,5790.22,1892.83,8.69,2220.29,1331.8,"JPY",-25.6,62.0,"",0,9.5,11.4,9.0,6.9,7.6,"Retail Trade","Discount Stores","",6.9,"",2025,97764.0,2169.0,1259.0
"7647","ONTSU Co. Ltd.","20241017",33.0,3.0,40.26,13.16,8.71,15.4,272.7,"JPY",-322.7,56.0,"",0,9.5,5.4,-1.4,7.6,"","Industrials","Rental & Leasing Services","",203.19,"",2024,4418.0,"",""
"7649","SUGI HOLDINGS CO.LTD.","20260220",3493.0,7.0,6087.75,2083.73,14.07,1385.33,35267.5,"JPY",79.4,20.7,"",0,12.8,13.0,11.0,12.6,"","Retail Trade","Pharmaceutical Retailers","",180.97,"",2025,878021.0,4074.0,2666.0
"7670","O-WELL CORPORATION","20260220",1240.0,8.0,2234.48,730.45,3.5,2126.07,748.6,"JPY",69.5,43.0,"",0,3.9,2.7,3.6,1.6,"","Producer Manufacturing","Conglomerates","",10.05,"",2025,69416.0,1249.0,751.0
"7673","DAIKO TSUSAN CO LTD","20260220",1751.0,13.0,4494.65,1469.31,9.49,1578.05,798.6,"JPY",46.2,48.1,"",0,10.4,8.0,8.6,10.5,"","Electronic Technology","Communication Equipment","",5.33,"",2025,21728.0,1810.0,1140.0
"7674","NATTY SWANKY HOLDINGS CO LTD","20260220",2607.0,"","","",-4.42,927.76,-100.5,"JPY","",1.9,"",0,-2.5,19.4,"","","","Consumer Services","Restaurants","",2.45,"",2025,7196.0,3330.0,2600.0
"7675","Central Forest Group Co., Ltd.","20260220",2755.0,34.0,27814.29,9092.54,6.53,14190.2,2271.5,"JPY",37.4,41.9,"",0,7.0,7.0,6.6,4.5,3.2,"Distribution Services","Food Distribution","",2.45,"",2025,366060.0,"",""
"7677","YASHIMA & CO LTD","20260220",2853.0,"","","",-1.61,3262.37,-150.6,"JPY","",16.4,"",0,-4.8,4.3,1.9,3.4,"","Distribution Services","Railroads","",2.87,"",2025,29046.0,3050.0,2200.0
"7678","ASAKUMA CO LTD","20260220",4700.0,-15.0,1355.89,501.25,11.36,471.19,284.3,"JPY",-18.3,50.0,"",0,10.2,1.2,14.4,-11.3,"","Consumer Services","Restaurants","",5.31,"",2024,7212.33,4945.0,3510.0
"7679","YAKUODO HLDGS CO LTD","20260220",2079.0,15.0,6170.85,2072.58,11.63,1905.71,4312.1,"JPY",92.8,11.0,"",0,13.1,13.9,12.8,13.2,"","Retail Trade","Pharmaceutical Retailers","",19.45,"",2025,151957.0,2346.0,1570.0
"7681","LEOCLAN Co. Ltd.","20260220",944.0,-3.0,770.27,251.8,2.7,951.69,152.0,"JPY",52.6,41.9,"",0,2.7,0.8,5.0,9.1,8.3,"Distribution Services","Medical Distribution","",5.92,"",2025,21489.0,1319.0,798.0
"7682","HAMAYUU CO LTD","20260220",4090.0,-10.0,1812.5,592.51,8.13,743.52,130.5,"JPY",27.2,41.2,"",0,8.1,12.6,7.5,10.2,-2.6,"Consumer Services","Restaurants","",2.16,"",2025,6092.0,4480.0,3815.0
"7683","WA INC","20260220",1327.0,2.0,1513.68,494.83,8.96,563.31,962.7,"JPY",-14.5,58.5,8.5,0,10.4,13.4,8.2,9.6,"","Retail Trade","Apparel Retail","",19.08,"",2025,22800.0,1436.0,1060.0
"7685","BUYSELL TECHNOLOGIES CO LTD","20260220",6200.0,-8.0,3157.49,1032.19,25.99,404.99,3247.0,"JPY",30.4,41.7,25.0,0,27.7,17.6,49.4,44.4,"","Technology Services","Internet Retail","",30.85,"",2024,59973.0,5260.0,2233.0
"7686","KAKUYASU GROUP CO LTD","20260220",445.0,14.0,1225.1,400.49,27.82,146.79,1176.5,"JPY",39.5,42.9,"",0,28.0,61.2,48.2,-81.1,"","Retail Trade","Food Distribution","",28.81,"",2025,134514.0,525.0,404.0
"7687","MICREED CO LTD","20260220",477.0,15.0,1372.26,492.23,18.88,210.42,263.0,"JPY",13.9,46.5,"",0,22.3,22.8,15.5,-4.1,"","Retail Trade","Food Distribution","",6.62,"",2025,6776.0,595.0,382.0
"7689","COPA CORP INC","20260220",495.0,"","","",-24.53,351.01,-254.9,"JPY","",0.0,"",0,-18.8,-13.4,-4.6,3.3,"","Distribution Services","Advertising Agencies","",2.96,"",2025,2052.0,550.0,401.0
"7692","EARTH INFINITY CO LTD","20260220",102.0,3.0,133.18,43.54,40.57,10.94,488.9,"JPY",2.9,64.2,1.3,0,52.0,17.5,81.8,-45.0,18.1,"Electronic Technology","Utilities - Diversified","",110.13,"",2025,6725.0,157.0,78.0
"7694","ITSUMO INC","20260220",660.0,"","","",-1.18,397.64,-27.9,"JPY","",0.0,"",0,-2.3,13.9,1.7,"","","Technology Services","Specialty Business Services","",5.94,"",2025,13940.0,1444.0,302.0
"7695","KOUKANDEKIRUKUN INC","20260220",816.0,-11.0,324.92,106.22,4.58,236.36,77.4,"JPY",115.5,0.0,"",0,7.0,22.0,21.8,7.8,"","Retail Trade","Internet Retail","",7.15,"",2025,10292.0,1016.6667,739.6667
"7698","ICECO INC","20260220",2600.0,3.0,3396.72,1136.9,12.08,981.84,463.7,"JPY",114.0,9.8,"",0,13.8,10.7,3.4,13.0,"","Distribution Services","Food Distribution","",3.91,"",2025,54717.0,2749.0,1600.0
"7699","Omni-Plus System Ltd.","20260220",781.0,20.0,3009.77,1113.78,16.63,4.1,14.4,"USD",18.9,56.5,"",0,21.3,12.9,26.6,41.7,"","Industrials","Industrial Distribution","",21.06,"",2025,371.59,897.0,585.0
"7701","SHIMADZU CORP","20260220",4177.0,4.0,4475.58,1720.96,11.07,1723.74,55153.8,"JPY",-0.2,65.3,"",0,11.0,13.4,13.7,14.0,"","Health Technology","Scientific & Technical Instruments","",288.94,"",2025,539047.0,4540.0,3229.0
"7702","JMS CO LTD","20260220",440.0,"","","",-0.17,1664.66,-68.3,"JPY","",23.7,"",0,0.1,-0.1,0.7,2.5,"","Health Technology","Medical Instruments & Supplies","",24.53,"",2025,69749.0,492.0,405.0
"7705","GL Sciences Inc.","20241011",2759.0,14.0,6272.87,2262.91,10.08,2579.91,3392.1,"JPY",40.1,38.2,"",0,11.0,13.0,11.7,10.3,"","Technology","Scientific & Technical Instruments","",13.04,"",2024,37148.0,"",""
"7707","PRECISION SYSTEM SCIENCE CO","20260220",222.0,"","","",-2.47,138.25,-92.7,"JPY","",0.0,"",0,-3.5,-19.7,-18.3,0.8,"","Health Technology","Medical Devices","",27.19,"",2025,4692.0,283.0,164.0
"7709","KUBOTEK CORP","20260220",176.0,"","","",-87.8,14.67,-177.4,"JPY","",0.0,"",0,-30.3,-31.4,-19.0,-15.7,"","Electronic Technology","Computer Hardware","",13.77,"",2025,1662.0,346.0,155.0
"7713","SIGMA KOKI CO LTD","20260220",1931.0,9.0,3844.49,1256.77,5.14,2495.34,907.3,"JPY",48.4,39.9,"",0,5.1,6.5,6.8,8.6,"","Electronic Technology","Electronic Components","",7.08,"",2025,11580.0,1789.0,1118.0
"7715","NAGANO KEIKI CO LTD","20260220",2992.0,8.0,5522.56,1969.15,9.98,2292.25,4369.6,"JPY",49.6,33.4,"",0,11.8,17.3,12.1,10.7,"","Electronic Technology","Scientific & Technical Instruments","",19.1,"",2025,69544.0,3000.0,1531.0
"7716","NAKANISHI INC","20260220",2610.0,6.0,4006.97,1309.89,9.18,1455.36,11122.0,"JPY",-0.8,65.8,54.0,0,10.8,12.4,15.5,13.3,"","Health Technology","Medical Instruments & Supplies","",83.27,"",2024,77041.0,2277.0,1756.0
"7717","V TECHNOLOGY","20260220",4150.0,3.0,5253.49,1717.38,4.94,3544.87,1654.9,"JPY",42.2,69.7,"",0,3.8,2.1,1.1,11.6,"","Electronic Technology","Scientific & Technical Instruments","",9.45,"",2025,46182.0,3950.0,1682.0
"7718","STAR MICRONICS CO","20260220",2198.0,0.0,2150.98,703.16,4.62,1552.9,3431.5,"JPY",43.4,48.0,35.0,0,2.5,11.0,16.8,11.4,"","Producer Manufacturing","Specialty Industrial Machinery","",47.86,"",2024,64994.0,2271.0,1426.0
"7719","TOKYO KOKI CO LTD","20260220",480.0,1.0,536.89,175.51,7.86,227.63,127.6,"JPY",9.0,45.5,"",0,6.5,12.0,6.4,13.2,"","Producer Manufacturing","Specialty Industrial Machinery","",7.13,"",2025,3483.0,422.0,165.0
"7721","TOKYO KEIKI INC","20260220",8780.0,-2.0,5809.71,2233.09,10.15,2460.01,4104.0,"JPY",-4.2,64.2,"",0,10.6,6.4,4.0,4.6,"","Electronic Technology","Scientific & Technical Instruments","",16.43,"",2025,57650.0,8120.0,2511.0
"7722","KOKUSAI CO LTD","20260220",970.0,11.0,2306.97,754.15,9.24,832.57,1036.6,"JPY",-8.2,50.0,"",0,8.8,-2.3,-0.6,4.3,"","Electronic Technology","Specialty Industrial Machinery","",13.48,"",2025,13204.0,1147.0,461.0
"7723","AICHI TOKEI DENKI CO","20260220",3145.0,10.0,6612.95,2161.79,7.26,3038.18,3394.7,"JPY",30.7,47.4,"",0,7.0,8.0,8.9,8.0,"","Electronic Technology","Scientific & Technical Instruments","",15.4,"",2025,54286.0,3320.0,1674.0
"7725","INTER ACTION CORP","20260220",1455.0,6.0,2312.43,755.94,6.78,1137.72,797.0,"JPY",2.3,63.1,"",0,8.9,11.2,10.5,8.5,"","Electronic Technology","Electronic Components","",10.34,"",2025,6668.0,1555.0,998.0
"7726","KURODA PRECISION INDUSTRIES CO","20260220",1055.0,3.0,1365.18,446.28,2.29,1986.91,260.8,"JPY",223.7,13.7,"",0,1.3,11.4,8.7,10.2,"","Producer Manufacturing","Tools & Accessories","",5.73,"",2025,17284.0,1350.0,733.0
"7727","OVAL CORP","20260220",841.0,8.0,1509.48,493.45,7.03,715.88,1115.0,"JPY",21.5,53.2,"",0,7.1,8.1,6.5,1.9,"","Producer Manufacturing","Scientific & Technical Instruments","",22.16,"",2025,15048.0,788.0,331.0
"7729","TOKYO SEIMITSU CO","20260220",16895.0,0.0,13189.41,5025.69,12.61,4316.68,22094.8,"JPY",11.0,63.2,"",0,13.5,12.8,19.7,18.1,"","Producer Manufacturing","Semiconductor Equipment & Materials","",40.58,"",2025,150534.0,17455.0,6148.0
"7730","Mani, Inc.","20260220",1607.0,2.0,1423.05,538.16,11.28,543.77,6041.7,"JPY",42.0,58.3,"",0,11.0,12.6,13.0,13.7,10.8,"Health Technology","Medical Instruments & Supplies","",98.5,"",2025,29968.0,1654.0,1044.5
"7731","尼康","20260220",1964.0,"","","",-1.37,1938.2,-8721.3,"JPY",-150.2,76.3,"",0,3.0,5.4,8.0,6.0,"","Consumer Durables","Leisure","",329.16,"",2025,715285.0,1997.5,1238.5
"7732","TOPCON CORPORATION","20251201",3285.0,-32.0,151.19,49.43,0.51,980.35,531.6,"JPY",290.4,28.1,"",0,3.4,9.6,17.0,16.2,"","Electronic Technology","Scientific & Technical Instruments","",105.48,"",2025,216000.0,347368423424.0,294315786240.0
"7733","奧林巴斯","20260220",1480.0,8.0,2703.16,998.2,15.72,673.2,118187.2,"JPY",16.4,53.3,"",0,16.3,48.9,25.4,33.4,"","Health Technology","Medical Instruments & Supplies","",1116.66,"",2025,997332.0,2168.0,1443.0
"7734","RIKEN KEIKI CO LTD","20260220",3390.0,5.0,3973.75,1513.27,10.15,1690.27,7862.9,"JPY",2.1,60.2,"",0,10.3,13.0,16.2,11.7,"","Electronic Technology","Security & Protection Services","",45.85,"",2025,49038.0,3845.0,2160.0
"7735","Dainippon Screen","20260220",21980.0,4.0,29924.36,10917.11,20.1,4449.33,84542.9,"JPY",20.7,54.8,"",0,26.7,23.4,22.7,24.1,"","Producer Manufacturing","Semiconductor Equipment & Materials","",94.54,"",2025,625269.0,21645.0,7825.0
"7739","Canon Electronics Inc.","20260220",3630.0,3.0,4542.01,1484.79,4.88,3099.39,6192.3,"JPY",-9.6,68.9,"",0,5.0,6.5,6.0,7.0,5.6,"Electronic Technology","Business Equipment & Supplies","",40.9,"",2025,104421.0,3650.0,1986.0
"7740","Tamron Co., Ltd.","20260220",1025.0,8.0,1927.27,718.81,14.03,533.14,12056.0,"JPY",20.2,56.2,"",0,14.6,20.8,18.0,16.1,11.7,"Consumer Durables","Leisure","",161.14,"",2025,85071.0,1128.0,687.0
"7741","HOYA CORP","20260220",27545.0,-5.0,19537.71,7203.53,22.4,2845.36,218146.2,"JPY",3.3,60.0,"",0,21.6,22.7,21.1,23.4,"","Health Technology","Medical Instruments & Supplies","",342.32,"",2025,866032.0,28680.0,14345.0
"7743","SEED CO LTD (PRECISION MACHINERY)","20260220",532.0,9.0,1088.9,355.96,6.08,596.7,1098.7,"JPY",200.2,17.8,"",0,6.3,16.4,2.4,7.3,"","Health Technology","Medical Instruments & Supplies","",30.27,"",2025,33231.0,620.0,408.0
"7744","NORITSU KOKI CO","20260220",2183.0,7.0,3876.61,1267.27,6.08,2123.91,13521.6,"JPY",4.5,60.4,73.666,0,7.9,5.3,96.6,5.1,"","Electronic Technology","Consumer Electronics","",104.64,"",2024,106539.0,2360.0,1206.6666
"7745","A&D HOLON HOLDINGS COMPANY LTD","20260220",2792.0,11.0,6275.14,2290.96,14.27,1559.36,6096.5,"JPY",20.3,48.4,"",0,16.8,17.2,23.2,17.5,"","Electronic Technology","Scientific & Technical Instruments","",27.39,"",2025,67083.0,2731.0,1328.0
"7746","OKAMOTO GLASS CO LTD","20260220",1027.0,-33.0,39.69,12.97,1.71,77.41,30.8,"JPY",210.6,0.0,"",0,4.4,6.8,13.4,10.2,"","Process Industries","Electronic Components","",23.28,"",2025,4686.0,1638.0,120.0
"7747","Asahi Intecc Co. Ltd.","20260220",2980.5,-3.0,2425.72,879.72,14.84,562.18,22344.8,"JPY",37.6,46.3,"",0,15.7,12.1,10.9,12.3,"","Health Technology","Medical Specialties","",267.81,"",2025,120025.0,3127.0,2017.0
"7749","MEDIKIT CO LTD","20260220",2983.0,10.0,6191.96,2024.16,6.68,3088.58,3017.6,"JPY",34.3,58.7,"",0,6.8,6.5,6.0,7.0,"","Health Technology","Medical Instruments & Supplies","",14.62,"",2025,22553.0,3095.0,2362.0
"7751","佳能","20260220",4685.0,12.0,11248.09,3677.02,9.45,3967.33,329996.5,"JPY",15.1,87.9,"",0,9.8,9.7,8.5,8.5,8.3,"Electronic Technology","Computer Hardware","",880.14,"",2025,4624727.0,5195.0,3893.0
"7752","理光","20260220",1449.0,12.0,3642.38,1190.7,6.71,1809.65,69111.8,"JPY",-37.4,90.0,"",0,6.8,4.7,4.5,1.8,"","Electronic Technology","Business Equipment & Supplies","",569.23,"",2025,2527876.0,1698.5,1255.0
"7760","IMV Corporation","20260220",3820.0,-2.0,3366.16,1218.83,15.23,746.95,1810.2,"JPY",24.9,46.1,"",0,18.8,15.4,15.2,12.6,13.3,"Electronic Technology","Scientific & Technical Instruments","",15.91,"",2025,17941.0,3500.0,1102.0
"7762","西鐵城","20260220",1727.0,5.0,2572.82,841.06,8.18,1048.92,20923.9,"JPY",21.2,75.3,"",0,7.0,10.9,9.9,11.2,"","Electronic Technology","Footwear & Accessories","",243.98,"",2025,316885.0,1502.0,726.0
"7769","RHYTHM CO LTD","20260220",4090.0,-1.0,3677.64,1202.23,3.23,3794.79,1011.4,"JPY",95.4,23.4,"",0,2.2,3.3,3.3,4.8,"","Electronic Technology","Luxury Goods","",8.25,"",2025,32666.0,4145.0,2995.0
"7771","NIHON SEIMITSU CO","20260220",368.0,-9.0,170.97,55.89,8.54,66.73,125.6,"JPY",-28.7,50.0,"",0,-1.5,30.9,17.5,10.4,"","Consumer Durables","Luxury Goods","",22.03,"",2025,7158.0,925.0,58.0
"7774","Japan Tissue Engineering Co. Ltd.","20260220",631.0,"","","",-6.32,143.44,-368.3,"JPY","",0.0,"",0,-4.2,2.4,-10.9,-6.9,"","Healthcare","Biotechnology","",40.61,"",2025,2455.0,749.0,361.0
"7775","DAIKEN MEDICAL CO LTD","20260220",477.0,11.0,1072.25,350.52,13.66,261.57,1026.9,"JPY",-4.1,84.5,"",0,15.6,15.2,11.5,13.5,"","Distribution Services","Medical Instruments & Supplies","",28.73,"",2025,9951.0,509.0,437.0
"7777","3-D Matrix Ltd.","20260220",544.0,"","","",-58.38,19.73,-1293.1,"JPY","",0.0,"",0,-709.6,-14.9,-161.7,-108.9,"","Healthcare","Medical Devices","",112.28,"",2025,6934.0,549.0,102.0
"7779","CYBERDYNE INC","20260220",393.0,"","","",-1.83,187.44,-722.3,"JPY","",0.0,"",0,-2.2,-2.8,-3.6,-2.0,"","Health Technology","Medical Devices","",211.13,"",2025,4384.0,326.0,147.0
"7780","MENICON CO LTD","20260220",1819.0,3.0,2296.02,750.57,6.65,1150.85,5725.5,"JPY",158.2,20.5,"",0,7.2,7.6,11.4,10.9,"","Health Technology","Medical Instruments & Supplies","",74.81,"",2025,121491.0,1747.0,1005.0
"7781","HIRAYAMA HOLDINGS CO LTD","20260220",1467.0,11.0,3401.18,1242.05,17.25,652.61,862.1,"JPY",29.3,51.8,"",0,19.4,18.6,15.6,14.6,"","Commercial Services","Staffing & Employment Services","",7.66,"",2025,36220.0,1370.0,871.0
"7782","SINCERE CO LTD","20260220",482.0,13.0,1011.87,393.12,10.5,413.02,283.3,"JPY",1.8,69.1,17.0,0,12.4,11.1,6.9,3.7,"","Health Technology","Medical Instruments & Supplies","",6.53,"",2024,6539.0,899.0,470.0
"7790","BARCOS CO LTD","20260220",1111.0,0.0,1418.18,463.61,8.79,571.05,57.2,"JPY",12.7,43.6,"",0,22.2,10.4,2.5,84.5,"","Commercial Services","Miscellaneous Commercial Services","",1.21,"",2024,5023.0,"",""
"7791","DREAMBED CO LTD","20260220",856.0,18.0,3186.86,1041.79,9.69,1096.59,436.6,"JPY",216.4,29.2,"",0,10.0,3.4,7.4,22.2,"","Retail Trade","Furnishings, Fixtures & Appliances","",4.11,"",2025,11509.0,965.0,663.0
"7792","Colan Totte.Co.,Ltd.","20260220",1455.0,13.0,3979.21,1300.81,23.33,568.54,1205.7,"JPY",29.7,48.2,"",0,32.3,31.8,23.8,27.8,48.6,"Electronic Technology","Medical Devices","",9.09,"",2025,6917.0,1596.0,937.0
"7793","IMAGE MAGIC INC","20260220",1800.0,12.0,4322.56,1413.05,19.6,734.96,354.5,"JPY","",0.0,32.0,0,21.3,22.3,33.2,"","","Commercial Services","Specialty Business Services","",2.46,"",2024,7767.0,1931.0,1000.0
"7794","EDP CORPORATION","20260220",1273.0,"","","",-21.39,236.05,-731.2,"JPY","",0.0,"",0,-29.4,"","","","","Electronic Technology","Luxury Goods","",14.48,"",2025,902.0,1691.0,360.0
"7795","KYORITSU CO LTD","20260220",247.0,9.0,483.05,157.91,3.87,416.18,682.6,"JPY",222.6,13.9,"",0,4.4,6.8,5.2,"",-4.7,"Commercial Services","Conglomerates","",42.39,"",2025,40353.0,243.0,133.0
"7800","Amifa Co.,Ltd.","20260220",1330.0,6.0,2092.51,792.49,12.04,708.61,257.7,"JPY",31.0,60.3,"",0,10.3,-11.8,5.9,9.7,8.0,"Process Industries","Packaging & Containers","",3.02,"",2025,8842.0,1018.0,563.0
"7803","BUSHIROAD INC","20260220",266.0,19.0,987.83,349.15,16.8,178.35,4062.2,"JPY",34.9,37.6,"",0,15.4,3.5,20.0,28.3,"","Technology Services","Electronic Gaming & Multimedia","",135.61,"",2025,56175.0,402.0,220.5
"7805","PRINTNET INC.","20260220",707.0,14.0,1995.38,652.29,8.12,819.06,338.6,"JPY",-2.2,59.0,"",0,8.5,9.6,13.3,11.4,5.4,"Consumer Services","Specialty Business Services","",5.09,"",2025,9213.0,771.0,595.0
"7806","MTG Co., Ltd.","20260220",5270.0,5.0,7822.82,2730.89,17.07,1298.57,8704.8,"JPY",50.6,32.5,"",0,21.0,6.6,7.6,6.6,16.9,"Retail Trade","Household & Personal Products","",39.27,"",2025,98810.0,5320.0,1811.0
"7807","KOWA CO LTD","20260220",870.0,17.0,2815.15,1078.1,15.62,703.37,455.9,"JPY",-36.7,68.4,"",0,21.3,27.7,19.9,31.3,"","Health Technology","Furnishings, Fixtures & Appliances","",4.15,"",2025,6368.0,876.0,703.0
"7808","C.S. LUMBER CO INC","20260220",3100.0,23.0,16514.36,5448.18,10.4,6102.16,1173.9,"JPY",166.2,3.5,"",0,11.2,16.0,32.5,67.3,"","Non-Energy Minerals","Lumber & Wood Production","",1.85,"",2025,20673.0,3505.0,2500.0
"7809","KOTOBUKIYA CO LTD","20260220",1391.0,16.0,4281.3,1553.68,14.84,997.39,1193.1,"JPY",12.4,46.6,"",0,15.1,17.3,36.8,49.9,"","Retail Trade","Leisure","",8.06,"",2025,16502.0,1831.0,1272.0
"7810","CROSSFOR CO LTD","20260220",222.0,-16.0,54.02,17.66,1.7,105.98,30.7,"JPY","",0.0,"",0,1.3,-0.4,-12.1,11.6,-5.6,"Consumer Durables","Luxury Goods","",17.05,"",2025,3757.0,242.0,141.0
"7811","NAKAMOTO PACKS CO LTD","20260220",2022.0,15.0,6369.66,2082.25,9.73,2182.37,1879.1,"JPY",3.8,63.3,"",0,11.8,11.3,9.6,12.8,"","Commercial Services","Specialty Business Services","",8.85,"",2025,49132.0,2097.0,1500.0
"7812","CRESTEC INC","20260220",1903.0,19.0,7702.48,2517.95,9.78,2624.42,778.0,"JPY",44.9,43.6,"",0,8.1,12.4,11.3,19.3,"","Commercial Services","Specialty Business Services","",3.03,"",2025,18785.0,2092.0,1450.0
"7813","PLATZ CO LTD","20260220",799.0,8.0,1432.54,468.3,5.21,915.98,161.4,"JPY",157.1,10.0,"",0,5.9,1.8,-2.4,10.3,"","Health Services","Medical Instruments & Supplies","",3.38,"",2025,8422.0,884.0,592.0
"7814","JAPAN CREATIVE PLATFORM GRP CO LTD","20260220",629.0,10.0,1367.13,466.37,13.82,324.23,2123.4,"JPY",102.8,19.0,60.0,0,20.4,22.8,20.9,13.0,"","Commercial Services","Specialty Business Services","",47.37,"",2024,80100.0,1087.0,430.0
"7815","TOKYO BOARD INDUSTRIES CO LTD","20260220",376.0,"","","",-11.73,596.53,-181.2,"JPY","",0.0,"",0,-16.7,-43.6,-13.4,-27.4,"","Process Industries","Lumber & Wood Production","",2.59,"",2025,7733.0,660.0,353.0
"7817","PARAMOUNT BED HOLDINGS CO LTD","20260204",3515.0,4.0,4764.08,1557.39,6.49,2447.97,8905.7,"JPY",59.1,38.0,"",0,6.6,8.5,7.8,8.0,"","Consumer Durables","Medical Instruments & Supplies","",56.08,"",2025,108583.0,56330129408.0,2120.0
"7818","Transaction Co., Ltd.","20260220",1295.0,8.0,2319.36,848.18,20.26,348.14,3984.0,"JPY",19.5,55.7,"",0,21.9,23.2,24.6,19.4,21.1,"Process Industries","Household & Personal Products","",56.48,"",2025,27453.0,1384.0,997.0
"7819","SHOBIDO Corporation","20260220",1228.0,3.0,1567.57,584.48,11.47,561.54,850.5,"JPY",32.1,53.2,"",0,14.1,10.8,9.9,6.8,5.7,"Consumer Non-Durables","Household & Personal Products","",13.21,"",2025,22122.0,1026.0,480.0
"7820","NIHON FLUSH CO LTD","20260220",845.0,7.0,1396.13,456.4,3.51,1327.28,1059.2,"JPY",177.6,29.2,"",0,2.6,4.6,6.4,16.2,"","Producer Manufacturing","Building Products & Equipment","",22.76,"",2025,23976.0,868.0,741.0
"7821","MAEDA KOSEN CO.LTD","20260220",2118.0,5.0,3231.56,1215.39,12.72,1020.65,8703.1,"JPY",-3.3,58.2,"",0,14.0,18.5,15.2,10.8,"","Non-Energy Minerals","Building Materials","",67.06,"",2025,64108.0,2159.0,1745.0
"7822","EIDAI CO.LTD.","20260220",254.0,-10.0,107.04,34.99,0.36,1001.11,157.7,"JPY","",16.7,"",0,-0.1,3.2,-2.0,0.2,"","Producer Manufacturing","Furnishings, Fixtures & Appliances","",44.2,"",2025,71202.0,305.0,195.0
"7823","ARTNATURE INC","20260220",810.0,10.0,1713.54,560.16,6.88,830.05,1860.9,"JPY",-36.3,70.3,"",0,5.9,9.3,9.1,7.6,"","Consumer Non-Durables","Household & Personal Products","",32.58,"",2025,43340.0,845.0,701.0
"7826","Furuya Metal Co. Ltd.","20260220",7390.0,3.0,9402.47,3501.59,13.53,2623.75,8732.0,"JPY",10.6,55.5,"",0,13.8,15.1,26.0,29.0,"","Technology","Electronic Components","",24.59,"",2025,57379.0,6940.0,2020.0
"7827","Orvis Corp.","20260220",1683.0,20.0,7203.39,2354.8,7.44,3227.12,425.0,"JPY",154.3,2.9,"",0,7.9,18.6,"","","","Industrials","Conglomerates","",1.77,"",2025,12639.0,1844.0,1220.0
"7831","Wellco Holdings Corp.","20260220",95.0,"","","",-36.9,57.56,-522.5,"JPY","",7.8,"",0,-18.8,-4.1,0.1,8.5,8.9,"Commercial Services","Specialty Business Services","",24.6,"",2025,8478.0,141.0,77.0
"7832","BANDAI NAMCO HOLDINGS INC","20260220",4030.0,2.0,4734.48,1764.7,14.73,1224.75,116797.3,"JPY",35.7,56.8,"",0,18.8,9.1,15.8,18.8,"","Consumer Durables","Leisure","",647.36,"",2025,1241513.0,5729.0,3882.0
"7833","IFIS JAPAN LTD","20260220",698.0,9.0,1378.04,450.48,7.8,588.78,442.4,"JPY",10.7,59.9,35.0,0,7.8,9.1,12.4,11.6,"","Technology Services","Specialty Business Services","",9.63,"",2024,5859.0,748.0,510.0
"7836","AVIX INC","20260220",85.0,7.0,140.27,51.27,11.18,49.36,193.9,"JPY",9.8,45.1,"",0,12.5,5.5,-0.5,-14.4,"","Producer Manufacturing","Electronic Components","",35.13,"",2025,4347.0,113.0,83.0
"7837","R. C. CORE CO.LTD.","20260220",342.0,"","","",-15.69,578.74,-376.0,"JPY","",0.0,"",0,-14.6,-204.6,-20.6,-15.4,"","Consumer Durables","Real Estate - Development","",4.14,"",2025,10990.0,860.0,284.0
"7839","Shoei Co. Ltd. (7839)","20260220",1704.0,9.0,3255.98,1242.76,19.32,614.94,6225.1,"JPY",8.9,70.5,"",0,21.4,27.3,30.9,32.5,28.2,"Consumer Non-Durables","Footwear & Accessories","",52.4,"",2025,32363.0,1924.0,1428.0
"7840","FRANCE BED HOLDINGS CO","20260220",1333.0,9.0,2607.81,852.5,7.14,1216.84,2900.8,"JPY",-67.4,73.0,"",0,7.9,8.1,7.5,7.0,"","Health Technology","Furnishings, Fixtures & Appliances","",33.37,"",2025,60561.0,1360.0,1110.0
"7841","ENDO MANUFACTURING CO","20260220",1222.0,14.0,3477.82,1136.9,4.59,2525.71,1019.0,"JPY",57.9,28.9,40.0,0,5.9,4.3,6.0,11.4,"","Producer Manufacturing","Leisure","",8.79,"",2024,17416.0,1435.0,1002.0
"7844","MARVELOUS INC","20260220",499.0,5.0,713.0,233.08,5.51,431.62,1439.6,"JPY",-0.4,80.9,"",0,3.6,11.1,6.6,14.2,"","Technology Services","Electronic Gaming & Multimedia","",60.57,"",2025,27963.0,620.0,399.0
"7846","PILOT CORP(NEW).PORSCHE INN.LEASE O","20260220",4845.0,11.0,8526.84,3123.53,9.87,3692.92,13802.7,"JPY",34.6,44.0,120.0,0,10.7,12.2,15.6,16.3,"","Producer Manufacturing","Business Equipment & Supplies","",37.87,"",2024,126168.0,5134.0,3698.0
"7849","STARTS PUBLISHING CORP","20260220",3735.0,17.0,11828.02,4314.19,15.55,2543.23,1518.3,"JPY",13.5,49.7,120.0,0,21.3,27.8,22.3,11.9,"","Consumer Services","Publishing","",3.84,"",2024,8581.0,4630.0,3240.0
"7850","SOUGOU SHOUKEN CO","20260220",889.0,15.0,2770.0,905.52,8.83,1046.0,277.0,"JPY",-79.6,65.4,10.0,0,10.3,8.0,8.0,5.3,14.9,"Commercial Services","Specialty Business Services","",3.0,"",2025,16236.0,1055.0,813.0
"7851","KAWASE COMPUTER SUPPLIES CO","20260220",238.0,12.0,587.42,192.03,3.81,513.76,91.1,"JPY",475.2,0.0,"",0,4.4,-1.0,-1.1,1.6,"","Consumer Services","Specialty Business Services","",4.65,"",2025,2831.0,319.0,181.0
"7856","HAGIHARA INDUSTRIES INC.","20260220",1780.0,2.0,2040.11,666.91,3.08,2206.95,953.4,"JPY",96.5,50.3,"",0,3.3,5.2,3.2,4.7,6.6,"Process Industries","Textile Manufacturing","",14.02,"",2025,31936.48,1765.0,1330.0
"7857","SEKI CO LTD","20260220",1355.0,0.0,1338.13,437.44,1.2,3724.7,186.0,"JPY",216.2,28.3,"",0,1.6,1.7,2.3,1.8,"","Consumer Services","Advertising Agencies","",4.17,"",2025,12302.0,1388.0,1280.0
"7859","ALMEDIO INC","20260220",203.0,0.0,207.34,67.78,1.69,409.43,138.5,"JPY",50.2,24.9,"",0,7.2,73.6,11.5,1.1,"","Producer Manufacturing","Electronic Components","",20.04,"",2025,5800.0,311.0,152.0
"7860","AVEX INC","20260220",1222.0,"","","",-1.57,1179.87,-785.2,"JPY","",80.9,"",0,-7.6,-1.5,2.4,1.9,"","Commercial Services","Entertainment","",42.47,"",2025,131691.0,1374.0,1156.0
"7864","FUJI SEAL INTERNATIONAL INC","20260220",2785.0,13.0,7522.43,2459.1,9.2,2726.01,13362.4,"JPY",24.6,51.0,"",0,9.6,9.2,6.9,7.0,"","Process Industries","Packaging & Containers","",53.29,"",2025,212345.0,3480.0,2212.0
"7867","TOMY COMPANY LTD","20260220",2722.5,7.0,4635.88,1737.86,14.56,1198.84,15489.0,"JPY",15.8,59.2,"",0,16.6,14.6,11.0,11.5,"","Consumer Durables","Leisure","",88.75,"",2025,250235.0,3716.0,2663.0
"7868","KOSAIDO HOLDINGS CO LTD","20260220",478.0,9.0,965.79,315.72,9.52,337.98,4548.9,"JPY",-0.3,75.3,"",0,11.6,8.2,11.0,11.5,"","Commercial Services","Specialty Business Services","",141.3,"",2025,38302.0,560.0,410.0
"7870","Fukushima Printing Co., Ltd.","20260220",377.0,-26.0,35.8,11.7,3.19,37.4,168.6,"JPY",-150.7,90.0,"",0,3.1,0.2,1.2,4.6,8.3,"Commercial Services","Specialty Business Services","",141.3,"",2025,7331.0,"",""
"7871","FUKUVI CHEMICAL INDUSTRY CO","20260220",934.0,11.0,2079.99,679.95,3.75,1849.17,1372.1,"JPY",44.5,45.2,"",0,3.7,4.2,3.9,3.5,"","Process Industries","Building Products & Equipment","",19.79,"",2025,39973.0,981.0,688.0
"7872","ESTELLE HOLDINGS CO LTD","20260220",627.0,-14.0,181.35,59.28,0.53,1136.45,63.4,"JPY","",28.0,"",0,1.3,-5.4,2.2,3.7,"","Consumer Durables","Luxury Goods","",10.48,"",2025,31271.0,652.0,536.0
"7874","LEC INC","20260220",1125.0,9.0,2259.33,738.58,7.09,1061.57,2457.4,"JPY",16.1,90.0,"",0,7.0,2.3,0.7,6.3,"","Producer Manufacturing","Household & Personal Products","",32.63,"",2025,66304.0,1423.0,992.0
"7875","TAKEDA IP HOLDINGS CO LTD","20260220",1273.0,17.0,4321.22,1412.62,6.6,2182.73,1201.3,"JPY",68.6,26.9,"",0,8.2,4.6,5.2,4.7,"","Commercial Services","Publishing","",8.34,"",2025,34198.0,1249.0,810.0
"7877","EIDAI KAKO CO LTD","20260220",2293.0,12.0,5621.95,1837.83,3.2,5856.1,230.5,"JPY",-5.0,68.0,"",0,2.8,2.8,-2.1,1.0,"","Producer Manufacturing","Specialty Chemicals","",1.23,"",2025,8857.0,1980.0,1440.0
"7879","Noda Corporation","20260220",701.0,"","","",-0.89,2174.71,-304.0,"JPY",439.4,7.8,"",0,-0.9,-6.1,8.2,20.7,9.8,"Producer Manufacturing","Building Products & Equipment","",15.66,"",2025,64686.0,740.0,630.0
"7883","SUN MESSE CO LTD","20260220",369.0,4.0,517.41,169.14,2.25,767.12,266.0,"JPY",212.5,21.3,"",0,2.5,2.4,2.4,5.2,"","Commercial Services","Specialty Business Services","",15.42,"",2025,16436.0,442.0,338.0
"7885","TAKANO CO LTD","20260220",846.0,2.0,1025.76,335.32,1.63,2096.32,520.4,"JPY",53.9,39.4,"",0,0.9,2.2,2.8,3.2,"","Producer Manufacturing","Furnishings, Fixtures & Appliances","",15.22,"",2025,23969.0,860.0,658.0
"7886","YAMATO MOBILITY & MFG CO LTD","20260220",780.0,"","","",-5.59,1059.4,-78.8,"JPY","",0.0,"",0,2.7,-0.8,4.8,-20.2,"","Process Industries","Specialty Chemicals","",1.33,"",2025,16072.0,1595.0,733.0
"7887","NANKAI PLYWOOD CO","20260220",12170.0,16.0,39142.27,12795.68,5.18,25167.01,1265.6,"JPY",76.9,18.5,"",0,3.6,4.3,7.1,7.2,"","Non-Energy Minerals","Furnishings, Fixtures & Appliances","",0.97,"",2025,24921.0,10850.0,4910.0
"7888","SANKO GOSEI LTD","20260220",1018.0,17.0,3507.75,1201.6,11.97,1056.14,3854.4,"JPY",83.1,19.3,"",0,13.5,11.6,9.8,8.4,"","Producer Manufacturing","Semiconductor Equipment & Materials","",30.48,"",2025,91101.0,1086.0,475.0
"7893","PRONEXUS INC","20260220",1159.0,3.0,1495.54,488.9,5.09,978.68,1271.7,"JPY",-121.8,74.9,"",0,6.1,7.7,7.3,7.8,"","Commercial Services","Specialty Business Services","",25.51,"",2025,30995.0,1335.0,1061.0
"7894","MARUTO SANGYO CO","20260220",2218.0,-20.0,385.08,125.88,3.49,367.54,327.5,"JPY",123.3,9.8,"",0,2.8,4.3,5.1,7.6,"","Process Industries","Packaging & Containers","",25.51,"",2025,18046.0,2270.0,1650.0
"7898","WOOD ONE CO LTD","20260220",1093.0,"","","",-0.1,4801.93,-45.0,"JPY","",7.7,"",0,-0.8,-1.8,0.8,3.6,"","Non-Energy Minerals","Furnishings, Fixtures & Appliances","",9.31,"",2025,65157.0,1111.0,751.0
"7901","MATSUMOTO INC","20260220",1079.0,"","","",-23.62,729.2,-194.7,"JPY","",0.0,"",0,-18.4,-9.4,1.9,-7.0,"","Commercial Services","Paper & Paper Products","",1.13,"",2025,2169.0,2823.0,647.0
"7902","SONOCOM CO LTD","20260220",1120.0,6.0,1760.03,575.36,2.4,2447.8,213.6,"JPY",62.2,27.4,"",0,1.9,1.7,2.6,4.1,"","Producer Manufacturing","Electronic Components","",3.64,"",2025,2423.0,1349.0,751.0
"7906","YONEX CO LTD","20260220",3750.0,-2.0,3177.13,1111.89,13.55,808.9,9378.1,"JPY",53.1,29.7,"",0,15.8,15.7,15.2,13.1,"","Consumer Durables","Leisure","",85.55,"",2025,138276.0,4505.0,1944.0
"7908","KIMOTO CO LTD","20260220",273.0,8.0,507.17,165.8,4.05,417.63,762.5,"JPY",91.8,32.3,"",0,5.3,2.1,-3.0,2.8,"","Process Industries","Electronic Components","",45.1,"",2025,11294.0,310.0,212.0
"7911","凸版印刷","20260220",4606.0,-29.0,300.07,98.09,0.22,4520.4,2862.3,"JPY",-18.3,90.0,"",0,-0.4,2.4,2.4,1.4,"","Commercial Services","Specialty Business Services","",286.16,"",2025,1717960.0,5217.0,3400.0
"7912","大日本印刷","20260220",3092.0,4.0,4069.94,1330.47,5.37,2528.32,60947.4,"JPY",1.2,84.0,"",0,5.0,6.1,4.5,4.9,"","Commercial Services","Specialty Business Services","",449.25,"",2025,1457609.0,3218.0,1810.0
"7914","KYODO PRINTING CO","20260220",1668.0,-5.0,1088.65,355.88,1.62,2234.97,1021.2,"JPY",-221.5,90.0,"",0,2.2,2.3,0.8,0.8,"","Commercial Services","Specialty Business Services","",28.14,"",2025,99977.0,1729.0,842.0
"7915","NISSHA CO LTD","20260220",1315.0,3.0,1684.78,550.76,2.33,2410.62,2659.7,"JPY",34.8,43.0,50.0,0,3.6,0.1,12.2,18.8,"","Commercial Services","Electronic Components","",47.36,"",2024,195598.0,1502.0,1061.0
"7916","MITSUMURA PRINTING CO","20260220",1844.0,-9.0,865.2,282.83,0.5,5742.48,88.3,"JPY","",0.0,"",0,-0.5,-0.1,-2.7,1.5,"","Commercial Services","Specialty Business Services","",3.06,"",2025,14756.0,2005.0,1205.0
"7917","ZACROS CORPORATION","20260220",1403.0,10.0,3096.33,1012.2,8.11,1272.49,7462.2,"JPY",87.7,19.0,"",0,8.3,7.4,5.0,10.4,"","Process Industries","Packaging & Containers","",72.3,"",2025,150735.0,1417.0,863.75
"7918","VIA HOLDINGS INC","20260220",109.0,"","","",-8.87,25.38,-102.7,"JPY","",0.0,"",0,6.4,27.6,-40.8,"","","Consumer Services","Restaurants","",45.63,"",2025,17373.0,134.0,95.0
"7919","NOZAKI INSATSU SHIGYO CO","20260220",210.0,18.0,780.91,255.28,9.55,272.71,420.7,"JPY",20.3,49.5,"",0,13.2,16.0,8.0,2.6,"","Process Industries","Specialty Business Services","",16.16,"",2025,14570.0,240.0,141.0
"7921","TAKARA & COMPANY LTD","20260220",3950.0,4.0,5453.7,1782.82,7.74,2349.73,2346.9,"JPY",-10.5,67.9,"",0,8.3,11.6,11.1,10.5,"","Commercial Services","Specialty Business Services","",12.91,"",2025,29678.0,4795.0,2782.0
"7922","SANKO SANGYO CO","20260220",760.0,-10.0,336.72,110.08,0.99,1136.53,86.7,"JPY",675.5,21.0,"",0,0.8,0.7,-0.1,1.3,"","Commercial Services","Specialty Business Services","",7.72,"",2025,9666.0,817.0,298.0
"7923","TOIN CORP","20260220",1177.0,16.0,3827.53,1251.23,5.88,2171.57,641.8,"JPY",76.1,22.0,"",0,7.2,4.8,0.4,-0.6,"","Process Industries","Packaging & Containers","",5.03,"",2025,14582.0,1223.0,629.0
"7925","MAEZAWA KASEI INDUSTRIES CO","20260220",2320.0,5.0,3289.19,1075.24,3.93,2788.35,1628.2,"JPY",77.9,44.1,"",0,4.0,3.5,4.0,2.8,"","Producer Manufacturing","Chemicals","",14.85,"",2025,24166.0,2547.0,1575.0
"7927","MUTO SEIKO CO","20260220",2385.0,16.0,6329.62,2326.06,10.15,2643.6,1864.6,"JPY",39.7,45.6,"",0,10.0,11.6,12.5,4.2,"","Producer Manufacturing","Electronic Components","",6.95,"",2025,27574.0,2450.0,1181.0
"7928","Asahi Kagaku Kogyo Co., Ltd.","20260220",611.0,2.0,724.6,236.87,1.43,1690.1,75.6,"JPY",124.7,18.3,"",0,0.8,2.0,2.8,8.6,14.6,"Producer Manufacturing","Tools & Accessories","",3.13,"",2025,8359.0,644.0,540.0
"7931","MIRAI INDUSTRY CO LTD","20260220",3415.0,13.0,8783.26,2871.26,8.98,3260.15,4731.3,"JPY",17.4,66.0,"",0,9.6,10.3,5.8,5.8,"","Producer Manufacturing","Electrical Equipment & Parts","",16.16,"",2025,45113.0,4045.0,3105.0
"7932","NIPPI INC","20260220",13990.0,9.0,26951.41,8810.46,6.4,14027.11,2551.4,"JPY",-6.4,62.0,"",0,6.4,7.6,2.9,3.8,"","Consumer Non-Durables","Footwear & Accessories","",2.84,"",2025,49141.0,14650.0,4900.0
"7936","ASICS CORP","20260220",4810.0,-6.0,2960.39,967.76,30.31,325.59,70704.0,"JPY",24.6,54.2,28.0,0,30.8,20.7,15.2,13.0,"","Consumer Non-Durables","Footwear & Accessories","",716.5,"",2024,678526.0,4289.0,2561.0
"7937","TSUTSUMI JEWELRY","20260220",2963.0,3.0,3843.76,1256.53,2.95,4337.75,2002.6,"JPY",7.7,86.4,"",0,3.0,1.8,1.5,1.1,"","Retail Trade","Luxury Goods","",15.63,"",2025,24835.0,3105.0,1986.0
"7938","REGAL CORPORATION","20260220",2433.0,0.0,2490.59,814.18,1.97,4206.27,251.6,"JPY",392.6,17.5,"",0,3.7,3.7,4.4,2.1,"","Retail Trade","Footwear & Accessories","",3.03,"",2025,23558.0,2707.0,2082.0
"7940","WAVELOCK HLDGS CO LTD","20260220",1289.0,6.0,2088.46,682.72,3.54,1966.63,588.3,"JPY",181.6,21.1,"",0,3.2,2.9,-0.3,4.7,"","Process Industries","Specialty Chemicals","",8.45,"",2025,25566.0,1412.0,481.0
"7942","JSP CORP","20260220",2784.0,10.0,5951.53,1945.56,5.15,3854.79,5199.7,"JPY",69.0,36.1,"",0,5.4,6.2,2.9,4.4,"","Process Industries","Packaging & Containers","",26.21,"",2025,142250.0,2864.0,1627.0
"7943","NICHIHA CORP","20260220",3650.0,2.0,4417.95,1444.24,3.92,3755.63,4889.2,"JPY",55.8,41.5,"",0,2.5,7.0,8.2,9.5,"","Non-Energy Minerals","Building Products & Equipment","",33.2,"",2025,148478.0,3720.0,2665.0
"7944","ROLAND CORPORATION","20260220",3980.0,6.0,6426.65,2450.82,14.76,1762.3,6851.5,"JPY",18.4,65.4,170.0,0,14.1,24.3,30.4,42.2,"","Consumer Durables","Leisure","",26.34,"",2024,99433.0,4040.0,2835.0
"7946","KOYOSHA INC","20260220",2270.0,0.0,2241.51,732.75,2.21,3373.58,39.6,"JPY",-135.2,88.6,"",0,1.6,2.4,1.9,0.4,"","Commercial Services","Specialty Business Services","",0.53,"",2025,4726.0,4225.0,1276.0
"7947","FP CORP","20260220",2774.0,7.0,4845.55,1584.02,8.51,1896.98,13063.6,"JPY",44.6,44.6,"",0,8.6,8.2,8.9,9.1,"","Producer Manufacturing","Packaging & Containers","",80.88,"",2025,235628.0,3225.0,2410.0
"7949","KOMATSU WALL INDUSTRY CO","20260220",2901.0,6.0,4655.8,1521.99,7.23,2146.93,2731.4,"JPY",87.6,34.7,"",0,6.8,7.5,6.4,"","","Producer Manufacturing","Building Products & Equipment","",17.6,"",2025,44616.0,3035.0,1283.0
"7950","NIHON DECOLUXE CO. LTD.","20260220",8900.0,-26.0,788.72,257.83,2.93,897.32,461.4,"JPY",137.2,66.8,"",0,2.8,3.4,1.8,1.9,"","Non-Energy Minerals","Furnishings, Fixtures & Appliances","",17.55,"",2025,6210.0,"",""
"7951","山葉","20260220",1195.5,6.0,1915.53,626.19,6.41,995.75,28780.8,"JPY",-5.1,67.4,"",0,5.8,7.6,9.2,8.3,"","Consumer Durables","Leisure","",450.75,"",2025,462080.0,1259.0,934.0
"7952","KAWAI MUSICAL INSTRUMENT MANUF.CO","20260220",2952.0,6.0,4659.59,1523.23,3.0,5179.19,1335.8,"JPY",55.6,32.1,"",0,1.2,7.2,11.1,18.1,"","Consumer Durables","Leisure","",8.6,"",2025,72918.0,3300.0,2320.0
"7953","KIKUSUI CHEMICAL INDUSTRIES CO","20260220",407.0,4.0,571.24,186.74,2.51,757.12,239.4,"JPY",47.4,46.8,"",0,2.3,4.3,5.4,6.7,"","Process Industries","Building Products & Equipment","",12.57,"",2025,21390.0,409.0,339.0
"7955","CLEANUP CORP","20260220",1021.0,9.0,2064.39,674.85,4.35,1583.36,2481.4,"JPY",-12.6,70.0,"",0,3.3,2.0,4.4,5.9,"","Consumer Durables","Furnishings, Fixtures & Appliances","",36.06,"",2025,129987.0,981.0,581.0
"7956","PIGEON CORP","20260220",1644.0,5.0,2333.57,762.85,11.47,678.28,9305.5,"JPY",9.4,90.0,76.0,0,11.3,10.2,12.0,14.2,"","Consumer Non-Durables","Household & Personal Products","",119.63,"",2024,104171.0,1909.0,1556.0
"7957","FUJICOPIAN CO LTD","20260220",1431.0,7.0,2405.88,786.49,1.16,6905.23,122.7,"JPY","",13.1,40.0,0,0.3,-6.8,4.6,3.8,"","Electronic Technology","Business Equipment & Supplies","",1.53,"",2024,8984.0,1779.0,1350.0
"7958","TENMA CORPORATION","20250815",3570.0,-4.0,2544.55,831.82,2.01,4210.37,1701.5,"JPY",-18.2,90.0,"",0,2.2,1.9,3.0,1.6,"","Process Industries","Specialty Chemicals","",20.06,"",2025,104834.0,14408434688.0,9894572032.0
"7962","KING JIM CO LTD","20260220",814.0,-6.0,511.3,167.15,1.99,854.69,479.6,"JPY",224.0,34.7,"",0,1.8,-0.9,1.0,3.7,"","Producer Manufacturing","Business Equipment & Supplies","",28.14,"",2025,39639.0,891.0,800.0
"7963","Koken Ltd.","20260220",2044.0,13.0,5301.22,1732.98,6.3,2804.06,869.4,"JPY",-11.9,62.0,"",0,6.8,5.9,5.9,7.5,5.8,"Health Technology","Medical Devices","",4.92,"",2025,11857.0,1988.0,1470.0
"7965","Zojirushi Corporation","20260220",1588.0,6.0,2430.94,794.68,5.81,1394.15,5156.0,"JPY",0.6,80.2,"",0,6.6,5.4,5.6,4.9,6.2,"Consumer Durables","Furnishings, Fixtures & Appliances","",63.63,"",2025,91151.0,1944.0,1195.0
"7966","LINTEC CORP","20260220",5160.0,7.0,9059.01,2961.41,8.06,3747.21,19772.8,"JPY",57.4,47.4,"",0,9.5,3.4,5.5,8.4,"","Process Industries","Specialty Chemicals","",65.48,"",2025,315978.0,5220.0,2316.0
"7970","SHIN-ETSU POLYMER CO","20260220",2147.0,7.0,3577.31,1169.43,7.77,1534.62,9569.3,"JPY",51.4,39.2,"",0,8.2,8.0,10.9,8.2,"","Process Industries","Specialty Chemicals","",80.25,"",2025,110582.0,2173.0,1246.0
"7971","TOLI CORP","20260220",770.0,11.0,1777.6,581.1,7.18,824.82,3451.5,"JPY",94.5,22.6,"",0,6.8,9.0,6.3,2.2,"","Consumer Durables","Building Products & Equipment","",58.25,"",2025,105709.0,822.0,388.0
"7972","ITOKI CORPORATION","20260220",3205.0,3.0,4147.98,1578.23,15.46,996.94,7615.7,"JPY",-25.9,66.3,75.0,0,13.0,12.2,2.4,4.8,"","Producer Manufacturing","Furnishings, Fixtures & Appliances","",49.41,"",2024,138460.0,2858.0,1356.0
"7974","NINTENDO CO LTD","20260220",8587.0,1.0,7243.24,2782.62,13.09,2339.96,356510.1,"JPY",17.0,66.6,"",0,10.7,21.6,21.0,25.3,"","Consumer Durables","Electronic Gaming & Multimedia","",1164.26,"",2025,1164922.0,14795.0,8326.0
"7975","LIHIT LAB INC","20260220",1341.0,-4.0,948.23,309.98,1.01,3137.46,107.2,"JPY",4004.8,0.0,"",0,0.9,-1.8,-0.2,2.7,"","Producer Manufacturing","Business Equipment & Supplies","",3.39,"",2025,9220.0,1339.0,1000.0
"7976","MITSUBISHI PENCIL CO","20260220",2277.0,8.0,4227.17,1381.87,6.06,2324.89,7779.4,"JPY",71.2,28.4,52.0,0,6.6,8.5,7.2,6.5,"","Consumer Durables","Business Equipment & Supplies","",55.21,"",2024,88820.0,2707.0,1981.0
"7979","SHOFU INC","20260220",1802.0,6.0,2859.4,934.74,7.95,1198.54,3392.2,"JPY",10.2,59.0,"",0,8.9,9.8,9.0,8.6,"","Health Technology","Medical Instruments & Supplies","",35.59,"",2025,38698.0,2221.0,1762.0
"7980","SHIGEMATSU WORKS CO","20260220",918.0,17.0,3193.88,1044.09,8.84,1204.5,757.0,"JPY",95.9,12.8,"",0,10.2,8.0,11.6,7.8,"","Health Technology","Medical Instruments & Supplies","",7.11,"",2025,14112.0,889.0,727.0
"7981","TAKARA STANDARD CO","20260220",3000.0,7.0,5316.47,1737.96,5.93,2988.75,11533.2,"JPY",37.0,61.8,"",0,6.0,4.6,4.2,5.7,"","Producer Manufacturing","Furnishings, Fixtures & Appliances","",65.08,"",2025,243380.0,3145.0,1578.0
"7983","Miroku Corporation","20260220",1179.0,"","","",-0.51,3642.71,-55.0,"JPY","",13.0,"",0,-0.4,-4.4,2.9,3.2,2.3,"Electronic Technology","Tools & Accessories","",2.95,"",2025,12518.0,1580.0,982.0
"7984","KOKUYO CO LTD","20260220",895.5,1.0,952.1,311.24,5.37,590.61,14000.9,"JPY",-50.8,72.1,24.375,0,4.8,7.3,7.2,3.8,"","Producer Manufacturing","Business Equipment & Supplies","",441.16,"",2024,338227.0,972.3,612.25
"7985","NEPON INC","20260220",1610.0,"","","",-7.56,2429.17,-176.3,"JPY","",18.3,"",0,-9.4,2.6,12.0,7.5,"","Producer Manufacturing","Specialty Industrial Machinery","",0.96,"",2025,7277.0,2179.0,1360.0
"7986","NIHON ISK COMPANY","20260220",1890.0,19.0,7417.21,2424.7,8.89,2781.17,380.8,"JPY",86.8,14.9,30.0,0,10.3,9.4,1.5,9.5,"","Producer Manufacturing","Steel","",1.54,"",2024,5901.0,1850.0,1371.0
"7987","NAKABAYASHI CO LTD","20260220",614.0,18.0,2241.25,732.67,7.09,1053.06,2037.3,"JPY",-30.8,79.5,"",0,6.9,1.2,2.1,5.1,"","Commercial Services","Specialty Business Services","",27.27,"",2025,62767.0,624.0,450.0
"7988","NIFCO INC","20260220",5193.0,12.0,11882.83,4465.76,14.95,2930.17,41116.8,"JPY",6.3,60.8,"",0,17.4,16.5,11.6,13.1,"","Process Industries","Auto Parts","",93.84,"",2025,353038.0,5211.0,3068.0
"7989","Tachikawa Corporation","20260220",2545.0,8.0,4669.73,1526.54,5.55,2803.58,3128.7,"JPY",15.0,57.7,"",0,6.1,6.2,6.1,5.9,7.5,"Consumer Durables","Furnishings, Fixtures & Appliances","",20.1,"",2025,42623.0,2674.0,1302.0
"7990","GLOBERIDE INC","20260220",2310.0,15.0,7049.28,2304.42,8.85,2654.15,5402.1,"JPY",41.8,36.5,"",0,9.0,12.6,25.1,35.3,"","Consumer Durables","Leisure","",22.99,"",2025,123983.0,2505.0,1620.0
"7991","MAMIYA-OP CO LTD","20260220",1472.0,24.0,7651.78,2693.75,11.79,2430.69,2959.9,"JPY",65.7,30.4,"",0,23.3,22.2,13.2,5.0,"","Consumer Durables","Business Equipment & Supplies","",10.33,"",2025,33707.0,1975.0,1114.0
"7992","SAILOR PEN CO","20260220",113.0,"","","",-15.49,42.41,-194.8,"JPY","",0.0,"",0,-9.8,-7.9,-8.1,3.2,"","Consumer Durables","Business Equipment & Supplies","",29.64,"",2024,4677.0,178.0,99.0
"7994","OKAMURA CORP","20260220",2590.0,11.0,5866.8,1917.87,10.0,1955.66,18513.7,"JPY",31.0,56.7,"",0,10.6,11.4,8.5,8.0,"","Producer Manufacturing","Business Equipment & Supplies","",94.67,"",2025,314527.0,2630.0,1655.0
"7995","VALQUA LTD","20260220",5000.0,7.0,8470.91,2769.16,9.85,2865.27,4975.3,"JPY",23.4,61.4,"",0,9.3,11.5,14.4,13.8,"","Producer Manufacturing","Specialty Industrial Machinery","",17.62,"",2025,60113.0,4720.0,2493.0
"7997","Kurogane Kosakusho Ltd.","20260220",966.0,"","","",-3.16,2851.18,-153.0,"JPY","",0.0,"",0,-3.3,-0.3,-12.0,-8.4,-3.2,"Producer Manufacturing","Furnishings, Fixtures & Appliances","",1.7,"",2025,6342.0,1194.0,672.0
"7999","MUTOH HOLDINGS CO LTD","20260220",7610.0,-7.0,4367.65,1427.79,2.82,5158.17,668.3,"JPY",-29.8,72.2,"",0,4.3,3.1,4.3,1.5,"","Producer Manufacturing","Business Equipment & Supplies","",4.59,"",2025,18128.0,7630.0,2421.0
"8001","伊藤忠商事","20260220",2192.5,5.0,3169.65,1097.34,13.45,821.39,774089.8,"JPY",76.4,24.9,"",0,15.0,16.0,18.7,18.9,"","Distribution Services","Conglomerates","",7006.51,"",2025,14724234.0,2233.0,1174.6
"8002","丸紅","20260220",5710.0,7.0,10216.09,3512.34,14.79,2209.77,536608.0,"JPY",82.0,23.2,"",0,14.0,17.0,22.4,23.0,"","Process Industries","Conglomerates","",1642.36,"",2025,7790168.0,6328.0,1878.0
"8005","SCROLL CORPORATION","20260220",1348.0,13.0,3694.25,1207.66,11.62,1059.87,4237.3,"JPY",-19.4,70.3,"",0,13.0,11.2,14.0,20.8,"","Retail Trade","Internet Retail","",34.41,"",2025,84030.0,1395.0,882.0
"8006","YUASA FUNASHOKU CO","20260220",1751.0,9.0,3423.82,1119.25,5.18,2203.06,2014.4,"JPY",118.6,18.3,"",0,5.6,2.9,3.9,-0.1,"","Distribution Services","Food Distribution","",17.65,"",2025,123092.0,1990.0,910.0
"8007","TAKASHIMA & CO","20260220",924.0,3.0,1141.13,373.04,5.43,701.14,1297.9,"JPY",73.5,35.4,"",0,5.0,-2.4,7.1,7.5,"","Distribution Services","Building Materials","",34.12,"",2025,94503.0,938.0,554.5
"8008","YONDOSHI HOLDINGS INC","20260220",1883.0,1.0,2075.69,678.55,3.82,1813.41,1485.5,"JPY",-86.8,90.0,"",0,3.4,4.2,3.5,3.9,"","Consumer Durables","Luxury Goods","",21.47,"",2025,45902.0,1902.0,1640.0
"8011","SANYO SHOKAI","20260220",4400.0,3.0,5588.24,1826.8,5.06,3681.63,1987.6,"JPY",19.7,50.4,"",0,5.6,8.0,9.6,-2.3,"","Consumer Non-Durables","Apparel Manufacturing","",10.67,"",2025,60526.0,4785.0,2405.0
"8012","NAGASE & CO","20260220",4701.0,3.0,5964.13,1949.69,5.26,3780.33,20985.8,"JPY",55.0,49.2,"",0,6.5,5.5,6.7,6.9,"","Distribution Services","Specialty Chemicals","",105.56,"",2025,944961.0,4735.0,2228.0
"8013","NAIGAI CO LTD","20260220",294.0,-3.0,224.52,73.4,0.89,837.93,58.6,"JPY","",0.0,"",0,2.0,2.5,-17.2,-0.3,"","Consumer Non-Durables","Apparel Retail","",7.83,"",2025,13162.0,450.0,228.0
"8014","CHORI CO LTD","20260220",4500.0,14.0,10362.4,3940.78,11.54,3732.58,10615.5,"JPY",10.0,61.4,"",0,14.1,13.0,12.0,10.7,"","Process Industries","Conglomerates","",24.65,"",2025,311546.0,4590.0,2420.0
"8015","豐田通商","20260220",6735.0,5.0,10099.89,3518.14,13.75,2485.62,360964.9,"JPY",68.7,28.0,"",0,14.8,17.6,17.3,15.5,"","Distribution Services","Conglomerates","",1055.78,"",2025,10309550.0,6969.0,2072.0
"8016","ONWARD HOLDINGS CO LTD","20260220",801.0,10.0,1726.91,564.53,9.29,619.7,7829.3,"JPY",-71.0,62.8,"",0,9.8,14.2,6.9,-8.3,"","Consumer Non-Durables","Apparel Manufacturing","",136.01,"",2025,208393.0,786.0,492.0
"8018","SANKYO SEIKO CO","20260220",883.0,5.0,1262.38,412.67,3.16,1332.05,1605.8,"JPY",387.7,84.6,"",0,4.0,5.4,5.7,4.4,"","Process Industries","Apparel Retail","",38.16,"",2025,22594.0,915.0,529.0
"8020","KANEMATSU CORP","20260220",2315.5,13.0,5746.58,2131.73,18.03,1045.32,31360.6,"JPY",13.8,59.3,"",0,20.1,18.5,12.1,11.2,"","Electronic Technology","Conglomerates","",166.4,"",2025,1050936.0,2289.5,1015.25
"8022","MIZUNO CORP","20260220",3985.0,5.0,5866.74,1917.85,9.6,2036.3,15015.0,"JPY",4.3,57.7,"",0,10.5,11.1,9.3,7.5,"","Consumer Non-Durables","Specialty Retail","",76.78,"",2025,240335.0,4385.0,2077.0
"8023","DAIKO XTECH LTD","20260220",1048.0,16.0,3111.92,1171.78,12.48,999.61,1580.9,"JPY",3.6,58.5,"",0,14.5,19.8,14.9,14.0,"","Technology Services","Electronics & Computer Distribution","",12.67,"",2025,42690.0,1238.0,754.0
"8025","TSUKAMOTO CORPORATION CO LTD","20260220",1367.0,"","","",-1.79,3478.71,-251.8,"JPY","",23.3,"",0,-2.4,-1.3,1.0,2.2,"","Consumer Non-Durables","Apparel Retail","",4.04,"",2025,9681.0,1431.0,1071.0
"8029","LOOK HOLDINGS INCORPORATED","20260220",2489.0,15.0,7441.16,2432.53,4.9,5056.89,1852.9,"JPY",50.5,34.1,100.0,0,5.9,9.2,10.0,9.1,"","Consumer Non-Durables","Apparel Manufacturing","",7.47,"",2024,54739.0,2828.0,2170.0
"8030","CHUO GYORUI CO LTD","20260220",4060.0,18.0,15460.9,5054.2,6.42,8029.07,2056.3,"JPY",32.9,45.1,"",0,7.0,7.6,5.0,3.0,"","Distribution Services","Food Distribution","",3.99,"",2025,149902.0,3990.0,2720.0
"8031","三井物產","20260220",5505.0,6.0,6785.84,2394.84,10.68,2632.4,806269.6,"JPY",101.8,29.8,"",0,10.0,14.3,19.3,19.6,"","Process Industries","Conglomerates","",2866.82,"",2025,14662620.0,5822.0,2365.5
"8032","JAPAN PULP & PAPER CO","20260220",1088.0,6.0,1783.31,582.97,5.46,1088.32,7322.9,"JPY",-38.0,60.5,"",0,7.2,7.9,7.6,8.9,"","Process Industries","Paper & Paper Products","",123.19,"",2025,554524.0,1150.0,516.0
"8035","東京電子","20260220",43960.0,-4.0,34678.78,13015.34,26.48,4047.14,491182.8,"JPY",8.5,70.7,"",0,31.0,22.1,35.0,43.2,"","Producer Manufacturing","Semiconductor Equipment & Materials","",458.4,"",2025,2431568.0,44610.0,16560.0
"8037","KAMEI CORP","20260220",3275.0,16.0,10584.02,3459.93,6.83,5167.29,10795.7,"JPY",54.8,28.9,"",0,7.1,8.0,8.8,8.4,"","Distribution Services","Oil & Gas Refining & Marketing","",30.6,"",2025,575787.0,3375.0,1600.0
"8038","TOHTO SUISAN CO","20250701",7470.0,13.0,19487.79,6370.59,8.66,7498.98,2552.9,"JPY",43.5,40.4,"",0,9.4,9.6,13.1,8.9,"","Distribution Services","Food Distribution","",3.93,"",2025,106175.0,10457790464.0,0.0
"8039","TSUKIJI UOICHIBA CO","20260220",3985.0,-2.0,3293.24,1076.57,3.73,2944.14,243.7,"JPY",121.6,46.4,"",0,3.3,1.6,2.6,2.7,"","Distribution Services","Food Distribution","",2.22,"",2025,62414.0,4060.0,3235.0
"8040","TOKYO SOIR CO","20260220",1081.0,16.0,3436.13,1123.28,3.9,2936.99,396.3,"JPY",-96.7,67.2,45.0,0,3.8,"","","","","Consumer Non-Durables","Apparel Manufacturing","",3.46,"",2024,15700.0,1303.0,729.0
"8041","OUG HOLDINGS","20260220",4740.0,20.0,18732.14,6830.7,11.25,6584.07,3999.4,"JPY",23.2,44.1,"",0,12.4,14.6,12.0,8.9,"","Distribution Services","Farm Products","",5.4,"",2025,350092.0,4195.0,2693.0
"8043","STARZEN CO LTD","20260220",1343.0,11.0,3050.03,997.06,6.55,1551.45,5815.4,"JPY",61.9,28.8,"",0,6.8,10.3,11.7,11.3,"","Consumer Non-Durables","Packaged Foods","",57.2,"",2025,436112.0,1380.0,892.0
"8045","YOKOHAMA MARUUO CO","20260220",1743.0,4.0,2468.76,807.04,3.02,2727.47,524.2,"JPY",525.9,31.1,"",0,3.3,3.6,3.0,0.7,"","Distribution Services","Packaged Foods","",6.37,"",2025,39841.0,2060.0,863.0
"8046","MARUFUJI SHEET PILING CO","20260220",5290.0,12.0,13103.21,4283.46,5.06,8638.27,1563.7,"JPY",62.7,34.9,"",0,4.9,4.6,3.6,2.1,"","Distribution Services","Steel","",3.58,"",2025,35585.0,4945.0,2537.0
"8050","SEIKO GROUP CORPORATION","20260220",11470.0,0.0,8772.72,3323.41,9.95,3816.27,15520.4,"JPY",14.8,57.8,"",0,9.3,8.3,5.5,6.7,"","Consumer Durables","Footwear & Accessories","",40.87,"",2025,304744.0,10060.0,3205.0
"8051","YAMAZEN CORP","20260220",1508.0,5.0,2264.07,740.13,5.07,1489.67,6413.4,"JPY",53.4,37.6,"",0,4.3,5.3,11.1,10.5,"","Distribution Services","Specialty Industrial Machinery","",84.98,"",2025,516126.0,1532.0,1211.0
"8052","TSUBAKIMOTO KOGYO","20260220",3000.0,11.0,5404.92,1939.56,9.67,2380.84,4228.3,"JPY",54.5,35.5,"",0,10.8,11.3,12.0,11.3,"","Producer Manufacturing","Industrial Distribution","",18.37,"",2025,124323.0,3050.0,1860.0
"8053","住友商事","20260220",6382.0,7.0,10603.02,3836.79,11.12,3870.14,517062.6,"JPY",53.6,40.6,"",0,11.8,10.9,16.4,15.6,"","Distribution Services","Conglomerates","",1201.11,"",2025,7292084.0,6755.0,2787.0
"8056","BIPROGY INC","20260220",4658.0,8.0,8371.79,3198.82,17.42,1742.96,29453.6,"JPY",-37.4,69.8,"",0,16.8,18.2,15.8,14.0,"","Distribution Services","Information Technology Services","",96.99,"",2025,404010.0,6594.0,4079.0
"8057","UCHIDA YOKO CO","20260220",2063.0,10.0,4231.81,1583.97,11.88,1431.55,8384.0,"JPY",20.6,55.5,"",0,13.2,13.2,13.9,9.6,16.2,"Producer Manufacturing","Conglomerates","",49.28,"",2025,337055.0,2582.0,1260.0
"8058","三菱商事","20260220",4991.0,0.0,4940.96,1615.21,6.66,2471.73,624264.4,"JPY",47.6,50.9,"",0,5.6,8.7,14.3,16.0,"","Distribution Services","Conglomerates","",3790.34,"",2025,18617601.0,5217.0,2257.0
"8059","DAIICHI JITSUGYO CO","20260220",3475.0,11.0,6012.58,2258.17,10.29,2498.09,8204.5,"JPY",25.7,54.7,"",0,11.9,9.4,7.5,9.5,"","Distribution Services","Specialty Industrial Machinery","",31.93,"",2025,221755.0,3635.0,1861.0
"8060","Canon Marketing Japan Incorporated","20260220",6853.0,6.0,10917.66,3569.0,9.54,3815.69,39380.0,"JPY",7.8,77.2,"",0,10.5,8.4,9.3,9.2,7.8,"Distribution Services","Business Equipment & Supplies","",108.21,"",2025,679799.0,7247.0,4486.0
"8061","SEIKA CORP","20260220",2862.0,4.0,3121.68,1120.99,10.01,1310.66,4723.5,"JPY",65.4,36.2,"",0,11.8,12.2,14.1,7.1,"","Distribution Services","Industrial Distribution","",36.02,"",2025,93734.0,2716.0,1195.0
"8065","SATO SHOJI CORP","20260220",2432.0,14.0,7059.78,2307.86,7.17,3282.3,4906.6,"JPY",73.8,28.8,"",0,7.4,8.8,8.1,9.1,"","Distribution Services","Steel","",20.85,"",2025,284552.0,2534.0,1225.0
"8066","MITANI CORP","20260220",2611.0,12.0,5948.55,2259.87,12.38,1948.39,20702.1,"JPY",1.3,62.0,"",0,13.1,12.5,11.2,10.4,"","Distribution Services","Conglomerates","",85.8,"",2025,339005.0,2799.0,1597.0
"8070","TOKYO SANGYO CO","20260220",999.0,10.0,2159.59,705.97,8.95,804.29,1877.4,"JPY",-153.2,73.0,"",0,8.1,-18.5,2.8,5.6,"","Distribution Services","Conglomerates","",26.08,"",2025,70716.0,1133.0,587.0
"8071","TOKAI ELECTRONICS CO. LTD.","20260220",3100.0,-13.0,977.33,319.49,4.85,671.08,849.3,"JPY",47.0,37.8,"",0,4.0,5.3,7.1,9.6,"","Distribution Services","Electronic Components","",26.07,"",2025,56998.0,"",""
"8072","Japan Publications Trading Co. Ltd.","20250121",3980.0,16.0,12569.41,4435.66,12.71,3518.57,313.2,"JPY",41.2,32.5,"",0,14.3,18.6,24.8,9.9,"","Communication Services","Publishing","",0.7,"",2024,8554.0,0.0,0.0
"8074","YUASA TRADING CO","20260220",6220.0,12.0,12318.58,4386.16,10.02,5176.67,10916.3,"JPY",70.7,32.8,"",0,10.4,11.1,11.1,7.9,"","Distribution Services","Specialty Industrial Machinery","",21.05,"",2025,528387.0,6340.0,3710.0
"8075","SHINSHO CORP","20260220",2713.0,14.0,7679.52,2510.45,7.4,3460.86,6763.1,"JPY",8.3,62.7,"",0,8.1,11.1,13.1,12.0,"","Distribution Services","Steel","",26.42,"",2025,617177.0,2865.0,1513.0
"8076","Canox Corp.","20260220",2200.0,14.0,6352.94,2076.79,6.25,3389.73,1980.0,"JPY",87.1,37.3,"",0,6.7,7.4,6.9,7.8,"","Non-Energy Minerals","Steel","",9.35,"",2025,173013.0,2216.0,1453.0
"8077","TORQ, Inc.","20260220",222.0,23.0,1154.11,377.28,6.08,633.14,868.3,"JPY",40.8,44.4,"",0,6.9,6.2,5.9,4.3,2.1,"Distribution Services","Industrial Distribution","",22.57,"",2025,22538.0,278.0,200.0
"8078","HANWA CO LTD","20260220",8800.0,16.0,22638.37,8546.38,10.07,9617.25,38591.7,"JPY",-135.4,56.6,"",0,11.3,10.8,16.8,22.8,"","Distribution Services","Conglomerates","",39.83,"",2025,2554514.0,8850.0,4005.0
"8079","Shoei Foods Corporation","20260220",4045.0,6.0,6307.86,2062.05,6.36,3304.82,3488.2,"JPY",-4.6,64.3,"",0,6.6,6.2,5.9,6.4,7.0,"Consumer Non-Durables","Food Distribution","",16.59,"",2025,124897.0,4365.0,3750.0
"8081","KANADEN CORP","20260220",2264.0,8.0,4143.57,1354.54,6.42,2151.97,3080.1,"JPY",10.3,63.1,"",0,5.9,7.7,6.2,4.5,"","Distribution Services","Conglomerates","",22.3,"",2025,125665.0,2325.0,1257.0
"8084","RYODEN CORPORATION","20260220",3550.0,7.0,5932.79,1939.44,4.78,4137.34,4263.7,"JPY",5.0,60.8,"",0,4.9,7.0,8.2,7.2,"","Distribution Services","Semiconductors","",21.56,"",2025,215790.0,3875.0,2051.0
"8085","NARASAKI SANGYO CO","20260220",4135.0,15.0,12629.88,4128.73,8.17,5155.23,2134.5,"JPY",58.3,30.3,"",0,8.8,9.6,11.5,8.8,"","Distribution Services","Industrial Distribution","",5.07,"",2025,112512.0,4485.0,2350.0
"8086","NIPRO CORP","20260220",1536.5,"","","",-0.16,1547.79,-406.8,"JPY",376.2,22.3,"",0,-1.4,5.5,1.7,11.0,"","Distribution Services","Medical Instruments & Supplies","",163.1,"",2025,644586.0,1578.0,1230.5
"8088","IWATANI CORPORATION","20260220",1931.0,11.0,4358.78,1424.89,8.66,1677.1,33443.5,"JPY",127.1,14.5,"",0,10.8,15.4,11.7,12.6,"","Distribution Services","Conglomerates","",230.18,"",2025,883011.0,1987.0,1166.5
"8089","NICE CORPORATION","20260220",2195.0,18.0,7949.37,2598.66,5.61,4721.07,3155.9,"JPY",90.3,10.5,"",0,5.3,7.2,9.1,20.5,"","Distribution Services","Industrial Distribution","",11.91,"",2025,243054.0,2028.0,1445.0
"8091","NICHIMO CO LTD","20260220",2657.0,18.0,10070.54,3292.08,9.33,3596.55,2819.8,"JPY",69.5,26.7,"",0,9.8,6.1,12.4,14.9,"","Consumer Non-Durables","Packaged Foods","",8.4,"",2025,133900.0,2691.0,1659.0
"8093","KYOKUTO BOEKI KAISHA","20260220",2131.0,8.0,3789.37,1238.75,5.18,2438.12,1520.8,"JPY",82.0,57.3,"",0,6.5,4.5,4.6,3.9,"","Distribution Services","Electronics & Computer Distribution","",12.04,"",2025,52982.0,2169.0,1315.0
"8095","Astena Holdings Co.,Ltd.","20260220",499.0,15.0,1565.67,511.82,7.77,671.38,2106.4,"JPY",-4.9,86.8,"",0,8.9,6.4,3.6,0.4,5.0,"Health Technology","Conglomerates","",40.36,"",2025,62744.0,540.0,387.0
"8097","SAN-AI OBBLI CO LTD","20260220",2419.0,5.0,3698.24,1208.96,6.77,1821.55,7683.7,"JPY",-72.5,79.1,"",0,6.4,10.6,9.5,8.5,"","Distribution Services","Oil & Gas Refining & Marketing","",62.33,"",2025,654404.0,2453.0,1478.0
"8098","INABATA & CO","20260220",4210.0,10.0,9039.11,2954.9,7.73,3895.83,16098.7,"JPY",0.8,77.8,"",0,8.4,7.4,6.3,7.8,"","Distribution Services","Specialty Chemicals","",53.43,"",2025,837838.0,4115.0,2701.0
"8101","GSI CREOS CORPORATION","20260220",2719.0,8.0,4855.58,1587.3,6.61,2449.92,1987.6,"JPY",-6.2,80.4,"",0,7.2,8.5,4.3,5.1,"","Process Industries","Textile Manufacturing","",12.28,"",2025,165541.0,2766.0,1631.0
"8103","MEIWA CORPORATION","20260220",943.0,11.0,2210.34,722.56,7.7,956.92,2961.9,"JPY",5.3,81.9,"",0,8.3,7.7,4.7,6.5,"","Distribution Services","Industrial Distribution","",40.2,"",2025,156727.0,1041.0,593.0
"8104","KUWAZAWA HOLDINGS CORPORATION","20260220",621.0,17.0,2224.87,727.31,6.95,1066.49,1111.0,"JPY",8.3,58.1,"",0,8.4,6.8,4.4,4.2,"","Distribution Services","Building Materials","",14.98,"",2025,65406.0,662.0,428.0
"8105","HOTTA MARUSHO CO","20260220",206.0,"","","",-11.27,47.47,-301.4,"JPY","",0.0,"",0,-10.1,-4.5,-2.3,-4.9,"","Process Industries","Apparel Manufacturing","",56.33,"",2025,3098.0,1013.0,35.0
"8107","KIMURATAN CORP","20260220",35.0,"","","",-6.2,4.42,-70.2,"JPY","",0.0,"",0,-6.2,-15.1,-873.7,-61.1,"","Consumer Non-Durables","Apparel Manufacturing","",256.03,"",2025,1758.0,66.0,29.0
"8111","GOLDWIN INC","20260220",2420.0,12.0,5798.96,2122.97,21.22,804.3,23423.9,"JPY",11.9,57.3,"",0,25.0,30.4,33.4,27.5,"","Consumer Non-Durables","Apparel Manufacturing","",137.24,"",2025,132305.0,3198.0,2329.6667
"8113","UNICHARM CORP","20260220",1065.0,4.0,1439.72,470.65,10.83,443.2,83709.4,"JPY",-11.8,64.1,18.0,0,12.0,14.6,13.2,15.4,"","Consumer Non-Durables","Household & Personal Products","",1744.29,"",2024,988981.0,1364.5,874.7
"8114","Descente Ltd.","20250327",4335.0,-34.0,164.98,59.21,10.4,64.64,11767.7,"JPY",59.3,36.5,"",0,12.6,10.8,5.9,-1.1,"","Consumer Cyclical","Apparel Manufacturing","",1749.87,"",2024,126989.0,0.0,0.0
"8115","MOONBAT CO LTD","20260220",1385.0,11.0,3147.49,1174.95,10.75,1210.42,586.9,"JPY",8.7,53.0,"",0,10.5,13.7,2.9,-9.3,"","Consumer Non-Durables","Footwear & Accessories","",4.51,"",2025,11946.0,1922.0,828.0
"8117","CENTRAL AUTOMOTIVE PRODUCTS","20260220",2230.0,9.0,4476.37,1614.47,15.09,1008.14,8407.7,"JPY",38.8,44.3,"",0,17.4,18.7,16.9,14.0,"","Distribution Services","Auto Parts","",55.25,"",2025,41558.0,2253.0,1391.0
"8118","KING CO LTD","20260220",1136.0,1.0,1272.98,416.14,3.01,1409.03,676.8,"JPY",82.3,40.5,"",0,3.4,3.1,3.6,2.4,"","Consumer Non-Durables","Textile Manufacturing","",15.95,"",2025,8157.0,1060.0,701.0
"8119","SANYEI CORPORATION NPV","20260220",883.0,15.0,2783.75,910.01,6.6,1406.73,882.5,"JPY",108.7,0.0,"",0,12.9,8.4,-0.2,-7.8,"","Distribution Services","Furnishings, Fixtures & Appliances","",9.51,"",2025,39861.0,1146.0,777.0
"8123","T KAWABE & CO","20260220",1550.0,20.0,6515.93,2130.07,5.58,3893.41,395.3,"JPY",69.3,30.4,"",0,6.1,4.2,1.5,-5.2,"","Distribution Services","Textile Manufacturing","",1.82,"",2025,12769.0,1550.0,1207.0
"8125","WAKITA & CO","20260220",2112.0,0.0,2121.35,693.47,3.48,2030.93,3502.4,"JPY",29.7,71.1,"",0,3.9,3.4,3.6,3.3,"","Distribution Services","Farm & Heavy Construction Machinery","",49.53,"",2025,92321.0,2130.0,1497.0
"8127","Yamato International Inc.","20260220",605.0,"","","",-0.05,845.77,-9.2,"JPY",357.4,21.4,"",0,-1.0,2.0,3.6,3.2,0.2,"Consumer Non-Durables","Apparel Manufacturing","",20.47,"",2025,19444.0,645.0,294.0
"8129","TOHO HOLDINGS CO LTD","20260220",4644.0,3.0,5701.12,1863.71,4.86,3911.35,12476.0,"JPY",-24.4,60.0,"",0,5.0,4.8,5.1,4.8,"","Distribution Services","Medical Distribution","",65.65,"",2025,1518495.0,5726.0,4148.0
"8130","SANGETSU CORPORATION","20260220",3275.0,9.0,6700.43,2190.38,11.62,1922.69,13130.6,"JPY",18.2,70.5,"",0,11.8,14.5,16.2,5.3,"","Distribution Services","Furnishings, Fixtures & Appliances","",58.79,"",2025,200378.0,3320.0,2608.0
"8131","MITSUUROKO GROUP HOLDINGS CO LTD","20260220",2295.0,9.0,4519.77,1477.52,8.63,1746.62,8503.2,"JPY",14.0,65.7,"",0,6.4,10.4,11.6,1.5,"","Distribution Services","Oil & Gas Refining & Marketing","",56.44,"",2025,339656.0,2540.0,1503.0
"8132","SINANEN HOLDINGS CO LTD","20260220",6890.0,5.0,10284.1,3361.89,6.76,5074.36,3729.7,"JPY",42.9,28.6,"",0,7.7,-1.6,-0.1,2.5,"","Energy Minerals","Oil & Gas Refining & Marketing","",10.88,"",2025,317118.0,7270.0,5520.0
"8133","ITOCHU ENEX CO LTD","20260220",1963.0,10.0,4062.13,1327.92,8.87,1526.0,15287.2,"JPY",-61.8,69.6,"",0,11.1,6.0,10.0,10.1,"","Retail Trade","Oil & Gas Refining & Marketing","",112.9,"",2025,924481.0,2090.0,1368.0
"8135","ZETT CORPORATION","20260220",572.0,-5.0,369.6,120.82,1.66,743.59,241.1,"JPY",42.6,31.1,"",0,0.3,6.3,8.1,8.1,"","Consumer Durables","Leisure","",19.57,"",2025,55309.0,600.0,356.0
"8136","SANRIO CO LTD","20260220",5295.0,0.0,5221.73,1706.99,38.59,451.05,41302.2,"JPY",13.9,59.4,"",0,61.5,30.7,19.7,4.8,"","Retail Trade","Specialty Retail","",237.29,"",2025,144904.0,8685.0,4500.0
"8137","SUN-WA TECHNOS CORP","20260220",3310.0,7.0,5765.0,1884.59,5.96,3224.69,2926.7,"JPY",8.6,58.4,"",0,5.1,9.7,14.4,10.1,"","Distribution Services","Electronics & Computer Distribution","",15.23,"",2025,139581.0,3310.0,1765.0
"8138","SANKYO KASEI CORP","20260220",4855.0,7.0,8361.67,2733.44,2.88,9678.89,250.9,"JPY",-54.1,82.7,"",0,2.7,4.8,3.3,1.8,"","Process Industries","Specialty Chemicals","",0.9,"",2025,27117.0,4980.0,2976.0
"8139","NAGAHORI CORP","20260220",2060.0,-9.0,947.43,309.71,3.73,847.39,484.5,"JPY",43.2,39.0,"",0,3.8,6.7,3.5,1.2,"","Consumer Durables","Luxury Goods","",15.34,"",2025,22891.0,2419.0,1315.0
"8141","SHINKO SHOJI CO","20260220",1065.0,-17.0,251.75,82.3,0.59,1423.85,304.7,"JPY",32.5,83.2,"",0,-0.2,6.4,9.1,5.6,"","Distribution Services","Electronics & Computer Distribution","",36.31,"",2025,116008.0,1120.0,703.0
"8142","TOHO CO(WHOLESALE)","20260220",1314.0,20.0,4960.6,1823.79,16.86,963.99,5180.6,"JPY",-39.0,54.5,25.0,0,18.4,25.2,21.0,-3.4,"","Transportation","Food Distribution","",31.88,"",2025,246465.0,1365.0,833.3333
"8143","LAPINE CO","20260220",222.0,"","","",-23.68,355.7,-199.7,"JPY","",0.0,"",0,-15.0,-28.0,32.4,23.1,"","Consumer Non-Durables","Apparel Manufacturing","",2.37,"",2025,2042.0,407.0,180.0
"8144","DENKYO GROUP HOLDINGS CO LTD","20260220",1341.0,-15.0,360.57,117.87,0.29,4199.52,75.6,"JPY","",21.2,"",0,0.1,-1.6,0.0,2.1,"","Distribution Services","Consumer Electronics","",6.29,"",2025,54326.0,1320.0,1060.0
"8145","CHUBU SUISAN CO. LTD.","20260220",3165.0,-7.0,1845.26,603.22,2.89,2125.04,383.2,"JPY",107.6,69.2,"",0,2.8,3.1,0.8,1.5,"","Distribution Services","Food Distribution","",6.23,"",2025,36760.0,"",""
"8147","TOMITA CO LTD","20260220",1495.0,12.0,3796.02,1240.93,5.48,2310.29,651.7,"JPY",34.9,41.7,"",0,5.6,5.3,4.4,5.2,"","Producer Manufacturing","Industrial Distribution","",5.15,"",2025,21676.0,1512.0,1140.0
"8150","SANSHIN ELECTRONICS CO","20260220",3130.0,14.0,8770.83,2867.2,8.84,3307.52,3578.5,"JPY",3.5,71.1,"",0,9.2,8.1,13.0,6.0,"","Distribution Services","Semiconductors","",12.24,"",2025,157342.0,3275.0,1650.0
"8151","TOYO Corporation","20260220",1850.0,-1.0,1677.52,548.38,4.29,1303.39,1204.5,"JPY",-92.5,90.0,"",0,4.4,9.1,3.7,6.3,4.6,"Distribution Services","Scientific & Technical Instruments","",21.54,"",2025,32559.0,1977.0,1170.0
"8152","SOMAR CORPORATION","20260220",6260.0,21.0,28585.82,9344.76,9.16,10397.94,1848.6,"JPY",42.4,35.6,"",0,11.4,11.9,4.8,5.7,"","Process Industries","Specialty Chemicals","",1.94,"",2025,30363.0,7670.0,4735.0
"8153","MOS FOOD SERVICES INC","20260220",4235.0,-1.0,3865.59,1263.67,7.36,1751.36,3976.4,"JPY",4.8,62.9,"",0,7.7,5.9,-0.2,5.5,"","Consumer Services","Restaurants","",30.86,"",2025,96185.0,4380.0,3375.0
"8154","KAGA ELECTRONICS CO","20260220",4180.0,12.0,10370.74,3390.21,9.91,3487.58,16475.7,"JPY",28.7,43.5,"",0,10.6,14.1,22.1,17.0,"","Electronic Technology","Electronics & Computer Distribution","",47.66,"",2025,547779.0,4075.0,2183.0
"8157","TSUZUKI DENKI CO","20260220",3985.0,8.0,7499.42,2451.57,10.31,2424.77,4552.2,"JPY",-29.7,66.3,"",0,11.2,10.2,10.0,8.4,"","Technology Services","Conglomerates","",18.21,"",2025,98263.0,3880.0,1839.0
"8158","SODA NIKKA CO LTD","20260220",1184.0,6.0,1938.23,633.61,4.99,1294.26,1474.4,"JPY",146.3,33.1,"",0,4.6,6.7,5.5,3.9,"","Distribution Services","Chemicals","",22.82,"",2025,65146.0,1226.0,820.0
"8159","TACHIBANA ELETECH CO LTD.","20260220",3385.0,10.0,6988.26,2284.47,5.62,4146.31,5336.7,"JPY",46.9,48.9,"",0,5.9,10.1,10.1,6.7,"","Distribution Services","Electronic Components","",22.91,"",2025,220112.0,3245.0,1957.0
"8160","KISOJI CO LTD","20260220",2568.0,4.0,2657.9,1014.57,10.47,1077.41,3177.4,"JPY",-57.2,61.8,"",0,12.7,7.9,-2.1,6.3,"","Consumer Services","Restaurants","",28.16,"",2025,53229.0,2669.0,1957.0
"8163","SRS HLDS CO LTD","20260220",1251.0,-3.0,1076.43,403.02,11.03,398.96,1818.8,"JPY",-14.4,54.6,"",0,11.8,14.5,-4.6,21.0,"","Consumer Services","Restaurants","",41.35,"",2025,67478.0,1318.0,1030.0
"8165","SENSHUKAI CO","20260220",141.0,"","","",-27.64,287.54,-3718.3,"JPY","",0.0,"",0,-22.8,-25.8,-24.1,1.3,"","Retail Trade","Internet Retail","",46.78,"",2024,45600.0,288.0,203.0
"8167","RETAIL PARTNERS CO LTD","20260220",1398.0,14.0,3868.38,1264.58,6.54,1972.54,5535.7,"JPY",28.2,46.6,"",0,6.9,7.4,6.0,6.3,"","Retail Trade","Grocery Stores","",42.93,"",2025,266741.0,1529.0,1162.0
"8173","JOSHIN DENKI CO","20260220",2800.0,2.0,3316.29,1084.1,2.73,4044.2,2860.9,"JPY",-211.4,67.3,"",0,1.2,5.4,5.9,6.6,"","Retail Trade","Specialty Retail","",25.88,"",2025,403259.0,2801.0,1886.0
"8174","NIPPON GAS CO LTD","20260220",3028.0,3.0,2986.93,1188.93,20.62,622.08,13905.3,"JPY",-1.0,84.4,"",0,18.3,18.1,15.0,12.2,"","Utilities","Utilities - Regulated Gas","",108.42,"",2025,200057.0,3091.0,2178.0
"8179","ROYAL HOLDINGS CO","20260220",1514.0,1.0,1686.04,629.57,12.73,510.03,6396.5,"JPY",7.5,55.7,16.0,0,15.6,11.7,6.8,-22.5,"","Consumer Services","Restaurants","",98.52,"",2024,152150.0,1424.0,1154.0
"8182","Inageya Co. Ltd.","20241211",1215.0,-29.0,75.21,24.59,0.21,1180.49,116.3,"JPY",-178.0,56.7,"",0,1.4,-1.1,5.9,10.2,"","Consumer Defensive","Grocery Stores","",46.39,"",2024,261486.0,"",""
"8185","CHIYODA CO LTD","20260220",1115.0,10.0,2352.86,769.15,5.12,1532.58,2662.7,"JPY",-223.6,50.0,"",0,6.9,3.8,-3.5,-8.0,"","Retail Trade","Apparel Retail","",33.95,"",2025,91835.0,1304.0,915.0
"8190","YAMANAKA CO. LTD.","20260220",536.0,-10.0,235.84,77.1,1.57,502.19,272.4,"JPY",63.6,31.0,"",0,2.1,4.2,1.0,4.6,"","Retail Trade","Specialty Retail","",34.65,"",2025,84505.0,"",""
"8194","LIFE CORPORATION","20260220",2713.0,11.0,6014.78,2164.51,13.48,1600.03,18665.7,"JPY",39.4,41.4,"",0,13.2,15.3,13.3,17.0,"","Retail Trade","Grocery Stores","",86.52,"",2025,850495.0,2798.0,1790.0
"8198","MAXVALU TOKAI CO LTD","20260220",3815.0,11.0,8234.38,3030.87,11.72,2774.37,10364.1,"JPY",26.7,48.5,"",0,12.8,12.5,10.1,11.7,"","Retail Trade","Grocery Stores","",31.88,"",2025,377418.0,3950.0,2797.0
"8200","RINGER HUT CO LTD","20260220",2272.0,-6.0,1430.88,467.76,9.06,526.67,1235.8,"JPY",4.6,51.4,"",0,9.4,8.0,-0.4,17.9,"","Consumer Services","Restaurants","",25.91,"",2025,43794.0,2391.0,2067.0
"8202","LAOX HOLDINGS CO LTD","20260220",150.0,-19.0,29.3,9.58,0.39,251.48,89.3,"JPY",131.4,0.0,3.0,0,1.0,2.4,2.4,-5.6,"","Retail Trade","Specialty Retail","",91.42,"",2024,61517.0,186.0,138.0
"8203","MRMAX HOLDINGS LTD","20260220",813.0,15.0,2562.11,837.56,7.89,1081.82,2846.5,"JPY",-106.4,62.6,"",0,7.5,7.7,12.0,10.4,"","Retail Trade","Discount Stores","",33.33,"",2025,136568.0,915.0,586.0
"8207","TEN ALLIED CO LTD","20260220",291.0,-21.0,45.79,14.97,2.07,73.79,59.8,"JPY","",0.0,"",0,6.7,7.4,-46.0,-46.5,"","Consumer Services","Restaurants","",39.18,"",2025,11887.0,294.0,238.0
"8208","ENCHO CO LTD","20250827",1241.0,"","","",-1.51,1321.49,-136.1,"JPY","",16.7,"",0,-1.9,-0.2,0.6,4.3,"","Retail Trade","Home Improvement Retail","",6.84,"",2025,34545.0,1259.0,783.0
"8214","AOKI HOLDINGS INC","20260220",1778.0,9.0,3510.94,1147.73,6.94,1685.37,9849.4,"JPY",-85.7,74.9,"",0,7.7,6.4,5.7,1.1,"","Retail Trade","Apparel Retail","",84.16,"",2025,192688.0,1905.0,1112.0
"8215","Ginza Yamagataya Co. Ltd.","20250311",1426.0,-4.0,991.91,324.26,2.53,1307.51,57.2,"JPY",-83.5,50.0,"",0,3.0,6.7,2.9,-16.2,"","Consumer Cyclical","Apparel Manufacturing","",1.73,"",2024,3785.0,0.0,0.0
"8217","OKUWA CO LTD","20260220",885.0,6.0,1387.83,453.68,2.54,1822.79,1883.8,"JPY",4.3,67.6,"",0,2.0,2.9,3.7,5.0,"","Retail Trade","Department Stores","",40.72,"",2025,250150.0,1013.0,761.0
"8218","KOMERI CO LTD","20260220",3605.0,14.0,9999.78,3268.95,6.39,5213.02,15749.7,"JPY",15.8,49.8,"",0,6.5,6.8,8.2,9.9,"","Retail Trade","Home Improvement Retail","",47.25,"",2025,379191.0,3640.0,2657.0
"8219","AOYAMA TRADING CO","20260220",2587.0,11.0,5789.78,1892.69,5.27,3661.79,9369.8,"JPY",13.4,52.7,"",0,5.4,6.8,4.3,2.1,"","Retail Trade","Apparel Retail","",48.55,"",2025,194790.0,2773.0,1764.0
"8225","TAKACHIHO CO LTD","20260220",3840.0,22.0,16663.16,6028.28,16.35,3218.57,368.5,"JPY",5.2,47.4,"",0,16.9,31.7,45.2,-25.4,"","Retail Trade","Specialty Retail","",0.7,"",2025,8536.0,4510.0,2521.0
"8226","RIKEI CORPORATION","20260220",553.0,9.0,868.78,334.23,10.42,354.43,558.4,"JPY",-5.4,65.0,"",0,14.2,8.6,3.4,3.5,"","Distribution Services","Information Technology Services","",15.12,"",2025,18725.0,623.0,267.0
"8227","SHIMAMURA CO","20260220",3537.0,23.0,18586.39,6075.92,8.56,7238.49,42878.8,"JPY",-8.6,62.4,105.0,0,9.1,9.3,9.4,9.3,"","Retail Trade","Apparel Retail","",69.21,"",2025,666742.0,11575.0,8240.0
"8228","MARUICHI CO. LTD.","20260220",1265.0,-13.0,399.1,130.47,4.2,317.09,977.8,"JPY",104.3,24.1,"",0,1.7,9.1,6.4,6.5,"","Consumer Non-Durables","Food Distribution","",73.5,"",2025,269141.0,"",""
"8230","HASEGAWA CO LTD","20260220",336.0,17.0,1187.55,388.21,5.74,689.5,720.1,"JPY",87.4,8.5,"",0,9.0,"","",8.4,9.2,"Non-Energy Minerals","Specialty Retail","",18.19,"",2025,21228.0,340.0,288.0
"8233","高島屋","20260220",2297.0,7.0,3791.11,1239.32,8.0,1580.35,37826.5,"JPY",41.7,36.9,"",0,9.4,9.7,6.9,2.2,"","Retail Trade","Department Stores","",299.33,"",2025,498491.0,2479.0,999.3
"8237","MATSUYA CO (TOKYO)","20260220",2645.0,-9.0,1200.28,392.37,7.51,532.64,2122.9,"JPY",133.8,0.0,"",0,11.8,12.2,-3.1,-15.8,"","Retail Trade","Department Stores","",53.06,"",2025,48120.0,2394.0,890.0
"8242","H2O RETAILING CORP","20260220",2488.0,10.0,5207.28,1702.27,6.82,2546.95,20494.1,"JPY",-95.0,55.2,"",0,7.2,11.0,3.5,-1.5,"","Retail Trade","Grocery Stores","",118.07,"",2025,681759.0,2485.0,1752.0
"8244","KINTETSU DEPARTMENT STORE","20260220",1815.0,5.0,2735.88,894.36,9.21,990.12,3553.0,"JPY",-28.0,56.9,"",0,10.1,8.4,6.0,-0.9,"","Retail Trade","Department Stores","",38.96,"",2025,115107.0,2307.0,1718.0
"8247","DAIWA CO LTD","20260220",400.0,7.0,679.68,222.19,2.39,949.73,127.1,"JPY",102.9,0.0,"",0,3.2,13.1,2.0,-9.1,"","Retail Trade","Department Stores","",5.61,"",2025,16434.0,495.0,377.0
"8252","丸井","20260220",3130.0,5.0,4618.29,1509.73,11.26,1366.98,27719.0,"JPY",-26.4,87.4,"",0,10.7,10.4,9.6,9.3,"","Finance","Credit Services","",180.06,"",2025,254392.0,3367.0,2551.0
"8253","Credit Saison","20260220",4643.0,15.0,11299.62,3969.21,9.69,4859.71,68388.6,"JPY",75.0,27.2,"",0,9.7,11.2,6.6,6.5,"","Finance","Credit Services","",145.21,"",2025,492235.0,4679.0,2781.0
"8254","Saikaya Co., Ltd.","20260220",377.0,7.0,632.84,206.88,12.69,159.8,100.4,"JPY",153.2,0.0,"",0,20.9,16.1,21.1,-45.1,"","Retail Trade","Department Stores","",4.95,"",2025,4632.0,655.0,361.0
"8255","AXIAL RETAILING INC","20260220",1275.0,12.0,2428.23,923.54,10.4,1007.95,9289.1,"JPY",4.2,59.9,"",0,11.0,11.4,10.4,10.7,"","Retail Trade","Department Stores","",88.59,"",2025,281870.0,1316.0,915.0
"8260","IZUTSUYA CO LTD","20260220",504.0,22.0,2514.12,821.87,7.82,1071.94,931.9,"JPY",-83.5,52.8,"",0,9.1,9.6,11.3,14.2,"","Retail Trade","Department Stores","",11.12,"",2025,22158.0,519.0,370.0
"8267","永旺","20260220",2295.0,-9.0,1113.82,364.11,9.13,406.71,95902.1,"JPY",21.2,66.4,"",0,8.5,10.1,5.9,5.2,"","Retail Trade","Department Stores","",2583.05,"",2025,10134877.0,2920.0,1210.3334
"8273","IZUMI CO LTD","20260220",3110.0,13.0,8312.88,2717.49,6.86,4040.79,19579.6,"JPY",-0.4,63.3,"",0,6.1,8.8,9.4,10.2,"","Retail Trade","Department Stores","",70.66,"",2025,524142.0,3468.0,2824.5
"8275","FORVAL CORP","20260220",1116.0,7.0,1946.59,734.54,11.89,671.59,2086.1,"JPY",30.0,58.6,"",0,12.7,12.4,10.8,11.3,"","Distribution Services","Information Technology Services","",26.12,"",2025,72629.0,1573.0,1127.0
"8276","HEIWADO CO LTD","20260220",3000.0,9.0,6067.15,1983.36,5.27,3836.55,10010.8,"JPY",-16.1,62.7,"",0,5.4,5.9,5.0,7.1,"","Retail Trade","Department Stores","",49.5,"",2025,444898.0,3125.0,2400.0
"8278","FUJI CO(TOKYO)","20260220",2146.0,7.0,3716.09,1214.8,4.93,2513.05,10733.3,"JPY",294.5,11.2,"",0,4.9,6.5,10.1,8.2,"","Retail Trade","Department Stores","",86.65,"",2025,808926.0,2262.0,1924.0
"8279","YAOKO CO LTD","20250926",9644.0,6.0,15553.58,5668.94,12.97,4447.54,23492.2,"JPY",26.8,46.1,"",0,14.1,15.0,14.0,14.0,"","Retail Trade","Grocery Stores","",40.72,"",2025,736400.0,10290.0,8222.0
"8281","XEBIO HOLDINGS CO LTD","20260220",1111.0,17.0,3967.91,1297.12,4.5,2940.78,5474.4,"JPY",50.7,36.8,"",0,4.4,2.8,4.9,4.7,"","Retail Trade","Specialty Retail","",41.39,"",2025,250603.0,1363.0,1021.0
"8282","Ks Holdings Corp.","20260220",1675.5,12.0,4018.79,1313.75,8.35,1604.25,20980.8,"JPY",-56.6,77.5,"",0,7.8,5.7,9.1,12.1,"","Retail Trade","Specialty Retail","",156.62,"",2025,738019.0,1689.5,1231.0
"8283","PALTAC CORP","20260220",4915.0,10.0,10635.81,3476.87,7.55,4695.85,21718.3,"JPY","",24.4,"",0,7.9,"","","","","Distribution Services","Household & Personal Products","",61.26,"",2025,1188097.0,5065.0,3449.0
"8285","MITANI SANGYO CO","20260220",705.0,4.0,966.29,315.88,4.19,769.5,1983.2,"JPY",212.6,37.3,"",0,3.2,3.2,2.3,3.3,"","Distribution Services","Conglomerates","",61.57,"",2025,103072.0,764.0,286.0
"8289","OLYMPIC GROUP CORP","20260220",459.0,"","","",-2.68,1095.08,-675.3,"JPY","",68.6,"",0,-1.4,0.7,1.2,5.2,"","Retail Trade","Specialty Retail","",22.97,"",2025,98637.0,473.0,382.0
"8291","NISSAN TOKYO SALES HLDG","20260220",536.0,19.0,2151.84,703.44,7.53,952.64,4265.0,"JPY",54.3,35.8,"",0,8.8,7.7,8.2,5.4,"","Retail Trade","Auto & Truck Dealerships","",59.46,"",2025,141605.0,557.0,428.0
"8304","青空銀行","20260220",2877.5,6.0,4715.65,1541.55,4.82,3262.16,21751.7,"JPY","",24.7,"",0,4.9,-11.8,1.8,7.1,"","Finance","Banks - Regional","",138.38,"",2025,161104.0,2925.5,1671.0
"8306","三菱UFJ金融集團","20260220",2942.0,3.0,3851.01,1258.9,7.98,1608.37,1459402.4,"JPY",6.2,72.5,"",0,8.3,8.7,2.7,-0.3,"","Finance","Major Banks","",11368.97,"",2025,8265574.0,3087.0,1310.0
"8308","理索納控股","20260220",1980.5,5.0,2886.73,943.68,8.0,1202.47,218403.2,"JPY",-6.0,66.0,"",0,7.9,6.4,6.7,5.0,"","Finance","Banks - Regional","",2269.73,"",2025,617156.0,2189.5,844.6
"8309","三井住友信託控股","20260220",5484.0,9.0,10977.45,3588.55,8.29,4412.58,256813.9,"JPY",-0.7,69.0,"",0,8.7,3.1,7.5,6.3,"","Finance","Banks - Regional","",701.84,"",2025,1159916.0,5790.0,2828.0
"8316","三井住友金融集團","20260220",6209.0,-2.0,5469.88,1788.11,4.28,4256.38,699890.8,"JPY",-20.5,73.5,"",0,3.3,6.7,9.6,5.0,"","Finance","Major Banks","",3838.61,"",2025,6716741.0,6284.0,2560.5
"8331","千葉銀行","20260220",2383.5,4.0,3243.38,1060.27,6.68,1618.55,76494.1,"JPY",0.4,66.7,"",0,6.3,5.9,5.7,5.2,"","Finance","Banks - Regional","",707.54,"",2025,238880.0,2445.0,1000.5
"8334","GUNMA BANK","20260220",2205.5,6.0,3569.07,1166.73,8.0,1487.32,45028.6,"JPY",-1.1,69.3,"",0,7.7,6.2,5.4,5.1,"","Finance","Banks - Regional","",378.49,"",2025,132405.0,2332.5,957.0
"8336","MUSASHINO BANK","20260220",6340.0,9.0,12253.03,4005.54,5.04,8106.69,13498.8,"JPY",-7.0,64.8,"",0,4.8,4.4,4.4,3.6,"","Finance","Banks - Regional","",33.05,"",2025,52187.0,6430.0,2450.0
"8337","CHIBA KOGYO BANK","20260220",2386.0,8.0,4372.78,1429.47,4.92,2963.8,8368.1,"JPY",5.2,50.9,"",0,4.4,4.9,3.9,4.0,"","Finance","Banks - Regional","",57.41,"",2025,30929.0,2437.0,898.0
"8338","TSUKUBA BANK LTD","20260220",715.0,13.0,1916.91,626.64,5.74,1113.28,5265.8,"JPY",-12.7,59.6,"",0,4.3,2.4,2.0,4.4,"","Finance","Banks - Regional","",82.41,"",2025,28257.0,735.0,182.0
"8341","77TH BANK","20260220",9828.0,6.0,15926.16,5206.29,6.88,7717.41,39481.0,"JPY",-1.5,63.1,"",0,6.5,5.9,5.0,4.4,"","Finance","Banks - Regional","",74.37,"",2025,110600.0,9962.0,3343.0
"8343","AKITA BANK","20260220",5550.0,9.0,11002.98,3596.89,4.17,8793.98,6521.1,"JPY",-7.3,67.4,"",0,3.3,3.1,2.1,1.9,"","Finance","Banks - Regional","",17.78,"",2025,29430.0,5730.0,1950.0
"8344","YAMAGATA BANK","20260220",2688.0,6.0,4239.59,1385.93,3.27,4324.16,4438.9,"JPY",19.0,56.4,"",0,3.1,1.6,2.3,2.2,"","Finance","Banks - Regional","",31.41,"",2025,31044.0,2794.0,1082.0
"8345","BANK OF IWATE LTD","20260220",6860.0,7.0,12137.3,3967.7,3.78,10711.02,6974.9,"JPY",-10.1,64.7,"",0,3.5,2.4,2.7,2.4,"","Finance","Banks - Regional","",17.24,"",2025,34084.0,7130.0,2371.0
"8346","TOHO BANK","20260220",714.0,5.0,1030.48,336.87,4.35,789.29,8583.6,"JPY",43.7,43.6,"",0,3.8,3.0,2.4,3.7,"","Finance","Banks - Regional","",249.89,"",2025,42852.0,768.0,288.0
"8349","TOHOKU BANK","20260220",1692.0,15.0,5050.21,1650.92,4.5,3739.53,1592.5,"JPY",0.2,64.9,"",0,3.4,3.9,4.6,4.0,"","Finance","Banks - Regional","",9.46,"",2025,10255.0,1703.0,905.0
"8354","福岡金融集團股份","20260220",6807.0,7.0,11225.66,3669.69,7.61,4917.09,70710.5,"JPY",5.1,74.2,"",0,7.2,4.5,3.8,5.6,"","Finance","Banks - Regional","",188.97,"",2025,355570.0,7334.0,2917.0
"8358","SURUGA BANK","20260220",2148.0,7.0,3680.25,1203.08,7.26,1689.17,21475.5,"JPY",-8.7,58.0,"",0,7.3,5.9,4.3,3.0,"","Finance","Banks - Regional","",175.06,"",2025,68425.0,2201.0,1048.0
"8359","HACHIJUNI BANK","20260220",2091.5,7.0,3506.21,1146.19,5.53,2114.72,53250.0,"JPY",3.3,67.1,"",0,4.3,2.3,2.8,3.0,"","Finance","Banks - Regional","",455.62,"",2025,148962.0,2187.5,783.4
"8360","YAMANASHI CHUO BANK","20260220",5420.0,5.0,7736.53,2529.08,3.71,6942.35,7904.2,"JPY",-1.4,68.9,"",0,3.5,3.0,2.4,2.1,"","Finance","Banks - Regional","",30.65,"",2025,36701.0,5720.0,1537.0
"8361","OGAKI KYORITSU BANK","20260220",6490.0,7.0,11304.39,3695.43,4.93,7649.5,15690.5,"JPY",7.7,60.5,"",0,4.5,3.5,1.7,3.4,"","Finance","Banks - Regional","",41.64,"",2025,54018.0,6660.0,1825.0
"8362","FUKUI BANK","20260220",3420.0,11.0,7857.51,2568.63,4.54,5771.39,6189.1,"JPY",-10.8,79.7,"",0,5.3,3.1,1.5,0.4,"","Finance","Banks - Regional","",23.63,"",2025,38324.0,3515.0,1371.0
"8364","SHIMIZU BANK","20260220",2850.0,9.0,5483.63,1792.61,2.88,6340.88,2065.5,"JPY",55.2,34.2,"",0,2.4,-4.2,1.8,3.4,"","Finance","Banks - Regional","",11.3,"",2025,15843.0,2935.0,1200.0
"8365","TOYAMA BANK","20260220",2578.0,10.0,5705.34,1865.08,3.57,5326.97,1015.6,"JPY",-4.9,71.1,"",0,3.1,2.2,3.2,1.0,"","Finance","Banks - Regional","",5.34,"",2025,5698.0,2656.0,1399.0
"8366","SHIGA BANK","20260220",8790.0,-1.0,8277.36,2705.88,2.87,9611.28,12769.2,"JPY",6.0,58.8,"",0,2.4,3.6,3.2,3.7,"","Finance","Banks - Regional","",46.28,"",2025,86633.0,9210.0,4145.0
"8367","NANTO BANK","20260220",7490.0,8.0,13379.89,4373.91,5.04,8844.16,14008.8,"JPY",27.5,47.2,"",0,4.6,4.6,1.7,4.1,"","Finance","Banks - Regional","",31.41,"",2025,66885.0,7730.0,2960.0
"8368","HYAKUGO BANK","20260220",1557.0,4.0,2170.77,709.63,4.03,1794.4,17559.4,"JPY",-1.0,61.3,"",0,3.6,3.7,3.6,3.4,"","Finance","Banks - Regional","",242.67,"",2025,81776.0,1640.0,550.0
"8370","KIYO BANK LTD","20260220",4270.0,9.0,8612.43,2815.42,7.84,3662.86,18433.5,"JPY",3.0,60.4,"",0,7.5,6.8,1.7,6.3,"","Finance","Banks - Regional","",64.21,"",2025,59132.0,4360.0,1861.0
"8377","HOKUHOKU FINANCIAL GROUP INC","20260220",6231.0,7.0,10444.31,3414.26,6.46,5385.67,42299.5,"JPY",14.8,63.9,"",0,5.5,3.3,3.5,2.7,"","Finance","Banks - Regional","",121.5,"",2025,137794.0,6477.0,1831.0
"8381","SAN-IN GODO BANK","20260220",1764.0,11.0,4066.32,1329.29,6.56,2065.16,20505.1,"JPY",4.2,65.2,"",0,5.9,5.4,4.3,4.0,"","Finance","Banks - Regional","",151.28,"",2025,92533.0,1813.0,980.0
"8383","TOTTORI BANK","20260220",1925.0,11.0,4570.03,1493.95,2.97,5127.03,1425.9,"JPY",-6.2,71.7,"",0,2.6,2.3,2.2,0.3,"","Finance","Banks - Regional","",9.36,"",2025,11073.0,2025.0,1061.0
"8386","HYAKUJUSHI BANK","20260220",9500.0,6.0,15224.76,4977.0,4.39,11554.8,14417.9,"JPY",1.0,61.3,"",0,4.2,3.5,3.2,4.0,"","Finance","Banks - Regional","",28.41,"",2025,56019.0,10390.0,2553.0
"8387","SHIKOKU BANK","20260220",2408.0,10.0,5014.67,1639.3,4.36,3833.96,6978.8,"JPY",-6.2,61.3,"",0,4.2,4.9,3.6,5.3,"","Finance","Banks - Regional","",41.75,"",2025,40462.0,2462.0,935.0
"8388","AWA BANK","20260220",5810.0,8.0,10453.95,3417.41,4.13,8441.93,13795.7,"JPY",1.5,58.7,"",0,4.0,4.2,3.8,3.8,"","Finance","Banks - Regional","",39.59,"",2025,46127.0,6040.0,2227.0
"8392","OITA BANK","20260220",9670.0,6.0,15125.84,4944.67,3.65,13816.3,7608.3,"JPY",-0.1,61.1,"",0,3.5,3.6,2.9,2.8,"","Finance","Banks - Regional","",15.09,"",2025,49989.0,10250.0,2634.0
"8393","MIYAZAKI BANK","20260220",9480.0,8.0,17731.23,5796.37,5.25,11247.81,9965.0,"JPY",-0.3,61.5,"",0,5.1,4.4,5.1,4.7,"","Finance","Banks - Regional","",16.86,"",2025,54617.0,9640.0,2481.0
"8395","BANK OF SAGA","20260220",5080.0,14.0,14495.81,4738.71,7.02,6886.04,8166.0,"JPY",9.5,56.6,"",0,6.4,5.7,4.5,3.4,"","Finance","Banks - Regional","",16.9,"",2025,32059.0,5280.0,1681.0
"8398","CHIKUHO BANK","20260220",1980.0,-1.0,1800.98,588.74,3.2,1878.51,1014.0,"JPY",2.0,74.2,"",0,2.6,3.3,1.7,1.4,"","Finance","Banks - Regional","",16.89,"",2025,9502.0,2053.0,1250.0
"8399","BANK OF RYUKYUS","20260220",2462.0,9.0,4995.1,1632.91,4.88,3409.68,6828.3,"JPY",96.3,22.6,"",0,4.0,4.1,4.4,3.9,"","Finance","Banks - Regional","",41.01,"",2025,31349.0,2581.0,831.0
"8410","SEVEN BANK LTD","20260220",295.7,9.0,580.3,189.7,6.81,284.06,18878.5,"JPY",26.4,69.0,"",0,7.0,6.7,8.3,9.1,"","Finance","Banks - Regional","",975.97,"",2025,11089.0,316.6,233.4
"8411","瑞穗金融集團","20260220",7175.0,5.0,10417.12,3405.37,8.25,4209.01,861468.0,"JPY",1.0,68.8,"",0,8.7,7.3,6.2,6.4,"","Finance","Banks - Regional","",2480.92,"",2025,6000202.0,7960.0,2688.5
"8416","BANK OF KOCHI LTD (THE)","20260220",1315.0,6.0,2099.11,686.2,1.4,5000.2,709.5,"JPY",9.5,53.1,"",0,1.5,1.7,2.3,2.3,"","Finance","Banks - Regional","",10.14,"",2025,13713.0,1483.0,646.0
"8418","YAMAGUCHI FINANCIAL GROUP INC","20260220",2730.0,7.0,4693.34,1534.26,5.32,2941.06,32928.5,"JPY",-2.6,78.4,"",0,5.4,4.2,2.7,-2.3,"","Finance","Banks - Regional","",210.48,"",2025,149158.0,2870.5,1301.0
"8421","SHINKIN CENTRAL BANK NON-CUM PRF JPY100000","20260220",199200.0,-4.0,140827.1,46036.63,2.73,172011.71,40886.8,"JPY",3.7,90.0,"",0,2.8,2.4,1.7,2.1,"","Finance","Banks - Regional","",8.71,"",2025,399819.0,222500.0,183000.0
"8424","FUYO GENERAL LEASE CO LTD","20260220",4583.0,13.0,12334.09,4032.04,7.8,5272.31,37084.5,"JPY",-384.5,62.7,"",0,10.5,13.3,12.2,11.1,"","Finance","Rental & Leasing Services","",90.2,"",2025,678395.0,4597.0,3375.0
"8425","MIZUHO LEASING COMPANY LTD","20260220",1509.0,12.0,3679.77,1274.17,10.62,1366.49,40675.5,"JPY",611.5,22.5,"",0,13.7,13.3,13.0,7.4,"","Finance","Credit Services","",280.19,"",2025,695423.0,1528.0,886.0
"8439","TOKYO CENTURY CORPORATION","20260220",2237.5,9.0,4338.96,1418.41,6.85,2111.78,70690.4,"JPY",365.5,20.9,"",0,8.2,9.4,11.2,9.0,"","Finance","Rental & Leasing Services","",488.76,"",2025,1368635.0,2266.5,1261.5
"8462","Future Venture Capital Co. Ltd.","20241011",985.0,"","","",-5.74,526.15,-262.1,"JPY",78.0,11.0,"",0,-17.2,30.4,5.1,0.8,"","Financial Services","Asset Management","",8.68,"",2024,509.0,"",""
"8473","SBI HOLDINGS INC","20260220",3355.0,21.0,12927.07,4938.83,21.78,1913.34,274796.8,"JPY",-140.0,74.2,"",0,13.3,8.4,3.9,21.4,"","Finance","Financial Conglomerates","",659.27,"",2025,1443733.0,3866.0,1542.0
"8508","J TRUST CO. LTD","20260220",520.0,10.0,1110.62,363.06,3.13,1181.15,4929.3,"JPY",43.7,47.0,17.0,0,3.9,4.3,2.2,2.7,"","Finance","Financial Conglomerates","",133.15,"",2024,128170.0,506.0,323.0
"8511","JAPAN SECURITIES FINANCE CO","20260220",2269.0,4.0,3167.1,1035.33,6.44,1639.57,8650.4,"JPY",-1255.2,90.0,"",0,5.9,5.9,3.8,3.8,"","Finance","Credit Services","",81.94,"",2025,59486.0,2247.0,1456.0
"8515","AIFUL CORP","20260220",503.0,16.0,1536.37,536.34,12.14,454.95,26448.6,"JPY",47.3,27.4,"",0,12.7,12.7,14.8,8.5,"","Finance","Credit Services","",479.0,"",2025,189054.0,595.0,288.0
"8518","JAPAN ASIA INVESTMENT","20260220",192.0,"","","",-3.89,306.93,-264.9,"JPY","",0.0,"",0,-2.9,-22.3,-3.8,-11.0,"","Finance","Asset Management","",22.21,"",2025,3092.0,315.0,167.0
"8522","BANK OF NAGOYA","20260220",5510.0,7.0,9413.41,3077.26,5.58,5620.53,15438.0,"JPY",9.4,65.8,"",0,4.9,4.1,3.2,4.5,"","Finance","Banks - Regional","",49.2,"",2025,50777.0,6160.0,1813.3334
"8524","NORTH PACIFIC BANK LIMITED","20260220",1048.0,6.0,1688.43,551.95,5.57,1010.57,21189.9,"JPY",20.8,55.3,"",0,4.7,3.2,2.6,2.8,"","Finance","Banks - Regional","",376.5,"",2025,86527.0,1031.0,356.0
"8537","TAIKO BANK","20260220",2894.0,14.0,8042.39,2629.07,3.41,7867.79,2554.8,"JPY",-14.8,63.2,"",0,3.4,3.2,2.2,2.2,"","Finance","Banks - Regional","",9.53,"",2025,17088.0,2716.0,1120.0
"8541","EHIME BANK","20260220",1908.0,12.0,4810.71,1572.63,4.63,3466.96,6265.2,"JPY",-3.9,60.7,"",0,4.2,4.5,4.0,4.1,"","Finance","Banks - Regional","",39.07,"",2025,51452.0,2020.0,874.0
"8542","TOMATO BANK","20260220",1774.0,14.0,4923.87,1609.62,3.39,4840.55,1894.1,"JPY",-8.4,67.5,"",0,3.2,2.8,3.5,3.2,"","Finance","Banks - Regional","",11.54,"",2025,14321.0,1876.0,1020.0
"8544","KEIYO BANK","20260220",2151.0,5.0,3114.11,1018.01,4.13,2515.15,12545.7,"JPY",-6.9,62.8,"",0,4.0,3.7,3.6,3.8,"","Finance","Banks - Regional","",120.86,"",2025,54106.0,2315.0,643.0
"8550","TOCHIGI BANK","20260220",1002.0,"","","",-8.99,1454.81,-13613.4,"JPY","",10.9,"",0,-14.9,1.9,2.2,2.8,"","Finance","Banks - Regional","",104.13,"",2025,27089.0,1082.0,235.0
"8551","KITA-NIPPON BANK","20260220",5210.0,12.0,13241.52,4328.68,4.24,10404.21,3667.9,"JPY",1.8,59.5,"",0,4.8,4.3,3.5,2.8,"","Finance","Banks - Regional","",8.31,"",2025,18296.0,5440.0,2438.0
"8554","MINAMI-NIPPON BANK","20260220",1421.0,25.0,8419.49,2752.35,5.72,4904.93,2332.2,"JPY",-5.0,56.2,"",0,5.3,4.3,2.9,5.5,"","Finance","Banks - Regional","",8.31,"",2025,12972.0,1385.0,711.0
"8558","TOWA BANK","20260220",1234.0,17.0,4348.18,1421.43,5.67,2557.56,5136.7,"JPY",7.5,59.3,"",0,4.0,3.0,3.3,1.5,"","Finance","Banks - Regional","",35.44,"",2025,23692.0,1267.0,490.0
"8560","MIYAZAKI TAIYO BANK","20260220",2739.0,-9.0,1277.5,417.62,3.51,1214.54,1517.3,"JPY",10.1,52.8,"",0,2.9,4.4,2.9,3.5,"","Finance","Banks - Regional","",35.63,"",2025,10144.0,2510.0,1102.0
"8562","FUKUSHIMA BANK","20260220",419.0,"","","",-0.15,685.69,-34.7,"JPY",6.9,54.6,"",0,-4.1,3.6,3.2,2.9,"","Finance","Banks - Regional","",34.87,"",2025,8015.0,449.0,179.0
"8563","DAITO BANK","20260220",1180.0,14.0,3260.22,1065.77,4.32,2512.94,1376.9,"JPY",0.0,64.8,"",0,3.5,3.5,3.3,3.9,"","Finance","Banks - Regional","",12.67,"",2025,9292.0,1164.0,582.0
"8566","RICOH LEASING CO","20260220",6160.0,12.0,14737.13,4817.6,6.47,7594.74,15140.0,"JPY",187.0,24.7,"",0,6.9,7.8,7.4,7.0,"","Finance","Credit Services","",30.82,"",2025,312156.0,6350.0,4705.0
"8570","AEON FINANCIAL SERVICE CO LIMITED","20260220",1785.0,7.0,3084.61,1008.36,4.77,2154.07,22196.9,"JPY",4.5,65.7,"",0,4.4,5.2,7.5,7.5,"","Finance","Credit Services","",215.88,"",2025,200780.0,1827.0,1070.0
"8572","ACOM CO","20260220",508.0,7.0,887.72,290.2,7.09,417.18,46357.2,"JPY",-9.5,63.6,"",0,5.2,9.1,10.8,11.8,"","Finance","Credit Services","",1566.61,"",2025,317742.0,539.9,323.7
"8584","JACCS CO LTD","20260220",4290.0,13.0,11336.83,3706.03,6.81,5549.58,16914.6,"JPY",5.4,62.7,"",0,7.8,11.0,11.4,10.7,"","Finance","Credit Services","",44.76,"",2025,190978.0,4465.0,3095.0
"8585","ORIENT CORP","20260220",1135.0,5.0,1641.95,536.76,3.91,1398.06,9369.5,"JPY",177.2,24.4,"",0,1.3,4.7,8.5,7.3,"","Finance","Credit Services","",171.19,"",2025,245270.0,1173.0,654.0
"8591","ORIX CORPORATION","20260220",5410.0,6.0,8391.29,2743.13,7.61,3677.4,311076.4,"JPY",93.0,34.5,"",0,7.6,7.8,8.1,6.1,"","Finance","Financial Conglomerates","",1112.14,"",2025,2874821.0,5648.0,2559.0
"8593","MITSUBISHI HC CAPITAL INC","20260220",1503.5,8.0,2704.91,884.24,7.23,1247.43,129452.7,"JPY",-610.5,74.6,"",0,7.8,7.0,8.3,8.6,"","Finance","Credit Services","",1435.75,"",2025,2090808.0,1485.0,870.6
"8594","NAKAMICHI LEASING CO","20260220",740.0,26.0,4384.9,1484.41,10.5,1610.71,1263.4,"JPY",82.9,13.6,"",0,12.1,9.0,6.8,6.0,"","Finance","Credit Services","",7.47,"",2024,49540.0,800.0,491.0
"8595","JAFCO GROUP CO LTD","20260220",2435.0,8.0,4332.99,1416.46,5.39,2680.46,7604.4,"JPY","",25.7,"",0,6.9,5.6,-11.7,6.8,"","Finance","Asset Management","",52.65,"",2025,29685.0,2665.0,1897.0
"8596","KYUSHU LEASING SERVICE","20260220",1512.0,15.0,4482.22,1465.25,7.95,1879.17,3378.1,"JPY",53.0,32.9,"",0,8.9,8.2,8.1,7.0,"","Finance","Rental & Leasing Services","",22.61,"",2025,39338.0,1534.0,840.0
"8600","TOMONY HOLDINGS INC","20260220",976.0,11.0,2291.08,748.96,5.24,1458.47,14746.2,"JPY",5.3,53.0,"",0,5.9,5.8,5.8,5.5,"","Finance","Banks - Regional","",193.09,"",2025,71496.0,992.0,431.0
"8601","大和證券","20260220",1691.5,7.0,2991.12,977.8,8.36,1192.48,137629.6,"JPY",10.6,78.1,"",0,10.5,8.2,3.9,6.6,"","Finance","Investment Banks/Brokers","",1380.38,"",2025,1372014.0,1686.5,773.0
"8604","野村控股","20260220",1437.0,10.0,3141.86,1027.08,8.85,1183.21,307215.9,"JPY",9.8,72.6,"",0,10.2,5.3,3.2,7.7,"","Finance","Investment Banks/Brokers","",2933.45,"",2025,1892485.0,1506.5,672.0
"8609","OKASAN SECURITIES GROUP INC","20260220",956.0,8.0,1754.05,573.4,5.62,1040.74,11698.4,"JPY",-2.6,73.6,"",0,5.2,7.5,-1.2,1.0,"","Finance","Capital Markets","",200.08,"",2025,79874.0,986.0,530.0
"8613","MARUSAN SECURITIES","20260220",1081.0,0.0,1091.02,356.66,4.91,740.38,2407.2,"JPY",2.6,82.3,"",0,4.8,6.4,1.1,5.4,"","Finance","Capital Markets","",66.19,"",2025,18800.0,1108.0,735.0
"8614","TOYO SECURITIES CO","20260220",767.0,-6.0,467.54,152.84,3.51,443.49,1058.5,"JPY",-43.8,90.0,"",0,1.9,3.6,-4.6,1.0,"","Finance","Capital Markets","",67.92,"",2025,11110.0,779.0,405.0
"8616","TOKAI TOKYO FINANCIAL HLDG INC","20260220",773.0,5.0,1138.05,372.03,5.25,722.35,9553.6,"JPY",0.2,85.8,"",0,5.1,6.0,1.3,5.0,"","Finance","Capital Markets","",251.84,"",2025,83167.0,779.0,395.0
"8617","KOSEI SECURITIES","20260220",570.0,"","","",-1.69,1663.7,-266.0,"JPY","",0.0,"",0,-2.8,2.4,-2.5,-1.3,"","Finance","Capital Markets","",9.45,"",2025,551.0,603.0,350.0
"8622","MITO SECURITIES CO","20260220",630.0,3.0,779.76,254.9,3.91,663.97,1569.7,"JPY",-34.1,50.0,"",0,3.6,5.9,"","","","Finance","Capital Markets","",60.39,"",2025,13930.0,643.0,420.0
"8624","ICHIYOSHI SECURITIES","20260220",1317.0,5.0,1925.95,629.6,7.49,856.58,2058.2,"JPY",-4.9,90.0,"",0,5.5,6.8,2.5,8.2,"","Finance","Asset Management","",32.06,"",2025,18763.0,1412.0,593.0
"8630","NKSJ控股","20260220",5904.0,6.0,9036.22,2953.96,6.57,4582.17,276427.2,"JPY",21.2,54.6,"",0,8.5,26.2,8.0,11.9,"","Finance","Insurance - Property & Casualty","",917.73,"",2025,0.0,6057.0,3716.0
"8697","日本交易所集團","20260220",1877.0,0.0,1511.89,595.12,18.75,331.58,63906.7,"JPY",-17.3,80.2,"",0,18.6,19.4,14.7,15.5,"","Finance","Financial Data & Stock Exchanges","",1027.89,"",2025,162230.0,1884.0,1384.5
"8698","MONEX GROUP INC","20260220",718.0,"","","",-1.49,493.19,-1845.7,"JPY",-22.3,70.4,"",0,-3.8,15.8,4.9,10.9,"","Finance","Capital Markets","",251.39,"",2025,69947.0,905.0,557.0
"8699","HS HOLDINGS CO LTD","20260220",1300.0,36.0,11248.64,4154.96,14.05,2869.57,12132.3,"JPY",-23.8,53.1,"",0,17.1,16.7,11.6,11.3,"","Finance","Capital Markets","",30.1,"",2025,37114.0,1339.0,825.0
"8700","MARUHACHI SECURITIES CO LTD","20260220",1787.0,9.0,3562.03,1164.43,6.24,1903.01,473.8,"JPY",2.9,79.3,"",0,5.0,7.1,1.0,4.0,"","Finance","Capital Markets","",3.99,"",2025,3078.0,1805.0,1420.0
"8704","TRADERS HOLDINGS","20260220",1102.0,23.0,4982.06,1818.99,21.92,655.78,3817.0,"JPY",1.0,56.9,"",0,32.3,28.1,35.9,29.7,"","Finance","Capital Markets","",26.55,"",2025,13389.0,1215.0,681.0
"8705","NISSAN SECURITIES GP CO LTD","20260220",295.0,2.0,338.9,110.79,4.77,236.72,572.9,"JPY",2.8,90.0,"",0,4.1,7.0,2.0,0.6,"","Finance","Capital Markets","",50.71,"",2025,7324.0,230.0,151.0
"8706","KYOKUTO SECURITIES CO.LTD","20260220",1797.0,-3.0,1377.13,450.19,2.84,1617.84,1464.4,"JPY",-0.2,90.0,"",0,2.6,3.8,-0.1,1.9,"","Finance","Capital Markets","",31.9,"",2025,7909.0,1800.0,1123.0
"8707","IWAICOSMO HOLDINGS INC","20260220",3945.0,10.0,8724.62,2852.09,10.09,2882.08,6831.4,"JPY",-0.3,75.1,"",0,10.1,9.8,6.3,7.1,"","Finance","Capital Markets","",23.49,"",2025,25518.0,3895.0,1800.0
"8708","AIZAWA SECURITIES GROUP CO LTD","20260220",1479.0,-13.0,497.53,162.64,1.16,1430.63,516.6,"JPY","",0.0,"",0,2.0,1.2,-4.3,-0.6,"","Finance","Capital Markets","",31.15,"",2025,20023.0,1714.0,1120.0
"8713","FIDEA HOLDINGS CO LTD","20260220",2184.0,14.0,6034.28,1972.62,4.7,4283.64,3626.6,"JPY",-34.2,68.1,"",0,3.4,1.6,3.4,3.5,"","Finance","Banks - Regional","",18.03,"",2025,31421.0,2296.0,1221.0
"8714","SENSHU IKEDA HOLDINGS INC","20260220",937.0,6.0,1456.93,476.27,5.7,852.75,13517.9,"JPY",-0.1,64.3,"",0,5.5,5.0,4.0,4.7,"","Finance","Banks - Regional","",278.35,"",2025,51826.0,958.0,338.0
"8715","ANICOM HOLDINGS INC","20260220",1178.0,-2.0,1031.21,370.81,10.79,381.14,3028.6,"JPY",37.0,37.9,"",0,12.4,9.9,9.3,9.1,"","Finance","Insurance - Property & Casualty","",73.64,"",2025,0.0,1109.0,433.0
"8725","MS&AD保險集團控股","20260220",4320.0,14.0,11688.94,4430.54,15.85,2673.82,634154.8,"JPY",-1.6,65.4,"",0,16.0,15.5,10.0,11.4,"","Finance","Insurance - Property & Casualty","",1496.22,"",2025,0.0,4283.0,2501.0
"8732","Money Partners Group Co. Ltd.","20250224",473.0,5.0,679.66,222.18,5.23,432.85,722.7,"JPY",-13.2,66.9,"",0,5.3,7.2,5.7,-2.1,"","Financial Services","Capital Markets","",31.9,"",2024,5626.0,0.0,0.0
"8737","AKATSUKI CORP","20260220",753.0,17.0,2269.87,897.28,15.52,590.42,2774.5,"JPY",6.8,80.6,"",0,16.4,18.0,5.4,5.9,"","Finance","Asset Management","",30.27,"",2025,56483.0,672.0,400.0
"8739","SPARX GROUP CO.LTD","20260220",2062.0,8.0,3778.83,1364.14,15.77,847.85,5284.7,"JPY",74.5,44.8,"",0,16.2,20.3,17.2,17.0,"","Finance","Asset Management","",39.52,"",2025,17961.0,2074.0,1224.0
"8742","KOBAYASHI YOKO CO","20260220",488.0,-3.0,377.47,123.4,1.6,784.5,156.7,"JPY",149.9,9.0,"",0,1.9,3.9,2.1,-1.2,"","Finance","Capital Markets","",12.45,"",2025,4680.0,537.0,250.0
"8746","UNBANKED INC","20260220",347.0,-9.0,158.87,51.93,1.08,488.17,60.0,"JPY","",0.0,"",0,1.2,-0.6,-10.8,-9.5,"","Finance","Capital Markets","",11.33,"",2025,9489.0,721.0,202.0
"8747","YUTAKA TRUSTY SECURITIES CO LTD","20260220",3060.0,18.0,9997.01,3786.59,15.16,2425.13,2091.8,"JPY",-2.2,64.3,"",0,11.2,12.3,10.1,10.5,"","Finance","Capital Markets","",5.69,"",2025,7624.0,3250.0,1240.0
"8750","第一生命保險","20260220",1562.0,16.0,4632.64,1705.68,16.34,951.05,566883.3,"JPY",4.1,54.4,"",0,12.5,12.0,28.4,14.3,"","Finance","Insurance - Life","",3648.3,"",2025,0.0,1496.0,815.4
"8766","東京海上控股","20260220",6475.0,18.0,18549.41,6063.83,23.23,2661.33,1179513.6,"JPY",7.3,64.9,"",0,26.4,20.9,10.9,12.9,"","Finance","Insurance - Property & Casualty","",1907.63,"",2025,0.0,6710.0,4356.0
"8769","ADVANTAGE RISK MANAGEMENT CO. LTD","20260220",515.0,19.0,1773.88,701.71,24.38,252.17,965.2,"JPY",-12.6,87.2,"",0,24.6,13.8,10.6,6.1,"","Commercial Services","Medical Care Facilities","",15.7,"",2025,8554.0,780.0,546.0
"8771","EGUARANTEE INC.","20260220",1740.0,2.0,2059.44,744.6,14.31,521.36,3486.2,"JPY",62.2,44.0,"",0,15.8,15.9,15.7,15.4,"","Commercial Services","Credit Services","",46.73,"",2025,10224.0,1879.0,1441.0
"8772","ASAX CO.LTD.","20260220",928.0,16.0,3062.31,1001.07,6.86,1487.39,3366.5,"JPY",63.5,28.8,"",0,7.3,7.2,6.8,6.4,"","Finance","Mortgage Finance","",32.98,"",2025,7519.0,966.0,594.0
"8783","GFA Co. Ltd.","20260220",226.0,"","","",-59.53,162.79,-2601.9,"JPY","",0.0,"",0,-2590.4,-181.4,-463.4,-1175.4,"","Financial Services","Asset Management","",26.85,"",2025,2687.0,630.0,210.0
"8789","Fintech Global Incorporated","20260220",148.0,12.0,362.36,118.46,21.24,56.87,2329.5,"JPY",57.0,32.1,"",0,26.9,20.4,15.9,2.4,2.0,"Consumer Services","Financial Conglomerates","",192.86,"",2025,14432.0,165.0,85.0
"8793","NEC CAPITAL SOLUTIONS LIMITED","20260220",4250.0,12.0,10121.24,3308.65,6.01,5617.5,7267.1,"JPY",-33.8,68.5,"",0,6.2,6.0,6.2,7.3,"","Finance","Rental & Leasing Services","",21.54,"",2025,254879.0,4370.0,3260.0
"8795","T&D控股","20260220",4012.0,19.0,14385.8,5335.35,18.0,2594.95,234164.7,"JPY",-0.2,59.3,"",0,16.8,20.6,-4.9,3.3,"","Finance","Insurance - Life","",501.4,"",2025,0.0,4247.0,2443.5
"8798","Advance Create Co., Ltd.","20260220",211.0,"","","",-169.94,17.52,-950.0,"JPY","",0.0,"",0,"","",-198.2,-7.7,19.9,"Finance","Insurance - Diversified","",31.91,"",2025,6608.0,468.0,152.0
"8801","三井不動產","20260220",2086.0,0.0,2045.56,668.7,5.98,1140.78,188128.1,"JPY",111.2,31.8,"",0,5.7,5.5,5.9,5.5,"","Finance","Real Estate - Diversified","",2759.07,"",2025,2625363.0,2158.0,1238.5
"8802","三菱地所","20260220",5089.0,-4.0,3832.94,1253.0,6.06,2109.77,155250.9,"JPY",116.8,25.8,"",0,6.0,6.5,9.5,9.0,"","Finance","Real Estate - Diversified","",1215.13,"",2025,1579812.0,5086.0,2144.0
"8803","平和不動產","20260220",2506.0,5.0,3712.03,1213.47,6.97,1774.94,8225.9,"JPY",121.6,60.9,"",0,7.0,6.3,4.6,6.5,"","Finance","Real Estate - Diversified","",66.48,"",2025,42075.0,2513.0,2102.5
"8804","東京建物","20260220",4145.0,3.0,5296.72,1731.51,6.84,2581.57,36662.1,"JPY",165.8,27.9,105.0,0,8.3,10.4,10.5,6.4,"","Finance","Real Estate Services","",207.65,"",2024,463724.0,4341.0,2237.5
"8818","KEIHANSHIN BUILDING CO LTD","20260220",2014.0,0.0,1999.36,653.59,4.2,1587.07,3205.0,"JPY",200.6,49.9,"",0,3.9,4.5,4.6,3.7,"","Finance","Real Estate Services","",48.09,"",2025,19584.0,2090.0,1202.0
"8830","住友不動產","20260220",5044.0,2.0,5982.17,1955.58,8.54,2335.47,185116.2,"JPY",134.6,12.2,"",0,9.1,9.8,10.3,10.4,"","Finance","Real Estate Services","",928.34,"",2025,1014239.0,5154.0,2448.5
"8835","TAIHEIYO KOUHATSU INC","20260220",875.0,6.0,1426.74,466.4,2.36,2012.98,370.0,"JPY",32.0,56.5,"",0,2.3,4.4,6.3,1.3,"","Distribution Services","Conglomerates","",7.78,"",2025,42076.0,930.0,616.0
"8836","RISE INC","20260220",31.0,"","","",-0.7,17.16,-11.6,"JPY","",0.0,"",0,-0.6,-1.0,-2.1,-1.4,"","Finance","Real Estate Services","",96.01,"",2025,383.0,58.0,26.0
"8841","TOC CO LTD","20260220",888.0,-8.0,459.23,150.12,1.35,1136.13,1350.5,"JPY",161.5,17.8,"",0,0.9,0.4,3.3,5.2,"","Finance","Real Estate Services","",88.22,"",2025,13152.0,920.0,565.0
"8844","COSMOS INITIA CO","20260220",1223.0,17.0,3912.64,1461.4,11.0,1454.66,5426.5,"JPY",6.1,53.6,"",0,11.8,10.5,14.1,5.2,"","Finance","Real Estate Services","",33.9,"",2025,129528.0,1512.0,946.0
"8848","LEOPALACE 21 CORP","20260220",720.0,13.0,1884.87,616.17,24.67,254.68,20144.9,"JPY",-8.8,51.8,"",0,25.9,182.1,1640.4,"","","Finance","Real Estate Services","",320.63,"",2025,431831.0,809.0,496.0
"8850","STARTS CORPORATION","20260220",5120.0,12.0,11856.11,4447.62,12.79,3627.74,22356.1,"JPY",7.3,57.5,"",0,13.4,15.6,15.9,14.1,"","Finance","Real Estate - Diversified","",48.17,"",2025,232978.0,5240.0,3495.0
"8860","FUJI CORPORATION LIMITED","20260220",881.0,21.0,4114.0,1344.87,8.99,1525.93,4913.5,"JPY",80.2,22.5,"",0,9.3,9.7,8.6,8.8,"","Consumer Durables","Real Estate Services","",35.83,"",2025,123927.0,863.0,586.0
"8864","AIRPORT FACILITIES CO","20260220",1032.0,12.0,2541.19,830.72,7.05,1200.84,4226.0,"JPY",-69.8,69.7,"",0,6.6,4.0,3.1,4.2,"","Finance","Real Estate Services","",49.89,"",2025,31121.0,1160.0,552.0
"8869","MEIWA ESTATE CO","20260220",1154.0,19.0,3676.04,1416.03,10.85,1448.96,3685.1,"JPY",-1.7,65.8,"",0,8.4,9.6,17.1,10.1,"","Finance","Real Estate Services","",23.45,"",2025,79902.0,1316.0,817.0
"8871","GOLDCREST CO LTD","20260220",3260.0,4.0,4611.51,1507.51,3.82,4024.4,5109.6,"JPY",68.0,35.1,"",0,3.8,2.9,5.5,6.2,"","Finance","Real Estate - Development","",33.24,"",2025,29294.0,3695.0,2858.0
"8876","RELO GROUP INC","20260220",1850.5,10.0,3823.82,1250.01,28.18,452.24,19221.1,"JPY",20.7,55.0,"",0,56.6,24.9,34.6,25.3,"","Finance","Specialty Business Services","",150.8,"",2025,142908.0,2037.5,1617.0
"8877","ESLEAD CORPORATION","20260220",7220.0,9.0,14257.97,5384.46,12.05,4760.79,8849.2,"JPY",3.9,59.3,"",0,14.0,12.3,11.0,10.6,"","Finance","Real Estate - Development","",15.43,"",2025,94765.0,7350.0,3500.0
"8881","NISSHIN GROUP HLDGS CO LTD","20260220",798.0,12.0,1910.97,624.7,4.36,1461.78,2974.7,"JPY",25.5,56.1,"",0,3.1,3.2,4.2,5.6,"","Consumer Durables","Real Estate Services","",46.7,"",2025,76235.0,836.0,440.0
"8886","WOODFRIENDS CO LTD","20250724",1715.0,"","","",-36.86,95.57,-1645.1,"JPY","",11.3,"",0,-34.4,-3.2,15.7,10.1,"","Consumer Durables","Real Estate - Development","",46.7,"",2024,33221.0,2002.0,876.0
"8887","SYLA HOLDINGS CO LTD","20260220",415.0,3.0,533.65,175.16,9.38,232.79,903.9,"JPY",219.6,1.5,7.5,0,12.0,10.8,7.8,6.0,"","Finance","Real Estate - Development","",41.38,"",2024,30872.02,504.0,278.0
"8889","Apamanshop Holdings Co. Ltd.","20241113",726.0,3.0,722.73,281.79,12.91,241.52,562.4,"JPY",-43.0,72.2,"",0,14.0,19.6,3.0,17.4,"","Real Estate","Real Estate Services","",18.04,"",2023,45785.0,"",""
"8890","Raysum Co. Ltd.","20250318",5890.0,23.0,25306.93,10103.21,20.33,5173.13,12684.6,"JPY",-6.7,85.9,"",0,30.5,16.2,14.2,1.6,"","Real Estate","Real Estate - Diversified","",12.06,"",2024,94265.0,0.0,0.0
"8891","AMG HOLDINGS CO LTD","20260220",2726.0,21.0,9849.06,3685.71,10.52,3921.79,1155.1,"JPY",4.2,53.6,"",0,9.2,11.8,17.4,15.9,"","Finance","Real Estate Services","",2.8,"",2025,30417.0,2765.0,1524.0
"8892","ES-CON JAPAN LTD","20260220",1127.0,13.0,2841.78,997.4,12.63,826.35,9998.6,"JPY",73.3,29.9,"",0,15.7,12.7,15.3,17.5,"","Finance","Real Estate - Development","",95.77,"",2025,113603.0,1267.0,907.0
"8894","REVOLUTION CO., LTD.","20260220",50.0,"","","",-67.45,10.03,-789.2,"JPY","",0.0,"",0,-5.2,20.9,-24.3,-4.3,17.3,"Consumer Durables","Real Estate Services","",116.66,"",2025,34570.0,224.0,44.0
"8897","MIRARTH HOLDINGS INC","20260220",411.0,19.0,1573.71,548.9,10.43,612.44,8684.2,"JPY",206.4,25.1,"",0,13.8,13.0,6.9,12.9,"","Finance","Real Estate - Development","",135.98,"",2025,196523.0,525.0,365.0
"8898","CENTURY21 REAL ESTATE OF JAPAN","20260220",1135.0,9.0,2208.92,722.1,11.43,644.25,755.5,"JPY",-0.9,84.7,"",0,12.6,10.7,10.2,10.8,"","Finance","Real Estate Services","",10.26,"",2025,4045.0,1159.0,1037.0
"8904","AVANTIA CO., LTD.","20260220",877.0,8.0,1558.35,509.43,2.68,1941.72,749.6,"JPY",104.9,25.4,"",0,2.4,2.0,4.9,7.5,5.6,"Consumer Durables","Residential Construction","",14.43,"",2025,69270.0,897.0,711.0
"8905","AEON MALL CO LTD","20250711",2755.5,4.0,3725.18,1217.77,5.66,2192.66,28258.0,"JPY",197.7,42.1,"",0,6.2,4.7,5.7,6.4,"","Finance","Real Estate - Diversified","",227.57,"",2025,449753.0,2981.0,0.0
"8908","MAINICHI COMNET CO.LTD.","20260220",906.0,13.0,2267.14,859.27,12.39,743.93,1623.8,"JPY",14.9,61.0,"",0,13.3,13.5,13.0,11.5,"","Finance","Real Estate Services","",17.62,"",2025,22255.0,938.0,696.0
"8912","AREA QUEST INC","20260220",173.0,8.0,324.42,106.05,12.49,86.59,173.4,"JPY",60.8,62.5,"",0,12.1,-0.5,9.6,7.4,"","Finance","Real Estate Services","",16.03,"",2025,2476.0,281.0,145.0
"8917","First Juken Co., Ltd.","20260220",1238.0,13.0,3235.08,1057.55,3.68,2929.91,1500.0,"JPY",66.9,33.6,"",0,3.8,2.6,4.8,5.8,6.8,"Consumer Durables","Residential Construction","",13.91,"",2025,42883.0,1266.0,976.0
"8918","LAND CO LTD","20260220",9.0,3.0,11.23,3.67,6.46,5.79,575.5,"JPY",1.5,54.9,"",0,11.5,3.3,20.6,34.6,"","Finance","Real Estate - Diversified","",1537.88,"",2025,5092.0,13.0,6.0
"8919","KATITAS CO LTD","20260220",3515.0,2.0,4252.58,1593.19,22.64,584.34,10350.9,"JPY",-0.2,67.4,"",0,23.7,23.8,33.2,32.7,"","Consumer Durables","Residential Construction","",78.24,"",2025,129537.0,3340.0,1732.0
"8920","TOSHO CO LTD","20260220",936.0,12.0,2376.03,776.73,8.23,962.12,2983.5,"JPY",-0.4,55.0,"",0,8.6,2.0,3.1,7.1,"","Consumer Services","Conglomerates","",37.67,"",2025,35619.0,972.0,475.0
"8923","Tosei Corporation","20260220",1632.0,12.0,3845.31,1418.64,13.54,1060.17,13923.3,"JPY",26.7,51.7,"",0,16.3,14.6,14.5,12.7,11.6,"Finance","Real Estate - Diversified","",96.97,"",2025,94688.97,1943.0,1005.0
"8927","MEIHO ENTERPRISE CO LTD","20260220",461.0,18.0,1632.29,597.09,16.69,322.99,1589.4,"JPY",25.2,52.1,6.5,0,22.7,19.6,11.2,12.7,18.9,"Finance","Real Estate - Diversified","",29.49,"",2025,29796.0,587.0,253.0
"8928","ANABUKI KOSAN INC","20260220",2703.0,20.0,11704.08,3826.08,9.56,4082.76,4162.8,"JPY",-28.5,57.2,"",0,9.3,13.1,11.2,14.5,"","Finance","Real Estate Services","",10.67,"",2025,130973.0,2380.0,1960.0
"8929","Aoyama Zaisan Networks Co., Ltd.","20260220",1360.0,13.0,3422.44,1299.41,22.91,487.28,2675.9,"JPY",-28.4,72.3,"",0,28.1,26.2,27.6,24.1,19.3,"Finance","Real Estate Services","",23.97,"",2025,41785.0,2194.0,1443.0
"8931","WADAKOHSAN CORP","20260220",1774.0,21.0,8190.84,2677.6,9.09,3004.47,2992.4,"JPY",27.0,48.4,"",0,10.2,9.2,9.4,9.3,"","Finance","Real Estate - Diversified","",10.96,"",2025,40130.0,1792.0,1212.0
"8934","SUN FRONTIER FUDOSAN CO LTD","20260220",2553.0,17.0,8076.9,2997.42,14.09,2105.69,14402.6,"JPY",13.0,54.9,"",0,15.5,14.9,16.2,11.2,"","Finance","Real Estate Services","",48.53,"",2025,103174.0,2552.0,1672.0
"8935","FJ NEXT HOLDINGS CO LTD","20260220",1873.0,16.0,6315.34,2064.5,9.45,2226.6,6894.3,"JPY",-0.9,62.4,"",0,9.5,10.3,9.5,11.8,"","Finance","Real Estate Services","",32.75,"",2025,112429.0,1870.0,1032.0
"8938","GLOME HOLDINGS INC","20260220",312.0,"","","",-2.68,866.08,-209.8,"JPY","",10.0,"",0,-1.1,-2.6,2.9,2.8,"","Finance","Real Estate Services","",9.05,"",2025,2043.0,757.0,338.0
"8940","INTELLEX CO LTD","20251126",975.0,20.0,4282.83,1400.06,8.67,1645.69,1159.2,"JPY",80.6,29.3,"",0,12.1,3.6,0.8,5.9,"","Finance","Real Estate - Diversified","",8.12,"",2025,44793.0,1098.0,703.0
"8944","Land Business Co., Ltd.","20260220",242.0,"","","",-1.73,809.57,-278.8,"JPY","",0.0,"",0,-1.5,-13.3,-3.2,-3.3,"","Finance","Real Estate Services","",19.85,"",2025,18603.0,283.0,156.0
"8945","SUNNEXTA GROUP INC","20260220",1149.0,8.0,2057.45,672.58,8.12,844.7,627.5,"JPY",-116.2,78.0,"",0,7.6,-4.6,8.0,0.3,"","Finance","Real Estate Services","",9.15,"",2025,8695.0,1390.0,978.0
"8946","ASIAN STAR CO","20260220",84.0,2.0,101.94,33.32,3.63,93.68,80.6,"JPY",79.6,10.2,"",0,0.9,2.4,1.4,-1.2,"","Finance","Real Estate Services","",23.72,"",2024,3351.0,140.0,71.0
"8952","Japan Real Estate Investment Corp.","20260220",126600.0,3.0,154714.43,50576.42,6.75,76347.12,36667.3,"JPY",42.7,83.9,"",0,6.8,7.0,6.4,6.4,6.3,"Real Estate","REIT - Office","",7.11,"",2025,0.0,136500.0,102400.0
"8953","Japan Retail Fund Investment Corp.","20260220",124700.0,0.0,124226.7,40609.93,4.6,90113.63,29773.0,"JPY",80.0,88.2,"",0,5.7,5.1,5.2,7.5,"","Real Estate","REIT - Retail","",7.19,"",2025,0.0,128000.0,89900.0
"8955","Japan Prime Realty Investment Corp.","20260220",107000.0,3.0,131463.36,42975.61,6.33,69248.63,17397.0,"JPY",72.2,78.1,4097.5,0,5.9,5.6,6.7,6.6,"","Real Estate","REIT - Diversified","",3.97,"",2024,0.0,109000.0,82875.0
"8956","Premier Investment Corp.","20260220",143300.0,5.0,206479.27,67498.44,6.91,99654.42,10117.5,"JPY",153.9,80.9,"",0,6.8,6.2,7.3,7.6,7.8,"Real Estate","REIT - Diversified","",1.47,"",2025,0.0,149800.0,127100.0
"8957","Tokyu REIT Inc.","20260220",211000.0,1.0,221400.0,72376.05,5.85,126128.57,7232.4,"JPY",72.8,90.0,4000.0,0,6.2,4.9,4.4,4.1,"","Real Estate","REIT - Diversified","",0.98,"",2025,0.0,212900.0,161300.0
"8958","Global One Real Estate Investment Corp.","20260220",139400.0,7.0,232942.44,76149.3,7.76,100112.61,7764.7,"JPY",-39.5,90.0,"",0,8.2,5.9,6.6,4.7,4.9,"Real Estate","REIT - Office","",1.0,"",2025,0.0,150000.0,108800.0
"8960","United Urban Investment Corp.","20260220",183600.0,3.0,235947.69,77131.72,6.72,117114.84,24066.7,"JPY",25.3,88.8,"",0,6.7,6.6,5.7,5.3,5.0,"Real Estate","REIT - Diversified","",3.06,"",2025,0.0,191700.0,138400.0
"8961","Mori Trust Sogo REIT Inc.","20260220",78400.0,-1.0,74568.08,24376.44,3.78,65818.26,8848.7,"JPY",348.6,87.1,"",0,5.6,8.3,3.8,4.2,"","Real Estate","REIT - Office","",3.56,"",2025,0.0,81900.0,59400.0
"8963","Invincible Investment Corp.","20260220",67600.0,5.0,102913.41,33642.57,7.47,45933.07,26242.9,"JPY",154.9,49.9,4038.0,0,9.7,8.0,2.5,-1.0,"","Real Estate","REIT - Hotel & Motel","",7.65,"",2024,0.0,70400.0,55700.0
"8964","Frontier Real Estate Investment Corp.","20260220",89700.0,-1.0,85603.02,27983.78,4.39,65029.73,7704.3,"JPY",4.7,90.0,"",0,3.4,7.0,7.0,7.5,"","Real Estate","REIT - Retail","",2.7,"",2025,0.0,95900.0,75300.0
"8966","Heiwa Real Estate REIT Inc.","20260220",155300.0,1.0,170314.33,55676.06,5.65,100488.46,7096.4,"JPY",193.2,88.3,"",0,7.5,7.0,6.8,6.5,"","Real Estate","REIT - Diversified","",1.25,"",2025,0.0,164100.0,119200.0
"8967","Japan Logistics Fund Inc.","20260220",101700.0,-1.0,95514.0,31223.7,6.22,51214.18,8755.5,"JPY",29.0,90.0,2300.0,0,7.5,6.7,7.1,6.4,"","Real Estate","REIT - Industrial","",2.75,"",2025,0.0,107000.0,86500.0
"8968","Fukuoka REIT Corp.","20260220",186800.0,2.0,210832.41,68921.49,5.39,130314.16,6114.1,"JPY",106.1,90.0,"",0,6.0,5.9,5.2,5.5,5.3,"Real Estate","REIT - Diversified","",0.87,"",2025,0.0,193900.0,139900.0
"8972","Kenedix Office Investment Corp.","20260220",169200.0,0.0,172274.67,56316.9,3.67,156297.93,23199.7,"JPY",809.7,81.9,"",0,5.4,10.9,5.9,5.4,"","Real Estate","REIT - Diversified","",4.04,"",2025,0.0,181300.0,140800.0
"8975","Ichigo Office REIT Investment Corp.","20260220",98200.0,8.0,181478.38,59325.6,8.89,68037.1,9315.9,"JPY",29.4,90.0,"",0,8.8,7.3,9.3,6.5,6.1,"Real Estate","REIT - Office","",1.54,"",2025,0.0,100500.0,79400.0
"8976","Daiwa Office Investment Corp.","20260220",363000.0,0.0,367401.82,120104.31,4.76,257280.0,11634.4,"JPY",-21.7,90.0,"",0,5.7,5.0,5.4,5.6,"","Real Estate","REIT - Office","",0.95,"",2025,0.0,391000.0,278000.0
"8977","Hankyu REIT Inc.","20260220",160200.0,3.0,198836.14,64999.89,5.33,124348.57,4639.5,"JPY",70.2,90.0,"",0,5.5,4.9,4.9,4.8,4.8,"Real Estate","REIT - Diversified","",0.7,"",2025,0.0,181000.0,139600.0
"8979","Starts Proceed Investment Corp.","20260220",211500.0,0.0,218152.11,71314.31,4.18,174015.85,1963.4,"JPY",121.1,90.0,"",0,4.9,5.0,5.5,5.1,"","Real Estate","REIT - Residential","",0.27,"",2025,0.0,228900.0,165600.0
"8984","Daiwa House REIT Investment Corp.","20260220",135400.0,4.0,180544.37,59020.27,5.47,110009.37,27623.3,"JPY",48.9,85.2,"",0,5.9,4.1,4.2,4.4,4.0,"Real Estate","REIT - Diversified","",4.59,"",2025,0.0,144700.0,113200.0
"8985","Japan Hotel REIT Investment Corp.","20260220",87000.0,3.0,109940.74,35939.82,6.59,55569.15,18689.9,"JPY",268.7,90.0,5060.0,0,7.6,5.9,1.2,0.6,"","Real Estate","REIT - Hotel & Motel","",5.1,"",2024,0.0,91600.0,64800.0
"8986","Japan Rental Housing Investments Inc.","20260220",115800.0,5.0,165968.75,54255.48,7.08,78155.83,13277.5,"JPY",106.0,84.5,"",0,7.4,7.0,6.3,5.9,5.9,"Real Estate","REIT - Residential","",2.4,"",2025,0.0,118800.0,87100.0
"8995","MAKOTO CONSTRUCTION CO.LTD","20260220",1176.0,-9.0,576.12,188.33,0.97,1981.59,38.6,"JPY",112.9,20.7,"",0,-0.2,3.5,6.1,4.1,"","Finance","Real Estate - Diversified","",2.01,"",2025,3274.0,2820.0,538.0
"8996","HouseFreedom Co., Ltd.","20260220",1078.0,23.0,5164.88,1794.31,15.79,1007.31,609.1,"JPY",110.2,28.8,"",0,19.5,15.4,11.4,13.7,9.7,"Consumer Durables","Real Estate Services","",3.83,"",2025,16928.0,1130.0,705.0
"8999","GRANDY HOUSE CORPORATION","20260220",649.0,2.0,754.36,246.6,2.92,860.68,726.5,"JPY",59.4,42.6,"",0,2.6,1.6,8.5,11.1,"","Consumer Durables","Real Estate Services","",28.89,"",2025,53960.0,656.0,481.0
"9001","東武鐵道","20260220",3058.0,11.0,6913.46,2260.02,8.14,2831.28,45133.4,"JPY",37.3,41.2,"",0,9.0,11.0,8.6,3.8,"","Transportation","Railroads","",195.85,"",2025,631461.0,3028.0,2351.5
"9003","SOTETSU HOLDINGS INC","20260220",2909.5,11.0,6511.59,2353.52,12.72,1896.27,23139.5,"JPY",46.0,42.3,"",0,16.2,12.5,5.7,1.1,"","Transportation","Conglomerates","",95.97,"",2025,292178.0,2980.0,2031.0
"9005","東京急行電鐵","20260220",1930.5,10.0,4139.12,1353.09,9.51,1450.07,78779.9,"JPY",73.0,27.7,"",0,10.1,9.3,4.6,2.4,"","Retail Trade","Department Stores","",570.99,"",2025,1054981.0,1997.0,1631.0
"9006","KEIKYU CORPORATION","20260220",1540.0,6.0,2427.37,793.51,5.87,1378.86,21803.5,"JPY",205.4,0.0,"",0,7.4,-3.5,0.9,-2.1,"","Transportation","Conglomerates","",269.47,"",2025,293860.0,1624.0,1400.5
"9007","小田急電鐵","20260220",1744.0,6.0,2709.35,885.69,6.52,1385.42,31177.4,"JPY",20.7,74.1,"",0,6.6,7.9,2.0,-1.8,"","Transportation","Railroads","",345.22,"",2025,422700.0,1794.0,1437.5
"9008","京王電鐵","20260220",4122.0,11.0,9601.54,3138.76,9.1,3518.07,37721.3,"JPY",64.8,27.8,"",0,10.8,8.9,4.0,-1.0,"","Transportation","Conglomerates","",117.86,"",2025,452916.0,4137.0,3417.0
"9009","京成電鐵","20260220",1331.0,6.0,2149.5,702.68,6.79,1055.48,34551.9,"JPY",163.2,8.0,"",0,6.9,4.4,5.6,-1.2,"","Transportation","Railroads","",482.23,"",2025,319314.0,1746.0,1175.5
"9010","FUJI KYUKO CO LTD","20260220",2258.0,4.0,3198.02,1175.07,16.03,672.07,5721.6,"JPY",23.4,53.2,"",0,18.0,22.8,11.2,0.6,"","Consumer Services","Conglomerates","",53.1,"",2025,52230.0,2704.0,1908.0
"9012","CHICHIBU RAILWAY CO","20260220",2128.0,14.0,6200.68,2027.01,6.11,3380.41,305.9,"JPY",-402.1,50.0,"",0,5.0,0.2,8.5,-0.8,"","Transportation","Railroads","",1.48,"",2025,5276.0,2220.0,1950.0
"9017","NIIGATA KOTSU CO","20260220",2138.0,19.0,8750.0,2860.39,5.89,4955.73,1120.0,"JPY",-7.3,50.0,"",0,6.1,6.1,5.3,-1.5,"","Transportation","Railroads","",3.84,"",2025,19998.0,2180.0,2025.0
"9020","東日本旅客鐵道","20260220",3814.0,7.0,6313.22,2063.8,8.31,2533.6,237513.9,"JPY",121.5,12.1,"",0,9.1,8.8,3.4,-3.8,"","Transportation","Railroads","",1128.65,"",2025,2887553.0,4211.0,2845.0
"9021","西日本旅客鐵道","20260220",3279.0,12.0,6302.59,2368.21,10.51,2541.82,121522.2,"JPY",23.8,55.2,"",0,10.4,11.7,9.2,-15.1,"","Transportation","Railroads","",455.05,"",2025,1707944.0,3577.0,2771.0
"9022","東海旅客鐵道","20260220",4785.0,15.0,11457.5,4191.31,10.04,4740.03,462003.6,"JPY",19.8,43.9,"",0,10.9,10.0,6.1,-1.4,"","Transportation","Railroads","",970.57,"",2025,1831847.0,4783.0,2716.5
"9023","TOKYO METRO CO LTD","20260220",1660.0,6.0,2650.21,866.36,7.16,1234.18,51287.7,"JPY",16.6,61.8,"",0,8.4,7.3,4.4,-1.8,"","Transportation","Other Transportation","",580.57,"",2025,407832.0,2125.0,1543.0
"9024","SEIBU HOLDINGS INC","20260220",4629.0,21.0,21252.91,6947.62,32.17,2201.99,180727.7,"JPY",-37.8,75.3,"",0,45.9,7.1,4.8,-11.9,"","Consumer Services","Conglomerates","",255.11,"",2025,901131.0,5871.0,2961.5
"9025","KONOIKE TRANSPORT CO LIMITED","20260220",3535.0,10.0,7714.33,2521.83,9.3,2764.64,13651.8,"JPY",35.6,44.8,"",0,10.9,9.2,7.9,7.7,"","Transportation","Integrated Freight & Logistics","",53.09,"",2025,344987.0,3580.0,2212.0
"9027","LOGINET JAPAN CO LTD","20260220",4170.0,15.0,12760.34,4171.38,9.97,4267.55,2097.0,"JPY",26.4,50.2,"",0,10.9,11.3,15.3,17.2,"","Transportation","Integrated Freight & Logistics","",4.93,"",2025,77256.0,4180.0,2720.0
"9028","ZERO CO LTD","20260220",3675.0,16.0,11361.8,4183.35,15.72,2465.57,6744.8,"JPY",16.7,53.7,"",0,20.7,14.0,11.5,9.3,"","Transportation","Auto & Truck Dealerships","",17.4,"",2025,147843.0,4185.0,2272.0
"9029","HIGASHI HOLDINGS CO LTD","20260220",2073.0,12.0,4998.7,1733.99,15.13,1032.72,2043.3,"JPY",110.5,27.6,"",0,15.4,13.8,13.0,12.0,"","Transportation","Integrated Freight & Logistics","",13.08,"",2025,48126.0,2236.0,1030.0
"9031","NISHI-NIPPON RAILROAD CO","20260220",3170.0,10.0,7006.54,2290.45,7.08,3297.58,17654.2,"JPY",65.3,31.4,"",0,8.1,5.0,10.8,4.7,"","Transportation","Railroads","",75.59,"",2025,443495.0,3054.0,1926.0
"9033","HIROSHIMA ELECTRIC RAILWAY CO","20260220",656.0,"","","",-1.77,1372.79,-739.4,"JPY","",0.0,"",0,-2.4,-3.1,-8.4,-11.1,"","Transportation","Railroads","",30.39,"",2025,33709.0,672.0,573.0
"9034","NANSO TRANSPORT CO","20260220",1721.0,12.0,4213.97,1377.55,6.04,2325.4,1327.4,"JPY",24.6,49.8,"",0,6.3,5.9,5.5,5.4,"","Transportation","Integrated Freight & Logistics","",9.45,"",2025,16106.0,1700.0,980.0
"9035","DAIICHI KOUTSU SANGYO CO LTD","20260220",754.0,36.0,8820.1,2883.3,6.37,4616.22,2772.5,"JPY",13.2,58.6,"",0,6.1,7.4,6.9,3.1,"","Transportation","Railroads","",9.43,"",2025,99459.0,809.0,685.0
"9036","TOHBU NETWORK CO LTD","20260220",1163.0,-9.0,539.63,176.41,0.5,3582.62,101.5,"JPY",948.0,21.9,"",0,0.2,1.0,2.5,"","","Transportation","Integrated Freight & Logistics","",5.64,"",2025,10370.0,1261.0,753.0
"9037","HAMAKYOREX CO LTD","20260220",1911.0,8.0,2798.58,979.06,9.69,1210.08,8679.2,"JPY",73.1,25.6,"",0,10.3,10.2,10.3,10.9,"","Transportation","Integrated Freight & Logistics","",74.01,"",2025,146668.0,1951.0,1160.0
"9039","SAKAI MOVING SERVICE","20260220",2895.0,10.0,6348.3,2075.27,8.92,2372.1,8563.9,"JPY",47.3,39.0,"",0,9.8,10.3,10.8,10.0,"","Transportation","Trucking","",40.47,"",2025,121023.0,3100.0,2269.0
"9040","TAIHO TRANSPORTATION CO. LTD.","20260220",4095.0,-36.0,121.93,39.86,2.49,162.91,165.3,"JPY",-83.1,73.4,"",0,2.5,2.7,2.6,2.4,"","Transportation","Trucking","",40.66,"",2025,7758.0,"",""
"9041","KINTETSU GROUP HOLDINGS CO LTD","20260220",3300.0,10.0,7144.83,2335.66,8.32,2861.41,45288.7,"JPY",28.5,44.3,"",0,8.8,12.6,14.9,6.6,"","Transportation","Conglomerates","",190.16,"",2025,1741787.0,3470.0,2630.0
"9042","HANKYU HANSHIN HOLDINGS INC","20260220",4557.0,10.0,10038.15,3281.49,7.66,4366.43,79381.7,"JPY",85.3,17.1,"",0,7.8,10.2,7.1,2.4,"","Transportation","Conglomerates","",237.24,"",2025,1106854.0,4653.0,3728.0
"9044","NANKAI ELECTRIC RAILWAY CO","20260220",3025.0,10.0,6249.4,2042.94,7.3,2851.78,22733.3,"JPY",54.0,33.2,"",0,8.2,7.4,5.7,2.3,"","Transportation","Railroads","",109.13,"",2025,260787.0,3070.0,2120.0
"9045","KEIHAN HOLDINGS CO LTD","20260220",3468.0,11.0,7897.91,2581.84,8.64,3045.91,26563.3,"JPY",86.1,20.8,"",0,9.5,8.6,4.6,3.3,"","Transportation","Conglomerates","",100.9,"",2025,313546.0,3592.0,2966.5
"9046","KOBE ELECTRIC RAILWAY CO","20260220",2555.0,7.0,4241.72,1386.63,4.75,2975.73,1118.4,"JPY",-83.7,50.1,"",0,4.6,4.9,4.0,2.6,"","Transportation","Railroads","",7.91,"",2025,22131.0,2648.0,2185.0
"9048","NAGOYA RAILROAD CO","20260220",1804.5,10.0,3880.51,1268.55,5.49,2354.1,25369.5,"JPY",310.1,17.8,"",0,7.8,6.8,4.3,1.7,"","Transportation","Conglomerates","",196.13,"",2025,690720.0,1851.0,1575.0
"9049","KEIFUKU ELECTRIC RAILROAD CO","20260220",7260.0,10.0,15129.08,5151.55,9.78,6245.23,1215.1,"JPY",73.0,15.3,"",0,11.4,12.7,11.8,5.2,"","Consumer Services","Railroads","",1.99,"",2025,14459.0,7790.0,5600.0
"9051","SENKON LOGISTICS CO","20260220",1499.0,9.0,2962.88,968.57,8.32,1187.73,490.9,"JPY",97.2,12.2,"",0,10.3,8.9,9.8,12.8,"","Transportation","Integrated Freight & Logistics","",4.97,"",2025,18824.0,1739.0,909.0
"9052","SANYO ELECTRIC RAILWAY CO","20260220",2018.0,9.0,4109.14,1343.28,5.29,2590.95,3043.5,"JPY",128.6,10.6,"",0,5.5,6.3,5.7,-1.8,"","Transportation","Railroads","",22.22,"",2025,38489.0,2200.0,1819.0
"9055","Alps Logistics Co. Ltd.","20241231",5750.0,-3.0,4696.98,1535.45,5.73,2731.55,3478.9,"JPY",68.8,30.2,"",0,6.3,9.7,7.4,6.3,"","Industrials","Trucking","",22.22,"",2024,118844.0,"",""
"9057","ENSHU TRUCK CO","20260220",3730.0,12.0,7346.45,2590.43,9.9,3106.16,2296.0,"JPY",72.7,28.8,"",0,10.9,10.2,12.4,13.8,"","Transportation","Trucking","",7.47,"",2025,48631.0,3760.0,2520.0
"9058","Trancom Co. Ltd.","20250129",10250.0,5.0,15529.46,5076.61,9.61,5387.03,4788.3,"JPY",38.9,41.9,"",0,10.0,9.0,12.6,15.2,"","Industrials","Integrated Freight & Logistics","",9.25,"",2024,169410.0,0.0,0.0
"9059","KANDA HOLDINGS CO LTD","20260220",927.0,17.0,3351.31,1095.55,9.29,1202.33,2394.0,"JPY",27.2,44.8,"",0,9.7,10.5,8.9,11.2,"","Transportation","Trucking","",21.43,"",2025,52009.0,952.0,685.0
"9060","JAPAN LOGISTIC SYSTEMS CORP","20260220",4950.0,19.0,19664.44,6428.34,5.7,11508.89,884.9,"JPY",110.0,15.4,"",0,5.1,3.9,4.6,5.5,"","Transportation","Trucking","",1.35,"",2025,66001.0,5200.0,3485.0
"9063","OKAYAMAKEN FREIGHT TRANSPORTATION","20260220",4700.0,8.0,8824.14,2884.63,2.55,11513.3,597.1,"JPY",325.9,8.1,"",0,3.2,-1.6,4.6,4.1,"","Transportation","Trucking","",2.03,"",2025,38346.0,4700.0,2910.0
"9064","大和控股","20260220",1853.0,-6.0,1172.27,383.22,2.1,1860.8,12374.1,"JPY",45.9,71.6,"",0,0.4,4.3,7.9,10.2,"","Transportation","Trucking","",316.67,"",2025,1762696.0,2568.0,1783.0
"9065","SANKYU INC","20260220",9783.0,7.0,16846.67,5507.21,9.87,5691.21,28931.4,"JPY",15.4,73.4,"",0,10.8,9.2,10.6,10.1,"","Transportation","Integrated Freight & Logistics","",51.52,"",2025,606791.0,9839.0,5413.0
"9066","NISSIN CORP","20251014",8070.0,5.0,11509.49,3762.47,6.52,5880.14,5639.7,"JPY",13.6,52.2,"",0,5.4,7.4,13.7,10.8,"","Transportation","Integrated Freight & Logistics","",14.7,"",2025,190806.0,23076923392.0,10643356672.0
"9067","MARUWN CORPORATION","20260220",947.0,0.0,952.04,311.22,3.61,880.02,916.5,"JPY",20.0,69.3,"",0,3.4,1.4,1.7,1.9,"","Transportation","Trucking","",28.88,"",2025,46145.0,967.0,345.0
"9068","MARUZEN SHOWA UNYU CO","20260220",9370.0,6.0,15333.03,5012.39,7.68,6659.09,9981.8,"JPY",47.2,37.5,"",0,7.9,7.9,8.6,8.6,"","Transportation","Integrated Freight & Logistics","",19.53,"",2025,144572.0,9460.0,5110.0
"9069","SENKO GROUP HOLDINGS CO LTD","20260220",1926.5,7.0,3242.32,1059.92,8.51,1269.67,18503.9,"JPY",238.0,27.0,"",0,10.7,11.0,10.7,12.2,"","Transportation","Integrated Freight & Logistics","",171.21,"",2025,854550.0,2145.0,1343.0
"9070","TONAMI HOLDINGS CO LTD","20250703",10160.0,5.0,15297.68,5000.84,4.95,10308.05,4625.0,"JPY",88.4,18.3,"",0,5.0,4.9,6.9,7.0,"","Transportation","Integrated Freight & Logistics","",9.07,"",2025,156690.0,15614219264.0,0.0
"9072","NIKKON HOLDINGS CO LTD","20260220",3885.0,0.0,3856.15,1260.58,6.43,1999.98,15539.0,"JPY",81.4,30.2,"",0,6.7,7.4,7.0,7.1,"","Transportation","Integrated Freight & Logistics","",120.89,"",2025,247890.0,3990.0,2323.0
"9073","KYOGOKU UNYU SHOJI CO","20260220",1513.0,-4.0,1082.4,353.84,2.45,1470.03,103.6,"JPY",383.2,25.8,"",0,1.6,2.2,1.6,3.5,"","Transportation","Trucking","",2.87,"",2025,8421.0,1550.0,1000.0
"9074","JAPAN OIL TRANSPORTATION CO","20260220",5100.0,11.0,11488.37,3755.57,4.89,7838.67,1267.6,"JPY",179.6,22.6,"",0,4.6,5.1,5.3,5.1,"","Transportation","Railroads","",3.31,"",2025,37090.0,5870.0,2770.0
"9075","FUKUYAMA TRANSPORTING CO","20260220",5450.0,-7.0,3153.06,1030.74,1.35,7770.33,3867.8,"JPY",114.3,14.0,"",0,0.8,3.0,5.1,5.6,"","Transportation","Trucking","",36.8,"",2025,302495.0,5360.0,3185.0
"9076","SEINO HOLDINGS","20260220",2606.5,4.0,3427.51,1120.46,4.3,2658.16,17063.3,"JPY",158.0,61.8,"",0,3.5,3.0,4.7,4.6,"","Transportation","Trucking","",149.35,"",2025,737377.0,2531.0,2128.0
"9078","S-Line Co. Ltd.","20241001",1454.0,5.0,2202.07,719.86,2.87,2560.96,797.2,"JPY",14.4,55.9,"",0,2.9,0.8,3.7,4.4,"","Industrials","Trucking","",10.86,"",2024,49687.0,"",""
"9081","KANAGAWA CHUO KOTSU CO","20260220",3645.0,16.0,12217.48,3993.92,8.66,4704.73,4997.0,"JPY",64.1,25.8,"",0,11.7,12.4,6.4,3.1,"","Consumer Services","Railroads","",12.27,"",2025,118149.0,4125.0,3175.0
"9082","DAIWA MOTOR TRANSPORTATION CO","20260220",1325.0,-38.0,28.98,9.47,0.05,2094.32,4.3,"JPY","",0.0,"",0,-1.8,-5.9,3.1,-11.9,"","Transportation","Auto & Truck Dealerships","",4.4,"",2025,19042.0,2885.0,791.0
"9083","SHINKI BUS CO LTD","20260220",2115.0,15.0,6670.41,2180.57,5.43,4094.62,2686.0,"JPY",166.9,5.2,"",0,5.5,5.1,4.3,-0.5,"","Transportation","Integrated Freight & Logistics","",12.08,"",2025,52954.0,2045.0,1675.0
"9085","HOKKAIDO CHUO BUS CO","20260220",6950.0,18.0,26575.76,8687.66,7.89,11234.35,2321.0,"JPY",48.8,30.8,"",0,7.9,3.9,1.7,-5.5,"","Transportation","Travel Services","",2.62,"",2025,35990.0,6700.0,3420.0
"9087","TAKASE CORPORATION","20260220",1714.0,4.0,2251.49,736.01,2.06,3637.62,151.6,"JPY",-37.4,61.6,"",0,1.1,4.4,4.2,4.5,"","Transportation","Specialty Business Services","",2.02,"",2025,8345.0,1540.0,1043.0
"9090","AZ-COM MARUWA HOLDINGS INC","20260220",942.0,5.0,1457.94,518.04,12.75,428.98,7367.9,"JPY",141.7,35.0,"",0,12.6,25.1,25.8,23.9,"","Transportation","Integrated Freight & Logistics","",134.68,"",2025,208370.0,1340.0,933.0
"9099","Chilled & Frozen Logistics Holdings Co. Ltd.","20241007",5720.0,-22.0,810.92,265.09,7.93,341.03,3640.2,"JPY",71.6,23.4,"",0,7.6,7.0,8.0,9.3,"","Industrials","Integrated Freight & Logistics","",134.67,"",2024,116028.0,"",""
"9101","日本郵船","20260220",5215.0,20.0,21373.11,7603.06,12.4,6906.78,361913.7,"JPY",65.7,34.7,"",0,17.1,6.9,60.6,158.7,"","Transportation","Marine Shipping","",422.61,"",2025,2588700.0,5640.0,4133.0
"9104","商船三井","20260220",5441.0,21.0,23873.75,8171.32,11.68,7821.91,313788.1,"JPY",140.9,18.6,"",0,16.7,11.7,61.8,120.5,"","Transportation","Marine Shipping","",343.48,"",2025,1775470.0,5673.0,4293.0
"9107","川崎汽船","20260220",2405.5,20.0,9516.71,3372.04,13.66,2607.95,225193.7,"JPY",50.6,34.5,"",0,18.4,7.3,78.3,294.6,"","Transportation","Marine Shipping","",632.08,"",2025,1047944.0,2378.5,1571.5
"9110","NS UNITED KAIUN KA","20260220",7650.0,12.0,19558.17,6393.6,9.44,6904.45,15366.2,"JPY",-44.3,65.6,"",0,10.4,12.8,23.4,21.7,"","Transportation","Marine Shipping","",23.57,"",2025,247408.0,7720.0,3260.0
"9115","MEIJI SHIPPING GROUP CO LTD","20260220",738.0,"","","",-0.96,1402.5,-458.3,"JPY",36.0,32.0,"",0,6.6,-5.9,-1.9,5.1,"","Transportation","Integrated Freight & Logistics","",34.05,"",2025,67544.0,813.0,500.0
"9119","IINO KAIUN KAISHA","20260220",1602.0,11.0,3617.27,1264.35,10.63,1375.27,15462.2,"JPY",97.9,26.1,"",0,11.9,18.4,21.0,11.2,"","Transportation","Marine Shipping","",105.8,"",2025,141866.0,1677.0,848.0
"9127","TAMAI STEAMSHIP CO","20260220",4015.0,4.0,5368.13,1754.85,3.73,4799.48,345.4,"JPY",95.7,11.2,"",0,1.0,10.6,14.8,25.0,"","Transportation","Marine Shipping","",1.93,"",2025,5389.0,4205.0,1457.0
"9130","KYOEI TANKER CO","20260220",1261.0,"","","",-0.49,3275.69,-122.2,"JPY","",0.0,"",0,-5.2,0.8,-0.7,-3.5,"","Transportation","Marine Shipping","",7.65,"",2025,15160.0,1307.0,790.0
"9142","KYUSHU RAILWAY COMPANY","20260220",3893.0,9.0,7673.98,2734.39,10.55,2969.72,48144.0,"JPY",102.1,33.7,"",0,10.4,9.6,6.8,4.1,"","Transportation","Railroads","",153.72,"",2025,454393.0,4215.0,3468.0
"9143","SG HOLDINGS CO LTD","20260220",1518.0,8.0,2856.13,933.67,9.96,956.01,57773.9,"JPY",26.6,57.7,"",0,10.1,10.9,15.5,26.7,"","Transportation","Integrated Freight & Logistics","",606.84,"",2025,1479239.0,1763.5,1385.0
"9145","BEING HOLDINGS CO LTD","20260220",744.0,11.0,1676.51,548.06,18.96,294.69,1346.8,"JPY",70.9,23.5,13.0,0,23.1,23.0,20.2,25.0,"","Transportation","Integrated Freight & Logistics","",24.1,"",2024,30190.0,1172.5,579.75
"9147","NIPPON EXPRESS HLDGS INC","20260220",3670.0,5.0,5578.53,1823.63,5.36,3472.47,45729.1,"JPY",115.9,25.3,100.0,0,5.7,6.9,15.7,9.7,"","Transportation","Integrated Freight & Logistics","",245.92,"",2024,2577643.0,3793.0,2355.5
"9158","CUC INC","20260220",938.0,12.0,2391.87,781.91,7.88,1012.21,2337.7,"JPY",321.7,0.0,"",0,10.6,22.2,25.6,57.2,"","Commercial Services","Miscellaneous Commercial Services","",29.32,"",2025,47043.0,1514.0,811.0
"9159","W TOKYO INC","20260220",1602.0,-1.0,1561.99,574.76,10.54,601.92,165.6,"JPY",6.0,47.0,"",0,12.3,25.8,78.1,35.0,"","Commercial Services","Advertising/Marketing Services","",2.61,"",2025,3925.0,3260.0,1384.0
"9160","NOVARESE INC","20260220",317.0,14.0,869.16,299.24,9.9,352.81,875.7,"JPY",60.6,19.7,"",0,8.2,13.3,29.6,6.7,"","Consumer Services","Other Consumer Services","",25.07,"",2024,19299.0,368.0,272.0
"9162","BLEACH INC","20260220",268.0,7.0,453.19,148.15,4.07,371.44,387.8,"JPY",4.2,47.9,"",0,3.2,-17.2,85.6,56.1,"","Commercial Services","Advertising/Marketing Services","",25.67,"",2025,17160.47,458.0,272.0
"9163","Nareru Group Inc.","20260220",2361.0,13.0,5935.65,2281.03,14.41,1654.51,2085.8,"JPY",6.2,68.5,"",0,15.5,18.0,17.6,14.4,"","Commercial Services","Miscellaneous Commercial Services","",8.75,"",2025,24158.93,2529.0,2055.0
"9164","TRYT INC","20250922",875.0,-3.0,675.3,220.76,8.08,278.45,2251.0,"JPY","",0.0,"",0,9.7,21.9,20.8,"","","Commercial Services","Miscellaneous Commercial Services","",100.0,"",2024,57116.0,18119999488.0,6880000000.0
"9166","GENDA INC","20260220",611.0,-2.0,525.71,171.85,10.37,191.86,3678.7,"JPY","",0.0,"",0,20.1,44.7,54.5,"","","Consumer Services","Casinos/Gaming","",184.94,"",2025,111786.0,1446.0,603.0
"9168","RISE CONSULTING GROUP INC","20260220",516.0,16.0,1730.0,565.54,22.31,258.45,1408.8,"JPY","",0.0,"",0,27.5,35.2,35.1,"","","Commercial Services","Miscellaneous Commercial Services","",24.43,"",2025,7679.0,1344.0,509.0
"9170","Seiyu Kogyo Co., Ltd.","20260220",3180.0,5.0,4867.41,1646.89,10.08,1928.11,546.4,"JPY",117.5,13.1,"",0,11.7,13.5,8.9,5.0,6.8,"Industrial Services","Engineering & Construction","",2.82,"",2025,15308.0,"",""
"9171","KURIBAYASHI STEAMSHIP CO","20260220",1783.0,7.0,3152.43,1030.53,4.33,2426.54,1298.8,"JPY",140.5,4.0,"",0,7.4,4.8,7.9,0.0,"","Transportation","Marine Shipping","",12.36,"",2025,53071.0,2175.0,908.0
"9173","TOKAI KISEN CO","20260220",3035.0,0.0,2940.41,961.23,4.5,2178.54,214.7,"JPY",-653.9,50.0,10.0,0,6.6,-11.2,5.9,-1.7,"","Transportation","Marine Shipping","",2.19,"",2024,14604.0,3350.0,2728.0
"9193","TOKYO KISEN CO LTD","20260220",1260.0,"","","",-2.72,2387.44,-647.2,"JPY","",34.1,"",0,-3.2,1.4,1.4,-2.0,"","Transportation","Marine Shipping","",9.95,"",2025,12041.0,1359.0,624.0
"9201","JAPAN AIRLINES CO LTD","20260220",3053.0,10.0,6356.53,2390.52,11.55,2244.24,112605.6,"JPY",15.9,57.0,"",0,11.6,13.4,3.4,-18.9,"","Transportation","Airlines","",434.47,"",2025,1844095.0,3257.0,2205.0
"9202","全日本空輸","20260220",3304.0,15.0,9797.01,3527.33,14.0,2419.65,158269.4,"JPY",20.8,42.4,"",0,15.6,18.8,10.3,-14.8,"","Transportation","Airlines","",467.14,"",2025,2261856.0,3350.0,2509.5
"9204","SKYMARK AIRLINES INC","20260220",395.0,9.0,811.84,265.39,6.01,450.63,1628.6,"JPY",-149.8,51.8,"",0,7.4,12.9,75.1,-81.0,"","Transportation","Airports & Air Services","",60.18,"",2025,108893.0,551.0,355.0
"9206","STAR FLYER INC","20260220",2065.0,15.0,6184.13,2021.6,18.15,1135.71,779.2,"JPY",267.0,0.0,"",0,59.7,52.1,-2.8,-96.5,"","Transportation","Airlines","",3.78,"",2025,42900.0,2660.0,2020.0
"9211","F CODE INC","20260220",1488.0,6.0,2343.08,765.96,13.17,551.02,885.9,"JPY","",0.0,"",0,42.0,2847.1,"","","","Commercial Services","Advertising Agencies","",12.21,"",2024,5130.0,2985.0,1330.0
"9212","Green Earth Institute Co.,Ltd.","20260220",396.0,-5.0,273.47,89.4,4.9,186.12,103.1,"JPY",7600.0,0.0,"",0,6.4,-6.6,-5.1,-15.6,-22.8,"Process Industries","Specialty Chemicals","",11.31,"",2025,1075.0,495.0,315.0
"9213","SEYFERT LTD","20260220",726.0,-49.0,3.41,1.11,0.01,818.94,0.1,"JPY",-4.5,62.7,12.0,0,1.8,11.9,32.1,44.7,"","Commercial Services","Conglomerates","",1.32,"",2024,2130.0,2298.0,730.0
"9214","RECOVERY INTERNATIONAL CO LTD","20260220",1390.0,11.0,3092.28,1101.97,17.46,516.79,123.7,"JPY",15.5,42.2,"",0,22.2,20.2,47.2,92.6,"","Health Services","Medical Care Facilities","",1.37,"",2024,2043.0,1727.0,1100.0
"9215","CaSy Co.,Ltd.","20260220",924.0,-1.0,827.81,270.61,18.83,146.52,51.6,"JPY",27.9,36.0,"",0,22.4,2.1,9.6,17.3,6.1,"Commercial Services","Software - Application","",1.87,"",2025,1922.0,1500.0,800.0
"9216","BEWITH INC","20260220",1750.0,1.0,1875.65,613.15,9.88,632.91,883.4,"JPY",-6.5,70.1,"",0,6.8,23.2,25.4,42.2,"","Commercial Services","Specialty Business Services","",14.13,"",2025,36424.0,1766.0,1387.0
"9218","MENTAL HEALTH TECHNOLOGIES CO LTD","20260220",728.0,-5.0,521.71,185.2,14.03,124.54,181.5,"JPY",26.9,36.6,10.0,0,-3.2,63.5,86.2,"","","Technology Services","Medical Care Facilities","",10.39,"",2024,5134.0,888.0,638.0
"9219","GIXO LTD","20260220",945.0,"","","",-1.12,324.69,-20.4,"JPY","",90.0,"",0,-3.8,"","","","","Technology Services","Information Technology Services","",5.59,"",2025,2398.0,1048.0,834.0
"9220","FB CARE SERVICE CO LTD","20260220",1214.0,24.0,6058.19,2147.72,13.96,1473.68,508.3,"JPY",43.7,35.8,"",0,14.1,18.8,24.2,31.4,"","Health Services","Medical Care Facilities","",2.47,"",2025,10967.0,1324.0,893.0
"9221","FULUHASHI EPO CORPORATION","20260220",1338.0,9.0,2611.94,900.77,16.23,482.31,907.4,"JPY",83.5,25.8,"",0,20.1,16.7,32.7,33.8,"","Utilities","Waste Management","",11.59,"",2025,9383.0,1497.0,785.0
"9223","ASNOVA CO LTD","20260220",517.0,"","","",-2.17,239.47,-64.8,"JPY",3497.6,10.8,"",0,-1.6,7.4,5.2,"","","Finance","Finance/Rental/Leasing","",12.44,"",2025,4266.0,684.0,486.0
"9225","Bridge Consulting Group, Inc.","20260220",1162.0,7.0,2010.58,746.05,13.47,570.15,154.3,"JPY","",53.8,"",0,13.9,"","","","","Commercial Services","Miscellaneous Commercial Services","",2.01,"",2025,2239.0,1480.0,854.0
"9227","MICROWAVE CHEMICAL CO LTD","20260220",1012.0,"","","",-5.01,67.09,-53.4,"JPY","",0.0,"",0,20.9,5.0,7.2,-13.7,"","Commercial Services","Chemicals","",15.86,"",2025,1608.0,1620.0,345.0
"9229","SUNWELS CO LTD","20260220",274.0,"","","",-8.94,265.68,-770.3,"JPY","",28.8,"",0,-4.3,17.3,53.3,1.7,"","Health Services","Medical Care Facilities","",32.43,"",2025,26496.0,982.0,318.0
"9232","Pasco Corp.","20250121",2131.0,3.0,2753.15,900.01,9.23,994.79,2976.2,"JPY",6.8,53.3,"",0,11.7,21.1,13.0,21.2,"","Industrials","Specialty Business Services","",32.43,"",2024,60704.0,0.0,0.0
"9233","Asia Air Survey Co., Ltd.","20260220",1268.0,12.0,3156.59,1031.9,8.72,1206.7,1915.0,"JPY",38.8,44.5,"",0,9.1,9.8,11.2,10.7,11.2,"Technology Services","Engineering & Construction","",18.2,"",2025,41591.0,1320.0,999.0
"9235","URERU NET ADVERTISING GROUP CO LTD","20260220",584.0,"","","",-33.87,92.99,-229.3,"JPY","",0.0,"",0,-27.1,"","","","","Commercial Services","Advertising/Marketing Services","",7.28,"",2025,1567.0,2015.0,348.0
"9236","Japan M&A Solution Incorporated","20260220",1010.0,"","","",-9.45,393.92,-55.1,"JPY","",0.0,"",0,-10.5,-1.8,49.8,20.8,"","Finance","Investment Managers","",1.48,"",2025,654.0,1700.0,948.0
"9237","Emimen Co.,Ltd.","20260220",914.0,-28.0,62.96,20.58,1.05,200.74,8.5,"JPY","",0.0,"",0,"","","","","","Finance","Real Estate Development","",4.05,"",2025,1872.0,"",""
"9238","VALUE CREATION CO LTD","20260220",1286.0,2.0,1510.31,493.72,19.81,254.07,115.3,"JPY","",0.0,"",0,17.0,77.6,58.4,"","","Commercial Services","Advertising/Marketing Services","",2.29,"",2025,3431.98,2044.0,954.0
"9240","DELIVERY CONSULTING INC","20260220",506.0,-2.0,448.44,146.6,6.48,230.71,72.1,"JPY",16.7,41.7,"",0,3.3,16.6,3.3,45.9,108.2,"Commercial Services","Information Technology Services","",4.82,"",2025,2740.0,1320.0,294.0
"9241","Future Link Network Co.,Ltd.","20260220",1634.0,"","","",-15.05,330.95,-41.9,"JPY","",0.0,"",0,-22.7,-21.2,-29.2,"","","Commercial Services","Advertising Agencies","",0.84,"",2025,1544.0,6110.0,1134.0
"9242","MEDIA RESEARCH INSTITUTE INC","20260220",1947.0,11.0,4245.45,1507.81,12.39,1239.02,188.8,"JPY",30.3,34.8,"",0,16.7,8.7,11.1,"","","Commercial Services","Staffing & Employment Services","",1.23,"",2025,1536.0,2537.0,1136.0
"9244","DIGITALIFT Inc.","20260220",1014.0,9.0,2039.65,666.77,12.74,511.19,93.1,"JPY","",0.0,"",0,16.6,-10.7,10.2,"","","Technology Services","Advertising Agencies","",1.43,"",2025,3490.0,1459.0,631.0
"9245","LIVERO INC","20260220",2256.0,-2.0,1908.08,623.75,14.87,427.76,334.6,"JPY",152.3,0.0,30.0,0,17.9,7.5,2.7,25.8,"","Commercial Services","Internet Content & Information","",5.26,"",2024,3586.0,2899.0,1550.0
"9246","PROJECTHOLDINGS INC","20260220",1100.0,"","","",-5.72,421.24,-128.3,"JPY",63.2,19.4,"",0,-12.7,21.0,24.1,"","","Commercial Services","Consulting Services","",5.32,"",2024,5279.0,1560.0,970.0
"9247","TRE HLDGS CORP","20260220",1805.0,24.0,10114.99,3306.61,22.44,1502.26,16420.0,"JPY","",19.0,"",0,23.2,8.2,7.9,"","","Technology Services","Waste Management","",48.7,"",2025,118678.0,1793.0,1250.0
"9248","People, Dreams & Technologies Group Co., Ltd.","20260220",1615.0,17.0,5790.14,1892.81,8.07,2392.78,1683.0,"JPY",19.9,56.3,"",0,8.4,4.6,9.7,14.1,17.0,"Commercial Services","Engineering & Construction","",8.72,"",2025,45984.0,1900.0,1371.0
"9249","Japan Ecosystem Co.,Ltd.","20260220",1589.0,-20.0,273.1,89.28,1.42,640.41,79.3,"JPY",604.2,15.7,"",0,-0.1,12.9,7.2,29.6,38.4,"Producer Manufacturing","Entertainment","",8.71,"",2025,11261.0,1685.0,1236.0
"9250","GRCS, Inc.","20260220",1128.0,"","","","","",-173.2,"JPY","",0.0,"",0,-42.1,65.1,-63.1,-46.4,"","Technology Services","Information Technology Services","",1.35,"",2025,3333.68,2138.0,901.0
"9251","AB&Company Co.,Ltd.","20260220",1250.0,5.0,1880.0,614.58,9.93,631.37,893.0,"JPY",31.3,59.2,"",0,10.5,11.9,14.6,12.1,15.9,"Consumer Services","Personal Services","",14.25,"",2025,19378.0,1399.0,819.0
"9252","Last One Mile Co.,Ltd.","20260220",4075.0,12.0,8044.17,2629.65,16.63,1612.22,724.0,"JPY",68.7,20.1,"",0,19.7,56.4,29.4,-0.5,20.3,"Technology Services","Specialty Business Services","",2.7,"",2025,15510.0,4760.0,3127.2
"9253","SLOGAN INC","20260220",771.0,10.0,1608.82,525.93,9.09,589.8,136.8,"JPY",24.7,45.0,"",0,6.0,7.5,11.6,35.6,"","Commercial Services","Staffing & Employment Services","",2.55,"",2025,1350.0,964.0,583.0
"9254","Lovable Marketing Group, Inc.","20260220",1261.0,13.0,3251.61,1062.96,31.48,344.35,134.4,"JPY",35.7,32.1,"",0,56.9,13.1,13.8,92.9,"","Commercial Services","Advertising Agencies","",1.24,"",2025,2630.0,1751.0,1095.0
"9256","SUCCEED CO LTD","20260220",830.0,10.0,1756.55,640.94,10.51,675.42,254.1,"JPY",12.9,43.5,"",0,11.7,11.3,15.8,31.4,"","Technology Services","Education & Training Services","",3.58,"",2025,3469.0,955.0,705.0
"9258","CS-C.Co.,Ltd.","20260220",343.0,"","","",-3.34,332.73,-74.1,"JPY","",0.0,"",0,-4.4,-0.4,7.0,25.0,25.1,"Technology Services","Advertising Agencies","",6.66,"",2025,3178.0,475.0,331.0
"9259","TAKAYOSHI Holdings INC.","20260220",906.0,18.0,3281.64,1072.77,18.97,576.65,613.7,"JPY","",0.0,"",0,21.3,"","","","","Distribution Services","Grocery Stores","",5.61,"",2025,7982.0,949.0,520.0
"9260","Nishimoto Co. Ltd.","20250507",1923.0,7.0,3349.53,1094.97,5.68,1965.97,4774.2,"JPY",65.1,31.0,"",0,5.9,12.1,12.9,9.7,"","Consumer Defensive","Food Distribution","",42.76,"",2024,328936.0,5874809344.0,0.0
"9262","SILVER LIFE CO LTD","20260220",811.0,12.0,1536.78,564.05,10.13,639.05,706.6,"JPY",33.7,45.2,"",0,11.1,11.4,11.4,10.0,14.9,"Health Services","Packaged Foods","",10.91,"",2025,14918.0,921.0,565.0
"9264","Puequ CO. LTD.","20260220",1721.0,11.0,3785.76,1314.76,13.66,941.15,581.2,"JPY",140.9,26.6,"",0,14.9,7.1,10.2,6.0,6.4,"Producer Manufacturing","Specialty Industrial Machinery","",4.52,"",2025,10114.0,1950.0,1111.0
"9265","YAMASHITA HEALTH CARE HOLDINGS INC","20260220",3565.0,9.0,6850.81,2239.54,6.28,3633.6,564.1,"JPY",31.7,47.6,"",0,7.2,9.9,9.9,8.9,"","Distribution Services","Medical Distribution","",2.47,"",2025,64486.0,3915.0,2445.0
"9267","GENKY DRUGSTORES CO LTD","20260220",4385.0,7.0,7716.5,2550.98,13.56,1755.73,7245.4,"JPY",108.8,5.0,"",0,15.1,16.7,14.2,13.7,"","Retail Trade","Pharmaceutical Retailers","",30.43,"",2025,200786.0,5460.0,2455.0
"9268","OPTIMUS GP CO LTD","20260220",371.0,"","","",-0.14,349.15,-34.0,"JPY",1121.9,26.2,"",0,-2.3,17.0,12.0,18.0,"","Retail Trade","Auto & Truck Dealerships","",68.26,"",2025,268825.0,396.0,270.0
"9270","Valuence Holdings, Inc.","20260220",1724.0,8.0,3095.65,1011.97,17.67,584.02,1355.9,"JPY",137.6,15.3,"",0,12.8,-10.3,14.9,14.8,13.2,"Retail Trade","Specialty Retail","",13.14,"",2025,84841.0,1979.0,664.0
"9271","WAGOKORO CO LTD","20260220",1087.0,7.0,1873.02,612.29,73.53,84.91,401.5,"JPY",53.2,23.4,"",0,297.6,"","","","","Consumer Non-Durables","Apparel Retail","",6.43,"",2024,2094.0,1141.0,332.0
"9272","BOUTIQUES INC","20260220",1607.0,3.0,2077.71,679.21,30.22,229.14,677.3,"JPY","",44.3,"",0,35.0,"","","","","Commercial Services","Internet Retail","",9.78,"",2025,5171.0,1695.0,1148.0
"9273","KOA SHOJI HOLDINGS CO LTD","20260220",847.0,13.0,2127.49,782.73,12.27,667.62,3449.9,"JPY",19.6,49.1,"",0,14.6,14.1,14.4,14.1,"","Health Technology","Drug Manufacturers - Specialty & Generic","",42.12,"",2025,23269.0,886.0,570.0
"9274","KPP GROUP HOLDINGS CO LTD","20260220",907.0,15.0,2753.52,900.13,6.83,1344.8,5877.9,"JPY",63.6,25.3,"",0,7.6,13.2,26.3,16.4,"","Distribution Services","Paper & Paper Products","",64.04,"",2025,670042.0,935.0,541.0
"9275","NARUMIYA INTERNATIONAL CO LTD","20250926",1680.0,9.0,3283.65,1253.52,16.91,714.13,1188.1,"JPY",-27.4,68.9,"",0,20.2,25.7,20.6,18.9,"","Consumer Non-Durables","Apparel Manufacturing","",9.84,"",2025,39152.0,1809.0,1084.0
"9278","BOOKOFF GROUP HLDGS LTD","20260220",1878.0,8.0,3453.22,1196.9,11.97,1061.31,2230.0,"JPY",81.2,24.1,"",0,11.1,11.3,17.0,9.3,"","Retail Trade","Specialty Retail","",17.55,"",2025,119205.0,1679.0,1297.0
"9279","GIFT HOLDINGS INC.","20260220",3920.0,-2.0,3461.75,1131.65,22.32,516.9,2309.0,"JPY",89.0,14.0,"",0,28.7,31.2,31.8,42.9,41.1,"Consumer Non-Durables","Restaurants","",20.01,"",2025,35878.1,4045.0,2632.0
"9301","三菱倉庫","20260220",1370.0,-14.0,399.13,130.48,1.27,1047.64,4758.1,"JPY",26.6,90.0,"",0,0.3,3.7,4.7,4.7,"","Transportation","Integrated Freight & Logistics","",357.63,"",2025,284069.0,1372.0,836.0
"9302","MITSUI-SOKO HOLDINGS CO LTD","20260220",3464.0,3.0,4491.28,1468.21,9.56,1565.71,11204.3,"JPY",-1.8,64.6,"",0,9.2,13.4,19.1,23.4,"","Transportation","Integrated Freight & Logistics","",74.84,"",2025,280742.0,4390.0,2513.3333
"9303","SUMITOMO WAREHOUSE CO","20260220",3850.0,-3.0,3070.44,1003.73,2.96,3461.91,7800.0,"JPY",275.9,36.5,"",0,2.9,5.2,5.1,10.3,"","Transportation","Integrated Freight & Logistics","",76.21,"",2025,193398.0,3845.0,2476.0
"9304","SHIBUSAWA LOGISTICS CORP","20260220",1389.0,2.0,1563.38,511.07,4.55,1146.28,2926.7,"JPY",98.8,17.8,"",0,5.5,6.0,8.0,11.2,"","Transportation","Integrated Freight & Logistics","",56.16,"",2025,78620.0,1400.0,712.5
"9305","YAMATANE CORP","20260220",2279.0,6.0,3509.82,1147.37,4.39,2667.11,2561.0,"JPY",252.2,25.3,"",0,3.9,2.7,4.8,4.0,"","Distribution Services","Marine Shipping","",21.89,"",2025,80922.0,3280.0,1740.0
"9306","TOYO LOGISTICS CO","20260220",2024.0,13.0,5309.92,1735.82,4.99,3547.94,1329.3,"JPY",157.1,21.8,"",0,5.5,6.2,6.0,7.1,"","Transportation","Integrated Freight & Logistics","",7.51,"",2025,29186.0,2088.0,1290.0
"9307","SUGIMURA WAREHOUSE CO","20260220",1025.0,6.0,1686.33,551.26,5.48,1025.93,919.1,"JPY",-27.2,59.6,"",0,5.7,5.6,4.6,5.9,"","Transportation","Specialty Business Services","",16.35,"",2025,11235.0,1097.0,618.0
"9308","INUI GLOBAL LOGISTICS CO LTD","20260220",1546.0,8.0,2905.24,949.73,6.61,1465.0,2437.5,"JPY",79.3,34.0,"",0,10.2,3.5,32.1,65.9,"","Transportation","Marine Shipping","",25.17,"",2025,31770.0,1742.0,1144.0
"9310","JAPAN TRANSCITY CORP","20260220",1324.0,10.0,2846.88,930.65,6.51,1457.66,5936.7,"JPY",116.8,10.3,"",0,6.9,6.5,8.8,9.1,"","Transportation","Integrated Freight & Logistics","",62.56,"",2025,124765.0,1445.0,728.0
"9311","ASAGAMI CORPORATION","20260220",8550.0,18.0,32675.53,10681.69,7.25,15022.7,1535.8,"JPY",0.4,57.0,"",0,6.9,5.6,6.5,8.4,"","Transportation","Integrated Freight & Logistics","",1.41,"",2025,38943.0,8540.0,5450.0
"9312","KEIHIN CO LTD","20260220",3275.0,16.0,10623.12,3472.72,7.64,4633.23,2312.3,"JPY",87.3,14.7,"",0,7.5,8.3,12.7,11.6,"","Transportation","Integrated Freight & Logistics","",6.53,"",2025,50452.0,3330.0,1930.0
"9313","Maruhachi Warehouse Company Limited","20260220",1041.0,5.0,1540.54,503.61,2.37,2164.02,304.0,"JPY",184.5,21.1,"",0,2.5,1.9,3.6,4.0,5.0,"Transportation","Specialty Business Services","",5.92,"",2025,4931.0,1100.0,735.0
"9319","CHUO WAREHOUSE CO","20260220",1675.0,5.0,2540.78,830.58,3.4,2493.95,1555.0,"JPY",142.0,28.8,"",0,3.4,3.3,3.8,3.5,"","Transportation","Specialty Business Services","",18.36,"",2025,27840.0,1775.0,1190.0
"9322","KAWANISHI WAREHOUSE CO","20260220",2802.0,-1.0,2604.88,851.54,3.13,2774.48,666.9,"JPY",31.0,43.1,"",0,3.7,4.8,1.0,3.1,"","Transportation","Specialty Business Services","",7.68,"",2025,25542.0,3125.0,989.0
"9324","YASUDA LOGISTICS CORP","20260220",2537.0,4.0,3559.77,1163.69,3.67,3236.18,3437.6,"JPY",402.8,23.0,"",0,3.7,3.6,3.3,3.7,"","Transportation","Specialty Business Services","",28.97,"",2025,75115.0,2656.0,1456.0
"9325","PHYZ HOLDINGS INC","20260220",1140.0,9.0,2330.87,761.96,21.23,365.92,834.5,"JPY",102.2,19.2,"",0,27.5,29.1,36.6,20.8,"","Commercial Services","Specialty Business Services","",10.74,"",2025,31614.0,1355.0,795.0
"9326","KANTSU CO LTD","20260220",481.0,-8.0,257.65,84.23,4.16,206.32,87.0,"JPY","",85.4,"",0,0.5,10.6,"","","","Transportation","Integrated Freight & Logistics","",10.13,"",2025,15270.0,628.0,265.0
"9331","Caster Co. Ltd.","20260220",765.0,"","","",-38.65,361.73,-274.0,"JPY","",0.0,"",0,-35.5,"","","","","Commercial Services","Miscellaneous Commercial Services","",1.96,"",2025,4588.0,1050.0,715.0
"9332","NISSO HOLDINGS CO LTD","20260220",670.0,14.0,1484.6,572.18,12.33,500.12,2034.7,"JPY",-7.6,67.6,"",0,15.0,13.4,12.0,13.6,"","Commercial Services","Personnel Services","",32.99,"",2025,101560.0,826.0,588.0
"9336","DAIEI KANKYO CO LTD","20260220",3850.0,1.0,4152.5,1440.29,14.5,947.89,13668.5,"JPY",117.2,26.7,"",0,16.1,17.2,17.9,16.0,"","Industrial Services","Waste Management","",99.45,"",2025,80178.0,4260.0,2577.0
"9337","TORIDORI INC","20260220",1874.0,6.0,2927.96,957.16,22.64,431.0,321.1,"JPY","",0.0,"",0,21.7,12.6,-1488.5,"","","Commercial Services","Software - Application","",3.29,"",2024,4273.0,3590.0,1590.0
"9338","INFORICH INC","20260220",4545.0,4.0,6074.87,1985.89,37.32,542.61,1986.5,"JPY",72.6,13.7,"",0,72.2,30.0,-32.1,-117.5,"","Distribution Services","Specialty Business Services","",9.81,"",2024,10701.0,4135.0,1766.0
"9339","COACH A Co., Ltd.","20260220",1237.0,3.0,1588.98,519.44,3.93,1346.61,125.0,"JPY",-51.3,66.6,"",0,4.1,3.9,4.8,25.9,20.9,"Commercial Services","Education & Training Services","",2.36,"",2025,3501.0,1550.0,924.0
"9340","ASO INTERNATIONAL INC","20260220",711.0,8.0,1282.13,476.79,15.32,299.29,449.0,"JPY",18.1,57.1,"",0,16.7,15.7,18.6,26.9,"","Health Services","Medical Instruments & Supplies","",9.79,"",2025,3796.0,762.0,501.0
"9341","GENOVA INC","20260220",600.0,17.0,1912.51,688.58,15.37,403.98,1075.7,"JPY",11.6,44.2,"",0,23.4,42.0,84.6,89.4,"","Technology Services","Medical Devices","",17.32,"",2025,10006.0,1090.0,552.0
"9342","Sumasapo, Inc.","20260220",1267.0,1.0,1383.61,452.3,19.47,236.93,111.2,"JPY",28.4,35.8,"",0,29.5,31.6,-43.2,39.7,-26.9,"Technology Services","Real Estate Services","",2.41,"",2025,2816.0,1480.0,840.0
"9344","AXIS CONSULTING CORPORATION","20260220",905.0,16.0,2938.08,960.46,15.43,634.67,488.7,"JPY","",0.0,35.0,0,19.6,48.5,60.3,"","","Commercial Services","Staffing & Employment Services","",4.99,"",2024,4665.0,979.0,665.0
"9345","BIZMATES INC","20260220",681.0,14.0,1902.9,677.5,12.64,539.69,221.7,"JPY",27.7,36.2,15.0,0,15.6,28.5,49.4,66.7,"","Technology Services","Education & Training Services","",3.25,"",2024,3474.0,1338.5,677.0
"9346","COCORPORT INC","20260220",1671.0,14.0,4672.64,1527.49,19.67,791.91,577.9,"JPY",18.8,40.6,"",0,25.4,29.0,73.8,76.1,"","Health Services","Staffing & Employment Services","",3.71,"",2025,6376.0,2075.0,1209.0
"9347","NIPPON KANZAI HOLDINGS CO LTD","20260220",2834.0,8.0,5304.85,1734.16,9.63,1836.04,6422.4,"JPY",-3.7,67.8,"",0,7.8,8.5,9.4,11.1,"","Finance","Real Estate Services","",36.32,"",2025,139868.0,2970.0,2440.0
"9348","ISPACE INC","20260220",601.0,"","","",-157.51,66.18,-11035.3,"JPY","",0.0,"",0,-116.2,"",-129.1,-55.3,"","Electronic Technology","Computer Hardware","",105.87,"",2025,4743.0,1460.0,409.0
"9351","TOYO WHARF & WAREHOUSE CO","20260220",1999.0,12.0,4846.42,1584.3,4.29,3762.04,1174.5,"JPY",146.0,26.3,"",0,3.2,2.8,5.9,6.1,"","Transportation","Integrated Freight & Logistics","",7.27,"",2025,35100.0,2017.0,1160.0
"9353","SAKURAJIMA FUTO KAISHA","20260220",2674.0,8.0,4753.62,1553.97,3.46,4585.53,240.9,"JPY",612.5,13.6,"",0,3.7,4.9,3.6,4.6,"","Transportation","Marine Shipping","",1.52,"",2025,4338.0,3850.0,1420.0
"9355","RINKO CORP","20260220",2117.0,12.0,5338.51,1745.17,2.58,6889.27,464.5,"JPY",195.7,9.6,"",0,2.6,1.4,2.8,2.8,"","Transportation","Integrated Freight & Logistics","",2.61,"",2025,13542.0,2273.0,1574.0
"9357","MEIKO TRANS CO. LTD.","20260220",2132.0,52.0,60987.45,19936.91,4.36,46657.92,5265.3,"JPY",120.9,16.2,"",0,4.4,4.3,4.9,5.1,"","Transportation","Integrated Freight & Logistics","",2.59,"",2025,81485.0,"",""
"9359","ISEWAN TERMINAL SERVICE CO. LTD.","20260220",975.0,53.0,29587.07,9672.06,5.66,17429.73,2554.4,"JPY",35.8,43.7,"",0,5.6,6.3,11.8,6.8,"","Transportation","Specialty Business Services","",2.59,"",2025,55739.0,"",""
"9360","SUZUYO SHINWART CORP","20260220",3000.0,18.0,10177.67,3820.71,20.67,1587.68,932.1,"JPY",-2.2,66.5,"",0,29.6,24.7,13.9,10.3,"","Transportation","Information Technology Services","",2.84,"",2025,19116.0,3300.0,2064.0
"9361","FUSHIKI KAIRIKU UNSO CO","20260220",2305.0,18.0,8509.46,2781.76,6.3,4503.86,734.7,"JPY",51.5,38.5,"",0,6.4,3.5,8.0,4.7,"","Transportation","Marine Shipping","",2.59,"",2025,13453.0,2490.0,1446.0
"9362","HYOKI KAIUN KAISHA","20260220",3655.0,10.0,8036.97,2627.3,7.97,3360.5,318.8,"JPY",97.3,21.9,130.0,0,12.4,11.8,6.0,9.4,"","Transportation","Marine Shipping","",1.19,"",2023,18387.0,4000.0,2600.0
"9364","KAMIGUMI CO LTD","20260220",5601.0,4.0,7725.59,2525.51,6.81,3781.61,26073.9,"JPY",39.6,79.1,"",0,6.6,6.4,6.8,6.1,"","Transportation","Integrated Freight & Logistics","",101.25,"",2025,279182.0,5741.0,3209.0
"9365","TRADIA CORPORATION","20260220",1660.0,19.0,6713.27,2194.58,7.07,3163.27,329.0,"JPY",196.8,12.2,"",0,6.1,5.9,11.5,11.1,"","Transportation","Marine Shipping","",1.47,"",2025,16646.0,1676.0,1101.0
"9366","SANRITSU CORP","20260220",959.0,19.0,3817.03,1247.79,6.13,2074.78,716.3,"JPY",114.5,23.7,"",0,5.6,6.4,8.8,9.0,"","Commercial Services","Integrated Freight & Logistics","",5.63,"",2025,20122.0,974.0,727.0
"9367","DAITO KOUN CO LTD","20260220",2368.0,-2.0,2099.13,686.21,6.43,1087.73,604.6,"JPY",105.4,16.8,"",0,5.8,6.4,10.3,11.5,"","Transportation","Marine Shipping","",8.64,"",2025,16761.0,2737.0,650.0
"9368","KIMURA UNITY CO","20260220",945.0,13.0,2420.25,791.18,8.46,953.55,3317.4,"JPY",71.8,63.7,"",0,8.3,9.6,7.8,7.7,"","Transportation","Specialty Business Services","",41.12,"",2025,61129.0,927.0,685.0
"9369","K.R.S.Corporation","20260220",3155.0,0.0,3265.49,1067.49,5.97,1821.84,2706.0,"JPY",107.4,19.5,"",0,6.3,6.7,5.3,4.3,4.7,"Transportation","Integrated Freight & Logistics","",24.86,"",2025,202602.0,3680.0,1456.0
"9376","EURASIA TRAVEL Co., Ltd.","20260220",934.0,0.0,967.07,316.14,6.45,499.46,119.0,"JPY",12.0,44.0,"",0,6.5,7.2,-3.2,-6.6,-6.3,"Consumer Services","Travel Services","",3.69,"",2025,4787.0,997.0,400.0
"9377","AGP CORP","20250926",1551.0,4.0,2053.29,671.22,9.1,751.87,894.6,"JPY",18.8,75.4,"",0,10.4,8.1,6.3,2.1,"","Transportation","Airports & Air Services","",13.07,"",2025,14443.0,2384776960.0,1144198656.0
"9380","AZUMA SHIPPING CO. LTD","20260220",422.0,3.0,519.03,169.67,2.79,620.77,486.5,"JPY",273.6,11.5,"",0,2.8,-0.4,3.8,3.4,"","Transportation","Marine Shipping","",28.12,"",2025,39399.0,439.0,286.0
"9381","AIT CORPORATION","20260220",2281.0,5.0,3339.06,1267.38,15.94,810.9,3037.0,"JPY",21.0,65.0,"",0,17.1,18.4,26.4,21.0,"","Transportation","Integrated Freight & Logistics","",23.49,"",2025,55638.0,2329.0,1403.0
"9384","NAIGAI TRANS LINE LTD","20250724",4050.0,-2.0,3592.86,1313.78,13.88,946.62,3085.7,"JPY",21.0,48.4,"",0,16.2,18.2,38.8,29.7,"","Transportation","Integrated Freight & Logistics","",23.49,"",2024,38016.0,4301931008.0,2475.0
"9385","SHOEI CORPORATION","20260220",839.0,11.0,1846.68,683.43,12.88,553.17,550.6,"JPY",37.4,52.1,"",0,11.8,13.3,12.2,1.0,"","Process Industries","Advertising Agencies","",7.73,"",2025,19031.0,788.0,477.0
"9386","NIPPON CONCEPT CORPORATION","20251031",3050.0,3.0,3845.37,1257.06,9.13,1404.69,1777.8,"JPY",10.4,55.5,53626492.0,0,10.6,15.0,24.9,17.0,"","Transportation","Oil & Gas Midstream","",13.87,"",2024,18229.0,4122536448.0,2064619904.0
"9388","PAPANETS CO LTD","20260220",1785.0,14.0,5187.19,1695.7,21.8,793.12,276.7,"JPY",20.0,47.5,"",0,25.0,24.7,26.7,25.9,"","Finance","Real Estate Development","",1.6,"",2025,5367.0,"",""
"9399","BEAT HOLDINGS LTD","20260220",33.0,"","","",-23.58,0.08,-3.6,"USD","",0.0,"",0,"",-230.4,-87.1,"","","Technology Services","Software - Application","",182.04,"",2024,1.82,188.9,26.0
"9401","TBS HOLDINGS INC","20260220",5714.0,-17.0,1275.55,416.98,0.71,5967.54,6666.9,"JPY",680.1,39.2,"",0,0.5,1.1,1.9,1.9,"","Consumer Services","Broadcasting","",156.8,"",2025,406700.0,6402.0,3915.0
"9402","CHUBU-NIPPON BROADCASTING CO. LTD.","20260220",1129.0,-17.0,267.43,87.42,2.0,444.95,1408.9,"JPY",346.8,26.9,"",0,1.9,2.0,1.9,2.3,"","Consumer Services","Broadcasting","",158.05,"",2025,33296.0,"",""
"9404","NIPPON TELEVISION HOLDINGS INC","20260220",3248.0,8.0,5782.52,1890.32,4.99,3863.3,47881.2,"JPY",93.1,19.5,"",0,4.6,3.9,4.4,5.3,"","Consumer Services","Broadcasting","",248.41,"",2025,461915.0,4211.0,2768.0
"9405","ASAHI BROADCASTING GP HLDGS CORP","20260220",826.0,7.0,1462.46,478.08,2.66,1832.11,2037.2,"JPY",-62.5,66.9,"",0,2.0,0.4,3.3,4.4,"","Consumer Services","Broadcasting","",41.79,"",2025,91923.0,886.0,588.0
"9407","RKB MAINICHI HOLDINGS CORP","20260220",5600.0,-24.0,619.09,202.38,2.18,944.52,861.2,"JPY",326.0,16.4,"",0,2.1,2.5,2.3,2.9,"","Consumer Services","Broadcasting","",41.73,"",2025,24251.0,5700.0,4440.0
"9408","BSN MEDIA HOLDINGS INC","20260220",2537.0,10.0,5251.0,1716.56,4.33,4038.56,1048.5,"JPY",113.9,4.5,"",0,5.1,3.9,5.1,3.6,"","Consumer Services","Entertainment","",5.99,"",2025,24375.0,2784.0,1531.0
"9409","TV ASAHI HOLDINGS CORP","20260220",3210.0,8.0,6081.08,1987.92,4.58,4428.13,20400.0,"JPY",119.4,21.3,"",0,4.4,3.3,4.2,4.6,"","Consumer Services","Broadcasting","",100.64,"",2025,324056.0,3720.0,2198.0
"9412","完美天空JSAT控股","20260220",2800.0,-4.0,2107.44,688.93,7.07,993.89,19911.1,"JPY",36.1,50.1,"",0,6.8,7.3,6.6,6.2,"","Consumer Services","Broadcasting","",283.44,"",2025,123721.0,2933.0,996.0
"9413","TV TOKYO HLDG CORP","20260220",4375.0,8.0,7784.84,2544.88,6.79,3821.95,6905.2,"JPY",2.1,64.1,"",0,5.6,6.5,7.1,6.9,"","Consumer Services","Broadcasting","",26.61,"",2025,155837.0,5110.0,3235.0
"9414","Nippon BS Broadcasting Corp.","20260220",962.0,11.0,2223.15,726.75,5.41,1370.59,1320.6,"JPY",50.2,41.6,"",0,5.7,6.4,6.4,7.9,9.9,"Consumer Services","Broadcasting","",17.82,"",2025,11812.0,1169.0,826.0
"9416","VISION INC","20260220",1291.0,8.0,2367.18,858.06,19.22,363.69,3438.6,"JPY",18.5,51.3,50.0,0,23.9,24.7,15.9,8.5,"","Communications","Telecom Services","",49.19,"",2024,35528.0,1343.0,1010.0
"9417","SMARTVALUE CO LTD","20260220",334.0,"","","",-34.22,244.75,-870.1,"JPY","",0.0,"",0,-61.8,-14.2,-2.2,0.0,"","Technology Services","Software - Infrastructure","",10.39,"",2025,4361.0,529.0,300.0
"9418","U-NEXT HOLDINGS Co.Ltd.","20260220",1839.0,8.0,3448.6,1249.88,18.86,540.94,18402.0,"JPY",8.8,50.9,"",0,23.4,23.8,29.9,30.0,33.8,"Communications","Conglomerates","",180.37,"",2025,390408.0,2359.0,1620.0
"9421","NJ Holdings Inc.","20260220",635.0,-12.0,231.38,75.64,2.53,304.73,40.8,"JPY","",0.0,"",0,2.0,6.6,-19.5,-28.5,"","Communication Services","Telecom Services","",5.29,"",2025,9107.0,732.0,440.0
"9424","JAPAN COMMUNICATIONS INC.","20260220",136.0,3.0,168.74,55.16,24.58,22.88,938.3,"JPY",11.0,44.5,"",0,30.6,66.9,96.1,98.0,"","Communications","Telecom Services","",166.81,"",2025,9238.0,193.0,119.0
"9428","CROPS CORPORATION","20260220",1509.0,12.0,3643.07,1308.27,11.1,1293.34,1358.6,"JPY",39.4,37.7,"",0,11.4,12.0,13.0,19.1,"","Retail Trade","Telecom Services","",9.46,"",2025,61568.0,1764.0,904.0
"9432","日本電信電話","20260220",151.0,13.0,387.21,126.58,10.36,124.57,1059044.2,"JPY",-13.6,71.6,"",0,10.2,13.8,14.5,15.4,"","Communications","Telecom Services","",82052.28,"",2025,13704727.0,167.2,135.2
"9433","KDDI","20260220",2616.0,10.0,5445.05,1780.0,13.5,1344.79,692116.2,"JPY",250.7,71.3,"",0,13.0,12.4,13.6,14.1,"","Communications","Telecom Services","",3813.28,"",2025,5917953.0,2827.0,2227.0
"9434","SOFTBANK CORP.","20260220",210.0,6.0,327.13,106.94,18.98,57.46,520638.3,"JPY",-24.4,90.0,"",0,21.3,21.2,18.0,32.6,"","Communications","Telecom Services","",47745.9,"",2025,6544349.0,247.9,192.5
"9435","HIKARI TSUSHIN INC","20260220",41910.0,6.0,65022.57,24800.62,12.69,20828.05,116081.5,"JPY",-92.5,63.9,"",0,14.2,21.8,16.0,20.4,"","Utilities","Conglomerates","",43.92,"",2025,686553.0,45950.0,33300.0
"9436","OKINAWA CELLULAR","20260220",3305.0,3.0,4057.99,1326.57,12.99,1041.45,12539.2,"JPY",-2.6,83.5,"",0,13.0,12.3,11.2,11.7,"","Communications","Telecom Services","",92.7,"",2025,84314.0,3405.0,1960.0
"9438","MTI Ltd.","20260220",701.0,4.0,976.08,319.08,9.81,331.83,1805.4,"JPY",14.6,68.7,"",0,11.5,12.8,0.1,-0.8,-4.0,"Technology Services","Health Information Services","",55.49,"",2025,29910.0,973.0,682.0
"9439","M H GROUP LTD","20260220",226.0,"","","",-1.33,43.76,-6.7,"JPY",4.8,47.6,"",0,-2.3,2.9,7.8,3.8,"","Consumer Services","Personal Services","",11.54,"",2025,1844.0,280.0,188.0
"9441","BELL-PARK CO LTD","20260220",2584.0,15.0,8130.59,2657.9,9.65,2809.79,3295.6,"JPY",37.3,47.9,102.0,0,9.5,8.2,8.0,12.1,"","Retail Trade","Specialty Retail","",12.16,"",2024,116038.0,3035.0,1427.0
"9444","Toshin Holdings Co., Ltd.","20260220",356.0,"","","",-25.91,369.09,-618.8,"JPY","",16.5,"",0,-26.5,4.3,-6.0,15.6,11.6,"Distribution Services","Specialty Retail","",6.47,"",2025,17477.0,685.0,412.0
"9445","FORVAL TELECOM","20260220",589.0,13.0,1507.42,563.64,23.16,198.09,768.9,"JPY",20.5,67.3,"",0,25.2,27.9,16.3,29.6,"","Communications","Telecom Services","",16.76,"",2025,25684.0,600.0,406.0
"9446","SAKAI Holdings CO.,LTD","20260220",742.0,23.0,3249.64,1224.05,19.01,610.9,873.2,"JPY",-67.2,65.3,"",0,18.9,19.5,23.6,26.3,30.3,"Retail Trade","Telecom Services","",7.52,"",2025,17017.0,718.0,399.0
"9449","GMO INTERNET GROUP INC","20260220",2930.0,6.0,4669.48,1689.7,17.89,850.45,15453.6,"JPY",58.6,48.4,52.0,0,16.5,18.8,3.0,33.8,"","Technology Services","Telecom Services","",101.59,"",2024,277407.0,4118.0,2710.0
"9450","FIBERGATE INC","20260220",685.0,18.0,2033.8,664.85,21.13,320.82,1364.0,"JPY",11.6,49.3,"",0,23.7,35.2,48.9,29.7,"","Communications","Telecom Services","",20.12,"",2025,13070.0,1038.0,653.0
"9466","AIDMA MARKETING COMMUNICATION CORP","20260220",244.0,18.0,702.58,276.13,11.93,252.14,393.4,"JPY",8.4,75.1,"",0,15.8,6.2,6.3,7.6,"","Commercial Services","Advertising Agencies","",13.08,"",2025,5586.0,295.0,212.0
"9467","ALPHAPOLIS CO LTD","20260220",1250.0,5.0,1879.57,676.96,13.8,471.71,1891.6,"JPY",15.2,42.4,"",0,17.3,14.1,17.3,18.6,"","Consumer Services","Internet Content & Information","",29.06,"",2025,13620.0,1731.0,1149.0
"9468","KADOKAWA CORPORATION","20260220",2788.5,-5.0,1860.9,608.33,3.61,1718.2,9105.4,"JPY",3.7,59.8,"",0,4.1,5.8,10.4,11.6,"","Consumer Services","Publishing","",146.79,"",2025,277915.0,4117.0,3005.0
"9470","Gakken Holdings Co., Ltd.","20260220",1039.0,8.0,1964.48,642.19,5.26,1245.23,2713.0,"JPY",-32.0,72.2,"",0,5.0,6.7,6.1,8.3,7.6,"Consumer Services","Education & Training Services","",41.43,"",2025,199119.0,1164.0,883.0
"9471","BUNKEIDO CO. LTD.","20260220",1180.0,-11.0,450.43,147.25,4.1,366.61,621.9,"JPY",-11.4,71.8,"",0,3.8,4.8,5.4,5.8,"","Consumer Services","Publishing","",41.42,"",2025,12475.0,"",""
"9474","ZENRIN CO LTD","20260220",1014.0,2.0,1218.01,398.17,4.35,933.34,2167.7,"JPY",9.8,90.0,"",0,4.9,1.6,1.6,4.0,"","Commercial Services","Internet Content & Information","",53.39,"",2025,64363.0,1225.0,983.0
"9475","SHOBUNSHA HOLDINGS INC","20260220",524.0,-4.0,385.66,126.07,1.79,719.73,232.6,"JPY",-33.7,50.0,"",0,1.5,2.8,1.9,-10.1,"","Consumer Services","Publishing","",18.09,"",2025,6256.0,534.0,380.0
"9476","Chuokeizai-sha Holdings,Inc.","20260220",958.0,3.0,1229.46,401.91,3.64,1124.81,158.6,"JPY",94.0,22.2,"",0,4.5,-0.5,1.3,2.4,3.7,"Consumer Services","Publishing","",3.87,"",2025,3256.0,925.0,480.0
"9478","SE HOLDINGS AND INCUBATIONS","20260220",453.0,11.0,1053.24,344.31,6.11,574.22,553.0,"JPY",-18.7,65.3,"",0,6.2,10.2,15.0,17.0,"","Consumer Services","Publishing","",15.75,"",2025,7242.0,481.0,212.0
"9501","東京電力","20260220",703.3,25.0,4099.68,1340.19,5.82,2346.15,218963.8,"JPY",39.6,30.2,"",0,6.2,12.6,-9.3,1.2,"","Utilities","Utilities - Renewable","",1602.3,"",2025,6810391.0,939.4,360.0
"9502","中部電力","20260220",2573.5,17.0,8781.02,2870.53,7.93,3688.76,221109.1,"JPY",37.2,36.5,"",0,8.1,19.7,1.7,-2.8,"","Utilities","Utilities - Diversified","",755.41,"",2025,3669234.0,2648.5,1444.0
"9503","關西電力","20260220",2682.0,18.0,7975.76,3139.64,12.12,2751.94,371504.6,"JPY",-33.6,76.3,"",0,15.7,31.7,1.0,5.0,"","Utilities","Utilities - Renewable","",1114.07,"",2025,4337111.0,2743.5,1513.5
"9504","CHUGOKU ELECTRIC POWER CO INC","20260220",1078.0,30.0,8974.25,2933.7,13.7,1967.62,96922.8,"JPY",188.0,0.0,"",0,16.6,31.0,-11.3,-6.4,"","Utilities","Utilities - Renewable","",359.59,"",2025,1529218.0,1054.5,677.2
"9505","HOKURIKU ELECTRIC POWER CO","20260220",1076.5,38.0,10675.18,3870.93,17.72,1822.44,67460.9,"JPY",-97.8,50.0,"",0,21.1,44.2,-23.1,-8.0,"","Utilities","Utilities - Regulated Electric","",208.91,"",2025,858275.0,1058.0,673.5
"9506","TOHOKU ELECTRIC POWER CO INC","20260220",1301.0,35.0,11310.92,4103.62,17.58,1969.11,173150.6,"JPY",-6.3,50.0,"",0,21.9,40.5,-18.8,-10.6,"","Utilities","Utilities - Renewable","",500.32,"",2025,2644912.0,1228.0,881.1
"9507","SHIKOKU ELECTRIC POWER CO INC","20260220",1758.5,27.0,10300.94,3726.2,15.73,2129.6,68904.2,"JPY",6.9,46.5,"",0,19.2,20.2,-7.8,-3.8,"","Utilities","Utilities - Regulated Electric","",205.68,"",2025,851399.0,1720.0,967.4
"9508","KYUSHU ELECTRIC POWER CO INC","20260220",1945.0,26.0,10578.42,3881.54,16.6,2114.02,165906.2,"JPY",-74.2,53.3,"",0,16.6,30.9,-11.5,2.1,"","Utilities","Utilities - Independent Power Producers","",472.78,"",2025,2356833.0,1887.5,1107.0
"9509","HOKKAIDO ELECTRIC POWER CO INC","20260220",1191.0,25.0,6859.03,2299.85,12.29,1908.6,48167.9,"JPY",85.0,10.7,"",0,13.5,26.3,-9.7,3.3,"","Utilities","Utilities - Renewable","",205.35,"",2025,902053.0,1295.0,599.4
"9511","OKINAWA ELECTRIC POWER COMPANY INC","20260220",1186.0,10.0,2568.97,839.8,3.83,2234.09,4651.6,"JPY","",13.6,"",0,3.4,1.8,-28.7,1.0,"","Utilities","Utilities - Renewable","",54.32,"",2025,236540.0,1203.0,825.0
"9513","ELECTRIC POWER DEVELOPMENT","20260220",3572.0,19.0,14632.03,4783.24,6.68,7305.52,89196.9,"JPY",-67.6,59.9,"",0,7.0,7.2,12.5,8.6,"","Utilities","Utilities - Renewable","",182.88,"",2025,1316674.0,3593.0,2275.5
"9514","EF-ON INC","20260220",342.0,16.0,1106.57,361.74,4.18,882.99,780.5,"JPY",-181.7,61.9,"",0,4.2,1.5,4.9,4.3,"","Utilities","Utilities - Renewable","",21.16,"",2025,17599.0,458.0,281.0
"9517","EREX CO LTD","20260220",673.0,7.0,1126.49,368.25,4.57,822.04,2930.0,"JPY","",6.8,"",0,6.7,-31.4,17.0,21.7,"","Utilities","Utilities - Renewable","",78.03,"",2025,171217.0,860.0,598.0
"9519","RENOVA INC","20260220",721.0,9.0,1463.61,478.46,4.95,985.69,4410.4,"JPY",208.4,1.4,"",0,4.3,20.7,0.8,3.2,"","Utilities","Utilities - Renewable","",90.4,"",2025,70246.0,1025.0,470.0
"9522","Renewable Japan Co. Ltd.","20250402",1245.0,-15.0,347.9,113.73,2.76,419.42,353.0,"JPY",33436.2,0.0,"",0,3.3,12.2,-15.2,9.4,"","Utilities","Utilities - Renewable","",30.44,"",2024,18426.0,"",""
"9531","東京瓦斯","20260220",7650.0,2.0,8589.68,2807.98,5.76,4966.6,99471.4,"JPY",4.0,65.9,"",0,4.6,9.6,23.3,6.9,"","Utilities","Gas Distributors","",347.41,"",2025,2636809.0,7864.0,4387.0
"9532","大阪瓦斯","20260220",6388.0,7.0,11170.12,3651.53,8.56,4347.52,144634.5,"JPY",64.4,34.4,"",0,8.6,11.7,3.9,11.6,"","Utilities","Utilities - Regulated Gas","",388.45,"",2025,2069019.0,6737.0,3108.0
"9533","TOHO GAS CO","20260220",5450.0,3.0,6627.57,2166.57,4.66,4739.89,20899.0,"JPY",38.0,49.9,"",0,4.4,6.7,9.0,4.5,"","Utilities","Utilities - Regulated Gas","",94.6,"",2025,656010.0,5635.0,3778.0
"9534","HOKKAIDO GAS CO","20260220",870.0,21.0,3596.48,1286.24,13.14,978.25,11344.8,"JPY",35.7,38.5,"",0,13.7,18.0,17.0,10.0,"","Utilities","Utilities - Regulated Gas","",88.27,"",2025,170295.0,913.0,435.0
"9535","HIROSHIMA GAS CO","20260220",384.0,9.0,767.98,251.05,2.58,993.96,1757.9,"JPY",57.2,32.1,"",0,2.0,3.5,8.3,5.6,"","Utilities","Oil & Gas Integrated","",68.67,"",2025,91595.0,415.0,311.0
"9536","SAIBU GAS HOLDINGS CO LTD","20260220",2517.0,12.0,6364.18,2080.46,7.41,2864.3,7690.1,"JPY",103.9,33.2,"",0,6.5,8.0,9.5,0.3,"","Utilities","Utilities - Regulated Gas","",36.25,"",2025,254442.0,2463.0,1574.0
"9537","HOKURIKU GAS CO","20260220",4255.0,15.0,13141.09,4295.85,4.18,10478.97,2041.3,"JPY",62.4,43.7,"",0,2.9,-3.2,0.9,1.6,"","Process Industries","Utilities - Regulated Gas","",4.66,"",2025,61766.0,4130.0,3265.0
"9539","KEIYO GAS CO LTD","20260220",1275.0,6.0,2085.35,681.7,2.34,2974.25,2234.8,"JPY",463.8,26.2,26.0,0,1.8,2.5,0.5,2.2,"","Process Industries","Utilities - Regulated Gas","",32.15,"",2024,115609.0,1321.0,916.0
"9543","SHIZUOKA GAS CO. LTD.","20260220",1459.0,14.0,4084.69,1335.29,7.81,1743.24,10256.7,"JPY",46.8,38.4,"",0,8.9,7.9,15.2,6.9,5.0,"Utilities","Utilities - Regulated Gas","",75.33,"",2025,201207.0,1340.0,1040.0
"9551","METAWATER CO LTD","20260220",4025.0,4.0,4513.44,1633.36,10.12,1862.19,8230.3,"JPY",49.1,39.5,"",0,10.0,10.4,11.0,11.9,"","Producer Manufacturing","Pollution & Treatment Controls","",43.66,"",2025,179094.0,3850.0,1701.0
"9552","M&A Research Institute Holdings Inc.","20260220",783.0,12.0,1940.19,634.25,68.49,94.43,3495.6,"JPY","",85.2,"",0,30.8,103.4,"","","","Finance","Capital Markets","",54.05,"",2025,16602.0,1457.0,915.0
"9553","MicroAd, Inc.","20260220",830.0,-1.0,757.03,247.47,19.54,129.17,689.4,"JPY",55.3,22.4,"",0,22.6,7.0,23.5,61.4,-2.0,"Technology Services","Software - Application","",27.32,"",2025,15670.0,802.0,226.0
"9554","AViC Co. Ltd.","20260220",1397.0,6.0,2233.28,730.06,20.03,371.66,467.5,"JPY",13.4,43.3,"",0,34.2,19.8,"","","","Commercial Services","Advertising Agencies","",6.28,"",2025,2680.0,2420.0,1386.0
"9556","INTLOOP INC","20260220",3085.0,4.0,4200.04,1373.0,21.28,658.01,1310.4,"JPY",54.5,22.8,"",0,29.2,21.0,"","","","Commercial Services","Consulting Services","",9.36,"",2025,33551.0,4875.0,1752.5
"9557","AIRCLOSET INC","20260220",218.0,-23.0,28.26,9.24,1.41,66.79,7.8,"JPY","",0.0,"",0,17.1,-9.5,-71.1,-170.7,"","Finance","Internet Retail","",8.28,"",2025,4957.0,516.0,243.0
"9558","Japaniace Co., Ltd.","20260220",2119.0,14.0,5560.07,2123.05,22.26,853.42,752.2,"JPY",2.6,73.5,"",0,25.5,25.3,25.2,22.6,12.4,"Technology Services","Software - Infrastructure","",3.96,"",2025,12084.72,2499.0,1745.0
"9560","PROGRIT, Inc.","20260220",800.0,12.0,1932.93,631.88,35.01,184.02,798.3,"JPY",8.2,45.9,"",0,49.5,55.9,88.0,118.4,-7.1,"Commercial Services","Education & Training Services","",12.39,"",2025,5747.0,1342.0,820.0
"9561","GLAD CUBE INC","20260220",468.0,"","","",-30.77,88.97,-230.8,"JPY","",0.0,"",0,-30.2,8.1,65.8,84.3,"","Technology Services","Software - Application","",8.43,"",2024,1559.0,998.0,390.0
"9562","Business Coach Inc.","20260220",2479.0,-2.0,2126.13,695.03,10.2,694.59,78.7,"JPY","",90.0,"",0,13.2,"","","","","Commercial Services","Education & Training Services","",1.11,"",2025,2003.0,2833.0,1300.0
"9563","ATLAS TECHNOLOGIES CORPORATION","20260220",294.0,"","","",-12.01,223.38,-198.5,"JPY","",0.0,"",0,-14.8,3.0,"","","","Technology Services","Information Technology Services","",7.4,"",2024,2120.0,340.0,247.0
"9564","FCE Inc.","20260220",586.0,5.0,869.21,284.15,16.8,172.48,638.0,"JPY",50.7,24.7,"",0,20.5,30.1,48.4,32.9,32.7,"Commercial Services","Conglomerates","",22.02,"",2025,6099.0,957.0,440.0
"9565","GLOE Inc.","20260220",720.0,-33.0,29.34,9.59,0.57,172.66,2.7,"JPY","",0.0,"",0,0.6,-3.9,-1.0,"","","Consumer Services","Electronic Gaming & Multimedia","",2.78,"",2025,2843.0,1443.0,756.0
"9600","I-NET CORP","20260220",2514.0,5.0,3651.66,1193.74,9.62,1265.47,1857.5,"JPY",-6.3,75.2,"",0,8.0,11.4,8.8,10.5,"","Technology Services","Information Technology Services","",15.26,"",2025,38987.0,2549.0,1507.0
"9601","SHOCHIKU CO LTD","20260220",11590.0,-16.0,2996.62,979.6,1.47,6772.56,1372.5,"JPY",321.2,0.0,"",0,-3.8,0.8,-0.5,-1.7,"","Consumer Services","Entertainment","",13.74,"",2025,83974.0,15410.0,11130.0
"9602","東寶","20260220",7745.0,0.0,7723.7,2524.89,9.13,2821.19,43656.9,"JPY",61.2,36.5,"",0,9.1,10.1,7.8,7.4,"","Consumer Services","Entertainment","",169.57,"",2025,313171.0,10295.0,6688.0
"9603","H.I.S.Co., Ltd.","20260220",1262.0,13.0,3234.47,1182.87,14.8,747.12,8265.4,"JPY",-63.6,50.0,"",0,17.3,26.1,1.0,-144.8,-87.2,"Consumer Services","Travel Services","",74.74,"",2025,373106.0,1762.0,1217.0
"9605","TOEI CO LTD","20260220",5400.0,5.0,7946.63,2597.77,6.25,4241.03,16529.0,"JPY",70.9,17.2,"",0,6.9,6.5,8.3,5.2,"","Consumer Services","Entertainment","",62.4,"",2025,179922.0,5960.0,4560.0
"9610","WILSON LEARNING WORLDWIDE INC","20260220",175.0,"","","",-42.62,64.93,-296.7,"JPY","",0.0,"",0,-44.1,-46.6,2.5,-44.4,"","Commercial Services","Staffing & Employment Services","",10.72,"",2025,1688.0,342.0,58.0
"9612","LUCKLAND CO LTD","20260220",1745.0,7.0,2925.83,1078.39,12.42,903.5,1153.4,"JPY",-123.6,50.0,20.0,0,3.1,2.7,-1.4,-1.9,"","Industrial Services","Engineering & Construction","",10.28,"",2024,47659.0,1966.0,960.0
"9613","NTT Data","20250925",3965.0,-3.0,3046.79,996.0,7.78,1305.5,142398.0,"JPY",322.1,16.8,"",0,8.3,9.2,11.8,13.3,"","Technology Services","Information Technology Services","",1402.11,"",2025,4638721.0,1031025655808.0,592307683328.0
"9616","KYORITSU MAINTENANCE","20260220",2614.5,12.0,6147.05,2226.96,15.78,1272.7,15683.3,"JPY",23.0,47.2,"",0,17.5,22.1,7.0,1.4,"","Consumer Services","Lodging","",78.07,"",2025,228933.0,3785.0,2663.0
"9619","ICHINEN HOLDINGS","20260220",2159.0,19.0,6546.77,2490.23,10.25,2737.08,6645.8,"JPY",-204.0,59.9,"",0,11.2,13.3,13.8,14.4,"","Finance","Rental & Leasing Services","",23.68,"",2025,154920.0,2260.0,1401.0
"9621","CTI ENGINEERING CO","20260220",3425.0,9.0,6657.48,2176.34,10.04,2211.3,6167.1,"JPY",-21.4,62.1,75.0,0,12.4,15.9,15.2,13.9,"","Industrial Services","Engineering & Construction","",27.79,"",2024,97678.0,3380.0,2044.0
"9622","SPACE CO LTD (JP)","20260220",1648.0,8.0,3024.52,988.72,7.58,1329.72,2473.1,"JPY",31.4,63.8,78.0,0,8.3,5.3,4.8,5.3,"","Industrial Services","Engineering & Construction","",24.53,"",2024,64182.0,1679.0,976.0
"9625","CERESPO CO LTD","20260220",1115.0,15.0,3512.96,1148.39,7.01,1670.26,641.7,"JPY",-0.1,56.0,"",0,5.4,-2.5,22.4,102.0,"","Commercial Services","Advertising Agencies","",5.48,"",2025,13667.0,1185.0,949.0
"9627","AIN HOLDINGS INC","20260220",6223.0,6.0,9679.21,3164.15,7.95,4059.21,11327.9,"JPY",98.0,17.4,"",0,7.9,10.8,8.8,8.6,"","Retail Trade","Pharmaceutical Retailers","",35.11,"",2025,456804.0,7280.0,4407.0
"9628","SAN HOLDINGS INC (JAPAN)","20260220",1484.0,8.0,2659.05,869.25,4.9,1808.86,1821.5,"JPY",140.8,17.2,"",0,5.0,8.0,8.4,7.9,"","Consumer Services","Personal Services","",20.55,"",2025,31984.0,1670.0,1027.0
"9629","PCA CORPORATION","20260220",1939.0,3.0,2410.02,787.84,8.4,955.96,1610.7,"JPY",7.8,65.4,"",0,9.4,9.2,5.2,9.0,"","Technology Services","Software - Application","",20.05,"",2025,16237.0,2084.0,1524.0
"9632","SUBARU ENTERPRISE CO","20260220",3525.0,10.0,7537.09,2463.89,9.13,2753.18,3241.0,"JPY",54.2,32.5,40.0,0,9.5,10.5,12.2,11.5,"","Transportation","Specialty Business Services","",12.9,"",2025,30274.0,3745.0,2625.0
"9633","TOKYO THEATRES CO INC","20260220",1527.0,-2.0,1276.75,417.37,1.88,2263.27,292.0,"JPY",376.6,25.9,"",0,-1.4,1.5,3.0,5.7,"","Consumer Services","Conglomerates","",6.86,"",2025,18387.0,1563.0,1000.0
"9635","MUSASHINO KOGYO CO","20260220",2548.0,-12.0,935.71,305.89,0.91,3441.9,32.8,"JPY",-125.2,50.0,"",0,1.9,0.1,0.9,1.0,"","Finance","Real Estate Services","",1.05,"",2025,1364.0,2783.0,2003.0
"9639","SANKYO FRONTIER CO","20260220",2235.0,14.0,6045.23,2235.98,11.28,2195.1,5502.3,"JPY",33.1,49.7,"",0,12.6,13.2,11.7,19.1,"","Finance","Real Estate - Diversified","",22.23,"",2025,56092.0,2180.0,1807.0
"9640","SAISON TECHNOLOGY CO LTD","20260220",2146.0,2.0,2532.59,827.91,9.61,878.64,1367.6,"JPY",10.1,86.2,"",0,10.7,4.7,12.0,14.8,"","Technology Services","Information Technology Services","",16.2,"",2025,24383.0,2545.0,1653.0
"9644","TANABE CONSULTING GROUP CO LTD","20260220",718.0,2.0,834.36,272.75,8.46,328.85,901.4,"JPY",-34.5,90.0,"",0,8.6,5.6,6.4,5.4,"","Commercial Services","Consulting Services","",32.41,"",2025,14543.0,808.0,504.0
"9647","Kyowa Engineering Consultants Co., Ltd.","20260220",8710.0,17.0,27105.96,9990.37,13.14,7615.52,580.6,"JPY",2.2,51.1,"",0,16.0,15.5,13.8,13.5,12.5,"Industrial Services","Engineering & Construction","",0.58,"",2025,8441.0,10900.0,5100.0
"9651","JAPAN PROCESS DEVELOPMENT CO","20260220",1839.0,3.0,2263.31,739.88,6.59,1144.27,731.1,"JPY",-39.9,75.1,"",0,6.6,7.2,7.5,5.5,"","Technology Services","Software - Application","",9.69,"",2025,10473.0,1900.0,1226.0
"9656","GREENLAND RESORT CO LTD","20260220",609.0,12.0,1529.16,499.88,5.18,984.14,527.1,"JPY",38.9,41.0,15.0,0,5.8,6.5,6.6,0.0,"","Consumer Services","Resorts & Casinos","",10.34,"",2024,6412.0,655.0,580.0
"9658","BUSINESS BRAIN SHOWA-OTA INC","20260220",3050.0,10.0,6472.88,2115.99,8.11,2660.91,2362.6,"JPY",419.9,15.0,"",0,8.5,-23.5,14.2,16.8,"","Commercial Services","Information Technology Services","",10.95,"",2025,38803.0,3655.0,2245.0
"9661","KABUKI-ZA CO LTD","20260220",4675.0,-20.0,778.34,254.44,2.78,931.68,314.5,"JPY",-136.6,50.0,"",0,2.7,1.3,-0.8,-1.3,"","Finance","Real Estate Services","",12.12,"",2025,3106.0,4795.0,4330.0
"9663","NAGAWA CO LTD","20260220",5990.0,0.0,5980.04,1954.89,5.24,3801.66,3131.6,"JPY",153.6,14.8,60.0,0,5.8,6.2,6.6,6.8,"","Consumer Durables","Engineering & Construction","",15.71,"",2024,32576.0,7010.0,5060.0
"9672","TOKYOTOKEIBA CO","20260220",5600.0,6.0,9121.2,3302.53,10.82,3410.53,9852.7,"JPY",39.8,40.6,114.0,0,11.0,12.1,14.0,12.5,"","Consumer Services","Gambling","",26.69,"",2024,40443.0,6080.0,3885.0
"9675","Joban Kosan Co. Ltd.","20250305",1643.0,14.0,4366.4,1604.76,13.19,1210.82,1402.5,"JPY",-87.1,50.0,"",0,13.5,8.7,-21.1,-22.7,"","Consumer Cyclical","Resorts & Casinos","",8.78,"",2024,14881.0,0.0,0.0
"9678","Kanamoto Co., Ltd.","20260220",4145.0,11.0,9202.36,3008.27,7.25,4228.29,10680.9,"JPY",-226.2,69.1,"",0,8.3,6.9,5.4,6.7,8.0,"Finance","Rental & Leasing Services","",34.82,"",2025,213266.0,4115.0,2700.0
"9682","DTS CORPORATION","20260220",1119.0,8.0,1548.08,621.03,18.53,364.36,10759.5,"JPY",-12.8,86.1,"",0,17.6,13.9,13.4,13.3,"","Technology Services","Information Technology Services","",159.35,"",2025,125908.0,1362.0,851.25
"9684","SQUARE ENIX HOLDINGS CO.LTD.","20260220",2514.0,2.0,2865.77,936.82,10.25,932.01,34444.6,"JPY",14.5,57.1,"",0,8.2,12.2,16.0,22.1,"","Technology Services","Electronic Gaming & Multimedia","",360.58,"",2025,324506.0,3861.6667,2140.0
"9685","KYCOM HOLDINGS CO LTD","20260220",648.0,16.0,2074.64,702.19,9.59,883.46,430.2,"JPY",80.3,12.9,"",0,10.7,11.8,11.6,11.7,"","Electronic Technology","Software - Application","",5.08,"",2025,6770.0,739.0,489.0
"9686","TOYO TEC CO LTD","20260220",1782.0,8.0,3371.98,1102.31,5.39,2086.18,1171.2,"JPY",115.4,50.8,"",0,2.1,3.1,2.9,2.6,"","Commercial Services","Security & Protection Services","",10.42,"",2025,34925.0,1830.0,1100.0
"9687","KSK CO LTD","20260220",4350.0,9.0,8470.53,3060.97,11.89,2758.58,1988.2,"JPY",48.4,41.1,"",0,11.6,11.6,12.7,12.0,"","Technology Services","Software - Application","",6.06,"",2025,23608.0,5810.0,2660.0
"9691","RYOMO SYSTEMS CO","20260220",4510.0,15.0,13402.23,4639.63,12.26,3894.0,1670.6,"JPY",62.2,24.0,"",0,12.1,13.7,12.4,10.1,"","Technology Services","Software - Application","",3.5,"",2025,22486.0,5420.0,2160.0
"9692","COMPUTER ENGINEERING & CONSULTING","20260220",1956.0,12.0,4826.82,1577.9,12.43,1294.46,5021.5,"JPY",-19.5,73.4,35.0,0,12.4,12.2,8.2,8.6,"","Technology Services","Software - Application","",31.21,"",2025,56208.0,2499.0,1859.0
"9696","WITH US CORPORATION","20250903",3225.0,1.0,3642.69,1305.46,17.51,657.85,1041.5,"JPY",33.8,44.1,"",0,16.6,22.9,24.6,26.5,"","Commercial Services","Education & Training Services","",9.04,"",2025,21992.0,3240.0,1836.0
"9697","CAPCOM CO LTD","20260220",3148.0,4.0,3770.73,1232.66,23.23,541.01,52576.6,"JPY",8.2,61.0,"",0,24.8,27.0,25.2,27.0,"","Technology Services","Electronic Gaming & Multimedia","",418.3,"",2025,169604.0,5015.0,2988.0
"9698","CREO CO LTD","20260220",1208.0,13.0,3138.57,1026.0,11.04,947.42,809.8,"JPY",-0.5,78.7,"",0,10.7,11.8,7.9,11.5,"","Technology Services","Software - Application","",7.74,"",2025,14521.0,1297.0,985.0
"9699","NISHIO HOLDINGS CO. LTD.","20260220",4515.0,14.0,13133.21,4293.27,8.77,4990.38,12152.6,"JPY",-157.7,65.2,"",0,9.6,9.2,9.0,8.5,8.9,"Finance","Rental & Leasing Services","",27.76,"",2025,214954.0,4880.0,3415.0
"9702","ISB CORPORATION","20260220",1854.0,9.0,3527.45,1332.15,12.13,1178.27,1637.3,"JPY",12.1,59.3,55.0,0,17.3,17.9,14.8,12.7,"","Technology Services","Software - Application","",11.46,"",2024,33954.0,1855.0,1141.0
"9704","AGORA HOSPITALITY GROUP CO LTD","20260220",46.0,-9.0,20.87,6.82,4.88,14.26,185.5,"JPY","",0.0,"",0,2.4,-7.7,-24.0,-20.2,"","Consumer Services","Lodging","",266.71,"",2024,8377.0,120.0,44.0
"9706","JAPAN AIRPORT TERMINAL CO","20260220",5334.0,6.0,8483.99,3105.08,14.7,2018.78,27553.3,"JPY",-1.8,50.0,"",0,17.4,13.2,-2.1,-14.2,"","Transportation","Airports & Air Services","",92.82,"",2025,269923.0,5820.0,3552.0
"9708","IMPERIAL HOTEL LIMITED","20260220",1411.0,-10.0,604.26,197.53,5.26,383.16,2383.8,"JPY",173.0,11.1,"",0,4.7,8.0,4.2,-17.0,"","Consumer Services","Lodging","",118.35,"",2025,52610.0,1421.0,836.0
"9709","NCS&A CO LTD","20260220",1611.0,11.0,3435.51,1314.75,14.48,914.27,2059.4,"JPY",0.9,67.4,"",0,17.2,11.1,12.6,12.5,"","Technology Services","Information Technology Services","",15.56,"",2025,20493.0,1778.0,790.0
"9713","ROYAL HOTEL LIMITED","20260220",966.0,6.0,1487.33,486.21,3.53,1406.35,757.1,"JPY",-4096.0,50.0,"",0,2.4,4.9,-13.3,-41.9,"","Consumer Services","Lodging","",15.27,"",2025,25164.0,1155.0,767.0
"9715","TRANSCOSMOS INC","20260220",4005.0,12.0,10210.65,3337.88,10.75,3166.4,12753.1,"JPY",-50.8,70.2,"",0,10.5,7.3,13.6,22.5,"","Commercial Services","Information Technology Services","",37.47,"",2025,375849.0,4150.0,2825.0
"9716","NOMURA CO LTD","20260220",1433.0,6.0,1754.08,709.47,15.34,486.42,8326.3,"JPY",1.7,88.6,"",0,12.9,7.8,4.6,7.6,"","Commercial Services","Engineering & Construction","",111.59,"",2025,150256.0,1441.0,704.0
"9717","Jastec Co. Ltd.","20240925",1934.0,-14.0,572.46,187.14,10.12,188.61,2128.6,"JPY",-31.8,70.6,"",0,11.1,13.0,"","","","Technology","Software - Application","",111.55,"",2023,20762.22,"",""
"9719","SCSK CORP","20260220",5670.0,-3.0,4795.97,1826.55,18.23,931.68,53128.9,"JPY",6.5,69.4,"",0,15.9,15.1,14.5,14.8,"","Technology Services","Information Technology Services","",312.79,"",2025,596065.0,5700.0,3268.0
"9720","HOTEL NEWGRAND CO., LTD.","20260220",5950.0,2.0,7118.64,2327.1,7.52,3154.24,280.0,"JPY",60.0,23.8,"",0,7.9,6.8,13.8,-10.2,-1.0,"Consumer Services","Lodging","",1.18,"",2025,6529.0,7550.0,5490.0
"9722","FUJITA KANKO INC","20260220",2321.0,10.0,4988.13,1630.63,38.84,428.09,9963.0,"JPY",-19.9,50.0,14.0,0,40.8,37.8,-13.3,-1773.1,"","Consumer Services","Lodging","",59.92,"",2024,76211.0,2832.0,1588.0
"9726","KNT-CT HOLDINGS LIMITED","20260220",1649.0,23.0,7633.69,2774.73,14.12,1876.21,7236.1,"JPY",6.8,46.6,"",0,15.5,23.0,52.6,"","","Consumer Services","Travel Services","",27.32,"",2025,274516.0,1919.0,969.0
"9729","TOKAI CORP(GIFU)","20260220",2583.0,10.0,5594.61,1828.89,7.41,2518.12,6308.9,"JPY",32.6,53.8,"",0,7.2,7.2,6.8,8.0,"","Health Services","Rental & Leasing Services","",33.83,"",2025,149542.0,2760.0,1850.0
"9731","HAKUYOSHA COMPANY LTD","20260220",3530.0,21.0,14413.39,5273.69,16.8,2757.52,1755.8,"JPY",-2.8,52.6,80.0,0,21.5,34.2,17.4,-43.5,"","Commercial Services","Personal Services","",3.79,"",2024,43580.0,3890.0,2366.0
"9733","NAGASE BROTHERS INC","20260220",2739.0,3.0,3535.68,1155.82,9.95,1183.9,3103.2,"JPY",151.2,44.7,"",0,8.4,10.6,13.3,17.2,"","Consumer Services","Education & Training Services","",26.33,"",2025,55255.0,2788.0,1682.0
"9735","西科姆","20260220",5985.0,4.0,8021.01,2622.08,8.6,3109.48,109230.1,"JPY",57.4,41.5,"",0,9.0,9.2,8.8,9.0,"","Commercial Services","Security & Protection Services","",408.54,"",2025,1199942.0,6430.0,4850.0
"9739","NSW INC","20260220",2381.0,16.0,6894.22,2602.88,11.79,2376.78,4176.0,"JPY",4.1,58.9,"",0,13.3,13.9,15.4,14.4,"","Technology Services","Information Technology Services","",14.9,"",2025,50028.0,3370.0,2388.0
"9740","CENTRAL SECURITY PATROLS CO","20260220",2919.0,9.0,5712.11,1867.3,7.0,2719.6,2759.0,"JPY",-2.8,63.2,"",0,7.0,4.5,8.8,11.8,"","Commercial Services","Security & Protection Services","",14.49,"",2025,71417.0,3155.0,2201.0
"9742","INES CORPORATION","20260220",2012.0,3.0,2560.67,837.09,4.53,1883.28,1776.3,"JPY",36.0,60.0,"",0,6.7,5.1,7.9,3.7,"","Technology Services","Information Technology Services","",20.81,"",2025,40563.0,2070.0,1374.0
"9743","TANSEISHA CO LTD","20260220",1561.0,8.0,2180.46,887.6,13.5,706.24,4505.0,"JPY",-44.8,90.0,37.0,0,11.8,9.4,1.6,4.7,"","Industrial Services","Specialty Business Services","",47.25,"",2025,91858.0,1671.0,870.0
"9744","MEITEC GROUP HOLDINGS INC","20260220",3370.0,3.0,4519.87,1768.83,27.3,631.72,13316.4,"JPY",-3.3,83.1,"",0,28.0,26.4,27.1,20.8,"","Commercial Services","Staffing & Employment Services","",77.21,"",2025,133068.0,3718.0,2624.5
"9746","TKC Corporation","20260220",4000.0,7.0,5297.39,2023.78,10.85,2115.76,11769.4,"JPY",16.2,62.1,"",0,11.8,11.9,12.0,11.2,11.3,"Commercial Services","Information Technology Services","",51.28,"",2025,83476.0,4635.0,3485.0
"9749","Fuji Soft Inc.","20250724",9800.0,-2.0,6385.57,2380.2,10.09,2718.97,14070.6,"JPY",29.3,51.3,"",0,11.1,8.3,10.0,8.0,"","Technology","Information Technology Services","",51.29,"",2024,317482.0,59539673088.0,0.0
"9753","IX KNOWLEDGE INC","20260220",1402.0,15.0,3984.17,1424.08,13.53,1051.1,1361.5,"JPY",45.5,38.6,"",0,15.0,17.0,26.9,"","","Commercial Services","Information Technology Services","",9.57,"",2025,22828.0,1710.0,913.0
"9755","OYO CORP","20260220",2913.0,5.0,4413.91,1442.91,4.31,3413.78,3353.1,"JPY",9.2,84.6,110.0,0,5.1,4.9,2.4,4.3,"","Industrial Services","Engineering & Construction","",22.79,"",2024,74085.0,3330.0,2253.0
"9757","Funai Soken Holdings Incorporated","20260220",1134.0,8.0,1542.67,612.23,23.71,283.54,6109.3,"JPY",9.3,84.2,"",0,24.4,23.8,19.0,19.6,18.4,"Commercial Services","Consulting Services","",90.88,"",2025,33330.0,1325.0,1004.0
"9759","NSD CO.LTD","20260220",2840.0,3.0,3814.7,1490.77,17.34,883.32,11690.0,"JPY",-13.5,77.1,"",0,18.8,18.7,15.9,16.2,"","Technology Services","Software - Application","",76.32,"",2025,107791.0,3670.0,2981.5
"9760","SHINGAKUKAI HOLDINGS CO LTD","20260220",162.0,"","","",-8.31,540.65,-773.5,"JPY","",0.0,"",0,-5.7,-12.0,-11.8,-47.5,"","Commercial Services","Conglomerates","",17.22,"",2025,6245.0,270.0,144.0
"9761","TOKAI LEASE CO LTD","20260220",2633.0,15.0,8256.07,2698.92,5.63,4888.73,952.2,"JPY",70.4,56.5,"",0,5.9,4.2,0.8,2.2,"","Finance","Real Estate Services","",3.46,"",2025,18397.0,2739.0,1730.0
"9763","MARUBENI CONSTR.MATERIAL LEASE","20260220",4860.0,12.0,11837.7,3869.76,7.44,5305.05,1250.9,"JPY",31.4,49.9,"",0,7.7,7.9,8.0,6.9,"","Finance","Rental & Leasing Services","",3.17,"",2025,22807.0,4875.0,2441.0
"9765","OHBA CO LTD","20260220",1181.0,10.0,2510.98,820.84,10.12,827.07,1332.5,"JPY",-30.3,64.2,"",0,10.6,12.4,13.3,12.2,"","Industrial Services","Engineering & Construction","",15.92,"",2025,18096.0,1233.0,922.0
"9766","科樂美","20260220",18795.0,-3.0,15181.21,5665.93,15.38,3554.53,74110.8,"JPY",12.9,58.6,"",0,17.5,15.7,10.0,18.4,"","Technology Services","Electronic Gaming & Multimedia","",135.56,"",2025,421602.0,26645.0,16105.0
"9767","NIKKEN KOGAKU CO","20260220",1610.0,14.0,4520.6,1477.79,5.97,2523.08,274.3,"JPY",43.4,38.2,"",0,6.3,6.6,7.2,19.4,"","Non-Energy Minerals","Building Products & Equipment","",1.82,"",2025,5515.0,1846.0,1310.0
"9768","Idea Consultants,Inc.","20260220",4340.0,11.0,10126.05,3310.22,7.85,4301.12,2410.0,"JPY",33.7,43.9,"",0,8.4,9.2,8.1,10.5,11.5,"Industrial Services","Engineering & Construction","",7.14,"",2025,24616.0,4860.0,2438.0
"9769","GAKKYUSHA CO LTD","20260220",2440.0,13.0,6178.12,2301.54,26.4,674.88,1936.8,"JPY",13.3,68.6,"",0,29.6,32.4,38.5,39.0,"","Commercial Services","Education & Training Services","",10.87,"",2025,13289.0,2497.0,1914.0
"9776","SAPPORO CLINICAL LABORATORIES","20260213",1952.0,12.0,4863.46,1589.87,4.54,3574.68,505.8,"JPY",35.9,37.0,"",0,4.3,2.8,7.6,12.4,"","Retail Trade","Pharmaceutical Retailers","",3.12,"",2025,20131.0,2074.0,888.0
"9780","HARIMA B-STEM CORP","20260220",997.0,14.0,2185.55,783.47,9.35,997.18,859.3,"JPY",43.8,34.8,"",0,10.2,9.8,10.4,12.1,"","Commercial Services","Specialty Business Services","",9.22,"",2025,28025.0,1000.0,617.0
"9787","AEON DELIGHT CO","20250724",5380.0,4.0,7209.15,2356.69,10.52,2284.93,11498.6,"JPY",2.9,68.3,"",0,11.5,10.8,11.2,11.6,"","Commercial Services","Specialty Business Services","",47.85,"",2025,337929.0,38335705088.0,5370.0
"9788","NAC CO LTD","20260220",536.0,11.0,1218.75,398.41,7.59,535.38,1699.4,"JPY",5.1,78.8,"",0,8.7,6.2,9.1,8.1,"","Commercial Services","Engineering & Construction","",41.83,"",2025,59791.0,679.0,508.0
"9790","FUKUI COMPUTER HOLDINGS INC","20260220",3330.0,9.0,6494.98,2328.67,16.11,1311.18,4366.4,"JPY",46.7,42.9,"",0,17.3,17.6,20.1,26.9,"","Technology Services","Software - Application","",20.67,"",2025,14717.0,3610.0,2893.0
"9791","BIKEN TECHNO CORP","20260220",1447.0,15.0,4477.52,1463.71,5.2,2871.35,1125.4,"JPY",45.1,33.2,"",0,4.6,6.3,9.1,7.6,"","Commercial Services","Specialty Business Services","",7.54,"",2025,34669.0,1440.0,856.0
"9793","DAISEKI CO LTD","20260220",3700.0,6.0,4617.75,1714.68,11.09,1783.15,9354.4,"JPY",33.0,50.6,"",0,11.7,12.7,11.5,11.4,"","Industrial Services","Waste Management","",47.29,"",2025,67304.0,3970.0,3070.0
"9795","Step Co., Ltd.","20260220",2487.0,9.0,5057.42,1653.28,9.65,1746.66,2646.7,"JPY",34.5,63.2,"",0,10.2,9.7,9.6,11.2,11.7,"Consumer Services","Education & Training Services","",15.7,"",2025,15846.89,2620.0,2058.0
"9799","ASAHI INTELLIGENCE SERVICE CO","20260220",1070.0,9.0,2169.6,709.25,9.81,737.56,1145.6,"JPY",43.5,48.1,"",0,10.7,10.5,9.6,9.6,"","Technology Services","Information Technology Services","",15.84,"",2025,15820.0,1409.0,839.0
"9812","T.O.HOLDINGS CO LTD","20260220",286.0,"","","",-9.4,71.76,-43.3,"JPY",-2929.8,50.0,"",0,0.0,43.2,-3.1,-3.4,"","Distribution Services","Building Materials","",6.41,"",2025,24188.0,491.0,250.0
"9816","STRIDERS CORPORATION","20260220",319.0,1.0,348.88,114.05,4.2,276.74,103.5,"JPY",22.4,56.2,"",0,1.0,3.8,5.0,6.4,"","Finance","Real Estate Services","",8.9,"",2025,7788.0,384.0,191.0
"9818","DAIMARU ENAWIN CO.LTD","20260220",1775.0,8.0,3254.88,1064.03,5.59,1941.28,833.3,"JPY",67.7,29.5,"",0,6.1,5.2,4.6,5.8,"","Distribution Services","Utilities - Regulated Gas","",7.68,"",2025,33418.0,2547.0,1439.0
"9820","MT GENEX CORPORATION","20260220",3885.0,9.0,7697.22,2516.24,6.71,3822.22,277.1,"JPY",5.8,56.2,"",0,6.7,7.5,6.8,6.4,"","Industrial Services","Specialty Business Services","",1.08,"",2025,3950.0,3685.0,2348.0
"9823","Mammy Mart Holdings Corporation","20260220",1600.0,7.0,2841.77,967.1,12.02,847.27,5092.0,"JPY",94.1,16.6,"",0,13.7,14.3,14.7,12.2,16.9,"Retail Trade","Grocery Stores","",50.01,"",2025,193689.0,1630.0,841.0
"9824","Senshu Electric Co., Ltd.","20260220",6460.0,7.0,10859.3,3549.93,10.64,3400.81,6226.0,"JPY",6.4,62.7,"",0,11.3,14.2,12.7,12.5,8.5,"Distribution Services","Electronics & Computer Distribution","",17.2,"",2025,135591.0,6580.0,3430.0
"9827","LILYCOLOR CO LTD","20260220",655.0,-10.0,275.16,89.95,1.35,680.84,113.0,"JPY",-11.6,59.5,36.0,0,-1.0,12.2,15.3,4.5,"","Producer Manufacturing","Furnishings, Fixtures & Appliances","",12.32,"",2024,33803.0,732.0,451.0
"9828","GENKI GLOBAL DINING CONCEPTS CORP","20260220",2904.0,13.0,7567.02,2473.67,26.11,966.02,4454.5,"JPY",34.7,38.1,"",0,38.8,34.6,13.0,-1.4,"","Consumer Services","Restaurants","",17.66,"",2025,67472.0,4285.0,2800.0
"9830","TRUSCO NAKAYAMA CORP","20260220",2451.0,13.0,6486.74,2120.53,8.19,2638.69,14257.9,"JPY",59.9,32.7,60.0,0,8.4,8.6,7.3,6.2,"","Distribution Services","Industrial Distribution","",65.94,"",2024,295024.0,2740.0,1613.0
"9831","YAMADA HOLDINGS CO LTD","20260220",569.9,12.0,1382.16,451.83,4.87,946.89,31106.8,"JPY",-63.5,67.9,"",0,5.2,5.2,5.8,8.5,"","Retail Trade","Specialty Retail","",675.18,"",2025,1629069.0,559.2,391.4
"9832","AUTOBACS SEVEN CO","20260220",1745.0,8.0,3177.14,1038.61,6.31,1678.43,8316.7,"JPY",-8.7,83.0,"",0,6.0,3.3,5.8,6.0,"","Distribution Services","Auto Parts","",78.53,"",2025,249525.0,1694.0,1356.0
"9837","Morito Co., Ltd.","20260220",2025.0,3.0,2477.1,809.77,5.34,1546.9,2126.2,"JPY",23.5,80.1,"",0,5.8,4.4,4.8,4.1,3.5,"Consumer Non-Durables","Apparel Retail","",25.75,"",2025,56867.19,2000.0,1230.0
"9842","ARCLANDS CORPORATION","20260220",2013.0,12.0,4943.98,1616.19,8.54,1929.71,10321.4,"JPY",-121.4,56.0,"",0,9.2,9.6,12.3,13.0,"","Retail Trade","Specialty Retail","",62.63,"",2025,330963.0,2030.0,1501.0
"9843","NITORI HOLDINGS CO LTD","20260220",3237.0,4.0,4408.96,1496.81,10.65,1602.89,96443.3,"JPY",123.1,14.7,"",0,10.8,11.6,11.7,15.0,"","Retail Trade","Furnishings, Fixtures & Appliances","",565.06,"",2025,928828.0,3598.0,2415.0
"9845","PARKER CORPORATION","20260220",1634.0,13.0,4407.47,1440.81,8.08,1818.02,3677.3,"JPY",22.7,47.6,"",0,7.9,9.3,7.6,4.8,"","Process Industries","Industrial Distribution","",25.03,"",2025,70014.0,1678.0,688.0
"9846","TENMAYA STORE CO","20260220",974.0,21.0,4457.44,1457.15,6.49,2288.86,1707.2,"JPY",24.7,40.0,"",0,6.9,7.3,6.6,8.8,"","Retail Trade","Grocery Stores","",11.49,"",2025,58680.0,1005.0,925.0
"9849","KYODO PAPER HOLDINGS","20260220",4605.0,"","","",-0.35,5730.88,-13.7,"JPY",-190.7,65.4,"",0,-0.3,1.7,2.9,-0.2,"","Distribution Services","Conglomerates","",0.68,"",2025,16888.0,5250.0,4500.0
"9850","GOURMET KINEYA CO","20260220",992.0,1.0,1068.89,349.42,8.81,404.24,814.9,"JPY",-118.9,50.0,"",0,12.8,6.3,-6.5,-31.7,"","Consumer Services","Restaurants","",22.87,"",2025,42072.0,1106.0,894.0
"9852","CB Group Management Co. Ltd.","20250528",8040.0,20.0,33384.72,10913.52,8.87,12547.22,2403.7,"JPY",3.6,54.5,"",0,10.4,9.0,8.1,2.0,"","Consumer Defensive","Household & Personal Products","",2.16,"",2025,170214.0,8060.0,0.0
"9853","GINZA RENOIR CO","20260220",956.0,-5.0,611.29,199.83,4.07,500.82,124.5,"JPY",20.1,39.9,"",0,2.5,2.5,-5.3,-4.4,"","Consumer Services","Restaurants","",6.11,"",2025,7799.0,1062.0,878.0
"9854","AIGAN CO LTD","20260220",240.0,"","","",-0.19,618.86,-22.9,"JPY","",0.0,"",0,-1.1,-1.2,-3.6,-3.9,"","Health Technology","Specialty Retail","",19.41,"",2025,14863.0,260.0,134.0
"9856","KU HOLDINGS CO LTD","20260220",1294.0,20.0,5728.14,1872.54,9.27,2060.32,6299.1,"JPY",37.8,46.2,"",0,10.4,10.9,13.2,12.0,"","Retail Trade","Auto & Truck Dealerships","",32.99,"",2025,159964.0,1317.0,934.0
"9857","EIWA CORPORATION","20260220",2740.0,14.0,7236.89,2713.39,11.12,2678.67,1886.1,"JPY",14.3,55.2,"",0,12.1,11.9,10.3,9.0,"","Electronic Technology","Electrical Equipment & Parts","",6.33,"",2025,47136.0,2859.0,1800.0
"9861","YOSHINOYA HOLDINGS CO LTD","20260220",3138.0,-2.0,2573.98,841.44,8.65,991.47,5553.8,"JPY",26.2,41.5,"",0,9.0,10.8,14.6,26.3,"","Consumer Services","Restaurants","",64.73,"",2025,204983.0,3495.0,2830.0
"9867","SOLEKIA LIMITED","20260220",11250.0,17.0,36401.65,13462.39,11.23,12918.6,1248.0,"JPY",7.2,49.9,"",0,10.8,11.6,7.3,5.9,"","Technology Services","Electronic Components","",0.86,"",2025,28025.0,11990.0,4940.0
"9869","Kato Sangyo Co., Ltd.","20260220",6790.0,8.0,12293.16,4018.65,7.44,5509.09,12571.8,"JPY",34.5,56.9,"",0,8.1,6.6,8.6,7.2,7.0,"Distribution Services","Food Distribution","",30.68,"",2025,1214265.0,6920.0,4465.0
"9873","KFC Holdings Japan Ltd.","20240917",6480.0,-3.0,3970.32,1520.59,11.91,1394.05,3711.1,"JPY",5.9,64.6,"",0,14.6,9.7,21.2,14.6,"","Consumer Cyclical","Restaurants","",22.35,"",2024,110685.0,"",""
"9876","COX CO LTD","20260220",250.0,23.0,1165.42,411.24,12.74,322.63,1135.0,"JPY",34.9,32.6,"",0,15.7,18.3,3.4,-13.4,"","Retail Trade","Apparel Manufacturing","",27.62,"",2025,15302.0,272.0,169.0
"9878","SEKIDO CO LTD","20260220",555.0,"","","",-2.34,457.84,-21.9,"JPY",78.4,14.6,"",0,12.6,-4.5,4.7,"","","Retail Trade","Apparel Retail","",2.04,"",2024,8480.0,1461.0,458.0
"9880","INNOTECH CORP (JAPAN)","20260220",2722.0,1.0,2900.02,948.02,4.98,1939.25,1268.3,"JPY",-29.8,73.3,"",0,3.8,8.5,7.4,10.8,"","Electronic Technology","Electronics & Computer Distribution","",13.12,"",2025,41977.0,2798.0,1070.0
"9882","YELLOW HAT LTD","20260220",1717.0,11.0,3947.58,1290.47,9.51,1382.94,11474.3,"JPY",69.5,27.9,"",0,10.0,10.5,11.7,11.5,"","Distribution Services","Auto & Truck Dealerships","",87.2,"",2025,154066.0,1754.0,1192.0
"9885","CHARLE CO LTD","20260220",350.0,"","","",-4.26,1104.39,-718.4,"JPY","",26.2,"",0,-5.4,2.9,1.3,5.6,"","Consumer Non-Durables","Apparel Manufacturing","",15.26,"",2025,11548.0,423.0,322.0
"9887","MATSUYA FOODS HOLDINGS CO LTD","20260220",6110.0,0.0,6059.89,1980.99,8.44,2393.18,3850.1,"JPY",189.3,9.4,"",0,6.9,10.2,6.2,11.0,"","Consumer Services","Restaurants","",19.06,"",2025,154223.0,7560.0,5290.0
"9888","UEX LTD","20260220",849.0,16.0,2772.28,906.26,5.83,1586.21,1018.4,"JPY",63.0,38.0,"",0,6.2,8.0,20.4,11.6,"","Distribution Services","Steel","",11.02,"",2025,50280.0,945.0,622.0
"9889","JBCC HOLDINGS INC","20260220",1343.0,1.0,1550.4,596.49,17.03,351.16,4119.2,"JPY",-3.4,71.4,"",0,20.6,15.4,14.7,12.9,"","Electronic Technology","Information Technology Services","",68.86,"",2025,69868.0,1692.0,990.0
"9890","MAKIYA CO LTD","20260220",1235.0,19.0,4884.97,1596.9,7.84,2077.42,1630.0,"JPY",71.0,20.2,"",0,8.6,9.8,7.0,9.1,"","Retail Trade","Grocery Stores","",10.01,"",2025,89448.0,1315.0,940.0
"9895","CONSEC CORP","20260220",1309.0,"","","",-0.52,4503.98,-41.1,"JPY","",90.0,"",0,-0.8,0.3,0.0,2.7,"","Producer Manufacturing","Tools & Accessories","",1.76,"",2025,10297.0,1507.0,1145.0
"9896","JK HOLDINGS","20260220",1537.0,15.0,4662.61,1524.22,7.06,2201.04,4491.7,"JPY",12.6,52.7,"",0,7.3,9.0,11.3,20.5,"","Distribution Services","Conglomerates","",28.9,"",2025,393258.0,1532.0,900.0
"9900","SAGAMI HOLDINGS CORPORATION","20260220",1881.0,-2.0,1623.22,540.33,10.51,591.77,1874.1,"JPY",101.5,7.0,"",0,10.5,8.5,9.0,16.7,"","Consumer Services","Restaurants","",30.12,"",2025,35034.0,2067.0,1456.0
"9902","NICHIDEN CORP","20260220",2495.0,9.0,4897.8,1601.1,5.59,2919.09,4822.7,"JPY",6.8,68.5,"",0,5.6,5.0,5.6,5.3,"","Distribution Services","Industrial Distribution","",29.54,"",2025,134771.0,3280.0,2333.0
"9906","FUJII SANGYO CORP","20260220",4230.0,16.0,11171.76,4165.1,10.48,4450.95,3947.9,"JPY",16.3,52.1,"",0,11.5,11.6,9.6,8.5,"","Distribution Services","Specialty Industrial Machinery","",8.46,"",2025,96100.0,4645.0,2155.0
"9908","NIHON DENKEI CO","20260220",2575.0,15.0,8044.25,2629.68,10.14,2645.31,3030.0,"JPY",1.2,65.3,"",0,10.8,11.5,12.5,9.8,"","Electronic Technology","Rental & Leasing Services","",11.3,"",2025,121235.0,2712.0,1612.0
"9913","NIPPO LTD","20260220",3795.0,3.0,4899.61,1825.88,11.03,1824.17,1822.3,"JPY",17.6,52.6,"",0,12.5,12.7,12.6,11.2,"","Electronic Technology","Electronic Components","",9.06,"",2025,44890.0,2965.0,2166.0
"9914","UEMATSU SHOKAI CO","20260220",1175.0,0.0,1171.87,383.09,2.84,1377.68,87.5,"JPY",-11.0,90.0,"",0,2.8,3.3,2.0,1.5,"","Distribution Services","Industrial Distribution","",2.24,"",2025,6306.0,1220.0,875.0
"9927","WATT MANN CO","20260220",969.0,4.0,1033.53,395.28,11.23,390.51,383.8,"JPY",12.6,63.2,"",0,12.4,15.0,13.1,10.6,"","Distribution Services","Specialty Retail","",8.75,"",2025,8383.0,849.0,727.0
"9928","MIROKU JYOHO SERVICE CO","20260220",1744.0,11.0,3795.81,1451.12,14.92,977.96,4367.6,"JPY",-21.0,67.4,"",0,15.8,18.4,17.4,12.4,"","Technology Services","Software - Application","",29.94,"",2025,46160.0,2045.0,1600.0
"9929","HEIWA PAPER CO LTD","20260220",472.0,-5.0,326.8,106.83,1.04,1048.1,103.1,"JPY",2203.5,41.4,"",0,1.3,1.5,-2.5,0.8,"","Distribution Services","Paper & Paper Products","",9.46,"",2025,16032.0,488.0,410.0
"9930","KITAZAWA SANGYO CO","20260220",357.0,10.0,735.96,240.59,4.23,579.99,456.1,"JPY",63.6,29.3,"",0,5.4,7.1,5.1,2.3,"","Producer Manufacturing","Specialty Industrial Machinery","",18.59,"",2025,15561.0,411.0,301.0
"9932","SUGIMOTO & CO","20260220",1413.0,10.0,3012.87,984.91,5.1,1970.24,1808.7,"JPY",46.7,45.2,"",0,5.4,5.6,5.9,5.1,"","Distribution Services","Industrial Distribution","",18.01,"",2025,49465.0,2015.0,1001.0
"9934","INABA DENKISANGYO CO","20260220",2787.0,17.0,9994.9,3267.35,10.88,3061.24,18830.4,"JPY",17.5,63.2,"",0,11.6,10.1,10.4,8.9,"","Distribution Services","Electrical Equipment & Parts","",56.52,"",2025,384012.0,2817.5,1646.5
"9936","OHSHO FOOD SERVICE CORP","20260220",3190.0,5.0,3723.8,1397.92,11.04,1413.5,8193.2,"JPY",24.8,55.4,"",0,12.0,12.2,11.2,16.7,"","Consumer Services","Restaurants","",52.52,"",2025,111033.0,3975.0,2930.0
"9941","Taiyo Bussan Kaisha, Ltd.","20260220",750.0,16.0,2310.97,833.76,14.93,513.47,148.0,"JPY",11.0,44.5,"",0,18.4,23.6,20.6,148.5,"","Distribution Services","Food Distribution","",1.93,"",2025,19662.0,1058.0,603.0
"9942","JOYFULL CO LTD","20260220",1267.0,52.0,36057.51,11787.26,18.84,6378.76,2319.7,"JPY",45.8,31.5,"",0,24.8,48.4,30.5,84.3,"","Consumer Services","Restaurants","",1.93,"",2025,69551.0,1226.0,1011.0
"9946","MINISTOP CO LTD","20260220",2016.0,"","","",-6.46,1120.68,-2099.4,"JPY","",0.0,"",0,-5.6,0.0,-31.6,5.5,"","Retail Trade","Department Stores","",29.01,"",2025,87475.0,2198.0,1636.0
"9948","ARCS COMPANY LIMITED","20260220",3890.0,8.0,7067.35,2310.33,6.9,3416.3,12690.6,"JPY",0.1,64.8,"",0,6.9,7.4,6.6,6.9,"","Retail Trade","Department Stores","",53.87,"",2025,608284.0,3790.0,2666.0
"9950","HACHI-BAN CO","20260220",3495.0,-9.0,1626.02,531.55,4.34,1249.32,159.4,"JPY",100.6,9.2,"",0,7.7,9.9,4.8,-2.3,"","Consumer Services","Restaurants","",2.94,"",2025,8233.0,3535.0,3285.0
"9955","YONKYU CO LTD","20260220",3075.0,-3.0,2519.9,823.76,2.65,3169.0,1029.8,"JPY",72.4,17.3,"",0,3.8,4.7,7.4,7.0,"","Process Industries","Farm Products","",12.26,"",2025,44887.0,3195.0,1998.0
"9956","VALOR HOLDINGS CO LTD","20260220",3710.0,11.0,8245.86,2909.89,10.3,3250.62,17633.4,"JPY",64.0,29.7,"",0,10.6,10.7,9.0,8.7,"","Retail Trade","Department Stores","",52.67,"",2025,854435.0,3800.0,2170.0
"9959","ASEED HOLDINGS","20260220",1187.0,6.0,1874.26,646.6,11.82,585.33,853.8,"JPY",117.0,22.1,"",0,13.2,13.2,13.2,8.2,"","Retail Trade","Beverages - Non-Alcoholic","",12.34,"",2025,23969.0,979.0,606.0
"9960","TOTECH CORP","20260220",4330.0,7.0,7637.26,2746.82,16.48,1486.81,10088.4,"JPY",51.8,44.7,"",0,20.4,15.4,12.6,11.9,"","Distribution Services","Electronic Components","",41.18,"",2025,155958.0,4520.0,1940.0
"9962","MISUMI GROUP INC","20260220",3047.0,3.0,3775.69,1234.28,9.79,1285.19,34367.6,"JPY",3.3,60.4,"",0,10.6,9.7,12.8,16.7,"","Producer Manufacturing","Tools & Accessories","",273.07,"",2025,401987.0,3242.0,1835.5
"9969","SHOKUBUN CO LTD","20260220",259.0,-18.0,55.83,18.25,1.17,158.41,28.6,"JPY",-100.0,67.5,"",0,-2.6,-0.4,6.3,9.5,"","Consumer Services","Restaurants","",15.34,"",2025,6060.0,264.0,220.0
"9972","Altech Co., Ltd.","20260220",279.0,"","","",-9.64,609.37,-809.0,"JPY","",0.0,"",0,-7.1,-1.2,-7.2,3.4,5.4,"Distribution Services","Specialty Industrial Machinery","",13.77,"",2025,17551.0,313.0,181.0
"9973","KOZO HOLDINGS CO LTD","20260220",27.0,"","","",-455.43,0.36,-478.2,"JPY","",0.0,"",0,-194.8,-65.9,-92.5,-56.4,"","Consumer Services","Restaurants","",294.64,"",2024,18109.0,49.0,15.0
"9974","BELC CO LTD","20260220",7730.0,9.0,15103.41,5280.2,11.07,5277.0,12163.5,"JPY",66.7,26.8,"",0,12.7,12.0,11.6,12.4,"","Retail Trade","Grocery Stores","",20.83,"",2025,387778.0,8200.0,6090.0
"9978","Bunkyodo Group Holdings Co., Ltd.","20260220",50.0,"","","",-4.64,26.38,-53.6,"JPY","",0.0,"",0,-7.3,3.4,7.1,5.6,63.0,"Retail Trade","Specialty Retail","",43.82,"",2025,14456.0,75.0,40.0
"9979","Daisyo Corporation","20260220",1206.0,2.0,1394.31,455.8,8.64,537.68,975.6,"JPY",-135.5,50.0,"",0,9.7,10.6,-1.6,-5.2,-36.2,"Consumer Services","Restaurants","",20.99,"",2025,52556.0,1263.0,969.0
"9980","MRK HOLDINGS INC","20260220",95.0,4.0,130.99,42.82,2.94,148.58,429.9,"JPY",58.3,30.6,"",0,2.0,1.6,3.8,4.8,"","Retail Trade","Apparel Manufacturing","",98.45,"",2025,21152.0,127.0,69.0
"9982","TAKIHYO CO LTD","20260220",2180.0,7.0,3818.23,1248.19,3.63,3503.01,1099.7,"JPY",33.0,68.5,"",0,3.7,2.6,0.6,-6.8,"","Distribution Services","Apparel Manufacturing","",8.64,"",2025,60633.0,2344.0,1097.0
"9983","迅銷","20260220",66960.0,-6.0,44258.87,16132.64,18.52,7408.63,420948.3,"JPY",24.1,52.7,"",0,21.6,20.4,19.3,26.7,18.7,"Retail Trade","Apparel Retail","",306.82,"",2025,3400539.0,69950.0,41650.0
"9984","軟體銀行","20260220",4329.0,"","","",-0.94,2028.85,-108487.9,"JPY","",0.0,"",0,-0.2,-8.6,-13.2,4.8,"","Communications","Telecom Services","",5698.56,"",2025,7243752.0,6923.75,1432.5
"9987","SUZUKEN CO LTD","20260220",6278.0,7.0,10397.67,3399.02,6.0,5773.08,24451.9,"JPY",12.4,90.0,"",0,5.5,6.0,6.3,3.7,"","Distribution Services","Medical Distribution","",70.55,"",2025,2399952.0,6668.0,4406.0
"9989","SUNDRUG CO LTD","20260220",4160.0,6.0,6722.13,2374.8,11.45,2305.64,30879.9,"JPY",97.8,31.2,"",0,12.2,12.5,11.8,11.7,"","Retail Trade","Pharmaceutical Retailers","",116.98,"",2025,801811.0,4883.0,4011.0
"9990","SACS BAR HOLDINGS INC","20260220",820.0,15.0,2492.0,814.64,8.17,1016.55,2413.9,"JPY",-51.7,65.7,"",0,9.7,10.7,6.4,-1.6,"","Retail Trade","Luxury Goods","",29.06,"",2025,52289.0,938.0,740.0
"9991","GECOSS CORPORATION","20260220",1833.0,12.0,4495.99,1469.75,7.61,1969.75,5043.0,"JPY",42.0,46.2,"",0,7.3,7.8,5.4,6.2,"","Finance","Rental & Leasing Services","",33.65,"",2025,111550.0,1719.0,901.0
"9993","YAMAZAWA CO LTD","20260220",1217.0,-9.0,577.9,188.92,0.8,2406.67,207.9,"JPY",371.5,29.6,"",0,-3.9,3.1,1.8,2.6,"","Retail Trade","Grocery Stores","",10.79,"",2025,102558.0,1216.0,1085.0
"9994","YAMAYA CORPORATION","20260220",2296.0,21.0,8141.61,3044.2,10.47,3252.4,3691.8,"JPY",5.9,53.3,"",0,12.3,16.3,9.0,26.7,"","Retail Trade","Beverages - Brewers","",10.84,"",2025,160164.0,2962.0,2194.0
"9996","SATOH & CO LTD","20260220",2341.0,9.0,4642.45,1517.62,4.91,3149.52,1290.6,"JPY",130.0,23.9,"",0,5.2,5.1,4.1,3.1,"","Consumer Services","Food Distribution","",8.34,"",2025,49137.0,2400.0,1791.0
"9997","BELLUNA CO","20260220",975.0,15.0,2923.5,955.7,6.64,1468.34,9378.6,"JPY",192.2,17.5,"",0,6.5,6.3,6.7,8.4,"","Retail Trade","Specialty Retail","",96.24,"",2025,210856.0,1076.0,791.0
