出表日期,年度,季別,公司代號,公司名稱,營業收入,營業成本,原始認列生物資產及農產品之利益（損失）,生物資產當期公允價值減出售成本之變動利益（損失）,營業毛利（毛損）,未實現銷貨（損）益,已實現銷貨（損）益,營業毛利（毛損）淨額,營業費用,其他收益及費損淨額,營業利益（損失）,營業外收入及支出,稅前淨利（淨損）,所得稅費用（利益）,繼續營業單位本期淨利（淨損）,停業單位損益,合併前非屬共同控制股權損益,本期淨利（淨損）,其他綜合損益（淨額）,合併前非屬共同控制股權綜合損益淨額,本期綜合損益總額,淨利（淨損）歸屬於母公司業主,淨利（淨損）歸屬於共同控制下前手權益,淨利（淨損）歸屬於非控制權益,綜合損益總額歸屬於母公司業主,綜合損益總額歸屬於共同控制下前手權益,綜合損益總額歸屬於非控制權益,基本每股盈餘（元）
"115/05/13","115","1","1259","安心","1522360.00","1175806.00","--","--","346554.00","--","--","346554.00","337622.00","--","8932.00","-6101.00","2831.00","798.00","2033.00","--","--","2033.00","-411591.00","--","-409558.00","1827.00","--","206.00","-409764.00","--","206.00","0.06"
"115/05/13","115","1","1268","漢來美食","1988327.00","1016193.00","--","--","972134.00","--","--","972134.00","656334.00","--","315800.00","-5239.00","310561.00","62528.00","248033.00","--","--","248033.00","1032.00","--","249065.00","248033.00","--","--","249065.00","--","--","5.87"
"115/05/13","115","1","1565","精華","899543.00","716775.00","--","--","182768.00","--","--","182768.00","111979.00","--","70789.00","17047.00","87836.00","17580.00","70256.00","--","--","70256.00","481.00","--","70737.00","70256.00","--","--","70737.00","--","--","1.39"
"115/05/13","115","1","1570","力肯","119453.00","92449.00","--","--","27004.00","--","--","27004.00","18165.00","--","8839.00","5550.00","14389.00","2293.00","12096.00","--","--","12096.00","12379.00","--","24475.00","12096.00","--","--","24475.00","--","--","0.23"
"115/05/13","115","1","1584","精剛","513036.00","457630.00","--","--","55406.00","--","--","55406.00","37975.00","--","17431.00","5251.00","22682.00","2910.00","19772.00","--","--","19772.00","-33459.00","--","-13687.00","20537.00","--","-765.00","-12922.00","--","-765.00","0.09"
"115/05/13","115","1","1586","和勤","547977.00","450744.00","--","--","97233.00","--","--","97233.00","77008.00","--","20225.00","1904.00","22129.00","4667.00","17462.00","--","--","17462.00","40004.00","--","57466.00","17462.00","--","--","57466.00","--","--","0.17"
"115/05/13","115","1","1595","川寶","166389.00","142808.00","--","--","23581.00","--","--","23581.00","78496.00","--","-54915.00","15842.00","-39073.00","1246.00","-40319.00","--","--","-40319.00","6206.00","--","-34113.00","-40319.00","--","0.00","-34113.00","--","0.00","-0.74"
"115/05/13","115","1","1599","宏佳騰","642632.00","501117.00","--","--","141515.00","--","--","141515.00","134845.00","--","6670.00","12431.00","19101.00","7356.00","11745.00","--","--","11745.00","-4239.00","--","7506.00","20037.00","--","-8292.00","15798.00","--","-8292.00","0.28"
"115/05/13","115","1","1777","生泰","275573.00","164379.00","--","--","111194.00","--","--","111194.00","33459.00","--","77735.00","11829.00","89564.00","17913.00","71651.00","--","--","71651.00","--","--","71651.00","--","--","--","--","--","--","1.61"
"115/05/13","115","1","1781","合世","96969.00","84831.00","--","--","12138.00","--","--","12138.00","31097.00","--","-18959.00","11682.00","-7277.00","1610.00","-8887.00","--","--","-8887.00","-30.00","--","-8917.00","-8887.00","--","--","-8917.00","--","--","-0.19"
"115/05/13","115","1","1796","金穎生技","153198.00","125127.00","--","--","28071.00","--","--","28071.00","35624.00","--","-7553.00","1074.00","-6479.00","212.00","-6691.00","--","--","-6691.00","480.00","--","-6211.00","-6691.00","--","--","-6211.00","--","--","-0.16"
"115/05/13","115","1","2035","唐榮公司","2473778.00","2369240.00","--","--","104538.00","--","--","104538.00","73652.00","--","30886.00","81286.00","112172.00","-1949.00","114121.00","--","--","114121.00","-468.00","--","113653.00","--","--","--","--","--","--","0.33"
"115/05/13","115","1","2061","風青","316733.00","276898.00","--","--","39835.00","--","--","39835.00","15964.00","--","23871.00","-4387.00","19484.00","2240.00","17244.00","--","--","17244.00","4991.00","--","22235.00","17244.00","--","--","22235.00","--","--","0.30"
"115/05/13","115","1","2064","晉椿","442937.00","415540.00","--","--","27397.00","42.00","--","27355.00","30960.00","--","-3605.00","3587.00","-18.00","153.00","-171.00","--","--","-171.00","-2367.00","--","-2538.00","-175.00","--","4.00","-2542.00","--","4.00","0.00"
"115/05/13","115","1","2065","世豐","545560.00","446831.00","--","--","98729.00","--","--","98729.00","55079.00","--","43650.00","29044.00","72694.00","14478.00","58216.00","--","--","58216.00","10631.00","--","68847.00","58216.00","--","--","68847.00","--","--","0.92"
"115/05/13","115","1","2067","嘉鋼","230032.00","219512.00","--","--","10520.00","--","--","10520.00","40359.00","--","-29839.00","-7267.00","-37106.00","-270.00","-36836.00","--","--","-36836.00","950.00","--","-35886.00","-30854.00","--","-5982.00","-29873.00","--","-6013.00","-0.68"
"115/05/13","115","1","2070","精湛","157528.00","84065.00","--","--","73463.00","--","--","73463.00","66001.00","--","7462.00","6309.00","13771.00","3279.00","10492.00","--","--","10492.00","1025.00","--","11517.00","10492.00","--","--","11517.00","--","--","0.28"
"115/05/13","115","1","2073","雄順","116048.00","109369.00","--","--","6679.00","--","--","6679.00","15663.00","--","-8984.00","-672.00","-9656.00","-1931.00","-7725.00","--","--","-7725.00","-231.00","--","-7956.00","--","--","--","--","--","--","-0.28"
"115/05/13","115","1","2235","謚源","143786.00","122929.00","--","--","20857.00","--","--","20857.00","18051.00","--","2806.00","9580.00","12386.00","2603.00","9783.00","--","--","9783.00","0.00","--","9783.00","--","--","--","--","--","--","0.27"
"115/05/13","115","1","2643","捷迅","1456158.00","1349237.00","--","--","106921.00","--","--","106921.00","79489.00","--","27432.00","7395.00","34827.00","10863.00","23964.00","--","--","23964.00","20589.00","--","44553.00","23964.00","--","--","44553.00","--","--","0.68"
"115/05/13","115","1","2719","燦星旅","522665.00","435305.00","--","--","87360.00","--","--","87360.00","40820.00","--","46540.00","5741.00","52281.00","126.00","52155.00","--","--","52155.00","--","--","52155.00","52155.00","--","--","52155.00","--","--","0.75"
"115/05/13","115","1","2745","五福","2541498.00","2164485.00","--","--","377013.00","--","--","377013.00","221147.00","--","155866.00","-10123.00","145743.00","29429.00","116314.00","--","--","116314.00","--","--","116314.00","116314.00","--","--","116314.00","--","--","3.44"
"115/05/13","115","1","2755","揚秦","824535.00","599326.00","--","--","225209.00","--","--","225209.00","147851.00","--","77358.00","-618.00","76740.00","15431.00","61309.00","--","--","61309.00","886.00","--","62195.00","61309.00","--","--","62195.00","--","--","1.65"
"115/05/13","115","1","2926","誠品生活","1722858.00","1057390.00","--","--","665468.00","--","--","665468.00","658634.00","--","6834.00","17858.00","24692.00","16633.00","8059.00","--","--","8059.00","7731.00","--","15790.00","8180.00","--","-121.00","15920.00","--","-130.00","0.17"
"115/05/13","115","1","2937","集雅社","1227773.00","974108.00","--","--","253665.00","--","--","253665.00","219133.00","--","34532.00","-1585.00","32947.00","6138.00","26809.00","--","--","26809.00","--","--","26809.00","26809.00","--","--","26809.00","--","--","0.62"
"115/05/13","115","1","3071","協禧","706438.00","494095.00","--","--","212343.00","--","--","212343.00","143641.00","--","68702.00","-25956.00","42746.00","17221.00","25525.00","--","--","25525.00","63124.00","--","88649.00","16155.00","--","9370.00","72726.00","--","15923.00","0.15"
"115/05/13","115","1","3073","天方能源","63255.00","55207.00","--","--","8048.00","--","--","8048.00","12179.00","0.00","-4131.00","3918.00","-213.00","0.00","-213.00","--","--","-213.00","-4460.00","--","-4673.00","-195.00","--","-18.00","-4655.00","--","-18.00","0.00"
"115/05/13","115","1","3081","聯亞","904389.00","409156.00","--","--","495233.00","--","--","495233.00","122003.00","--","373230.00","23664.00","396894.00","79379.00","317515.00","--","--","317515.00","-209.00","--","317306.00","--","--","--","--","--","--","3.44"
"115/05/13","115","1","3083","網龍","98413.00","18809.00","--","--","79604.00","--","--","79604.00","82889.00","--","-3285.00","30359.00","27074.00","919.00","26155.00","--","--","26155.00","9631.00","--","35786.00","25744.00","--","411.00","35187.00","--","599.00","0.30"
"115/05/13","115","1","3086","華義*","32552.00","21253.00","--","--","11299.00","--","--","11299.00","19328.00","--","-8029.00","3175.00","-4854.00","--","-4854.00","--","--","-4854.00","-123.00","--","-4977.00","-4001.00","--","-853.00","-4063.00","--","-914.00","-0.01"
"115/05/13","115","1","3088","艾訊","2120523.00","1398916.00","--","--","721607.00","57.00","61.00","721611.00","448429.00","--","273182.00","40019.00","313201.00","60588.00","252613.00","--","--","252613.00","15589.00","--","268202.00","244323.00","--","8290.00","259912.00","--","8290.00","2.25"
"115/05/13","115","1","3093","港建*","267567.00","195150.00","--","--","72417.00","--","--","72417.00","64177.00","--","8240.00","6941.00","15181.00","3806.00","11375.00","--","--","11375.00","9714.00","--","21089.00","11375.00","--","--","21089.00","--","--","0.08"
"115/05/13","115","1","3105","穩懋","4590060.00","3381061.00","--","--","1208999.00","--","--","1208999.00","777999.00","--","431000.00","100808.00","531808.00","83181.00","448627.00","--","--","448627.00","-301072.00","--","147555.00","533291.00","--","-84664.00","220687.00","--","-73132.00","1.26"
"115/05/13","115","1","3118","進階","158856.00","99368.00","--","--","59488.00","--","--","59488.00","39594.00","--","19894.00","1612.00","21506.00","4213.00","17293.00","--","--","17293.00","--","--","17293.00","--","--","--","--","--","--","0.53"
"115/05/13","115","1","3122","笙泉","81453.00","51736.00","--","--","29717.00","--","--","29717.00","40356.00","--","-10639.00","-1099.00","-11738.00","38.00","-11776.00","--","--","-11776.00","554.00","--","-11222.00","-11776.00","--","0.00","-11222.00","--","0.00","-0.29"
"115/05/13","115","1","3141","晶宏","364294.00","209421.00","--","--","154873.00","--","--","154873.00","135153.00","--","19720.00","49052.00","68772.00","11430.00","57342.00","--","--","57342.00","103744.00","--","161086.00","62330.00","--","-4988.00","166074.00","--","-4988.00","0.84"
"115/05/13","115","1","3147","大綜","2986522.00","2610836.00","--","--","375686.00","--","--","375686.00","179991.00","--","195695.00","6924.00","202619.00","42793.00","159826.00","--","--","159826.00","1692.00","--","161518.00","159826.00","--","--","161518.00","--","--","3.66"
"115/05/13","115","1","3152","璟德","352425.00","193350.00","--","--","159075.00","--","--","159075.00","57105.00","--","101970.00","15617.00","117587.00","21640.00","95947.00","--","--","95947.00","--","--","95947.00","--","--","--","--","--","--","1.39"
"115/05/13","115","1","3158","嘉實","261631.00","94376.00","--","--","167255.00","--","--","167255.00","112622.00","--","54633.00","2885.00","57518.00","11721.00","45797.00","--","--","45797.00","-5.00","--","45792.00","45797.00","--","0.00","45792.00","--","0.00","1.50"
"115/05/13","115","1","3163","波若威","656095.00","532385.00","--","--","123710.00","--","--","123710.00","88802.00","--","34908.00","217633.00","252541.00","8790.00","243751.00","--","--","243751.00","16966.00","--","260717.00","243751.00","--","--","260717.00","--","--","3.03"
"115/05/13","115","1","3169","亞信","241956.00","110814.00","--","--","131142.00","--","--","131142.00","66577.00","--","64565.00","9181.00","73746.00","12176.00","61570.00","--","--","61570.00","3234.00","--","64804.00","61570.00","--","--","64804.00","--","--","0.97"
"115/05/13","115","1","3178","公準","294902.00","254428.00","--","--","40474.00","--","--","40474.00","46679.00","--","-6205.00","3514.00","-2691.00","-2949.00","258.00","--","--","258.00","723.00","--","981.00","61.00","--","197.00","567.00","--","414.00","0.00"
"115/05/13","115","1","3206","志豐","731010.00","580050.00","--","--","150960.00","--","--","150960.00","122791.00","--","28169.00","1393.00","29562.00","10536.00","19026.00","--","--","19026.00","30042.00","--","49068.00","15483.00","--","3543.00","43927.00","--","5141.00","0.26"
"115/05/13","115","1","3211","順達","3344523.00","2674581.00","--","--","669942.00","--","--","669942.00","250740.00","--","419202.00","-50154.00","369048.00","56238.00","312810.00","--","--","312810.00","146865.00","--","459675.00","312810.00","--","--","459675.00","--","--","2.05"
"115/05/13","115","1","3213","茂訊","728281.00","466288.00","--","--","261993.00","--","--","261993.00","83572.00","--","178421.00","28846.00","207267.00","41469.00","165798.00","--","--","165798.00","66761.00","--","232559.00","152251.00","--","13547.00","219012.00","--","13547.00","2.59"
"115/05/13","115","1","3217","優群","948090.00","484230.00","--","--","463860.00","--","--","463860.00","169139.00","--","294721.00","25327.00","320048.00","65902.00","254146.00","--","--","254146.00","268680.00","--","522826.00","254146.00","--","--","522826.00","--","--","2.82"
"115/05/13","115","1","3218","大學光","1089806.00","464479.00","--","--","625327.00","--","--","625327.00","291473.00","--","333854.00","21044.00","354898.00","66969.00","287929.00","--","--","287929.00","11405.00","--","299334.00","280773.00","--","7156.00","288734.00","--","10600.00","3.31"
"115/05/13","115","1","3219","倚強科","431607.00","155847.00","--","--","275760.00","--","--","275760.00","234510.00","--","41250.00","-5640.00","35610.00","6923.00","28687.00","--","--","28687.00","26518.00","--","55205.00","33992.00","--","-5305.00","48613.00","--","6592.00","0.48"
"115/05/13","115","1","3224","三顧","410214.00","343951.00","--","--","66263.00","--","--","66263.00","99896.00","--","-33633.00","11376.00","-22257.00","864.00","-23121.00","--","--","-23121.00","6635.00","--","-16486.00","2247.00","--","-25368.00","8885.00","--","-25371.00","0.03"
"115/05/13","115","1","3228","金麗科","75858.00","29783.00","--","--","46075.00","--","--","46075.00","87845.00","--","-41770.00","2369.00","-39401.00","0.00","-39401.00","--","--","-39401.00","-806.00","--","-40207.00","--","--","--","--","--","--","-0.55"
"115/05/13","115","1","3230","錦明","100608.00","96273.00","--","--","4335.00","--","--","4335.00","42206.00","--","-37871.00","-1419.00","-39290.00","-914.00","-38376.00","--","--","-38376.00","10877.00","--","-27499.00","-38376.00","--","--","-27499.00","--","--","-0.45"
"115/05/13","115","1","3234","光環","182685.00","164798.00","--","--","17887.00","307.00","354.00","17934.00","57773.00","--","-39839.00","3473.00","-36366.00","0.00","-36366.00","--","--","-36366.00","2401.00","--","-33965.00","-35715.00","--","-651.00","-33314.00","--","-651.00","-0.32"
"115/05/13","115","1","3252","海灣","140524.00","83675.00","--","--","56849.00","--","--","56849.00","26947.00","--","29902.00","-14384.00","15518.00","467.00","15051.00","--","--","15051.00","0.00","--","15051.00","4616.00","--","10435.00","4616.00","--","10435.00","0.09"
"115/05/13","115","1","3259","鑫創","45725.00","38514.00","--","--","7211.00","--","--","7211.00","51465.00","--","-44254.00","745.00","-43509.00","0.00","-43509.00","--","--","-43509.00","0.00","--","-43509.00","--","--","--","--","--","--","-0.60"
"115/05/13","115","1","3260","威剛","26099523.00","11561919.00","--","--","14537604.00","1512.00","--","14536092.00","2256581.00","--","12279511.00","560450.00","12839961.00","2865411.00","9974550.00","--","--","9974550.00","236621.00","--","10211171.00","9533983.00","--","440567.00","9697406.00","--","513765.00","30.05"
"115/05/13","115","1","3264","欣銓","3983402.00","2455483.00","--","--","1527919.00","--","--","1527919.00","431394.00","--","1096525.00","67815.00","1164340.00","239997.00","924343.00","--","--","924343.00","71111.00","--","995454.00","924343.00","--","--","995454.00","--","--","1.95"
"115/05/13","115","1","3265","台星科","1307800.00","973700.00","--","--","334100.00","--","--","334100.00","77198.00","--","256902.00","48705.00","305607.00","65851.00","239756.00","--","--","239756.00","-11404.00","--","228352.00","239756.00","--","--","228352.00","--","--","1.76"
"115/05/13","115","1","3268","海德威","214204.00","200779.00","--","--","13425.00","--","--","13425.00","21046.00","--","-7621.00","4703.00","-2918.00","205.00","-3123.00","--","--","-3123.00","8614.00","--","5491.00","-3123.00","--","--","5491.00","--","--","-0.09"
"115/05/13","115","1","3276","宇環","138645.00","138222.00","--","--","423.00","--","--","423.00","21628.00","--","-21205.00","14171.00","-7034.00","0.00","-7034.00","--","--","-7034.00","21656.00","--","14622.00","-98.00","--","-6936.00","21558.00","--","-6936.00","0.00"
"115/05/13","115","1","3285","微端","221882.00","168187.00","--","--","53695.00","--","--","53695.00","37893.00","--","15802.00","-641.00","15161.00","3073.00","12088.00","--","--","12088.00","4311.00","--","16399.00","10992.00","--","1096.00","14943.00","--","1456.00","0.26"
"115/05/13","115","1","3287","廣寰科","216670.00","144338.00","--","--","72332.00","--","--","72332.00","51608.00","--","20724.00","37018.00","57742.00","2503.00","55239.00","--","--","55239.00","-1451.00","--","53788.00","44347.00","--","10892.00","42896.00","--","10892.00","1.01"
"115/05/13","115","1","3293","鈊象","6264670.00","136420.00","--","--","6128250.00","--","--","6128250.00","2476732.00","--","3651518.00","199746.00","3851264.00","699481.00","3151783.00","--","--","3151783.00","-25047.00","--","3126736.00","3151923.00","--","-140.00","3126770.00","--","-34.00","11.18"
"115/05/13","115","1","3297","杭特","50212.00","31796.00","--","--","18416.00","--","--","18416.00","25728.00","--","-7312.00","5281.00","-2031.00","-342.00","-1689.00","--","--","-1689.00","--","--","-1689.00","-1689.00","--","--","-1689.00","--","--","-0.05"
"115/05/13","115","1","3303","岱稜","774438.00","508913.00","--","--","265525.00","--","--","265525.00","165564.00","--","99961.00","18065.00","118026.00","28788.00","89238.00","--","--","89238.00","12223.00","--","101461.00","86263.00","--","2975.00","98486.00","--","2975.00","0.92"
"115/05/13","115","1","3306","鼎天","246640.00","178707.00","--","--","67933.00","--","--","67933.00","67376.00","465.00","1022.00","4927.00","5949.00","595.00","5354.00","--","--","5354.00","35101.00","--","40455.00","--","--","--","--","--","--","0.11"
"115/05/13","115","1","3313","斐成","4957.00","7159.00","--","--","-2202.00","--","--","-2202.00","13711.00","--","-15913.00","32128.00","16215.00","686.00","15529.00","--","--","15529.00","--","--","15529.00","15534.00","--","-5.00","15534.00","--","-5.00","0.07"
"115/05/13","115","1","3317","尼克森","708192.00","500344.00","--","--","207848.00","--","--","207848.00","115517.00","--","92331.00","5059.00","97390.00","19835.00","77555.00","--","--","77555.00","368.00","--","77923.00","75931.00","--","1624.00","76299.00","--","1624.00","0.84"
"115/05/13","115","1","3324","雙鴻","8551657.00","6015134.00","--","--","2536523.00","--","--","2536523.00","1016879.00","--","1519644.00","50404.00","1570048.00","304589.00","1265459.00","--","--","1265459.00","-18055.00","--","1247404.00","1164048.00","--","101411.00","1141264.00","--","106140.00","12.61"
"115/05/13","115","1","3354","律勝","28513.00","20193.00","--","--","8320.00","--","--","8320.00","24464.00","--","-16144.00","4521.00","-11623.00","332.00","-11955.00","--","--","-11955.00","3706.00","--","-8249.00","-11955.00","--","--","-8249.00","--","--","-0.17"
"115/05/13","115","1","3357","臺慶科","1735489.00","1234607.00","--","--","500882.00","2428.00","1598.00","500052.00","241140.00","--","258912.00","61975.00","320887.00","39722.00","281165.00","--","--","281165.00","647713.00","--","928878.00","286247.00","--","-5082.00","930101.00","--","-1223.00","2.51"
"115/05/13","115","1","3372","典範","309683.00","296959.00","--","--","12724.00","--","--","12724.00","23428.00","--","-10704.00","5286.00","-5418.00","0.00","-5418.00","--","--","-5418.00","--","--","-5418.00","--","--","--","--","--","--","-0.03"
"115/05/13","115","1","3374","精材","1913716.00","1346162.00","--","--","567554.00","--","--","567554.00","130093.00","14554.00","452015.00","23792.00","475807.00","91390.00","384417.00","--","--","384417.00","--","--","384417.00","--","--","--","--","--","--","1.42"
"115/05/13","115","1","3379","彬台","184353.00","149275.00","--","--","35078.00","--","--","35078.00","42637.00","--","-7559.00","1404.00","-6155.00","8817.00","-14972.00","--","--","-14972.00","7208.00","--","-7764.00","-14972.00","--","--","-7764.00","--","--","-0.39"
"115/05/13","115","1","3426","台興","146331.00","108884.00","--","--","37447.00","--","--","37447.00","29841.00","--","7606.00","3242.00","10848.00","2795.00","8053.00","--","--","8053.00","12375.00","--","20428.00","8053.00","--","--","20428.00","--","--","0.31"
"115/05/13","115","1","3434","哲固","116171.00","93014.00","--","--","23157.00","--","--","23157.00","24203.00","--","-1046.00","4541.00","3495.00","700.00","2795.00","--","--","2795.00","36.00","--","2831.00","2795.00","--","--","2831.00","--","--","0.08"
"115/05/13","115","1","3438","類比科","198374.00","121659.00","--","--","76715.00","--","--","76715.00","77971.00","--","-1256.00","13118.00","11862.00","556.00","11306.00","--","--","11306.00","342641.00","--","353947.00","--","--","--","--","--","--","0.24"
"115/05/13","115","1","3441","聯一光電","113335.00","79569.00","--","--","33766.00","--","--","33766.00","21176.00","--","12590.00","14394.00","26984.00","8024.00","18960.00","--","--","18960.00","14289.00","--","33249.00","18741.00","--","219.00","32580.00","--","669.00","0.47"
"115/05/13","115","1","3444","利機","315951.00","253511.00","--","--","62440.00","--","--","62440.00","50932.00","--","11508.00","12247.00","23755.00","5202.00","18553.00","--","--","18553.00","1412.00","--","19965.00","18553.00","--","--","19965.00","--","--","0.41"
"115/05/13","115","1","3465","進泰電子","337099.00","317149.00","--","--","19950.00","--","--","19950.00","79288.00","--","-59338.00","5895.00","-53443.00","-11421.00","-42022.00","--","--","-42022.00","18119.00","--","-23903.00","-32433.00","--","-9589.00","-15813.00","--","-8090.00","-0.92"
"115/05/13","115","1","3467","台灣精材","168561.00","126905.00","--","--","41656.00","--","--","41656.00","32005.00","--","9651.00","2120.00","11771.00","2354.00","9417.00","--","--","9417.00","--","--","9417.00","--","--","--","--","--","--","0.30"
"115/05/13","115","1","3489","森寶","271895.00","262929.00","--","--","8966.00","--","--","8966.00","7266.00","27.00","1727.00","-2233.00","-506.00","1780.00","-2286.00","--","--","-2286.00","--","--","-2286.00","-2286.00","--","--","-2286.00","--","--","-0.03"
"115/05/13","115","1","3492","長盛","197402.00","141629.00","--","--","55773.00","0.00","0.00","55773.00","44768.00","--","11005.00","1701.00","12706.00","1799.00","10907.00","--","--","10907.00","7228.00","--","18135.00","10907.00","0.00","0.00","18135.00","0.00","0.00","0.31"
"115/05/13","115","1","3508","位速","227353.00","194402.00","--","--","32951.00","--","--","32951.00","69855.00","--","-36904.00","29391.00","-7513.00","7591.00","-15104.00","--","--","-15104.00","501.00","--","-14603.00","-10059.00","--","-5045.00","-9820.00","--","-4783.00","-0.10"
"115/05/13","115","1","3511","矽瑪","466927.00","390323.00","--","--","76604.00","--","--","76604.00","86337.00","--","-9733.00","-891.00","-10624.00","1448.00","-12072.00","--","--","-12072.00","5526.00","--","-6546.00","-7037.00","--","-5035.00","-1511.00","--","-5035.00","-0.09"
"115/05/13","115","1","3523","迎輝","13219.00","24928.00","--","--","-11709.00","--","--","-11709.00","17382.00","--","-29091.00","9.00","-29082.00","0.00","-29082.00","--","--","-29082.00","0.00","--","-29082.00","-28955.00","--","-127.00","-28955.00","--","-127.00","-0.45"
"115/05/13","115","1","3526","凡甲","1101057.00","546366.00","--","--","554691.00","--","--","554691.00","186608.00","--","368083.00","6208.00","374291.00","65815.00","308476.00","--","--","308476.00","141760.00","--","450236.00","308476.00","--","--","450236.00","--","--","4.70"
"115/05/13","115","1","3527","聚積","343983.00","207803.00","--","--","136180.00","--","--","136180.00","141438.00","--","-5258.00","8927.00","3669.00","3331.00","338.00","--","--","338.00","14865.00","--","15203.00","338.00","--","--","15203.00","--","--","0.01"
"115/05/13","115","1","3529","力旺","1093993.00","0.00","--","--","1093993.00","--","--","1093993.00","431616.00","--","662377.00","33074.00","695451.00","79700.00","615751.00","--","--","615751.00","315.00","--","616066.00","596250.00","--","19501.00","596483.00","--","19583.00","7.98"
"115/05/13","115","1","3531","先益","273163.00","218643.00","--","--","54520.00","--","--","54520.00","58356.00","--","-3836.00","32589.00","28753.00","9647.00","19106.00","--","--","19106.00","21451.00","--","40557.00","20392.00","--","-1286.00","41843.00","--","-1286.00","0.33"
"115/05/13","115","1","3537","堡達","731633.00","611425.00","--","--","120208.00","0.00","-130.00","120078.00","49447.00","0.00","70631.00","19036.00","89667.00","17945.00","71722.00","0.00","--","71722.00","6527.00","--","78249.00","71722.00","--","--","78249.00","--","--","1.28"
"115/05/13","115","1","3541","西柏","242276.00","156372.00","--","--","85904.00","--","--","85904.00","92918.00","--","-7014.00","9503.00","2489.00","711.00","1778.00","--","--","1778.00","64.00","--","1842.00","1778.00","--","--","1842.00","--","--","0.03"
"115/05/13","115","1","3551","世禾","810912.00","507304.00","--","--","303608.00","--","--","303608.00","139433.00","--","164175.00","28259.00","192434.00","40865.00","151569.00","--","--","151569.00","51893.00","--","203462.00","151569.00","--","--","203462.00","--","--","2.46"
"115/05/13","115","1","3555","博士旺","273286.00","157001.00","--","--","116285.00","--","--","116285.00","72866.00","--","43419.00","177329.00","220748.00","0.00","220748.00","--","--","220748.00","0.00","--","220748.00","218054.00","--","2694.00","218073.00","--","2675.00","5.45"
"115/05/13","115","1","3556","禾瑞亞","309177.00","156614.00","--","--","152563.00","--","--","152563.00","101028.00","--","51535.00","37439.00","88974.00","13986.00","74988.00","--","--","74988.00","415.00","--","75403.00","75622.00","--","-634.00","75880.00","--","-477.00","1.19"
"115/05/13","115","1","3558","神準","3058205.00","2561493.00","--","--","496712.00","--","--","496712.00","521013.00","37024.00","12723.00","14428.00","27151.00","7325.00","19826.00","--","--","19826.00","8527.00","--","28353.00","5959.00","--","13867.00","14564.00","--","13789.00","0.10"
"115/05/13","115","1","3564","其陽","559664.00","435089.00","--","--","124575.00","--","--","124575.00","145557.00","--","-20982.00","-2948.00","-23930.00","-5171.00","-18759.00","--","--","-18759.00","5113.00","--","-13646.00","-18759.00","--","--","-13646.00","--","--","-0.32"
"115/05/13","115","1","3567","逸昌","62555.00","46834.00","--","--","15721.00","--","--","15721.00","11005.00","--","4716.00","1024.00","5740.00","1185.00","4555.00","--","--","4555.00","--","--","4555.00","--","--","--","--","--","--","0.13"
"115/05/13","115","1","3577","泓格","387396.00","155919.00","--","--","231477.00","--","--","231477.00","119472.00","569.00","112574.00","3239.00","115813.00","21666.00","94147.00","--","--","94147.00","3822.00","--","97969.00","94147.00","--","--","97969.00","--","--","1.47"
"115/05/13","115","1","3581","博磊","405160.00","260718.00","--","--","144442.00","--","--","144442.00","119343.00","--","25099.00","9592.00","34691.00","7962.00","26729.00","--","--","26729.00","4888.00","--","31617.00","15832.00","--","10897.00","20720.00","--","10897.00","0.31"
"115/05/13","115","1","3587","閎康","1424420.00","984432.00","--","--","439988.00","--","--","439988.00","259087.00","--","180901.00","18546.00","199447.00","49469.00","149978.00","--","--","149978.00","118216.00","--","268194.00","149978.00","0.00","0.00","268194.00","0.00","0.00","2.24"
"115/05/13","115","1","3597","映興","198150.00","153150.00","--","--","45000.00","--","--","45000.00","39318.00","--","5682.00","-623.00","5059.00","1797.00","3262.00","--","--","3262.00","5042.00","--","8304.00","3262.00","--","--","8304.00","--","--","0.08"
"115/05/13","115","1","3623","富晶通","81991.00","73637.00","--","--","8354.00","--","--","8354.00","7486.00","--","868.00","8474.00","9342.00","1689.00","7653.00","--","--","7653.00","1619.00","--","9272.00","--","--","--","--","--","--","0.26"
"115/05/13","115","1","3624","光頡","727980.00","520091.00","--","--","207889.00","--","--","207889.00","111461.00","--","96428.00","21966.00","118394.00","29414.00","88980.00","--","--","88980.00","12987.00","--","101967.00","87930.00","--","1050.00","100505.00","--","1462.00","0.75"
"115/05/13","115","1","3628","盈正","804199.00","585575.00","--","--","218624.00","--","--","218624.00","198061.00","--","20563.00","6014.00","26577.00","10288.00","16289.00","--","--","16289.00","15365.00","--","31654.00","15384.00","--","905.00","30700.00","--","954.00","0.34"
"115/05/13","115","1","3631","晟楠","8997.00","7365.00","--","--","1632.00","--","--","1632.00","26308.00","--","-24676.00","5323.00","-19353.00","-2967.00","-16386.00","--","--","-16386.00","17652.00","--","1266.00","-12202.00","--","-4184.00","5450.00","--","-4184.00","-0.15"
"115/05/13","115","1","3632","研勤","72621.00","27676.00","--","--","44945.00","--","--","44945.00","39261.00","--","5684.00","-1103.00","4581.00","1491.00","3090.00","--","--","3090.00","-421.00","--","2669.00","2580.00","--","510.00","2176.00","--","493.00","0.06"
"115/05/13","115","1","3663","鑫科","2448860.00","2322100.00","--","--","126760.00","--","--","126760.00","62043.00","--","64717.00","-25604.00","39113.00","12078.00","27035.00","--","--","27035.00","223630.00","--","250665.00","28120.00","--","-1085.00","236949.00","--","13716.00","0.26"
"115/05/13","115","1","3675","德微","684598.00","422644.00","--","--","261954.00","--","--","261954.00","159674.00","--","102280.00","1178.00","103458.00","20960.00","82498.00","--","--","82498.00","1782.00","--","84280.00","80096.00","--","2402.00","81878.00","--","2402.00","1.51"
"115/05/13","115","1","3684","榮昌","257050.00","166803.00","--","--","90247.00","--","--","90247.00","64044.00","--","26203.00","443.00","26646.00","5647.00","20999.00","--","--","20999.00","3152.00","--","24151.00","20999.00","--","--","24151.00","--","--","0.70"
"115/05/13","115","1","3689","湧德","1923908.00","1341843.00","--","--","582065.00","--","--","582065.00","355867.00","--","226198.00","6939.00","233137.00","47817.00","185320.00","--","--","185320.00","92079.00","--","277399.00","182233.00","--","3087.00","273261.00","--","4138.00","2.04"
"115/05/13","115","1","4105","東洋","1520487.00","608300.00","--","--","912187.00","7916.00","12023.00","916294.00","426824.00","--","489470.00","84149.00","573619.00","110462.00","463157.00","--","--","463157.00","3103.00","--","466260.00","443065.00","--","20092.00","448861.00","--","17399.00","1.78"
"115/05/13","115","1","4109","加捷生醫","135125.00","96895.00","--","--","38230.00","--","--","38230.00","35474.00","--","2756.00","17224.00","19980.00","1551.00","18429.00","--","--","18429.00","-7203.00","--","11226.00","18403.00","--","26.00","11079.00","--","147.00","0.15"
"115/05/13","115","1","4111","濟生","356758.00","210509.00","--","--","146249.00","--","--","146249.00","88414.00","--","57835.00","10437.00","68272.00","14376.00","53896.00","--","--","53896.00","-9.00","--","53887.00","--","--","--","--","--","--","0.90"
"115/05/13","115","1","4116","明基醫","1324607.00","897434.00","--","--","427173.00","--","--","427173.00","357701.00","--","69472.00","3419.00","72891.00","22990.00","49901.00","--","--","49901.00","2674.00","--","52575.00","12566.00","--","37335.00","14583.00","--","37992.00","0.28"
"115/05/13","115","1","4121","優盛","938310.00","620408.00","--","--","317902.00","--","--","317902.00","339921.00","--","-22019.00","8230.00","-13789.00","835.00","-14624.00","--","--","-14624.00","7025.00","--","-7599.00","-9243.00","--","-5381.00","-2202.00","--","-5397.00","-0.11"
"115/05/13","115","1","4126","太醫","581571.00","399557.00","--","--","182014.00","--","--","182014.00","65507.00","--","116507.00","14086.00","130593.00","26125.00","104468.00","--","--","104468.00","--","--","104468.00","--","--","--","--","--","--","1.44"
"115/05/13","115","1","4128","中天","501633.00","305887.00","--","--","195746.00","--","--","195746.00","310117.00","0.00","-114371.00","-134529.00","-248900.00","0.00","-248900.00","--","--","-248900.00","-44804.00","--","-293704.00","-183635.00","--","-65265.00","-260076.00","--","-33628.00","-0.31"
"115/05/13","115","1","4131","浩泰","60473.00","29789.00","--","--","30684.00","--","--","30684.00","30538.00","--","146.00","-818.00","-672.00","655.00","-1327.00","--","--","-1327.00","--","--","-1327.00","-1824.00","--","497.00","-1824.00","--","497.00","-0.05"
"115/05/13","115","1","4153","鈺緯","222900.00","160836.00","--","--","62064.00","41.00","--","62023.00","34720.00","--","27303.00","-44.00","27259.00","2477.00","24782.00","--","--","24782.00","-539.00","--","24243.00","24782.00","--","--","24243.00","--","--","0.42"
"115/05/13","115","1","4157","太景*-KY","10340.00","4910.00","--","--","5430.00","--","--","5430.00","40665.00","--","-35235.00","21538.00","-13697.00","-627.00","-13070.00","-1254.00","--","-14324.00","-13345.00","--","-27669.00","-14324.00","--","--","-27669.00","--","--","-0.02"
"115/05/13","115","1","4161","聿新科","224291.00","158903.00","--","--","65388.00","--","--","65388.00","43747.00","--","21641.00","-118.00","21523.00","4396.00","17127.00","--","--","17127.00","-400.00","--","16727.00","17542.00","--","-415.00","17142.00","--","-415.00","0.30"
"115/05/13","115","1","4162","智擎","239795.00","15235.00","--","--","224560.00","--","--","224560.00","94663.00","--","129897.00","40824.00","170721.00","33506.00","137215.00","--","--","137215.00","--","--","137215.00","--","--","--","--","--","--","0.96"
"115/05/13","115","1","4174","浩鼎","5564.00","33240.00","--","--","-27676.00","--","--","-27676.00","426726.00","--","-454402.00","-45466.00","-499868.00","3629.00","-503497.00","--","--","-503497.00","3969.00","--","-499528.00","-440492.00","--","-63005.00","-436523.00","--","-63005.00","-3.35"
"115/05/13","115","1","4183","福永生技","63383.00","53703.00","--","--","9680.00","--","--","9680.00","24972.00","--","-15292.00","2303.00","-12989.00","-698.00","-12291.00","--","--","-12291.00","0.00","--","-12291.00","--","--","--","--","--","--","-0.52"
"115/05/13","115","1","4188","安克","6387.00","3273.00","--","--","3114.00","--","--","3114.00","21424.00","--","-18310.00","2008.00","-16302.00","0.00","-16302.00","--","--","-16302.00","-5500.00","--","-21802.00","-13516.00","--","-2786.00","-19016.00","--","-2786.00","-0.21"
"115/05/13","115","1","4205","中華食","492896.00","313819.00","--","--","179077.00","--","--","179077.00","74381.00","--","104696.00","3080.00","107776.00","20893.00","86883.00","--","--","86883.00","1596.00","--","88479.00","--","--","--","--","--","--","0.89"
"115/05/13","115","1","4305","世坤","234276.00","154817.00","--","--","79459.00","--","--","79459.00","28060.00","--","51399.00","26557.00","77956.00","15591.00","62365.00","--","--","62365.00","--","--","62365.00","--","--","--","--","--","--","1.13"
"115/05/13","115","1","4417","金洲","678050.00","471499.00","--","--","206551.00","--","--","206551.00","69933.00","--","136618.00","-23931.00","112687.00","33196.00","79491.00","--","--","79491.00","59465.00","--","138956.00","69759.00","--","9732.00","123768.00","--","15188.00","0.83"
"115/05/13","115","1","4420","光明","229484.00","215572.00","--","--","13912.00","--","--","13912.00","12056.00","0.00","1856.00","6507.00","8363.00","1674.00","6689.00","--","--","6689.00","-810.00","--","5879.00","--","--","--","--","--","--","0.17"
"115/05/13","115","1","4430","耀億","580981.00","452620.00","--","--","128361.00","--","--","128361.00","111052.00","--","17309.00","10501.00","27810.00","14153.00","13657.00","--","--","13657.00","33753.00","--","47410.00","13657.00","--","--","47410.00","--","--","0.24"
"115/05/13","115","1","4503","金雨","161837.00","102991.00","--","--","58846.00","--","--","58846.00","20616.00","--","38230.00","36402.00","74632.00","11444.00","63188.00","--","--","63188.00","2212.00","--","65400.00","63222.00","--","-34.00","65434.00","--","-34.00","0.81"
"115/05/13","115","1","4527","方方土霖","572086.00","423139.00","--","--","148947.00","--","--","148947.00","89189.00","--","59758.00","6494.00","66252.00","16348.00","49904.00","--","--","49904.00","17176.00","--","67080.00","49297.00","--","607.00","63972.00","--","3108.00","0.65"
"115/05/13","115","1","4528","江興鍛","353599.00","307335.00","--","--","46264.00","--","--","46264.00","57433.00","--","-11169.00","1054.00","-10115.00","3727.00","-13842.00","--","--","-13842.00","69637.00","--","55795.00","-13842.00","--","0.00","55795.00","--","0.00","-0.16"
"115/05/13","115","1","4529","淳紳","1254.00","751.00","--","--","503.00","--","--","503.00","11855.00","--","-11352.00","-2899.00","-14251.00","--","-14251.00","--","--","-14251.00","34502.00","--","20251.00","-14185.00","--","-66.00","20317.00","--","-66.00","-0.17"
"115/05/13","115","1","4538","大詠城","89056.00","74348.00","--","--","14708.00","--","--","14708.00","10389.00","--","4319.00","3476.00","7795.00","1570.00","6225.00","--","--","6225.00","--","--","6225.00","--","--","--","--","--","--","0.10"
"115/05/13","115","1","4541","晟田","451254.00","358664.00","--","--","92590.00","--","--","92590.00","40438.00","--","52152.00","5129.00","57281.00","11456.00","45825.00","--","--","45825.00","--","--","45825.00","--","--","--","--","--","--","0.68"
"115/05/13","115","1","4542","科嶠","217239.00","132117.00","--","--","85122.00","--","--","85122.00","66889.00","--","18233.00","2033.00","20266.00","6479.00","13787.00","--","--","13787.00","20356.00","--","34143.00","13448.00","--","339.00","33569.00","--","574.00","0.40"
"115/05/13","115","1","4543","萬在","245432.00","161853.00","--","--","83579.00","--","--","83579.00","40865.00","--","42714.00","16029.00","58743.00","13146.00","45597.00","--","--","45597.00","-4276.00","--","41321.00","45597.00","--","--","41321.00","--","--","0.76"
"115/05/13","115","1","4568","科際精密","283652.00","200510.00","--","--","83142.00","--","--","83142.00","67343.00","--","15799.00","3356.00","19155.00","3992.00","15163.00","--","--","15163.00","17162.00","--","32325.00","15163.00","--","--","32325.00","--","--","0.48"
"115/05/13","115","1","4584","君帆","262818.00","183545.00","--","--","79273.00","--","--","79273.00","64320.00","--","14953.00","1963.00","16916.00","-10377.00","27293.00","--","--","27293.00","19376.00","--","46669.00","27293.00","--","--","46669.00","--","--","0.91"
"115/05/13","115","1","4609","唐鋒","18318.00","18211.00","--","--","107.00","--","--","107.00","21304.00","--","-21197.00","17522.00","-3675.00","0.00","-3675.00","--","--","-3675.00","-2179.00","--","-5854.00","-3675.00","--","--","-5854.00","--","--","-0.08"
"115/05/13","115","1","4706","大恭","288502.00","232296.00","--","--","56206.00","--","--","56206.00","36844.00","--","19362.00","8735.00","28097.00","5765.00","22332.00","--","--","22332.00","9949.00","--","32281.00","22328.00","--","4.00","32277.00","--","4.00","0.28"
"115/05/13","115","1","4716","大立","134779.00","115446.00","--","--","19333.00","--","--","19333.00","34188.00","--","-14855.00","31585.00","16730.00","864.00","15866.00","--","--","15866.00","-1213.00","--","14653.00","16441.00","--","-575.00","15222.00","--","-569.00","0.17"
"115/05/13","115","1","4721","美琪瑪","761345.00","565995.00","--","--","195350.00","--","--","195350.00","42095.00","--","153255.00","5994.00","159249.00","33781.00","125468.00","--","--","125468.00","6123.00","--","131591.00","125468.00","--","--","131591.00","--","--","1.67"
"115/05/13","115","1","4741","泓瀚","123647.00","79991.00","--","--","43656.00","--","--","43656.00","35849.00","--","7807.00","3555.00","11362.00","879.00","10483.00","--","--","10483.00","0.00","--","10483.00","10671.00","--","-188.00","10671.00","--","-188.00","0.31"
"115/05/13","115","1","4743","合一","36618.00","29737.00","--","--","6881.00","--","4559.00","11440.00","203493.00","--","-192053.00","42702.00","-149351.00","535.00","-149886.00","--","--","-149886.00","-155590.00","--","-305476.00","-150642.00","--","756.00","-306232.00","--","756.00","-0.31"
"115/05/13","115","1","4754","國碳科","156533.00","79413.00","--","--","77120.00","--","--","77120.00","45187.00","--","31933.00","4119.00","36052.00","7236.00","28816.00","--","--","28816.00","1741.00","--","30557.00","28816.00","--","--","30557.00","--","--","0.95"
"115/05/13","115","1","4760","勤凱科技","627462.00","503611.00","--","--","123851.00","--","--","123851.00","34682.00","--","89169.00","9965.00","99134.00","18448.00","80686.00","--","--","80686.00","1176.00","--","81862.00","--","--","--","--","--","--","2.55"
"115/05/13","115","1","4767","誠泰科技","232361.00","168967.00","--","--","63394.00","--","--","63394.00","43133.00","--","20261.00","2267.00","22528.00","4242.00","18286.00","--","--","18286.00","14888.00","--","33174.00","18304.00","--","-18.00","33192.00","--","-18.00","0.58"
"115/05/13","115","1","4772","台特化","856585.00","420071.00","--","--","436514.00","--","--","436514.00","91850.00","--","344664.00","-288.00","344376.00","77709.00","266667.00","--","--","266667.00","19760.00","--","286427.00","196134.00","--","70533.00","200544.00","--","85883.00","1.33"
"115/05/13","115","1","4903","聯光通","357123.00","330226.00","--","--","26897.00","--","--","26897.00","21951.00","--","4946.00","37107.00","42053.00","3428.00","38625.00","--","--","38625.00","9014.00","--","47639.00","38625.00","--","--","47639.00","--","--","0.37"
"115/05/13","115","1","4909","新復興","51692.00","61938.00","--","--","-10246.00","--","--","-10246.00","16596.00","--","-26842.00","36468.00","9626.00","5317.00","4309.00","--","--","4309.00","-3404.00","--","905.00","4309.00","--","0.00","905.00","--","0.00","0.05"
"115/05/13","115","1","4911","德英","32218.00","9671.00","--","--","22547.00","--","--","22547.00","17229.00","--","5318.00","1627.00","6945.00","-7944.00","14889.00","--","--","14889.00","--","--","14889.00","--","--","--","--","--","--","0.23"
"115/05/13","115","1","4923","力士","250251.00","181012.00","--","--","69239.00","--","--","69239.00","81926.00","--","-12687.00","16086.00","3399.00","66.00","3333.00","--","--","3333.00","13.00","--","3346.00","3333.00","--","--","3346.00","--","--","0.10"
"115/05/13","115","1","4933","友輝","735194.00","493113.00","--","--","242081.00","--","--","242081.00","107131.00","--","134950.00","22895.00","157845.00","1414.00","156431.00","--","--","156431.00","3656.00","--","160087.00","156431.00","--","--","160087.00","--","--","1.90"
"115/05/13","115","1","4939","亞電","314426.00","224569.00","--","--","89857.00","--","--","89857.00","76347.00","--","13510.00","17398.00","30908.00","6979.00","23929.00","--","--","23929.00","55995.00","--","79924.00","23929.00","--","--","79924.00","--","--","0.24"
"115/05/13","115","1","4950","金耘國際","269171.00","220361.00","--","--","48810.00","--","--","48810.00","27825.00","--","20985.00","2468.00","23453.00","5182.00","18271.00","--","--","18271.00","-3657.00","--","14614.00","11500.00","--","6771.00","8875.00","--","5739.00","0.20"
"115/05/13","115","1","4951","精拓科","130695.00","30818.00","--","--","99877.00","--","--","99877.00","61884.00","--","37993.00","30044.00","68037.00","9651.00","58386.00","--","--","58386.00","-407.00","--","57979.00","58386.00","--","0.00","57979.00","--","0.00","1.71"
"115/05/13","115","1","4953","緯軟","3398886.00","2915079.00","--","--","483807.00","--","--","483807.00","289363.00","--","194444.00","11260.00","205704.00","36323.00","169381.00","--","--","169381.00","103996.00","--","273377.00","169381.00","--","--","273377.00","--","--","2.32"
"115/05/13","115","1","4966","譜瑞-KY","3989734.00","2381961.00","--","--","1607773.00","--","--","1607773.00","1067889.00","--","539884.00","42332.00","582216.00","53056.00","529160.00","--","--","529160.00","420487.00","--","949647.00","529160.00","--","--","949647.00","--","--","6.77"
"115/05/13","115","1","4971","IET-KY","332151.00","173246.00","--","--","158905.00","--","--","158905.00","62360.00","--","96545.00","646.00","97191.00","18498.00","78693.00","--","--","78693.00","37501.00","--","116194.00","78699.00","--","-6.00","116200.00","--","-6.00","1.97"
"115/05/13","115","1","4972","湯石照明","217033.00","169062.00","--","--","47971.00","--","--","47971.00","94522.00","--","-46551.00","13807.00","-32744.00","-5190.00","-27554.00","--","--","-27554.00","34396.00","--","6842.00","-27554.00","--","--","6842.00","--","--","-0.49"
"115/05/13","115","1","4973","廣穎電通","2077977.00","1202248.00","--","--","875729.00","--","--","875729.00","287688.00","--","588041.00","13965.00","602006.00","124280.00","477726.00","--","--","477726.00","30402.00","--","508128.00","477726.00","--","--","508128.00","--","--","7.46"
"115/05/13","115","1","4974","亞泰","951262.00","826802.00","--","--","124460.00","--","--","124460.00","40867.00","--","83593.00","20689.00","104282.00","25186.00","79096.00","--","--","79096.00","77309.00","--","156405.00","79096.00","--","--","156405.00","--","--","1.09"
"115/05/13","115","1","4995","晶達","343493.00","229683.00","--","--","113810.00","--","--","113810.00","70035.00","--","43775.00","3657.00","47432.00","4655.00","42777.00","--","--","42777.00","1746.00","--","44523.00","42777.00","--","--","44523.00","--","--","1.01"
"115/05/13","115","1","5011","久陽","1168014.00","1094481.00","--","--","73533.00","--","--","73533.00","32036.00","5933.00","47430.00","37763.00","85193.00","27752.00","57441.00","--","--","57441.00","-22199.00","--","35242.00","52535.00","--","4906.00","30336.00","--","4906.00","0.52"
"115/05/13","115","1","5014","建錩","3648526.00","3453261.00","--","--","195265.00","--","--","195265.00","107555.00","--","87710.00","-16888.00","70822.00","12348.00","58474.00","--","--","58474.00","108918.00","--","167392.00","58503.00","--","-29.00","167329.00","--","63.00","0.32"
"115/05/13","115","1","5015","華祺","277275.00","226383.00","--","--","50892.00","--","--","50892.00","56048.00","--","-5156.00","22279.00","17123.00","1896.00","15227.00","--","--","15227.00","-11943.00","--","3284.00","15227.00","--","--","3284.00","--","--","0.25"
"115/05/13","115","1","5206","坤悅","1684386.00","1010699.00","--","--","673687.00","--","--","673687.00","146328.00","--","527359.00","1801.00","529160.00","109304.00","419856.00","--","--","419856.00","--","--","419856.00","419856.00","--","--","419856.00","--","--","2.45"
"115/05/13","115","1","5209","新鼎","841083.00","689671.00","--","--","151412.00","--","--","151412.00","36808.00","--","114604.00","5159.00","119763.00","24618.00","95145.00","--","--","95145.00","2102.00","--","97247.00","95145.00","--","0.00","97247.00","--","0.00","3.34"
"115/05/13","115","1","5211","蒙恬","58020.00","32946.00","--","--","25074.00","--","--","25074.00","33861.00","--","-8787.00","2759.00","-6028.00","25.00","-6053.00","--","--","-6053.00","2268.00","--","-3785.00","-5840.00","--","-213.00","-3695.00","--","-90.00","-0.18"
"115/05/13","115","1","5213","亞昕","1250786.00","885558.00","--","--","365228.00","--","--","365228.00","217473.00","--","147755.00","-233048.00","-85293.00","9368.00","-94661.00","--","--","-94661.00","76127.00","--","-18534.00","-86218.00","--","-8443.00","-15329.00","--","-3205.00","-0.12"
"115/05/13","115","1","5228","鈺鎧","180627.00","113163.00","--","--","67464.00","--","--","67464.00","30958.00","--","36506.00","452.00","36958.00","-729.00","37687.00","--","--","37687.00","2.00","--","37689.00","--","--","--","--","--","--","0.99"
"115/05/13","115","1","5236","凌陽創新","587273.00","225057.00","--","--","362216.00","--","--","362216.00","156428.00","--","205788.00","16294.00","222082.00","44043.00","178039.00","--","--","178039.00","--","--","178039.00","--","--","--","--","--","--","2.97"
"115/05/13","115","1","5251","天鉞電","89043.00","50510.00","--","--","38533.00","--","--","38533.00","33934.00","--","4599.00","-1210.00","3389.00","-9.00","3398.00","--","--","3398.00","3319.00","--","6717.00","3398.00","--","--","6717.00","--","--","0.10"
"115/05/13","115","1","5272","笙科","69310.00","40833.00","--","--","28477.00","--","--","28477.00","60136.00","--","-31659.00","795.00","-30864.00","422.00","-31286.00","--","--","-31286.00","2374.00","--","-28912.00","--","--","--","--","--","--","-0.57"
"115/05/13","115","1","5274","信驊","3146757.00","969740.00","--","--","2177017.00","--","--","2177017.00","517975.00","--","1659042.00","109083.00","1768125.00","353850.00","1414275.00","--","--","1414275.00","-63.00","--","1414212.00","1414275.00","--","--","1414212.00","--","--","37.41"
"115/05/13","115","1","5278","尚凡*","628877.00","289848.00","--","--","339029.00","--","--","339029.00","263107.00","--","75922.00","85329.00","161251.00","41885.00","119366.00","--","--","119366.00","118554.00","--","237920.00","86726.00","--","32640.00","176964.00","--","60956.00","0.29"
"115/05/13","115","1","5289","宜鼎","13182608.00","5391251.00","--","--","7791357.00","--","--","7791357.00","941157.00","--","6850200.00","66827.00","6917027.00","1439498.00","5477529.00","--","--","5477529.00","4322.00","--","5481851.00","5466357.00","--","11172.00","5470623.00","--","11228.00","57.49"
"115/05/13","115","1","5291","邑昇","322031.00","257353.00","--","--","64678.00","--","--","64678.00","50758.00","--","13920.00","-3006.00","10914.00","4473.00","6441.00","--","--","6441.00","2408.00","--","8849.00","6936.00","--","-495.00","9344.00","--","-495.00","0.17"
"115/05/13","115","1","5299","杰力","386610.00","253332.00","--","--","133278.00","--","--","133278.00","82326.00","--","50952.00","49730.00","100682.00","16583.00","84099.00","--","--","84099.00","1142.00","--","85241.00","84099.00","--","--","85241.00","--","--","1.65"
"115/05/13","115","1","5315","光聯","465852.00","379050.00","--","--","86802.00","--","--","86802.00","38944.00","--","47858.00","9615.00","57473.00","10870.00","46603.00","--","--","46603.00","-35411.00","--","11192.00","46603.00","--","--","11192.00","--","--","0.44"
"115/05/13","115","1","5340","建榮","629408.00","496031.00","--","--","133377.00","--","--","133377.00","30617.00","--","102760.00","8937.00","111697.00","22339.00","89358.00","--","--","89358.00","--","--","89358.00","--","--","--","--","--","--","0.46"
"115/05/13","115","1","5344","立衛","90905.00","79553.00","--","--","11352.00","--","--","11352.00","14601.00","--","-3249.00","5229.00","1980.00","--","1980.00","--","--","1980.00","--","--","1980.00","--","--","--","--","--","--","0.02"
"115/05/13","115","1","5345","馥鴻","6734.00","4258.00","--","--","2476.00","--","--","2476.00","3820.00","--","-1344.00","-442.00","-1786.00","0.00","-1786.00","--","--","-1786.00","--","--","-1786.00","-1786.00","--","--","-1786.00","--","--","-0.05"
"115/05/13","115","1","5347","世界","12531629.00","8860629.00","--","--","3671000.00","--","--","3671000.00","1584446.00","--","2086554.00","350014.00","2436568.00","272904.00","2163664.00","--","--","2163664.00","1805899.00","--","3969563.00","2246077.00","--","-82413.00","3527168.00","--","442395.00","1.22"
"115/05/13","115","1","5351","鈺創","2735412.00","1732947.00","--","--","1002465.00","--","--","1002465.00","403236.00","16942.00","616171.00","18634.00","634805.00","40000.00","594805.00","--","--","594805.00","111828.00","--","706633.00","614346.00","--","-19541.00","725739.00","--","-19106.00","1.88"
"115/05/13","115","1","5353","台林","425010.00","316965.00","--","--","108045.00","--","--","108045.00","76939.00","--","31106.00","8570.00","39676.00","2211.00","37465.00","--","--","37465.00","-11656.00","--","25809.00","37465.00","--","--","25809.00","--","--","0.50"
"115/05/13","115","1","5355","佳總","118960.00","130842.00","--","--","-11882.00","--","--","-11882.00","24408.00","--","-36290.00","14628.00","-21662.00","2071.00","-23733.00","--","--","-23733.00","2059.00","--","-21674.00","-23733.00","--","--","-21674.00","--","--","-0.14"
"115/05/13","115","1","5371","中光電","9361901.00","7899398.00","--","--","1462503.00","--","--","1462503.00","1604131.00","--","-141628.00","8757.00","-132871.00","-16288.00","-116583.00","--","--","-116583.00","2217492.00","--","2100909.00","-119176.00","--","2593.00","2079620.00","--","21289.00","-0.30"
"115/05/13","115","1","5386","青雲","8613491.00","6279437.00","--","--","2334054.00","--","--","2334054.00","345866.00","--","1988188.00","-46240.00","1941948.00","388574.00","1553374.00","--","--","1553374.00","1995.00","--","1555369.00","--","--","--","--","--","--","43.05"
"115/05/13","115","1","5403","中菲","769225.00","485319.00","--","--","283906.00","--","--","283906.00","153291.00","--","130615.00","3817.00","134432.00","27250.00","107182.00","--","--","107182.00","-3739.00","--","103443.00","--","--","--","--","--","--","1.42"
"115/05/13","115","1","5426","振發","500087.00","395061.00","--","--","105026.00","--","--","105026.00","59290.00","--","45736.00","8721.00","54457.00","14743.00","39714.00","--","--","39714.00","30243.00","--","69957.00","39604.00","--","110.00","69847.00","--","110.00","0.28"
"115/05/13","115","1","5432","新門","41377.00","29199.00","--","--","12178.00","--","--","12178.00","6536.00","--","5642.00","37.00","5679.00","0.00","5679.00","--","--","5679.00","-3304.00","--","2375.00","--","--","--","--","--","--","0.27"
"115/05/13","115","1","5443","均豪","1028144.00","633932.00","--","--","394212.00","--","--","394212.00","287232.00","--","106980.00","10484.00","117464.00","24398.00","93066.00","--","--","93066.00","4122712.00","--","4215778.00","30921.00","--","62145.00","3716517.00","--","499261.00","0.19"
"115/05/13","115","1","5452","佶優","1106073.00","973157.00","--","--","132916.00","--","--","132916.00","124875.00","--","8041.00","-6362.00","1679.00","2597.00","-918.00","--","--","-918.00","21029.00","--","20111.00","943.00","0.00","-1861.00","12904.00","0.00","7207.00","0.01"
"115/05/13","115","1","5455","昇益","7365.00","4680.00","--","--","2685.00","--","--","2685.00","10134.00","--","-7449.00","-2288.00","-9737.00","--","-9737.00","--","--","-9737.00","-160.00","--","-9897.00","--","--","--","--","--","--","-0.15"
"115/05/13","115","1","5460","同協","69777.00","47342.00","--","--","22435.00","--","--","22435.00","21454.00","-159.00","822.00","5509.00","6331.00","1144.00","5187.00","--","--","5187.00","9058.00","--","14245.00","5187.00","--","--","14245.00","--","--","0.09"
"115/05/13","115","1","5468","凱鈺","48163.00","31092.00","--","--","17071.00","--","--","17071.00","10416.00","--","6655.00","158.00","6813.00","--","6813.00","--","--","6813.00","--","--","6813.00","6813.00","--","--","6813.00","--","--","0.12"
"115/05/13","115","1","5474","聰泰","289445.00","172766.00","--","--","116679.00","--","--","116679.00","95984.00","--","20695.00","9248.00","29943.00","5989.00","23954.00","--","--","23954.00","--","--","23954.00","--","--","--","--","--","--","0.60"
"115/05/13","115","1","5481","新華","21998.00","11688.00","--","--","10310.00","--","--","10310.00","17506.00","--","-7196.00","622.00","-6574.00","245.00","-6819.00","--","--","-6819.00","1.00","--","-6818.00","-6819.00","--","0.00","-6818.00","--","--","-0.10"
"115/05/13","115","1","5487","通泰","37314.00","24274.00","--","--","13040.00","--","--","13040.00","20084.00","--","-7044.00","6387.00","-657.00","729.00","-1386.00","--","--","-1386.00","2883.00","--","1497.00","-1386.00","--","0.00","1497.00","--","0.00","-0.06"
"115/05/13","115","1","5490","同亨","440875.00","243751.00","--","--","197124.00","--","--","197124.00","120143.00","--","76981.00","1907.00","78888.00","13329.00","65559.00","--","--","65559.00","12058.00","--","77617.00","65559.00","--","--","77617.00","--","--","0.70"
"115/05/13","115","1","5508","永信建","740017.00","426895.00","--","--","313122.00","--","--","313122.00","54477.00","--","258645.00","-23407.00","235238.00","47007.00","188231.00","--","--","188231.00","--","--","188231.00","188231.00","--","--","188231.00","--","--","0.87"
"115/05/13","115","1","5511","德昌","2405631.00","1955131.00","--","--","450500.00","--","--","450500.00","121256.00","--","329244.00","23433.00","352677.00","69045.00","283632.00","--","--","283632.00","3850.00","--","287482.00","287913.00","--","-4281.00","291763.00","--","-4281.00","2.54"
"115/05/13","115","1","5514","三豐","666499.00","543750.00","--","--","122749.00","--","--","122749.00","19903.00","--","102846.00","-573.00","102273.00","29803.00","72470.00","--","--","72470.00","12201.00","--","84671.00","72481.00","--","-11.00","84682.00","--","-11.00","0.32"
"115/05/13","115","1","5523","豐謙","1137.00","133.00","--","--","1004.00","--","--","1004.00","7171.00","--","-6167.00","-226.00","-6393.00","0.00","-6393.00","--","--","-6393.00","1356.00","--","-5037.00","-6393.00","--","0.00","-5037.00","--","0.00","-0.04"
"115/05/13","115","1","5548","安倉","665578.00","602310.00","--","--","63268.00","--","--","63268.00","37109.00","--","26159.00","4054.00","30213.00","6036.00","24177.00","--","--","24177.00","--","--","24177.00","--","--","--","--","--","--","0.42"
"115/05/13","115","1","5603","陸海","355646.00","303644.00","--","--","52002.00","--","--","52002.00","47247.00","--","4755.00","5206.00","9961.00","1256.00","8705.00","--","--","8705.00","8214.00","--","16919.00","7108.00","--","1597.00","15322.00","--","1597.00","0.07"
"115/05/13","115","1","5701","劍湖山","127386.00","66967.00","--","--","60419.00","--","--","60419.00","71563.00","--","-11144.00","-13198.00","-24342.00","--","-24342.00","--","--","-24342.00","-4733.00","--","-29075.00","-24342.00","--","--","-29075.00","--","--","-0.17"
"115/05/13","115","1","5704","老爺知","99297.00","50553.00","--","--","48744.00","--","--","48744.00","29562.00","--","19182.00","-771.00","18411.00","3518.00","14893.00","--","--","14893.00","--","--","14893.00","--","--","--","--","--","--","0.28"
"115/05/13","115","1","5902","德記","519770.00","393362.00","--","--","126408.00","--","--","126408.00","74798.00","--","51610.00","2229.00","53839.00","10616.00","43223.00","--","--","43223.00","131.00","--","43354.00","43223.00","--","--","43354.00","--","--","0.46"
"115/05/13","115","1","5903","全家","27757742.00","18128111.00","--","--","9629631.00","--","--","9629631.00","9342425.00","--","287206.00","73304.00","360510.00","77290.00","283220.00","--","--","283220.00","448.00","--","283668.00","275033.00","--","8187.00","275234.00","--","8434.00","1.23"
"115/05/13","115","1","5904","寶雅","7094656.00","3892812.00","--","--","3201844.00","--","--","3201844.00","1971300.00","--","1230544.00","7432.00","1237976.00","247934.00","990042.00","--","--","990042.00","--","--","990042.00","--","--","--","--","--","--","9.30"
"115/05/13","115","1","6028","公勝保經","1492835.00","1309828.00","--","--","183007.00","--","--","183007.00","113960.00","--","69047.00","-147.00","68900.00","13917.00","54983.00","--","--","54983.00","--","--","54983.00","54983.00","--","--","54983.00","--","--","2.48"
"115/05/13","115","1","6109","亞元","205790.00","158258.00","--","--","47532.00","--","--","47532.00","63485.00","--","-15953.00","-1054.00","-17007.00","-614.00","-16393.00","--","--","-16393.00","10714.00","--","-5679.00","-16544.00","--","151.00","-5822.00","--","143.00","-0.24"
"115/05/13","115","1","6114","久威","197387.00","164754.00","--","--","32633.00","--","--","32633.00","23879.00","--","8754.00","44240.00","52994.00","10618.00","42376.00","0.00","--","42376.00","301.00","--","42677.00","42376.00","--","--","42677.00","--","--","0.97"
"115/05/13","115","1","6122","擎邦","840988.00","714620.00","--","--","126368.00","--","--","126368.00","29583.00","--","96785.00","1219.00","98004.00","19368.00","78636.00","--","--","78636.00","-55918.00","--","22718.00","78636.00","--","--","22718.00","--","--","1.03"
"115/05/13","115","1","6124","業強","463278.00","396155.00","--","--","67123.00","--","--","67123.00","58615.00","--","8508.00","30920.00","39428.00","6939.00","32489.00","--","--","32489.00","39769.00","--","72258.00","30687.00","--","1802.00","70456.00","--","1802.00","0.17"
"115/05/13","115","1","6126","信音","1308899.00","1037495.00","--","--","271404.00","--","--","271404.00","193044.00","--","78360.00","47165.00","125525.00","24217.00","101308.00","--","--","101308.00","206273.00","--","307581.00","45024.00","--","56284.00","161164.00","--","146417.00","0.35"
"115/05/13","115","1","6129","普誠","332276.00","220259.00","--","--","112017.00","--","--","112017.00","163393.00","--","-51376.00","22522.00","-28854.00","569.00","-29423.00","--","--","-29423.00","21879.00","--","-7544.00","-30399.00","--","976.00","-9372.00","--","1828.00","-0.17"
"115/05/13","115","1","6138","茂達","1979004.00","1219272.00","--","--","759732.00","--","--","759732.00","373404.00","--","386328.00","42748.00","429076.00","80849.00","348227.00","--","--","348227.00","1082.00","--","349309.00","269381.00","--","78846.00","270463.00","--","78846.00","3.68"
"115/05/13","115","1","6143","振曜","2002030.00","1566701.00","--","--","435329.00","--","--","435329.00","233078.00","--","202251.00","38762.00","241013.00","47584.00","193429.00","--","--","193429.00","20625.00","--","214054.00","121058.00","--","72371.00","131356.00","--","82698.00","1.41"
"115/05/13","115","1","6144","得利影","38391.00","23068.00","--","--","15323.00","--","--","15323.00","22097.00","--","-6774.00","-1507.00","-8281.00","0.00","-8281.00","--","--","-8281.00","2584.00","--","-5697.00","--","--","--","--","--","--","-0.22"
"115/05/13","115","1","6146","耕興","1191315.00","636384.00","--","--","554931.00","--","--","554931.00","190565.00","--","364366.00","25274.00","389640.00","74685.00","314955.00","--","--","314955.00","95479.00","--","410434.00","302495.00","--","12460.00","383059.00","--","27375.00","2.97"
"115/05/13","115","1","6147","頎邦","5755687.00","4405285.00","--","--","1350402.00","--","--","1350402.00","562467.00","--","787935.00","-294887.00","493048.00","55759.00","437289.00","--","--","437289.00","1054295.00","--","1491584.00","437289.00","--","--","1491584.00","--","--","0.59"
"115/05/13","115","1","6148","驊宏資","119489.00","88900.00","--","--","30589.00","--","--","30589.00","27103.00","--","3486.00","1122.00","4608.00","1171.00","3437.00","0.00","--","3437.00","0.00","--","3437.00","3437.00","--","0.00","3437.00","--","0.00","0.07"
"115/05/13","115","1","6154","順發","1046919.00","843955.00","--","--","202964.00","--","--","202964.00","156188.00","--","46776.00","811.00","47587.00","9517.00","38070.00","--","--","38070.00","791.00","--","38861.00","38070.00","--","--","38861.00","--","--","0.48"
"115/05/13","115","1","6158","禾昌","407796.00","371661.00","--","--","36135.00","--","--","36135.00","106096.00","--","-69961.00","-9692.00","-79653.00","-19771.00","-59882.00","--","--","-59882.00","59174.00","--","-708.00","-59882.00","--","--","-708.00","--","--","-1.11"
"115/05/13","115","1","6161","捷波","349069.00","223490.00","--","--","125579.00","--","--","125579.00","85369.00","--","40210.00","19796.00","60006.00","13066.00","46940.00","0.00","--","46940.00","14661.00","--","61601.00","46940.00","--","--","61601.00","--","--","0.83"
"115/05/13","115","1","6169","昱泉","153.00","992.00","--","--","-839.00","--","--","-839.00","17310.00","--","-18149.00","2295.00","-15854.00","5.00","-15859.00","--","--","-15859.00","151.00","--","-15708.00","-15859.00","--","--","-15708.00","--","--","-0.68"
"115/05/13","115","1","6171","大城地產","35551.00","18048.00","--","--","17503.00","--","--","17503.00","7877.00","--","9626.00","95.00","9721.00","1986.00","7735.00","--","--","7735.00","--","--","7735.00","--","--","--","--","--","--","0.08"
"115/05/13","115","1","6173","信昌電","1016550.00","728319.00","--","--","288231.00","--","--","288231.00","81435.00","--","206796.00","51568.00","258364.00","53851.00","204513.00","--","--","204513.00","-293738.00","--","-89225.00","204513.00","--","--","-89225.00","--","--","1.19"
"115/05/13","115","1","6174","安��","166493.00","109523.00","--","--","56970.00","--","--","56970.00","40136.00","--","16834.00","2383.00","19217.00","2735.00","16482.00","--","--","16482.00","-9218.00","--","7264.00","16482.00","--","--","7264.00","--","--","0.33"
"115/05/13","115","1","6180","橘子","2590985.00","1790767.00","--","--","800218.00","--","--","800218.00","668020.00","--","132198.00","28869.00","161067.00","41330.00","119737.00","--","--","119737.00","5113.00","--","124850.00","109891.00","--","9846.00","112128.00","--","12722.00","0.63"
"115/05/13","115","1","6182","合晶","2477638.00","2006258.00","--","--","471380.00","--","--","471380.00","445120.00","--","26260.00","9964.00","36224.00","14874.00","21350.00","--","--","21350.00","573643.00","--","594993.00","2104.00","--","19246.00","220678.00","--","374315.00","0.00"
"115/05/13","115","1","6185","幃翔","154595.00","136113.00","--","--","18482.00","--","--","18482.00","48958.00","--","-30476.00","5518.00","-24958.00","-3758.00","-21200.00","--","--","-21200.00","32539.00","--","11339.00","-21200.00","--","--","11339.00","--","--","-0.14"
"115/05/13","115","1","6187","萬潤","1411444.00","680590.00","--","--","730854.00","--","--","730854.00","403086.00","--","327768.00","59357.00","387125.00","67200.00","319925.00","--","--","319925.00","150851.00","--","470776.00","324510.00","--","-4585.00","475361.00","--","-4585.00","3.37"
"115/05/13","115","1","6188","廣明","2171362.00","1638639.00","--","--","532723.00","--","--","532723.00","422774.00","--","109949.00","82202.00","192151.00","43286.00","148865.00","--","--","148865.00","141377.00","--","290242.00","125885.00","--","22980.00","256395.00","--","33847.00","0.45"
"115/05/13","115","1","6195","詩肯","704086.00","295440.00","--","--","408646.00","--","--","408646.00","304208.00","--","104438.00","-4426.00","100012.00","24711.00","75301.00","--","--","75301.00","3556.00","--","78857.00","75301.00","--","0.00","78857.00","--","0.00","1.50"
"115/05/13","115","1","6208","日揚","752827.00","499929.00","--","--","252898.00","--","--","252898.00","194774.00","--","58124.00","125576.00","183700.00","7501.00","176199.00","--","--","176199.00","17285.00","--","193484.00","179719.00","--","-3520.00","197004.00","--","-3520.00","1.90"
"115/05/13","115","1","6210","慶生","105059.00","106662.00","--","--","-1603.00","--","--","-1603.00","14251.00","-553.00","-16407.00","1943.00","-14464.00","0.00","-14464.00","--","--","-14464.00","--","--","-14464.00","--","--","--","--","--","--","-0.41"
"115/05/13","115","1","6218","豪勉","417711.00","335886.00","--","--","81825.00","--","--","81825.00","59700.00","--","22125.00","4710.00","26835.00","4655.00","22180.00","--","--","22180.00","-11617.00","--","10563.00","22180.00","--","--","10563.00","--","--","0.35"
"115/05/13","115","1","6227","茂綸","4844098.00","4336607.00","--","--","507491.00","--","--","507491.00","211150.00","--","296341.00","5029.00","301370.00","69463.00","231907.00","--","--","231907.00","5778.00","--","237685.00","228229.00","0.00","3678.00","234007.00","0.00","3678.00","3.00"
"115/05/13","115","1","6228","全譜","13533.00","8257.00","--","--","5276.00","--","--","5276.00","9179.00","--","-3903.00","2134.00","-1769.00","0.00","-1769.00","--","--","-1769.00","232.00","--","-1537.00","-1769.00","--","--","-1537.00","--","--","-0.07"
"115/05/13","115","1","6231","系微","438822.00","103287.00","--","--","335535.00","--","--","335535.00","238760.00","--","96775.00","9176.00","105951.00","28311.00","77640.00","--","--","77640.00","10692.00","--","88332.00","77640.00","--","0.00","88332.00","--","0.00","1.70"
"115/05/13","115","1","6233","旺玖","86655.00","49061.00","--","--","37594.00","--","--","37594.00","46062.00","--","-8468.00","5816.00","-2652.00","0.00","-2652.00","--","--","-2652.00","87364.00","--","84712.00","-2652.00","--","--","84712.00","--","--","-0.03"
"115/05/13","115","1","6237","驊訊","120321.00","71645.00","--","--","48676.00","--","--","48676.00","75002.00","--","-26326.00","7595.00","-18731.00","-5.00","-18726.00","--","--","-18726.00","401.00","--","-18325.00","-18726.00","--","0.00","-18325.00","--","0.00","-0.24"
"115/05/13","115","1","6242","立康","121561.00","40086.00","--","--","81475.00","--","--","81475.00","68675.00","--","12800.00","1095.00","13895.00","3280.00","10615.00","--","--","10615.00","-390.00","--","10225.00","10615.00","--","--","10225.00","--","--","0.33"
"115/05/13","115","1","6244","茂迪","761537.00","634371.00","--","--","127166.00","--","--","127166.00","81092.00","--","46074.00","5021.00","51095.00","5921.00","45174.00","--","--","45174.00","44412.00","--","89586.00","44631.00","--","543.00","86900.00","--","2686.00","0.12"
"115/05/13","115","1","6245","立端","1541411.00","1032667.00","--","--","508744.00","--","--","508744.00","392569.00","--","116175.00","15658.00","131833.00","22404.00","109429.00","--","--","109429.00","36175.00","--","145604.00","109429.00","--","--","145604.00","--","--","0.75"
"115/05/13","115","1","6248","沛波","1513648.00","1425149.00","--","--","88499.00","--","--","88499.00","58434.00","--","30065.00","2617.00","32682.00","4804.00","27878.00","--","--","27878.00","-18182.00","--","9696.00","27878.00","--","--","9696.00","--","--","0.28"
"115/05/13","115","1","6261","久元","1065316.00","733253.00","--","--","332063.00","--","--","332063.00","242492.00","10502.00","100073.00","36464.00","136537.00","34410.00","102127.00","--","--","102127.00","65295.00","--","167422.00","109865.00","--","-7738.00","170207.00","--","-2785.00","0.85"
"115/05/13","115","1","6263","普萊德","448681.00","232388.00","--","--","216293.00","--","--","216293.00","68265.00","--","148028.00","10207.00","158235.00","26771.00","131464.00","--","--","131464.00","--","--","131464.00","131464.00","--","0.00","131464.00","--","0.00","2.10"
"115/05/13","115","1","6266","泰詠","741003.00","620611.00","--","--","120392.00","--","--","120392.00","52361.00","--","68031.00","9652.00","77683.00","18264.00","59419.00","--","--","59419.00","16196.00","--","75615.00","59419.00","--","--","75615.00","--","--","0.39"
"115/05/13","115","1","6274","台燿","10053966.00","7525408.00","--","--","2528558.00","--","--","2528558.00","701022.00","0.00","1827536.00","46315.00","1873851.00","613807.00","1260044.00","--","--","1260044.00","335578.00","--","1595622.00","1260044.00","--","--","1595622.00","--","--","4.36"
"115/05/13","115","1","6279","胡連","2123415.00","1557618.00","--","--","565797.00","--","--","565797.00","384741.00","--","181056.00","64873.00","245929.00","53188.00","192741.00","--","--","192741.00","166352.00","--","359093.00","190891.00","--","1850.00","357247.00","--","1846.00","1.60"
"115/05/13","115","1","6290","良維","2609922.00","1795886.00","--","--","814036.00","--","--","814036.00","369731.00","74593.00","518898.00","40721.00","559619.00","104405.00","455214.00","--","--","455214.00","82129.00","--","537343.00","453198.00","--","2016.00","528973.00","--","8370.00","2.68"
"115/05/13","115","1","6292","迅德","286697.00","191623.00","--","--","95074.00","--","--","95074.00","72580.00","2879.00","25373.00","11748.00","37121.00","3120.00","34001.00","--","--","34001.00","6017.00","--","40018.00","34001.00","--","--","40018.00","--","--","0.73"
"115/05/13","115","1","6294","智基","211935.00","144272.00","--","--","67663.00","--","--","67663.00","57360.00","--","10303.00","-11865.00","-1562.00","284.00","-1846.00","--","--","-1846.00","--","--","-1846.00","-1846.00","--","--","-1846.00","--","--","-0.07"
"115/05/13","115","1","6417","韋僑","427805.00","279919.00","--","--","147886.00","--","--","147886.00","66376.00","--","81510.00","6987.00","88497.00","17706.00","70791.00","--","--","70791.00","116.00","--","70907.00","70791.00","--","--","70907.00","--","--","1.67"
"115/05/13","115","1","6418","詠昇","174686.00","144000.00","--","--","30686.00","--","--","30686.00","31075.00","--","-389.00","-4702.00","-5091.00","256.00","-5347.00","--","--","-5347.00","6433.00","--","1086.00","-5347.00","--","--","1086.00","--","--","-0.15"
"115/05/13","115","1","6423","億而得","64814.00","235.00","--","--","64579.00","--","--","64579.00","52688.00","--","11891.00","311.00","12202.00","3781.00","8421.00","--","--","8421.00","--","--","8421.00","--","--","--","--","--","--","0.28"
"115/05/13","115","1","6432","今展科","293679.00","229755.00","--","--","63924.00","--","--","63924.00","53107.00","--","10817.00","16668.00","27485.00","3541.00","23944.00","--","--","23944.00","15937.00","--","39881.00","23944.00","--","--","39881.00","--","--","0.72"
"115/05/13","115","1","6435","大中","947542.00","693772.00","--","--","253770.00","--","--","253770.00","103315.00","--","150455.00","15098.00","165553.00","28144.00","137409.00","--","--","137409.00","-6958.00","--","130451.00","--","--","--","--","--","--","3.67"
"115/05/13","115","1","6441","廣錠","27701.00","59185.00","--","--","-31484.00","--","--","-31484.00","38787.00","--","-70271.00","-3159.00","-73430.00","475.00","-73905.00","--","--","-73905.00","1.00","--","-73904.00","-72638.00","--","-1267.00","-72637.00","--","-1267.00","-1.36"
"115/05/13","115","1","6469","大樹","4839082.00","3479336.00","--","--","1359746.00","--","--","1359746.00","1229595.00","--","130151.00","21555.00","151706.00","30782.00","120924.00","--","--","120924.00","-1209.00","--","119715.00","125245.00","--","-4321.00","122264.00","--","-2549.00","0.83"
"115/05/13","115","1","6482","弘煜科","92960.00","1255.00","--","--","91705.00","--","--","91705.00","81603.00","--","10102.00","2466.00","12568.00","4349.00","8219.00","--","--","8219.00","-106.00","--","8113.00","8110.00","--","109.00","8011.00","--","102.00","0.28"
"115/05/13","115","1","6485","點序","338036.00","144787.00","--","--","193249.00","--","--","193249.00","193693.00","--","-444.00","484.00","40.00","0.00","40.00","--","--","40.00","--","--","40.00","40.00","--","0.00","40.00","--","0.00","0.00"
"115/05/13","115","1","6486","互動","464554.00","312186.00","--","--","152368.00","--","--","152368.00","113756.00","--","38612.00","-205.00","38407.00","9664.00","28743.00","--","--","28743.00","285.00","--","29028.00","30132.00","--","-1389.00","30417.00","--","-1389.00","0.59"
"115/05/13","115","1","6488","環球晶","13984798.00","11071298.00","--","--","2913500.00","--","--","2913500.00","1438127.00","--","1475373.00","871358.00","2346731.00","450875.00","1895856.00","--","--","1895856.00","913792.00","--","2809648.00","1895821.00","--","35.00","2809716.00","--","-68.00","3.97"
"115/05/13","115","1","6492","生華科","240.00","105.00","--","--","135.00","--","--","135.00","69068.00","--","-68933.00","2059.00","-66874.00","0.00","-66874.00","--","--","-66874.00","1113.00","--","-65761.00","-66874.00","--","--","-65761.00","--","--","-0.75"
"115/05/13","115","1","6494","九齊","384457.00","278751.00","--","--","105706.00","--","--","105706.00","84023.00","--","21683.00","8114.00","29797.00","5976.00","23821.00","--","--","23821.00","1060.00","--","24881.00","23821.00","--","--","24881.00","--","--","0.75"
"115/05/13","115","1","6496","科懋","218058.00","134434.00","--","--","83624.00","--","--","83624.00","137908.00","--","-54284.00","-458.00","-54742.00","0.00","-54742.00","--","--","-54742.00","-3726.00","--","-58468.00","-54742.00","--","--","-58468.00","--","--","-1.18"
"115/05/13","115","1","6499","益安","114288.00","96886.00","--","--","17402.00","--","--","17402.00","148762.00","--","-131360.00","-3760.00","-135120.00","-21.00","-135099.00","--","--","-135099.00","5803.00","--","-129296.00","-121858.00","--","-13241.00","-116435.00","--","-12861.00","-1.26"
"115/05/13","115","1","6508","惠光","461506.00","352255.00","--","--","109251.00","--","--","109251.00","84720.00","1460.00","25991.00","15593.00","41584.00","10193.00","31391.00","--","--","31391.00","8212.00","--","39603.00","31391.00","--","--","39603.00","--","--","0.36"
"115/05/13","115","1","6510","精測","1357386.00","586787.00","--","--","770599.00","--","--","770599.00","373398.00","--","397201.00","21187.00","418388.00","79507.00","338881.00","--","--","338881.00","19968.00","--","358849.00","341881.00","--","-3000.00","361849.00","--","-3000.00","10.43"
"115/05/13","115","1","6512","啟發電","34378.00","24389.00","--","--","9989.00","--","--","9989.00","18664.00","--","-8675.00","1518.00","-7157.00","20.00","-7177.00","--","--","-7177.00","--","--","-7177.00","-7177.00","--","--","-7177.00","--","--","-0.28"
"115/05/13","115","1","6516","勤崴國際","180324.00","91743.00","--","--","88581.00","--","--","88581.00","52539.00","-13.00","36029.00","9831.00","45860.00","8907.00","36953.00","--","--","36953.00","-15481.00","--","21472.00","--","--","--","--","--","--","0.66"
"115/05/13","115","1","6523","達爾膚","276348.00","90526.00","--","--","185822.00","--","--","185822.00","97459.00","--","88363.00","16624.00","104987.00","20096.00","84891.00","--","--","84891.00","--","--","84891.00","84891.00","--","--","84891.00","--","--","1.88"
"115/05/13","115","1","6527","明達醫","188304.00","112894.00","--","--","75410.00","--","--","75410.00","37536.00","--","37874.00","2665.00","40539.00","6709.00","33830.00","--","--","33830.00","243.00","--","34073.00","33830.00","--","--","34073.00","--","--","1.33"
"115/05/13","115","1","6530","創威","91962.00","49462.00","--","--","42500.00","--","--","42500.00","17285.00","--","25215.00","2028.00","27243.00","5449.00","21794.00","--","--","21794.00","--","--","21794.00","--","--","--","--","--","--","0.65"
"115/05/13","115","1","6535","順藥","4483.00","2665.00","--","--","1818.00","--","--","1818.00","68317.00","--","-66499.00","-54237.00","-120736.00","0.00","-120736.00","--","--","-120736.00","37.00","--","-120699.00","-119687.00","--","-1049.00","-119650.00","--","-1049.00","-0.72"
"115/05/13","115","1","6538","倉和","307688.00","189136.00","--","--","118552.00","--","--","118552.00","77981.00","--","40571.00","4888.00","45459.00","11962.00","33497.00","--","--","33497.00","23798.00","--","57295.00","33497.00","--","--","57295.00","--","--","0.90"
"115/05/13","115","1","6542","隆中","267520.00","54577.00","--","--","212943.00","--","--","212943.00","220641.00","--","-7698.00","14158.00","6460.00","5716.00","744.00","--","--","744.00","2892.00","--","3636.00","1836.00","--","-1092.00","4661.00","--","-1025.00","0.04"
"115/05/13","115","1","6546","正基","504185.00","366372.00","--","--","137813.00","--","--","137813.00","77634.00","--","60179.00","15793.00","75972.00","15303.00","60669.00","--","--","60669.00","58229.00","--","118898.00","59841.00","--","828.00","118070.00","--","828.00","0.90"
"115/05/13","115","1","6548","長科*","3671848.00","2874633.00","--","--","797215.00","--","--","797215.00","289590.00","--","507625.00","95979.00","603604.00","118626.00","484978.00","--","--","484978.00","220527.00","--","705505.00","468971.00","--","16007.00","682040.00","--","23465.00","0.51"
"115/05/13","115","1","6556","勝品","367894.00","255518.00","--","--","112376.00","--","--","112376.00","51720.00","--","60656.00","3081.00","63737.00","11934.00","51803.00","--","--","51803.00","609.00","--","52412.00","49362.00","--","2441.00","49612.00","--","2800.00","1.72"
"115/05/13","115","1","6561","是方","982156.00","501491.00","--","--","480665.00","--","--","480665.00","115530.00","420.00","365555.00","-6168.00","359387.00","71813.00","287574.00","--","--","287574.00","385.00","--","287959.00","286777.00","--","797.00","286923.00","--","1036.00","3.69"
"115/05/13","115","1","6568","宏觀","345254.00","219542.00","--","--","125712.00","106.00","--","125606.00","80680.00","--","44926.00","6372.00","51298.00","10297.00","41001.00","--","--","41001.00","508.00","--","41509.00","41001.00","--","--","41509.00","--","--","1.34"
"115/05/13","115","1","6569","醫揚","377370.00","241027.00","--","--","136343.00","--","--","136343.00","106742.00","--","29601.00","20782.00","50383.00","10086.00","40297.00","--","--","40297.00","-9828.00","--","30469.00","40297.00","--","0.00","30469.00","--","0.00","1.03"
"115/05/13","115","1","6578","達邦蛋白","82091.00","64108.00","--","--","17983.00","--","--","17983.00","17236.00","--","747.00","4902.00","5649.00","95.00","5554.00","--","--","5554.00","3664.00","--","9218.00","5554.00","--","--","9218.00","--","--","0.08"
"115/05/13","115","1","6590","普鴻","161723.00","90805.00","--","--","70918.00","--","--","70918.00","42850.00","--","28068.00","-942.00","27126.00","4923.00","22203.00","--","--","22203.00","--","--","22203.00","20516.00","--","1687.00","20516.00","--","1687.00","0.84"
"115/05/13","115","1","6597","立誠","159552.00","127205.00","--","--","32347.00","--","--","32347.00","33283.00","--","-936.00","-12894.00","-13830.00","-697.00","-13133.00","--","--","-13133.00","--","--","-13133.00","--","--","--","--","--","--","-0.45"
"115/05/13","115","1","6603","富強鑫","1050396.00","791647.00","--","--","258749.00","--","--","258749.00","253247.00","--","5502.00","6819.00","12321.00","6628.00","5693.00","--","--","5693.00","73307.00","--","79000.00","4992.00","--","701.00","72054.00","--","6946.00","0.03"
"115/05/13","115","1","6613","朋億*","2341667.00","1590338.00","--","--","751329.00","--","--","751329.00","279291.00","--","472038.00","21566.00","493604.00","139426.00","354178.00","--","--","354178.00","25653.00","--","379831.00","298838.00","--","55340.00","308049.00","--","71782.00","3.84"
"115/05/13","115","1","6624","萬年清","89805.00","68568.00","--","--","21237.00","--","--","21237.00","19662.00","--","1575.00","2926.00","4501.00","3155.00","1346.00","--","--","1346.00","-18.00","--","1328.00","1209.00","--","137.00","1189.00","--","139.00","0.05"
"115/05/13","115","1","6637","醫影","189624.00","129786.00","--","--","59838.00","--","--","59838.00","24800.00","--","35038.00","-781.00","34257.00","7140.00","27117.00","--","--","27117.00","3291.00","--","30408.00","27117.00","--","--","30408.00","--","--","1.01"
"115/05/13","115","1","6640","均華","830305.00","457491.00","--","--","372814.00","--","--","372814.00","192893.00","--","179921.00","6851.00","186772.00","39765.00","147007.00","--","--","147007.00","1034025.00","--","1181032.00","147007.00","--","0.00","1181032.00","--","0.00","5.19"
"115/05/13","115","1","6642","富致","141191.00","72587.00","--","--","68604.00","--","--","68604.00","37842.00","--","30762.00","5503.00","36265.00","8445.00","27820.00","--","--","27820.00","-4694.00","--","23126.00","27820.00","--","--","23126.00","--","--","0.74"
"115/05/13","115","1","6643","M31","394748.00","--","--","--","394748.00","--","--","394748.00","461015.00","--","-66267.00","19331.00","-46936.00","2311.00","-49247.00","--","--","-49247.00","962.00","--","-48285.00","-49247.00","--","--","-48285.00","--","--","-1.18"
"115/05/13","115","1","6649","台生材","26399.00","10357.00","--","--","16042.00","--","--","16042.00","19812.00","--","-3770.00","3908.00","138.00","0.00","138.00","--","--","138.00","--","--","138.00","--","--","--","--","--","--","0.00"
"115/05/13","115","1","6651","全宇昕","396326.00","246408.00","--","--","149918.00","--","--","149918.00","57088.00","575.00","93405.00","13357.00","106762.00","21362.00","85400.00","--","--","85400.00","--","--","85400.00","--","--","--","--","--","--","2.47"
"115/05/13","115","1","6679","鈺太","537143.00","258139.00","--","--","279004.00","--","--","279004.00","144388.00","--","134616.00","85818.00","220434.00","23222.00","197212.00","--","--","197212.00","666363.00","--","863575.00","197212.00","--","--","863575.00","--","--","3.70"
"115/05/13","115","1","6680","鑫創電子","145422.00","98321.00","--","--","47101.00","--","--","47101.00","46140.00","--","961.00","1413.00","2374.00","475.00","1899.00","--","--","1899.00","211.00","--","2110.00","1899.00","--","--","2110.00","--","--","0.08"
"115/05/13","115","1","6683","雍智科技","664648.00","340305.00","--","--","324343.00","--","--","324343.00","143225.00","--","181118.00","29844.00","210962.00","41465.00","169497.00","--","--","169497.00","5240.00","--","174737.00","169497.00","--","--","174737.00","--","--","6.23"
"115/05/13","115","1","6684","安格","74123.00","29480.00","--","--","44643.00","--","--","44643.00","49575.00","--","-4932.00","6232.00","1300.00","423.00","877.00","--","--","877.00","-42567.00","--","-41690.00","637.00","--","240.00","-41930.00","--","240.00","0.01"
"115/05/13","115","1","6690","安�硌穈T","624807.00","390608.00","--","--","234199.00","--","--","234199.00","152504.00","--","81695.00","3396.00","85091.00","17027.00","68064.00","--","--","68064.00","599.00","--","68663.00","68064.00","--","--","68663.00","--","--","2.27"
"115/05/13","115","1","6692","進能服","137029.00","167774.00","--","--","-30745.00","--","--","-30745.00","50203.00","--","-80948.00","13195.00","-67753.00","-13879.00","-53874.00","--","--","-53874.00","--","--","-53874.00","-53889.00","0.00","15.00","-53889.00","0.00","15.00","-0.92"
"115/05/13","115","1","6693","廣閎科","514700.00","366704.00","--","--","147996.00","--","--","147996.00","93029.00","--","54967.00","10673.00","65640.00","13128.00","52512.00","--","--","52512.00","1806.00","--","54318.00","52512.00","0.00","0.00","54318.00","0.00","0.00","1.17"
"115/05/13","115","1","6712","長聖","190491.00","37643.00","--","--","152848.00","--","--","152848.00","64076.00","--","88772.00","61836.00","150608.00","18452.00","132156.00","--","--","132156.00","930.00","--","133086.00","132156.00","--","--","133086.00","--","--","1.39"
"115/05/13","115","1","6716","應廣","368918.00","236633.00","--","--","132285.00","--","--","132285.00","87773.00","--","44512.00","9630.00","54142.00","7211.00","46931.00","--","--","46931.00","-1847.00","--","45084.00","46931.00","--","--","45084.00","--","--","1.59"
"115/05/13","115","1","6720","久昌","88288.00","53153.00","--","--","35135.00","--","--","35135.00","31215.00","--","3920.00","14034.00","17954.00","2565.00","15389.00","--","--","15389.00","6254.00","--","21643.00","15389.00","--","--","21643.00","--","--","0.51"
"115/05/13","115","1","6721","信實","924198.00","867295.00","--","--","56903.00","--","--","56903.00","14948.00","--","41955.00","-208.00","41747.00","8366.00","33381.00","--","--","33381.00","--","--","33381.00","33396.00","--","-15.00","33381.00","--","--","1.48"
"115/05/13","115","1","6730","常廣","114558.00","59604.00","--","--","54954.00","--","--","54954.00","35446.00","--","19508.00","236.00","19744.00","3949.00","15795.00","--","--","15795.00","36.00","--","15831.00","15795.00","--","--","15831.00","--","--","0.44"
"115/05/13","115","1","6732","昇佳電子","1044409.00","814398.00","--","--","230011.00","--","--","230011.00","168723.00","15.00","61303.00","59865.00","121168.00","14035.00","107133.00","--","--","107133.00","28072.00","--","135205.00","--","--","--","--","--","--","2.19"
"115/05/13","115","1","6733","博晟生醫","54945.00","15179.00","--","--","39766.00","--","--","39766.00","59893.00","--","-20127.00","396.00","-19731.00","-2098.00","-17633.00","--","--","-17633.00","55.00","--","-17578.00","-15788.00","--","-1845.00","-16695.00","--","-883.00","-0.13"
"115/05/13","115","1","6735","美達科技","93677.00","48335.00","--","--","45342.00","--","--","45342.00","40098.00","--","5244.00","11340.00","16584.00","3184.00","13400.00","--","--","13400.00","-1286.00","--","12114.00","13400.00","--","--","12114.00","--","--","0.29"
"115/05/13","115","1","6739","竹陞科技","284285.00","89888.00","--","--","194397.00","--","--","194397.00","26836.00","--","167561.00","4238.00","171799.00","37287.00","134512.00","--","--","134512.00","420.00","--","134932.00","134512.00","--","--","134932.00","--","--","5.76"
"115/05/13","115","1","6751","智聯服務","462397.00","412410.00","--","--","49987.00","--","--","49987.00","38543.00","--","11444.00","-1200.00","10244.00","2097.00","8147.00","--","--","8147.00","2899.00","--","11046.00","6724.00","--","1423.00","9422.00","--","1624.00","0.30"
"115/05/13","115","1","6761","穩得","455112.00","280804.00","--","--","174308.00","--","--","174308.00","105573.00","--","68735.00","2691.00","71426.00","15519.00","55907.00","--","--","55907.00","-2839.00","--","53068.00","55814.00","--","93.00","52975.00","--","93.00","1.60"
"115/05/13","115","1","6762","達亞","135788.00","114699.00","--","--","21089.00","--","--","21089.00","33316.00","--","-12227.00","-3200.00","-15427.00","-1980.00","-13447.00","--","--","-13447.00","--","--","-13447.00","--","--","--","--","--","--","-0.38"
"115/05/13","115","1","6767","台微醫","82366.00","17176.00","--","--","65190.00","--","--","65190.00","61376.00","--","3814.00","-421.00","3393.00","--","3393.00","--","--","3393.00","43.00","--","3436.00","3393.00","--","--","3436.00","--","--","0.09"
"115/05/13","115","1","6785","昱展新藥","250.00","--","--","--","250.00","--","--","250.00","64962.00","--","-64712.00","33078.00","-31634.00","3543.00","-35177.00","--","--","-35177.00","--","--","-35177.00","--","--","--","--","--","--","-0.53"
"115/05/13","115","1","6803","崑鼎","2297738.00","1842278.00","--","--","455460.00","--","--","455460.00","27949.00","--","427511.00","12090.00","439601.00","82135.00","357466.00","--","--","357466.00","22349.00","--","379815.00","330058.00","--","27408.00","351289.00","--","28526.00","4.54"
"115/05/13","115","1","6811","宏�硌穈T","2956867.00","2590974.00","--","--","365893.00","--","492.00","366385.00","117295.00","--","249090.00","5894.00","254984.00","56182.00","198802.00","--","--","198802.00","4598.00","--","203400.00","198802.00","0.00","--","203400.00","0.00","--","4.80"
"115/05/13","115","1","6829","千附精密","604395.00","446124.00","--","--","158271.00","--","--","158271.00","52148.00","--","106123.00","14049.00","120172.00","23457.00","96715.00","--","--","96715.00","--","--","96715.00","--","--","--","--","--","--","1.63"
"115/05/13","115","1","6840","東研信超","213193.00","127499.00","--","--","85694.00","--","--","85694.00","82450.00","--","3244.00","-59.00","3185.00","-474.00","3659.00","--","--","3659.00","13354.00","--","17013.00","3659.00","--","--","17013.00","--","--","0.12"
"115/05/13","115","1","6841","長佳智能","69446.00","20798.00","--","--","48648.00","--","--","48648.00","44115.00","--","4533.00","18034.00","22567.00","1503.00","21064.00","--","--","21064.00","--","--","21064.00","24461.00","--","-3397.00","24461.00","--","-3397.00","0.26"
"115/05/13","115","1","6844","諾貝兒","848548.00","554633.00","--","--","293915.00","--","--","293915.00","269281.00","--","24634.00","39765.00","64399.00","5615.00","58784.00","--","--","58784.00","1807.00","--","60591.00","58784.00","--","--","60591.00","--","--","1.57"
"115/05/13","115","1","6846","綠茵","198092.00","101633.00","--","--","96459.00","--","--","96459.00","58617.00","--","37842.00","1852.00","39694.00","8560.00","31134.00","--","--","31134.00","-9.00","--","31125.00","31134.00","--","--","31125.00","--","--","1.15"
"115/05/13","115","1","6859","伯特光","172666.00","124987.00","--","--","47679.00","--","--","47679.00","27064.00","--","20615.00","31817.00","52432.00","10486.00","41946.00","--","--","41946.00","465.00","--","42411.00","41946.00","--","--","42411.00","--","--","1.01"
"115/05/13","115","1","6865","偉康科技","47648.00","30838.00","--","--","16810.00","--","--","16810.00","37724.00","--","-20914.00","522.00","-20392.00","-2826.00","-17566.00","--","--","-17566.00","-279.00","--","-17845.00","--","--","--","--","--","--","-1.12"
"115/05/13","115","1","6872","浩宇生醫","18240.00","8025.00","--","--","10215.00","--","--","10215.00","45015.00","--","-34800.00","6845.00","-27955.00","--","-27955.00","--","--","-27955.00","805.00","--","-27150.00","-28728.00","--","773.00","-28166.00","--","1016.00","-0.41"
"115/05/13","115","1","6877","鏵友益","38923.00","20342.00","--","--","18581.00","--","--","18581.00","51153.00","--","-32572.00","2144.00","-30428.00","0.00","-30428.00","--","--","-30428.00","-146.00","--","-30574.00","-30428.00","--","--","-30574.00","--","--","-0.65"
"115/05/13","115","1","6881","潤德","644410.00","508484.00","--","--","135926.00","--","--","135926.00","39176.00","--","96750.00","1279.00","98029.00","19613.00","78416.00","--","--","78416.00","-20916.00","--","57500.00","--","--","--","--","--","--","5.23"
"115/05/13","115","1","6884","海柏特","306600.00","246077.00","--","--","60523.00","--","--","60523.00","48872.00","--","11651.00","775.00","12426.00","4683.00","7743.00","--","--","7743.00","2993.00","--","10736.00","7730.00","--","13.00","10722.00","--","14.00","0.42"
"115/05/13","115","1","6894","衛司特","515181.00","330621.00","--","--","184560.00","--","--","184560.00","41242.00","--","143318.00","4877.00","148195.00","39461.00","108734.00","--","--","108734.00","13455.00","--","122189.00","107171.00","--","1563.00","119551.00","--","2638.00","4.50"
"115/05/13","115","1","6895","宏碩系統","96763.00","73182.00","--","--","23581.00","--","--","23581.00","25837.00","--","-2256.00","3216.00","960.00","1098.00","-138.00","--","--","-138.00","--","--","-138.00","--","--","--","--","--","--","0.00"
"115/05/13","115","1","6899","創為精密","261285.00","152658.00","--","--","108627.00","--","--","108627.00","60366.00","--","48261.00","5162.00","53423.00","8448.00","44975.00","--","--","44975.00","1860.00","--","46835.00","45088.00","--","-113.00","46948.00","--","-113.00","1.08"
"115/05/13","115","1","6904","伯鑫","229439.00","161769.00","--","--","67670.00","--","--","67670.00","35914.00","--","31756.00","10310.00","42066.00","8139.00","33927.00","--","--","33927.00","2167.00","--","36094.00","33927.00","--","--","36094.00","--","--","1.83"
"115/05/13","115","1","6910","德鴻","81613.00","38530.00","--","--","43083.00","--","--","43083.00","32836.00","--","10247.00","776.00","11023.00","2880.00","8143.00","--","--","8143.00","1517.00","--","9660.00","8143.00","--","--","9660.00","--","--","0.27"
"115/05/13","115","1","6922","宸曜","511998.00","305653.00","--","--","206345.00","--","--","206345.00","114119.00","--","92226.00","1105.00","93331.00","22850.00","70481.00","--","--","70481.00","5477.00","--","75958.00","70481.00","--","--","75958.00","--","--","2.60"
"115/05/13","115","1","6925","意藍","46681.00","11461.00","--","--","35220.00","--","--","35220.00","27185.00","--","8035.00","832.00","8867.00","1122.00","7745.00","--","--","7745.00","--","--","7745.00","--","--","--","--","--","--","0.39"
"115/05/13","115","1","6929","佑全","796891.00","532570.00","--","--","264321.00","--","--","264321.00","275288.00","--","-10967.00","1353.00","-9614.00","--","-9614.00","--","--","-9614.00","-10008.00","--","-19622.00","--","--","--","--","--","--","-0.21"
"115/05/13","115","1","6961","旅天下","1221231.00","1022914.00","--","--","198317.00","--","--","198317.00","141710.00","--","56607.00","5332.00","61939.00","12419.00","49520.00","0.00","--","49520.00","-22926.00","--","26594.00","49620.00","--","-100.00","26694.00","--","-100.00","1.90"
"115/05/13","115","1","6967","汎瑋材料","379255.00","277908.00","--","--","101347.00","--","--","101347.00","66637.00","--","34710.00","-679.00","34031.00","7945.00","26086.00","--","--","26086.00","11026.00","--","37112.00","26086.00","--","--","37112.00","--","--","1.07"
"115/05/13","115","1","6971","惠民實業","493507.00","449928.00","--","--","43579.00","--","--","43579.00","21690.00","--","21889.00","-12627.00","9262.00","5214.00","4048.00","--","--","4048.00","--","--","4048.00","6143.00","--","-2095.00","6143.00","--","-2095.00","0.16"
"115/05/13","115","1","6996","力領科技","720075.00","426066.00","--","--","294009.00","--","--","294009.00","149216.00","174.00","144967.00","15152.00","160119.00","23886.00","136233.00","--","--","136233.00","19863.00","--","156096.00","--","--","--","--","--","--","3.27"
"115/05/13","115","1","7547","碩網","90740.00","53327.00","--","--","37413.00","--","--","37413.00","23263.00","--","14150.00","3360.00","17510.00","3502.00","14008.00","--","--","14008.00","1148.00","--","15156.00","14008.00","0.00","0.00","15156.00","0.00","0.00","0.42"
"115/05/13","115","1","7556","意德士科技","213139.00","129548.00","--","--","83591.00","--","--","83591.00","32679.00","--","50912.00","29733.00","80645.00","11910.00","68735.00","--","--","68735.00","137345.00","--","206080.00","68892.00","--","-157.00","206241.00","--","-161.00","2.52"
"115/05/13","115","1","7642","昶瑞機電","123903.00","88740.00","--","--","35163.00","--","--","35163.00","21494.00","--","13669.00","4109.00","17778.00","2775.00","15003.00","--","--","15003.00","--","--","15003.00","15003.00","--","--","15003.00","--","--","0.50"
"115/05/13","115","1","7703","銳澤","539517.00","428424.00","--","--","111093.00","--","--","111093.00","68716.00","--","42377.00","2932.00","45309.00","9478.00","35831.00","--","--","35831.00","644.00","--","36475.00","37557.00","--","-1726.00","38198.00","--","-1723.00","1.08"
"115/05/13","115","1","7709","榮田","183912.00","144047.00","--","--","39865.00","--","--","39865.00","36716.00","--","3149.00","14607.00","17756.00","3280.00","14476.00","--","--","14476.00","--","--","14476.00","--","--","--","--","--","--","0.37"
"115/05/13","115","1","7712","博盛半導體","330173.00","213618.00","--","--","116555.00","--","--","116555.00","66071.00","--","50484.00","5921.00","56405.00","10288.00","46117.00","--","--","46117.00","145.00","--","46262.00","46117.00","--","--","46262.00","--","--","1.42"
"115/05/13","115","1","7717","萊德光電-KY","256182.00","108815.00","--","--","147367.00","--","--","147367.00","90812.00","--","56555.00","-4399.00","52156.00","13698.00","38458.00","--","--","38458.00","19624.00","--","58082.00","38997.00","--","-539.00","58635.00","--","-553.00","1.57"
"115/05/13","115","1","7734","印能科技","876246.00","304458.00","--","--","571788.00","--","--","571788.00","107425.00","--","464363.00","52254.00","516617.00","101529.00","415088.00","--","--","415088.00","7133.00","--","422221.00","407430.00","--","7658.00","413728.00","--","8493.00","14.68"
"115/05/13","115","1","7751","竑騰","618452.00","273970.00","--","--","344482.00","--","--","344482.00","120949.00","--","223533.00","12977.00","236510.00","47511.00","188999.00","--","--","188999.00","2116.00","--","191115.00","188249.00","--","750.00","190215.00","--","900.00","7.00"
"115/05/13","115","1","7753","星亞","196264.00","122940.00","--","--","73324.00","--","--","73324.00","50641.00","--","22683.00","11181.00","33864.00","6824.00","27040.00","--","--","27040.00","--","--","27040.00","--","--","--","--","--","--","1.08"
"115/05/13","115","1","7770","君曜","53394.00","37904.00","--","--","15490.00","--","--","15490.00","18817.00","--","-3327.00","9451.00","6124.00","2976.00","3148.00","--","--","3148.00","6.00","--","3154.00","3148.00","--","--","3154.00","--","--","0.10"
"115/05/13","115","1","7782","光速火箭","186825.00","63258.00","--","--","123567.00","--","--","123567.00","107187.00","--","16380.00","-1113.00","15267.00","3161.00","12106.00","--","--","12106.00","--","--","12106.00","12645.00","--","-539.00","12645.00","--","-539.00","0.55"
"115/05/13","115","1","7794","宏�硒撥s","258843.00","208058.00","--","--","50785.00","--","--","50785.00","36079.00","--","14706.00","1257.00","15963.00","2609.00","13354.00","--","--","13354.00","-2474.00","--","10880.00","13354.00","0.00","0.00","10880.00","0.00","0.00","0.53"
"115/05/13","115","1","7810","捷創科技","174255.00","86709.00","--","--","87546.00","--","--","87546.00","51401.00","--","36145.00","9405.00","45550.00","8425.00","37125.00","--","--","37125.00","14.00","--","37139.00","--","--","--","--","--","--","1.83"
"115/05/13","115","1","7842","天能綠電","722041.00","682453.00","--","--","39588.00","--","--","39588.00","14714.00","--","24874.00","303.00","25177.00","5254.00","19923.00","--","--","19923.00","--","--","19923.00","--","--","--","--","--","--","1.33"
"115/05/13","115","1","8032","光菱","1187306.00","1030735.00","--","--","156571.00","--","--","156571.00","102371.00","--","54200.00","10797.00","64997.00","16222.00","48775.00","--","--","48775.00","-74188.00","--","-25413.00","48765.00","--","10.00","-25479.00","--","66.00","0.94"
"115/05/13","115","1","8034","榮群","47885.00","22231.00","--","--","25654.00","--","--","25654.00","27582.00","--","-1928.00","2657.00","729.00","329.00","400.00","--","--","400.00","--","--","400.00","400.00","--","--","400.00","--","--","0.01"
"115/05/13","115","1","8040","九暘","196292.00","111940.00","--","--","84352.00","0.00","0.00","84352.00","79793.00","0.00","4559.00","7777.00","12336.00","0.00","12336.00","0.00","--","12336.00","--","--","12336.00","--","--","--","--","--","--","0.13"
"115/05/13","115","1","8042","金山電","1111201.00","867081.00","--","--","244120.00","--","--","244120.00","162320.00","--","81800.00","309853.00","391653.00","102022.00","289631.00","--","--","289631.00","132938.00","--","422569.00","280311.00","--","9320.00","414141.00","--","8428.00","2.17"
"115/05/13","115","1","8043","蜜望實","1902765.00","1767537.00","--","--","135228.00","--","--","135228.00","68104.00","--","67124.00","66987.00","134111.00","26376.00","107735.00","--","--","107735.00","13398.00","--","121133.00","107735.00","--","--","121133.00","--","--","1.35"
"115/05/13","115","1","8047","星雲","90221.00","62237.00","--","--","27984.00","--","--","27984.00","42118.00","--","-14134.00","2238.00","-11896.00","25.00","-11921.00","--","--","-11921.00","6782.00","--","-5139.00","-11921.00","--","--","-5139.00","--","--","-0.29"
"115/05/13","115","1","8049","晶采","284815.00","194614.00","--","--","90201.00","--","--","90201.00","40516.00","--","49685.00","14296.00","63981.00","11403.00","52578.00","--","--","52578.00","-130492.00","--","-77914.00","52578.00","--","--","-77914.00","--","--","0.44"
"115/05/13","115","1","8050","廣積","1229232.00","942812.00","--","--","286420.00","--","--","286420.00","273766.00","--","12654.00","118313.00","130967.00","16486.00","114481.00","--","--","114481.00","-32190.00","--","82291.00","155942.00","--","-41461.00","123683.00","--","-41392.00","1.07"
"115/05/13","115","1","8054","安國","1703274.00","1435515.00","--","--","267759.00","--","--","267759.00","303898.00","--","-36139.00","27233.00","-8906.00","-1161.00","-7745.00","--","--","-7745.00","-58652.00","--","-66397.00","-626.00","--","-7119.00","-30124.00","--","-36273.00","-0.01"
"115/05/13","115","1","8059","凱碩","2093306.00","1726423.00","--","--","366883.00","--","--","366883.00","318608.00","--","48275.00","-4155.00","44120.00","35121.00","8999.00","--","--","8999.00","39154.00","--","48153.00","-13810.00","--","22809.00","20464.00","--","27689.00","-0.07"
"115/05/13","115","1","8064","東捷","673411.00","507371.00","--","--","166040.00","--","--","166040.00","137362.00","--","28678.00","48578.00","77256.00","12276.00","64980.00","--","--","64980.00","33250.00","--","98230.00","57991.00","--","6989.00","90532.00","--","7698.00","0.35"
"115/05/13","115","1","8067","志旭","21482.00","10647.00","--","--","10835.00","--","--","10835.00","17912.00","--","-7077.00","-5629.00","-12706.00","36.00","-12742.00","--","--","-12742.00","694.00","--","-12048.00","-12742.00","--","--","-12048.00","--","--","-0.62"
"115/05/13","115","1","8083","瑞穎","344553.00","198791.00","--","--","145762.00","--","--","145762.00","29681.00","--","116081.00","4450.00","120531.00","24106.00","96425.00","--","--","96425.00","--","--","96425.00","--","--","--","--","--","--","2.74"
"115/05/13","115","1","8086","宏捷科","1222318.00","799017.00","--","--","423301.00","--","--","423301.00","88948.00","--","334353.00","24315.00","358668.00","61811.00","296857.00","--","--","296857.00","--","--","296857.00","--","--","--","--","--","--","1.51"
"115/05/13","115","1","8089","康全電訊","95769.00","74179.00","--","--","21590.00","--","--","21590.00","92998.00","--","-71408.00","8679.00","-62729.00","497.00","-63226.00","--","--","-63226.00","-11976.00","--","-75202.00","-63226.00","--","--","-75202.00","--","--","-0.96"
"115/05/13","115","1","8096","擎亞","10173410.00","9547103.00","--","--","626307.00","--","--","626307.00","194719.00","--","431588.00","-99972.00","331616.00","47432.00","284184.00","--","--","284184.00","21843.00","--","306027.00","284184.00","--","--","306027.00","--","--","1.90"
"115/05/13","115","1","8107","大億金茂","209956.00","168778.00","--","--","41178.00","--","--","41178.00","65928.00","--","-24750.00","34044.00","9294.00","7008.00","2286.00","--","--","2286.00","28143.00","--","30429.00","2286.00","--","0.00","30429.00","--","0.00","0.03"
"115/05/13","115","1","8109","博大","473164.00","236057.00","--","--","237107.00","--","--","237107.00","68789.00","--","168318.00","12025.00","180343.00","36507.00","143836.00","--","--","143836.00","13297.00","--","157133.00","143836.00","--","--","157133.00","--","--","1.75"
"115/05/13","115","1","8111","立��","195041.00","135000.00","--","--","60041.00","--","--","60041.00","58971.00","0.00","1070.00","22252.00","23322.00","4419.00","18903.00","--","--","18903.00","20929.00","--","39832.00","18857.00","--","46.00","39708.00","--","124.00","0.17"
"115/05/13","115","1","8121","越峰","852861.00","687144.00","--","--","165717.00","--","--","165717.00","140871.00","--","24846.00","-9337.00","15509.00","2827.00","12682.00","--","--","12682.00","70865.00","--","83547.00","22241.00","--","-9559.00","73697.00","--","9850.00","0.10"
"115/05/13","115","1","8182","加高","668369.00","570519.00","--","--","97850.00","--","--","97850.00","87768.00","--","10082.00","8630.00","18712.00","3261.00","15451.00","--","--","15451.00","-3694.00","--","11757.00","15506.00","--","-55.00","12038.00","--","-281.00","0.14"
"115/05/13","115","1","8183","精星","1884948.00","1658400.00","--","--","226548.00","--","--","226548.00","192808.00","--","33740.00","30865.00","64605.00","28508.00","36097.00","--","--","36097.00","99119.00","--","135216.00","36097.00","--","--","135216.00","--","--","0.30"
"115/05/13","115","1","8227","巨有科技","369579.00","299786.00","--","--","69793.00","--","--","69793.00","44811.00","--","24982.00","6809.00","31791.00","6666.00","25125.00","--","--","25125.00","269.00","--","25394.00","25125.00","--","--","25394.00","--","--","0.64"
"115/05/13","115","1","8272","全景軟體","80043.00","20028.00","--","--","60015.00","--","--","60015.00","53278.00","--","6737.00","2483.00","9220.00","1776.00","7444.00","--","--","7444.00","--","--","7444.00","--","--","--","--","--","--","0.39"
"115/05/13","115","1","8277","商丞","25581.00","16943.00","--","--","8638.00","--","--","8638.00","15958.00","--","-7320.00","-972.00","-8292.00","2.00","-8294.00","--","--","-8294.00","-237.00","--","-8531.00","-8294.00","--","0.00","-8531.00","--","0.00","-0.09"
"115/05/13","115","1","8279","生展","416660.00","279276.00","--","--","137384.00","--","--","137384.00","93987.00","--","43397.00","-1220.00","42177.00","8798.00","33379.00","--","--","33379.00","279.00","--","33658.00","33379.00","--","--","33658.00","--","--","1.23"
"115/05/13","115","1","8284","三竹","739714.00","560760.00","--","--","178954.00","--","--","178954.00","119828.00","--","59126.00","8758.00","67884.00","8653.00","59231.00","--","--","59231.00","--","--","59231.00","59231.00","--","--","59231.00","--","--","1.28"
"115/05/13","115","1","8289","泰藝","444457.00","338604.00","--","--","105853.00","--","--","105853.00","87036.00","--","18817.00","5505.00","24322.00","5341.00","18981.00","--","--","18981.00","33262.00","--","52243.00","18981.00","--","0.00","52243.00","--","0.00","0.28"
"115/05/13","115","1","8299","群聯","40966953.00","15642302.00","--","--","25324651.00","207108.00","--","25117543.00","10277013.00","--","14840530.00","3057314.00","17897844.00","2722863.00","15174981.00","--","--","15174981.00","204764.00","--","15379745.00","15174020.00","--","961.00","15378806.00","--","939.00","68.80"
"115/05/13","115","1","8342","益張","375718.00","278146.00","--","--","97572.00","--","--","97572.00","49742.00","--","47830.00","13014.00","60844.00","11795.00","49049.00","--","--","49049.00","-8156.00","--","40893.00","48607.00","--","442.00","40451.00","--","442.00","1.45"
"115/05/13","115","1","8358","金居","2532020.00","1805002.00","--","--","727018.00","--","--","727018.00","78042.00","--","648976.00","118.00","649094.00","129487.00","519607.00","--","--","519607.00","118163.00","--","637770.00","519607.00","--","--","637770.00","--","--","2.06"
"115/05/13","115","1","8383","千附","1005026.00","741978.00","--","--","263048.00","--","--","263048.00","102409.00","--","160639.00","28269.00","188908.00","35863.00","153045.00","--","--","153045.00","1367.00","--","154412.00","117262.00","--","35783.00","118629.00","--","35783.00","1.04"
"115/05/13","115","1","8409","商之器","51638.00","9980.00","--","--","41658.00","--","-169.00","41489.00","45891.00","--","-4402.00","3170.00","-1232.00","300.00","-1532.00","--","--","-1532.00","1394.00","--","-138.00","-1532.00","--","--","-138.00","--","--","-0.05"
"115/05/13","115","1","8432","東生華","285817.00","129295.00","--","--","156522.00","--","--","156522.00","103546.00","--","52976.00","2246.00","55222.00","13119.00","42103.00","--","--","42103.00","-6205.00","--","35898.00","38717.00","--","3386.00","32512.00","--","3386.00","1.01"
"115/05/13","115","1","8433","弘帆","836979.00","647214.00","--","--","189765.00","--","--","189765.00","127620.00","--","62145.00","28415.00","90560.00","16049.00","74511.00","--","--","74511.00","44489.00","--","119000.00","74511.00","--","0.00","119000.00","--","0.00","1.37"
"115/05/13","115","1","8435","鉅邁","155822.00","76699.00","--","--","79123.00","--","--","79123.00","47784.00","--","31339.00","3023.00","34362.00","6015.00","28347.00","--","--","28347.00","6548.00","--","34895.00","27987.00","--","360.00","34535.00","--","360.00","0.83"
"115/05/13","115","1","8436","大江","1641056.00","895813.00","--","--","745243.00","--","--","745243.00","455703.00","--","289540.00","13517.00","303057.00","62032.00","241025.00","--","--","241025.00","120252.00","--","361277.00","210692.00","--","30333.00","333606.00","--","27671.00","1.92"
"115/05/13","115","1","8446","華研","217552.00","59640.00","--","--","157912.00","--","--","157912.00","61260.00","--","96652.00","21488.00","118140.00","24360.00","93780.00","--","--","93780.00","249.00","--","94029.00","94203.00","--","-423.00","94454.00","--","-425.00","1.78"
"115/05/13","115","1","8917","欣泰","795464.00","656422.00","--","--","139042.00","--","--","139042.00","30822.00","--","108220.00","15763.00","123983.00","23388.00","100595.00","--","--","100595.00","-6283.00","--","94312.00","--","--","--","--","--","--","0.62"
"115/05/13","115","1","8924","大田","1011224.00","894922.00","--","--","116302.00","--","--","116302.00","85984.00","--","30318.00","-19162.00","11156.00","6795.00","4361.00","--","--","4361.00","137155.00","--","141516.00","4361.00","--","--","141516.00","--","--","0.05"
"115/05/13","115","1","8928","鉅明","754519.00","658453.00","--","--","96066.00","--","--","96066.00","95524.00","--","542.00","37935.00","38477.00","4855.00","33622.00","--","--","33622.00","-1168.00","--","32454.00","33622.00","--","--","32454.00","--","--","0.66"
"115/05/13","115","1","8929","富堡","179243.00","136114.00","--","--","43129.00","0.00","0.00","43129.00","55377.00","--","-12248.00","8612.00","-3636.00","-721.00","-2915.00","0.00","--","-2915.00","27882.00","--","24967.00","-3079.00","--","164.00","24025.00","--","942.00","-0.06"
"115/05/13","115","1","8930","青鋼","345032.00","254682.00","--","--","90350.00","--","--","90350.00","39501.00","--","50849.00","10627.00","61476.00","11943.00","49533.00","--","--","49533.00","0.00","0.00","49533.00","--","--","--","--","--","--","0.62"
"115/05/13","115","1","8931","大汽電","620784.00","516123.00","--","--","104661.00","--","--","104661.00","36494.00","--","68167.00","-9562.00","58605.00","11721.00","46884.00","--","--","46884.00","27952.00","--","74836.00","--","--","--","--","--","--","0.38"
"115/05/13","115","1","8935","邦泰","134066.00","110613.00","--","--","23453.00","--","--","23453.00","29249.00","--","-5796.00","-1126.00","-6922.00","3705.00","-10627.00","--","--","-10627.00","15379.00","--","4752.00","-10627.00","--","--","4752.00","--","0.00","-0.09"
"115/05/13","115","1","8936","國統","1715495.00","1328163.00","--","--","387332.00","--","--","387332.00","55794.00","--","331538.00","-4023.00","327515.00","66163.00","261352.00","--","--","261352.00","-47062.00","--","214290.00","246377.00","--","14975.00","203012.00","--","11278.00","0.99"
"115/05/13","115","1","8938","明安","4101452.00","3533152.00","--","--","568300.00","--","--","568300.00","401349.00","37512.00","204463.00","41076.00","245539.00","40931.00","204608.00","--","--","204608.00","73948.00","--","278556.00","204608.00","--","--","278556.00","--","--","1.33"
"115/05/13","115","1","8941","關中","747327.00","527398.00","--","--","219929.00","--","--","219929.00","215374.00","--","4555.00","48527.00","53082.00","9932.00","43150.00","--","--","43150.00","138482.00","--","181632.00","47491.00","--","-4341.00","184938.00","--","-3306.00","1.36"
"115/05/13","115","1","9951","皇田","1680982.00","1296986.00","--","--","383996.00","--","--","383996.00","267093.00","--","116903.00","20506.00","137409.00","31332.00","106077.00","--","--","106077.00","52659.00","--","158736.00","106077.00","--","--","158736.00","--","--","1.46"
"115/05/13","115","1","9960","邁達康","184758.00","117541.00","--","--","67217.00","--","--","67217.00","43800.00","--","23417.00","3288.00","26705.00","8777.00","17928.00","--","--","17928.00","2939.00","--","20867.00","17928.00","--","--","20867.00","--","--","0.53"
"115/05/13","115","1","9962","有益","341685.00","315604.00","--","--","26081.00","--","--","26081.00","21269.00","--","4812.00","1392.00","6204.00","1254.00","4950.00","--","--","4950.00","1380.00","--","6330.00","4950.00","--","0.00","6330.00","--","0.00","0.05"
