出表日期,年度,季別,公司代號,公司名稱,營業收入,營業成本,原始認列生物資產及農產品之利益（損失）,生物資產當期公允價值減出售成本之變動利益（損失）,營業毛利（毛損）,未實現銷貨（損）益,已實現銷貨（損）益,營業毛利（毛損）淨額,營業費用,其他收益及費損淨額,營業利益（損失）,營業外收入及支出,稅前淨利（淨損）,所得稅費用（利益）,繼續營業單位本期淨利（淨損）,停業單位損益,合併前非屬共同控制股權損益,本期淨利（淨損）,其他綜合損益（淨額）,合併前非屬共同控制股權綜合損益淨額,本期綜合損益總額,淨利（淨損）歸屬於母公司業主,淨利（淨損）歸屬於共同控制下前手權益,淨利（淨損）歸屬於非控制權益,綜合損益總額歸屬於母公司業主,綜合損益總額歸屬於共同控制下前手權益,綜合損益總額歸屬於非控制權益,基本每股盈餘（元）
"115/08/21","115","2","1240","茂生農經","1440672.00","1267704.00","21939.00","24180.00","219087.00","--","--","219087.00","131685.00","--","87402.00","54301.00","141703.00","15197.00","126506.00","--","--","126506.00","4025.00","--","130531.00","126188.00","--","318.00","130213.00","--","318.00","2.85"
"115/08/21","115","2","1259","安心","3091195.00","2373772.00","--","--","717423.00","--","--","717423.00","711174.00","--","6249.00","61251.00","67500.00","1782.00","65718.00","--","--","65718.00","-232941.00","--","-167223.00","65317.00","--","401.00","-167624.00","--","401.00","2.02"
"115/08/21","115","2","1264","德麥","3512615.00","2352398.00","--","--","1160217.00","--","--","1160217.00","573111.00","--","587106.00","17243.00","604349.00","138328.00","466021.00","--","--","466021.00","58966.00","--","524987.00","407978.00","--","58043.00","436421.00","--","88566.00","11.01"
"115/08/21","115","2","1268","漢來美食","3675641.00","1916952.00","--","--","1758689.00","--","--","1758689.00","1301925.00","--","456764.00","19126.00","475890.00","86886.00","389004.00","--","--","389004.00","46404.00","--","435408.00","389004.00","--","--","435408.00","--","--","9.21"
"115/08/21","115","2","1294","漢田生技","455326.00","294582.00","--","--","160744.00","--","--","160744.00","61467.00","--","99277.00","1369.00","100646.00","19811.00","80835.00","--","--","80835.00","--","--","80835.00","80824.00","--","11.00","80824.00","--","11.00","2.22"
"115/08/21","115","2","1295","生合","510716.00","256589.00","--","--","254127.00","--","--","254127.00","177696.00","--","76431.00","-1271.00","75160.00","7127.00","68033.00","--","--","68033.00","15488.00","--","83521.00","68033.00","--","--","83521.00","--","--","1.97"
"115/08/21","115","2","1336","台翰","1247607.00","1064666.00","--","--","182941.00","--","--","182941.00","150977.00","--","31964.00","14977.00","46941.00","14829.00","32112.00","--","--","32112.00","27829.00","--","59941.00","32112.00","--","--","59941.00","--","--","0.41"
"115/08/21","115","2","1565","精華","1780360.00","1444589.00","--","--","335771.00","--","--","335771.00","164898.00","--","170873.00","22275.00","193148.00","41692.00","151456.00","--","--","151456.00","555.00","--","152011.00","151456.00","--","--","152011.00","--","--","3.00"
"115/08/21","115","2","1569","濱川","1624996.00","1514234.00","--","--","110762.00","--","--","110762.00","284018.00","--","-173256.00","16651.00","-156605.00","63458.00","-220063.00","--","--","-220063.00","72913.00","--","-147150.00","-236976.00","--","16913.00","-164970.00","--","17820.00","-1.67"
"115/08/21","115","2","1570","力肯","288259.00","224517.00","--","--","63742.00","--","--","63742.00","36222.00","--","27520.00","7221.00","34741.00","6892.00","27849.00","--","--","27849.00","45731.00","--","73580.00","27849.00","--","--","73580.00","--","--","0.54"
"115/08/21","115","2","1580","新麥","2264808.00","1320343.00","--","--","944465.00","--","--","944465.00","574806.00","--","369659.00","-4955.00","364704.00","121092.00","243612.00","--","--","243612.00","91477.00","--","335089.00","228074.00","--","15538.00","314176.00","--","20913.00","4.62"
"115/08/21","115","2","1584","精剛","1084456.00","919472.00","--","--","164984.00","--","--","164984.00","90903.00","--","74081.00","-23219.00","50862.00","6915.00","43947.00","--","--","43947.00","-40279.00","--","3668.00","43393.00","--","554.00","3114.00","--","554.00","0.19"
"115/08/21","115","2","1586","和勤","1169445.00","978093.00","--","--","191352.00","--","--","191352.00","155676.00","--","35676.00","3049.00","38725.00","5836.00","32889.00","--","--","32889.00","58200.00","--","91089.00","32889.00","--","--","91089.00","--","--","0.32"
"115/08/21","115","2","1593","祺驊","646718.00","451598.00","--","--","195120.00","--","--","195120.00","144013.00","--","51107.00","121543.00","172650.00","50744.00","121906.00","--","--","121906.00","11153.00","--","133059.00","103792.00","--","18114.00","114945.00","--","18114.00","2.61"
"115/08/21","115","2","1595","川寶","411957.00","330158.00","--","--","81799.00","--","--","81799.00","163262.00","--","-81463.00","29034.00","-52429.00","845.00","-53274.00","--","--","-53274.00","3810.00","--","-49464.00","-53274.00","--","0.00","-49464.00","--","0.00","-0.98"
"115/08/21","115","2","1599","宏佳騰","1083048.00","849199.00","--","--","233849.00","--","--","233849.00","260530.00","--","-26681.00","21431.00","-5250.00","6381.00","-11631.00","--","--","-11631.00","-1614.00","--","-13245.00","6178.00","--","-17809.00","4564.00","--","-17809.00","0.09"
"115/08/21","115","2","1742","台蠟","41324.00","33697.00","--","--","7627.00","--","--","7627.00","34780.00","--","-27153.00","8743.00","-18410.00","0.00","-18410.00","--","--","-18410.00","-647.00","--","-19057.00","-18410.00","--","--","-19057.00","--","--","-0.20"
"115/08/21","115","2","1777","生泰","611976.00","359542.00","--","--","252434.00","--","--","252434.00","69413.00","--","183021.00","22387.00","205408.00","43185.00","162223.00","--","--","162223.00","2809.00","--","165032.00","--","--","--","--","--","--","3.64"
"115/08/21","115","2","1780","立弘","498399.00","298303.00","--","--","200096.00","--","--","200096.00","114392.00","--","85704.00","-186.00","85518.00","18142.00","67376.00","--","--","67376.00","13545.00","--","80921.00","67376.00","--","--","80921.00","--","--","0.69"
"115/08/21","115","2","1781","合世","193290.00","165568.00","--","--","27722.00","--","--","27722.00","62491.00","--","-34769.00","12157.00","-22612.00","1448.00","-24060.00","--","--","-24060.00","6721.00","--","-17339.00","-24060.00","--","--","-17339.00","--","--","-0.51"
"115/08/21","115","2","1784","訊聯","653052.00","288662.00","--","--","364390.00","--","--","364390.00","362759.00","--","1631.00","16428.00","18059.00","6768.00","11291.00","--","--","11291.00","826.00","--","12117.00","32173.00","--","-20882.00","32474.00","--","-20357.00","0.64"
"115/08/21","115","2","1785","光洋科","30242528.00","26060715.00","--","--","4181813.00","--","--","4181813.00","1062695.00","--","3119118.00","-196338.00","2922780.00","621572.00","2301208.00","--","--","2301208.00","121878.00","--","2423086.00","2176131.00","--","125077.00","2297978.00","--","125108.00","3.66"
"115/08/21","115","2","1788","杏昌","2252796.00","1611656.00","--","--","641140.00","--","--","641140.00","390992.00","--","250148.00","7147.00","257295.00","51150.00","206145.00","--","--","206145.00","6845.00","--","212990.00","206145.00","0.00","0.00","212990.00","0.00","0.00","4.63"
"115/08/21","115","2","1796","金穎生技","322124.00","251800.00","--","--","70324.00","--","--","70324.00","75919.00","--","-5595.00","300.00","-5295.00","-875.00","-4420.00","--","--","-4420.00","691.00","--","-3729.00","-4420.00","--","--","-3729.00","--","--","-0.11"
"115/08/21","115","2","1799","易威","463329.00","241743.00","--","--","221586.00","--","--","221586.00","202483.00","--","19103.00","-9148.00","9955.00","80.00","9875.00","--","--","9875.00","10221.00","--","20096.00","7933.00","--","1942.00","17794.00","--","2302.00","0.06"
"115/08/21","115","2","1813","寶利徠","147746.00","158671.00","--","--","-10925.00","--","--","-10925.00","37955.00","--","-48880.00","50473.00","1593.00","-2676.00","4269.00","--","--","4269.00","-2416.00","--","1853.00","9908.00","--","-5639.00","7848.00","--","-5995.00","0.21"
"115/08/21","115","2","1815","富喬","4012631.00","2484132.00","--","--","1528499.00","--","--","1528499.00","578945.00","--","949554.00","548804.00","1498358.00","197897.00","1300461.00","--","--","1300461.00","-7575.00","--","1292886.00","1300461.00","--","--","1292886.00","--","--","2.24"
"115/08/21","115","2","2035","唐榮公司","5291734.00","5029860.00","--","--","261874.00","--","--","261874.00","143959.00","--","117915.00","71816.00","189731.00","-1949.00","191680.00","--","--","191680.00","-3391.00","--","188289.00","--","--","--","--","--","--","0.55"
"115/08/21","115","2","2061","風青","672585.00","599836.00","--","--","72749.00","--","--","72749.00","33466.00","--","39283.00","24475.00","63758.00","4926.00","58832.00","--","--","58832.00","7509.00","--","66341.00","58832.00","--","--","66341.00","--","--","1.03"
"115/08/21","115","2","2063","世鎧精密","459736.00","365389.00","--","--","94347.00","--","--","94347.00","66874.00","--","27473.00","21349.00","48822.00","7917.00","40905.00","--","--","40905.00","25296.00","--","66201.00","40905.00","--","--","66201.00","--","--","0.85"
"115/08/21","115","2","2064","晉椿","894368.00","825983.00","--","--","68385.00","61.00","--","68324.00","64677.00","--","3647.00","-6393.00","-2746.00","-34.00","-2712.00","--","--","-2712.00","-4404.00","--","-7116.00","-2708.00","--","-4.00","-7093.00","--","-23.00","-0.04"
"115/08/21","115","2","2065","世豐","1092466.00","897533.00","--","--","194933.00","--","--","194933.00","111275.00","--","83658.00","97297.00","180955.00","36747.00","144208.00","--","--","144208.00","-19095.00","--","125113.00","144208.00","--","--","125113.00","--","--","2.27"
"115/08/21","115","2","2066","世德","1457915.00","949116.00","--","--","508799.00","--","--","508799.00","394511.00","--","114288.00","45308.00","159596.00","29486.00","130110.00","--","--","130110.00","6068.00","--","136178.00","130110.00","--","--","136178.00","--","--","2.94"
"115/08/21","115","2","2067","嘉鋼","464880.00","452010.00","--","--","12870.00","--","--","12870.00","78917.00","--","-66047.00","-15561.00","-81608.00","-542.00","-81066.00","--","--","-81066.00","758.00","--","-80308.00","-70091.00","--","-10975.00","-69214.00","--","-11094.00","-1.55"
"115/08/21","115","2","2070","精湛","347768.00","173344.00","--","--","174424.00","--","--","174424.00","128463.00","--","45961.00","11922.00","57883.00","7094.00","50789.00","--","--","50789.00","3643.00","--","54432.00","50789.00","--","--","54432.00","--","--","1.29"
"115/08/21","115","2","2073","雄順","379587.00","355626.00","--","--","23961.00","--","--","23961.00","32509.00","--","-8548.00","-1663.00","-10211.00","0.00","-10211.00","--","--","-10211.00","-693.00","--","-10904.00","--","--","--","--","--","--","-0.37"
"115/08/21","115","2","2221","大甲","807160.00","630960.00","--","--","176200.00","--","--","176200.00","74893.00","--","101307.00","57.00","101364.00","20663.00","80701.00","--","--","80701.00","1970.00","--","82671.00","78820.00","0.00","1881.00","80790.00","0.00","1881.00","1.86"
"115/08/21","115","2","2230","泰茂","1160457.00","1159458.00","--","--","999.00","--","--","999.00","106234.00","--","-105235.00","3523.00","-101712.00","-548.00","-101164.00","--","--","-101164.00","42595.00","--","-58569.00","-99831.00","--","-1333.00","-58015.00","--","-554.00","-1.48"
"115/08/21","115","2","2235","謚源","290411.00","247326.00","--","--","43085.00","--","--","43085.00","37970.00","--","5115.00","16100.00","21215.00","4513.00","16702.00","--","--","16702.00","0.00","--","16702.00","--","--","--","--","--","--","0.47"
"115/08/21","115","2","2596","綠意","750324.00","430317.00","--","--","320007.00","--","--","320007.00","78435.00","--","241572.00","6758.00","248330.00","49278.00","199052.00","--","--","199052.00","--","--","199052.00","201190.00","--","-2138.00","201190.00","--","-2138.00","2.01"
"115/08/21","115","2","2640","大車隊","1665458.00","831060.00","--","--","834398.00","--","--","834398.00","470635.00","--","363763.00","2270.00","366033.00","78089.00","287944.00","--","--","287944.00","-1915.00","--","286029.00","287745.00","--","199.00","285830.00","--","199.00","4.86"
"115/08/21","115","2","2641","正德","1177268.00","707205.00","--","--","470063.00","--","--","470063.00","63484.00","--","406579.00","88336.00","494915.00","34915.00","460000.00","--","--","460000.00","102458.00","--","562458.00","411515.00","--","48485.00","513973.00","--","48485.00","1.25"
"115/08/21","115","2","2643","捷迅","3411287.00","3122331.00","--","--","288956.00","--","--","288956.00","162216.00","--","126740.00","2766.00","129506.00","31846.00","97660.00","--","--","97660.00","20359.00","--","118019.00","97660.00","--","--","118019.00","--","--","2.79"
"115/08/21","115","2","2718","全心投控","230354.00","101773.00","--","--","128581.00","--","--","128581.00","52447.00","--","76134.00","230900.00","307034.00","70702.00","236332.00","--","--","236332.00","-302.00","--","236030.00","236332.00","--","--","236030.00","--","--","2.72"
"115/08/21","115","2","2719","燦星旅","849745.00","725493.00","--","--","124252.00","--","--","124252.00","73153.00","--","51099.00","-10435.00","40664.00","2434.00","38230.00","--","--","38230.00","--","--","38230.00","38230.00","--","--","38230.00","--","--","0.55"
"115/08/21","115","2","2729","瓦城","3289716.00","1636420.00","--","--","1653296.00","--","--","1653296.00","1432165.00","--","221131.00","-18605.00","202526.00","55916.00","146610.00","--","--","146610.00","4848.00","--","151458.00","147676.00","--","-1066.00","152524.00","--","-1066.00","3.47"
"115/08/21","115","2","2732","六角","2653869.00","1321331.00","--","--","1332538.00","0.00","498.00","1333036.00","1176161.00","406.00","157281.00","-5112.00","152169.00","40996.00","111173.00","--","--","111173.00","10506.00","--","121679.00","95169.00","--","16004.00","100994.00","--","20685.00","2.13"
"115/08/21","115","2","2734","易飛網","1020429.00","868992.00","--","--","151437.00","--","--","151437.00","130707.00","--","20730.00","-18913.00","1817.00","949.00","868.00","--","--","868.00","4.00","--","872.00","1026.00","--","-158.00","1054.00","--","-182.00","0.02"
"115/08/21","115","2","2736","富野","296112.00","152697.00","--","--","143415.00","--","--","143415.00","181820.00","--","-38405.00","-14260.00","-52665.00","0.00","-52665.00","--","--","-52665.00","2332.00","--","-50333.00","-46521.00","--","-6144.00","-44189.00","--","-6144.00","-0.58"
"115/08/21","115","2","2740","華軒","30245.00","19002.00","--","--","11243.00","0.00","0.00","11243.00","34212.00","0.00","-22969.00","-10285.00","-33254.00","0.00","-33254.00","0.00","--","-33254.00","0.00","--","-33254.00","-33254.00","0.00","0.00","-33254.00","0.00","0.00","-2.10"
"115/08/21","115","2","2743","山富","3448053.00","3078407.00","--","--","369646.00","--","--","369646.00","227899.00","--","141747.00","-10998.00","130749.00","22286.00","108463.00","--","--","108463.00","--","--","108463.00","108463.00","--","--","108463.00","--","--","2.32"
"115/08/21","115","2","2745","五福","5049526.00","4332554.00","--","--","716972.00","--","--","716972.00","469655.00","--","247317.00","-28014.00","219303.00","46162.00","173141.00","--","--","173141.00","--","--","173141.00","173141.00","--","--","173141.00","--","--","5.12"
"115/08/21","115","2","2751","王座","1012464.00","499123.00","--","--","513341.00","--","--","513341.00","444319.00","176.00","69198.00","-2500.00","66698.00","13102.00","53596.00","--","--","53596.00","51.00","--","53647.00","47669.00","--","5927.00","47720.00","--","5927.00","2.41"
"115/08/21","115","2","2752","豆府","2190179.00","1043166.00","--","--","1147013.00","--","--","1147013.00","888252.00","--","258761.00","13205.00","271966.00","52455.00","219511.00","--","--","219511.00","-3269.00","--","216242.00","216346.00","--","3165.00","213061.00","--","3181.00","8.10"
"115/08/21","115","2","2754","亞洲藏壽司","2989403.00","1760499.00","--","--","1228904.00","--","--","1228904.00","1046947.00","--","181957.00","-29662.00","152295.00","30515.00","121780.00","--","--","121780.00","1046.00","--","122826.00","121780.00","--","--","122826.00","--","--","2.60"
"115/08/21","115","2","2755","揚秦","1706889.00","1236268.00","--","--","470621.00","--","--","470621.00","304928.00","--","165693.00","3500.00","169193.00","34160.00","135033.00","--","--","135033.00","740.00","--","135773.00","135033.00","--","--","135773.00","--","--","2.90"
"115/08/21","115","2","2756","聯發國際","610188.00","298123.00","--","--","312065.00","--","--","312065.00","276828.00","--","35237.00","9849.00","45086.00","9818.00","35268.00","--","--","35268.00","1725.00","--","36993.00","37220.00","--","-1952.00","38792.00","--","-1799.00","1.53"
"115/08/21","115","2","2916","滿心","1005646.00","474232.00","--","--","531414.00","--","--","531414.00","394667.00","--","136747.00","30120.00","166867.00","33374.00","133493.00","--","--","133493.00","6102.00","--","139595.00","--","--","--","--","--","--","2.07"
"115/08/21","115","2","2924","宏太-KY","28475.00","20817.00","--","--","7658.00","--","--","7658.00","31933.00","--","-24275.00","1509.00","-22766.00","0.00","-22766.00","--","--","-22766.00","70.00","--","-22696.00","-22766.00","--","--","-22696.00","--","--","-0.44"
"115/08/21","115","2","2926","誠品生活","3506633.00","2168083.00","--","--","1338550.00","--","--","1338550.00","1371889.00","--","-33339.00","74915.00","41576.00","26713.00","14863.00","--","--","14863.00","8998.00","--","23861.00","15132.00","--","-269.00","24265.00","--","-404.00","0.32"
"115/08/21","115","2","2937","集雅社","2624020.00","2072406.00","--","--","551614.00","--","--","551614.00","466273.00","--","85341.00","-1825.00","83516.00","18957.00","64559.00","--","--","64559.00","--","--","64559.00","64559.00","--","--","64559.00","--","--","1.48"
"115/08/21","115","2","2941","米斯特","465356.00","167822.00","--","--","297534.00","--","--","297534.00","271949.00","--","25585.00","310.00","25895.00","4843.00","21052.00","--","--","21052.00","-11.00","--","21041.00","--","--","--","--","--","--","1.37"
"115/08/21","115","2","2947","振宇五金","1188211.00","696176.00","--","--","492035.00","--","--","492035.00","435916.00","--","56119.00","-4328.00","51791.00","10191.00","41600.00","--","--","41600.00","--","--","41600.00","41600.00","0.00","0.00","41600.00","--","--","1.78"
"115/08/21","115","2","2948","寶陞","1101442.00","637477.00","--","--","463965.00","--","--","463965.00","404451.00","--","59514.00","-14909.00","44605.00","14290.00","30315.00","--","--","30315.00","11978.00","--","42293.00","30315.00","--","--","42293.00","--","--","0.98"
"115/08/21","115","2","2949","欣新網","3164715.00","2779610.00","--","--","385105.00","--","--","385105.00","312382.00","--","72723.00","-539.00","72184.00","18639.00","53545.00","--","--","53545.00","-98.00","--","53447.00","50454.00","--","3091.00","50385.00","--","3062.00","1.68"
"115/08/21","115","2","3064","泰偉","41307.00","4525.00","--","--","36782.00","--","--","36782.00","43177.00","--","-6395.00","-3045.00","-9440.00","0.00","-9440.00","--","--","-9440.00","69.00","--","-9371.00","-9438.00","--","-2.00","-9369.00","--","-2.00","-0.73"
"115/08/21","115","2","3066","李洲","140399.00","91306.00","--","--","49093.00","--","--","49093.00","77296.00","--","-28203.00","519209.00","491006.00","4959.00","486047.00","--","--","486047.00","131814.00","--","617861.00","449239.00","--","36808.00","579372.00","--","38489.00","5.41"
"115/08/21","115","2","3067","全域","32759.00","22507.00","--","--","10252.00","170.00","482.00","10564.00","11637.00","--","-1073.00","3412.00","2339.00","0.00","2339.00","--","--","2339.00","0.00","--","2339.00","2339.00","--","--","2339.00","--","--","0.12"
"115/08/21","115","2","3071","協禧","1513710.00","1040970.00","--","--","472740.00","--","--","472740.00","294872.00","--","177868.00","-44452.00","133416.00","51501.00","81915.00","--","--","81915.00","89153.00","--","171068.00","53899.00","--","28016.00","133315.00","--","37753.00","0.49"
"115/08/21","115","2","3073","天方能源","90021.00","75506.00","--","--","14515.00","--","--","14515.00","27489.00","0.00","-12974.00","2067.00","-10907.00","0.00","-10907.00","--","--","-10907.00","-6920.00","--","-17827.00","-10507.00","--","-400.00","-17427.00","--","-400.00","-0.27"
"115/08/21","115","2","3078","僑威","3210107.00","2595758.00","--","--","614349.00","--","--","614349.00","389927.00","--","224422.00","78318.00","302740.00","71811.00","230929.00","--","--","230929.00","157538.00","--","388467.00","230929.00","--","--","388467.00","--","--","1.02"
"115/08/21","115","2","3081","聯亞","2125567.00","928723.00","--","--","1196844.00","--","--","1196844.00","251044.00","--","945800.00","36692.00","982492.00","196490.00","786002.00","--","--","786002.00","1592.00","--","787594.00","--","--","--","--","--","--","7.75"
"115/08/21","115","2","3083","網龍","187055.00","28401.00","--","--","158654.00","--","--","158654.00","162412.00","--","-3758.00","33233.00","29475.00","1924.00","27551.00","--","--","27551.00","31080.00","--","58631.00","25775.00","--","1776.00","56751.00","--","1880.00","0.30"
"115/08/21","115","2","3085","新零售","34557.00","12344.00","--","--","22213.00","--","--","22213.00","50650.00","--","-28437.00","4599.00","-23838.00","0.00","-23838.00","--","--","-23838.00","-5245.00","--","-29083.00","-23838.00","--","--","-29083.00","--","--","-0.35"
"115/08/21","115","2","3086","華義*","69502.00","50065.00","--","--","19437.00","--","--","19437.00","41888.00","--","-22451.00","3714.00","-18737.00","6.00","-18743.00","--","--","-18743.00","-195.00","--","-18938.00","-16870.00","--","-1873.00","-16959.00","--","-1979.00","-0.06"
"115/08/21","115","2","3088","艾訊","4613348.00","3087015.00","--","--","1526333.00","67.00","61.00","1526327.00","959489.00","--","566838.00","47509.00","614347.00","134299.00","480048.00","--","--","480048.00","5570.00","--","485618.00","466085.00","--","13963.00","471655.00","--","13963.00","4.28"
"115/08/21","115","2","3093","港建*","765861.00","556650.00","--","--","209211.00","--","--","209211.00","147454.00","--","61757.00","14038.00","75795.00","16778.00","59017.00","--","--","59017.00","581599.00","--","640616.00","59017.00","--","0.00","640616.00","--","0.00","0.41"
"115/08/21","115","2","3095","及成","360109.00","281477.00","--","--","78632.00","--","--","78632.00","56807.00","--","21825.00","-4470.00","17355.00","11.00","17344.00","--","--","17344.00","1610.00","--","18954.00","17344.00","--","--","18954.00","--","--","1.73"
"115/08/21","115","2","3105","穩懋","9847328.00","7153704.00","--","--","2693624.00","--","--","2693624.00","1520711.00","--","1172913.00","547323.00","1720236.00","366849.00","1353387.00","--","--","1353387.00","1535855.00","--","2889242.00","1510391.00","--","-157004.00","3030635.00","--","-141393.00","3.56"
"115/08/21","115","2","3114","好德","1558134.00","1394800.00","--","--","163334.00","--","--","163334.00","106488.00","--","56846.00","27934.00","84780.00","16322.00","68458.00","--","--","68458.00","62361.00","--","130819.00","68458.00","--","0.00","130819.00","--","0.00","1.02"
"115/08/21","115","2","3115","富榮綱","3947.00","0.00","--","--","3947.00","--","--","3947.00","17336.00","--","-13389.00","7489.00","-5900.00","290.00","-6190.00","--","--","-6190.00","3802.00","--","-2388.00","-6190.00","--","--","-2388.00","--","--","-0.09"
"115/08/21","115","2","3118","進階","321210.00","206726.00","--","--","114484.00","--","--","114484.00","82632.00","--","31852.00","5892.00","37744.00","6944.00","30800.00","--","--","30800.00","--","--","30800.00","--","--","--","--","--","--","0.95"
"115/08/21","115","2","3122","笙泉","162390.00","105958.00","--","--","56432.00","--","--","56432.00","85388.00","--","-28956.00","-666.00","-29622.00","42.00","-29664.00","--","--","-29664.00","772.00","--","-28892.00","-29664.00","--","0.00","-28892.00","--","0.00","-0.73"
"115/08/21","115","2","3128","昇銳","482657.00","343785.00","--","--","138872.00","--","--","138872.00","122515.00","--","16357.00","1237.00","17594.00","3735.00","13859.00","--","--","13859.00","--","--","13859.00","12796.00","--","1063.00","12796.00","--","1063.00","0.27"
"115/08/21","115","2","3131","弘塑","3322908.00","2112683.00","--","--","1210225.00","--","--","1210225.00","635318.00","--","574907.00","411615.00","986522.00","202770.00","783752.00","--","--","783752.00","166910.00","--","950662.00","786489.00","--","-2737.00","953381.00","--","-2719.00","27.27"
"115/08/21","115","2","3141","晶宏","885182.00","497166.00","--","--","388016.00","--","--","388016.00","286181.00","--","101835.00","73117.00","174952.00","20726.00","154226.00","--","--","154226.00","125460.00","--","279686.00","162768.00","--","-8542.00","288228.00","--","-8542.00","2.19"
"115/08/21","115","2","3147","大綜","8855091.00","7796239.00","--","--","1058852.00","--","--","1058852.00","433830.00","--","625022.00","5876.00","630898.00","139137.00","491761.00","--","--","491761.00","1722.00","--","493483.00","491761.00","--","0.00","493489.00","--","-6.00","11.26"
"115/08/21","115","2","3152","璟德","758791.00","426155.00","--","--","332636.00","--","--","332636.00","116448.00","--","216188.00","25190.00","241378.00","49691.00","191687.00","--","--","191687.00","--","--","191687.00","--","--","--","--","--","--","3.21"
"115/08/21","115","2","3158","嘉實","556378.00","196621.00","--","--","359757.00","--","--","359757.00","232410.00","--","127347.00","5389.00","132736.00","26701.00","106035.00","--","--","106035.00","-106.00","--","105929.00","106035.00","--","0.00","105929.00","--","0.00","3.48"
"115/08/21","115","2","3162","精確","4342980.00","3865903.00","--","--","477077.00","--","--","477077.00","448880.00","--","28197.00","-7747.00","20450.00","11459.00","8991.00","--","--","8991.00","39356.00","--","48347.00","7880.00","--","1111.00","45489.00","--","2858.00","0.05"
"115/08/21","115","2","3163","波若威","1247946.00","1034308.00","--","--","213638.00","--","--","213638.00","168526.00","--","45112.00","301383.00","346495.00","14958.00","331537.00","--","--","331537.00","22361.00","--","353898.00","331537.00","--","--","353898.00","--","--","3.50"
"115/08/21","115","2","3169","亞信","495261.00","227357.00","--","--","267904.00","--","--","267904.00","135799.00","--","132105.00","16375.00","148480.00","24544.00","123936.00","--","--","123936.00","2410.00","--","126346.00","123936.00","--","--","126346.00","--","--","1.96"
"115/08/21","115","2","3171","炎洲流通","1413057.00","1056491.00","--","--","356566.00","--","--","356566.00","199198.00","--","157368.00","805.00","158173.00","29401.00","128772.00","--","--","128772.00","11599.00","--","140371.00","118771.00","--","10001.00","127617.00","--","12754.00","3.76"
"115/08/21","115","2","3176","基亞","546240.00","237741.00","--","--","308499.00","0.00","2553.00","311052.00","358210.00","--","-47158.00","-13713.00","-60871.00","13162.00","-74033.00","--","--","-74033.00","-19235.00","--","-93268.00","-79132.00","--","5099.00","-82692.00","--","-10576.00","-0.57"
"115/08/21","115","2","3178","公準","661500.00","546667.00","--","--","114833.00","--","--","114833.00","95623.00","--","19210.00","2755.00","21965.00","2404.00","19561.00","--","--","19561.00","998.00","--","20559.00","19221.00","--","340.00","19919.00","--","640.00","0.43"
"115/08/21","115","2","3188","鑫龍騰","2531129.00","1543131.00","--","--","987998.00","--","--","987998.00","173095.00","--","814903.00","-4568.00","810335.00","169402.00","640933.00","--","--","640933.00","--","--","640933.00","640933.00","--","--","640933.00","--","--","3.40"
"115/08/21","115","2","3191","雲嘉南","89956.00","64684.00","--","--","25272.00","--","--","25272.00","36511.00","0.00","-11239.00","1712.00","-9527.00","1718.00","-11245.00","--","--","-11245.00","1578.00","--","-9667.00","-11245.00","--","--","-9667.00","--","--","-0.26"
"115/08/21","115","2","3205","佰研","335238.00","312766.00","--","--","22472.00","--","--","22472.00","27234.00","--","-4762.00","5788.00","1026.00","0.00","1026.00","--","--","1026.00","-42887.00","--","-41861.00","1673.00","--","-647.00","-41214.00","--","-647.00","0.02"
"115/08/21","115","2","3206","志豐","1606949.00","1273573.00","--","--","333376.00","--","--","333376.00","262800.00","--","70576.00","927.00","71503.00","22788.00","48715.00","--","--","48715.00","42446.00","--","91161.00","48372.00","--","343.00","88700.00","--","2461.00","0.82"
"115/08/21","115","2","3207","耀勝","823862.00","673065.00","--","--","150797.00","--","--","150797.00","222729.00","--","-71932.00","36930.00","-35002.00","1224.00","-36226.00","--","--","-36226.00","33993.00","--","-2233.00","-72307.00","--","36081.00","-38275.00","--","36042.00","-1.09"
"115/08/21","115","2","3211","順達","6835813.00","5682496.00","--","--","1153317.00","--","--","1153317.00","507151.00","--","646166.00","-34984.00","611182.00","91158.00","520024.00","--","--","520024.00","166764.00","--","686788.00","520024.00","--","--","686788.00","--","--","3.40"
"115/08/21","115","2","3213","茂訊","1736008.00","1113503.00","--","--","622505.00","--","--","622505.00","177309.00","--","445196.00","37338.00","482534.00","137564.00","344970.00","--","--","344970.00","212641.00","--","557611.00","329540.00","--","15430.00","542181.00","--","15430.00","5.62"
"115/08/21","115","2","3217","優群","1895341.00","981297.00","--","--","914044.00","--","--","914044.00","352952.00","--","561092.00","30350.00","591442.00","123199.00","468243.00","--","--","468243.00","604436.00","--","1072679.00","468243.00","--","--","1072679.00","--","--","5.20"
"115/08/21","115","2","3218","大學光","2216295.00","940777.00","--","--","1275518.00","--","--","1275518.00","593751.00","--","681767.00","-31913.00","649854.00","136247.00","513607.00","--","--","513607.00","115401.00","--","629008.00","507233.00","--","6374.00","618128.00","--","10880.00","5.99"
"115/08/21","115","2","3219","倚強科","1135331.00","349964.00","--","--","785367.00","--","--","785367.00","524341.00","--","261026.00","-14213.00","246813.00","50114.00","196699.00","--","--","196699.00","33140.00","--","229839.00","190620.00","--","6079.00","207331.00","--","22508.00","2.66"
"115/08/21","115","2","3221","台嘉碩","1205467.00","915962.00","--","--","289505.00","--","--","289505.00","211658.00","--","77847.00","28989.00","106836.00","30745.00","76091.00","--","--","76091.00","60225.00","--","136316.00","85580.00","--","-9489.00","144604.00","--","-8288.00","0.82"
"115/08/21","115","2","3224","三顧","827191.00","704360.00","--","--","122831.00","--","--","122831.00","205022.00","--","-82191.00","14422.00","-67769.00","1592.00","-69361.00","--","--","-69361.00","5548.00","--","-63813.00","-6179.00","--","-63182.00","-538.00","--","-63275.00","-0.08"
"115/08/21","115","2","3226","龍鋒","635124.00","600650.00","--","--","34474.00","5112.00","2044.00","31406.00","70489.00","--","-39083.00","19464.00","-19619.00","3771.00","-23390.00","--","--","-23390.00","637.00","--","-22753.00","--","--","--","--","--","--","-0.36"
"115/08/21","115","2","3227","原相","4747618.00","1955998.00","--","--","2791620.00","--","--","2791620.00","1928527.00","--","863093.00","190545.00","1053638.00","160109.00","893529.00","--","--","893529.00","3157469.00","--","4050998.00","899721.00","--","-6192.00","4057190.00","--","-6192.00","6.11"
"115/08/21","115","2","3228","金麗科","171637.00","68843.00","--","--","102794.00","--","--","102794.00","176279.00","--","-73485.00","1868.00","-71617.00","0.00","-71617.00","--","--","-71617.00","-896.00","--","-72513.00","--","--","--","--","--","--","-1.00"
"115/08/21","115","2","3230","錦明","203447.00","195158.00","--","--","8289.00","--","--","8289.00","92598.00","--","-84309.00","-3756.00","-88065.00","-215.00","-87850.00","--","--","-87850.00","16577.00","--","-71273.00","-87850.00","--","--","-71273.00","--","--","-1.03"
"115/08/21","115","2","3232","昱捷","508897.00","421281.00","--","--","87616.00","--","--","87616.00","70124.00","--","17492.00","3964.00","21456.00","3953.00","17503.00","--","--","17503.00","6499.00","--","24002.00","17503.00","--","--","24002.00","--","0.00","0.38"
"115/08/21","115","2","3234","光環","378996.00","322205.00","--","--","56791.00","202.00","354.00","56943.00","113864.00","--","-56921.00","2785.00","-54136.00","0.00","-54136.00","--","--","-54136.00","3393.00","--","-50743.00","-53155.00","--","-981.00","-49762.00","--","-981.00","-0.48"
"115/08/21","115","2","3236","千如","1160957.00","876984.00","--","--","283973.00","--","--","283973.00","231397.00","--","52576.00","-7753.00","44823.00","23389.00","21434.00","--","--","21434.00","231823.00","--","253257.00","21434.00","--","--","253257.00","--","--","0.20"
"115/08/21","115","2","3252","海灣","254868.00","148364.00","--","--","106504.00","--","--","106504.00","69311.00","--","37193.00","-29287.00","7906.00","1662.00","6244.00","--","--","6244.00","0.00","--","6244.00","-7108.00","--","13352.00","-7108.00","--","13352.00","-0.14"
"115/08/21","115","2","3259","鑫創","105167.00","92154.00","--","--","13013.00","--","--","13013.00","96842.00","--","-83829.00","-1693.00","-85522.00","--","-85522.00","--","--","-85522.00","--","--","-85522.00","--","--","--","--","--","--","-1.17"
"115/08/21","115","2","3260","威剛","64242687.00","33643820.00","--","--","30598867.00","345.00","--","30598522.00","5553728.00","--","25044794.00","1523881.00","26568675.00","5826556.00","20742119.00","--","--","20742119.00","371731.00","--","21113850.00","19936408.00","--","805711.00","20214659.00","--","899191.00","62.46"
"115/08/21","115","2","3264","欣銓","8517069.00","5168181.00","--","--","3348888.00","--","--","3348888.00","875008.00","--","2473880.00","148799.00","2622679.00","542486.00","2080193.00","--","--","2080193.00","67363.00","--","2147556.00","2080193.00","--","--","2147556.00","--","--","4.39"
"115/08/21","115","2","3265","台星科","2715381.00","1967927.00","--","--","747454.00","--","--","747454.00","152652.00","--","594802.00","40615.00","635417.00","110602.00","524815.00","--","--","524815.00","-11404.00","--","513411.00","524815.00","--","--","513411.00","--","--","3.85"
"115/08/21","115","2","3268","海德威","515222.00","479944.00","--","--","35278.00","--","--","35278.00","42435.00","--","-7157.00","2344.00","-4813.00","-809.00","-4004.00","--","--","-4004.00","19249.00","--","15245.00","-4004.00","--","--","15245.00","--","--","-0.12"
"115/08/21","115","2","3272","東碩","1367343.00","1289182.00","--","--","78161.00","--","--","78161.00","272329.00","--","-194168.00","-34254.00","-228422.00","14224.00","-242646.00","--","--","-242646.00","156575.00","--","-86071.00","-242646.00","--","--","-86071.00","--","--","-4.05"
"115/08/21","115","2","3276","宇環","330834.00","321843.00","--","--","8991.00","--","--","8991.00","44365.00","--","-35374.00","31307.00","-4067.00","1904.00","-5971.00","--","--","-5971.00","34897.00","--","28926.00","3844.00","--","-9815.00","38741.00","--","-9815.00","0.06"
"115/08/21","115","2","3284","太普高","420188.00","327093.00","--","--","93095.00","--","--","93095.00","54117.00","--","38978.00","56981.00","95959.00","18005.00","77954.00","--","--","77954.00","-9717.00","--","68237.00","77727.00","--","227.00","73903.00","--","-5666.00","0.72"
"115/08/21","115","2","3285","微端","558519.00","424263.00","--","--","134256.00","--","--","134256.00","90838.00","--","43418.00","8424.00","51842.00","10227.00","41615.00","--","--","41615.00","4947.00","--","46562.00","39049.00","--","2566.00","43715.00","--","2847.00","0.91"
"115/08/21","115","2","3287","廣寰科","434235.00","251189.00","--","--","183046.00","--","--","183046.00","111970.00","--","71076.00","217404.00","288480.00","12620.00","275860.00","--","--","275860.00","-832.00","--","275028.00","258550.00","--","17310.00","257718.00","--","17310.00","5.88"
"115/08/21","115","2","3288","點晶","38994.00","10225.00","--","--","28769.00","--","--","28769.00","31073.00","--","-2304.00","1524.00","-780.00","0.00","-780.00","--","--","-780.00","-1615.00","--","-2395.00","-777.00","--","-3.00","-2392.00","--","-3.00","-0.05"
"115/08/21","115","2","3289","宜特","2266979.00","1770599.00","--","--","496380.00","--","--","496380.00","499302.00","--","-2922.00","252116.00","249194.00","-10440.00","259634.00","--","--","259634.00","41118.00","--","300752.00","266675.00","--","-7041.00","307793.00","--","-7041.00","3.08"
"115/08/21","115","2","3290","東浦","1857587.00","1439455.00","--","--","418132.00","--","--","418132.00","416043.00","--","2089.00","359917.00","362006.00","-1024.00","363030.00","--","--","363030.00","61874.00","--","424904.00","363030.00","--","--","424904.00","--","--","4.02"
"115/08/21","115","2","3293","鈊象","12678167.00","276245.00","--","--","12401922.00","--","--","12401922.00","4915957.00","--","7485965.00","310138.00","7796103.00","1378674.00","6417429.00","--","--","6417429.00","-213511.00","--","6203918.00","6417672.00","--","-243.00","6204009.00","--","-91.00","22.77"
"115/08/21","115","2","3294","英濟","1466436.00","1348192.00","--","--","118244.00","--","--","118244.00","297239.00","--","-178995.00","101892.00","-77103.00","3262.00","-80365.00","--","--","-80365.00","95805.00","--","15440.00","-71592.00","--","-8773.00","24213.00","--","-8773.00","-0.54"
"115/08/21","115","2","3297","杭特","115570.00","73360.00","--","--","42210.00","--","--","42210.00","51022.00","--","-8812.00","33463.00","24651.00","-177.00","24828.00","--","--","24828.00","0.00","--","24828.00","24828.00","--","--","24828.00","--","--","0.69"
"115/08/21","115","2","3303","岱稜","1753568.00","1109576.00","--","--","643992.00","--","--","643992.00","345517.00","--","298475.00","19139.00","317614.00","87433.00","230181.00","--","--","230181.00","3792.00","--","233973.00","224426.00","--","5755.00","228218.00","--","5755.00","2.40"
"115/08/21","115","2","3306","鼎天","545194.00","409271.00","--","--","135923.00","--","--","135923.00","133019.00","930.00","3834.00","6641.00","10475.00","450.00","10025.00","--","--","10025.00","805722.00","--","815747.00","--","--","--","--","--","--","0.20"
"115/08/21","115","2","3310","佳穎","1115146.00","862729.00","--","--","252417.00","--","--","252417.00","141179.00","--","111238.00","21164.00","132402.00","14686.00","117716.00","--","--","117716.00","11554.00","--","129270.00","119126.00","--","-1410.00","130680.00","--","-1410.00","1.59"
"115/08/21","115","2","3313","斐成","19177.00","14563.00","--","--","4614.00","--","--","4614.00","26253.00","--","-21639.00","13618.00","-8021.00","261.00","-8282.00","--","--","-8282.00","--","--","-8282.00","-8278.00","--","-4.00","-8278.00","--","-4.00","-0.04"
"115/08/21","115","2","3317","尼克森","1434461.00","1016996.00","--","--","417465.00","--","--","417465.00","233844.00","--","183621.00","1071.00","184692.00","41888.00","142804.00","--","--","142804.00","541.00","--","143345.00","140409.00","--","2395.00","140950.00","--","2395.00","1.56"
"115/08/21","115","2","3322","建舜電","1613890.00","1454047.00","--","--","159843.00","--","--","159843.00","280276.00","--","-120433.00","-25552.00","-145985.00","0.00","-145985.00","--","--","-145985.00","-12412.00","--","-158397.00","-145985.00","--","0.00","-158397.00","--","0.00","-1.13"
"115/08/21","115","2","3323","加百裕","2173727.00","1987897.00","--","--","185830.00","--","--","185830.00","303830.00","--","-118000.00","17317.00","-100683.00","494.00","-101177.00","--","--","-101177.00","1137.00","--","-100040.00","-96286.00","--","-4891.00","-95149.00","--","-4891.00","-0.97"
"115/08/21","115","2","3324","雙鴻","17251778.00","12242784.00","--","--","5008994.00","--","--","5008994.00","2099071.00","--","2909923.00","-22684.00","2887239.00","582919.00","2304320.00","--","--","2304320.00","-35321.00","--","2268999.00","2132961.00","--","171359.00","2090685.00","--","178314.00","23.01"
"115/08/21","115","2","3325","旭品","368481.00","408149.00","--","--","-39668.00","--","--","-39668.00","92409.00","--","-132077.00","-28476.00","-160553.00","3963.00","-164516.00","--","--","-164516.00","29152.00","--","-135364.00","-146838.00","--","-17678.00","-115374.00","--","-19990.00","-1.35"
"115/08/21","115","2","3332","幸康","951704.00","615219.00","--","--","336485.00","--","--","336485.00","234393.00","--","102092.00","45475.00","147567.00","25830.00","121737.00","--","--","121737.00","26448.00","--","148185.00","121737.00","--","--","148185.00","--","--","2.53"
"115/08/21","115","2","3339","泰谷","412272.00","398266.00","--","--","14006.00","--","--","14006.00","163710.00","--","-149704.00","-16644.00","-166348.00","0.00","-166348.00","--","--","-166348.00","--","--","-166348.00","-166555.00","--","207.00","-166555.00","--","207.00","-2.61"
"115/08/21","115","2","3349","寶德","191018.00","178774.00","--","--","12244.00","--","--","12244.00","57028.00","--","-44784.00","8845.00","-35939.00","-238.00","-35701.00","--","--","-35701.00","-3423.00","--","-39124.00","-35701.00","--","--","-39124.00","--","--","-0.77"
"115/08/21","115","2","3354","律勝","65018.00","43791.00","--","--","21227.00","--","--","21227.00","49095.00","--","-27868.00","9839.00","-18029.00","1981.00","-20010.00","--","--","-20010.00","4801.00","--","-15209.00","-20010.00","--","--","-15209.00","--","--","-0.29"
"115/08/21","115","2","3357","臺慶科","3913502.00","2742498.00","--","--","1171004.00","2428.00","1598.00","1170174.00","535867.00","--","634307.00","217586.00","851893.00","133342.00","718551.00","--","--","718551.00","1575184.00","--","2293735.00","727256.00","--","-8705.00","2301541.00","--","-7806.00","6.33"
"115/08/21","115","2","3360","尚立","5250465.00","5085576.00","--","--","164889.00","--","--","164889.00","141515.00","--","23374.00","-25252.00","-1878.00","6463.00","-8341.00","--","--","-8341.00","1518.00","--","-6823.00","1497.00","--","-9838.00","3075.00","--","-9898.00","0.02"
"115/08/21","115","2","3362","先進光","2058158.00","1833815.00","--","--","224343.00","--","--","224343.00","537389.00","--","-313046.00","-4217.00","-317263.00","-47898.00","-269365.00","--","--","-269365.00","33545.00","--","-235820.00","-269077.00","--","-288.00","-235431.00","--","-389.00","-1.88"
"115/08/21","115","2","3363","上詮","811157.00","802981.00","--","--","8176.00","--","--","8176.00","256226.00","--","-248050.00","85508.00","-162542.00","-30645.00","-131897.00","--","--","-131897.00","2647.00","--","-129250.00","-131897.00","--","--","-129250.00","--","--","-1.18"
"115/08/21","115","2","3372","典範","648001.00","628452.00","--","--","19549.00","--","--","19549.00","45563.00","--","-26014.00","7613.00","-18401.00","0.00","-18401.00","--","--","-18401.00","--","--","-18401.00","--","--","--","--","--","--","-0.10"
"115/08/21","115","2","3373","熱映","213998.00","178485.00","--","--","35513.00","--","--","35513.00","64334.00","--","-28821.00","8564.00","-20257.00","-3767.00","-16490.00","--","--","-16490.00","14471.00","--","-2019.00","-16490.00","--","--","-2019.00","--","--","-0.35"
"115/08/21","115","2","3374","精材","4098395.00","2926628.00","--","--","1171767.00","--","--","1171767.00","262642.00","29427.00","938552.00","24611.00","963163.00","182421.00","780742.00","--","--","780742.00","--","--","780742.00","--","--","--","--","--","--","2.88"
"115/08/21","115","2","3379","彬台","298847.00","233705.00","--","--","65142.00","--","--","65142.00","89194.00","--","-24052.00","4727.00","-19325.00","16016.00","-35341.00","--","--","-35341.00","6799.00","--","-28542.00","-35341.00","--","--","-28542.00","--","--","-0.93"
"115/08/21","115","2","3388","崇越電","4385264.00","3494456.00","--","--","890808.00","--","--","890808.00","533266.00","--","357542.00","26078.00","383620.00","116884.00","266736.00","--","--","266736.00","127622.00","--","394358.00","254609.00","--","12127.00","381277.00","--","13081.00","3.41"
"115/08/21","115","2","3390","旭軟","486816.00","423069.00","--","--","63747.00","--","--","63747.00","76944.00","--","-13197.00","-25970.00","-39167.00","152.00","-39319.00","--","--","-39319.00","82967.00","--","43648.00","-39319.00","--","--","43648.00","--","--","-0.50"
"115/08/21","115","2","3402","漢科","2944266.00","2324448.00","--","--","619818.00","--","--","619818.00","274749.00","--","345069.00","1384.00","346453.00","80642.00","265811.00","--","--","265811.00","25412.00","--","291223.00","265811.00","--","--","291223.00","--","--","3.64"
"115/08/21","115","2","3430","奇鈦科","972559.00","737070.00","--","--","235489.00","--","--","235489.00","123011.00","--","112478.00","10169.00","122647.00","32211.00","90436.00","--","--","90436.00","8226.00","--","98662.00","90436.00","--","--","98662.00","--","--","2.68"
"115/08/21","115","2","3434","哲固","256215.00","205632.00","--","--","50583.00","--","--","50583.00","48631.00","--","1952.00","5975.00","7927.00","1585.00","6342.00","--","--","6342.00","51.00","--","6393.00","6342.00","--","--","6393.00","--","--","0.18"
"115/08/21","115","2","3438","類比科","448223.00","276222.00","--","--","172001.00","--","--","172001.00","160149.00","--","11852.00","22614.00","34466.00","4928.00","29538.00","--","--","29538.00","660778.00","--","690316.00","--","--","--","--","--","--","0.63"
"115/08/21","115","2","3441","聯一光電","255240.00","167797.00","--","--","87443.00","--","--","87443.00","43498.00","--","43945.00","20450.00","64395.00","16793.00","47602.00","--","--","47602.00","16424.00","--","64026.00","46399.00","--","1203.00","62199.00","--","1827.00","1.16"
"115/08/21","115","2","3444","利機","653233.00","524497.00","--","--","128736.00","--","--","128736.00","103376.00","--","25360.00","30719.00","56079.00","8854.00","47225.00","--","--","47225.00","4065.00","--","51290.00","47225.00","--","--","51290.00","--","--","1.05"
"115/08/21","115","2","3455","由田","502712.00","216683.00","--","--","286029.00","--","--","286029.00","373773.00","--","-87744.00","37750.00","-49994.00","-23855.00","-26139.00","--","--","-26139.00","68040.00","--","41901.00","-26139.00","--","--","41901.00","--","--","-0.44"
"115/08/21","115","2","3465","進泰電子","954129.00","836642.00","--","--","117487.00","--","--","117487.00","175921.00","--","-58434.00","15078.00","-43356.00","-1077.00","-42279.00","--","--","-42279.00","16896.00","--","-25383.00","-25878.00","--","-16401.00","-10961.00","--","-14422.00","-0.73"
"115/08/21","115","2","3466","德晉","136568.00","124021.00","--","--","12547.00","--","--","12547.00","83056.00","--","-70509.00","24660.00","-45849.00","72.00","-45921.00","--","--","-45921.00","4904.00","--","-41017.00","-45921.00","--","--","-41017.00","--","--","-0.59"
"115/08/21","115","2","3467","台灣精材","374815.00","282082.00","--","--","92733.00","--","--","92733.00","63674.00","--","29059.00","1922.00","30981.00","6150.00","24831.00","--","--","24831.00","--","--","24831.00","--","--","--","--","--","--","0.80"
"115/08/21","115","2","3479","安勤","4574828.00","3384835.00","--","--","1189993.00","0.00","0.00","1189993.00","812765.00","0.00","377228.00","43370.00","420598.00","110299.00","310299.00","--","--","310299.00","25162.00","--","335461.00","285918.00","--","24381.00","306607.00","0.00","28854.00","3.95"
"115/08/21","115","2","3483","力致","4240984.00","3540977.00","--","--","700007.00","--","--","700007.00","681145.00","--","18862.00","81807.00","100669.00","33207.00","67462.00","--","--","67462.00","162664.00","--","230126.00","67462.00","--","--","230126.00","--","--","0.69"
"115/08/21","115","2","3484","崧騰","2286420.00","1798225.00","--","--","488195.00","--","--","488195.00","336402.00","--","151793.00","4620.00","156413.00","52273.00","104140.00","--","--","104140.00","81626.00","--","185766.00","102336.00","--","1804.00","183432.00","--","2334.00","1.30"
"115/08/21","115","2","3485","敘豐","297848.00","142624.00","--","--","155224.00","--","--","155224.00","53229.00","--","101995.00","29064.00","131059.00","26911.00","104148.00","--","--","104148.00","4952.00","--","109100.00","104148.00","--","--","109100.00","--","--","2.93"
"115/08/21","115","2","3489","森寶","513051.00","489389.00","--","--","23662.00","--","--","23662.00","14259.00","104.00","9507.00","-1367.00","8140.00","5518.00","2622.00","--","--","2622.00","--","--","2622.00","2622.00","0.00","0.00","2622.00","0.00","0.00","0.03"
"115/08/21","115","2","3490","單井","121087.00","101085.00","--","--","20002.00","--","--","20002.00","51353.00","--","-31351.00","391424.00","360073.00","22014.00","338059.00","--","--","338059.00","11644.00","--","349703.00","338059.00","--","--","349703.00","--","--","6.15"
"115/08/21","115","2","3491","昇達科","1922184.00","829153.00","--","--","1093031.00","--","--","1093031.00","537944.00","--","555087.00","119076.00","674163.00","113197.00","560966.00","--","--","560966.00","162833.00","--","723799.00","560965.00","--","1.00","723798.00","--","1.00","8.15"
"115/08/21","115","2","3492","長盛","432954.00","315275.00","--","--","117679.00","0.00","0.00","117679.00","95011.00","--","22668.00","2697.00","25365.00","7109.00","18256.00","--","--","18256.00","11639.00","--","29895.00","18256.00","0.00","0.00","29895.00","0.00","0.00","0.51"
"115/08/21","115","2","3498","陽程","1065066.00","621597.00","--","--","443469.00","--","--","443469.00","213459.00","--","230010.00","19652.00","249662.00","52918.00","196744.00","--","--","196744.00","54809.00","--","251553.00","197113.00","--","-369.00","251979.00","--","-426.00","3.26"
"115/08/21","115","2","3499","環天科","146791.00","119600.00","--","--","27191.00","--","--","27191.00","75598.00","--","-48407.00","103.00","-48304.00","-2577.00","-45727.00","--","--","-45727.00","6531.00","--","-39196.00","-45727.00","0.00","0.00","-39196.00","--","0.00","-0.83"
"115/08/21","115","2","3508","位速","459827.00","410959.00","--","--","48868.00","--","--","48868.00","120552.00","--","-71684.00","40230.00","-31454.00","9387.00","-40841.00","--","--","-40841.00","-2310.00","--","-43151.00","-34961.00","--","-5880.00","-37654.00","--","-5497.00","-0.34"
"115/08/21","115","2","3511","矽瑪","930872.00","794706.00","--","--","136166.00","--","--","136166.00","177047.00","--","-40881.00","-1796.00","-42677.00","531.00","-43208.00","--","--","-43208.00","7008.00","--","-36200.00","-33122.00","--","-10086.00","-26114.00","--","-10086.00","-0.41"
"115/08/21","115","2","3512","皇龍","272699.00","161921.00","--","--","110778.00","--","--","110778.00","51007.00","--","59771.00","-229.00","59542.00","8242.00","51300.00","--","--","51300.00","--","--","51300.00","51300.00","--","--","51300.00","--","--","0.45"
"115/08/21","115","2","3516","亞帝歐","568167.00","444523.00","--","--","123644.00","--","--","123644.00","100290.00","--","23354.00","21701.00","45055.00","8463.00","36592.00","--","--","36592.00","33704.00","--","70296.00","25893.00","--","10699.00","59597.00","--","10699.00","0.43"
"115/08/21","115","2","3520","華盈","626931.00","557050.00","--","--","69881.00","--","--","69881.00","74595.00","--","-4714.00","-9624.00","-14338.00","-1962.00","-12376.00","--","--","-12376.00","8173.00","--","-4203.00","-12376.00","--","0.00","-4203.00","--","0.00","-0.18"
"115/08/21","115","2","3521","台鋼建設","11523.00","16004.00","--","--","-4481.00","--","--","-4481.00","38393.00","--","-42874.00","336994.00","294120.00","-12566.00","306686.00","--","--","306686.00","-23689.00","--","282997.00","306686.00","--","--","282997.00","--","--","1.96"
"115/08/21","115","2","3522","御嵿","684440.00","344917.00","--","--","339523.00","--","--","339523.00","381766.00","--","-42243.00","-12966.00","-55209.00","721.00","-55930.00","--","--","-55930.00","-389.00","--","-56319.00","-49369.00","--","-6561.00","-49758.00","--","-6561.00","-0.49"
"115/08/21","115","2","3523","迎輝","40969.00","60958.00","--","--","-19989.00","--","--","-19989.00","35942.00","--","-55931.00","-153.00","-56084.00","488.00","-56572.00","--","--","-56572.00","0.00","--","-56572.00","-56887.00","--","315.00","-56887.00","--","315.00","-0.89"
"115/08/21","115","2","3526","凡甲","2311896.00","1180820.00","--","--","1131076.00","--","--","1131076.00","406387.00","--","724689.00","-1119.00","723570.00","125156.00","598414.00","--","--","598414.00","190828.00","--","789242.00","598414.00","--","0.00","789242.00","--","0.00","9.08"
"115/08/21","115","2","3527","聚積","732704.00","440033.00","--","--","292671.00","--","--","292671.00","292628.00","--","43.00","18021.00","18064.00","11296.00","6768.00","--","--","6768.00","25626.00","--","32394.00","6768.00","--","--","32394.00","--","--","0.15"
"115/08/21","115","2","3529","力旺","2190620.00","0.00","--","--","2190620.00","--","--","2190620.00","862136.00","--","1328484.00","58454.00","1386938.00","176030.00","1210908.00","--","--","1210908.00","226.00","--","1211134.00","1176041.00","--","34867.00","1176167.00","--","34967.00","15.75"
"115/08/21","115","2","3531","先益","530995.00","439493.00","--","--","91502.00","--","--","91502.00","112210.00","--","-20708.00","40110.00","19402.00","10766.00","8636.00","--","--","8636.00","28560.00","--","37196.00","10094.00","--","-1458.00","38654.00","--","-1458.00","0.17"
"115/08/21","115","2","3537","堡達","1531944.00","1297848.00","--","--","234096.00","--","-260.00","233836.00","101547.00","--","132289.00","17123.00","149412.00","29918.00","119494.00","--","--","119494.00","8416.00","--","127910.00","119494.00","--","--","127910.00","--","--","2.13"
"115/08/21","115","2","3540","曜越","2285267.00","1616053.00","--","--","669214.00","550.00","--","668664.00","663749.00","0.00","4915.00","-2354.00","2561.00","-2587.00","5148.00","--","--","5148.00","28610.00","--","33758.00","11830.00","--","-6682.00","40440.00","--","-6682.00","0.16"
"115/08/21","115","2","3541","西柏","501879.00","322436.00","--","--","179443.00","--","--","179443.00","184815.00","--","-5372.00","12055.00","6683.00","-367.00","7050.00","--","--","7050.00","90.00","--","7140.00","7050.00","--","--","7140.00","--","--","0.13"
"115/08/21","115","2","3546","宇峻","931901.00","118986.00","--","--","812915.00","--","--","812915.00","589908.00","--","223007.00","23922.00","246929.00","44401.00","202528.00","--","--","202528.00","-29713.00","--","172815.00","202528.00","--","--","172815.00","--","--","3.30"
"115/08/21","115","2","3548","兆利","4066277.00","3766390.00","--","--","299887.00","--","--","299887.00","418437.00","--","-118550.00","7407.00","-111143.00","10629.00","-121772.00","--","--","-121772.00","181525.00","--","59753.00","-121772.00","--","--","59753.00","--","--","-1.80"
"115/08/21","115","2","3551","世禾","1672323.00","1028889.00","--","--","643434.00","--","--","643434.00","282868.00","--","360566.00","55070.00","415636.00","82322.00","333314.00","--","--","333314.00","74285.00","--","407599.00","333314.00","--","--","407599.00","--","--","5.40"
"115/08/21","115","2","3552","同致","3891209.00","3326670.00","--","--","564539.00","--","--","564539.00","787795.00","--","-223256.00","76994.00","-146262.00","3674.00","-149936.00","--","--","-149936.00","160361.00","--","10425.00","-149936.00","--","--","10425.00","--","--","-1.53"
"115/08/21","115","2","3555","博士旺","451376.00","232109.00","--","--","219267.00","--","--","219267.00","104383.00","--","114884.00","162677.00","277561.00","0.00","277561.00","--","--","277561.00","-130.00","--","277431.00","274612.00","--","2949.00","274545.00","--","2886.00","6.87"
"115/08/21","115","2","3556","禾瑞亞","628281.00","317126.00","--","--","311155.00","--","--","311155.00","201093.00","--","110062.00","66957.00","177019.00","28002.00","149017.00","--","--","149017.00","384.00","--","149401.00","151404.00","--","-2387.00","151636.00","--","-2235.00","2.38"
"115/08/21","115","2","3558","神準","6627594.00","5537312.00","--","--","1090282.00","--","--","1090282.00","1075862.00","61639.00","76059.00","24546.00","100605.00","25537.00","75068.00","--","--","75068.00","4729.00","--","79797.00","47841.00","--","27227.00","52662.00","--","27135.00","0.81"
"115/08/21","115","2","3564","其陽","1368161.00","1033593.00","--","--","334568.00","--","--","334568.00","322512.00","--","12056.00","-8356.00","3700.00","1149.00","2551.00","--","--","2551.00","6809.00","--","9360.00","2551.00","--","--","9360.00","--","--","0.04"
"115/08/21","115","2","3567","逸昌","133346.00","94979.00","--","--","38367.00","--","--","38367.00","22723.00","--","15644.00","2239.00","17883.00","3549.00","14334.00","--","--","14334.00","--","--","14334.00","--","--","--","--","--","--","0.42"
"115/08/21","115","2","3570","大塚","1432229.00","1041888.00","--","--","390341.00","--","--","390341.00","215782.00","--","174559.00","1606.00","176165.00","38518.00","137647.00","--","--","137647.00","6211.00","--","143858.00","137647.00","--","--","143858.00","--","--","8.05"
"115/08/21","115","2","3577","泓格","839172.00","343554.00","--","--","495618.00","--","--","495618.00","242804.00","1148.00","253962.00","4959.00","258921.00","48916.00","210005.00","--","--","210005.00","6018.00","--","216023.00","210005.00","--","--","216023.00","--","--","3.28"
"115/08/21","115","2","3580","友威科","189510.00","98071.00","--","--","91439.00","--","--","91439.00","61245.00","--","30194.00","4748.00","34942.00","9402.00","25540.00","--","--","25540.00","28499.00","--","54039.00","25540.00","--","--","54039.00","--","--","0.65"
"115/08/21","115","2","3581","博磊","844905.00","568656.00","--","--","276249.00","--","--","276249.00","224235.00","--","52014.00","35720.00","87734.00","17944.00","69790.00","--","--","69790.00","3454.00","--","73244.00","47726.00","--","22064.00","51180.00","--","22064.00","0.94"
"115/08/21","115","2","3587","閎康","3068042.00","2071713.00","--","--","996329.00","--","--","996329.00","543105.00","--","453224.00","36354.00","489578.00","282868.00","206710.00","--","--","206710.00","150405.00","--","357115.00","206710.00","--","0.00","357115.00","--","0.00","2.99"
"115/08/21","115","2","3594","磐儀","1231600.00","801198.00","--","--","430402.00","--","--","430402.00","428026.00","--","2376.00","16215.00","18591.00","-4807.00","23398.00","--","--","23398.00","35153.00","--","58551.00","35724.00","--","-12326.00","63504.00","--","-4953.00","0.37"
"115/08/21","115","2","3597","映興","451377.00","344387.00","--","--","106990.00","--","--","106990.00","82487.00","--","24503.00","-2874.00","21629.00","7967.00","13662.00","--","--","13662.00","8384.00","--","22046.00","13662.00","--","--","22046.00","--","--","0.35"
"115/08/21","115","2","3609","三一東林","180373.00","132319.00","--","--","48054.00","--","--","48054.00","116829.00","--","-68775.00","-5303.00","-74078.00","-2102.00","-71976.00","--","--","-71976.00","-1305.00","--","-73281.00","-71976.00","--","--","-73281.00","--","--","-1.88"
"115/08/21","115","2","3611","鼎翰","5909403.00","3989059.00","--","--","1920344.00","--","--","1920344.00","1372903.00","--","547441.00","38195.00","585636.00","125575.00","460061.00","--","--","460061.00","995469.00","--","1455530.00","459828.00","--","233.00","1455572.00","--","-42.00","9.67"
"115/08/21","115","2","3615","安可","372818.00","301709.00","--","--","71109.00","--","--","71109.00","114201.00","--","-43092.00","202812.00","159720.00","4932.00","154788.00","--","--","154788.00","-11128.00","--","143660.00","148441.00","--","6347.00","137313.00","--","6347.00","2.17"
"115/08/21","115","2","3623","富晶通","133069.00","129811.00","--","--","3258.00","--","--","3258.00","14801.00","--","-11543.00","31502.00","19959.00","1310.00","18649.00","--","--","18649.00","1991.00","--","20640.00","--","--","--","--","--","--","0.64"
"115/08/21","115","2","3624","光頡","1622899.00","1121526.00","--","--","501373.00","--","--","501373.00","239311.00","--","262062.00","30538.00","292600.00","72239.00","220361.00","--","--","220361.00","18216.00","--","238577.00","218486.00","--","1875.00","236389.00","--","2188.00","1.86"
"115/08/21","115","2","3625","西勝","221658.00","190153.00","--","--","31505.00","--","--","31505.00","108287.00","--","-76782.00","30068.00","-46714.00","-114.00","-46600.00","--","--","-46600.00","7708.00","--","-38892.00","-46600.00","--","--","-38892.00","--","--","-0.42"
"115/08/21","115","2","3628","盈正","1749193.00","1241782.00","--","--","507411.00","--","--","507411.00","413128.00","--","94283.00","1101.00","95384.00","51507.00","43877.00","--","--","43877.00","18209.00","--","62086.00","43805.00","--","72.00","61994.00","--","92.00","0.97"
"115/08/21","115","2","3629","地心引力","21176.00","14155.00","--","--","7021.00","--","--","7021.00","15307.00","--","-8286.00","570.00","-7716.00","--","-7716.00","--","--","-7716.00","203.00","--","-7513.00","-7716.00","--","--","-7513.00","--","--","-0.23"
"115/08/21","115","2","3630","新鉅科","1247923.00","1083003.00","--","--","164920.00","--","--","164920.00","336907.00","--","-171987.00","18992.00","-152995.00","0.00","-152995.00","--","--","-152995.00","28115.00","--","-124880.00","-152995.00","--","--","-124880.00","--","--","-0.75"
"115/08/21","115","2","3631","晟楠","18072.00","15053.00","--","--","3019.00","--","--","3019.00","56103.00","--","-53084.00","18058.00","-35026.00","3673.00","-38699.00","--","--","-38699.00","22738.00","--","-15961.00","-28807.00","--","-9892.00","-6069.00","--","-9892.00","-0.35"
"115/08/21","115","2","3632","研勤","142768.00","61547.00","--","--","81221.00","--","--","81221.00","83541.00","--","-2320.00","-1875.00","-4195.00","1238.00","-5433.00","--","--","-5433.00","497.00","--","-4936.00","-4639.00","--","-794.00","-4088.00","--","-848.00","-0.11"
"115/08/21","115","2","3646","艾恩特","382981.00","290093.00","--","--","92888.00","--","--","92888.00","89308.00","--","3580.00","-15324.00","-11744.00","5257.00","-17001.00","--","--","-17001.00","21542.00","--","4541.00","-17001.00","--","--","4541.00","--","--","-0.43"
"115/08/21","115","2","3663","鑫科","4095477.00","3912628.00","--","--","182849.00","--","--","182849.00","118057.00","--","64792.00","-21304.00","43488.00","11343.00","32145.00","--","--","32145.00","1341131.00","--","1373276.00","30722.00","--","1423.00","1350216.00","--","23060.00","0.28"
"115/08/21","115","2","3666","光耀","249921.00","282045.00","--","--","-32124.00","--","--","-32124.00","79027.00","--","-111151.00","19260.00","-91891.00","0.00","-91891.00","--","--","-91891.00","-1272.00","--","-93163.00","-91891.00","--","--","-93163.00","--","--","-0.68"
"115/08/21","115","2","3672","康聯訊","108428.00","68949.00","--","--","39479.00","--","--","39479.00","72517.00","--","-33038.00","264.00","-32774.00","727.00","-33501.00","--","--","-33501.00","-2074.00","--","-35575.00","-33577.00","--","76.00","-35644.00","--","69.00","-0.82"
"115/08/21","115","2","3675","德微","1485502.00","896734.00","--","--","588768.00","--","--","588768.00","345288.00","--","243480.00","1453.00","244933.00","46541.00","198392.00","--","--","198392.00","2659.00","--","201051.00","186221.00","--","12171.00","188880.00","--","12171.00","3.51"
"115/08/21","115","2","3680","家登","4179817.00","2372926.00","--","--","1806891.00","--","--","1806891.00","1115409.00","--","691482.00","335779.00","1027261.00","135262.00","891999.00","--","--","891999.00","2161086.00","--","3053085.00","776702.00","--","115297.00","2900831.00","--","152254.00","8.09"
"115/08/21","115","2","3684","榮昌","586056.00","386660.00","--","--","199396.00","--","--","199396.00","130100.00","--","69296.00","-3401.00","65895.00","11991.00","53904.00","--","--","53904.00","3970.00","--","57874.00","53904.00","--","--","57874.00","--","--","1.78"
"115/08/21","115","2","3685","元創精密","723397.00","554142.00","--","--","169255.00","--","--","169255.00","92464.00","--","76791.00","4405.00","81196.00","21734.00","59462.00","--","--","59462.00","21526.00","--","80988.00","16748.00","--","42714.00","27596.00","--","53392.00","0.21"
"115/08/21","115","2","3687","歐買尬","987324.00","588981.00","--","--","398343.00","--","--","398343.00","225159.00","--","173184.00","24504.00","197688.00","60279.00","137409.00","--","--","137409.00","-8064.00","--","129345.00","18036.00","--","119373.00","16049.00","--","113296.00","0.60"
"115/08/21","115","2","3689","湧德","4144932.00","2918265.00","--","--","1226667.00","--","--","1226667.00","710627.00","--","516040.00","13365.00","529405.00","115937.00","413468.00","--","--","413468.00","122319.00","--","535787.00","399351.00","--","14117.00","520607.00","--","15180.00","4.47"
"115/08/21","115","2","3691","碩禾","5149797.00","4411308.00","--","--","738489.00","--","--","738489.00","478458.00","--","260031.00","155908.00","415939.00","65698.00","350241.00","--","--","350241.00","-84827.00","--","265414.00","307051.00","--","43190.00","251051.00","--","14363.00","3.34"
"115/08/21","115","2","3693","營邦","4096640.00","3024717.00","--","--","1071923.00","--","--","1071923.00","651363.00","--","420560.00","55650.00","476210.00","95404.00","380806.00","--","--","380806.00","13061.00","--","393867.00","372114.00","--","8692.00","384010.00","--","9857.00","8.66"
"115/08/21","115","2","3707","漢磊","3329828.00","3049401.00","--","--","280427.00","--","--","280427.00","352941.00","--","-72514.00","36288.00","-36226.00","66188.00","-102414.00","--","--","-102414.00","-1108.00","--","-103522.00","-224159.00","--","121745.00","-225192.00","--","121670.00","-0.57"
"115/08/21","115","2","3709","鑫聯大投控","27412574.00","25629806.00","--","--","1782768.00","--","--","1782768.00","666009.00","--","1116759.00","10387.00","1127146.00","306171.00","820975.00","--","--","820975.00","62546.00","--","883521.00","821169.00","--","-194.00","885036.00","--","-1515.00","6.54"
"115/08/21","115","2","3710","連展投控","3836094.00","3147369.00","--","--","688725.00","--","--","688725.00","889063.00","--","-200338.00","-167773.00","-368111.00","13169.00","-381280.00","--","--","-381280.00","145517.00","--","-235763.00","-404412.00","--","23132.00","-269424.00","--","33661.00","-1.41"
"115/08/21","115","2","3713","新晶投控","238043.00","179903.00","--","--","58140.00","--","211.00","58351.00","47367.00","0.00","10984.00","-22311.00","-11327.00","4334.00","-15661.00","--","--","-15661.00","1.00","--","-15660.00","-17422.00","--","1761.00","-17421.00","--","1761.00","-0.20"
"115/08/21","115","2","4102","永日","276030.00","209155.00","--","--","66875.00","--","--","66875.00","59909.00","--","6966.00","1402.00","8368.00","979.00","7389.00","--","--","7389.00","5241.00","--","12630.00","5665.00","--","1724.00","10906.00","--","1724.00","0.13"
"115/08/21","115","2","4105","東洋","3172151.00","1290202.00","--","--","1881949.00","12593.00","12023.00","1881379.00","904845.00","--","976534.00","141121.00","1117655.00","220033.00","897622.00","--","--","897622.00","-19042.00","--","878580.00","849483.00","--","48139.00","835664.00","--","42916.00","3.42"
"115/08/21","115","2","4107","邦特","1134636.00","620091.00","--","--","514545.00","--","--","514545.00","142393.00","--","372152.00","10304.00","382456.00","85199.00","297257.00","--","--","297257.00","4828.00","--","302085.00","297257.00","--","--","302085.00","--","--","4.29"
"115/08/21","115","2","4109","加捷生醫","268119.00","193928.00","--","--","74191.00","--","--","74191.00","71715.00","--","2476.00","-30331.00","-27855.00","6176.00","-34031.00","--","--","-34031.00","-862.00","--","-34893.00","-34399.00","--","368.00","-35378.00","--","485.00","-0.29"
"115/08/21","115","2","4111","濟生","731867.00","443781.00","--","--","288086.00","--","--","288086.00","178353.00","--","109733.00","18798.00","128531.00","30248.00","98283.00","--","--","98283.00","78.00","--","98361.00","--","--","--","--","--","--","1.64"
"115/08/21","115","2","4113","聯上","188026.00","151416.00","--","--","36610.00","--","--","36610.00","61334.00","--","-24724.00","-80895.00","-105619.00","490.00","-106109.00","--","--","-106109.00","0.00","--","-106109.00","--","--","--","--","--","--","-0.46"
"115/08/21","115","2","4114","健喬","3549913.00","2115978.00","--","--","1433935.00","--","--","1433935.00","1026692.00","--","407243.00","27328.00","434571.00","113910.00","320661.00","--","--","320661.00","148.00","--","320809.00","430386.00","--","-109725.00","430306.00","--","-109497.00","0.80"
"115/08/21","115","2","4116","明基醫","2753810.00","1865165.00","--","--","888645.00","--","--","888645.00","729377.00","--","159268.00","53792.00","213060.00","57270.00","155790.00","--","--","155790.00","-13305.00","--","142485.00","71547.00","--","84243.00","69756.00","--","72729.00","1.61"
"115/08/21","115","2","4120","友華","2339899.00","1182901.00","--","--","1156998.00","--","--","1156998.00","1261218.00","--","-104220.00","56047.00","-48173.00","114804.00","-162977.00","--","--","-162977.00","-484135.00","--","-647112.00","-207986.00","--","45009.00","-690625.00","--","43513.00","-2.40"
"115/08/21","115","2","4121","優盛","1885058.00","1247498.00","--","--","637560.00","--","--","637560.00","685506.00","--","-47946.00","13703.00","-34243.00","4063.00","-38306.00","--","--","-38306.00","9297.00","--","-29009.00","-25698.00","--","-12608.00","-16150.00","--","-12859.00","-0.32"
"115/08/21","115","2","4123","晟德","898039.00","492378.00","--","--","405661.00","--","--","405661.00","283006.00","344101.00","466756.00","-10619516.00","-10152760.00","-1671558.00","-8481202.00","--","--","-8481202.00","10088.00","--","-8471114.00","-8481203.00","--","1.00","-8471115.00","--","1.00","-11.24"
"115/08/21","115","2","4126","太醫","1184631.00","798135.00","--","--","386496.00","--","--","386496.00","135023.00","--","251473.00","16007.00","267480.00","51770.00","215710.00","--","--","215710.00","--","--","215710.00","--","--","--","--","--","--","2.97"
"115/08/21","115","2","4127","天良","383002.00","152646.00","--","--","230356.00","--","--","230356.00","202860.00","--","27496.00","19966.00","47462.00","-909.00","48371.00","--","--","48371.00","-3160.00","--","45211.00","48371.00","--","--","45211.00","--","--","1.06"
"115/08/21","115","2","4128","中天","980917.00","604077.00","--","--","376840.00","--","--","376840.00","644946.00","0.00","-268106.00","768879.00","500773.00","0.00","500773.00","--","--","500773.00","-41319.00","--","459454.00","648678.00","--","-147905.00","562636.00","--","-103182.00","1.10"
"115/08/21","115","2","4129","聯合","3059504.00","641920.00","--","--","2417584.00","--","-1440.00","2416144.00","2109868.00","0.00","306276.00","-2192.00","304084.00","76575.00","227509.00","--","--","227509.00","10599.00","--","238108.00","226550.00","--","959.00","237551.00","--","557.00","2.35"
"115/08/21","115","2","4131","浩泰","156170.00","87803.00","--","--","68367.00","--","--","68367.00","63773.00","--","4594.00","-3018.00","1576.00","1812.00","-236.00","--","--","-236.00","--","--","-236.00","-2515.00","--","2279.00","-2515.00","--","2279.00","-0.06"
"115/08/21","115","2","4138","曜亞","687173.00","398027.00","--","--","289146.00","--","--","289146.00","208340.00","--","80806.00","21376.00","102182.00","20101.00","82081.00","--","--","82081.00","1863.00","--","83944.00","73108.00","--","8973.00","75156.00","--","8788.00","1.83"
"115/08/21","115","2","4147","中裕","321916.00","139109.00","--","--","182807.00","--","--","182807.00","255210.00","--","-72403.00","16024.00","-56379.00","--","-56379.00","--","--","-56379.00","2619.00","--","-53760.00","-56379.00","--","--","-53760.00","--","--","-0.21"
"115/08/21","115","2","4153","鈺緯","467962.00","334123.00","--","--","133839.00","0.00","214.00","134053.00","75320.00","--","58733.00","1070.00","59803.00","3666.00","56137.00","--","--","56137.00","-734.00","--","55403.00","56137.00","--","--","55403.00","--","--","0.96"
"115/08/21","115","2","4160","訊聯基因","299758.00","176754.00","--","--","123004.00","--","--","123004.00","125495.00","--","-2491.00","6960.00","4469.00","-2050.00","6519.00","--","--","6519.00","-114855.00","--","-108336.00","6376.00","--","143.00","-108479.00","--","143.00","0.24"
"115/08/21","115","2","4161","聿新科","461887.00","332763.00","--","--","129124.00","--","--","129124.00","92868.00","--","36256.00","29023.00","65279.00","10294.00","54985.00","--","--","54985.00","2297.00","--","57282.00","56116.00","--","-1131.00","58413.00","--","-1131.00","0.96"
"115/08/21","115","2","4162","智擎","497811.00","34186.00","--","--","463625.00","--","--","463625.00","217281.00","--","246344.00","62333.00","308677.00","37427.00","271250.00","--","--","271250.00","--","--","271250.00","--","--","--","--","--","--","1.89"
"115/08/21","115","2","4163","鐿鈦","1304387.00","753627.00","--","--","550760.00","--","--","550760.00","391313.00","--","159447.00","12507.00","171954.00","29958.00","141996.00","--","--","141996.00","3648.00","--","145644.00","144421.00","--","-2425.00","148063.00","--","-2419.00","2.95"
"115/08/21","115","2","4166","友霖","758297.00","347873.00","--","--","410424.00","--","--","410424.00","285822.00","--","124602.00","4181.00","128783.00","32630.00","96153.00","--","--","96153.00","-1598.00","--","94555.00","96153.00","--","--","94555.00","--","--","0.40"
"115/08/21","115","2","4167","松瑞藥","519518.00","342324.00","--","--","177194.00","--","--","177194.00","142289.00","--","34905.00","839444.00","874349.00","11499.00","862850.00","--","--","862850.00","989.00","--","863839.00","862867.00","--","-17.00","863856.00","--","-17.00","2.60"
"115/08/21","115","2","4168","醣聯","13954.00","8187.00","--","--","5767.00","--","--","5767.00","143190.00","--","-137423.00","6632.00","-130791.00","36.00","-130827.00","--","--","-130827.00","-786.00","--","-131613.00","-130827.00","--","--","-131613.00","--","--","-1.16"
"115/08/21","115","2","4171","瑞基","112305.00","26547.00","--","--","85758.00","--","--","85758.00","108302.00","--","-22544.00","11238.00","-11306.00","-431.00","-10875.00","--","--","-10875.00","1642.00","--","-9233.00","-9255.00","--","-1620.00","-8023.00","--","-1210.00","-0.16"
"115/08/21","115","2","4173","久裕","787610.00","635221.00","--","--","152389.00","--","--","152389.00","113823.00","--","38566.00","-1303.00","37263.00","6288.00","30975.00","--","--","30975.00","-75214.00","--","-44239.00","30975.00","--","--","-44239.00","--","--","0.42"
"115/08/21","115","2","4174","浩鼎","20844.00","62396.00","--","--","-41552.00","--","--","-41552.00","623816.00","--","-665368.00","-101138.00","-766506.00","5890.00","-772396.00","--","--","-772396.00","4031.00","--","-768365.00","-638042.00","--","-134354.00","-634011.00","--","-134354.00","-4.85"
"115/08/21","115","2","4175","杏一","3963117.00","2633142.00","--","--","1329975.00","--","--","1329975.00","1227543.00","--","102432.00","-21106.00","81326.00","4205.00","77121.00","--","--","77121.00","8983.00","--","86104.00","77206.00","--","-85.00","86184.00","--","-80.00","1.82"
"115/08/21","115","2","4183","福永生技","168963.00","139591.00","--","--","29372.00","--","--","29372.00","45237.00","--","-15865.00","1204.00","-14661.00","-905.00","-13756.00","--","--","-13756.00","--","--","-13756.00","--","--","--","--","--","--","-0.58"
"115/08/21","115","2","4188","安克","13105.00","7519.00","--","--","5586.00","--","--","5586.00","46379.00","--","-40793.00","5275.00","-35518.00","12.00","-35530.00","--","--","-35530.00","22500.00","--","-13030.00","-28629.00","--","-6901.00","-6129.00","--","-6901.00","-0.45"
"115/08/21","115","2","4192","杏國","12398.00","4182.00","--","--","8216.00","--","--","8216.00","35413.00","--","-27197.00","760.00","-26437.00","--","-26437.00","--","--","-26437.00","-14.00","--","-26451.00","-26437.00","--","0.00","-26451.00","--","0.00","-0.75"
"115/08/21","115","2","4198","欣大健康","72869.00","47130.00","--","--","25739.00","1068.00","--","24671.00","51010.00","--","-26339.00","5911.00","-20428.00","0.00","-20428.00","--","--","-20428.00","-3660.00","--","-24088.00","-18841.00","--","-1587.00","-22501.00","--","-1587.00","-0.78"
"115/08/21","115","2","4205","中華食","984434.00","622497.00","--","--","361937.00","--","--","361937.00","153213.00","--","208724.00","9750.00","218474.00","37946.00","180528.00","--","--","180528.00","1596.00","--","182124.00","--","--","--","--","--","--","1.85"
"115/08/21","115","2","4207","環泰","2834315.00","2309330.00","--","--","524985.00","--","--","524985.00","190055.00","--","334930.00","5130.00","340060.00","95150.00","244910.00","--","--","244910.00","-60188.00","--","184722.00","187745.00","--","57165.00","165785.00","--","18937.00","0.95"
"115/08/21","115","2","4303","信立","515042.00","411460.00","--","--","103582.00","--","--","103582.00","99075.00","--","4507.00","21561.00","26068.00","48397.00","-22329.00","--","--","-22329.00","4142.00","--","-18187.00","-24769.00","--","2440.00","-20213.00","--","2026.00","-0.26"
"115/08/21","115","2","4304","勝昱","189323.00","151202.00","--","--","38121.00","--","--","38121.00","35514.00","--","2607.00","-5597.00","-2990.00","--","-2990.00","--","--","-2990.00","303.00","--","-2687.00","-2990.00","--","--","-2687.00","--","--","-0.05"
"115/08/21","115","2","4305","世坤","498925.00","326858.00","--","--","172067.00","--","--","172067.00","52080.00","--","119987.00","33540.00","153527.00","30614.00","122913.00","--","--","122913.00","--","--","122913.00","--","--","--","--","--","--","2.23"
"115/08/21","115","2","4401","東隆興","1935185.00","1771692.00","--","--","163493.00","--","--","163493.00","103037.00","--","60456.00","32505.00","92961.00","16502.00","76459.00","--","--","76459.00","4383.00","--","80842.00","74034.00","--","2425.00","77703.00","--","3139.00","0.60"
"115/08/21","115","2","4402","郡都開發","11624.00","10237.00","--","--","1387.00","--","--","1387.00","13862.00","--","-12475.00","4411.00","-8064.00","0.00","-8064.00","--","--","-8064.00","--","--","-8064.00","-7129.00","-935.00","0.00","-7129.00","-935.00","0.00","-0.10"
"115/08/21","115","2","4406","新昕纖","105006.00","110591.00","--","--","-5585.00","--","--","-5585.00","23772.00","--","-29357.00","7338.00","-22019.00","0.00","-22019.00","--","--","-22019.00","10030.00","--","-11989.00","--","--","--","--","--","--","-0.42"
"115/08/21","115","2","4413","飛寶企業","239798.00","191571.00","--","--","48227.00","--","--","48227.00","50505.00","--","-2278.00","4290.00","2012.00","0.00","2012.00","--","--","2012.00","-1.00","--","2011.00","2012.00","--","--","2011.00","--","--","0.06"
"115/08/21","115","2","4416","三圓","2157850.00","942652.00","--","--","1215198.00","--","--","1215198.00","89647.00","--","1125551.00","-830720.00","294831.00","18989.00","275842.00","--","--","275842.00","-1325.00","--","274517.00","275842.00","--","--","274517.00","--","--","3.87"
"115/08/21","115","2","4417","金洲","1548813.00","1048219.00","--","--","500594.00","--","--","500594.00","158015.00","--","342579.00","-39800.00","302779.00","90873.00","211906.00","--","--","211906.00","44652.00","--","256558.00","195439.00","--","16467.00","246207.00","--","10351.00","2.33"
"115/08/21","115","2","4419","皇家美食","1386794.00","993400.00","--","--","393394.00","--","--","393394.00","462989.00","--","-69595.00","-11127.00","-80722.00","-286.00","-80436.00","--","--","-80436.00","0.00","--","-80436.00","-97376.00","--","16940.00","-97376.00","--","16940.00","-0.57"
"115/08/21","115","2","4420","光明","478162.00","443732.00","--","--","34430.00","--","--","34430.00","23821.00","0.00","10609.00","35064.00","45673.00","7741.00","37932.00","--","--","37932.00","-1850.00","--","36082.00","--","--","--","--","--","--","0.94"
"115/08/21","115","2","4430","耀億","1144970.00","896246.00","--","--","248724.00","--","--","248724.00","225575.00","--","23149.00","1154.00","24303.00","17374.00","6929.00","--","--","6929.00","42811.00","--","49740.00","6929.00","--","--","49740.00","--","--","0.12"
"115/08/21","115","2","4432","銘旺實","448947.00","345180.00","--","--","103767.00","--","--","103767.00","103725.00","--","42.00","161577.00","161619.00","12002.00","149617.00","--","--","149617.00","6141.00","--","155758.00","149617.00","--","--","155758.00","--","--","2.96"
"115/08/21","115","2","4433","興采","1111616.00","973625.00","--","--","137991.00","--","--","137991.00","275425.00","--","-137434.00","148622.00","11188.00","30219.00","-19031.00","--","--","-19031.00","14006.00","--","-5025.00","-83474.00","--","64443.00","-76359.00","--","71334.00","-1.38"
"115/08/21","115","2","4502","健信","573582.00","470101.00","--","--","103481.00","--","--","103481.00","107097.00","--","-3616.00","15224.00","11608.00","1451.00","10157.00","--","--","10157.00","-8196.00","--","1961.00","11148.00","--","-991.00","2930.00","--","-969.00","0.20"
"115/08/21","115","2","4503","金雨","343178.00","210657.00","--","--","132521.00","--","--","132521.00","50302.00","--","82219.00","117595.00","199814.00","21339.00","178475.00","--","--","178475.00","1923.00","--","180398.00","178494.00","--","-19.00","180417.00","--","-19.00","2.28"
"115/08/21","115","2","4506","崇友","3395769.00","2247176.00","--","--","1148593.00","--","--","1148593.00","348526.00","--","800067.00","156031.00","956098.00","167550.00","788548.00","--","--","788548.00","6976.00","--","795524.00","788360.00","--","188.00","795336.00","--","188.00","4.45"
"115/08/21","115","2","4510","高鋒","905127.00","769765.00","--","--","135362.00","--","--","135362.00","198579.00","--","-63217.00","316556.00","253339.00","9638.00","243701.00","--","--","243701.00","-50030.00","--","193671.00","136857.00","--","106844.00","86646.00","--","107025.00","1.26"
"115/08/21","115","2","4513","福裕","1328255.00","1169072.00","--","--","159183.00","--","--","159183.00","162650.00","--","-3467.00","5185.00","1718.00","8764.00","-7046.00","--","--","-7046.00","3256.00","--","-3790.00","-7046.00","--","0.00","-3790.00","--","0.00","-0.05"
"115/08/21","115","2","4523","永彰","580651.00","463135.00","--","--","117516.00","--","--","117516.00","173174.00","--","-55658.00","9876.00","-45782.00","25812.00","-71594.00","--","--","-71594.00","4097.00","--","-67497.00","-58857.00","--","-12737.00","-54760.00","--","-12737.00","-0.92"
"115/08/21","115","2","4527","方方土霖","1322114.00","979235.00","--","--","342879.00","--","--","342879.00","188210.00","--","154669.00","8961.00","163630.00","36455.00","127175.00","--","--","127175.00","21854.00","--","149029.00","125563.00","--","1612.00","143856.00","--","5173.00","1.65"
"115/08/21","115","2","4528","江興鍛","714332.00","631259.00","--","--","83073.00","--","--","83073.00","117040.00","--","-33967.00","-10305.00","-44272.00","7464.00","-51736.00","--","--","-51736.00","102158.00","--","50422.00","-51736.00","--","0.00","50422.00","--","0.00","-0.61"
"115/08/21","115","2","4529","淳紳","9825.00","5647.00","--","--","4178.00","--","--","4178.00","22737.00","--","-18559.00","-6265.00","-24824.00","489.00","-25313.00","--","--","-25313.00","-24219.00","--","-49532.00","-25199.00","--","-114.00","-49418.00","--","-114.00","-0.30"
"115/08/21","115","2","4530","天意能創","173677.00","159641.00","--","--","14036.00","--","--","14036.00","37125.00","--","-23089.00","1055.00","-22034.00","4317.00","-26351.00","0.00","--","-26351.00","23.00","--","-26328.00","-20789.00","--","-5562.00","-20766.00","--","-5562.00","-0.58"
"115/08/21","115","2","4533","協易機","1905868.00","1494121.00","--","--","411747.00","--","--","411747.00","460486.00","--","-48739.00","76823.00","28084.00","7624.00","20460.00","--","--","20460.00","-5864.00","--","14596.00","20460.00","--","--","14596.00","--","--","0.13"
"115/08/21","115","2","4534","慶騰","490444.00","412014.00","--","--","78430.00","--","--","78430.00","80897.00","--","-2467.00","6429.00","3962.00","10349.00","-6387.00","--","--","-6387.00","17950.00","--","11563.00","-6387.00","--","--","11563.00","--","--","-0.07"
"115/08/21","115","2","4535","至興","1258961.00","1040032.00","--","--","218929.00","--","--","218929.00","108888.00","--","110041.00","21554.00","131595.00","42391.00","89204.00","--","--","89204.00","12989.00","--","102193.00","43859.00","--","45345.00","56256.00","--","45937.00","0.58"
"115/08/21","115","2","4538","大詠城","191091.00","159968.00","--","--","31123.00","--","--","31123.00","21250.00","--","9873.00","6698.00","16571.00","3758.00","12813.00","--","--","12813.00","--","--","12813.00","--","--","--","--","--","--","0.22"
"115/08/21","115","2","4541","晟田","1000527.00","759680.00","--","--","240847.00","--","--","240847.00","81005.00","--","159842.00","-3510.00","156332.00","24207.00","132125.00","--","--","132125.00","--","--","132125.00","--","--","--","--","--","--","1.95"
"115/08/21","115","2","4542","科嶠","554965.00","338744.00","--","--","216221.00","--","--","216221.00","150475.00","--","65746.00","2569.00","68315.00","18145.00","50170.00","--","--","50170.00","26212.00","--","76382.00","50657.00","--","-487.00","76560.00","--","-178.00","1.49"
"115/08/21","115","2","4543","萬在","486068.00","330881.00","--","--","155187.00","--","--","155187.00","77940.00","--","77247.00","25532.00","102779.00","20881.00","81898.00","--","--","81898.00","-1286.00","--","80612.00","81898.00","--","--","80612.00","--","--","1.37"
"115/08/21","115","2","4549","桓達","573468.00","213919.00","--","--","359549.00","--","--","359549.00","223626.00","--","135923.00","26142.00","162065.00","32287.00","129778.00","--","--","129778.00","10923.00","--","140701.00","129784.00","--","-6.00","140712.00","--","-11.00","2.28"
"115/08/21","115","2","4550","長佳","365132.00","283716.00","--","--","81416.00","--","--","81416.00","42922.00","--","38494.00","3278.00","41772.00","8321.00","33451.00","--","--","33451.00","345.00","--","33796.00","33451.00","--","--","33796.00","--","--","0.88"
"115/08/21","115","2","4554","橙的","266642.00","148882.00","--","--","117760.00","--","--","117760.00","99854.00","--","17906.00","7894.00","25800.00","1679.00","24121.00","--","--","24121.00","-3612.00","--","20509.00","24121.00","--","0.00","20509.00","--","0.00","0.92"
"115/08/21","115","2","4556","旭然","343843.00","213103.00","--","--","130740.00","--","--","130740.00","106406.00","--","24334.00","-1725.00","22609.00","6883.00","15726.00","--","--","15726.00","13726.00","--","29452.00","15726.00","--","--","29452.00","--","--","0.37"
"115/08/21","115","2","4558","寶緯","885823.00","789217.00","--","--","96606.00","--","--","96606.00","53347.00","--","43259.00","-10214.00","33045.00","7790.00","25255.00","--","--","25255.00","--","--","25255.00","--","--","--","--","--","--","0.50"
"115/08/21","115","2","4561","健椿","563524.00","419077.00","--","--","144447.00","--","--","144447.00","71129.00","--","73318.00","5832.00","79150.00","15359.00","63791.00","--","--","63791.00","--","--","63791.00","--","--","--","--","--","--","1.09"
"115/08/21","115","2","4563","百德","1290221.00","929791.00","--","--","360430.00","0.00","--","360430.00","293334.00","--","67096.00","-84357.00","-17261.00","12410.00","-29671.00","--","--","-29671.00","12260.00","--","-17411.00","-21786.00","--","-7885.00","-12884.00","--","-4527.00","-0.40"
"115/08/21","115","2","4568","科際精密","597988.00","435547.00","--","--","162441.00","--","--","162441.00","145048.00","--","17393.00","2652.00","20045.00","3865.00","16180.00","--","--","16180.00","9995.00","--","26175.00","16180.00","--","--","26175.00","--","--","0.51"
"115/08/21","115","2","4577","達航科技","453906.00","342506.00","--","--","111400.00","--","--","111400.00","105444.00","--","5956.00","-9627.00","-3671.00","74.00","-3745.00","--","--","-3745.00","5497.00","--","1752.00","-3745.00","--","--","1752.00","--","--","-0.08"
"115/08/21","115","2","4580","捷流閥業","1167244.00","837458.00","--","--","329786.00","--","--","329786.00","197755.00","--","132031.00","48614.00","180645.00","31668.00","148977.00","--","--","148977.00","34379.00","--","183356.00","148977.00","--","--","183356.00","--","--","3.18"
"115/08/21","115","2","4584","君帆","538853.00","378818.00","--","--","160035.00","--","--","160035.00","139010.00","--","21025.00","3062.00","24087.00","-7048.00","31135.00","--","--","31135.00","25777.00","--","56912.00","31135.00","--","--","56912.00","--","--","1.04"
"115/08/21","115","2","4609","唐鋒","70477.00","62876.00","--","--","7601.00","--","--","7601.00","47674.00","--","-40073.00","32213.00","-7860.00","0.00","-7860.00","--","--","-7860.00","-4475.00","--","-12335.00","-7860.00","--","--","-12335.00","--","--","-0.16"
"115/08/21","115","2","4702","中美實","36808.00","23406.00","--","--","13402.00","--","--","13402.00","33932.00","--","-20530.00","81969.00","61439.00","5953.00","55486.00","--","--","55486.00","1275.00","--","56761.00","55486.00","--","--","56761.00","--","--","0.77"
"115/08/21","115","2","4706","大恭","592591.00","477532.00","--","--","115059.00","--","--","115059.00","73269.00","--","41790.00","12791.00","54581.00","11417.00","43164.00","--","--","43164.00","14600.00","--","57764.00","43153.00","--","11.00","57753.00","--","11.00","0.55"
"115/08/21","115","2","4707","磐亞","617162.00","593604.00","--","--","23558.00","--","--","23558.00","48399.00","--","-24841.00","308943.00","284102.00","4869.00","279233.00","--","--","279233.00","1883650.00","--","2162883.00","--","--","--","--","--","--","0.69"
"115/08/21","115","2","4711","永純","432159.00","342477.00","--","--","89682.00","--","--","89682.00","41100.00","--","48582.00","4258.00","52840.00","10044.00","42796.00","--","--","42796.00","--","--","42796.00","42796.00","--","--","42796.00","--","--","0.70"
"115/08/21","115","2","4714","永捷","1184522.00","1011027.00","--","--","173495.00","--","--","173495.00","195280.00","--","-21785.00","30662.00","8877.00","49699.00","-40822.00","--","--","-40822.00","-88936.00","--","-129758.00","-17742.00","--","-23080.00","-110253.00","--","-19505.00","-0.10"
"115/08/21","115","2","4716","大立","265288.00","222343.00","--","--","42945.00","--","--","42945.00","72960.00","--","-30015.00","42999.00","12984.00","632.00","12352.00","--","--","12352.00","-1003.00","--","11349.00","13599.00","--","-1247.00","12592.00","--","-1243.00","0.14"
"115/08/21","115","2","4721","美琪瑪","1574765.00","1162775.00","--","--","411990.00","--","--","411990.00","90079.00","--","321911.00","8540.00","330451.00","67525.00","262926.00","--","--","262926.00","490.00","--","263416.00","262926.00","--","--","263416.00","--","--","3.51"
"115/08/21","115","2","4726","永昕","399907.00","477339.00","--","--","-77432.00","--","--","-77432.00","101464.00","--","-178896.00","-27168.00","-206064.00","-6485.00","-199579.00","--","--","-199579.00","62.00","--","-199517.00","-199579.00","--","--","-199517.00","--","--","-0.96"
"115/08/21","115","2","4728","雙美","1183086.00","231208.00","--","--","951878.00","--","--","951878.00","330198.00","--","621680.00","16686.00","638366.00","174353.00","464013.00","--","--","464013.00","8159.00","--","472172.00","464013.00","--","--","472172.00","--","--","8.52"
"115/08/21","115","2","4729","熒茂","527677.00","409558.00","--","--","118119.00","--","--","118119.00","124197.00","--","-6078.00","50639.00","44561.00","13807.00","30754.00","--","--","30754.00","51554.00","--","82308.00","27312.00","--","3442.00","76226.00","--","6082.00","0.34"
"115/08/21","115","2","4735","豪展","488288.00","336473.00","--","--","151815.00","--","--","151815.00","113886.00","--","37929.00","139465.00","177394.00","9033.00","168361.00","--","--","168361.00","23936.00","--","192297.00","168361.00","--","--","192297.00","--","--","4.37"
"115/08/21","115","2","4741","泓瀚","280328.00","181359.00","--","--","98969.00","--","--","98969.00","74065.00","--","24904.00","5184.00","30088.00","1549.00","28539.00","--","--","28539.00","-741.00","--","27798.00","28750.00","--","-211.00","28376.00","--","-578.00","0.83"
"115/08/21","115","2","4743","合一","76528.00","48935.00","--","--","27593.00","--","4559.00","32152.00","429691.00","--","-397539.00","506677.00","109138.00","10486.00","98652.00","--","--","98652.00","-205726.00","--","-107074.00","99064.00","--","-412.00","-106662.00","--","-412.00","0.21"
"115/08/21","115","2","4744","皇將","430946.00","206289.00","--","--","224657.00","--","--","224657.00","257344.00","--","-32687.00","15615.00","-17072.00","-1899.00","-15173.00","--","--","-15173.00","-17732.00","--","-32905.00","-15173.00","--","0.00","-32905.00","--","0.00","-0.27"
"115/08/21","115","2","4747","強生製藥","293136.00","180269.00","--","--","112867.00","--","--","112867.00","82126.00","--","30741.00","50432.00","81173.00","4423.00","76750.00","--","--","76750.00","-46.00","--","76704.00","76750.00","--","--","76704.00","--","--","1.69"
"115/08/21","115","2","4749","新應材","2478420.00","1363831.00","--","--","1114589.00","--","--","1114589.00","491502.00","33.00","623120.00","147857.00","770977.00","128338.00","642639.00","--","--","642639.00","123739.00","--","766378.00","643910.00","--","-1271.00","767649.00","--","-1271.00","6.94"
"115/08/21","115","2","4754","國碳科","351212.00","173197.00","--","--","178015.00","--","--","178015.00","98739.00","--","79276.00","4934.00","84210.00","17333.00","66877.00","--","--","66877.00","2540.00","--","69417.00","66877.00","--","--","69417.00","--","--","2.21"
"115/08/21","115","2","4760","勤凱科技","1338240.00","1084801.00","--","--","253439.00","--","--","253439.00","67420.00","--","186019.00","19554.00","205573.00","39232.00","166341.00","--","--","166341.00","233668.00","--","400009.00","--","--","--","--","--","--","5.26"
"115/08/21","115","2","4767","誠泰科技","461071.00","320459.00","--","--","140612.00","--","--","140612.00","85558.00","--","55054.00","5636.00","60690.00","8447.00","52243.00","--","--","52243.00","21884.00","--","74127.00","52318.00","--","-75.00","74162.00","--","-35.00","1.67"
"115/08/21","115","2","4768","晶呈科技","821214.00","669271.00","--","--","151943.00","--","--","151943.00","174511.00","--","-22568.00","-13596.00","-36164.00","15135.00","-51299.00","--","--","-51299.00","5950.00","--","-45349.00","-47227.00","--","-4072.00","-41277.00","--","-4072.00","-0.99"
"115/08/21","115","2","4772","台特化","1749937.00","849727.00","--","--","900210.00","--","--","900210.00","187924.00","--","712286.00","-6444.00","705842.00","149555.00","556287.00","--","--","556287.00","29079.00","--","585366.00","417454.00","--","138833.00","425052.00","--","160314.00","2.83"
"115/08/21","115","2","4806","桂田文創","103127.00","79330.00","--","--","23797.00","--","--","23797.00","45337.00","--","-21540.00","12056.00","-9484.00","18.00","-9502.00","--","--","-9502.00","-12.00","--","-9514.00","-9502.00","--","0.00","-9514.00","--","0.00","-0.14"
"115/08/21","115","2","4903","聯光通","816627.00","737131.00","--","--","79496.00","--","--","79496.00","51933.00","--","27563.00","4109.00","31672.00","4181.00","27491.00","--","--","27491.00","8720.00","--","36211.00","27491.00","--","--","36211.00","--","--","0.26"
"115/08/21","115","2","4905","台聯電","445521.00","323955.00","--","--","121566.00","--","--","121566.00","126103.00","--","-4537.00","273668.00","269131.00","13579.00","255552.00","--","--","255552.00","52873.00","--","308425.00","236239.00","--","19313.00","287546.00","--","20879.00","8.07"
"115/08/21","115","2","4907","富宇","2447908.00","1369184.00","--","--","1078724.00","--","--","1078724.00","115752.00","--","962972.00","3857.00","966829.00","198864.00","767965.00","--","--","767965.00","8640.00","--","776605.00","--","--","--","--","--","--","6.50"
"115/08/21","115","2","4908","前鼎","520704.00","279777.00","--","--","240927.00","--","--","240927.00","115271.00","--","125656.00","13556.00","139212.00","27842.00","111370.00","--","--","111370.00","4598.00","--","115968.00","--","--","--","--","--","--","1.42"
"115/08/21","115","2","4909","新復興","103475.00","129388.00","--","--","-25913.00","--","--","-25913.00","30746.00","--","-56659.00","54011.00","-2648.00","5441.00","-8089.00","--","--","-8089.00","-352.00","--","-8441.00","-8089.00","--","0.00","-8441.00","--","0.00","-0.09"
"115/08/21","115","2","4911","德英","66661.00","19756.00","--","--","46905.00","--","--","46905.00","33672.00","--","13233.00","3960.00","17193.00","-5575.00","22768.00","--","--","22768.00","--","--","22768.00","--","--","--","--","--","--","0.33"
"115/08/21","115","2","4923","力士","515457.00","371626.00","--","--","143831.00","--","--","143831.00","142585.00","--","1246.00","15018.00","16264.00","-434.00","16698.00","--","--","16698.00","35.00","--","16733.00","16698.00","--","--","16733.00","--","--","0.50"
"115/08/21","115","2","4931","新盛力","1904638.00","1470165.00","--","--","434473.00","--","--","434473.00","168511.00","--","265962.00","35831.00","301793.00","60157.00","241636.00","--","--","241636.00","10743.00","--","252379.00","241636.00","--","--","252379.00","--","--","3.69"
"115/08/21","115","2","4933","友輝","1416375.00","961874.00","--","--","454501.00","--","--","454501.00","220019.00","--","234482.00","36546.00","271028.00","31226.00","239802.00","--","--","239802.00","152361.00","--","392163.00","239802.00","--","--","392163.00","--","--","2.91"
"115/08/21","115","2","4939","亞電","749246.00","544601.00","--","--","204645.00","--","--","204645.00","152021.00","--","52624.00","21452.00","74076.00","21680.00","52396.00","--","--","52396.00","137465.00","--","189861.00","52396.00","--","--","189861.00","--","--","0.53"
"115/08/21","115","2","4946","辣椒","153418.00","100616.00","--","--","52802.00","--","--","52802.00","64060.00","--","-11258.00","33746.00","22488.00","0.00","22488.00","--","--","22488.00","0.00","--","22488.00","22829.00","--","-341.00","22829.00","--","-341.00","2.60"
"115/08/21","115","2","4950","金耘國際","640039.00","517192.00","--","--","122847.00","--","--","122847.00","58485.00","--","64362.00","8297.00","72659.00","16340.00","56319.00","--","--","56319.00","-3792.00","--","52527.00","37196.00","--","19123.00","34475.00","--","18052.00","0.64"
"115/08/21","115","2","4951","精拓科","267107.00","62705.00","--","--","204402.00","--","--","204402.00","121357.00","--","83045.00","32446.00","115491.00","12942.00","102549.00","--","--","102549.00","-407.00","--","102142.00","102549.00","--","0.00","102142.00","--","0.00","3.00"
"115/08/21","115","2","4953","緯致","7022384.00","5996670.00","--","--","1025714.00","--","--","1025714.00","603413.00","--","422301.00","11203.00","433504.00","81303.00","352201.00","--","--","352201.00","140288.00","--","492489.00","352201.00","--","--","492489.00","--","--","4.88"
"115/08/21","115","2","4966","譜瑞-KY","8239156.00","4923076.00","--","--","3316080.00","--","--","3316080.00","2180216.00","--","1135864.00","91860.00","1227724.00","105195.00","1122529.00","--","--","1122529.00","339866.00","--","1462395.00","1122529.00","--","--","1462395.00","--","--","14.43"
"115/08/21","115","2","4972","湯石照明","498373.00","384256.00","--","--","114117.00","--","--","114117.00","196843.00","--","-82726.00","24360.00","-58366.00","-8962.00","-49404.00","--","--","-49404.00","47037.00","--","-2367.00","-49404.00","--","--","-2367.00","--","--","-0.88"
"115/08/21","115","2","4973","廣穎電通","4523831.00","2768479.00","--","--","1755352.00","--","--","1755352.00","539642.00","--","1215710.00","12633.00","1228343.00","247673.00","980670.00","--","--","980670.00","457881.00","--","1438551.00","980670.00","--","--","1438551.00","--","--","15.29"
"115/08/21","115","2","4974","亞泰","2009499.00","1727518.00","--","--","281981.00","--","--","281981.00","89509.00","--","192472.00","34313.00","226785.00","46029.00","180756.00","--","--","180756.00","93181.00","--","273937.00","180756.00","--","--","273937.00","--","--","2.49"
"115/08/21","115","2","4979","華星光","2482586.00","1889906.00","--","--","592680.00","--","--","592680.00","105579.00","--","487101.00","46937.00","534038.00","120132.00","413906.00","--","--","413906.00","63777.00","--","477683.00","413906.00","--","--","477683.00","--","--","2.91"
"115/08/21","115","2","4995","晶達","708153.00","486770.00","--","--","221383.00","--","--","221383.00","146687.00","--","74696.00","2694.00","77390.00","132.00","77258.00","--","--","77258.00","1428.00","--","78686.00","77258.00","--","--","78686.00","--","--","1.82"
"115/08/21","115","2","5009","榮剛","6091166.00","4624415.00","--","--","1466751.00","--","--","1466751.00","765499.00","--","701252.00","29706.00","730958.00","138680.00","592278.00","--","--","592278.00","60778.00","--","653056.00","562195.00","--","30083.00","627766.00","--","25290.00","1.00"
"115/08/21","115","2","5011","久陽","2176927.00","2039629.00","--","--","137298.00","--","--","137298.00","83104.00","10069.00","64263.00","12462.00","76725.00","24202.00","52523.00","--","--","52523.00","-70517.00","--","-17994.00","46777.00","--","5746.00","-23740.00","--","5746.00","0.46"
"115/08/21","115","2","5013","強新","4146937.00","3573409.00","--","--","573528.00","--","--","573528.00","237879.00","--","335649.00","-10957.00","324692.00","93478.00","231214.00","--","--","231214.00","114925.00","--","346139.00","182149.00","--","49065.00","247087.00","--","99052.00","1.36"
"115/08/21","115","2","5014","建錩","8046582.00","7647231.00","--","--","399351.00","--","--","399351.00","230172.00","--","169179.00","-174467.00","-5288.00","29593.00","-34881.00","--","--","-34881.00","129139.00","--","94258.00","-34878.00","--","-3.00","94139.00","--","119.00","-0.19"
"115/08/21","115","2","5015","華祺","597293.00","475204.00","--","--","122089.00","--","--","122089.00","105381.00","--","16708.00","27201.00","43909.00","8838.00","35071.00","--","--","35071.00","-33761.00","--","1310.00","35071.00","--","0.00","1310.00","--","0.00","0.58"
"115/08/21","115","2","5016","松和","1110034.00","976029.00","--","--","134005.00","--","--","134005.00","62501.00","--","71504.00","-1174.00","70330.00","14626.00","55704.00","--","--","55704.00","1081.00","--","56785.00","55643.00","--","61.00","56668.00","--","117.00","1.12"
"115/08/21","115","2","5201","凱衛","121666.00","81047.00","--","--","40619.00","--","--","40619.00","83841.00","--","-43222.00","10668.00","-32554.00","-1227.00","-31327.00","--","--","-31327.00","-15.00","--","-31342.00","-30058.00","--","-1269.00","-30073.00","--","-1269.00","-0.78"
"115/08/21","115","2","5202","力新","69077.00","19150.00","--","--","49927.00","--","--","49927.00","85825.00","--","-35898.00","-57249.00","-93147.00","686.00","-93833.00","--","--","-93833.00","4661.00","--","-89172.00","-93833.00","--","--","-89172.00","--","--","-1.05"
"115/08/21","115","2","5205","中茂","16241.00","15264.00","--","--","977.00","--","--","977.00","13198.00","--","-12221.00","148.00","-12073.00","41.00","-12114.00","--","--","-12114.00","--","--","-12114.00","-11997.00","--","-117.00","-11997.00","--","-117.00","-0.89"
"115/08/21","115","2","5206","坤悅","2284824.00","1367062.00","--","--","917762.00","--","--","917762.00","204961.00","--","712801.00","11245.00","724046.00","148097.00","575949.00","--","--","575949.00","--","--","575949.00","575949.00","--","--","575949.00","--","--","3.20"
"115/08/21","115","2","5209","新鼎","1771742.00","1430141.00","--","--","341601.00","--","--","341601.00","79947.00","--","261654.00","41151.00","302805.00","54310.00","248495.00","--","--","248495.00","4689.00","--","253184.00","248495.00","--","0.00","253184.00","--","0.00","8.72"
"115/08/21","115","2","5210","寶碩","131742.00","38996.00","--","--","92746.00","--","--","92746.00","82030.00","--","10716.00","20099.00","30815.00","-10610.00","41425.00","--","--","41425.00","2867.00","--","44292.00","41425.00","--","0.00","44292.00","--","0.00","0.50"
"115/08/21","115","2","5211","蒙恬","128933.00","72273.00","--","--","56660.00","--","--","56660.00","66096.00","--","-9436.00","3432.00","-6004.00","375.00","-6379.00","--","--","-6379.00","2568.00","--","-3811.00","-8192.00","--","1813.00","-5731.00","--","1920.00","-0.26"
"115/08/21","115","2","5212","凌網","502012.00","247004.00","--","--","255008.00","--","--","255008.00","186940.00","--","68068.00","1133.00","69201.00","10877.00","58324.00","--","--","58324.00","14184.00","--","72508.00","56836.00","--","1488.00","70998.00","--","1510.00","1.64"
"115/08/21","115","2","5213","亞昕","4612839.00","3170025.00","--","--","1442814.00","--","--","1442814.00","598482.00","--","844332.00","-255757.00","588575.00","360730.00","227845.00","--","--","227845.00","20011.00","--","247856.00","213740.00","--","14105.00","231029.00","--","16827.00","0.30"
"115/08/21","115","2","5220","萬達光電","533553.00","421953.00","--","--","111600.00","--","--","111600.00","82609.00","--","28991.00","924.00","29915.00","3467.00","26448.00","--","--","26448.00","185.00","--","26633.00","26448.00","--","--","26633.00","--","--","0.67"
"115/08/21","115","2","5223","安力-KY","927020.00","795252.00","--","--","131768.00","--","--","131768.00","149357.00","--","-17589.00","-4972.00","-22561.00","6965.00","-29526.00","--","--","-29526.00","435573.00","--","406047.00","-29526.00","--","--","406047.00","--","--","-0.66"
"115/08/21","115","2","5227","立凱-KY","58546.00","122743.00","--","--","-64197.00","--","--","-64197.00","132010.00","--","-196207.00","1346.00","-194861.00","0.00","-194861.00","--","--","-194861.00","150.00","--","-194711.00","-194861.00","--","--","-194711.00","--","--","-2.87"
"115/08/21","115","2","5228","鈺鎧","381734.00","250715.00","--","--","131019.00","--","--","131019.00","63562.00","--","67457.00","-771.00","66686.00","-1790.00","68476.00","--","--","68476.00","129.00","--","68605.00","--","--","--","--","--","--","1.80"
"115/08/21","115","2","5230","雷笛克光學","657709.00","481717.00","--","--","175992.00","--","--","175992.00","186209.00","--","-10217.00","787.00","-9430.00","596.00","-10026.00","--","--","-10026.00","60877.00","--","50851.00","-9644.00","--","-382.00","50940.00","--","-89.00","-0.18"
"115/08/21","115","2","5245","智晶","387313.00","364423.00","--","--","22890.00","--","--","22890.00","81645.00","--","-58755.00","-5721.00","-64476.00","1625.00","-66101.00","--","--","-66101.00","--","--","-66101.00","-62509.00","--","-3592.00","-66101.00","--","--","-1.44"
"115/08/21","115","2","5251","天鉞電","185159.00","105289.00","--","--","79870.00","--","--","79870.00","71418.00","--","8452.00","18181.00","26633.00","-179.00","26812.00","--","--","26812.00","3957.00","--","30769.00","26812.00","--","--","30769.00","--","--","0.79"
"115/08/21","115","2","5263","智崴","856317.00","477084.00","--","--","379233.00","--","--","379233.00","339285.00","--","39948.00","68571.00","108519.00","31942.00","76577.00","--","--","76577.00","31596.00","--","108173.00","76577.00","--","--","108173.00","--","--","1.08"
"115/08/21","115","2","5272","笙科","160691.00","99951.00","--","--","60740.00","--","--","60740.00","118170.00","--","-57430.00","-1048.00","-58478.00","319.00","-58797.00","--","--","-58797.00","15689.00","--","-43108.00","--","--","--","--","--","--","-1.06"
"115/08/21","115","2","5274","信驊","7018166.00","2053647.00","--","--","4964519.00","--","--","4964519.00","1219611.00","--","3744908.00","288667.00","4033575.00","777550.00","3256025.00","--","--","3256025.00","-30100.00","--","3225925.00","3255141.00","--","884.00","3225041.00","--","884.00","78.28"
"115/08/21","115","2","5278","尚凡*","1395962.00","618000.00","--","--","777962.00","--","--","777962.00","564253.00","--","213709.00","136470.00","350179.00","90848.00","259331.00","--","--","259331.00","118179.00","--","377510.00","187112.00","--","72219.00","275817.00","--","101693.00","0.63"
"115/08/21","115","2","5287","數字","1136249.00","362104.00","--","--","774145.00","--","--","774145.00","338996.00","--","435149.00","116136.00","551285.00","90106.00","461179.00","--","--","461179.00","66719.00","--","527898.00","461084.00","--","95.00","527720.00","--","178.00","7.68"
"115/08/21","115","2","5289","宜鼎","35626019.00","13245050.00","--","--","22380969.00","--","--","22380969.00","2385049.00","--","19995920.00","135491.00","20131411.00","4248019.00","15883392.00","--","--","15883392.00","8453.00","--","15891845.00","15834429.00","--","48963.00","15842864.00","--","48981.00","166.45"
"115/08/21","115","2","5291","邑昇","713583.00","558457.00","--","--","155126.00","--","--","155126.00","105193.00","--","49933.00","-444.00","49489.00","13971.00","35518.00","--","--","35518.00","15339.00","--","50857.00","36666.00","--","-1148.00","52005.00","--","-1148.00","0.92"
"115/08/21","115","2","5299","杰力","789773.00","522554.00","--","--","267219.00","--","--","267219.00","172283.00","--","94936.00","168288.00","263224.00","24464.00","238760.00","--","--","238760.00","3637.00","--","242397.00","238760.00","--","--","242397.00","--","--","4.69"
"115/08/21","115","2","5301","寶得利","91890.00","14163.00","--","--","77727.00","--","--","77727.00","104329.00","--","-26602.00","-3234.00","-29836.00","--","-29836.00","--","--","-29836.00","489.00","--","-29347.00","-27176.00","--","-2660.00","-26687.00","--","-2660.00","-0.41"
"115/08/21","115","2","5302","太欣","13466.00","9277.00","--","--","4189.00","--","--","4189.00","25691.00","--","-21502.00","8331.00","-13171.00","-2.00","-13169.00","--","--","-13169.00","120.00","--","-13049.00","-12647.00","--","-522.00","-12549.00","--","-500.00","-0.08"
"115/08/21","115","2","5309","系統電","1760379.00","1346330.00","--","--","414049.00","--","--","414049.00","509248.00","--","-95199.00","79035.00","-16164.00","638.00","-16802.00","--","--","-16802.00","44205.00","--","27403.00","13386.00","--","-30188.00","56090.00","--","-28687.00","0.06"
"115/08/21","115","2","5310","天剛","323.00","291.00","--","--","32.00","--","--","32.00","16446.00","--","-16414.00","80767.00","64353.00","2660.00","61693.00","--","--","61693.00","--","--","61693.00","61693.00","--","--","61693.00","--","--","2.13"
"115/08/21","115","2","5312","寶島科","2222432.00","789488.00","--","--","1432944.00","--","--","1432944.00","1286459.00","--","146485.00","114437.00","260922.00","40717.00","220205.00","--","--","220205.00","727812.00","--","948017.00","220205.00","--","0.00","948017.00","--","0.00","3.67"
"115/08/21","115","2","5314","世紀*","2883104.00","1680156.00","--","--","1202948.00","--","--","1202948.00","842570.00","--","360378.00","19542.00","379920.00","129104.00","250816.00","--","--","250816.00","16521.00","--","267337.00","190778.00","--","60038.00","195434.00","--","71903.00","0.66"
"115/08/21","115","2","5315","光聯","924309.00","745372.00","--","--","178937.00","--","--","178937.00","81803.00","--","97134.00","15174.00","112308.00","38075.00","74233.00","--","--","74233.00","57411.00","--","131644.00","74233.00","--","--","131644.00","--","--","0.70"
"115/08/21","115","2","5321","美而快","1104635.00","555543.00","--","--","549092.00","--","--","549092.00","597358.00","--","-48266.00","-115997.00","-164263.00","-6330.00","-157933.00","--","--","-157933.00","3.00","--","-157930.00","-156210.00","--","-1723.00","-156207.00","--","-1723.00","-2.93"
"115/08/21","115","2","5324","士開","480882.00","271956.00","--","--","208926.00","--","--","208926.00","198860.00","--","10066.00","-32163.00","-22097.00","1456.00","-23553.00","--","--","-23553.00","10458.00","--","-13095.00","-30260.00","--","6707.00","-21902.00","--","8807.00","-0.13"
"115/08/21","115","2","5328","華容","524027.00","399476.00","--","--","124551.00","--","--","124551.00","111257.00","--","13294.00","79030.00","92324.00","21626.00","70698.00","--","--","70698.00","419559.00","--","490257.00","69207.00","--","1491.00","488766.00","--","1491.00","0.40"
"115/08/21","115","2","5340","建榮","1335335.00","1039667.00","--","--","295668.00","--","--","295668.00","63118.00","--","232550.00","11878.00","244428.00","48886.00","195542.00","--","--","195542.00","--","--","195542.00","--","--","--","--","--","--","1.00"
"115/08/21","115","2","5344","立衛","185584.00","161680.00","--","--","23904.00","--","--","23904.00","29168.00","--","-5264.00","8332.00","3068.00","-348.00","3416.00","--","--","3416.00","--","--","3416.00","--","--","--","--","--","--","0.04"
"115/08/21","115","2","5345","馥鴻","21451.00","15506.00","--","--","5945.00","--","--","5945.00","7507.00","--","-1562.00","-127.00","-1689.00","0.00","-1689.00","--","--","-1689.00","--","--","-1689.00","-1689.00","--","--","-1689.00","--","--","-0.04"
"115/08/21","115","2","5347","世界","26776474.00","18500975.00","--","--","8275499.00","--","--","8275499.00","3287982.00","--","4987517.00","762406.00","5749923.00","692636.00","5057287.00","--","--","5057287.00","1491242.00","--","6548529.00","5220851.00","--","-163564.00","6294854.00","--","253675.00","2.84"
"115/08/21","115","2","5348","正能量智能","141673.00","101453.00","--","--","40220.00","--","--","40220.00","43934.00","--","-3714.00","-730.00","-4444.00","1169.00","-5613.00","--","--","-5613.00","--","--","-5613.00","-7437.00","0.00","1824.00","-7437.00","0.00","1824.00","-0.50"
"115/08/21","115","2","5351","鈺創","7634098.00","4076401.00","--","--","3557697.00","--","--","3557697.00","1249929.00","33491.00","2341259.00","26263.00","2367522.00","213568.00","2153954.00","--","--","2153954.00","1013198.00","--","3167152.00","2193988.00","--","-40034.00","3205532.00","--","-38380.00","6.69"
"115/08/21","115","2","5353","台林","927530.00","700241.00","--","--","227289.00","--","--","227289.00","170537.00","--","56752.00","19129.00","75881.00","4451.00","71430.00","--","--","71430.00","50581.00","--","122011.00","71430.00","--","0.00","122011.00","--","0.00","0.95"
"115/08/21","115","2","5355","佳總","286593.00","285379.00","--","--","1214.00","--","--","1214.00","47171.00","--","-45957.00","19407.00","-26550.00","2659.00","-29209.00","--","--","-29209.00","2098.00","--","-27111.00","-29209.00","--","--","-27111.00","--","--","-0.18"
"115/08/21","115","2","5356","協益","1772355.00","1558218.00","--","--","214137.00","--","--","214137.00","179783.00","--","34354.00","73970.00","108324.00","3045.00","105279.00","--","--","105279.00","78769.00","--","184048.00","105279.00","--","--","184048.00","--","--","1.02"
"115/08/21","115","2","5364","力麗店","75680.00","69700.00","--","--","5980.00","--","--","5980.00","28156.00","--","-22176.00","-312.00","-22488.00","0.00","-22488.00","--","--","-22488.00","-22385.00","--","-44873.00","-21276.00","--","-1212.00","-43661.00","--","-1212.00","-0.33"
"115/08/21","115","2","5371","中光電","19396888.00","16399964.00","--","--","2996924.00","--","--","2996924.00","3221825.00","--","-224901.00","176613.00","-48288.00","142212.00","-190500.00","--","--","-190500.00","8548201.00","--","8357701.00","-196473.00","--","5973.00","8325095.00","--","32606.00","-0.50"
"115/08/21","115","2","5381","光譜","970274.00","674713.00","--","--","295561.00","--","--","295561.00","119978.00","--","175583.00","-21815.00","153768.00","37344.00","116424.00","--","--","116424.00","-59519.00","--","56905.00","101629.00","--","14795.00","42110.00","--","14795.00","0.49"
"115/08/21","115","2","5386","青雲","15146991.00","11529999.00","--","--","3616992.00","--","--","3616992.00","604615.00","--","3012377.00","-105376.00","2907001.00","583795.00","2323206.00","--","--","2323206.00","1995.00","--","2325201.00","--","--","--","--","--","--","42.93"
"115/08/21","115","2","5392","能率","4451100.00","3798911.00","--","--","652189.00","--","--","652189.00","701870.00","--","-49681.00","181335.00","131654.00","65110.00","66544.00","--","--","66544.00","85752.00","--","152296.00","69998.00","--","-3454.00","138115.00","--","14181.00","0.40"
"115/08/21","115","2","5398","慕康生醫","68306.00","54153.00","--","--","14153.00","--","--","14153.00","25602.00","--","-11449.00","7299.00","-4150.00","-254.00","-3896.00","--","--","-3896.00","-8055.00","--","-11951.00","-3896.00","--","--","-11951.00","--","--","-0.08"
"115/08/21","115","2","5403","中菲","1637999.00","986016.00","--","--","651983.00","--","--","651983.00","328130.00","--","323853.00","16005.00","339858.00","70419.00","269439.00","--","--","269439.00","-4132.00","--","265307.00","--","--","--","--","--","--","3.58"
"115/08/21","115","2","5410","國眾","3317390.00","2754377.00","--","--","563013.00","--","--","563013.00","326551.00","--","236462.00","33768.00","270230.00","48143.00","222087.00","--","--","222087.00","86.00","--","222173.00","222133.00","--","-46.00","222219.00","--","-46.00","2.41"
"115/08/21","115","2","5425","台半","9470509.00","6591853.00","--","--","2878656.00","--","--","2878656.00","2027573.00","--","851083.00","28438.00","879521.00","211265.00","668256.00","--","--","668256.00","41640.00","--","709896.00","372538.00","--","295718.00","481218.00","--","228678.00","1.52"
"115/08/21","115","2","5426","振發","1004199.00","791615.00","--","--","212584.00","--","--","212584.00","133722.00","--","78862.00","7850.00","86712.00","29534.00","57178.00","--","--","57178.00","34189.00","--","91367.00","56926.00","--","252.00","91115.00","--","252.00","0.40"
"115/08/21","115","2","5432","新門","91705.00","66425.00","--","--","25280.00","--","--","25280.00","14928.00","--","10352.00","143929.00","154281.00","0.00","154281.00","--","--","154281.00","-6607.00","--","147674.00","--","--","--","--","--","--","7.46"
"115/08/21","115","2","5438","東友","375596.00","328984.00","--","--","46612.00","--","--","46612.00","119366.00","--","-72754.00","30358.00","-42396.00","5158.00","-47554.00","--","--","-47554.00","45110.00","--","-2444.00","-47554.00","--","--","-2444.00","--","--","-0.60"
"115/08/21","115","2","5439","高技","5591086.00","4389342.00","--","--","1201744.00","--","--","1201744.00","319447.00","--","882297.00","32254.00","914551.00","156616.00","757935.00","--","--","757935.00","-7.00","--","757928.00","757935.00","--","--","757928.00","--","--","8.15"
"115/08/21","115","2","5443","均豪","2172166.00","1373208.00","--","--","798958.00","--","--","798958.00","670408.00","--","128550.00","233204.00","361754.00","43329.00","318425.00","--","--","318425.00","12790006.00","--","13108431.00","203525.00","--","114900.00","11806702.00","--","1301729.00","1.27"
"115/08/21","115","2","5450","南良","1343831.00","989273.00","--","--","354558.00","--","--","354558.00","300127.00","--","54431.00","11397.00","65828.00","14686.00","51142.00","--","--","51142.00","17473.00","--","68615.00","51142.00","--","--","68615.00","--","--","0.42"
"115/08/21","115","2","5452","佶優","2444532.00","2074318.00","--","--","370214.00","--","--","370214.00","245424.00","--","124790.00","-19062.00","105728.00","44978.00","60750.00","--","--","60750.00","16161.00","--","76911.00","58284.00","0.00","2466.00","62856.00","0.00","14055.00","0.39"
"115/08/21","115","2","5455","昇益","8015.00","4997.00","--","--","3018.00","--","--","3018.00","17180.00","--","-14162.00","-5924.00","-20086.00","10537.00","-30623.00","--","--","-30623.00","13056.00","--","-17567.00","--","--","--","--","--","--","-0.47"
"115/08/21","115","2","5457","宣德","10624038.00","9216278.00","--","--","1407760.00","5543.00","1851.00","1404068.00","1359696.00","--","44372.00","48582.00","92954.00","147102.00","-54148.00","--","--","-54148.00","423059.00","--","368911.00","-249510.00","--","195362.00","-46625.00","--","415536.00","-1.33"
"115/08/21","115","2","5460","同協","133331.00","90198.00","--","--","43133.00","--","--","43133.00","43392.00","-165.00","-424.00","7368.00","6944.00","1083.00","5861.00","--","--","5861.00","11979.00","--","17840.00","5861.00","--","--","17840.00","--","--","0.10"
"115/08/21","115","2","5464","霖宏","617365.00","577650.00","--","--","39715.00","--","--","39715.00","95458.00","--","-55743.00","47568.00","-8175.00","6642.00","-14817.00","--","--","-14817.00","--","--","-14817.00","-14817.00","--","--","-14817.00","--","--","-0.21"
"115/08/21","115","2","5465","富驊","2009633.00","1673628.00","--","--","336005.00","--","--","336005.00","168963.00","--","167042.00","11926.00","178968.00","10414.00","168554.00","--","--","168554.00","131954.00","--","300508.00","144563.00","--","23991.00","250572.00","--","49936.00","0.98"
"115/08/21","115","2","5468","凱鈺","83625.00","53756.00","--","--","29869.00","--","--","29869.00","22398.00","--","7471.00","573.00","8044.00","0.00","8044.00","--","--","8044.00","--","--","8044.00","8044.00","--","--","8044.00","--","--","0.14"
"115/08/21","115","2","5474","聰泰","684944.00","403209.00","--","--","281735.00","--","--","281735.00","196273.00","--","85462.00","18860.00","104322.00","3958.00","100364.00","--","--","100364.00","--","--","100364.00","--","--","--","--","--","--","2.52"
"115/08/21","115","2","5475","德宏","829522.00","552231.00","--","--","277291.00","--","--","277291.00","128301.00","--","148990.00","2499.00","151489.00","--","151489.00","--","--","151489.00","45254.00","--","196743.00","151761.00","--","-272.00","197015.00","--","-272.00","1.19"
"115/08/21","115","2","5478","智冠","3615718.00","1539398.00","--","--","2076320.00","--","--","2076320.00","1277456.00","--","798864.00","141171.00","940035.00","193185.00","746850.00","--","--","746850.00","215003.00","--","961853.00","703688.00","--","43162.00","912622.00","--","49231.00","4.71"
"115/08/21","115","2","5481","新華","43113.00","22736.00","--","--","20377.00","--","--","20377.00","34196.00","--","-13819.00","-637.00","-14456.00","720.00","-15176.00","--","--","-15176.00","-1.00","--","-15177.00","-15176.00","--","0.00","-15177.00","--","0.00","-0.23"
"115/08/21","115","2","5483","中美晶","40501143.00","31212737.00","--","--","9288406.00","--","--","9288406.00","4738206.00","--","4550200.00","4151118.00","8701318.00","1638681.00","7062637.00","--","--","7062637.00","601714.00","--","7664351.00","3084540.00","--","3978097.00","3217294.00","--","4447057.00","5.02"
"115/08/21","115","2","5487","通泰","81954.00","53673.00","--","--","28281.00","--","--","28281.00","39320.00","--","-11039.00","8595.00","-2444.00","782.00","-3226.00","--","--","-3226.00","2906.00","--","-320.00","-3226.00","--","0.00","-320.00","--","0.00","-0.13"
"115/08/21","115","2","5488","松普","483705.00","411481.00","--","--","72224.00","--","--","72224.00","54366.00","--","17858.00","-8503.00","9355.00","6536.00","2819.00","--","--","2819.00","52935.00","--","55754.00","2819.00","--","--","55754.00","--","--","0.03"
"115/08/21","115","2","5489","彩富","912818.00","634538.00","--","--","278280.00","--","--","278280.00","208189.00","--","70091.00","16972.00","87063.00","13488.00","73575.00","--","--","73575.00","169.00","--","73744.00","73544.00","--","31.00","73713.00","--","31.00","0.74"
"115/08/21","115","2","5490","同亨","899394.00","507072.00","--","--","392322.00","--","--","392322.00","248949.00","--","143373.00","2561.00","145934.00","25524.00","120410.00","--","--","120410.00","16731.00","--","137141.00","120410.00","--","--","137141.00","--","--","1.29"
"115/08/21","115","2","5493","三聯","3086696.00","2699885.00","--","--","386811.00","--","--","386811.00","153163.00","--","233648.00","88189.00","321837.00","60148.00","261689.00","--","--","261689.00","-216425.00","--","45264.00","120615.00","--","141074.00","-96097.00","--","141361.00","2.76"
"115/08/21","115","2","5498","凱崴","1030309.00","870635.00","--","--","159674.00","--","--","159674.00","93447.00","--","66227.00","-4390.00","61837.00","23982.00","37855.00","--","--","37855.00","103698.00","--","141553.00","34202.00","--","3653.00","137900.00","--","3653.00","0.18"
"115/08/21","115","2","5508","永信建","1731027.00","1050032.00","--","--","680995.00","--","--","680995.00","156886.00","--","524109.00","-48274.00","475835.00","95093.00","380742.00","--","--","380742.00","--","--","380742.00","380742.00","--","--","380742.00","--","--","1.75"
"115/08/21","115","2","5511","德昌","5348633.00","4283213.00","--","--","1065420.00","--","--","1065420.00","257542.00","--","807878.00","130885.00","938763.00","192497.00","746266.00","--","--","746266.00","450.00","--","746716.00","752539.00","--","-6273.00","752989.00","--","-6273.00","5.53"
"115/08/21","115","2","5512","力麒","2964295.00","2207606.00","--","--","756689.00","--","--","756689.00","259928.00","14909.00","511670.00","-139503.00","372167.00","120009.00","252158.00","--","--","252158.00","-46465.00","--","205693.00","46271.00","--","205887.00","13933.00","--","191760.00","0.06"
"115/08/21","115","2","5514","三豐","673608.00","552928.00","--","--","120680.00","--","--","120680.00","33901.00","--","86779.00","1289.00","88068.00","27707.00","60361.00","--","--","60361.00","240667.00","--","301028.00","60373.00","--","-12.00","301040.00","--","-12.00","0.27"
"115/08/21","115","2","5516","雙喜","1238115.00","1161723.00","--","--","76392.00","--","--","76392.00","26377.00","--","50015.00","-19820.00","30195.00","6154.00","24041.00","--","--","24041.00","-80.00","--","23961.00","--","--","--","--","--","--","0.47"
"115/08/21","115","2","5520","力泰","1929569.00","1464903.00","--","--","464666.00","--","--","464666.00","95187.00","--","369479.00","19422.00","388901.00","77632.00","311269.00","--","--","311269.00","395203.00","--","706472.00","308326.00","--","2943.00","703493.00","--","2979.00","5.14"
"115/08/21","115","2","5523","豐謙","2260.00","266.00","--","--","1994.00","--","--","1994.00","14625.00","--","-12631.00","1366.00","-11265.00","0.00","-11265.00","--","--","-11265.00","1000.00","--","-10265.00","-11265.00","--","0.00","-10265.00","--","0.00","-0.07"
"115/08/21","115","2","5529","鉅陞","570348.00","366240.00","--","--","204108.00","--","--","204108.00","80669.00","--","123439.00","13360.00","136799.00","13234.00","123565.00","--","--","123565.00","--","--","123565.00","123565.00","--","--","123565.00","--","--","1.17"
"115/08/21","115","2","5530","龍巖","2048327.00","798616.00","--","--","1249711.00","--","--","1249711.00","746862.00","34672.00","537521.00","269192.00","806713.00","97549.00","709164.00","--","--","709164.00","2007379.00","--","2716543.00","708065.00","--","1099.00","2714512.00","--","2031.00","1.69"
"115/08/21","115","2","5536","聖暉*","24984399.00","19277955.00","--","--","5706444.00","--","--","5706444.00","1281191.00","--","4425253.00","177758.00","4603011.00","1045443.00","3557568.00","--","--","3557568.00","2764441.00","--","6322009.00","2943825.00","--","613743.00","5274883.00","--","1047126.00","23.73"
"115/08/21","115","2","5547","久舜","1215381.00","1075616.00","--","--","139765.00","--","--","139765.00","71930.00","--","67835.00","1463.00","69298.00","14459.00","54839.00","--","--","54839.00","--","--","54839.00","54839.00","--","--","54839.00","--","--","1.10"
"115/08/21","115","2","5548","安倉","1309603.00","1195176.00","--","--","114427.00","--","--","114427.00","75433.00","--","38994.00","10709.00","49703.00","9947.00","39756.00","--","--","39756.00","--","--","39756.00","--","--","--","--","--","--","0.64"
"115/08/21","115","2","5601","台聯櫃","46810.00","18681.00","--","--","28129.00","--","--","28129.00","12289.00","0.00","15840.00","668.00","16508.00","3285.00","13223.00","--","--","13223.00","--","--","13223.00","--","--","--","--","--","--","0.20"
"115/08/21","115","2","5603","陸海","710302.00","621708.00","--","--","88594.00","--","--","88594.00","87963.00","--","631.00","8229.00","8860.00","759.00","8101.00","--","--","8101.00","22552.00","--","30653.00","6381.00","--","1720.00","28933.00","--","1720.00","0.06"
"115/08/21","115","2","5604","中連","81850.00","13930.00","--","--","67920.00","--","--","67920.00","10527.00","--","57393.00","22543.00","79936.00","11570.00","68366.00","0.00","--","68366.00","0.00","--","68366.00","68366.00","--","--","68366.00","--","--","0.63"
"115/08/21","115","2","5609","中菲行","16716233.00","14596546.00","--","--","2119687.00","--","--","2119687.00","1479549.00","--","640138.00","35991.00","676129.00","108411.00","567718.00","--","--","567718.00","175376.00","--","743094.00","567857.00","--","-139.00","745173.00","--","-2079.00","4.03"
"115/08/21","115","2","5701","劍湖山","227358.00","133954.00","--","--","93404.00","--","--","93404.00","141191.00","--","-47787.00","-21348.00","-69135.00","--","-69135.00","--","--","-69135.00","-18972.00","--","-88107.00","-69135.00","--","--","-88107.00","--","--","-0.48"
"115/08/21","115","2","5703","亞都麗緻","250744.00","131345.00","--","--","119399.00","0.00","0.00","119399.00","84173.00","--","35226.00","2136.00","37362.00","7339.00","30023.00","0.00","--","30023.00","139.00","--","30162.00","30023.00","--","--","30162.00","--","--","0.43"
"115/08/21","115","2","5704","老爺知","101696.00","73844.00","--","--","27852.00","--","--","27852.00","46805.00","--","-18953.00","3686.00","-15267.00","-186.00","-15081.00","--","--","-15081.00","--","--","-15081.00","--","--","--","--","--","--","-0.27"
"115/08/21","115","2","5878","台名","444799.00","355312.00","--","--","89487.00","--","--","89487.00","53064.00","--","36423.00","3974.00","40397.00","7758.00","32639.00","--","--","32639.00","14261.00","--","46900.00","32639.00","--","--","46900.00","--","--","1.30"
"115/08/21","115","2","5902","德記","1089360.00","813384.00","--","--","275976.00","--","--","275976.00","154499.00","--","121477.00","4903.00","126380.00","26731.00","99649.00","--","--","99649.00","199.00","--","99848.00","99649.00","--","--","99848.00","--","--","1.05"
"115/08/21","115","2","5903","全家","56986130.00","36889913.00","--","--","20096217.00","--","--","20096217.00","19242283.00","--","853934.00","166562.00","1020496.00","160441.00","860055.00","--","--","860055.00","-79.00","--","859976.00","824681.00","--","35374.00","824243.00","--","35733.00","3.69"
"115/08/21","115","2","5904","寶雅*","14026979.00","7709645.00","--","--","6317334.00","--","--","6317334.00","4019203.00","--","2298131.00","17129.00","2315260.00","457641.00","1857619.00","--","--","1857619.00","--","--","1857619.00","--","--","--","--","--","--","17.45"
"115/08/21","115","2","5905","南仁湖","1922675.00","1403648.00","--","--","519027.00","--","--","519027.00","503757.00","--","15270.00","7437.00","22707.00","17849.00","4858.00","--","--","4858.00","8049.00","--","12907.00","16433.00","--","-11575.00","26544.00","--","-13637.00","0.06"
"115/08/21","115","2","6028","公勝保經","3078400.00","2627943.00","--","--","450457.00","--","--","450457.00","235543.00","--","214914.00","1221.00","216135.00","43557.00","172578.00","--","--","172578.00","--","--","172578.00","172578.00","--","--","172578.00","--","--","7.31"
"115/08/21","115","2","6101","寬魚國際","987898.00","835552.00","--","--","152346.00","--","--","152346.00","48998.00","--","103348.00","40944.00","144292.00","937.00","143355.00","--","--","143355.00","127.00","--","143482.00","143355.00","--","--","143482.00","--","--","1.25"
"115/08/21","115","2","6103","合邦","42484.00","38479.00","--","--","4005.00","--","--","4005.00","10861.00","--","-6856.00","1948.00","-4908.00","231.00","-5139.00","--","--","-5139.00","0.00","--","-5139.00","-5139.00","--","--","-5139.00","--","--","-0.38"
"115/08/21","115","2","6104","創惟","2115268.00","1163186.00","--","--","952082.00","--","--","952082.00","657673.00","--","294409.00","7208.00","301617.00","40363.00","261254.00","--","--","261254.00","13074.00","--","274328.00","261254.00","--","0.00","274328.00","--","0.00","2.87"
"115/08/21","115","2","6109","亞元","426779.00","334135.00","--","--","92644.00","--","--","92644.00","127774.00","--","-35130.00","-18823.00","-53953.00","-336.00","-53617.00","--","--","-53617.00","15499.00","--","-38118.00","-53738.00","--","121.00","-38226.00","--","108.00","-0.70"
"115/08/21","115","2","6111","光聚晶電","6156659.00","4459756.00","--","--","1696903.00","--","--","1696903.00","1843765.00","--","-146862.00","270909.00","124047.00","52449.00","71598.00","--","--","71598.00","31973.00","--","103571.00","39698.00","--","31900.00","39916.00","--","63655.00","0.39"
"115/08/21","115","2","6113","亞矽","494863.00","427106.00","--","--","67757.00","--","--","67757.00","63936.00","--","3821.00","37545.00","41366.00","71.00","41295.00","--","--","41295.00","11904.00","--","53199.00","41295.00","--","--","53199.00","--","--","0.79"
"115/08/21","115","2","6114","久威","417362.00","357038.00","--","--","60324.00","--","--","60324.00","40275.00","--","20049.00","54204.00","74253.00","23179.00","51074.00","0.00","--","51074.00","-127.00","--","50947.00","51074.00","--","--","50947.00","--","--","1.16"
"115/08/21","115","2","6118","建達","4820601.00","4583553.00","--","--","237048.00","--","--","237048.00","235686.00","--","1362.00","-3983.00","-2621.00","8552.00","-11173.00","--","--","-11173.00","--","--","-11173.00","-11173.00","--","--","-11173.00","--","--","-0.12"
"115/08/21","115","2","6121","新普","39386203.00","32244455.00","--","--","7141748.00","--","--","7141748.00","2614880.00","--","4526868.00","683385.00","5210253.00","1365080.00","3845173.00","--","--","3845173.00","888562.00","--","4733735.00","2939301.00","--","905872.00","3589428.00","--","1144307.00","15.89"
"115/08/21","115","2","6122","擎邦","1875212.00","1607270.00","--","--","267942.00","--","--","267942.00","64116.00","--","203826.00","4794.00","208620.00","41225.00","167395.00","--","--","167395.00","-75747.00","--","91648.00","167395.00","--","--","91648.00","--","--","2.19"
"115/08/21","115","2","6123","上奇","2223401.00","1919558.00","--","--","303843.00","--","--","303843.00","185584.00","--","118259.00","70471.00","188730.00","26573.00","162157.00","--","--","162157.00","28307.00","--","190464.00","113669.00","--","48488.00","144826.00","--","45638.00","1.88"
"115/08/21","115","2","6124","業強","946971.00","806934.00","--","--","140037.00","--","--","140037.00","119134.00","--","20903.00","47574.00","68477.00","9788.00","58689.00","--","--","58689.00","50071.00","--","108760.00","54615.00","--","4074.00","104686.00","--","4074.00","0.30"
"115/08/21","115","2","6125","廣運","1858521.00","1439016.00","--","--","419505.00","--","--","419505.00","599362.00","--","-179857.00","81813.00","-98044.00","4929.00","-102973.00","--","--","-102973.00","60821.00","--","-42152.00","38463.00","--","-141436.00","77777.00","--","-119929.00","0.15"
"115/08/21","115","2","6126","信音","2913057.00","2355277.00","--","--","557780.00","--","--","557780.00","395719.00","--","162061.00","34204.00","196265.00","40236.00","156029.00","--","--","156029.00","275531.00","--","431560.00","68865.00","--","87164.00","224003.00","--","207557.00","0.54"
"115/08/21","115","2","6127","九豪","510232.00","484453.00","--","--","25779.00","--","--","25779.00","144482.00","--","-118703.00","-11419.00","-130122.00","-11754.00","-118368.00","--","--","-118368.00","83967.00","--","-34401.00","-118368.00","--","--","-34401.00","--","--","-1.10"
"115/08/21","115","2","6129","普誠","721976.00","476804.00","--","--","245172.00","--","--","245172.00","327816.00","--","-82644.00","48778.00","-33866.00","147.00","-34013.00","--","--","-34013.00","21846.00","--","-12167.00","-36452.00","--","2439.00","-15028.00","--","2861.00","-0.20"
"115/08/21","115","2","6130","上亞科技","88969.00","54359.00","--","--","34610.00","--","--","34610.00","43119.00","--","-8509.00","-2497.00","-11006.00","-7860.00","-3146.00","--","--","-3146.00","-966.00","--","-4112.00","-1457.00","--","-1689.00","-2423.00","--","-1689.00","-0.03"
"115/08/21","115","2","6134","萬旭","1211609.00","949476.00","--","--","262133.00","--","--","262133.00","212411.00","--","49722.00","-1947.00","47775.00","11138.00","36637.00","--","--","36637.00","189828.00","--","226465.00","34122.00","--","2515.00","222585.00","--","3880.00","0.42"
"115/08/21","115","2","6138","茂達","4042715.00","2479055.00","--","--","1563660.00","--","--","1563660.00","767376.00","--","796284.00","88156.00","884440.00","166956.00","717484.00","--","--","717484.00","1570.00","--","719054.00","559760.00","--","157724.00","561330.00","--","157724.00","7.64"
"115/08/21","115","2","6140","訊達電腦","884731.00","804421.00","--","--","80310.00","--","--","80310.00","66360.00","--","13950.00","28326.00","42276.00","9337.00","32939.00","--","--","32939.00","6380.00","--","39319.00","32939.00","--","--","39319.00","--","--","0.60"
"115/08/21","115","2","6143","振曜","4312091.00","3400317.00","--","--","911774.00","--","--","911774.00","461151.00","--","450623.00","51581.00","502204.00","95741.00","406463.00","--","--","406463.00","24496.00","--","430959.00","260420.00","--","146043.00","272777.00","--","158182.00","3.03"
"115/08/21","115","2","6144","得利影","76028.00","45338.00","--","--","30690.00","--","--","30690.00","44668.00","--","-13978.00","17790.00","3812.00","0.00","3812.00","--","--","3812.00","5407.00","--","9219.00","--","--","--","--","--","--","0.10"
"115/08/21","115","2","6146","耕興","2433737.00","1299456.00","--","--","1134281.00","--","--","1134281.00","380474.00","--","753807.00","28213.00","782020.00","146229.00","635791.00","--","--","635791.00","205617.00","--","841408.00","615348.00","--","20443.00","799212.00","--","42196.00","6.04"
"115/08/21","115","2","6147","頎邦","12388063.00","9028124.00","--","--","3359939.00","--","--","3359939.00","1293984.00","--","2065955.00","-202268.00","1863687.00","476274.00","1387413.00","--","--","1387413.00","11257434.00","--","12644847.00","1387413.00","--","--","12644847.00","--","--","1.87"
"115/08/21","115","2","6148","驊宏資","242347.00","180014.00","--","--","62333.00","--","--","62333.00","54119.00","--","8214.00","1318.00","9532.00","1464.00","8068.00","0.00","--","8068.00","0.00","--","8068.00","8068.00","--","0.00","8068.00","--","0.00","0.17"
"115/08/21","115","2","6150","撼訊","2592084.00","2206962.00","--","--","385122.00","--","--","385122.00","211262.00","--","173860.00","-16421.00","157439.00","39961.00","117478.00","--","--","117478.00","19871.00","--","137349.00","118999.00","--","-1521.00","138870.00","--","-1521.00","2.46"
"115/08/21","115","2","6151","晉倫","957049.00","701375.00","--","--","255674.00","--","--","255674.00","122443.00","--","133231.00","8761.00","141992.00","36621.00","105371.00","--","--","105371.00","16714.00","--","122085.00","105371.00","--","0.00","122085.00","--","0.00","1.91"
"115/08/21","115","2","6154","順發","2008775.00","1619493.00","--","--","389282.00","--","--","389282.00","314953.00","--","74329.00","747.00","75076.00","15143.00","59933.00","--","--","59933.00","6005.00","--","65938.00","59933.00","--","--","65938.00","--","--","0.75"
"115/08/21","115","2","6156","松上","3105143.00","2658072.00","--","--","447071.00","--","--","447071.00","403715.00","--","43356.00","56332.00","99688.00","49204.00","50484.00","--","--","50484.00","85152.00","--","135636.00","8761.00","--","41723.00","68300.00","--","67336.00","0.08"
"115/08/21","115","2","6158","禾昌","896543.00","757979.00","--","--","138564.00","--","--","138564.00","211345.00","--","-72781.00","-13993.00","-86774.00","-19296.00","-67478.00","--","--","-67478.00","72678.00","--","5200.00","-67478.00","--","--","5200.00","--","--","-1.25"
"115/08/21","115","2","6160","欣技","513507.00","329169.00","--","--","184338.00","--","--","184338.00","246924.00","--","-62586.00","4483.00","-58103.00","-1730.00","-56373.00","--","--","-56373.00","499.00","--","-55874.00","-56210.00","--","-163.00","-55711.00","--","-163.00","-0.82"
"115/08/21","115","2","6161","捷波","799799.00","516598.00","--","--","283201.00","--","--","283201.00","173376.00","--","109825.00","66126.00","175951.00","32253.00","143698.00","--","--","143698.00","18970.00","--","162668.00","143698.00","--","--","162668.00","--","--","2.56"
"115/08/21","115","2","6163","華電網","3030648.00","2500886.00","--","--","529762.00","--","--","529762.00","557739.00","--","-27977.00","4625.00","-23352.00","6611.00","-29963.00","--","--","-29963.00","94748.00","--","64785.00","-27117.00","--","-2846.00","67631.00","--","-2846.00","-0.18"
"115/08/21","115","2","6167","久正","612891.00","580847.00","--","--","32044.00","--","--","32044.00","106637.00","--","-74593.00","51739.00","-22854.00","659.00","-23513.00","--","--","-23513.00","25668.00","--","2155.00","-23513.00","--","0.00","2155.00","--","0.00","-0.16"
"115/08/21","115","2","6169","昱泉","248.00","1839.00","--","--","-1591.00","--","--","-1591.00","35277.00","--","-36868.00","4131.00","-32737.00","-20.00","-32717.00","--","--","-32717.00","-571.00","--","-33288.00","-32717.00","--","--","-33288.00","--","--","-1.40"
"115/08/21","115","2","6170","統振","1588620.00","1074077.00","--","--","514543.00","--","--","514543.00","359068.00","--","155475.00","109972.00","265447.00","51834.00","213613.00","--","--","213613.00","1955.00","--","215568.00","212478.00","--","1135.00","214433.00","--","1135.00","2.18"
"115/08/21","115","2","6171","大城地產","138802.00","68301.00","--","--","70501.00","--","--","70501.00","18030.00","--","52471.00","1145.00","53616.00","17959.00","35657.00","--","--","35657.00","--","--","35657.00","--","--","--","--","--","--","0.36"
"115/08/21","115","2","6173","信昌電","2392252.00","1707324.00","--","--","684928.00","--","--","684928.00","171836.00","--","513092.00","129265.00","642357.00","131509.00","510848.00","--","--","510848.00","940368.00","--","1451216.00","510848.00","--","--","1451216.00","--","--","2.98"
"115/08/21","115","2","6174","安��","364370.00","232085.00","--","--","132285.00","--","--","132285.00","85003.00","--","47282.00","-1639.00","45643.00","7103.00","38540.00","--","--","38540.00","-9192.00","--","29348.00","38540.00","--","--","29348.00","--","--","0.77"
"115/08/21","115","2","6175","立敦","2534861.00","1985101.00","--","--","549760.00","--","--","549760.00","196817.00","--","352943.00","38852.00","391795.00","64978.00","326817.00","--","--","326817.00","208027.00","--","534844.00","254586.00","--","72231.00","420578.00","--","114266.00","1.70"
"115/08/21","115","2","6179","亞通","3815408.00","3334061.00","--","--","481347.00","--","--","481347.00","164044.00","--","317303.00","-89831.00","227472.00","49146.00","178326.00","--","--","178326.00","-21591.00","--","156735.00","189720.00","--","-11394.00","168129.00","--","-11394.00","1.20"
"115/08/21","115","2","6180","橘子","4418005.00","3236529.00","--","--","1181476.00","--","--","1181476.00","1252374.00","--","-70898.00","962.00","-69936.00","-34102.00","-35834.00","--","--","-35834.00","-3943.00","--","-39777.00","-44800.00","--","8966.00","-52299.00","--","12522.00","-0.26"
"115/08/21","115","2","6182","合晶","5189987.00","4104487.00","--","--","1085500.00","--","--","1085500.00","968659.00","--","116841.00","-4829.00","112012.00","29290.00","82722.00","--","--","82722.00","766025.00","--","848747.00","33298.00","--","49424.00","321524.00","--","527223.00","0.06"
"115/08/21","115","2","6185","幃翔","349325.00","302546.00","--","--","46779.00","--","--","46779.00","107825.00","--","-61046.00","58993.00","-2053.00","1556.00","-3609.00","--","--","-3609.00","39700.00","--","36091.00","-3609.00","--","--","36091.00","--","--","-0.02"
"115/08/21","115","2","6186","新潤","3859377.00","2976420.00","--","--","882957.00","--","--","882957.00","304702.00","--","578255.00","18863.00","597118.00","158105.00","439013.00","--","--","439013.00","--","--","439013.00","--","--","--","--","--","--","2.25"
"115/08/21","115","2","6187","萬潤","3766081.00","1745574.00","--","--","2020507.00","--","--","2020507.00","909397.00","--","1111110.00","233162.00","1344272.00","208385.00","1135887.00","--","--","1135887.00","942085.00","--","2077972.00","1151430.00","--","-15543.00","2093515.00","--","-15543.00","11.90"
"115/08/21","115","2","6188","廣明","4136813.00","3053180.00","--","--","1083633.00","--","--","1083633.00","881508.00","--","202125.00","235699.00","437824.00","98662.00","339162.00","--","--","339162.00","226512.00","--","565674.00","275019.00","--","64143.00","493386.00","--","72288.00","0.99"
"115/08/21","115","2","6190","萬泰科","5470580.00","4636554.00","--","--","834026.00","--","--","834026.00","479568.00","--","354458.00","24092.00","378550.00","97416.00","281134.00","--","--","281134.00","56117.00","--","337251.00","248501.00","--","32633.00","302947.00","--","34304.00","1.35"
"115/08/21","115","2","6194","育富","488351.00","450254.00","--","--","38097.00","--","--","38097.00","39529.00","--","-1432.00","12310.00","10878.00","6421.00","4457.00","--","--","4457.00","54618.00","--","59075.00","4457.00","--","--","59075.00","--","--","0.09"
"115/08/21","115","2","6195","詩肯","1275551.00","543753.00","--","--","731798.00","--","--","731798.00","615629.00","--","116169.00","-4590.00","111579.00","24544.00","87035.00","--","--","87035.00","1399.00","--","88434.00","87035.00","--","0.00","88434.00","--","0.00","1.73"
"115/08/21","115","2","6198","瑞築","118.00","34.00","--","--","84.00","--","--","84.00","30609.00","--","-30525.00","1884.00","-28641.00","3696.00","-32337.00","--","--","-32337.00","6.00","--","-32331.00","-32304.00","--","-33.00","-32298.00","--","-33.00","-0.19"
"115/08/21","115","2","6199","天品","483490.00","269048.00","--","--","214442.00","--","--","214442.00","41955.00","--","172487.00","16899.00","189386.00","53381.00","136005.00","0.00","--","136005.00","-23576.00","--","112429.00","128020.00","--","7985.00","104456.00","--","7973.00","2.07"
"115/08/21","115","2","6203","海韻電","1013245.00","706867.00","--","--","306378.00","--","--","306378.00","193442.00","--","112936.00","100520.00","213456.00","57908.00","155548.00","--","--","155548.00","7309.00","--","162857.00","155548.00","--","--","162857.00","--","--","1.89"
"115/08/21","115","2","6204","艾華","206596.00","136986.00","--","--","69610.00","--","--","69610.00","53238.00","--","16372.00","-253.00","16119.00","4982.00","11137.00","--","--","11137.00","-9923.00","--","1214.00","11137.00","--","--","1214.00","--","--","0.48"
"115/08/21","115","2","6207","雷科","604501.00","417734.00","--","--","186767.00","--","--","186767.00","152601.00","--","34166.00","66705.00","100871.00","10908.00","89963.00","--","--","89963.00","185856.00","--","275819.00","90254.00","--","-291.00","276110.00","--","-291.00","1.11"
"115/08/21","115","2","6208","日揚","1763796.00","1230171.00","--","--","533625.00","--","--","533625.00","386295.00","--","147330.00","162731.00","310061.00","22047.00","288014.00","--","--","288014.00","23173.00","--","311187.00","294878.00","--","-6864.00","318051.00","--","-6864.00","3.12"
"115/08/21","115","2","6210","慶生","214262.00","210754.00","--","--","3508.00","--","--","3508.00","26365.00","-630.00","-23487.00","1496.00","-21991.00","-54.00","-21937.00","--","--","-21937.00","--","--","-21937.00","--","--","--","--","--","--","-0.63"
"115/08/21","115","2","6212","理銘","551396.00","337509.00","--","--","213887.00","--","--","213887.00","55101.00","--","158786.00","-13143.00","145643.00","47299.00","98344.00","--","--","98344.00","0.00","--","98344.00","--","--","--","--","--","--","0.96"
"115/08/21","115","2","6217","中探針","2272219.00","1786637.00","--","--","485582.00","--","--","485582.00","514685.00","--","-29103.00","-6540.00","-35643.00","-12002.00","-23641.00","--","--","-23641.00","50805.00","--","27164.00","-21604.00","--","-2037.00","28811.00","--","-1647.00","-0.19"
"115/08/21","115","2","6218","豪勉","800866.00","616920.00","--","--","183946.00","--","--","183946.00","131022.00","--","52924.00","113592.00","166516.00","11587.00","154929.00","--","--","154929.00","-2934.00","--","151995.00","154929.00","--","0.00","151995.00","--","0.00","2.41"
"115/08/21","115","2","6219","富旺","1274643.00","976070.00","--","--","298573.00","--","--","298573.00","230950.00","--","67623.00","-71123.00","-3500.00","5669.00","-9169.00","--","--","-9169.00","200.00","--","-8969.00","-9169.00","--","--","-8969.00","--","--","-0.07"
"115/08/21","115","2","6220","岳豐","4947052.00","3663895.00","--","--","1283157.00","--","--","1283157.00","1094158.00","--","188999.00","-145781.00","43218.00","48002.00","-4784.00","--","--","-4784.00","55837.00","--","51053.00","-4784.00","--","0.00","51053.00","--","0.00","-0.03"
"115/08/21","115","2","6221","晉泰","1964949.00","1440402.00","--","--","524547.00","--","--","524547.00","286414.00","--","238133.00","37682.00","275815.00","69994.00","205821.00","--","--","205821.00","-87869.00","--","117952.00","205821.00","--","0.00","117952.00","--","0.00","1.22"
"115/08/21","115","2","6222","立軒","1351.00","1029.00","--","--","322.00","--","--","322.00","10535.00","--","-10213.00","1288.00","-8925.00","11.00","-8936.00","--","--","-8936.00","-16039.00","--","-24975.00","-8936.00","--","0.00","-24975.00","--","0.00","-0.10"
"115/08/21","115","2","6223","旺矽","9166454.00","3773524.00","--","--","5392930.00","--","--","5392930.00","2318069.00","--","3074861.00","356410.00","3431271.00","674624.00","2756647.00","-5348.00","--","2751299.00","280843.00","--","3032142.00","2751299.00","--","0.00","3032142.00","--","0.00","28.08"
"115/08/21","115","2","6227","茂綸","11834408.00","10687321.00","--","--","1147087.00","--","--","1147087.00","445724.00","--","701363.00","-21183.00","680180.00","145094.00","535086.00","--","--","535086.00","4175.00","--","539261.00","520305.00","--","14781.00","524480.00","--","14781.00","6.84"
"115/08/21","115","2","6228","全譜","23224.00","14717.00","--","--","8507.00","--","--","8507.00","18146.00","--","-9639.00","2081.00","-7558.00","--","-7558.00","--","--","-7558.00","167.00","--","-7391.00","-7558.00","--","--","-7391.00","--","--","-0.29"
"115/08/21","115","2","6229","研通","1468606.00","1329953.00","--","--","138653.00","--","--","138653.00","119028.00","--","19625.00","19015.00","38640.00","8359.00","30281.00","--","--","30281.00","12161.00","--","42442.00","30281.00","--","--","42442.00","--","--","0.75"
"115/08/21","115","2","6231","系微","903566.00","206084.00","--","--","697482.00","--","--","697482.00","490235.00","--","207247.00","17179.00","224426.00","58813.00","165613.00","--","--","165613.00","9752.00","--","175365.00","165613.00","--","--","175365.00","--","--","3.63"
"115/08/21","115","2","6233","旺玖","194933.00","107432.00","--","--","87501.00","--","--","87501.00","97549.00","--","-10048.00","28097.00","18049.00","33.00","18016.00","--","--","18016.00","185607.00","--","203623.00","18016.00","--","--","203623.00","--","--","0.22"
"115/08/21","115","2","6234","高僑","276427.00","254237.00","--","--","22190.00","--","--","22190.00","26776.00","--","-4586.00","48876.00","44290.00","11687.00","32603.00","--","--","32603.00","24283.00","--","56886.00","32603.00","--","--","56886.00","--","--","0.32"
"115/08/21","115","2","6236","中湛","16062.00","2701.00","--","--","13361.00","--","--","13361.00","14511.00","--","-1150.00","1098.00","-52.00","0.00","-52.00","--","--","-52.00","991.00","--","939.00","-52.00","--","--","939.00","--","--","0.00"
"115/08/21","115","2","6237","驊訊","290236.00","173675.00","--","--","116561.00","--","--","116561.00","153543.00","--","-36982.00","2925.00","-34057.00","65.00","-34122.00","--","--","-34122.00","353.00","--","-33769.00","-34122.00","--","0.00","-33769.00","--","0.00","-0.43"
"115/08/21","115","2","6240","松崗","24989.00","11801.00","--","--","13188.00","--","--","13188.00","12523.00","--","665.00","-14122.00","-13457.00","-34.00","-13423.00","--","--","-13423.00","-51815.00","--","-65238.00","-13423.00","--","--","-65238.00","--","--","-0.59"
"115/08/21","115","2","6241","鑫永洋","354557.00","295630.00","--","--","58927.00","--","--","58927.00","36274.00","--","22653.00","-9207.00","13446.00","--","13446.00","--","--","13446.00","--","--","13446.00","--","--","--","--","--","--","0.38"
"115/08/21","115","2","6242","立康","283549.00","93630.00","--","--","189919.00","--","--","189919.00","150069.00","--","39850.00","3501.00","43351.00","8152.00","35199.00","--","--","35199.00","30.00","--","35229.00","35199.00","--","--","35229.00","--","--","1.11"
"115/08/21","115","2","6244","茂迪","1672211.00","1343709.00","--","--","328502.00","--","--","328502.00","184785.00","--","143717.00","50824.00","194541.00","16579.00","177962.00","--","--","177962.00","71343.00","--","249305.00","176781.00","--","1181.00","245075.00","--","4230.00","0.46"
"115/08/21","115","2","6245","立端","3468386.00","2416042.00","--","--","1052344.00","--","--","1052344.00","769536.00","--","282808.00","41089.00","323897.00","58723.00","265174.00","--","--","265174.00","44458.00","--","309632.00","265174.00","--","--","309632.00","--","--","1.81"
"115/08/21","115","2","6246","臺龍","619323.00","562144.00","--","--","57179.00","--","--","57179.00","78757.00","--","-21578.00","-15912.00","-37490.00","-2870.00","-34620.00","--","--","-34620.00","20260.00","--","-14360.00","-34620.00","--","--","-14360.00","--","--","-0.91"
"115/08/21","115","2","6248","沛波","3110470.00","2904665.00","--","--","205805.00","--","--","205805.00","115669.00","--","90136.00","-17990.00","72146.00","14856.00","57290.00","--","--","57290.00","-23932.00","--","33358.00","57290.00","--","--","33358.00","--","--","0.59"
"115/08/21","115","2","6259","百徽","365786.00","284146.00","--","--","81640.00","--","--","81640.00","60312.00","--","21328.00","10414.00","31742.00","2504.00","29238.00","--","--","29238.00","5910.00","--","35148.00","29132.00","--","106.00","35042.00","--","106.00","1.05"
"115/08/21","115","2","6261","久元","2139005.00","1493072.00","--","--","645933.00","--","--","645933.00","467121.00","37203.00","216015.00","71592.00","287607.00","20209.00","267398.00","--","--","267398.00","212880.00","--","480278.00","283627.00","--","-16229.00","489996.00","--","-9718.00","2.21"
"115/08/21","115","2","6263","普萊德","967490.00","502398.00","--","--","465092.00","--","--","465092.00","138562.00","--","326530.00","18663.00","345193.00","61464.00","283729.00","--","--","283729.00","--","--","283729.00","283729.00","--","0.00","283729.00","--","0.00","4.54"
"115/08/21","115","2","6264","富裔","44155.00","24244.00","--","--","19911.00","--","--","19911.00","72117.00","--","-52206.00","-29753.00","-81959.00","2428.00","-84387.00","--","--","-84387.00","--","--","-84387.00","-67901.00","--","-16486.00","-67901.00","--","-16486.00","-0.50"
"115/08/21","115","2","6265","方土昶","2425951.00","1543294.00","--","--","882657.00","--","--","882657.00","68413.00","--","814244.00","108475.00","922719.00","161811.00","760908.00","--","--","760908.00","8670.00","--","769578.00","760908.00","--","--","769578.00","--","--","6.44"
"115/08/21","115","2","6266","泰詠","1550075.00","1287374.00","--","--","262701.00","--","--","262701.00","107111.00","--","155590.00","17516.00","173106.00","31811.00","141295.00","--","--","141295.00","23524.00","--","164819.00","141295.00","--","--","164819.00","--","--","0.92"
"115/08/21","115","2","6270","倍微","1675616.00","1525795.00","--","--","149821.00","--","--","149821.00","111085.00","--","38736.00","6795.00","45531.00","4171.00","41360.00","--","--","41360.00","415469.00","--","456829.00","41360.00","--","--","456829.00","--","--","0.57"
"115/08/21","115","2","6274","台燿","24355008.00","17576879.00","--","--","6778129.00","--","--","6778129.00","1592657.00","--","5185472.00","115316.00","5300788.00","1699074.00","3601714.00","--","--","3601714.00","459005.00","--","4060719.00","3601714.00","--","--","4060719.00","--","--","12.40"
"115/08/21","115","2","6275","元山","2180819.00","1790459.00","--","--","390360.00","--","--","390360.00","312849.00","--","77511.00","19018.00","96529.00","19484.00","77045.00","--","--","77045.00","18544.00","--","95589.00","77635.00","--","-590.00","96176.00","--","-587.00","0.97"
"115/08/21","115","2","6276","安鈦克","399400.00","344265.00","--","--","55135.00","--","--","55135.00","144808.00","--","-89673.00","-15596.00","-105269.00","0.00","-105269.00","--","--","-105269.00","508.00","--","-104761.00","-105269.00","--","--","-104761.00","--","0.00","-4.78"
"115/08/21","115","2","6279","胡連","4869954.00","3537019.00","--","--","1332935.00","--","--","1332935.00","770995.00","--","561940.00","97582.00","659522.00","132401.00","527121.00","--","--","527121.00","178506.00","--","705627.00","523914.00","--","3207.00","705299.00","--","328.00","4.40"
"115/08/21","115","2","6284","佳邦","3566746.00","2898812.00","--","--","667934.00","--","--","667934.00","471470.00","--","196464.00","32021.00","228485.00","98525.00","129960.00","--","--","129960.00","1142045.00","--","1272005.00","134192.00","--","-4232.00","1276237.00","--","-4232.00","0.91"
"115/08/21","115","2","6290","良維","5306328.00","3677135.00","--","--","1629193.00","--","--","1629193.00","824047.00","142211.00","947357.00","50954.00","998311.00","229973.00","768338.00","--","--","768338.00","101543.00","--","869881.00","763089.00","--","5249.00","856036.00","--","13845.00","4.50"
"115/08/21","115","2","6291","沛亨","1362697.00","837192.00","--","--","525505.00","--","--","525505.00","194438.00","--","331067.00","4379.00","335446.00","68905.00","266541.00","--","--","266541.00","5824.00","--","272365.00","266955.00","--","-414.00","272088.00","--","277.00","6.36"
"115/08/21","115","2","6292","迅德","595054.00","364219.00","--","--","230835.00","--","--","230835.00","150782.00","6184.00","86237.00","96573.00","182810.00","18959.00","163851.00","--","--","163851.00","3711.00","--","167562.00","163851.00","--","--","167562.00","--","--","3.52"
"115/08/21","115","2","6294","智基","470773.00","281328.00","--","--","189445.00","--","--","189445.00","109997.00","--","79448.00","-11520.00","67928.00","12547.00","55381.00","--","--","55381.00","--","--","55381.00","55381.00","--","--","55381.00","--","--","2.13"
"115/08/21","115","2","6411","晶焱","1353626.00","898751.00","--","--","454875.00","--","--","454875.00","398034.00","--","56841.00","181962.00","238803.00","40092.00","198711.00","--","--","198711.00","10675.00","--","209386.00","223706.00","--","-24995.00","233394.00","--","-24008.00","2.30"
"115/08/21","115","2","6417","韋僑","934153.00","610499.00","--","--","323654.00","--","--","323654.00","136062.00","--","187592.00","7011.00","194603.00","41769.00","152834.00","--","--","152834.00","42.00","--","152876.00","152834.00","--","--","152876.00","--","--","3.62"
"115/08/21","115","2","6418","詠昇","436718.00","349999.00","--","--","86719.00","--","--","86719.00","67492.00","--","19227.00","-8513.00","10714.00","2462.00","8252.00","--","--","8252.00","9670.00","--","17922.00","8252.00","--","--","17922.00","--","--","0.24"
"115/08/21","115","2","6419","京晨科","668291.00","515789.00","--","--","152502.00","--","--","152502.00","102481.00","--","50021.00","226513.00","276534.00","20832.00","255702.00","--","--","255702.00","1870.00","--","257572.00","255702.00","--","0.00","257572.00","--","0.00","19.43"
"115/08/21","115","2","6423","億而得","125179.00","1345.00","--","--","123834.00","--","--","123834.00","102447.00","--","21387.00","356.00","21743.00","7012.00","14731.00","--","--","14731.00","--","--","14731.00","--","--","--","--","--","--","0.49"
"115/08/21","115","2","6425","易發","874207.00","597932.00","--","--","276275.00","--","--","276275.00","254543.00","--","21732.00","14299.00","36031.00","1911.00","34120.00","--","--","34120.00","-3893.00","--","30227.00","33664.00","--","456.00","29771.00","--","456.00","0.66"
"115/08/21","115","2","6432","今展科","615980.00","480609.00","--","--","135371.00","--","--","135371.00","114118.00","--","21253.00","42317.00","63570.00","7961.00","55609.00","--","--","55609.00","22172.00","--","77781.00","55609.00","--","--","77781.00","--","--","1.64"
"115/08/21","115","2","6435","大中","1898561.00","1379032.00","--","--","519529.00","--","--","519529.00","216163.00","--","303366.00","27810.00","331176.00","56299.00","274877.00","--","--","274877.00","192293.00","--","467170.00","--","--","--","--","--","--","7.35"
"115/08/21","115","2","6441","廣錠","61350.00","133284.00","--","--","-71934.00","--","--","-71934.00","66207.00","--","-138141.00","-3045.00","-141186.00","386.00","-141572.00","--","--","-141572.00","2.00","--","-141570.00","-140328.00","--","-1244.00","-140326.00","--","-1244.00","-2.63"
"115/08/21","115","2","6461","益得","36447.00","126177.00","--","--","-89730.00","--","--","-89730.00","114928.00","--","-204658.00","-9901.00","-214559.00","0.00","-214559.00","--","--","-214559.00","--","--","-214559.00","--","--","--","--","--","--","-1.22"
"115/08/21","115","2","6462","神盾","3915190.00","2952794.00","--","--","962396.00","--","--","962396.00","1812111.00","--","-849715.00","324034.00","-525681.00","-26291.00","-499390.00","--","--","-499390.00","107957.00","--","-391433.00","-277857.00","--","-221533.00","-169272.00","--","-222161.00","-3.05"
"115/08/21","115","2","6465","威潤","155686.00","31125.00","--","--","124561.00","--","--","124561.00","74568.00","--","49993.00","37014.00","87007.00","2274.00","84733.00","--","--","84733.00","-130.00","--","84603.00","84733.00","--","--","84603.00","--","--","1.80"
"115/08/21","115","2","6469","大樹","9578011.00","6879891.00","--","--","2698120.00","--","--","2698120.00","2474009.00","--","224111.00","37641.00","261752.00","39339.00","222413.00","--","--","222413.00","-12640.00","--","209773.00","235569.00","--","-13156.00","220811.00","--","-11038.00","1.57"
"115/08/21","115","2","6470","宇智","565325.00","470770.00","--","--","94555.00","--","--","94555.00","90855.00","--","3700.00","26678.00","30378.00","-9709.00","40087.00","--","--","40087.00","2161.00","--","42248.00","40087.00","--","--","42248.00","--","--","1.06"
"115/08/21","115","2","6474","華豫寧","2172752.00","1708751.00","--","--","464001.00","--","--","464001.00","340752.00","--","123249.00","7468.00","130717.00","23169.00","107548.00","--","--","107548.00","16001.00","--","123549.00","107548.00","--","--","123549.00","--","--","2.05"
"115/08/21","115","2","6482","弘煜科","188864.00","2502.00","--","--","186362.00","--","--","186362.00","165630.00","--","20732.00","1200.00","21932.00","8329.00","13603.00","--","--","13603.00","-1524.00","--","12079.00","13383.00","--","220.00","11961.00","--","118.00","0.47"
"115/08/21","115","2","6485","點序","633586.00","279104.00","--","--","354482.00","--","--","354482.00","404874.00","--","-50392.00","16251.00","-34141.00","-1921.00","-32220.00","--","--","-32220.00","--","--","-32220.00","-32220.00","--","--","-32220.00","--","--","-0.70"
"115/08/21","115","2","6486","互動","1036087.00","747521.00","--","--","288566.00","--","--","288566.00","229231.00","--","59335.00","8902.00","68237.00","17503.00","50734.00","--","--","50734.00","399.00","--","51133.00","53201.00","--","-2467.00","53600.00","--","-2467.00","1.05"
"115/08/21","115","2","6488","環球晶","29199108.00","23145169.00","--","--","6053939.00","--","--","6053939.00","3155755.00","--","2898184.00","4033444.00","6931628.00","1256685.00","5674943.00","--","--","5674943.00","475744.00","--","6150687.00","5674905.00","--","38.00","6150799.00","--","-112.00","11.87"
"115/08/21","115","2","6492","生華科","480.00","210.00","--","--","270.00","--","--","270.00","153989.00","--","-153719.00","4388.00","-149331.00","0.00","-149331.00","--","--","-149331.00","831.00","--","-148500.00","-149331.00","--","--","-148500.00","--","--","-1.67"
"115/08/21","115","2","6494","九齊","827370.00","587850.00","--","--","239520.00","--","--","239520.00","175400.00","--","64120.00","12983.00","77103.00","14483.00","62620.00","--","--","62620.00","2294.00","--","64914.00","62620.00","--","--","64914.00","--","--","1.98"
"115/08/21","115","2","6496","科懋","450547.00","279093.00","--","--","171454.00","--","--","171454.00","286677.00","--","-115223.00","6230.00","-108993.00","3210.00","-112203.00","--","--","-112203.00","-6880.00","--","-119083.00","-112203.00","--","--","-119083.00","--","--","-2.41"
"115/08/21","115","2","6498","久禾光","723777.00","399429.00","--","--","324348.00","--","--","324348.00","113759.00","--","210589.00","19300.00","229889.00","60023.00","169866.00","--","--","169866.00","26824.00","--","196690.00","169866.00","--","--","196690.00","--","--","3.60"
"115/08/21","115","2","6499","益安","220900.00","191630.00","--","--","29270.00","--","--","29270.00","300886.00","--","-271616.00","-2253.00","-273869.00","23.00","-273892.00","--","--","-273892.00","4398.00","--","-269494.00","-246623.00","--","-27269.00","-242449.00","--","-27045.00","-2.54"
"115/08/21","115","2","6506","雙邦","1117038.00","889297.00","--","--","227741.00","--","--","227741.00","103545.00","--","124196.00","45.00","124241.00","24843.00","99398.00","--","--","99398.00","0.00","--","99398.00","77761.00","--","21637.00","77761.00","--","21637.00","0.94"
"115/08/21","115","2","6508","惠光","908396.00","678035.00","--","--","230361.00","--","--","230361.00","165036.00","2921.00","68246.00","28820.00","97066.00","21232.00","75834.00","--","--","75834.00","9218.00","--","85052.00","75834.00","--","--","85052.00","--","--","0.88"
"115/08/21","115","2","6509","聚和","2716632.00","1747789.00","--","--","968843.00","--","--","968843.00","387435.00","--","581408.00","-9670.00","571738.00","147395.00","424343.00","--","--","424343.00","154488.00","--","578831.00","424343.00","--","--","578831.00","--","--","2.16"
"115/08/21","115","2","6510","精測","2996984.00","1283359.00","--","--","1713625.00","--","--","1713625.00","746701.00","-9.00","966915.00","47239.00","1014154.00","182771.00","831383.00","--","--","831383.00","78981.00","--","910364.00","835797.00","--","-4414.00","914778.00","--","-4414.00","25.45"
"115/08/21","115","2","6512","啟發電","51384.00","39081.00","--","--","12303.00","--","--","12303.00","37648.00","--","-25345.00","2426.00","-22919.00","31.00","-22950.00","--","--","-22950.00","--","--","-22950.00","-22950.00","--","--","-22950.00","--","--","-0.91"
"115/08/21","115","2","6516","勤崴國際","325774.00","166834.00","--","--","158940.00","--","--","158940.00","105065.00","-13.00","53862.00","29608.00","83470.00","9853.00","73617.00","--","--","73617.00","-8936.00","--","64681.00","--","--","--","--","--","--","1.32"
"115/08/21","115","2","6517","保勝光學","217657.00","139132.00","--","--","78525.00","--","--","78525.00","50918.00","--","27607.00","14595.00","42202.00","8184.00","34018.00","--","--","34018.00","--","--","34018.00","34018.00","--","--","34018.00","--","--","1.11"
"115/08/21","115","2","6523","達爾膚","479218.00","165690.00","--","--","313528.00","--","--","313528.00","197479.00","--","116049.00","20678.00","136727.00","37495.00","99232.00","--","--","99232.00","--","--","99232.00","99232.00","--","--","99232.00","--","--","2.20"
"115/08/21","115","2","6527","明達醫","406087.00","243132.00","--","--","162955.00","--","--","162955.00","79371.00","--","83584.00","2932.00","86516.00","10348.00","76168.00","--","--","76168.00","243.00","--","76411.00","76168.00","--","--","76411.00","--","--","3.01"
"115/08/21","115","2","6530","創威","186751.00","98479.00","--","--","88272.00","--","--","88272.00","37464.00","--","50808.00","3446.00","54254.00","10778.00","43476.00","--","--","43476.00","--","--","43476.00","--","--","--","--","--","--","1.29"
"115/08/21","115","2","6532","瑞耘","362994.00","220044.00","--","--","142950.00","--","--","142950.00","51581.00","--","91369.00","8358.00","99727.00","24409.00","75318.00","--","--","75318.00","-243.00","--","75075.00","75318.00","--","--","75075.00","--","--","2.01"
"115/08/21","115","2","6535","順藥","9612.00","6176.00","--","--","3436.00","--","--","3436.00","190957.00","--","-187521.00","-96506.00","-284027.00","0.00","-284027.00","--","--","-284027.00","53.00","--","-283974.00","-281619.00","--","-2408.00","-281566.00","--","-2408.00","-1.70"
"115/08/21","115","2","6538","倉和","692622.00","415775.00","--","--","276847.00","--","--","276847.00","180933.00","--","95914.00","11515.00","107429.00","29842.00","77587.00","--","--","77587.00","35481.00","--","113068.00","77587.00","--","--","113068.00","--","--","2.10"
"115/08/21","115","2","6542","隆中","507915.00","102382.00","--","--","405533.00","--","--","405533.00","400159.00","--","5374.00","16017.00","21391.00","9617.00","11774.00","--","--","11774.00","2069.00","--","13843.00","11754.00","--","20.00","13719.00","--","124.00","0.28"
"115/08/21","115","2","6546","正基","1097157.00","793086.00","--","--","304071.00","--","--","304071.00","167271.00","--","136800.00","30591.00","167391.00","27678.00","139713.00","--","--","139713.00","101168.00","--","240881.00","137875.00","--","1838.00","239043.00","--","1838.00","2.06"
"115/08/21","115","2","6547","高端疫苗","220979.00","47994.00","--","--","172985.00","--","--","172985.00","183515.00","0.00","-10530.00","4541.00","-5989.00","0.00","-5989.00","--","--","-5989.00","-20419.00","--","-26408.00","-5989.00","--","--","-26408.00","--","--","-0.02"
"115/08/21","115","2","6548","長科*","7986931.00","6209360.00","--","--","1777571.00","--","--","1777571.00","633513.00","--","1144058.00","293428.00","1437486.00","278160.00","1159326.00","--","--","1159326.00","1679891.00","--","2839217.00","1124631.00","--","34695.00","2734354.00","--","104863.00","1.22"
"115/08/21","115","2","6556","勝品","756040.00","500482.00","--","--","255558.00","--","--","255558.00","111426.00","--","144132.00","6771.00","150903.00","30751.00","120152.00","--","--","120152.00","455.00","--","120607.00","115574.00","--","4578.00","115759.00","--","4848.00","4.02"
"115/08/21","115","2","6560","欣普羅","136888.00","88806.00","--","--","48082.00","--","--","48082.00","47543.00","--","539.00","14537.00","15076.00","3092.00","11984.00","--","--","11984.00","--","--","11984.00","--","--","--","--","--","--","0.37"
"115/08/21","115","2","6561","是方","2025956.00","1042389.00","--","--","983567.00","--","--","983567.00","229767.00","422.00","754222.00","-16018.00","738204.00","151278.00","586926.00","--","--","586926.00","490.00","--","587416.00","585273.00","--","1653.00","585419.00","--","1997.00","7.57"
"115/08/21","115","2","6568","宏觀","658711.00","411055.00","--","--","247656.00","617.00","--","247039.00","158836.00","--","88203.00","9370.00","97573.00","21723.00","75850.00","--","--","75850.00","671.00","--","76521.00","75850.00","--","--","76521.00","--","--","2.48"
"115/08/21","115","2","6569","醫揚","806545.00","546160.00","--","--","260385.00","--","--","260385.00","214002.00","--","46383.00","70042.00","116425.00","13365.00","103060.00","--","--","103060.00","-15522.00","--","87538.00","103060.00","--","0.00","87538.00","--","0.00","2.64"
"115/08/21","115","2","6570","維田","550358.00","341205.00","--","--","209153.00","--","--","209153.00","129529.00","--","79624.00","460.00","80084.00","15902.00","64182.00","--","--","64182.00","6431.00","--","70613.00","64182.00","--","--","70613.00","--","--","1.73"
"115/08/21","115","2","6574","霈方","414605.00","184487.00","--","--","230118.00","--","--","230118.00","60866.00","--","169252.00","67392.00","236644.00","37090.00","199554.00","--","--","199554.00","41297.00","--","240851.00","199554.00","--","--","240851.00","--","--","9.07"
"115/08/21","115","2","6576","逸達","261961.00","83042.00","--","--","178919.00","--","--","178919.00","420609.00","--","-241690.00","562180.00","320490.00","37347.00","283143.00","--","--","283143.00","3114.00","--","286257.00","283143.00","--","--","286257.00","--","--","1.80"
"115/08/21","115","2","6577","勁豐","1053361.00","693564.00","--","--","359797.00","--","--","359797.00","163553.00","--","196244.00","58683.00","254927.00","43800.00","211127.00","--","--","211127.00","2697.00","--","213824.00","211127.00","--","--","213824.00","--","--","3.52"
"115/08/21","115","2","6578","達邦蛋白","189575.00","143566.00","--","--","46009.00","--","--","46009.00","35203.00","--","10806.00","7011.00","17817.00","3075.00","14742.00","--","--","14742.00","5295.00","--","20037.00","14742.00","--","--","20037.00","--","--","0.20"
"115/08/21","115","2","6584","南俊國際","1713269.00","999165.00","--","--","714104.00","--","--","714104.00","207313.00","--","506791.00","60403.00","567194.00","112831.00","454363.00","--","--","454363.00","5834.00","--","460197.00","454363.00","--","--","460197.00","--","--","6.47"
"115/08/21","115","2","6588","東典光電","183757.00","128741.00","--","--","55016.00","--","--","55016.00","46017.00","--","8999.00","-680.00","8319.00","13.00","8306.00","--","--","8306.00","7177.00","--","15483.00","9210.00","--","-904.00","16387.00","--","-904.00","0.27"
"115/08/21","115","2","6590","普鴻","370464.00","215605.00","--","--","154859.00","--","--","154859.00","98170.00","--","56689.00","21941.00","78630.00","10855.00","67775.00","--","--","67775.00","45.00","--","67820.00","61512.00","--","6263.00","61557.00","--","6263.00","2.50"
"115/08/21","115","2","6593","台灣銘板","240881.00","183495.00","--","--","57386.00","--","--","57386.00","81949.00","--","-24563.00","-23712.00","-48275.00","-6641.00","-41634.00","--","--","-41634.00","11.00","--","-41623.00","-41485.00","--","-149.00","-41475.00","--","-148.00","-1.30"
"115/08/21","115","2","6596","寬宏藝術","1322418.00","879200.00","--","--","443218.00","--","--","443218.00","111603.00","0.00","331615.00","17862.00","349477.00","69430.00","280047.00","0.00","--","280047.00","-85.00","--","279962.00","280047.00","--","--","279962.00","--","--","7.37"
"115/08/21","115","2","6597","立誠","307148.00","255985.00","--","--","51163.00","--","--","51163.00","67186.00","--","-16023.00","-2855.00","-18878.00","-4812.00","-14066.00","--","--","-14066.00","--","--","-14066.00","--","--","--","--","--","--","-0.48"
"115/08/21","115","2","6603","富強鑫","2255371.00","1691492.00","--","--","563879.00","--","--","563879.00","517338.00","--","46541.00","-106.00","46435.00","21130.00","25305.00","--","--","25305.00","108617.00","--","133922.00","23840.00","--","1465.00","122400.00","--","11522.00","0.14"
"115/08/21","115","2","6609","瀧澤科","1154898.00","951017.00","--","--","203881.00","--","--","203881.00","195954.00","--","7927.00","20642.00","28569.00","19532.00","9037.00","--","--","9037.00","16000.00","--","25037.00","9037.00","--","--","25037.00","--","--","0.12"
"115/08/21","115","2","6612","奈米醫材","646276.00","298433.00","--","--","347843.00","--","--","347843.00","274649.00","--","73194.00","9898.00","83092.00","45447.00","37645.00","--","--","37645.00","25941.00","--","63586.00","72635.00","--","-34990.00","96723.00","--","-33137.00","1.53"
"115/08/21","115","2","6613","朋億*","6128443.00","4469207.00","--","--","1659236.00","--","--","1659236.00","689423.00","--","969813.00","40522.00","1010335.00","214663.00","795672.00","--","--","795672.00","964741.00","--","1760413.00","661975.00","--","133697.00","1603086.00","--","157327.00","8.51"
"115/08/21","115","2","6615","慧智","190106.00","137086.00","--","--","53020.00","--","--","53020.00","57283.00","--","-4263.00","24484.00","20221.00","309.00","19912.00","--","--","19912.00","79.00","--","19991.00","19933.00","--","-21.00","20002.00","--","-11.00","0.92"
"115/08/21","115","2","6620","漢達","421566.00","82032.00","--","--","339534.00","--","--","339534.00","232504.00","--","107030.00","51010.00","158040.00","50180.00","107860.00","--","--","107860.00","26048.00","--","133908.00","107860.00","--","--","133908.00","--","--","0.65"
"115/08/21","115","2","6624","萬年清","188533.00","156140.00","--","--","32393.00","--","--","32393.00","35176.00","--","-2783.00","4285.00","1502.00","1016.00","486.00","--","--","486.00","-27.00","--","459.00","154.00","--","332.00","125.00","--","334.00","0.01"
"115/08/21","115","2","6637","醫影","520520.00","378395.00","--","--","142125.00","--","--","142125.00","54866.00","--","87259.00","-1425.00","85834.00","16234.00","69600.00","--","--","69600.00","4706.00","--","74306.00","69600.00","--","--","74306.00","--","--","2.60"
"115/08/21","115","2","6640","均華","1651841.00","939294.00","--","--","712547.00","--","--","712547.00","393682.00","--","318865.00","17348.00","336213.00","66077.00","270136.00","--","--","270136.00","2769277.00","--","3039413.00","270136.00","--","0.00","3039413.00","--","0.00","9.52"
"115/08/21","115","2","6642","富致","321278.00","155832.00","--","--","165446.00","--","--","165446.00","78813.00","--","86633.00","8259.00","94892.00","9735.00","85157.00","--","--","85157.00","-2948.00","--","82209.00","85157.00","--","--","82209.00","--","--","2.28"
"115/08/21","115","2","6643","M31","816598.00","--","--","--","816598.00","--","--","816598.00","899700.00","--","-83102.00","32245.00","-50857.00","1128.00","-51985.00","--","--","-51985.00","797.00","--","-51188.00","-51985.00","--","--","-51188.00","--","--","-1.24"
"115/08/21","115","2","6649","台生材","63341.00","29342.00","--","--","33999.00","--","--","33999.00","40904.00","--","-6905.00","7665.00","760.00","0.00","760.00","--","--","760.00","--","--","760.00","--","--","--","--","--","--","0.02"
"115/08/21","115","2","6651","全宇昕","862935.00","542752.00","--","--","320183.00","--","--","320183.00","118745.00","1544.00","202982.00","13589.00","216571.00","40807.00","175764.00","--","--","175764.00","--","--","175764.00","--","--","--","--","--","--","5.08"
"115/08/21","115","2","6654","天正國際","327659.00","264407.00","--","--","63252.00","--","--","63252.00","82134.00","--","-18882.00","7244.00","-11638.00","-61725.00","50087.00","--","--","50087.00","138724.00","--","188811.00","52135.00","--","-2048.00","190859.00","--","-2048.00","1.27"
"115/08/21","115","2","6661","威健生技","190976.00","111248.00","--","--","79728.00","--","--","79728.00","87057.00","--","-7329.00","-758.00","-8087.00","19.00","-8106.00","--","--","-8106.00","-164.00","--","-8270.00","-7995.00","--","-111.00","-8159.00","--","-111.00","-0.34"
"115/08/21","115","2","6662","樂斯科","125527.00","79466.00","--","--","46061.00","--","--","46061.00","28504.00","--","17557.00","2150.00","19707.00","3953.00","15754.00","--","--","15754.00","-6325.00","--","9429.00","--","--","--","--","--","--","0.62"
"115/08/21","115","2","6664","群翊","1380757.00","707390.00","--","--","673367.00","--","--","673367.00","203581.00","--","469786.00","93087.00","562873.00","118735.00","444138.00","--","--","444138.00","18249.00","--","462387.00","444138.00","--","--","462387.00","--","--","7.29"
"115/08/21","115","2","6667","信紘科","3219118.00","2470535.00","--","--","748583.00","--","--","748583.00","393529.00","--","355054.00","111744.00","466798.00","94035.00","372763.00","--","--","372763.00","-199.00","--","372564.00","379278.00","--","-6515.00","379080.00","--","-6516.00","7.70"
"115/08/21","115","2","6679","鈺太","1084310.00","527530.00","--","--","556780.00","--","--","556780.00","292488.00","--","264292.00","123630.00","387922.00","50186.00","337736.00","--","--","337736.00","648949.00","--","986685.00","337736.00","--","--","986685.00","--","--","6.34"
"115/08/21","115","2","6680","鑫創電子","293407.00","192724.00","--","--","100683.00","--","--","100683.00","96007.00","--","4676.00","-2220.00","2456.00","496.00","1960.00","--","--","1960.00","154.00","--","2114.00","1960.00","--","--","2114.00","--","--","0.08"
"115/08/21","115","2","6683","雍智科技","1316245.00","660649.00","--","--","655596.00","--","--","655596.00","276121.00","--","379475.00","41668.00","421143.00","87858.00","333285.00","--","--","333285.00","7017.00","--","340302.00","333285.00","--","--","340302.00","--","--","12.24"
"115/08/21","115","2","6684","安格","157788.00","65058.00","--","--","92730.00","--","--","92730.00","102069.00","--","-9339.00","8866.00","-473.00","586.00","-1059.00","--","--","-1059.00","-68169.00","--","-69228.00","90.00","--","-1149.00","-68079.00","--","-1149.00","0.00"
"115/08/21","115","2","6690","安�硌穈T","1284281.00","783955.00","--","--","500326.00","--","--","500326.00","318190.00","--","182136.00","8271.00","190407.00","37412.00","152995.00","--","--","152995.00","1465.00","--","154460.00","152995.00","--","--","154460.00","--","--","5.10"
"115/08/21","115","2","6692","進能服","366418.00","398161.00","--","--","-31743.00","--","--","-31743.00","91839.00","--","-123582.00","30802.00","-92780.00","-24909.00","-67871.00","--","--","-67871.00","--","--","-67871.00","-67897.00","0.00","26.00","-67897.00","0.00","26.00","-1.16"
"115/08/21","115","2","6693","廣閎科","1167115.00","808286.00","--","--","358829.00","--","--","358829.00","184502.00","--","174327.00","14745.00","189072.00","36980.00","152092.00","--","--","152092.00","38770.00","--","190862.00","152092.00","0.00","0.00","190862.00","0.00","0.00","3.38"
"115/08/21","115","2","6697","東捷資訊","711956.00","595967.00","--","--","115989.00","--","--","115989.00","61116.00","--","54873.00","9339.00","64212.00","13232.00","50980.00","--","--","50980.00","1639.00","--","52619.00","50980.00","--","--","52619.00","--","--","1.86"
"115/08/21","115","2","6703","軒郁","1715899.00","644020.00","--","--","1071879.00","--","--","1071879.00","885300.00","--","186579.00","-1110.00","185469.00","37476.00","147993.00","--","--","147993.00","-7186.00","--","140807.00","148560.00","--","-567.00","141374.00","--","-567.00","4.13"
"115/08/21","115","2","6708","天擎","134559.00","62992.00","--","--","71567.00","--","--","71567.00","69843.00","--","1724.00","2606.00","4330.00","1647.00","2683.00","--","--","2683.00","4081.00","--","6764.00","2683.00","--","--","6764.00","--","--","0.09"
"115/08/21","115","2","6712","長聖","462547.00","100448.00","--","--","362099.00","--","--","362099.00","153118.00","--","208981.00","60456.00","269437.00","47231.00","222206.00","--","--","222206.00","717.00","--","222923.00","222206.00","--","--","222923.00","--","--","2.20"
"115/08/21","115","2","6716","應廣","829325.00","498430.00","--","--","330895.00","--","--","330895.00","188866.00","--","142029.00","17223.00","159252.00","22308.00","136944.00","--","--","136944.00","2889.00","--","139833.00","136944.00","--","--","139833.00","--","--","4.65"
"115/08/21","115","2","6720","久昌","192746.00","109404.00","--","--","83342.00","--","--","83342.00","65726.00","--","17616.00","41862.00","59478.00","10162.00","49316.00","--","--","49316.00","9166.00","--","58482.00","49316.00","--","--","58482.00","--","--","1.65"
"115/08/21","115","2","6721","信實","1835850.00","1723868.00","--","--","111982.00","--","--","111982.00","31151.00","--","80831.00","1592.00","82423.00","17573.00","64850.00","--","--","64850.00","--","--","64850.00","64889.00","--","-39.00","64850.00","--","--","2.88"
"115/08/21","115","2","6725","矽科宏晟","1883979.00","1452951.00","--","--","431028.00","--","--","431028.00","209759.00","--","221269.00","-1537.00","219732.00","39841.00","179891.00","--","--","179891.00","7670.00","--","187561.00","179891.00","--","0.00","187561.00","--","0.00","4.85"
"115/08/21","115","2","6727","亞泰金屬","1192336.00","876755.00","--","--","315581.00","--","--","315581.00","126429.00","--","189152.00","14835.00","203987.00","41324.00","162663.00","--","--","162663.00","9317.00","--","171980.00","162663.00","--","--","171980.00","--","--","6.05"
"115/08/21","115","2","6728","上洋","2475533.00","1558749.00","--","--","916784.00","--","--","916784.00","729795.00","--","186989.00","-6155.00","180834.00","37079.00","143755.00","--","--","143755.00","-400.00","--","143355.00","154652.00","--","-10897.00","154252.00","--","-10897.00","5.14"
"115/08/21","115","2","6730","常廣","242022.00","132702.00","--","--","109320.00","--","--","109320.00","70807.00","--","38513.00","1655.00","40168.00","8034.00","32134.00","--","--","32134.00","53.00","--","32187.00","32134.00","--","--","32187.00","--","--","0.89"
"115/08/21","115","2","6732","昇佳電子","2037803.00","1597601.00","--","--","440202.00","--","--","440202.00","348480.00","31.00","91753.00","134861.00","226614.00","26772.00","199842.00","--","--","199842.00","482078.00","--","681920.00","--","--","--","--","--","--","4.09"
"115/08/21","115","2","6733","博晟生醫","114435.00","32914.00","--","--","81521.00","--","--","81521.00","133183.00","--","-51662.00","4163.00","-47499.00","-4197.00","-43302.00","--","--","-43302.00","-285.00","--","-43587.00","-39706.00","--","-3596.00","-40822.00","--","-2765.00","-0.31"
"115/08/21","115","2","6735","美達科技","199435.00","98684.00","--","--","100751.00","--","--","100751.00","86543.00","--","14208.00","16064.00","30272.00","6324.00","23948.00","--","--","23948.00","-1970.00","--","21978.00","23948.00","--","--","21978.00","--","--","0.52"
"115/08/21","115","2","6739","竹陞科技","643983.00","209226.00","--","--","434757.00","--","--","434757.00","57547.00","--","377210.00","8349.00","385559.00","75042.00","310517.00","--","--","310517.00","315.00","--","310832.00","310517.00","--","--","310832.00","--","--","13.31"
"115/08/21","115","2","6741","91APP*-KY","1099256.00","289174.00","--","--","810082.00","--","--","810082.00","509249.00","--","300833.00","31708.00","332541.00","67560.00","264981.00","--","--","264981.00","-3819.00","--","261162.00","262368.00","--","2613.00","258490.00","--","2672.00","2.30"
"115/08/21","115","2","6751","智聯服務","852461.00","734551.00","--","--","117910.00","--","--","117910.00","88436.00","--","29474.00","9919.00","39393.00","6787.00","32606.00","--","--","32606.00","4548.00","--","37154.00","29847.00","--","2759.00","34316.00","--","2838.00","1.34"
"115/08/21","115","2","6752","叡揚","987948.00","524616.00","--","--","463332.00","--","--","463332.00","346592.00","--","116740.00","10314.00","127054.00","17733.00","109321.00","--","--","109321.00","-423.00","--","108898.00","109225.00","--","96.00","108802.00","--","96.00","2.94"
"115/08/21","115","2","6761","穩得","981186.00","606678.00","--","--","374508.00","--","--","374508.00","222902.00","--","151606.00","1802.00","153408.00","27166.00","126242.00","--","--","126242.00","-4259.00","--","121983.00","126012.00","--","230.00","121753.00","--","230.00","3.62"
"115/08/21","115","2","6762","達亞","342767.00","266792.00","--","--","75975.00","--","--","75975.00","57581.00","--","18394.00","-9581.00","8813.00","900.00","7913.00","--","--","7913.00","--","--","7913.00","--","--","--","--","--","--","0.21"
"115/08/21","115","2","6763","綠界科技*","934775.00","546413.00","--","--","388362.00","--","--","388362.00","160450.00","--","227912.00","28356.00","256268.00","58931.00","197337.00","--","--","197337.00","-8247.00","--","189090.00","199617.00","--","-2280.00","191370.00","--","-2280.00","1.08"
"115/08/21","115","2","6767","台微醫","166561.00","37548.00","--","--","129013.00","--","--","129013.00","126647.00","--","2366.00","-2971.00","-605.00","-4.00","-601.00","--","--","-601.00","34.00","--","-567.00","-601.00","--","--","-567.00","--","--","-0.02"
"115/08/21","115","2","6785","昱展新藥","1500.00","145.00","--","--","1355.00","--","--","1355.00","60261.00","--","-58906.00","43072.00","-15834.00","3763.00","-19597.00","--","--","-19597.00","--","--","-19597.00","--","--","--","--","--","--","-0.29"
"115/08/21","115","2","6788","華景電","1427133.00","568103.00","--","--","859030.00","--","--","859030.00","361125.00","--","497905.00","17731.00","515636.00","138676.00","376960.00","--","--","376960.00","41049.00","--","418009.00","379378.00","--","-2418.00","420427.00","--","-2418.00","9.79"
"115/08/21","115","2","6791","虎門科技","400586.00","238173.00","--","--","162413.00","--","--","162413.00","107391.00","--","55022.00","12357.00","67379.00","12699.00","54680.00","--","--","54680.00","-150.00","--","54530.00","55184.00","--","-504.00","55034.00","--","-504.00","2.65"
"115/08/21","115","2","6803","崑鼎","4710069.00","3802592.00","--","--","907477.00","--","--","907477.00","67495.00","--","839982.00","26797.00","866779.00","161255.00","705524.00","--","--","705524.00","23119.00","--","728643.00","651771.00","--","53753.00","674971.00","--","53672.00","8.96"
"115/08/21","115","2","6804","明係","784208.00","698847.00","--","--","85361.00","--","--","85361.00","64292.00","--","21069.00","1664.00","22733.00","5568.00","17165.00","--","--","17165.00","0.00","--","17165.00","17165.00","--","--","17165.00","--","--","0.38"
"115/08/21","115","2","6811","宏�硌穈T","5923797.00","5188915.00","--","--","734882.00","--","492.00","735374.00","246643.00","--","488731.00","9665.00","498396.00","105150.00","393246.00","--","--","393246.00","5638.00","--","398884.00","393246.00","0.00","--","398884.00","0.00","--","9.49"
"115/08/21","115","2","6821","聯寶","284514.00","181096.00","--","--","103418.00","--","--","103418.00","86308.00","--","17110.00","21959.00","39069.00","6368.00","32701.00","--","--","32701.00","8479.00","--","41180.00","32701.00","--","--","41180.00","--","--","1.03"
"115/08/21","115","2","6823","濾能","310866.00","354763.00","--","--","-43897.00","--","--","-43897.00","100551.00","--","-144448.00","1274.00","-143174.00","-999.00","-142175.00","--","--","-142175.00","16507.00","--","-125668.00","-143888.00","--","1713.00","-127381.00","--","1713.00","-4.73"
"115/08/21","115","2","6829","千附精密","1171369.00","855781.00","--","--","315588.00","--","--","315588.00","109128.00","--","206460.00","13007.00","219467.00","42204.00","177263.00","--","--","177263.00","--","--","177263.00","--","--","--","--","--","--","2.99"
"115/08/21","115","2","6840","東研信超","489203.00","293406.00","--","--","195797.00","--","--","195797.00","159831.00","--","35966.00","-1289.00","34677.00","2496.00","32181.00","--","--","32181.00","19891.00","--","52072.00","32181.00","--","--","52072.00","--","--","1.06"
"115/08/21","115","2","6841","長佳智能","167138.00","44943.00","--","--","122195.00","--","--","122195.00","97723.00","--","24472.00","2236.00","26708.00","17570.00","9138.00","--","--","9138.00","--","--","9138.00","12397.00","--","-3259.00","12397.00","--","-3259.00","0.13"
"115/08/21","115","2","6843","進典","371069.00","226811.00","--","--","144258.00","--","--","144258.00","133090.00","--","11168.00","2940.00","14108.00","-3855.00","17963.00","--","--","17963.00","10082.00","--","28045.00","20236.00","--","-2273.00","30313.00","--","-2268.00","0.61"
"115/08/21","115","2","6844","諾貝兒","1705388.00","1122980.00","--","--","582408.00","--","--","582408.00","540390.00","--","42018.00","44149.00","86167.00","10340.00","75827.00","--","--","75827.00","-6463.00","--","69364.00","75827.00","--","--","69364.00","--","--","2.03"
"115/08/21","115","2","6846","綠茵","393850.00","207219.00","--","--","186631.00","--","--","186631.00","125379.00","--","61252.00","-2287.00","58965.00","12916.00","46049.00","--","--","46049.00","-148.00","--","45901.00","46049.00","--","--","45901.00","--","--","1.70"
"115/08/21","115","2","6855","數泓科","311220.00","159395.00","--","--","151825.00","--","--","151825.00","49762.00","--","102063.00","21490.00","123553.00","27029.00","96524.00","--","--","96524.00","1630.00","--","98154.00","--","--","--","--","--","--","4.15"
"115/08/21","115","2","6856","鑫傳","347891.00","108330.00","--","--","239561.00","--","--","239561.00","187030.00","--","52531.00","-6797.00","45734.00","13797.00","31937.00","--","--","31937.00","-5289.00","--","26648.00","35340.00","--","-3403.00","30051.00","--","-3403.00","1.25"
"115/08/21","115","2","6859","伯特光","324397.00","250973.00","--","--","73424.00","--","--","73424.00","56436.00","--","16988.00","32776.00","49764.00","7818.00","41946.00","--","--","41946.00","666.00","--","42612.00","41946.00","--","--","42612.00","--","--","1.01"
"115/08/21","115","2","6865","偉康科技","115555.00","64249.00","--","--","51306.00","--","--","51306.00","74096.00","--","-22790.00","-4373.00","-27163.00","-3774.00","-23389.00","--","--","-23389.00","-75.00","--","-23464.00","--","--","--","--","--","--","-1.50"
"115/08/21","115","2","6870","騰雲","475628.00","140228.00","--","--","335400.00","--","--","335400.00","252745.00","36.00","82691.00","6973.00","89664.00","22567.00","67097.00","--","--","67097.00","3708.00","--","70805.00","71329.00","--","-4232.00","75069.00","--","-4264.00","2.54"
"115/08/21","115","2","6872","浩宇生醫","21505.00","11026.00","--","--","10479.00","--","--","10479.00","90162.00","--","-79683.00","7429.00","-72254.00","--","-72254.00","--","--","-72254.00","803.00","--","-71451.00","-72317.00","--","63.00","-71757.00","--","306.00","-1.02"
"115/08/21","115","2","6874","倍力","1347002.00","1185536.00","--","--","161466.00","--","--","161466.00","75228.00","--","86238.00","-2813.00","83425.00","16689.00","66736.00","--","--","66736.00","--","--","66736.00","--","--","--","--","--","--","3.10"
"115/08/21","115","2","6875","國邑*","1792.00","1462.00","--","--","330.00","--","--","330.00","205474.00","--","-205144.00","10847.00","-194297.00","0.00","-194297.00","--","--","-194297.00","1.00","--","-194296.00","-194297.00","--","--","-194296.00","--","--","-1.50"
"115/08/21","115","2","6877","鏵友益","102821.00","52575.00","--","--","50246.00","--","--","50246.00","104076.00","--","-53830.00","3253.00","-50577.00","495.00","-51072.00","--","--","-51072.00","-2583.00","--","-53655.00","-51072.00","--","--","-53655.00","--","--","-1.09"
"115/08/21","115","2","6881","潤德","1182909.00","932931.00","--","--","249978.00","--","--","249978.00","74374.00","--","175604.00","2777.00","178381.00","35691.00","142690.00","--","--","142690.00","-8573.00","--","134117.00","--","--","--","--","--","--","9.51"
"115/08/21","115","2","6884","海柏特","682223.00","558249.00","--","--","123974.00","--","--","123974.00","102233.00","--","21741.00","1317.00","23058.00","6932.00","16126.00","--","--","16126.00","-4674.00","--","11452.00","16093.00","--","33.00","11435.00","--","17.00","0.88"
"115/08/21","115","2","6894","衛司特","1106308.00","702595.00","--","--","403713.00","--","--","403713.00","90089.00","--","313624.00","1160.00","314784.00","87544.00","227240.00","--","--","227240.00","20201.00","--","247441.00","230811.00","--","-3571.00","249780.00","--","-2339.00","9.70"
"115/08/21","115","2","6895","宏碩系統","208043.00","228023.00","--","--","-19980.00","--","--","-19980.00","53510.00","--","-73490.00","5234.00","-68256.00","2373.00","-70629.00","--","--","-70629.00","--","--","-70629.00","--","--","--","--","--","--","-2.07"
"115/08/21","115","2","6899","創為精密","556324.00","336210.00","--","--","220114.00","--","--","220114.00","126962.00","--","93152.00","21512.00","114664.00","20576.00","94088.00","--","--","94088.00","1518.00","--","95606.00","94289.00","--","-201.00","95807.00","--","-201.00","2.25"
"115/08/21","115","2","6903","巨漢","4004703.00","2716186.00","--","--","1288517.00","--","--","1288517.00","134039.00","--","1154478.00","18709.00","1173187.00","242011.00","931176.00","--","--","931176.00","--","--","931176.00","--","--","--","--","--","--","14.14"
"115/08/21","115","2","6904","伯鑫","476051.00","342579.00","--","--","133472.00","--","--","133472.00","71917.00","--","61555.00","16018.00","77573.00","13178.00","64395.00","--","--","64395.00","1981.00","--","66376.00","64395.00","--","--","66376.00","--","--","3.48"
"115/08/21","115","2","6907","雅特力-KY","1616230.00","1001919.00","--","--","614311.00","--","--","614311.00","359306.00","--","255005.00","12732.00","267737.00","24858.00","242879.00","--","--","242879.00","40860.00","--","283739.00","242879.00","--","--","283739.00","--","--","4.00"
"115/08/21","115","2","6910","德鴻","186951.00","84621.00","--","--","102330.00","--","--","102330.00","68819.00","--","33511.00","1808.00","35319.00","7941.00","27378.00","--","--","27378.00","2167.00","--","29545.00","27378.00","--","--","29545.00","--","--","0.90"
"115/08/21","115","2","6913","鴻呈","1614485.00","1130743.00","--","--","483742.00","--","--","483742.00","261243.00","--","222499.00","16247.00","238746.00","50577.00","188169.00","--","--","188169.00","25998.00","--","214167.00","179149.00","--","9020.00","202316.00","--","11851.00","4.11"
"115/08/21","115","2","6922","宸曜","1135607.00","680742.00","--","--","454865.00","--","--","454865.00","247658.00","--","207207.00","1171.00","208378.00","55581.00","152797.00","--","--","152797.00","5846.00","--","158643.00","152797.00","--","--","158643.00","--","--","5.63"
"115/08/21","115","2","6925","意藍","98441.00","23423.00","--","--","75018.00","--","--","75018.00","52372.00","--","22646.00","3000.00","25646.00","4044.00","21602.00","--","--","21602.00","--","--","21602.00","--","--","--","--","--","--","1.08"
"115/08/21","115","2","6929","佑全","1599497.00","1071181.00","--","--","528316.00","--","--","528316.00","552394.00","--","-24078.00","174.00","-23904.00","--","-23904.00","--","--","-23904.00","-16209.00","--","-40113.00","--","--","--","--","--","--","-0.53"
"115/08/21","115","2","6945","圓祥生技","0.00","0.00","--","--","0.00","--","--","0.00","259620.00","--","-259620.00","42327.00","-217293.00","0.00","-217293.00","--","--","-217293.00","2332.00","--","-214961.00","-217293.00","--","--","-214961.00","--","--","-2.49"
"115/08/21","115","2","6953","家碩","634597.00","317264.00","--","--","317333.00","--","--","317333.00","184671.00","--","132662.00","38208.00","170870.00","23263.00","147607.00","--","--","147607.00","65379.00","--","212986.00","147607.00","--","--","212986.00","--","--","4.92"
"115/08/21","115","2","6961","旅天下","2245338.00","1930249.00","--","--","315089.00","--","--","315089.00","268624.00","--","46465.00","12398.00","58863.00","10601.00","48262.00","0.00","--","48262.00","-3049.00","--","45213.00","47947.00","--","315.00","44768.00","--","445.00","1.81"
"115/08/21","115","2","6967","汎瑋材料","820362.00","592232.00","--","--","228130.00","--","--","228130.00","133216.00","--","94914.00","-3286.00","91628.00","24923.00","66705.00","--","--","66705.00","13732.00","--","80437.00","66705.00","--","--","80437.00","--","--","2.73"
"115/08/21","115","2","6968","萬達寵物","1832794.00","1077219.00","--","--","755575.00","--","--","755575.00","649827.00","--","105748.00","-8380.00","97368.00","23325.00","74043.00","--","--","74043.00","--","--","74043.00","74006.00","--","37.00","74006.00","--","37.00","1.50"
"115/08/21","115","2","6971","惠民實業","980204.00","884407.00","--","--","95797.00","--","--","95797.00","40660.00","--","55137.00","-11225.00","43912.00","12510.00","31402.00","--","--","31402.00","-902.00","--","30500.00","31529.00","--","-127.00","30627.00","--","-127.00","0.82"
"115/08/21","115","2","6982","大井泵浦","1015662.00","774198.00","--","--","241464.00","--","--","241464.00","208016.00","--","33448.00","-11590.00","21858.00","5698.00","16160.00","--","--","16160.00","4085.00","--","20245.00","16160.00","--","--","20245.00","--","--","0.40"
"115/08/21","115","2","6983","華洋精機","118655.00","46997.00","--","--","71658.00","--","--","71658.00","51594.00","--","20064.00","2531.00","22595.00","5147.00","17448.00","--","--","17448.00","--","--","17448.00","--","--","--","--","--","--","1.07"
"115/08/21","115","2","6986","和迅","166392.00","11710.00","--","--","154682.00","--","--","154682.00","72092.00","--","82590.00","3571.00","86161.00","20379.00","65782.00","--","--","65782.00","--","--","65782.00","--","--","--","--","--","--","1.42"
"115/08/21","115","2","6996","力領科技","1581558.00","917202.00","--","--","664356.00","--","--","664356.00","312976.00","346.00","351726.00","32469.00","384195.00","57378.00","326817.00","--","--","326817.00","54061.00","--","380878.00","--","--","--","--","--","--","7.84"
"115/08/21","115","2","6997","博弘","2700718.00","2466855.00","--","--","233863.00","--","--","233863.00","266451.00","--","-32588.00","12526.00","-20062.00","-1083.00","-18979.00","--","--","-18979.00","474.00","--","-18505.00","-18979.00","--","--","-18505.00","--","--","-0.86"
"115/08/21","115","2","7402","邑錡","226169.00","153568.00","--","--","72601.00","--","--","72601.00","82306.00","--","-9705.00","-2071.00","-11776.00","-1179.00","-10597.00","--","--","-10597.00","0.00","--","-10597.00","--","--","--","--","--","--","-0.30"
"115/08/21","115","2","7547","碩網","195340.00","85458.00","--","--","109882.00","--","--","109882.00","50753.00","--","59129.00","6183.00","65312.00","14080.00","51232.00","--","--","51232.00","844.00","--","52076.00","51232.00","--","--","52076.00","--","--","1.52"
"115/08/21","115","2","7556","意德士科技","428122.00","253817.00","--","--","174305.00","--","--","174305.00","68523.00","--","105782.00","71363.00","177145.00","25916.00","151229.00","--","--","151229.00","334595.00","--","485824.00","151402.00","--","-173.00","486069.00","--","-245.00","5.25"
"115/08/21","115","2","7584","樂意","479108.00","297796.00","--","--","181312.00","--","--","181312.00","192998.00","--","-11686.00","-4345.00","-16031.00","1985.00","-18016.00","--","--","-18016.00","4470.00","--","-13546.00","-18016.00","--","0.00","-13546.00","--","0.00","-1.11"
"115/08/21","115","2","7642","昶瑞機電","313778.00","226952.00","--","--","86826.00","--","--","86826.00","47059.00","--","39767.00","7230.00","46997.00","9180.00","37817.00","--","--","37817.00","--","--","37817.00","37817.00","--","--","37817.00","--","--","1.25"
"115/08/21","115","2","7703","銳澤","1310407.00","1010426.00","--","--","299981.00","--","--","299981.00","171396.00","--","128585.00","5578.00","134163.00","15784.00","118379.00","--","--","118379.00","-125.00","--","118254.00","122803.00","--","-4424.00","122659.00","--","-4405.00","3.53"
"115/08/21","115","2","7704","明遠精密","369143.00","228161.00","--","--","140982.00","--","--","140982.00","72957.00","0.00","68025.00","6720.00","74745.00","9474.00","65271.00","0.00","--","65271.00","5663.00","--","70934.00","65684.00","--","-413.00","71347.00","--","-413.00","1.95"
"115/08/21","115","2","7708","全家餐飲","1468321.00","763972.00","--","--","704349.00","--","--","704349.00","567714.00","--","136635.00","-3569.00","133066.00","27199.00","105867.00","--","--","105867.00","949.00","--","106816.00","105867.00","--","--","106816.00","--","--","4.15"
"115/08/21","115","2","7709","榮田","479523.00","352256.00","--","--","127267.00","--","--","127267.00","77192.00","--","50075.00","34440.00","84515.00","16740.00","67775.00","--","--","67775.00","--","--","67775.00","--","--","--","--","--","--","1.73"
"115/08/21","115","2","7712","博盛半導體","757838.00","491938.00","--","--","265900.00","--","--","265900.00","136888.00","--","129012.00","10986.00","139998.00","26952.00","113046.00","--","--","113046.00","102.00","--","113148.00","113046.00","--","--","113148.00","--","--","3.47"
"115/08/21","115","2","7713","威力德生醫","618066.00","398346.00","--","--","219720.00","--","--","219720.00","58671.00","--","161049.00","1798.00","162847.00","31176.00","131671.00","--","--","131671.00","-4918.00","--","126753.00","131671.00","--","--","126753.00","--","--","2.90"
"115/08/21","115","2","7714","創泓科技","1029567.00","844447.00","--","--","185120.00","--","--","185120.00","95858.00","--","89262.00","13781.00","103043.00","19346.00","83697.00","--","--","83697.00","552.00","--","84249.00","83681.00","--","16.00","84233.00","--","16.00","3.98"
"115/08/21","115","2","7715","裕山","435203.00","348674.00","--","--","86529.00","--","--","86529.00","60829.00","--","25700.00","18.00","25718.00","4533.00","21185.00","--","--","21185.00","715.00","--","21900.00","21185.00","--","--","21900.00","--","--","0.65"
"115/08/21","115","2","7716","昱臺國際","1001288.00","796852.00","--","--","204436.00","--","--","204436.00","173107.00","--","31329.00","-3208.00","28121.00","8228.00","19893.00","--","--","19893.00","4780.00","--","24673.00","19626.00","--","267.00","24406.00","--","267.00","0.87"
"115/08/21","115","2","7718","友鋮","1255814.00","1003670.00","--","--","252144.00","--","--","252144.00","116438.00","--","135706.00","10543.00","146249.00","30142.00","116107.00","--","--","116107.00","1659.00","--","117766.00","116107.00","--","--","117766.00","--","--","2.55"
"115/08/21","115","2","7723","築間","2069303.00","1149395.00","--","--","919908.00","--","--","919908.00","1056710.00","--","-136802.00","-13417.00","-150219.00","-11033.00","-139186.00","--","--","-139186.00","-1200.00","--","-140386.00","-135984.00","--","-3202.00","-137131.00","--","-3255.00","-2.83"
"115/08/21","115","2","7728","光焱科技","208318.00","75693.00","--","--","132625.00","--","--","132625.00","92831.00","--","39794.00","5723.00","45517.00","9226.00","36291.00","--","--","36291.00","902.00","--","37193.00","36291.00","--","--","37193.00","--","--","2.59"
"115/08/21","115","2","7734","印能科技","1789644.00","603016.00","--","--","1186628.00","--","--","1186628.00","233587.00","--","953041.00","77563.00","1030604.00","227536.00","803068.00","--","--","803068.00","13306.00","--","816374.00","796880.00","--","6188.00","809200.00","--","7174.00","28.72"
"115/08/21","115","2","7738","東聯互動","306259.00","136547.00","--","--","169712.00","--","--","169712.00","71678.00","114088.00","212122.00","-2754.00","209368.00","46888.00","162480.00","--","--","162480.00","-19499.00","--","142981.00","162480.00","--","0.00","142981.00","--","0.00","5.94"
"115/08/21","115","2","7743","金利食安","364686.00","263833.00","--","--","100853.00","--","--","100853.00","75586.00","--","25267.00","2622.00","27889.00","5376.00","22513.00","--","--","22513.00","-6848.00","--","15665.00","22565.00","--","-52.00","19589.00","--","-3924.00","0.62"
"115/08/21","115","2","7744","崴寶","1997252.00","1256650.00","--","--","740602.00","--","--","740602.00","207869.00","--","532733.00","43967.00","576700.00","145419.00","431281.00","--","--","431281.00","29044.00","--","460325.00","431281.00","--","0.00","460325.00","--","0.00","13.46"
"115/08/21","115","2","7747","昕奇雲端","874045.00","737081.00","--","--","136964.00","--","--","136964.00","47946.00","--","89018.00","13982.00","103000.00","16754.00","86246.00","--","--","86246.00","-1312.00","--","84934.00","82715.00","0.00","3531.00","81403.00","0.00","3531.00","2.74"
"115/08/21","115","2","7751","竑騰","1349641.00","649602.00","--","--","700039.00","--","--","700039.00","243667.00","--","456372.00","21916.00","478288.00","104431.00","373857.00","--","--","373857.00","3615.00","--","377472.00","372368.00","--","1489.00","375751.00","--","1721.00","13.85"
"115/08/21","115","2","7753","星亞","417443.00","267595.00","--","--","149848.00","--","--","149848.00","90743.00","--","59105.00","13864.00","72969.00","16974.00","55995.00","--","--","55995.00","--","--","55995.00","--","--","--","--","--","--","2.24"
"115/08/21","115","2","7757","金色三麥","1141826.00","519180.00","--","--","622646.00","--","--","622646.00","522076.00","--","100570.00","45.00","100615.00","26751.00","73864.00","--","--","73864.00","0.00","--","73864.00","77899.00","--","-4035.00","77899.00","--","-4035.00","3.23"
"115/08/21","115","2","7767","仁大資訊","1640990.00","1442703.00","--","--","198287.00","--","--","198287.00","111343.00","--","86944.00","1325.00","88269.00","19270.00","68999.00","--","--","68999.00","228.00","--","69227.00","68999.00","--","--","69227.00","--","--","2.29"
"115/08/21","115","2","7770","君曜","123398.00","82767.00","--","--","40631.00","--","--","40631.00","38364.00","--","2267.00","11439.00","13706.00","3969.00","9737.00","--","--","9737.00","4.00","--","9741.00","9737.00","--","--","9741.00","--","--","0.32"
"115/08/21","115","2","7772","耀穎","190140.00","136912.00","--","--","53228.00","--","--","53228.00","51070.00","--","2158.00","3173.00","5331.00","720.00","4611.00","--","--","4611.00","-354.00","--","4257.00","--","--","--","--","--","--","0.19"
"115/08/21","115","2","7777","能率亞洲","176475.00","--","--","--","176475.00","--","--","176475.00","22192.00","--","154283.00","3976.00","158259.00","7046.00","151213.00","--","--","151213.00","-17864.00","--","133349.00","--","--","--","--","--","--","0.81"
"115/08/21","115","2","7782","光速火箭","353018.00","118995.00","--","--","234023.00","--","--","234023.00","208839.00","--","25184.00","-613.00","24571.00","4351.00","20220.00","--","--","20220.00","--","--","20220.00","21854.00","--","-1634.00","21854.00","--","-1634.00","0.95"
"115/08/21","115","2","7792","安葆","3177087.00","2551127.00","--","--","625960.00","--","--","625960.00","204367.00","--","421593.00","-7090.00","414503.00","98480.00","316023.00","--","--","316023.00","11178.00","--","327201.00","316023.00","--","--","327201.00","--","--","6.85"
"115/08/21","115","2","7794","宏�硒撥s","599894.00","480009.00","--","--","119885.00","--","--","119885.00","81455.00","--","38430.00","3045.00","41475.00","6457.00","35018.00","--","--","35018.00","-2798.00","--","32220.00","35018.00","0.00","0.00","32220.00","0.00","0.00","1.33"
"115/08/21","115","2","7805","威聯通","3449729.00","1381801.00","--","--","2067928.00","--","--","2067928.00","1094637.00","--","973291.00","45573.00","1018864.00","249870.00","768994.00","--","--","768994.00","320496.00","--","1089490.00","768994.00","--","--","1089490.00","--","--","23.21"
"115/08/21","115","2","7810","捷創科技","418152.00","191346.00","--","--","226806.00","--","--","226806.00","115897.00","--","110909.00","17077.00","127986.00","24401.00","103585.00","--","--","103585.00","-494.00","--","103091.00","--","--","--","--","--","--","5.12"
"115/08/21","115","2","7811","民盛","1404749.00","1118998.00","--","--","285751.00","--","--","285751.00","220804.00","--","64947.00","50218.00","115165.00","24898.00","90267.00","--","--","90267.00","-53155.00","--","37112.00","90267.00","--","0.00","37112.00","--","0.00","2.82"
"115/08/21","115","2","7814","海昌生技","48237.00","16551.00","--","--","31686.00","--","--","31686.00","35645.00","--","-3959.00","1552.00","-2407.00","0.00","-2407.00","--","--","-2407.00","--","--","-2407.00","-2407.00","--","--","-2407.00","--","--","-0.06"
"115/08/21","115","2","7819","精誠金融","192026.00","101127.00","--","--","90899.00","--","--","90899.00","78590.00","--","12309.00","1631.00","13940.00","3322.00","10618.00","--","--","10618.00","--","--","10618.00","--","--","--","--","--","--","0.47"
"115/08/21","115","2","7820","立盈","205586.00","90269.00","--","--","115317.00","--","--","115317.00","45126.00","--","70191.00","518.00","70709.00","13522.00","57187.00","--","--","57187.00","--","--","57187.00","--","--","--","--","--","--","1.60"
"115/08/21","115","2","7828","創新服務","511463.00","105141.00","--","--","406322.00","--","--","406322.00","204861.00","--","201461.00","16238.00","217699.00","45135.00","172564.00","--","--","172564.00","767.00","--","173331.00","172564.00","--","--","173331.00","--","--","4.52"
"115/08/21","115","2","7839","達人網","89742.00","8472.00","--","--","81270.00","--","--","81270.00","67202.00","--","14068.00","3974.00","18042.00","2717.00","15325.00","--","--","15325.00","122.00","--","15447.00","15325.00","--","--","15447.00","--","--","1.13"
"115/08/21","115","2","7842","天能綠電","1675612.00","1575291.00","--","--","100321.00","--","--","100321.00","35432.00","--","64889.00","-45.00","64844.00","13271.00","51573.00","--","--","51573.00","--","--","51573.00","51573.00","--","--","51573.00","--","--","3.23"
"115/08/21","115","2","8024","佑華","104854.00","71906.00","--","--","32948.00","--","--","32948.00","72310.00","--","-39362.00","5591.00","-33771.00","240.00","-34011.00","--","--","-34011.00","2154.00","--","-31857.00","-34011.00","--","--","-31857.00","--","--","-0.75"
"115/08/21","115","2","8027","鈦昇","1009394.00","709264.00","--","--","300130.00","--","--","300130.00","387876.00","--","-87746.00","30710.00","-57036.00","-7655.00","-49381.00","--","--","-49381.00","23144.00","--","-26237.00","-48956.00","--","-425.00","-25704.00","--","-533.00","-0.46"
"115/08/21","115","2","8032","光菱","2478329.00","2167841.00","--","--","310488.00","--","--","310488.00","202616.00","--","107872.00","15910.00","123782.00","31330.00","92452.00","--","--","92452.00","-55799.00","--","36653.00","92436.00","--","16.00","36575.00","--","78.00","1.78"
"115/08/21","115","2","8034","榮群","123529.00","59065.00","--","--","64464.00","--","--","64464.00","56647.00","--","7817.00","5500.00","13317.00","-487.00","13804.00","--","--","13804.00","--","--","13804.00","13804.00","--","--","13804.00","--","--","0.25"
"115/08/21","115","2","8038","長園科","345295.00","263660.00","--","--","81635.00","--","--","81635.00","75703.00","--","5932.00","499.00","6431.00","0.00","6431.00","--","--","6431.00","-40.00","--","6391.00","1959.00","--","4472.00","1932.00","--","4459.00","0.03"
"115/08/21","115","2","8040","九暘","432078.00","242390.00","--","--","189688.00","--","--","189688.00","168461.00","--","21227.00","15180.00","36407.00","0.00","36407.00","--","--","36407.00","--","--","36407.00","--","--","--","--","--","--","0.38"
"115/08/21","115","2","8042","金山電","2380422.00","1874496.00","--","--","505926.00","--","--","505926.00","321677.00","--","184249.00","315963.00","500212.00","118892.00","381320.00","--","--","381320.00","263593.00","--","644913.00","372410.00","--","8910.00","637523.00","--","7390.00","2.84"
"115/08/21","115","2","8043","蜜望實","3666277.00","3414560.00","--","--","251717.00","--","--","251717.00","156375.00","--","95342.00","75520.00","170862.00","34955.00","135907.00","--","--","135907.00","18096.00","--","154003.00","135907.00","--","--","154003.00","--","--","1.70"
"115/08/21","115","2","8044","網家","18950786.00","16001056.00","--","--","2949730.00","--","--","2949730.00","2830447.00","--","119283.00","-73796.00","45487.00","151562.00","-106075.00","--","--","-106075.00","28184.00","--","-77891.00","-215722.00","--","109647.00","-215470.00","--","137579.00","-1.06"
"115/08/21","115","2","8047","星雲","259893.00","158772.00","--","--","101121.00","--","--","101121.00","119641.00","--","-18520.00","16401.00","-2119.00","-121.00","-1998.00","--","--","-1998.00","6512.00","--","4514.00","-11480.00","--","9482.00","-6513.00","--","11027.00","-0.28"
"115/08/21","115","2","8048","德勝","643557.00","426478.00","--","--","217079.00","--","--","217079.00","106640.00","--","110439.00","2431.00","112870.00","23637.00","89233.00","--","--","89233.00","29357.00","--","118590.00","89233.00","--","--","118590.00","--","--","1.50"
"115/08/21","115","2","8049","晶采","646558.00","442739.00","--","--","203819.00","--","--","203819.00","84311.00","--","119508.00","25390.00","144898.00","30329.00","114569.00","--","--","114569.00","252097.00","--","366666.00","114569.00","--","--","366666.00","--","--","0.97"
"115/08/21","115","2","8050","廣積","3334070.00","2503027.00","--","--","831043.00","--","--","831043.00","636663.00","--","194380.00","187200.00","381580.00","69560.00","312020.00","--","--","312020.00","172693.00","--","484713.00","394730.00","--","-82710.00","566297.00","--","-81584.00","2.69"
"115/08/21","115","2","8054","安國","2889252.00","2421069.00","--","--","468183.00","--","--","468183.00","623263.00","--","-155080.00","77964.00","-77116.00","-2178.00","-74938.00","--","--","-74938.00","-78265.00","--","-153203.00","-24716.00","--","-50222.00","-58150.00","--","-95053.00","-0.23"
"115/08/21","115","2","8059","凱碩","4859854.00","4175177.00","--","--","684677.00","--","--","684677.00","660560.00","--","24117.00","-39619.00","-15502.00","28702.00","-44204.00","--","--","-44204.00","55637.00","--","11433.00","-75997.00","--","31793.00","-24629.00","--","36062.00","-0.65"
"115/08/21","115","2","8064","東捷","1227623.00","891461.00","--","--","336162.00","--","--","336162.00","272921.00","--","63241.00","74508.00","137749.00","31907.00","105842.00","--","--","105842.00","79723.00","--","185565.00","90596.00","--","15246.00","169299.00","--","16266.00","0.52"
"115/08/21","115","2","8066","來思達","2032025.00","1850806.00","--","--","181219.00","--","--","181219.00","227498.00","--","-46279.00","-12789.00","-59068.00","-25341.00","-33727.00","--","--","-33727.00","7906.00","--","-25821.00","-37349.00","--","3622.00","-31241.00","--","5420.00","-1.09"
"115/08/21","115","2","8067","志旭","45425.00","20873.00","--","--","24552.00","--","--","24552.00","34820.00","--","-10268.00","11236.00","968.00","197.00","771.00","--","--","771.00","2862.00","--","3633.00","771.00","--","--","3633.00","--","--","0.03"
"115/08/21","115","2","8068","全達","684824.00","591279.00","--","--","93545.00","--","--","93545.00","103162.00","--","-9617.00","-2865.00","-12482.00","2636.00","-15118.00","--","--","-15118.00","4387.00","--","-10731.00","-14913.00","--","-205.00","-10935.00","--","204.00","-0.18"
"115/08/21","115","2","8069","元太","18849583.00","7699935.00","--","--","11149648.00","--","--","11149648.00","4794239.00","--","6355409.00","1559181.00","7914590.00","1361128.00","6553462.00","--","--","6553462.00","6943150.00","--","13496612.00","6517750.00","--","35712.00","13452623.00","--","43989.00","5.65"
"115/08/21","115","2","8071","能率網通","1153929.00","969533.00","--","--","184396.00","--","--","184396.00","200778.00","--","-16382.00","-12120.00","-28502.00","16387.00","-44889.00","--","--","-44889.00","55542.00","--","10653.00","-43288.00","0.00","-1601.00","12254.00","0.00","-1601.00","-0.72"
"115/08/21","115","2","8074","鉅橡","784046.00","574545.00","--","--","209501.00","--","--","209501.00","119208.00","0.00","90293.00","8131.00","98424.00","15612.00","82812.00","--","--","82812.00","45455.00","--","128267.00","77857.00","--","4955.00","119738.00","--","8529.00","0.96"
"115/08/21","115","2","8076","伍豐","1349589.00","895987.00","--","--","453602.00","156.00","1105.00","454551.00","303419.00","--","151132.00","-18776.00","132356.00","36128.00","96228.00","--","--","96228.00","-107439.00","--","-11211.00","96017.00","--","211.00","-11402.00","--","191.00","0.33"
"115/08/21","115","2","8077","洛��","537608.00","382675.00","--","--","154933.00","--","--","154933.00","60923.00","--","94010.00","-18927.00","75083.00","3561.00","71522.00","--","--","71522.00","--","--","71522.00","--","--","--","--","--","--","3.26"
"115/08/21","115","2","8080","泰霖","46170.00","21601.00","--","--","24569.00","--","--","24569.00","21704.00","--","2865.00","-4638.00","-1773.00","139.00","-1912.00","--","--","-1912.00","-1871.00","--","-3783.00","-1912.00","--","--","-3783.00","--","--","-0.03"
"115/08/21","115","2","8083","瑞穎","767295.00","436144.00","--","--","331151.00","--","--","331151.00","59095.00","--","272056.00","5327.00","277383.00","55477.00","221906.00","--","--","221906.00","--","--","221906.00","--","--","--","--","--","--","6.32"
"115/08/21","115","2","8084","巨虹","282200.00","156612.00","--","--","125588.00","--","--","125588.00","127623.00","--","-2035.00","39014.00","36979.00","4255.00","32724.00","--","--","32724.00","207.00","--","32931.00","-3274.00","--","35998.00","-3067.00","--","35998.00","-0.05"
"115/08/21","115","2","8085","福華","320218.00","305998.00","--","--","14220.00","--","--","14220.00","69096.00","--","-54876.00","-10380.00","-65256.00","327.00","-65583.00","--","--","-65583.00","-44012.00","--","-109595.00","-65583.00","--","--","-109595.00","0.00","0.00","-0.47"
"115/08/21","115","2","8086","宏捷科","2520757.00","1708197.00","--","--","812560.00","--","--","812560.00","188664.00","--","623896.00","41664.00","665560.00","90328.00","575232.00","--","--","575232.00","--","--","575232.00","--","--","--","--","--","--","2.93"
"115/08/21","115","2","8087","麗升能源","485728.00","413399.00","--","--","72329.00","--","--","72329.00","34551.00","--","37778.00","-5647.00","32131.00","10402.00","21729.00","--","--","21729.00","-8533.00","--","13196.00","21729.00","--","0.00","13196.00","--","0.00","0.56"
"115/08/21","115","2","8088","品安","876233.00","752545.00","--","--","123688.00","--","--","123688.00","45856.00","--","77832.00","9652.00","87484.00","17839.00","69645.00","--","--","69645.00","33206.00","--","102851.00","--","--","--","--","--","--","1.14"
"115/08/21","115","2","8089","康全電訊","209296.00","141432.00","--","--","67864.00","--","--","67864.00","189267.00","--","-121403.00","26146.00","-95257.00","2090.00","-97347.00","--","--","-97347.00","-12534.00","--","-109881.00","-97347.00","--","--","-109881.00","--","--","-1.47"
"115/08/21","115","2","8091","翔名","1541329.00","961196.00","--","--","580133.00","--","--","580133.00","219326.00","--","360807.00","16957.00","377764.00","70391.00","307373.00","--","--","307373.00","24094.00","--","331467.00","308882.00","--","-1509.00","333005.00","--","-1538.00","5.85"
"115/08/21","115","2","8092","建暐","142804.00","121828.00","--","--","20976.00","--","--","20976.00","35989.00","--","-15013.00","-1133.00","-16146.00","0.00","-16146.00","--","--","-16146.00","-476.00","--","-16622.00","-16145.00","--","-1.00","-16621.00","--","-1.00","-0.28"
"115/08/21","115","2","8093","保銳","127804.00","108664.00","--","--","19140.00","--","--","19140.00","54438.00","--","-35298.00","3378.00","-31920.00","-293.00","-31627.00","--","--","-31627.00","4863.00","--","-26764.00","-32172.00","--","545.00","-27309.00","--","545.00","-0.66"
"115/08/21","115","2","8096","擎亞","27489960.00","26441721.00","--","--","1048239.00","--","--","1048239.00","444413.00","--","603826.00","-106446.00","497380.00","3734.00","493646.00","--","--","493646.00","16415.00","--","510061.00","493646.00","--","--","510061.00","--","--","3.31"
"115/08/21","115","2","8097","常珵","158297.00","149218.00","--","--","9079.00","0.00","0.00","9079.00","50372.00","--","-41293.00","-28382.00","-69675.00","288.00","-69963.00","--","--","-69963.00","335.00","--","-69628.00","-69963.00","--","--","-69628.00","--","--","-1.14"
"115/08/21","115","2","8099","大世科","2525392.00","1923645.00","--","--","601747.00","--","--","601747.00","411487.00","--","190260.00","14057.00","204317.00","46095.00","158222.00","--","--","158222.00","-32.00","--","158190.00","158222.00","--","--","158190.00","--","--","1.58"
"115/08/21","115","2","8102","傑霖科技","224773.00","130953.00","--","--","93820.00","--","--","93820.00","58896.00","--","34924.00","3227.00","38151.00","5780.00","32371.00","--","--","32371.00","64.00","--","32435.00","32371.00","--","--","32435.00","--","--","1.39"
"115/08/21","115","2","8107","大億金茂","343854.00","289060.00","--","--","54794.00","--","--","54794.00","115389.00","--","-60595.00","123797.00","63202.00","-15303.00","78505.00","--","--","78505.00","23107.00","--","101612.00","78505.00","--","0.00","101612.00","--","0.00","1.05"
"115/08/21","115","2","8109","博大","1024251.00","508386.00","--","--","515865.00","--","--","515865.00","146622.00","--","369243.00","15877.00","385120.00","71178.00","313942.00","--","--","313942.00","23848.00","--","337790.00","313942.00","--","--","337790.00","--","--","3.84"
"115/08/21","115","2","8111","立��","401295.00","281802.00","--","--","119493.00","--","--","119493.00","115579.00","0.00","3914.00","50359.00","54273.00","7195.00","47078.00","--","--","47078.00","29541.00","--","76619.00","46826.00","--","252.00","76317.00","--","302.00","0.43"
"115/08/21","115","2","8121","越峰","1745282.00","1430297.00","--","--","314985.00","--","--","314985.00","295802.00","--","19183.00","-24971.00","-5788.00","10410.00","-16198.00","--","--","-16198.00","74831.00","--","58633.00","875.00","--","-17073.00","58968.00","--","-335.00","0.00"
"115/08/21","115","2","8147","正淩","983103.00","610473.00","--","--","372630.00","--","--","372630.00","283929.00","--","88701.00","-12395.00","76306.00","18342.00","57964.00","--","--","57964.00","7575.00","--","65539.00","57390.00","--","574.00","64992.00","--","547.00","1.38"
"115/08/21","115","2","8155","博智","3129920.00","2380963.00","--","--","748957.00","--","--","748957.00","298176.00","--","450781.00","21186.00","471967.00","70363.00","401604.00","--","--","401604.00","6651.00","--","408255.00","402917.00","0.00","-1313.00","407625.00","0.00","630.00","6.69"
"115/08/21","115","2","8171","天宇","235940.00","231589.00","--","--","4351.00","--","--","4351.00","143802.00","--","-139451.00","45792.00","-93659.00","-3116.00","-90543.00","--","--","-90543.00","4413.00","--","-86130.00","-75614.00","--","-14929.00","-71201.00","--","-14929.00","-0.68"
"115/08/21","115","2","8176","智捷","166368.00","97418.00","--","--","68950.00","--","--","68950.00","65081.00","-406.00","3463.00","-1635.00","1828.00","2261.00","-433.00","--","--","-433.00","15595.00","--","15162.00","154.00","--","-587.00","16252.00","--","-1090.00","0.00"
"115/08/21","115","2","8182","加高","1404173.00","1225022.00","--","--","179151.00","--","--","179151.00","174931.00","--","4220.00","41466.00","45686.00","11959.00","33727.00","--","--","33727.00","-41823.00","--","-8096.00","33734.00","--","-7.00","-7727.00","--","-369.00","0.32"
"115/08/21","115","2","8183","精星","4067379.00","3557704.00","--","--","509675.00","--","--","509675.00","398624.00","--","111051.00","56175.00","167226.00","41703.00","125523.00","--","--","125523.00","501334.00","--","626857.00","125523.00","--","--","626857.00","--","--","1.04"
"115/08/21","115","2","8227","巨有科技","982601.00","808116.00","--","--","174485.00","--","--","174485.00","103179.00","--","71306.00","73630.00","144936.00","17304.00","127632.00","--","--","127632.00","414.00","--","128046.00","127632.00","--","--","128046.00","--","--","3.23"
"115/08/21","115","2","8234","新漢","2823290.00","2175940.00","--","--","647350.00","--","--","647350.00","684139.00","--","-36789.00","12784.00","-24005.00","-4877.00","-19128.00","--","--","-19128.00","-2108.00","--","-21236.00","-22500.00","--","3372.00","-23110.00","--","1874.00","-0.16"
"115/08/21","115","2","8240","華宏","3252347.00","2790880.00","--","--","461467.00","--","--","461467.00","384889.00","--","76578.00","66198.00","142776.00","26576.00","116200.00","--","--","116200.00","254551.00","--","370751.00","118058.00","--","-1858.00","367653.00","--","3098.00","1.18"
"115/08/21","115","2","8255","朋程","4068745.00","2971732.00","--","--","1097013.00","--","--","1097013.00","837251.00","--","259762.00","67859.00","327621.00","65217.00","262404.00","--","--","262404.00","1404505.00","--","1666909.00","319210.00","--","-56806.00","1722031.00","--","-55122.00","3.14"
"115/08/21","115","2","8272","全景軟體","200377.00","51460.00","--","--","148917.00","--","--","148917.00","118110.00","--","30807.00","5181.00","35988.00","8430.00","27558.00","--","--","27558.00","--","--","27558.00","--","--","--","--","--","--","1.45"
"115/08/21","115","2","8277","商丞","56391.00","37235.00","--","--","19156.00","--","--","19156.00","35374.00","--","-16218.00","-558.00","-16776.00","1.00","-16777.00","--","--","-16777.00","-20.00","--","-16797.00","-16777.00","--","0.00","-16797.00","0.00","0.00","-0.18"
"115/08/21","115","2","8279","生展","1010074.00","685986.00","--","--","324088.00","--","--","324088.00","196606.00","--","127482.00","527.00","128009.00","24889.00","103120.00","--","--","103120.00","269.00","--","103389.00","103120.00","--","--","103389.00","--","--","3.81"
"115/08/21","115","2","8284","三竹","1562371.00","1156244.00","--","--","406127.00","--","--","406127.00","240819.00","--","165308.00","10253.00","175561.00","30303.00","145258.00","--","--","145258.00","--","--","145258.00","145258.00","--","--","145258.00","--","--","3.13"
"115/08/21","115","2","8289","泰藝","954096.00","725652.00","--","--","228444.00","--","--","228444.00","177517.00","--","50927.00","5531.00","56458.00","13123.00","43335.00","--","--","43335.00","46597.00","--","89932.00","43335.00","--","0.00","89932.00","--","0.00","0.63"
"115/08/21","115","2","8291","尚茂","2550.00","7310.00","--","--","-4760.00","--","--","-4760.00","7576.00","--","-12336.00","-3479.00","-15815.00","27.00","-15842.00","--","--","-15842.00","--","--","-15842.00","--","--","--","--","--","--","-0.91"
"115/08/21","115","2","8299","群聯","108855209.00","39165654.00","--","--","69689555.00","237302.00","--","69452253.00","28241279.00","--","41210974.00","7761735.00","48972709.00","7578661.00","41394048.00","--","--","41394048.00","301167.00","--","41695215.00","41391228.00","--","2820.00","41692692.00","--","2523.00","187.43"
"115/08/21","115","2","8342","益張","818969.00","593049.00","--","--","225920.00","--","--","225920.00","106120.00","--","119800.00","34233.00","154033.00","20704.00","133329.00","--","--","133329.00","-5034.00","--","128295.00","132000.00","--","1329.00","126966.00","--","1329.00","3.94"
"115/08/21","115","2","8349","�矬ㄟ篕�","5885045.00","4630228.00","--","--","1254817.00","--","--","1254817.00","895585.00","-1051.00","358181.00","-39183.00","318998.00","103665.00","215333.00","--","--","215333.00","249233.00","--","464566.00","255159.00","--","-39826.00","498080.00","--","-33514.00","1.12"
"115/08/21","115","2","8354","冠好","341537.00","274885.00","--","--","66652.00","--","--","66652.00","59202.00","--","7450.00","127750.00","135200.00","25926.00","109274.00","--","--","109274.00","7268.00","--","116542.00","109274.00","--","--","116542.00","--","--","1.39"
"115/08/21","115","2","8358","金居","5336763.00","3841632.00","--","--","1495131.00","--","--","1495131.00","161362.00","--","1333769.00","3621.00","1337390.00","272734.00","1064656.00","--","--","1064656.00","1229976.00","--","2294632.00","1064656.00","--","--","2294632.00","--","--","4.22"
"115/08/21","115","2","8383","千附","2414227.00","1834190.00","--","--","580037.00","--","--","580037.00","218722.00","--","361315.00","96889.00","458204.00","92995.00","365209.00","--","--","365209.00","3162.00","--","368371.00","299626.00","--","65583.00","302788.00","--","65583.00","2.66"
"115/08/21","115","2","8390","金益鼎","3349690.00","2443161.00","--","--","906529.00","--","--","906529.00","163576.00","--","742953.00","-130977.00","611976.00","118440.00","493536.00","--","--","493536.00","-13088.00","--","480448.00","495740.00","--","-2204.00","487143.00","--","-6695.00","5.16"
"115/08/21","115","2","8401","白紗科","769948.00","532164.00","--","--","237784.00","--","--","237784.00","140409.00","--","97375.00","-1424.00","95951.00","19331.00","76620.00","--","--","76620.00","--","--","76620.00","--","--","--","--","--","--","1.08"
"115/08/21","115","2","8403","盛弘","2262719.00","1904865.00","--","--","357854.00","--","--","357854.00","302242.00","34352.00","89964.00","4084.00","94048.00","19961.00","74087.00","--","--","74087.00","-121692.00","--","-47605.00","79385.00","--","-5298.00","-39812.00","--","-7793.00","0.58"
"115/08/21","115","2","8409","商之器","87356.00","19729.00","--","--","67627.00","14.00","--","67613.00","92005.00","--","-24392.00","2366.00","-22026.00","-1945.00","-20081.00","--","--","-20081.00","1318.00","--","-18763.00","-20081.00","--","--","-18763.00","--","--","-0.63"
"115/08/21","115","2","8410","森田","432905.00","294510.00","--","--","138395.00","--","--","138395.00","120636.00","--","17759.00","29134.00","46893.00","9379.00","37514.00","--","--","37514.00","0.00","--","37514.00","--","--","--","--","--","--","1.03"
"115/08/21","115","2","8415","大國鋼","14073408.00","8511022.00","--","--","5562386.00","--","--","5562386.00","2486980.00","529.00","3075935.00","-28743.00","3047192.00","842065.00","2205127.00","--","--","2205127.00","1328222.00","--","3533349.00","2218805.00","--","-13678.00","3548855.00","--","-15506.00","2.17"
"115/08/21","115","2","8416","實威","844252.00","386335.00","--","--","457917.00","--","--","457917.00","226582.00","--","231335.00","8365.00","239700.00","53982.00","185718.00","--","--","185718.00","5951.00","--","191669.00","185718.00","--","--","191669.00","--","--","6.58"
"115/08/21","115","2","8421","旭源","672638.00","531627.00","--","--","141011.00","1784.00","-21.00","139206.00","108635.00","1816.00","32387.00","-15625.00","16762.00","491.00","16271.00","--","--","16271.00","-7626.00","--","8645.00","14589.00","--","1682.00","3907.00","--","4738.00","0.27"
"115/08/21","115","2","8424","惠普","547421.00","369535.00","--","--","177886.00","--","--","177886.00","57585.00","--","120301.00","7432.00","127733.00","10795.00","116938.00","--","--","116938.00","--","--","116938.00","116938.00","--","--","116938.00","--","--","3.24"
"115/08/21","115","2","8431","匯鑽科","454349.00","412211.00","--","--","42138.00","--","--","42138.00","146836.00","--","-104698.00","-18542.00","-123240.00","-6077.00","-117163.00","--","--","-117163.00","9104.00","--","-108059.00","-112584.00","--","-4579.00","-98741.00","--","-9318.00","-2.31"
"115/08/21","115","2","8432","東生華","616505.00","276491.00","--","--","340014.00","--","--","340014.00","213699.00","--","126315.00","5414.00","131729.00","33416.00","98313.00","--","--","98313.00","-12036.00","--","86277.00","84563.00","--","13750.00","72527.00","--","13750.00","2.20"
"115/08/21","115","2","8433","弘帆","1754713.00","1347289.00","--","--","407424.00","--","--","407424.00","265574.00","--","141850.00","43424.00","185274.00","32981.00","152293.00","--","--","152293.00","55906.00","--","208199.00","152293.00","--","--","208199.00","--","--","2.79"
"115/08/21","115","2","8435","鉅邁","325741.00","166924.00","--","--","158817.00","--","--","158817.00","101839.00","--","56978.00","54148.00","111126.00","14272.00","96854.00","--","--","96854.00","9560.00","--","106414.00","98842.00","--","-1988.00","108402.00","--","-1988.00","2.88"
"115/08/21","115","2","8436","大江","3354161.00","1796494.00","--","--","1557667.00","--","--","1557667.00","950772.00","--","606895.00","5439.00","612334.00","74301.00","538033.00","--","--","538033.00","161982.00","--","700015.00","455248.00","--","82785.00","622617.00","--","77398.00","4.13"
"115/08/21","115","2","8440","綠電","445955.00","360143.00","--","--","85812.00","--","--","85812.00","38724.00","--","47088.00","-2943.00","44145.00","10506.00","33639.00","--","--","33639.00","--","--","33639.00","33639.00","--","--","33639.00","--","--","0.67"
"115/08/21","115","2","8446","華研","616921.00","244376.00","--","--","372545.00","--","--","372545.00","129987.00","--","242558.00","12883.00","255441.00","52527.00","202914.00","--","--","202914.00","178.00","--","203092.00","203880.00","--","-966.00","204044.00","--","-952.00","3.85"
"115/08/21","115","2","8450","霹靂","181502.00","112546.00","--","--","68956.00","--","--","68956.00","92857.00","--","-23901.00","14696.00","-9205.00","0.00","-9205.00","--","--","-9205.00","2591.00","--","-6614.00","-9031.00","--","-174.00","-6442.00","--","-172.00","-0.18"
"115/08/21","115","2","8472","納維康","248738.00","162671.00","--","--","86067.00","--","--","86067.00","97128.00","--","-11061.00","7526.00","-3535.00","8139.00","-11674.00","--","--","-11674.00","24.00","--","-11650.00","-11674.00","--","--","-11650.00","--","--","-0.66"
"115/08/21","115","2","8477","創業家","221397.00","189627.00","--","--","31770.00","--","--","31770.00","42683.00","--","-10913.00","37554.00","26641.00","2434.00","24207.00","--","--","24207.00","92034.00","--","116241.00","21423.00","--","2784.00","113457.00","--","2784.00","0.32"
"115/08/21","115","2","8489","三貝德","968944.00","433998.00","--","--","534946.00","--","--","534946.00","428196.00","--","106750.00","-4084.00","102666.00","14985.00","87681.00","--","--","87681.00","18.00","--","87699.00","52880.00","--","34801.00","52898.00","--","34801.00","0.89"
"115/08/21","115","2","8905","裕國","1107212.00","963586.00","--","--","143626.00","--","--","143626.00","70469.00","--","73157.00","8864.00","82021.00","14384.00","67637.00","--","--","67637.00","15297.00","--","82934.00","67627.00","--","10.00","82899.00","--","35.00","0.59"
"115/08/21","115","2","8906","花王","100728.00","92231.00","--","--","8497.00","--","--","8497.00","23284.00","--","-14787.00","-4938.00","-19725.00","0.00","-19725.00","--","--","-19725.00","14941.00","--","-4784.00","-19725.00","--","--","-4784.00","--","--","-0.47"
"115/08/21","115","2","8908","欣雄","5261793.00","4714500.00","--","--","547293.00","--","--","547293.00","127193.00","--","420100.00","-13462.00","406638.00","83420.00","323218.00","--","--","323218.00","-76294.00","--","246924.00","323085.00","--","133.00","246791.00","--","133.00","1.03"
"115/08/21","115","2","8916","光隆","3721568.00","3223961.00","--","--","497607.00","--","--","497607.00","370482.00","--","127125.00","151956.00","279081.00","71422.00","207659.00","--","--","207659.00","-17157.00","--","190502.00","207732.00","--","-73.00","191011.00","--","-509.00","1.39"
"115/08/21","115","2","8917","欣泰","1544756.00","1249926.00","--","--","294830.00","--","--","294830.00","61044.00","--","233786.00","50838.00","284624.00","50446.00","234178.00","--","--","234178.00","7161.00","--","241339.00","--","--","--","--","--","--","1.44"
"115/08/21","115","2","8921","沈氏","306931.00","283578.00","--","--","23353.00","--","--","23353.00","62981.00","--","-39628.00","-4695.00","-44323.00","318.00","-44641.00","--","--","-44641.00","151663.00","--","107022.00","-29838.00","--","-14803.00","119947.00","--","-12925.00","-0.64"
"115/08/21","115","2","8923","時報","235804.00","140681.00","--","--","95123.00","--","--","95123.00","91530.00","--","3593.00","10109.00","13702.00","2197.00","11505.00","--","--","11505.00","289.00","--","11794.00","11505.00","--","--","11794.00","--","--","0.38"
"115/08/21","115","2","8924","大田","2016062.00","1842667.00","--","--","173395.00","--","--","173395.00","182460.00","--","-9065.00","-15263.00","-24328.00","24080.00","-48408.00","--","--","-48408.00","140029.00","--","91621.00","-48408.00","--","--","91621.00","--","--","-0.58"
"115/08/21","115","2","8927","北基","7636750.00","6420351.00","--","--","1216399.00","--","--","1216399.00","702697.00","--","513702.00","-11113.00","502589.00","123420.00","379169.00","--","--","379169.00","-13172.00","--","365997.00","263130.00","--","116039.00","251016.00","--","114981.00","0.62"
"115/08/21","115","2","8928","鉅明","1370489.00","1196208.00","--","--","174281.00","--","--","174281.00","160171.00","--","14110.00","37690.00","51800.00","9924.00","41876.00","--","--","41876.00","607.00","--","42483.00","41876.00","--","--","42483.00","--","--","0.82"
"115/08/21","115","2","8929","富堡","349244.00","265995.00","--","--","83249.00","--","--","83249.00","121498.00","--","-38249.00","45068.00","6819.00","-2008.00","8827.00","--","--","8827.00","6323.00","--","15150.00","7993.00","--","834.00","13759.00","--","1391.00","0.16"
"115/08/21","115","2","8930","青鋼","708946.00","522282.00","--","--","186664.00","--","--","186664.00","81579.00","--","105085.00","13663.00","118748.00","23178.00","95570.00","--","--","95570.00","--","--","95570.00","--","--","--","--","--","--","1.19"
"115/08/21","115","2","8931","大汽電","1304430.00","1113165.00","--","--","191265.00","--","--","191265.00","75852.00","--","115413.00","-11890.00","103523.00","13814.00","89709.00","--","--","89709.00","55859.00","--","145568.00","--","--","--","--","--","--","0.73"
"115/08/21","115","2","8932","智通*","1291075.00","504076.00","--","--","786999.00","--","--","786999.00","212085.00","--","574914.00","11444.00","586358.00","157767.00","428591.00","--","--","428591.00","5237.00","--","433828.00","399852.00","--","28739.00","402958.00","--","30870.00","1.13"
"115/08/21","115","2","8933","愛地雅","1171195.00","1147436.00","--","--","23759.00","--","--","23759.00","203519.00","--","-179760.00","8899.00","-170861.00","9700.00","-180561.00","--","--","-180561.00","23145.00","--","-157416.00","-180561.00","--","--","-157416.00","--","--","-0.55"
"115/08/21","115","2","8935","邦泰","247785.00","207999.00","--","--","39786.00","--","--","39786.00","57050.00","--","-17264.00","-186.00","-17450.00","2821.00","-20271.00","--","--","-20271.00","21037.00","--","766.00","-20271.00","--","--","766.00","--","--","-0.18"
"115/08/21","115","2","8936","國統","3318000.00","2571059.00","--","--","746941.00","--","--","746941.00","112964.00","--","633977.00","-786.00","633191.00","136132.00","497059.00","--","--","497059.00","-132065.00","--","364994.00","462871.00","--","34188.00","336154.00","--","28840.00","1.87"
"115/08/21","115","2","8937","合騏*","403523.00","310883.00","--","--","92640.00","--","--","92640.00","175355.00","--","-82715.00","-10621.00","-93336.00","-13298.00","-80038.00","--","--","-80038.00","1348.00","--","-78690.00","-88765.00","--","8727.00","-87417.00","--","8727.00","-0.21"
"115/08/21","115","2","8938","明安","7287585.00","6344719.00","--","--","942866.00","--","--","942866.00","792439.00","67848.00","218275.00","29179.00","247454.00","40274.00","207180.00","--","--","207180.00","84245.00","--","291425.00","207180.00","--","--","291425.00","--","--","1.34"
"115/08/21","115","2","8941","關中","1565290.00","1140756.00","--","--","424534.00","--","--","424534.00","432070.00","--","-7536.00","100285.00","92749.00","16535.00","76214.00","--","--","76214.00","134894.00","--","211108.00","82456.00","--","-6242.00","216243.00","--","-5135.00","2.36"
"115/08/21","115","2","8942","森鉅","1368758.00","1260141.00","--","--","108617.00","0.00","0.00","108617.00","333810.00","--","-225193.00","981083.00","755890.00","50315.00","705575.00","--","--","705575.00","920.00","--","706495.00","807329.00","--","-101754.00","826929.00","--","-120434.00","4.06"
"115/08/21","115","2","9949","琉園","70908.00","25289.00","--","--","45619.00","--","--","45619.00","60774.00","--","-15155.00","9776.00","-5379.00","407.00","-5786.00","--","--","-5786.00","3869.00","--","-1917.00","-5786.00","--","--","-1917.00","--","--","-0.13"
"115/08/21","115","2","9950","萬國通","1041386.00","829761.00","--","--","211625.00","--","--","211625.00","255875.00","--","-44250.00","-9843.00","-54093.00","-496.00","-53597.00","--","--","-53597.00","3293.00","--","-50304.00","-53597.00","--","0.00","-50304.00","--","0.00","-0.32"
"115/08/21","115","2","9951","皇田","3250670.00","2495585.00","--","--","755085.00","--","--","755085.00","543553.00","--","211532.00","26518.00","238050.00","53762.00","184288.00","--","--","184288.00","87601.00","--","271889.00","184288.00","--","--","271889.00","--","--","2.54"
"115/08/21","115","2","9960","邁達康","354900.00","226482.00","--","--","128418.00","--","--","128418.00","88756.00","--","39662.00","4388.00","44050.00","11184.00","32866.00","--","--","32866.00","71787.00","--","104653.00","32866.00","--","--","104653.00","--","--","0.98"
"115/08/21","115","2","9962","有益","903745.00","836341.00","--","--","67404.00","--","--","67404.00","43205.00","--","24199.00","1857.00","26056.00","5228.00","20828.00","--","--","20828.00","3100.00","--","23928.00","20828.00","--","0.00","23928.00","--","0.00","0.23"
