出表日期,年度,季別,公司代號,公司名稱,營業收入,營業成本,原始認列生物資產及農產品之利益（損失）,生物資產當期公允價值減出售成本之變動利益（損失）,營業毛利（毛損）,未實現銷貨（損）益,已實現銷貨（損）益,營業毛利（毛損）淨額,營業費用,其他收益及費損淨額,營業利益（損失）,營業外收入及支出,稅前淨利（淨損）,所得稅費用（利益）,繼續營業單位本期淨利（淨損）,停業單位損益,合併前非屬共同控制股權損益,本期淨利（淨損）,其他綜合損益（淨額）,合併前非屬共同控制股權綜合損益淨額,本期綜合損益總額,淨利（淨損）歸屬於母公司業主,淨利（淨損）歸屬於共同控制下前手權益,淨利（淨損）歸屬於非控制權益,綜合損益總額歸屬於母公司業主,綜合損益總額歸屬於共同控制下前手權益,綜合損益總額歸屬於非控制權益,基本每股盈餘（元）
"115/08/13","115","2","1101","台泥","71289957.00","58298233.00","--","--","12991724.00","--","--","12991724.00","7821547.00","--","5170177.00","1464159.00","6634336.00","2064537.00","4569799.00","--","--","4569799.00","11092920.00","--","15662719.00","3279780.00","--","1290019.00","12009761.00","--","3652958.00","0.38"
"115/08/13","115","2","1108","幸福","1903969.00","1654402.00","--","--","249567.00","--","--","249567.00","116418.00","-27.00","133122.00","-2910.00","130212.00","42405.00","87807.00","--","--","87807.00","29092.00","--","116899.00","87807.00","--","--","116899.00","--","--","0.22"
"115/08/13","115","2","1109","信大","1857847.00","1688329.00","--","--","169518.00","--","--","169518.00","138627.00","--","30891.00","19417.00","50308.00","22897.00","27411.00","--","--","27411.00","203588.00","--","230999.00","50378.00","--","-22967.00","186081.00","--","44918.00","0.15"
"115/08/13","115","2","1201","味全","10445618.00","7664790.00","--","--","2780828.00","--","--","2780828.00","2826165.00","--","-45337.00","244027.00","198690.00","-45373.00","244063.00","--","--","244063.00","157667.00","--","401730.00","243515.00","--","548.00","401182.00","--","548.00","0.48"
"115/08/13","115","2","1213","大飲","150587.00","153262.00","--","--","-2675.00","--","--","-2675.00","20313.00","--","-22988.00","-7639.00","-30627.00","943.00","-31570.00","--","--","-31570.00","993.00","--","-30577.00","-31570.00","--","--","-30577.00","--","--","-0.56"
"115/08/13","115","2","1215","卜蜂","14401643.00","11770773.00","--","--","2630870.00","--","--","2630870.00","1265574.00","-31542.00","1333754.00","-110523.00","1223231.00","258160.00","965071.00","--","--","965071.00","-397429.00","--","567642.00","954246.00","--","10825.00","556817.00","--","10825.00","3.24"
"115/08/13","115","2","1216","統一","349938252.00","231366231.00","--","--","118572021.00","--","--","118572021.00","98062130.00","--","20509891.00","7295825.00","27805716.00","6783633.00","21022083.00","--","--","21022083.00","4213033.00","--","25235116.00","14550259.00","--","6471824.00","17577338.00","--","7657778.00","2.56"
"115/08/13","115","2","1231","聯華食","6325950.00","5054327.00","--","--","1271623.00","--","--","1271623.00","797446.00","--","474177.00","304215.00","778392.00","90662.00","687730.00","--","--","687730.00","10503.00","--","698233.00","688496.00","--","-766.00","698241.00","--","-8.00","2.31"
"115/08/13","115","2","1232","大統益","11481997.00","9892302.00","--","--","1589695.00","--","--","1589695.00","629668.00","--","960027.00","26046.00","986073.00","195723.00","790350.00","--","--","790350.00","9509.00","--","799859.00","753144.00","--","37206.00","762653.00","--","37206.00","4.71"
"115/08/13","115","2","1233","天仁","1116827.00","440721.00","--","--","676106.00","--","--","676106.00","621898.00","--","54208.00","9719.00","63927.00","10920.00","53007.00","--","--","53007.00","15172.00","--","68179.00","53007.00","--","0.00","68147.00","--","32.00","0.59"
"115/08/13","115","2","1234","黑松","4436617.00","3225524.00","--","--","1211093.00","--","--","1211093.00","1101051.00","--","110042.00","211686.00","321728.00","80895.00","240833.00","--","--","240833.00","9560.00","--","250393.00","240833.00","--","--","250393.00","--","--","0.60"
"115/08/13","115","2","1236","宏亞","885268.00","673459.00","--","--","211809.00","--","--","211809.00","244063.00","--","-32254.00","8207.00","-24047.00","-10298.00","-13749.00","--","--","-13749.00","246116.00","--","232367.00","-13749.00","--","--","232367.00","--","--","-0.16"
"115/08/13","115","2","1301","台塑","89239090.00","81703844.00","--","--","7535246.00","--","--","7535246.00","5957378.00","--","1577868.00","12657953.00","14235821.00","315189.00","13920632.00","--","--","13920632.00","200312727.00","--","214233359.00","13920632.00","--","--","214233359.00","--","--","2.19"
"115/08/13","115","2","1303","南亞","152243276.00","128229443.00","--","--","24013833.00","18958.00","--","23994875.00","8895761.00","--","15099114.00","31744935.00","46844049.00","4619050.00","42224999.00","--","--","42224999.00","47928631.00","--","90153630.00","41007916.00","--","1217083.00","88647805.00","--","1505825.00","5.17"
"115/08/13","115","2","1305","華夏","5403542.00","4940155.00","--","--","463387.00","--","--","463387.00","458497.00","--","4890.00","-11180.00","-6290.00","-4109.00","-2181.00","--","--","-2181.00","18590.00","--","16409.00","12365.00","--","-14546.00","30943.00","--","-14534.00","0.02"
"115/08/13","115","2","1307","三芳","5663392.00","3880290.00","--","--","1783102.00","--","--","1783102.00","1084974.00","--","698128.00","96902.00","795030.00","213817.00","581213.00","--","--","581213.00","178279.00","--","759492.00","581213.00","--","--","759492.00","--","--","1.46"
"115/08/13","115","2","1310","台苯","4162400.00","4083389.00","--","--","79011.00","--","--","79011.00","86214.00","--","-7203.00","-544731.00","-551934.00","47712.00","-599646.00","--","--","-599646.00","-533845.00","--","-1133491.00","-598688.00","--","-958.00","-1132535.00","--","-956.00","-1.13"
"115/08/13","115","2","1313","聯成","31067465.00","29043083.00","--","--","2024382.00","--","--","2024382.00","1396187.00","--","628195.00","-68698.00","559497.00","144591.00","414906.00","--","--","414906.00","394156.00","--","809062.00","414906.00","--","--","809062.00","--","--","0.31"
"115/08/13","115","2","1319","東陽","11293727.00","7621485.00","--","--","3672242.00","--","--","3672242.00","1892349.00","--","1779893.00","398369.00","2178262.00","431807.00","1746455.00","--","--","1746455.00","175800.00","--","1922255.00","1763188.00","--","-16733.00","1920213.00","--","2042.00","2.98"
"115/08/13","115","2","1321","大洋","1904737.00","1679019.00","--","--","225718.00","--","--","225718.00","194391.00","--","31327.00","265223.00","296550.00","125790.00","170760.00","--","--","170760.00","208395.00","--","379155.00","170760.00","--","--","379155.00","--","--","0.77"
"115/08/13","115","2","1323","永裕","1078599.00","864215.00","--","--","214384.00","--","--","214384.00","151146.00","--","63238.00","30192.00","93430.00","675.00","92755.00","--","--","92755.00","74549.00","--","167304.00","92755.00","--","--","167304.00","--","--","1.02"
"115/08/13","115","2","1326","台化","168904093.00","157048822.00","--","--","11855271.00","--","--","11855271.00","6803380.00","--","5051891.00","9289057.00","14340948.00","1290941.00","13050007.00","--","--","13050007.00","168178134.00","--","181228141.00","12333837.00","--","716170.00","176525362.00","--","4702779.00","2.11"
"115/08/13","115","2","1342","八貫","1911043.00","1420281.00","--","--","490762.00","--","--","490762.00","140741.00","--","350021.00","22654.00","372675.00","53699.00","318976.00","--","--","318976.00","--","--","318976.00","--","--","--","--","--","--","4.10"
"115/08/13","115","2","1410","南染","106764.00","69619.00","--","--","37145.00","--","--","37145.00","31810.00","--","5335.00","4865.00","10200.00","5184.00","5016.00","--","--","5016.00","0.00","--","5016.00","7966.00","--","-2950.00","7966.00","--","-2950.00","0.13"
"115/08/13","115","2","1413","宏洲","1007165.00","968734.00","--","--","38431.00","--","--","38431.00","22062.00","--","16369.00","14394.00","30763.00","7902.00","22861.00","--","--","22861.00","0.00","--","22861.00","--","--","--","--","--","--","0.17"
"115/08/13","115","2","1414","東和","240705.00","212357.00","--","--","28348.00","--","--","28348.00","42991.00","--","-14643.00","87293.00","72650.00","-882.00","73532.00","--","--","73532.00","37607.00","--","111139.00","73532.00","--","--","111139.00","--","--","0.37"
"115/08/13","115","2","1417","嘉裕","145264.00","52872.00","--","--","92392.00","--","--","92392.00","105388.00","--","-12996.00","-3626.00","-16622.00","969.00","-17591.00","--","--","-17591.00","87362.00","--","69771.00","-17591.00","--","--","69771.00","--","--","-0.09"
"115/08/13","115","2","1423","利華","44399.00","36748.00","--","--","7651.00","--","--","7651.00","16693.00","--","-9042.00","52888.00","43846.00","2877.00","40969.00","--","--","40969.00","63547.00","--","104516.00","--","--","--","--","--","--","0.41"
"115/08/13","115","2","1432","大魯閣","400698.00","339026.00","--","--","61672.00","--","--","61672.00","188223.00","--","-126551.00","-13681.00","-140232.00","-8431.00","-131801.00","--","--","-131801.00","-2162.00","--","-133963.00","-119751.00","--","-12050.00","-122826.00","--","-11137.00","-1.11"
"115/08/13","115","2","1434","福懋","14210123.00","12638181.00","--","--","1571942.00","--","--","1571942.00","1229987.00","--","341955.00","553014.00","894969.00","54110.00","840859.00","--","--","840859.00","6322536.00","--","7163395.00","840859.00","--","0.00","7163395.00","--","0.00","0.50"
"115/08/13","115","2","1436","華友聯","483042.00","196263.00","--","--","286779.00","--","--","286779.00","131374.00","--","155405.00","-104852.00","50553.00","24829.00","25724.00","--","--","25724.00","1872.00","--","27596.00","26523.00","--","-799.00","28395.00","--","-799.00","0.14"
"115/08/13","115","2","1439","雋揚","115426.00","82942.00","--","--","32484.00","--","--","32484.00","32653.00","--","-169.00","116036.00","115867.00","10579.00","105288.00","--","--","105288.00","2123.00","--","107411.00","98908.00","--","6380.00","101031.00","--","6380.00","1.08"
"115/08/13","115","2","1440","南紡","6563340.00","5859926.00","--","--","703414.00","--","--","703414.00","814455.00","--","-111041.00","366967.00","255926.00","23583.00","232343.00","--","--","232343.00","1236432.00","--","1468775.00","225902.00","--","6441.00","1458554.00","--","10221.00","0.14"
"115/08/13","115","2","1441","大東","594701.00","586093.00","--","--","8608.00","--","--","8608.00","80807.00","--","-72199.00","-31889.00","-104088.00","0.00","-104088.00","--","--","-104088.00","3955.00","--","-100133.00","-104088.00","--","0.00","-100133.00","--","0.00","-1.45"
"115/08/13","115","2","1443","立益物流","463195.00","244195.00","--","--","219000.00","--","--","219000.00","54141.00","--","164859.00","8514.00","173373.00","24055.00","149318.00","--","--","149318.00","-74221.00","--","75097.00","131373.00","--","17945.00","90603.00","--","-15506.00","0.97"
"115/08/13","115","2","1444","力麗","4476454.00","4288953.00","--","--","187501.00","--","-724.00","186777.00","249798.00","--","-63021.00","189981.00","126960.00","11169.00","115791.00","2692.00","--","118483.00","284113.00","--","402596.00","142851.00","--","-24368.00","431209.00","--","-28613.00","0.14"
"115/08/13","115","2","1445","大宇","307109.00","265661.00","--","--","41448.00","--","--","41448.00","62874.00","--","-21426.00","-7508.00","-28934.00","0.00","-28934.00","--","--","-28934.00","104131.00","--","75197.00","-28934.00","--","--","75197.00","--","--","-0.22"
"115/08/13","115","2","1446","宏和","332732.00","196936.00","--","--","135796.00","--","--","135796.00","64971.00","--","70825.00","39674.00","110499.00","4834.00","105665.00","--","--","105665.00","228.00","--","105893.00","105665.00","--","--","105893.00","--","--","0.77"
"115/08/13","115","2","1447","力鵬","16068031.00","15655033.00","--","--","412998.00","480.00","268.00","412786.00","367434.00","--","45352.00","104276.00","149628.00","21630.00","127998.00","--","--","127998.00","667359.00","--","795357.00","100640.00","--","27358.00","604328.00","--","191029.00","0.12"
"115/08/13","115","2","1451","年興","3207569.00","2747935.00","--","--","459634.00","--","--","459634.00","340452.00","--","119182.00","56070.00","175252.00","46321.00","128931.00","--","--","128931.00","97452.00","--","226383.00","128931.00","--","--","226383.00","--","--","0.65"
"115/08/13","115","2","1452","宏益","724288.00","683688.00","--","--","40600.00","--","--","40600.00","46505.00","--","-5905.00","-480.00","-6385.00","2642.00","-9027.00","--","--","-9027.00","59406.00","--","50379.00","-9027.00","--","--","50379.00","--","--","-0.07"
"115/08/13","115","2","1453","大將","754.00","297.00","--","--","457.00","--","--","457.00","18648.00","--","-18191.00","80132.00","61941.00","--","61941.00","--","--","61941.00","--","--","61941.00","61899.00","--","42.00","61899.00","--","42.00","0.55"
"115/08/13","115","2","1454","台富","641555.00","621069.00","--","--","20486.00","--","--","20486.00","78779.00","-207.00","-58500.00","8251.00","-50249.00","-573.00","-49676.00","--","--","-49676.00","-10194.00","--","-59870.00","-49676.00","--","0.00","-59870.00","--","0.00","-0.41"
"115/08/13","115","2","1455","集盛","2869335.00","2619068.00","--","--","250267.00","--","--","250267.00","171862.00","--","78405.00","431613.00","510018.00","25036.00","484982.00","--","--","484982.00","6883.00","--","491865.00","484982.00","--","--","491865.00","--","--","0.91"
"115/08/13","115","2","1456","怡華","367504.00","211754.00","--","--","155750.00","--","--","155750.00","55175.00","--","100575.00","-199885.00","-99310.00","1008.00","-100318.00","--","--","-100318.00","--","--","-100318.00","-100318.00","--","--","-100318.00","--","--","-1.07"
"115/08/13","115","2","1459","聯發","488149.00","384291.00","--","--","103858.00","--","--","103858.00","56164.00","--","47694.00","391843.00","439537.00","45409.00","394128.00","0.00","--","394128.00","55841.00","--","449969.00","396182.00","--","-2054.00","451947.00","--","-1978.00","1.28"
"115/08/13","115","2","1463","強盛新","115179.00","105326.00","--","--","9853.00","--","--","9853.00","35646.00","--","-25793.00","11348.00","-14445.00","7613.00","-22058.00","--","--","-22058.00","6497.00","--","-15561.00","-21811.00","--","-247.00","-15302.00","--","-259.00","-0.13"
"115/08/13","115","2","1466","聚隆","1111491.00","962381.00","--","--","149110.00","--","--","149110.00","121246.00","--","27864.00","17187.00","45051.00","1062.00","43989.00","--","--","43989.00","2720.00","--","46709.00","40973.00","--","3016.00","43693.00","--","3016.00","0.37"
"115/08/13","115","2","1468","昶和","263936.00","183041.00","--","--","80895.00","--","--","80895.00","50652.00","--","30243.00","49324.00","79567.00","30831.00","48736.00","--","--","48736.00","-585.00","--","48151.00","48660.00","--","76.00","44977.00","--","3174.00","0.30"
"115/08/13","115","2","1471","首利","47348.00","56448.00","--","--","-9100.00","--","--","-9100.00","55791.00","--","-64891.00","88348.00","23457.00","0.00","23457.00","--","--","23457.00","-6806.00","--","16651.00","23480.00","--","-23.00","13383.00","--","3268.00","0.16"
"115/08/13","115","2","1472","三洋實業","1910645.00","1636700.00","--","--","273945.00","--","--","273945.00","61381.00","--","212564.00","5453.00","218017.00","35794.00","182223.00","--","--","182223.00","9939.00","--","192162.00","182363.00","--","-140.00","192302.00","--","-140.00","3.47"
"115/08/13","115","2","1473","台南","3390344.00","2770966.00","--","--","619378.00","--","--","619378.00","546585.00","--","72793.00","44715.00","117508.00","16196.00","101312.00","--","--","101312.00","31177.00","--","132489.00","101312.00","--","--","132489.00","--","--","0.69"
"115/08/13","115","2","1474","弘裕","1370361.00","1227426.00","--","--","142935.00","--","--","142935.00","158429.00","--","-15494.00","23123.00","7629.00","23.00","7606.00","--","--","7606.00","55247.00","--","62853.00","9322.00","--","-1716.00","64040.00","--","-1187.00","0.07"
"115/08/13","115","2","1476","儒鴻","19706874.00","13585263.00","--","--","6121611.00","--","--","6121611.00","1991781.00","--","4129830.00","169628.00","4299458.00","912032.00","3387426.00","--","--","3387426.00","109626.00","--","3497052.00","3387426.00","--","--","3497052.00","--","--","12.35"
"115/08/13","115","2","1477","聚陽","17062830.00","12746993.00","--","--","4315837.00","--","--","4315837.00","1852164.00","--","2463673.00","-35180.00","2428493.00","515658.00","1912835.00","--","--","1912835.00","76897.00","--","1989732.00","1887631.00","--","25204.00","1963956.00","--","25776.00","7.65"
"115/08/13","115","2","1504","東元","30835311.00","23318727.00","--","--","7516584.00","11897.00","9855.00","7514542.00","4589104.00","--","2925438.00","1785376.00","4710814.00","760995.00","3949819.00","--","--","3949819.00","5518984.00","--","9468803.00","3823511.00","--","126308.00","9379287.00","--","89516.00","1.63"
"115/08/13","115","2","1506","正道","616098.00","528761.00","--","--","87337.00","--","--","87337.00","101373.00","--","-14036.00","-2157.00","-16193.00","-13.00","-16180.00","--","--","-16180.00","26755.00","--","10575.00","-13779.00","--","-2401.00","12146.00","--","-1571.00","-0.05"
"115/08/13","115","2","1513","中興電","14023688.00","10195631.00","--","--","3828057.00","--","--","3828057.00","1114177.00","--","2713880.00","104275.00","2818155.00","584473.00","2233682.00","--","--","2233682.00","896305.00","--","3129987.00","2224039.00","--","9643.00","3112397.00","--","17590.00","4.50"
"115/08/13","115","2","1514","亞力","5345683.00","4315617.00","--","--","1030066.00","0.00","511.00","1030577.00","504723.00","--","525854.00","36378.00","562232.00","109535.00","452697.00","--","--","452697.00","67458.00","--","520155.00","445758.00","--","6939.00","513537.00","--","6618.00","1.65"
"115/08/13","115","2","1515","力山","2222543.00","1914942.00","--","--","307601.00","--","--","307601.00","335522.00","--","-27921.00","58782.00","30861.00","10968.00","19893.00","--","--","19893.00","27052.00","--","46945.00","21533.00","--","-1640.00","48504.00","--","-1559.00","0.12"
"115/08/13","115","2","1516","川飛","54786.00","51649.00","--","--","3137.00","--","--","3137.00","8925.00","--","-5788.00","540.00","-5248.00","-2.00","-5246.00","--","--","-5246.00","--","--","-5246.00","--","--","--","--","--","--","-0.13"
"115/08/13","115","2","1521","大億","2003503.00","1707805.00","--","--","295698.00","--","--","295698.00","235872.00","--","59826.00","10545.00","70371.00","-1563.00","71934.00","--","--","71934.00","0.00","--","71934.00","71934.00","--","--","71934.00","--","--","0.94"
"115/08/13","115","2","1522","堤維西","13344786.00","11112876.00","--","--","2231910.00","3612.00","3819.00","2232117.00","2333979.00","--","-101862.00","-55373.00","-157235.00","-30799.00","-126436.00","--","--","-126436.00","123275.00","--","-3161.00","-178058.00","--","51622.00","-52892.00","--","49731.00","-0.76"
"115/08/13","115","2","1524","耿鼎","1146434.00","815295.00","--","--","331139.00","--","--","331139.00","153426.00","0.00","177713.00","8995.00","186708.00","37573.00","149135.00","--","--","149135.00","33924.00","--","183059.00","--","--","--","--","--","--","0.90"
"115/08/13","115","2","1525","江申","634185.00","537921.00","--","--","96264.00","--","--","96264.00","80565.00","--","15699.00","91822.00","107521.00","117348.00","-9827.00","--","--","-9827.00","180355.00","--","170528.00","-9827.00","--","--","170528.00","--","--","-0.13"
"115/08/13","115","2","1526","日馳","329814.00","273654.00","--","--","56160.00","--","--","56160.00","111184.00","--","-55024.00","-4596.00","-59620.00","-11022.00","-48598.00","--","--","-48598.00","2773.00","--","-45825.00","-48598.00","--","--","-45825.00","--","--","-0.81"
"115/08/13","115","2","1527","鑽全","1332659.00","1122432.00","--","--","210227.00","--","--","210227.00","189504.00","--","20723.00","122042.00","142765.00","27964.00","114801.00","--","--","114801.00","95361.00","--","210162.00","--","--","--","--","--","--","0.83"
"115/08/13","115","2","1528","恩德","1489447.00","1044918.00","--","--","444529.00","--","--","444529.00","504600.00","--","-60071.00","-913.00","-60984.00","54463.00","-115447.00","--","--","-115447.00","82279.00","--","-33168.00","-115327.00","--","-120.00","-33048.00","--","-120.00","-0.60"
"115/08/13","115","2","1529","樂事綠能","440947.00","361981.00","--","--","78966.00","0.00","--","78966.00","33494.00","0.00","45472.00","53682.00","99154.00","8555.00","90599.00","--","--","90599.00","0.00","--","90599.00","81061.00","--","9538.00","81061.00","--","9538.00","0.50"
"115/08/13","115","2","1533","車王電","2706187.00","1956559.00","--","--","749628.00","--","--","749628.00","546487.00","--","203141.00","28783.00","231924.00","-15023.00","246947.00","--","--","246947.00","35151.00","--","282098.00","147828.00","--","99119.00","182979.00","--","99119.00","1.50"
"115/08/13","115","2","1535","中宇","4187134.00","3698746.00","--","--","488388.00","2253.00","3990.00","490125.00","285450.00","--","204675.00","50407.00","255082.00","51735.00","203347.00","--","--","203347.00","78531.00","--","281878.00","203347.00","--","--","281878.00","--","--","1.64"
"115/08/13","115","2","1537","廣隆","3437564.00","2751711.00","--","--","685853.00","--","--","685853.00","299702.00","--","386151.00","51124.00","437275.00","108341.00","328934.00","--","--","328934.00","98124.00","--","427058.00","328934.00","--","--","427058.00","--","--","4.01"
"115/08/13","115","2","1538","正峰","34405.00","29214.00","--","--","5191.00","--","--","5191.00","35640.00","--","-30449.00","-27212.00","-57661.00","-776.00","-56885.00","--","--","-56885.00","25373.00","--","-31512.00","-56917.00","--","32.00","-31544.00","--","32.00","-1.76"
"115/08/13","115","2","1539","巨庭","553592.00","501447.00","--","--","52145.00","--","--","52145.00","44053.00","--","8092.00","9617.00","17709.00","4230.00","13479.00","--","--","13479.00","9.00","--","13488.00","13479.00","--","--","13488.00","--","--","0.21"
"115/08/13","115","2","1540","喬福","201855.00","181316.00","--","--","20539.00","--","--","20539.00","28436.00","--","-7897.00","33769.00","25872.00","5226.00","20646.00","--","--","20646.00","--","--","20646.00","--","--","--","--","--","--","0.24"
"115/08/13","115","2","1558","伸興","4218267.00","3150068.00","--","--","1068199.00","--","--","1068199.00","720509.00","--","347690.00","215746.00","563436.00","130907.00","432529.00","--","--","432529.00","154312.00","--","586841.00","286460.00","--","146069.00","349449.00","--","237392.00","4.44"
"115/08/13","115","2","1560","中砂","4785896.00","2985139.00","--","--","1800757.00","--","--","1800757.00","752660.00","--","1048097.00","148234.00","1196331.00","218421.00","977910.00","--","--","977910.00","-50699.00","--","927211.00","959735.00","--","18175.00","922085.00","--","5126.00","6.44"
"115/08/13","115","2","1563","巧新","3851728.00","2958263.00","--","--","893465.00","--","--","893465.00","535698.00","--","357767.00","-105818.00","251949.00","49937.00","202012.00","--","--","202012.00","-363.00","--","201649.00","201903.00","--","109.00","201540.00","--","109.00","0.93"
"115/08/13","115","2","1568","倉佑","555087.00","348854.00","--","--","206233.00","--","--","206233.00","88856.00","--","117377.00","17380.00","134757.00","23612.00","111145.00","0.00","--","111145.00","-11748.00","--","99397.00","110410.00","--","735.00","103547.00","--","-4150.00","1.07"
"115/08/13","115","2","1582","信錦","4121675.00","3414512.00","--","--","707163.00","--","--","707163.00","632533.00","--","74630.00","194417.00","269047.00","20871.00","248176.00","--","--","248176.00","334790.00","--","582966.00","238068.00","--","10108.00","564623.00","--","18343.00","1.65"
"115/08/13","115","2","1587","吉茂","1352344.00","1116448.00","--","--","235896.00","--","--","235896.00","214348.00","--","21548.00","-33423.00","-11875.00","-4388.00","-7487.00","--","--","-7487.00","54126.00","--","46639.00","-7487.00","--","--","46639.00","--","--","-0.09"
"115/08/13","115","2","1597","直得","757658.00","439360.00","--","--","318298.00","--","--","318298.00","197395.00","--","120903.00","31473.00","152376.00","39117.00","113259.00","--","--","113259.00","9486.00","--","122745.00","113259.00","--","--","122745.00","--","--","1.30"
"115/08/13","115","2","1604","聲寶","4795800.00","3885042.00","--","--","910758.00","--","--","910758.00","643359.00","--","267399.00","167349.00","434748.00","64134.00","370614.00","--","--","370614.00","572134.00","--","942748.00","355207.00","--","15407.00","924712.00","--","18036.00","0.98"
"115/08/13","115","2","1605","華新","90718081.00","83772208.00","--","--","6945873.00","--","--","6945873.00","5672410.00","--","1273463.00","11899503.00","13172966.00","671616.00","12501350.00","--","--","12501350.00","27523706.00","--","40025056.00","12627522.00","--","-126172.00","40175444.00","--","-150388.00","2.85"
"115/08/13","115","2","1608","華榮","6717464.00","5860716.00","--","--","856748.00","--","--","856748.00","156787.00","--","699961.00","2531858.00","3231819.00","139700.00","3092119.00","--","--","3092119.00","2583.00","--","3094702.00","2987014.00","--","105105.00","2989597.00","--","105105.00","7.04"
"115/08/13","115","2","1612","宏泰","3971752.00","3318103.00","--","--","653649.00","--","--","653649.00","146279.00","--","507370.00","434335.00","941705.00","113053.00","828652.00","--","--","828652.00","843325.00","--","1671977.00","828678.00","--","-26.00","1672003.00","--","-26.00","2.62"
"115/08/13","115","2","1614","三洋電","2650358.00","2143750.00","--","--","506608.00","--","--","506608.00","416044.00","--","90564.00","125502.00","216066.00","42095.00","173971.00","--","--","173971.00","43477.00","--","217448.00","173499.00","--","472.00","216976.00","--","472.00","0.67"
"115/08/13","115","2","1626","艾美特-KY","4885851.00","4067965.00","--","--","817886.00","8393.00","8609.00","818102.00","961982.00","--","-143880.00","-96814.00","-240694.00","2253.00","-242947.00","--","--","-242947.00","185736.00","--","-57211.00","-242947.00","--","--","-57211.00","--","--","-1.62"
"115/08/13","115","2","1708","東鹼","3308419.00","2324615.00","--","--","983804.00","--","--","983804.00","438220.00","--","545584.00","78758.00","624342.00","131477.00","492865.00","--","--","492865.00","152891.00","--","645756.00","492865.00","--","--","645756.00","--","--","1.98"
"115/08/13","115","2","1712","興農","10169009.00","6965877.00","--","--","3203132.00","--","--","3203132.00","2364265.00","--","838867.00","9014.00","847881.00","190121.00","657760.00","--","--","657760.00","49309.00","--","707069.00","654335.00","--","3425.00","703644.00","--","3425.00","1.56"
"115/08/13","115","2","1713","國化","226441.00","204152.00","--","--","22289.00","--","--","22289.00","43364.00","--","-21075.00","363036.00","341961.00","2996.00","338965.00","--","--","338965.00","-1195.00","--","337770.00","--","--","--","--","--","--","2.25"
"115/08/13","115","2","1714","和桐","17003246.00","14354583.00","--","--","2648663.00","--","--","2648663.00","695296.00","--","1953367.00","39865.00","1993232.00","454087.00","1539145.00","--","--","1539145.00","646454.00","--","2185599.00","870171.00","--","668974.00","1261269.00","--","924330.00","0.89"
"115/08/13","115","2","1717","長興","22168850.00","16940527.00","--","--","5228323.00","--","--","5228323.00","3668929.00","--","1559394.00","232001.00","1791395.00","491270.00","1300125.00","--","--","1300125.00","1657390.00","--","2957515.00","1274966.00","--","25159.00","2943156.00","--","14359.00","1.09"
"115/08/13","115","2","1720","生達","3524462.00","1982142.00","--","--","1542320.00","--","--","1542320.00","790900.00","--","751420.00","59939.00","811359.00","151271.00","660088.00","--","--","660088.00","-65901.00","--","594187.00","490121.00","--","169967.00","425488.00","--","168699.00","2.49"
"115/08/13","115","2","1721","三晃","806404.00","837154.00","--","--","-30750.00","--","--","-30750.00","86466.00","--","-117216.00","3308.00","-113908.00","1316.00","-115224.00","--","--","-115224.00","76931.00","--","-38293.00","-115224.00","--","--","-38293.00","--","--","-0.62"
"115/08/13","115","2","1722","台肥","6750506.00","5830943.00","--","--","919563.00","--","--","919563.00","595824.00","--","323739.00","191939.00","515678.00","96995.00","418683.00","--","--","418683.00","219314.00","--","637997.00","418683.00","--","--","637997.00","--","--","0.43"
"115/08/13","115","2","1723","中碳","3320133.00","2538335.00","--","--","781798.00","--","--","781798.00","296473.00","--","485325.00","75722.00","561047.00","80429.00","480618.00","--","--","480618.00","154319.00","--","634937.00","480618.00","--","--","634937.00","--","--","2.07"
"115/08/13","115","2","1726","永記","5175542.00","3738128.00","--","--","1437414.00","--","--","1437414.00","761143.00","--","676271.00","55123.00","731394.00","137697.00","593697.00","--","--","593697.00","159889.00","--","753586.00","593697.00","--","--","753586.00","--","--","3.66"
"115/08/13","115","2","1730","花仙子","1257131.00","619318.00","--","--","637813.00","6760.00","7333.00","638386.00","438672.00","--","199714.00","28851.00","228565.00","55336.00","173229.00","--","--","173229.00","6607.00","--","179836.00","158250.00","--","14979.00","164407.00","--","15429.00","2.50"
"115/08/13","115","2","1731","美吾華","854499.00","323624.00","--","--","530875.00","--","--","530875.00","407489.00","--","123386.00","30969.00","154355.00","28497.00","125858.00","--","--","125858.00","66290.00","--","192148.00","125858.00","--","--","192148.00","--","--","0.95"
"115/08/13","115","2","1733","五鼎","990376.00","656425.00","--","--","333951.00","--","--","333951.00","202108.00","--","131843.00","-248.00","131595.00","13379.00","118216.00","--","--","118216.00","956.00","--","119172.00","118055.00","--","161.00","118986.00","--","186.00","1.18"
"115/08/13","115","2","1735","日勝化","1263331.00","1022334.00","--","--","240997.00","--","--","240997.00","178927.00","--","62070.00","-8078.00","53992.00","15131.00","38861.00","--","--","38861.00","14883.00","--","53744.00","38861.00","--","--","53744.00","--","--","0.39"
"115/08/13","115","2","1736","喬山","25058808.00","10671620.00","--","--","14387188.00","--","--","14387188.00","12507817.00","--","1879371.00","-482225.00","1397146.00","403717.00","993429.00","--","--","993429.00","356168.00","--","1349597.00","993084.00","--","345.00","1349332.00","--","265.00","3.27"
"115/08/13","115","2","1737","臺鹽","1558509.00","946714.00","--","--","611795.00","--","--","611795.00","414430.00","--","197365.00","14576.00","211941.00","37862.00","174079.00","--","--","174079.00","1278.00","--","175357.00","174079.00","--","0.00","175357.00","--","0.00","0.87"
"115/08/13","115","2","1752","南光","1068214.00","682490.00","--","--","385724.00","--","--","385724.00","238896.00","--","146828.00","-37253.00","109575.00","25814.00","83761.00","--","--","83761.00","0.00","--","83761.00","84933.00","--","-1172.00","84933.00","--","-1172.00","0.84"
"115/08/13","115","2","1760","寶齡富錦","1031127.00","502671.00","--","--","528456.00","--","--","528456.00","383373.00","--","145083.00","-3692.00","141391.00","50539.00","90852.00","--","--","90852.00","328.00","--","91180.00","90852.00","--","--","91180.00","--","--","1.06"
"115/08/13","115","2","1762","中化生","666405.00","400123.00","--","--","266282.00","--","--","266282.00","151409.00","--","114873.00","35809.00","150682.00","18554.00","132128.00","--","--","132128.00","3337.00","--","135465.00","132128.00","--","--","135465.00","--","--","2.39"
"115/08/13","115","2","1773","勝一","6652050.00","4185951.00","--","--","2466099.00","--","--","2466099.00","905770.00","--","1560329.00","77450.00","1637779.00","323188.00","1314591.00","--","--","1314591.00","85498.00","--","1400089.00","1314648.00","--","-57.00","1400146.00","--","-57.00","4.38"
"115/08/13","115","2","1783","和康生","411881.00","126762.00","--","--","285119.00","--","--","285119.00","169934.00","--","115185.00","17809.00","132994.00","1071.00","131923.00","--","--","131923.00","8334.00","--","140257.00","131923.00","--","--","140257.00","--","--","1.47"
"115/08/13","115","2","1786","科妍","416348.00","132095.00","--","--","284253.00","--","--","284253.00","234224.00","--","50029.00","13220.00","63249.00","6649.00","56600.00","--","--","56600.00","74.00","--","56674.00","56600.00","--","--","56674.00","--","--","0.76"
"115/08/13","115","2","1789","神隆","1338213.00","982046.00","--","--","356167.00","--","--","356167.00","413087.00","--","-56920.00","22742.00","-34178.00","-15179.00","-18999.00","--","--","-18999.00","184990.00","--","165991.00","-18999.00","--","--","165991.00","--","--","-0.02"
"115/08/13","115","2","1805","寶徠","104037.00","67083.00","--","--","36954.00","--","--","36954.00","28283.00","--","8671.00","1726.00","10397.00","2616.00","7781.00","--","--","7781.00","-64.00","--","7717.00","7781.00","--","--","7717.00","--","--","0.06"
"115/08/13","115","2","1808","潤隆","12460368.00","9171387.00","--","--","3288981.00","--","--","3288981.00","539379.00","--","2749602.00","-5262.00","2744340.00","497591.00","2246749.00","--","--","2246749.00","52842.00","--","2299591.00","2246749.00","--","--","2299591.00","--","--","2.52"
"115/08/13","115","2","1817","凱撒衛","1302175.00","802346.00","--","--","499829.00","--","--","499829.00","294415.00","--","205414.00","62601.00","268015.00","51961.00","216054.00","--","--","216054.00","16461.00","--","232515.00","214464.00","--","1590.00","230702.00","--","1813.00","2.95"
"115/08/13","115","2","1903","士紙","76620.00","27441.00","--","--","49179.00","--","--","49179.00","67402.00","--","-18223.00","-21399.00","-39622.00","303.00","-39925.00","0.00","--","-39925.00","21893.00","--","-18032.00","-39925.00","--","0.00","-18032.00","--","0.00","-0.15"
"115/08/13","115","2","1904","正隆","22107225.00","17558953.00","--","--","4548272.00","--","--","4548272.00","3005123.00","--","1543149.00","533895.00","2077044.00","368995.00","1708049.00","--","--","1708049.00","215981.00","--","1924030.00","1608121.00","--","99928.00","1800510.00","--","123520.00","1.45"
"115/08/13","115","2","1906","寶隆","1581332.00","1429191.00","--","--","152141.00","--","--","152141.00","108300.00","--","43841.00","-3645.00","40196.00","6954.00","33242.00","--","--","33242.00","-88629.00","--","-55387.00","--","--","--","--","--","--","0.22"
"115/08/13","115","2","1909","榮成","24247513.00","21614343.00","--","--","2633170.00","--","--","2633170.00","2401313.00","--","231857.00","124361.00","356218.00","115273.00","240945.00","--","--","240945.00","386960.00","--","627905.00","243066.00","--","-2121.00","628887.00","--","-982.00","0.19"
"115/08/13","115","2","2002","中鋼","168002709.00","158298737.00","--","--","9703972.00","--","--","9703972.00","6657946.00","--","3046026.00","-706948.00","2339078.00","1402493.00","936585.00","--","--","936585.00","8763118.00","--","9699703.00","-377292.00","--","1313877.00","7062417.00","--","2637286.00","-0.03"
"115/08/13","115","2","2006","東和鋼鐵","29865731.00","24929990.00","--","--","4935741.00","--","--","4935741.00","1322760.00","--","3612981.00","253764.00","3866745.00","874404.00","2992341.00","--","--","2992341.00","-7796.00","--","2984545.00","2971876.00","--","20465.00","2963960.00","--","20585.00","4.07"
"115/08/13","115","2","2008","高興昌","821656.00","683094.00","--","--","138562.00","--","--","138562.00","55595.00","--","82967.00","-14799.00","68168.00","2653.00","65515.00","--","--","65515.00","506937.00","--","572452.00","--","--","--","--","--","--","0.34"
"115/08/13","115","2","2009","第一銅","1690872.00","1482719.00","--","--","208153.00","--","--","208153.00","32339.00","--","175814.00","-1167.00","174647.00","0.00","174647.00","--","--","174647.00","-980250.00","--","-805603.00","--","--","--","--","--","--","0.49"
"115/08/13","115","2","2010","春源","12883693.00","11379252.00","--","--","1504441.00","--","--","1504441.00","488251.00","--","1016190.00","99251.00","1115441.00","228811.00","886630.00","--","--","886630.00","56778.00","--","943408.00","876149.00","--","10481.00","920030.00","--","23378.00","1.35"
"115/08/13","115","2","2012","春雨","3768784.00","3210107.00","--","--","558677.00","--","--","558677.00","447954.00","--","110723.00","-54396.00","56327.00","95921.00","-39594.00","--","--","-39594.00","833.00","--","-38761.00","-52312.00","--","12718.00","-42443.00","--","3682.00","-0.19"
"115/08/13","115","2","2013","中鋼構","9643740.00","9155586.00","--","--","488154.00","--","--","488154.00","181792.00","--","306362.00","41567.00","347929.00","59749.00","288180.00","--","--","288180.00","31458.00","--","319638.00","288180.00","--","--","319638.00","--","--","1.44"
"115/08/13","115","2","2014","中鴻","10322219.00","10007894.00","--","--","314325.00","--","--","314325.00","194406.00","--","119919.00","-18860.00","101059.00","0.00","101059.00","--","--","101059.00","72834.00","--","173893.00","101059.00","--","--","173893.00","--","--","0.07"
"115/08/13","115","2","2015","豐興","13991827.00","12204954.00","--","--","1786873.00","--","--","1786873.00","464081.00","--","1322792.00","314009.00","1636801.00","264477.00","1372324.00","--","--","1372324.00","3989.00","--","1376313.00","1373908.00","--","-1584.00","1377897.00","--","-1584.00","2.36"
"115/08/13","115","2","2023","燁輝","33690191.00","30487209.00","--","--","3202982.00","--","--","3202982.00","2767525.00","--","435457.00","-1432356.00","-996899.00","110459.00","-1107358.00","--","--","-1107358.00","330250.00","--","-777108.00","-940375.00","--","-166983.00","-601210.00","--","-175898.00","-0.52"
"115/08/13","115","2","2024","志聯","510396.00","461078.00","--","--","49318.00","--","--","49318.00","32030.00","--","17288.00","8782.00","26070.00","0.00","26070.00","--","--","26070.00","--","--","26070.00","--","--","--","--","--","--","0.27"
"115/08/13","115","2","2028","威致","4741494.00","4490105.00","--","--","251389.00","--","--","251389.00","109318.00","--","142071.00","3672.00","145743.00","25226.00","120517.00","--","--","120517.00","2222.00","--","122739.00","--","--","--","--","--","--","0.37"
"115/08/13","115","2","2029","盛餘","6713601.00","5673866.00","--","--","1039735.00","--","--","1039735.00","691870.00","--","347865.00","50108.00","397973.00","72589.00","325384.00","--","--","325384.00","6568.00","--","331952.00","314189.00","--","11195.00","317742.00","--","14210.00","0.98"
"115/08/13","115","2","2030","彰源","5824707.00","4829351.00","--","--","995356.00","--","--","995356.00","393669.00","--","601687.00","-15410.00","586277.00","128683.00","457594.00","--","--","457594.00","104206.00","--","561800.00","457594.00","--","--","561800.00","--","--","1.66"
"115/08/13","115","2","2031","新光鋼","9410970.00","8136945.00","--","--","1274025.00","--","--","1274025.00","401739.00","--","872286.00","1002014.00","1874300.00","152617.00","1721683.00","--","--","1721683.00","-644978.00","--","1076705.00","1679726.00","--","41957.00","1034748.00","--","41957.00","5.23"
"115/08/13","115","2","2032","新鋼","1665543.00","1473275.00","--","--","192268.00","--","--","192268.00","65641.00","--","126627.00","31659.00","158286.00","24584.00","133702.00","--","--","133702.00","-14056.00","--","119646.00","--","--","--","--","--","--","1.02"
"115/08/13","115","2","2033","佳大","343779.00","291828.00","--","--","51951.00","--","--","51951.00","36546.00","--","15405.00","1281.00","16686.00","4383.00","12303.00","--","--","12303.00","--","--","12303.00","--","--","--","--","--","--","0.15"
"115/08/13","115","2","2034","允強","6293155.00","5681652.00","--","--","611503.00","--","--","611503.00","412193.00","--","199310.00","-131875.00","67435.00","-5449.00","72884.00","--","--","72884.00","-222271.00","--","-149387.00","72884.00","--","--","-149387.00","--","--","0.14"
"115/08/13","115","2","2049","上銀","13887696.00","9284750.00","--","--","4602946.00","--","--","4602946.00","2938524.00","--","1664422.00","134399.00","1798821.00","433328.00","1365493.00","--","--","1365493.00","1106037.00","--","2471530.00","1426930.00","--","-61437.00","2532985.00","--","-61455.00","4.03"
"115/08/13","115","2","2059","川湖","16279766.00","2575266.00","--","--","13704500.00","--","--","13704500.00","1160355.00","--","12544145.00","926109.00","13470254.00","2896383.00","10573871.00","--","--","10573871.00","14159.00","--","10588030.00","10573871.00","--","--","10588030.00","--","--","110.96"
"115/08/13","115","2","2069","運錩","4999074.00","4265999.00","--","--","733075.00","--","--","733075.00","352581.00","--","380494.00","-39657.00","340837.00","64258.00","276579.00","--","--","276579.00","128011.00","--","404590.00","276579.00","--","--","404590.00","--","--","1.66"
"115/08/13","115","2","2072","世紀風電","8846285.00","6614723.00","--","--","2231562.00","--","--","2231562.00","191311.00","--","2040251.00","97861.00","2138112.00","445710.00","1692402.00","--","--","1692402.00","--","--","1692402.00","1691578.00","--","824.00","1691578.00","--","824.00","9.30"
"115/08/13","115","2","2103","台橡","22212066.00","18433120.00","--","--","3778946.00","--","--","3778946.00","1483421.00","166804.00","2462329.00","533947.00","2996276.00","944084.00","2052192.00","--","--","2052192.00","542497.00","--","2594689.00","1866611.00","--","185581.00","2348905.00","--","245784.00","2.26"
"115/08/13","115","2","2104","國際中橡","6759902.00","7534380.00","--","--","-774478.00","--","--","-774478.00","606004.00","--","-1380482.00","-67067.00","-1447549.00","112593.00","-1560142.00","-7126.00","--","-1567268.00","194418.00","--","-1372850.00","-1276655.00","--","-290613.00","-1098074.00","--","-274776.00","-1.32"
"115/08/13","115","2","2105","正新","48618807.00","36544028.00","--","--","12074779.00","--","--","12074779.00","7233614.00","--","4841165.00","-159824.00","4681341.00","1276640.00","3404701.00","--","--","3404701.00","2585114.00","--","5989815.00","3415083.00","--","-10382.00","5975998.00","--","13817.00","1.05"
"115/08/13","115","2","2107","厚生","748158.00","455863.00","--","--","292295.00","--","--","292295.00","95359.00","--","196936.00","206693.00","403629.00","57673.00","345956.00","--","--","345956.00","1715949.00","--","2061905.00","345956.00","--","--","2061905.00","--","--","1.14"
"115/08/13","115","2","2108","南帝","6046460.00","4208325.00","--","--","1838135.00","--","--","1838135.00","834386.00","--","1003749.00","164943.00","1168692.00","323145.00","845547.00","--","--","845547.00","177617.00","--","1023164.00","630047.00","--","215500.00","807664.00","--","215500.00","1.28"
"115/08/13","115","2","2109","華豐","2287199.00","1785482.00","--","--","501717.00","--","--","501717.00","289792.00","--","211925.00","123566.00","335491.00","85281.00","250210.00","--","--","250210.00","-113759.00","--","136451.00","202097.00","--","48113.00","144895.00","--","-8444.00","0.72"
"115/08/13","115","2","2114","鑫永銓","809822.00","493042.00","--","--","316780.00","--","--","316780.00","61988.00","--","254792.00","40470.00","295262.00","55170.00","240092.00","--","--","240092.00","--","--","240092.00","--","--","--","--","--","--","3.08"
"115/08/13","115","2","2208","台船","9588436.00","10154660.00","--","--","-566224.00","--","--","-566224.00","348011.00","--","-914235.00","1277563.00","363328.00","15303.00","348025.00","--","--","348025.00","53454.00","--","401479.00","354882.00","--","-6857.00","408336.00","--","-6857.00","0.28"
"115/08/13","115","2","2227","裕日車","6716356.00","6156372.00","--","--","559984.00","--","--","559984.00","913338.00","-712.00","-354066.00","-635790.00","-989856.00","-209243.00","-780613.00","--","--","-780613.00","680019.00","--","-100594.00","-780613.00","--","--","-100594.00","--","--","-2.60"
"115/08/13","115","2","2241","艾姆勒","472595.00","428636.00","--","--","43959.00","--","--","43959.00","82987.00","--","-39028.00","1229.00","-37799.00","-499.00","-37300.00","--","--","-37300.00","15263.00","--","-22037.00","-43664.00","--","6364.00","-35325.00","--","13288.00","-0.42"
"115/08/13","115","2","2247","汎德永業","20624972.00","18225749.00","--","--","2399223.00","--","--","2399223.00","1786563.00","25250.00","637910.00","27281.00","665191.00","136750.00","528441.00","--","--","528441.00","--","--","528441.00","528441.00","--","--","528441.00","--","--","6.55"
"115/08/13","115","2","2258","鴻華先進-創","2304967.00","2040185.00","--","--","264782.00","--","--","264782.00","2253857.00","--","-1989075.00","-23831.00","-2012906.00","387.00","-2013293.00","--","--","-2013293.00","2139.00","--","-2011154.00","-2013293.00","--","--","-2011154.00","--","--","-1.15"
"115/08/13","115","2","2301","光寶科","96110746.00","72359356.00","--","--","23751390.00","--","--","23751390.00","11449535.00","--","12301855.00","2036325.00","14338180.00","3443634.00","10894546.00","--","--","10894546.00","1919222.00","--","12813768.00","10891244.00","--","3302.00","12808633.00","--","5135.00","4.80"
"115/08/13","115","2","2302","麗正","500767.00","322606.00","--","--","178161.00","--","--","178161.00","107214.00","--","70947.00","54504.00","125451.00","25238.00","100213.00","--","--","100213.00","-12931.00","--","87282.00","100213.00","--","--","87282.00","--","--","0.60"
"115/08/13","115","2","2303","聯電","129770564.00","89629284.00","--","--","40141280.00","--","--","40141280.00","15004154.00","1089275.00","26226401.00","35603550.00","61829951.00","3489152.00","58340799.00","--","--","58340799.00","40671988.00","--","99012787.00","58431436.00","--","-90637.00","99103359.00","--","-90572.00","4.68"
"115/08/13","115","2","2305","全友","632462.00","343634.00","--","--","288828.00","--","--","288828.00","179410.00","--","109418.00","92185.00","201603.00","38921.00","162682.00","--","--","162682.00","51505.00","--","214187.00","103628.00","--","59054.00","149336.00","--","64851.00","0.51"
"115/08/13","115","2","2308","台達電","342608732.00","218339911.00","--","--","124268821.00","--","--","124268821.00","65281476.00","--","58987345.00","7105092.00","66092437.00","15088837.00","51003600.00","--","--","51003600.00","3340412.00","--","54344012.00","45691231.00","--","5312369.00","49830610.00","--","4513402.00","17.59"
"115/08/13","115","2","2313","華通","39540030.00","32324210.00","--","--","7215820.00","--","--","7215820.00","3326090.00","--","3889730.00","-349223.00","3540507.00","557675.00","2982832.00","--","--","2982832.00","1070024.00","--","4052856.00","2982832.00","--","--","4052856.00","--","--","2.50"
"115/08/13","115","2","2316","楠梓電","2154260.00","2130871.00","--","--","23389.00","--","--","23389.00","281057.00","--","-257668.00","1793214.00","1535546.00","348387.00","1187159.00","--","--","1187159.00","820864.00","--","2008023.00","1187159.00","--","--","2008023.00","--","--","6.54"
"115/08/13","115","2","2321","東訊","372148.00","242056.00","--","--","130092.00","--","--","130092.00","105904.00","--","24188.00","-1364.00","22824.00","2084.00","20740.00","--","--","20740.00","-12168.00","--","8572.00","8299.00","--","12441.00","-3869.00","--","12441.00","0.27"
"115/08/13","115","2","2329","華泰","10336694.00","8989432.00","--","--","1347262.00","--","--","1347262.00","729295.00","--","617967.00","126940.00","744907.00","102083.00","642824.00","--","--","642824.00","5051133.00","--","5693957.00","642824.00","--","--","5693957.00","--","--","0.96"
"115/08/13","115","2","2332","友訊","7127361.00","5369657.00","--","--","1757704.00","--","--","1757704.00","1659800.00","--","97904.00","-26319.00","71585.00","77856.00","-6271.00","--","--","-6271.00","-73809.00","--","-80080.00","-42094.00","--","35823.00","-85992.00","--","5912.00","-0.07"
"115/08/13","115","2","2337","旺宏","29593392.00","13002018.00","--","--","16591374.00","--","--","16591374.00","5691266.00","--","10900108.00","366105.00","11266213.00","1751051.00","9515162.00","--","--","9515162.00","5502522.00","--","15017684.00","9507911.00","--","7251.00","15010433.00","--","7251.00","4.82"
"115/08/13","115","2","2340","台亞","2163511.00","2204483.00","--","--","-40972.00","--","--","-40972.00","438135.00","--","-479107.00","55840.00","-423267.00","39400.00","-462667.00","--","--","-462667.00","156163.00","--","-306504.00","-408499.00","--","-54168.00","-252336.00","--","-54168.00","-0.93"
"115/08/13","115","2","2344","華邦電","98096329.00","38036047.00","--","--","60060282.00","--","--","60060282.00","18530452.00","--","41529830.00","1177000.00","42706830.00","8390253.00","34316577.00","--","--","34316577.00","22617970.00","--","56934547.00","34431342.00","--","-114765.00","57036262.00","--","-101715.00","7.65"
"115/08/13","115","2","2345","智邦","165658435.00","133132194.00","--","--","32526241.00","2608.00","--","32523633.00","8143626.00","--","24380007.00","550063.00","24930070.00","5549864.00","19380206.00","--","--","19380206.00","491110.00","--","19871316.00","19394289.00","--","-14083.00","19885960.00","--","-14644.00","34.70"
"115/08/13","115","2","2347","聯強","327367601.00","315114418.00","--","--","12253183.00","--","--","12253183.00","4099810.00","--","8153373.00","1012922.00","9166295.00","2023069.00","7143226.00","--","--","7143226.00","6470934.00","--","13614160.00","6863735.00","--","279491.00","13502590.00","--","111570.00","4.12"
"115/08/13","115","2","2351","順德","6364416.00","5090557.00","--","--","1273859.00","--","0.00","1273859.00","585181.00","--","688678.00","17531.00","706209.00","151343.00","554866.00","0.00","--","554866.00","70899.00","--","625765.00","524794.00","--","30072.00","595693.00","--","30072.00","2.82"
"115/08/13","115","2","2352","佳世達","104271746.00","86570733.00","--","--","17701013.00","--","--","17701013.00","16357140.00","--","1343873.00","769911.00","2113784.00","693409.00","1420375.00","--","--","1420375.00","12157418.00","--","13577793.00","911414.00","--","508961.00","12859655.00","--","718138.00","0.58"
"115/08/13","115","2","2353","宏��","157726373.00","139939963.00","--","--","17786410.00","--","--","17786410.00","15233355.00","32953.00","2586008.00","3067547.00","5653555.00","1518425.00","4135130.00","--","--","4135130.00","2530418.00","--","6665548.00","2873563.00","--","1261567.00","5281709.00","--","1383839.00","0.96"
"115/08/13","115","2","2354","鴻準","55616127.00","53168367.00","--","--","2447760.00","--","--","2447760.00","1731663.00","--","716097.00","1598263.00","2314360.00","782320.00","1532040.00","--","--","1532040.00","6998158.00","--","8530198.00","1553583.00","--","-21543.00","8561212.00","--","-31014.00","1.10"
"115/08/13","115","2","2355","敬鵬","8297117.00","7290264.00","--","--","1006853.00","--","--","1006853.00","625356.00","--","381497.00","223293.00","604790.00","178326.00","426464.00","--","--","426464.00","229500.00","--","655964.00","426450.00","--","14.00","656064.00","--","-100.00","1.07"
"115/08/13","115","2","2356","英業達","470167600.00","448574830.00","--","--","21592770.00","--","--","21592770.00","13236460.00","--","8356310.00","-32415.00","8323895.00","1989701.00","6334194.00","--","--","6334194.00","2355989.00","--","8690183.00","6323190.00","--","11004.00","8666652.00","--","23531.00","1.76"
"115/08/13","115","2","2357","華碩","466101713.00","390887653.00","--","--","75214060.00","2073.00","--","75211987.00","42342324.00","--","32869663.00","7247167.00","40116830.00","8622569.00","31494261.00","--","--","31494261.00","36162960.00","--","67657221.00","28844853.00","--","2649408.00","64809487.00","--","2847734.00","38.83"
"115/08/13","115","2","2360","致茂","25389128.00","9779881.00","--","--","15609247.00","--","0.00","15609247.00","5570478.00","--","10038769.00","1569114.00","11607883.00","2430075.00","9177808.00","--","--","9177808.00","557326.00","--","9735134.00","8986741.00","--","191067.00","9537927.00","--","197207.00","21.27"
"115/08/13","115","2","2362","藍天","11470739.00","9317665.00","--","--","2153074.00","--","--","2153074.00","1472844.00","--","680230.00","1958389.00","2638619.00","298345.00","2340274.00","--","--","2340274.00","2379225.00","--","4719499.00","2340274.00","--","--","4719499.00","--","--","4.05"
"115/08/13","115","2","2363","矽統","2211081.00","1582746.00","--","--","628335.00","--","--","628335.00","506356.00","--","121979.00","53429.00","175408.00","69079.00","106329.00","--","--","106329.00","30974721.00","--","31081050.00","103177.00","--","3152.00","31078777.00","--","2273.00","0.20"
"115/08/13","115","2","2365","昆盈","488411.00","298682.00","--","--","189729.00","--","--","189729.00","163032.00","--","26697.00","39576.00","66273.00","10591.00","55682.00","--","--","55682.00","38144.00","--","93826.00","56621.00","--","-939.00","94489.00","--","-663.00","0.26"
"115/08/13","115","2","2369","菱生","3537444.00","3225718.00","--","--","311726.00","--","--","311726.00","198267.00","--","113459.00","23855.00","137314.00","28017.00","109297.00","--","--","109297.00","5951.00","--","115248.00","109295.00","--","2.00","115246.00","--","2.00","0.29"
"115/08/13","115","2","2374","佳能","5791792.00","4391062.00","--","--","1400730.00","--","--","1400730.00","831481.00","--","569249.00","55639.00","624888.00","109641.00","515247.00","--","--","515247.00","203804.00","--","719051.00","510564.00","--","4683.00","702152.00","--","16899.00","1.55"
"115/08/13","115","2","2377","微星","106169557.00","89760168.00","--","--","16409389.00","--","--","16409389.00","9252146.00","--","7157243.00","609269.00","7766512.00","1350658.00","6415854.00","--","--","6415854.00","587762.00","--","7003616.00","6415854.00","--","--","7003616.00","--","--","7.59"
"115/08/13","115","2","2379","瑞昱","73975769.00","38237359.00","--","--","35738410.00","--","--","35738410.00","27681282.00","--","8057128.00","1290631.00","9347759.00","1212637.00","8135122.00","--","--","8135122.00","2543606.00","--","10678728.00","8135053.00","--","69.00","10678659.00","--","69.00","15.86"
"115/08/13","115","2","2383","台光電","80342455.00","54610311.00","--","--","25732144.00","--","--","25732144.00","5869991.00","--","19862153.00","117256.00","19979409.00","4768986.00","15210423.00","--","--","15210423.00","1624477.00","--","16834900.00","15213191.00","--","-2768.00","16837963.00","--","-3063.00","42.46"
"115/08/13","115","2","2385","群光","45259478.00","38517327.00","--","--","6742151.00","--","--","6742151.00","4466273.00","--","2275878.00","2188922.00","4464800.00","166528.00","4298272.00","--","--","4298272.00","1625679.00","--","5923951.00","3696919.00","--","601353.00","5117476.00","--","806475.00","5.06"
"115/08/13","115","2","2387","精元","8511385.00","7531203.00","--","--","980182.00","--","--","980182.00","845098.00","--","135084.00","126609.00","261693.00","95384.00","166309.00","--","--","166309.00","466584.00","--","632893.00","127597.00","--","38712.00","546727.00","--","86166.00","0.66"
"115/08/13","115","2","2395","研華","46511554.00","28686490.00","--","--","17825064.00","--","--","17825064.00","8969289.00","--","8855775.00","802495.00","9658270.00","1836780.00","7821490.00","--","--","7821490.00","1572644.00","--","9394134.00","7852037.00","--","-30547.00","9423507.00","--","-29373.00","9.05"
"115/08/13","115","2","2397","友通","6738375.00","5050985.00","--","--","1687390.00","--","--","1687390.00","1232520.00","--","454870.00","-20390.00","434480.00","107727.00","326753.00","--","--","326753.00","31456.00","--","358209.00","234902.00","--","91851.00","248814.00","--","109395.00","2.05"
"115/08/13","115","2","2401","凌陽","3882273.00","1996826.00","--","--","1885447.00","--","--","1885447.00","1504195.00","234.00","381486.00","175641.00","557127.00","103389.00","453738.00","--","--","453738.00","27181.00","--","480919.00","205664.00","--","248074.00","219712.00","--","261207.00","0.35"
"115/08/13","115","2","2404","漢唐","46368948.00","35472950.00","--","--","10895998.00","--","--","10895998.00","1720655.00","--","9175343.00","866737.00","10042080.00","3190056.00","6852024.00","--","--","6852024.00","11285.00","--","6863309.00","6843807.00","--","8217.00","6844470.00","--","18839.00","36.23"
"115/08/13","115","2","2405","輔信","901546.00","512955.00","--","--","388591.00","--","--","388591.00","384591.00","--","4000.00","4599.00","8599.00","-523.00","9122.00","--","--","9122.00","-18580.00","--","-9458.00","9355.00","--","-233.00","-9181.00","--","-277.00","0.03"
"115/08/13","115","2","2408","南亞科","131636005.00","32693063.00","--","--","98942942.00","9355.00","1746.00","98935333.00","7997773.00","--","90937560.00","3109911.00","94047471.00","17797448.00","76250023.00","--","--","76250023.00","1664384.00","--","77914407.00","76251525.00","--","-1502.00","77915130.00","--","-723.00","23.38"
"115/08/13","115","2","2409","友達","139922549.00","122490911.00","--","--","17431638.00","--","--","17431638.00","17848917.00","--","-417279.00","2666872.00","2249593.00","1168992.00","1080601.00","--","--","1080601.00","5605877.00","--","6686478.00","199555.00","--","881046.00","5488017.00","--","1198461.00","0.03"
"115/08/13","115","2","2412","中華電","121351909.00","75566838.00","--","--","45785071.00","--","--","45785071.00","19423637.00","4499.00","26365933.00","767574.00","27133507.00","5259620.00","21873887.00","--","--","21873887.00","-100149.00","--","21773738.00","20751322.00","--","1122565.00","20593145.00","--","1180593.00","2.68"
"115/08/13","115","2","2413","環科","1800569.00","1495008.00","--","--","305561.00","--","--","305561.00","243470.00","--","62091.00","278985.00","341076.00","36229.00","304847.00","--","--","304847.00","6236.00","--","311083.00","304846.00","--","1.00","311082.00","--","1.00","2.39"
"115/08/13","115","2","2414","精技","20333244.00","18890488.00","--","--","1442756.00","--","--","1442756.00","862418.00","--","580338.00","-8256.00","572082.00","112741.00","459341.00","--","--","459341.00","1814.00","--","461155.00","408487.00","--","50854.00","409237.00","--","51918.00","2.53"
"115/08/13","115","2","2415","錩新","1237521.00","952845.00","--","--","284676.00","--","--","284676.00","159344.00","-44918.00","80414.00","-13108.00","67306.00","24496.00","42810.00","--","--","42810.00","54233.00","--","97043.00","41950.00","--","860.00","77963.00","--","19080.00","0.47"
"115/08/13","115","2","2419","仲琦","4119381.00","3350318.00","--","--","769063.00","--","--","769063.00","706911.00","--","62152.00","46474.00","108626.00","29912.00","78714.00","--","--","78714.00","30606.00","--","109320.00","45441.00","--","33273.00","75779.00","--","33541.00","0.14"
"115/08/13","115","2","2421","建準","10438117.00","7155364.00","--","--","3282753.00","--","--","3282753.00","1658323.00","--","1624430.00","92804.00","1717234.00","378095.00","1339139.00","--","--","1339139.00","96904.00","--","1436043.00","1339139.00","--","0.00","1436043.00","--","0.00","4.78"
"115/08/13","115","2","2423","固緯","1708577.00","756071.00","--","--","952506.00","--","--","952506.00","527181.00","--","425325.00","43796.00","469121.00","107238.00","361883.00","--","--","361883.00","26984.00","--","388867.00","361883.00","--","0.00","388867.00","--","0.00","2.49"
"115/08/13","115","2","2426","鼎元","1237137.00","974505.00","--","--","262632.00","--","--","262632.00","191076.00","800.00","72356.00","12212.00","84568.00","1409.00","83159.00","--","--","83159.00","12279.00","--","95438.00","83159.00","--","--","95438.00","--","--","0.28"
"115/08/13","115","2","2428","興勤","4751446.00","3041663.00","--","--","1709783.00","--","--","1709783.00","634049.00","--","1075734.00","245647.00","1321381.00","352157.00","969224.00","--","--","969224.00","424698.00","--","1393922.00","967003.00","--","2221.00","1391701.00","--","2221.00","7.55"
"115/08/13","115","2","2430","燦坤","8671133.00","7405635.00","--","--","1265498.00","--","--","1265498.00","1232214.00","--","33284.00","-21317.00","11967.00","1684.00","10283.00","--","--","10283.00","-4382.00","--","5901.00","10283.00","--","--","5901.00","--","--","0.09"
"115/08/13","115","2","2431","聯昌","121386.00","122688.00","--","--","-1302.00","--","--","-1302.00","47280.00","--","-48582.00","12934.00","-35648.00","-3.00","-35645.00","--","--","-35645.00","26845.00","--","-8800.00","-35645.00","--","--","-8800.00","--","--","-0.32"
"115/08/13","115","2","2432","倚天酷��-創","2246753.00","2008186.00","--","--","238567.00","--","--","238567.00","199845.00","--","38722.00","22602.00","61324.00","10440.00","50884.00","--","--","50884.00","32259.00","--","83143.00","50884.00","0.00","--","83143.00","0.00","--","0.82"
"115/08/13","115","2","2434","統懋","26784.00","38139.00","--","--","-11355.00","--","--","-11355.00","29201.00","--","-40556.00","18403.00","-22153.00","1976.00","-24129.00","--","--","-24129.00","1168.00","--","-22961.00","-24129.00","--","--","-22961.00","--","--","-0.65"
"115/08/13","115","2","2436","偉詮電","2207387.00","1493633.00","--","--","713754.00","--","--","713754.00","454021.00","--","259733.00","440949.00","700682.00","102931.00","597751.00","--","--","597751.00","222297.00","--","820048.00","596846.00","--","905.00","818061.00","--","1987.00","3.02"
"115/08/13","115","2","2439","美律","21408429.00","19068968.00","--","--","2339461.00","--","--","2339461.00","2129390.00","--","210071.00","379749.00","589820.00","-47826.00","637646.00","--","--","637646.00","265882.00","--","903528.00","381852.00","--","255794.00","628458.00","--","275070.00","1.54"
"115/08/13","115","2","2441","超豐","10005945.00","7609096.00","--","--","2396849.00","--","--","2396849.00","389995.00","--","2006854.00","111534.00","2118388.00","425891.00","1692497.00","--","--","1692497.00","3347575.00","--","5040072.00","1692535.00","--","-38.00","5040110.00","--","-38.00","2.98"
"115/08/13","115","2","2449","京元電子","21333559.00","12882853.00","--","--","8450706.00","--","--","8450706.00","2850946.00","--","5599760.00","284446.00","5884206.00","1106018.00","4778188.00","0.00","--","4778188.00","8679293.00","--","13457481.00","4778004.00","--","184.00","13457490.00","--","-9.00","3.91"
"115/08/13","115","2","2450","神腦","17234568.00","15527561.00","--","--","1707007.00","--","--","1707007.00","1552561.00","-505.00","153941.00","53813.00","207754.00","35045.00","172709.00","--","--","172709.00","2343.00","--","175052.00","172952.00","--","-243.00","175295.00","--","-243.00","0.67"
"115/08/13","115","2","2451","創見","32443888.00","7538847.00","--","--","24905041.00","--","--","24905041.00","992874.00","--","23912167.00","940547.00","24852714.00","4833004.00","20019710.00","--","--","20019710.00","466394.00","--","20486104.00","20019710.00","--","--","20486104.00","--","--","46.63"
"115/08/13","115","2","2453","凌群","3380233.00","2539749.00","--","--","840484.00","--","--","840484.00","664574.00","--","175910.00","18404.00","194314.00","43771.00","150543.00","--","--","150543.00","11068.00","--","161611.00","152594.00","--","-2051.00","163452.00","--","-1841.00","1.53"
"115/08/13","115","2","2454","聯發科","301333121.00","161970152.00","--","--","139362969.00","--","--","139362969.00","93604343.00","--","45758626.00","9222453.00","54981079.00","5999642.00","48981437.00","--","--","48981437.00","12902151.00","--","61883588.00","48488714.00","--","492723.00","61348301.00","--","535287.00","30.44"
"115/08/13","115","2","2455","全新","1924683.00","1186546.00","--","--","738137.00","--","--","738137.00","287673.00","--","450464.00","29836.00","480300.00","71627.00","408673.00","--","--","408673.00","--","--","408673.00","--","--","--","--","--","--","2.20"
"115/08/13","115","2","2457","飛宏","4329208.00","3352400.00","--","--","976808.00","--","--","976808.00","1232445.00","--","-255637.00","33259.00","-222378.00","56501.00","-278879.00","--","--","-278879.00","174391.00","--","-104488.00","-278879.00","--","--","-104488.00","--","--","-0.65"
"115/08/13","115","2","2460","建通","2394267.00","2140337.00","--","--","253930.00","--","--","253930.00","184010.00","--","69920.00","7425.00","77345.00","33742.00","43603.00","--","--","43603.00","76648.00","--","120251.00","43603.00","--","--","120251.00","--","--","0.26"
"115/08/13","115","2","2462","良得電","2021443.00","1827667.00","--","--","193776.00","--","--","193776.00","227657.00","--","-33881.00","33864.00","-17.00","27096.00","-27113.00","--","--","-27113.00","99500.00","--","72387.00","-28111.00","--","998.00","53350.00","--","19037.00","-0.19"
"115/08/13","115","2","2464","盟立","4033517.00","3204556.00","--","--","828961.00","--","4686.00","833647.00","657603.00","-5.00","176039.00","-21098.00","154941.00","19243.00","135698.00","--","--","135698.00","111730.00","--","247428.00","135280.00","--","418.00","246983.00","--","445.00","0.66"
"115/08/13","115","2","2465","麗臺","4074873.00","3599926.00","--","--","474947.00","--","--","474947.00","209676.00","--","265271.00","40097.00","305368.00","43445.00","261923.00","0.00","--","261923.00","14808.00","--","276731.00","261923.00","--","0.00","276731.00","--","0.00","2.79"
"115/08/13","115","2","2467","志聖","5044062.00","2568235.00","--","--","2475827.00","--","--","2475827.00","1161387.00","--","1314440.00","177520.00","1491960.00","340888.00","1151072.00","--","--","1151072.00","7289036.00","--","8440108.00","1106348.00","--","44724.00","8374801.00","--","65307.00","7.16"
"115/08/13","115","2","2471","資通","474859.00","294003.00","--","--","180856.00","--","--","180856.00","127016.00","--","53840.00","29306.00","83146.00","7555.00","75591.00","--","--","75591.00","1840.00","--","77431.00","75740.00","--","-149.00","77491.00","--","-60.00","1.60"
"115/08/13","115","2","2472","立隆電","6625090.00","4580230.00","--","--","2044860.00","--","--","2044860.00","695430.00","--","1349430.00","21586.00","1371016.00","410295.00","960721.00","--","--","960721.00","571449.00","--","1532170.00","656365.00","--","304356.00","1027610.00","--","504560.00","3.98"
"115/08/13","115","2","2474","可成","6455149.00","4594281.00","--","--","1860868.00","--","--","1860868.00","1569629.00","--","291239.00","3227114.00","3518353.00","572251.00","2946102.00","--","--","2946102.00","6306809.00","--","9252911.00","2839850.00","--","106252.00","9146659.00","--","106252.00","5.14"
"115/08/13","115","2","2476","鉅祥","4734678.00","3276223.00","--","--","1458455.00","--","--","1458455.00","543794.00","191.00","914852.00","50470.00","965322.00","246906.00","718416.00","--","--","718416.00","162714.00","--","881130.00","651261.00","--","67155.00","798294.00","--","82836.00","2.98"
"115/08/13","115","2","2477","美隆電","1084161.00","826843.00","--","--","257318.00","--","--","257318.00","247357.00","--","9961.00","29676.00","39637.00","20427.00","19210.00","--","--","19210.00","61034.00","--","80244.00","27386.00","--","-8176.00","100095.00","--","-19851.00","0.17"
"115/08/13","115","2","2478","大毅","3129590.00","2283986.00","--","--","845604.00","--","--","845604.00","347014.00","--","498590.00","-12359.00","486231.00","67763.00","418468.00","--","--","418468.00","130065.00","--","548533.00","415398.00","--","3070.00","544401.00","--","4132.00","2.91"
"115/08/13","115","2","2480","敦陽科","4882885.00","3765048.00","--","--","1117837.00","--","--","1117837.00","526598.00","--","591239.00","50608.00","641847.00","119233.00","522614.00","--","--","522614.00","62354.00","--","584968.00","522614.00","--","0.00","584968.00","--","0.00","4.91"
"115/08/13","115","2","2482","連宇","233542.00","138421.00","--","--","95121.00","--","--","95121.00","158025.00","--","-62904.00","16338.00","-46566.00","-10711.00","-35855.00","--","--","-35855.00","62787.00","--","26932.00","-36144.00","--","289.00","26643.00","--","289.00","-0.46"
"115/08/13","115","2","2483","百容","1046073.00","897810.00","--","--","148263.00","--","--","148263.00","133834.00","--","14429.00","28699.00","43128.00","-1339.00","44467.00","--","--","44467.00","165733.00","--","210200.00","43619.00","--","848.00","207293.00","--","2907.00","0.40"
"115/08/13","115","2","2484","希華","1214333.00","915120.00","--","--","299213.00","--","--","299213.00","174683.00","--","124530.00","46727.00","171257.00","33360.00","137897.00","--","--","137897.00","304863.00","--","442760.00","137883.00","--","14.00","442741.00","--","19.00","0.86"
"115/08/13","115","2","2486","一詮","3682920.00","2909336.00","--","--","773584.00","--","--","773584.00","477241.00","--","296343.00","-33401.00","262942.00","56057.00","206885.00","--","--","206885.00","89657.00","--","296542.00","211989.00","--","-5104.00","301646.00","--","-5104.00","0.91"
"115/08/13","115","2","2488","漢平","1543276.00","1202081.00","--","--","341195.00","--","--","341195.00","165561.00","--","175634.00","45504.00","221138.00","44661.00","176477.00","--","--","176477.00","33071.00","--","209548.00","176477.00","--","--","209548.00","--","--","2.21"
"115/08/13","115","2","2489","瑞軒","13171088.00","12108035.00","--","--","1063053.00","--","--","1063053.00","960574.00","--","102479.00","234114.00","336593.00","60402.00","276191.00","--","--","276191.00","304737.00","--","580928.00","268941.00","--","7250.00","572389.00","--","8539.00","0.44"
"115/08/13","115","2","2492","華新科","20848667.00","16807291.00","--","--","4041376.00","--","--","4041376.00","2160726.00","--","1880650.00","1831283.00","3711933.00","926247.00","2785686.00","--","--","2785686.00","14263920.00","--","17049606.00","2391356.00","--","394330.00","15429584.00","--","1620022.00","4.93"
"115/08/13","115","2","2495","普安","779004.00","454518.00","--","--","324486.00","--","--","324486.00","213829.00","--","110657.00","77345.00","188002.00","22380.00","165622.00","--","--","165622.00","324.00","--","165946.00","165622.00","--","0.00","165946.00","--","0.00","0.61"
"115/08/13","115","2","2496","卓越","415574.00","188383.00","--","--","227191.00","--","--","227191.00","163547.00","--","63644.00","-3842.00","59802.00","12960.00","46842.00","--","--","46842.00","-123.00","--","46719.00","47365.00","--","-523.00","47273.00","--","-554.00","2.48"
"115/08/13","115","2","2497","怡利電","2575334.00","1905123.00","--","--","670211.00","--","--","670211.00","446490.00","--","223721.00","57407.00","281128.00","78202.00","202926.00","--","--","202926.00","-33082.00","--","169844.00","202926.00","--","--","169844.00","--","--","1.59"
"115/08/13","115","2","2498","宏達電","1266828.00","732807.00","--","--","534021.00","--","--","534021.00","1669444.00","--","-1135423.00","646879.00","-488544.00","32593.00","-521137.00","--","--","-521137.00","553331.00","--","32194.00","-521137.00","--","--","32194.00","--","--","-0.62"
"115/08/13","115","2","2504","國產","10249436.00","7610365.00","--","--","2639071.00","--","--","2639071.00","503971.00","--","2135100.00","106395.00","2241495.00","446291.00","1795204.00","--","--","1795204.00","140418.00","--","1935622.00","1733130.00","--","62074.00","1873548.00","--","62074.00","1.47"
"115/08/13","115","2","2505","國揚","597159.00","418934.00","--","--","178225.00","--","--","178225.00","154419.00","--","23806.00","109152.00","132958.00","11003.00","121955.00","--","--","121955.00","114316.00","--","236271.00","119217.00","--","2738.00","233533.00","--","2738.00","0.31"
"115/08/13","115","2","2506","太設","807775.00","433204.00","--","--","374571.00","--","--","374571.00","238977.00","0.00","135594.00","30108.00","165702.00","33127.00","132575.00","--","--","132575.00","115894.00","--","248469.00","118039.00","--","14536.00","234892.00","--","13577.00","0.33"
"115/08/13","115","2","2509","全坤建","126622.00","98864.00","--","--","27758.00","--","--","27758.00","88773.00","--","-61015.00","-58756.00","-119771.00","985.00","-120756.00","--","--","-120756.00","59309.00","--","-61447.00","-117788.00","--","-2968.00","-66613.00","--","5166.00","-0.52"
"115/08/13","115","2","2511","太子","4679293.00","3315149.00","--","--","1364144.00","--","--","1364144.00","1076340.00","--","287804.00","-8501.00","279303.00","46158.00","233145.00","--","--","233145.00","180099.00","--","413244.00","257197.00","--","-24052.00","437296.00","--","-24052.00","0.16"
"115/08/13","115","2","2520","冠德","13225628.00","9757919.00","--","--","3467709.00","--","--","3467709.00","1054442.00","--","2413267.00","5710.00","2418977.00","547957.00","1871020.00","--","--","1871020.00","453.00","--","1871473.00","1109513.00","--","761507.00","1109756.00","--","761717.00","1.87"
"115/08/13","115","2","2528","皇普","1668766.00","1122831.00","--","--","545935.00","--","--","545935.00","155071.00","--","390864.00","-29350.00","361514.00","76873.00","284641.00","--","--","284641.00","--","--","284641.00","--","--","--","--","--","--","0.57"
"115/08/13","115","2","2530","華建","208839.00","177413.00","--","--","31426.00","--","--","31426.00","73048.00","--","-41622.00","-49967.00","-91589.00","1820.00","-93409.00","--","--","-93409.00","340.00","--","-93069.00","-89867.00","--","-3542.00","-89527.00","--","-3542.00","-0.11"
"115/08/13","115","2","2535","達欣工","13418087.00","11784141.00","--","--","1633946.00","--","--","1633946.00","410001.00","--","1223945.00","682068.00","1906013.00","263800.00","1642213.00","--","--","1642213.00","30869.00","--","1673082.00","1643272.00","--","-1059.00","1668067.00","--","5015.00","6.32"
"115/08/13","115","2","2536","宏普","4990851.00","3924864.00","--","--","1065987.00","--","--","1065987.00","155208.00","--","910779.00","-115044.00","795735.00","60263.00","735472.00","--","--","735472.00","--","--","735472.00","732334.00","--","3138.00","732334.00","--","3138.00","2.20"
"115/08/13","115","2","2542","興富發","33236853.00","22933838.00","--","--","10303015.00","--","--","10303015.00","2072271.00","--","8230744.00","279461.00","8510205.00","1500200.00","7010005.00","--","--","7010005.00","1123.00","--","7011128.00","5167757.00","--","1842248.00","5168880.00","--","1842248.00","2.45"
"115/08/13","115","2","2545","皇翔","3563099.00","2582461.00","--","--","980638.00","--","--","980638.00","529561.00","--","451077.00","410069.00","861146.00","88161.00","772985.00","--","--","772985.00","--","--","772985.00","772985.00","--","--","772985.00","--","--","2.04"
"115/08/13","115","2","2546","根基","11254443.00","9631846.00","--","--","1622597.00","--","--","1622597.00","252376.00","--","1370221.00","92873.00","1463094.00","303206.00","1159888.00","--","--","1159888.00","2896.00","--","1162784.00","1159878.00","--","10.00","1162773.00","--","11.00","8.89"
"115/08/13","115","2","2547","日勝生","3868922.00","2222099.00","--","--","1646823.00","--","--","1646823.00","960686.00","--","686137.00","-386507.00","299630.00","259814.00","39816.00","--","--","39816.00","0.00","--","39816.00","15143.00","--","24673.00","15143.00","--","24673.00","0.01"
"115/08/13","115","2","2548","華固","5707481.00","4166293.00","--","--","1541188.00","--","--","1541188.00","390917.00","--","1150271.00","42891.00","1193162.00","249788.00","943374.00","--","--","943374.00","1329.00","--","944703.00","943338.00","--","36.00","944350.00","--","353.00","2.81"
"115/08/13","115","2","2605","新興","2697089.00","1511259.00","--","--","1185830.00","--","--","1185830.00","282616.00","--","903214.00","1456976.00","2360190.00","211748.00","2148442.00","0.00","--","2148442.00","302041.00","--","2450483.00","2148442.00","--","--","2450483.00","--","--","3.67"
"115/08/13","115","2","2606","裕民","8905279.00","5888435.00","--","--","3016844.00","--","--","3016844.00","471464.00","--","2545380.00","483412.00","3028792.00","65229.00","2963563.00","--","--","2963563.00","838676.00","--","3802239.00","2963563.00","--","--","3802239.00","--","--","3.51"
"115/08/13","115","2","2610","華航","120815551.00","101972191.00","--","--","18843360.00","--","--","18843360.00","9742049.00","--","9101311.00","220353.00","9321664.00","1626361.00","7695303.00","--","--","7695303.00","-97911.00","--","7597392.00","6582106.00","--","1113197.00","6475321.00","--","1122071.00","1.08"
"115/08/13","115","2","2617","台航","2370150.00","1338583.00","--","--","1031567.00","--","--","1031567.00","82268.00","--","949299.00","-103118.00","846181.00","199700.00","646481.00","--","--","646481.00","94831.00","--","741312.00","646481.00","--","--","741312.00","--","--","1.55"
"115/08/13","115","2","2630","亞航","2095551.00","1917670.00","--","--","177881.00","--","--","177881.00","134517.00","--","43364.00","-12849.00","30515.00","6329.00","24186.00","--","--","24186.00","4177.00","--","28363.00","24186.00","--","--","28363.00","--","--","0.12"
"115/08/13","115","2","2633","台灣高鐵","27812094.00","15542614.00","--","--","12269480.00","--","--","12269480.00","1097315.00","--","11172165.00","-6781502.00","4390663.00","636417.00","3754246.00","--","--","3754246.00","--","--","3754246.00","--","--","--","--","--","--","0.67"
"115/08/13","115","2","2634","漢翔","16782863.00","14444822.00","--","--","2338041.00","--","--","2338041.00","665852.00","--","1672189.00","-84128.00","1588061.00","362000.00","1226061.00","--","--","1226061.00","31926.00","--","1257987.00","1226061.00","--","--","1257987.00","--","--","1.30"
"115/08/13","115","2","2642","宅配通","1594336.00","1527554.00","--","--","66782.00","--","--","66782.00","198020.00","--","-131238.00","12920.00","-118318.00","1938.00","-120256.00","--","--","-120256.00","-56895.00","--","-177151.00","-120256.00","--","--","-177151.00","--","--","-1.26"
"115/08/13","115","2","2645","長榮航太","9960855.00","7542627.00","--","--","2418228.00","--","--","2418228.00","398914.00","--","2019314.00","129363.00","2148677.00","429735.00","1718942.00","--","--","1718942.00","6191.00","--","1725133.00","--","--","--","--","--","--","4.59"
"115/08/13","115","2","2702","華園","738866.00","80328.00","--","--","658538.00","--","--","658538.00","582299.00","--","76239.00","-27536.00","48703.00","541.00","48162.00","--","--","48162.00","24143.00","--","72305.00","48162.00","--","--","72305.00","--","--","0.31"
"115/08/13","115","2","2704","國賓","705490.00","493309.00","--","--","212181.00","--","--","212181.00","190685.00","--","21496.00","802436.00","823932.00","211941.00","611991.00","--","--","611991.00","6540294.00","--","7152285.00","611688.00","--","303.00","7151982.00","--","303.00","1.67"
"115/08/13","115","2","2705","六福","1037572.00","751671.00","--","--","285901.00","--","--","285901.00","289998.00","--","-4097.00","-82299.00","-86396.00","0.00","-86396.00","--","--","-86396.00","444.00","--","-85952.00","-86396.00","--","--","-85952.00","--","--","-0.45"
"115/08/13","115","2","2706","第一店","178161.00","42143.00","--","--","136018.00","--","--","136018.00","15970.00","--","120048.00","101592.00","221640.00","45374.00","176266.00","--","--","176266.00","150959.00","--","327225.00","--","--","--","--","--","--","0.35"
"115/08/13","115","2","2707","晶華","3610518.00","2353886.00","--","--","1256632.00","--","--","1256632.00","271832.00","--","984800.00","399776.00","1384576.00","275434.00","1109142.00","--","--","1109142.00","19638.00","--","1128780.00","1098842.00","--","10300.00","1118480.00","--","10300.00","8.62"
"115/08/13","115","2","2722","夏都","278754.00","202266.00","--","--","76488.00","--","--","76488.00","132953.00","-3.00","-56468.00","-1543.00","-58011.00","606.00","-58617.00","--","--","-58617.00","310544.00","--","251927.00","-50267.00","--","-8350.00","117586.00","--","134341.00","-0.35"
"115/08/13","115","2","2727","王品","12917657.00","6765165.00","--","--","6152492.00","--","--","6152492.00","5113852.00","--","1038640.00","-11360.00","1027280.00","201486.00","825794.00","--","--","825794.00","77574.00","--","903368.00","816918.00","--","8876.00","879756.00","--","23612.00","9.86"
"115/08/13","115","2","2731","雄獅","16461055.00","13971962.00","--","--","2489093.00","--","--","2489093.00","1759276.00","--","729817.00","135814.00","865631.00","178076.00","687555.00","--","--","687555.00","-2171.00","--","685384.00","678347.00","--","9208.00","677145.00","--","8239.00","7.27"
"115/08/13","115","2","2739","寒舍","2691736.00","1604479.00","--","--","1087257.00","--","--","1087257.00","790015.00","44101.00","341343.00","-38773.00","302570.00","52308.00","250262.00","--","--","250262.00","9127.00","--","259389.00","250262.00","--","--","259389.00","--","--","2.73"
"115/08/13","115","2","2748","雲品","1312985.00","894939.00","--","--","418046.00","--","--","418046.00","266840.00","--","151206.00","68.00","151274.00","30514.00","120760.00","--","--","120760.00","-20144.00","--","100616.00","120760.00","--","--","100616.00","--","--","1.14"
"115/08/13","115","2","2901","欣欣","66647.00","8661.00","--","--","57986.00","--","--","57986.00","46072.00","--","11914.00","8067.00","19981.00","3996.00","15985.00","--","--","15985.00","0.00","--","15985.00","--","--","--","--","--","--","0.22"
"115/08/13","115","2","2910","統領","279786.00","37891.00","--","--","241895.00","0.00","0.00","241895.00","88680.00","--","153215.00","50615.00","203830.00","25042.00","178788.00","--","--","178788.00","13504.00","--","192292.00","178788.00","--","0.00","192292.00","--","0.00","1.02"
"115/08/13","115","2","2912","統一超","180703389.00","118211845.00","--","--","62491544.00","--","--","62491544.00","54873023.00","--","7618521.00","1710046.00","9328567.00","2009375.00","7319192.00","--","--","7319192.00","1430421.00","--","8749613.00","6265139.00","--","1054053.00","7772692.00","--","976921.00","6.03"
"115/08/13","115","2","2913","農林","220707.00","140452.00","--","--","80255.00","--","--","80255.00","97224.00","--","-16969.00","-62827.00","-79796.00","-26.00","-79770.00","--","--","-79770.00","--","--","-79770.00","--","--","--","--","--","--","-0.10"
"115/08/13","115","2","3004","豐達科","2590139.00","1964615.00","--","--","625524.00","--","--","625524.00","284602.00","--","340922.00","-26399.00","314523.00","56160.00","258363.00","--","--","258363.00","33968.00","--","292331.00","258363.00","--","0.00","292331.00","--","0.00","4.01"
"115/08/13","115","2","3006","晶豪科","21213118.00","8179056.00","--","--","13034062.00","--","--","13034062.00","3606465.00","--","9427597.00","257265.00","9684862.00","1715907.00","7968955.00","--","--","7968955.00","9329.00","--","7978284.00","7971616.00","--","-2661.00","7980945.00","--","-2661.00","27.58"
"115/08/13","115","2","3008","大立光","29208838.00","14776335.00","--","--","14432503.00","--","--","14432503.00","3472280.00","--","10960223.00","2426892.00","13387115.00","2485095.00","10902020.00","--","--","10902020.00","3538009.00","--","14440029.00","10793182.00","--","108838.00","14327893.00","--","112136.00","82.35"
"115/08/13","115","2","3013","晟銘電","6147745.00","4867708.00","--","--","1280037.00","--","--","1280037.00","459381.00","--","820656.00","-62033.00","758623.00","187719.00","570904.00","--","--","570904.00","25738.00","--","596642.00","570904.00","--","0.00","596642.00","--","0.00","2.78"
"115/08/13","115","2","3014","聯陽","3569479.00","1527287.00","--","--","2042192.00","--","--","2042192.00","1025487.00","--","1016705.00","90731.00","1107436.00","160450.00","946986.00","--","--","946986.00","652743.00","--","1599729.00","946986.00","--","0.00","1599729.00","--","0.00","5.88"
"115/08/13","115","2","3015","全漢","6284874.00","5143756.00","--","--","1141118.00","--","1245.00","1142363.00","1106854.00","--","35509.00","236309.00","271818.00","46816.00","225002.00","--","--","225002.00","2691231.00","--","2916233.00","202351.00","--","22651.00","2892899.00","--","23334.00","1.08"
"115/08/13","115","2","3016","嘉晶","2367626.00","1872478.00","--","--","495148.00","--","--","495148.00","161459.00","--","333689.00","20827.00","354516.00","66187.00","288329.00","--","--","288329.00","-180.00","--","288149.00","288329.00","--","--","288149.00","--","--","1.00"
"115/08/13","115","2","3017","奇鋐","98158910.00","67562811.00","--","--","30596099.00","--","--","30596099.00","5099450.00","--","25496649.00","417441.00","25914090.00","6961196.00","18952894.00","--","--","18952894.00","1457445.00","--","20410339.00","17482966.00","--","1469928.00","18733276.00","--","1677063.00","44.54"
"115/08/13","115","2","3019","亞光","14237685.00","11687129.00","--","--","2550556.00","--","--","2550556.00","1261412.00","--","1289144.00","-59328.00","1229816.00","252513.00","977303.00","--","--","977303.00","514320.00","--","1491623.00","830887.00","--","146416.00","1274673.00","--","216950.00","2.98"
"115/08/13","115","2","3021","鴻名","1469618.00","1175223.00","--","--","294395.00","--","--","294395.00","207295.00","--","87100.00","-9833.00","77267.00","38563.00","38704.00","--","--","38704.00","11554.00","--","50258.00","43756.00","--","-5052.00","57400.00","--","-7142.00","0.46"
"115/08/13","115","2","3023","信邦","17311456.00","13065616.00","--","--","4245840.00","--","--","4245840.00","2350784.00","--","1895056.00","309943.00","2204999.00","432017.00","1772982.00","--","--","1772982.00","589453.00","--","2362435.00","1768440.00","--","4542.00","2353078.00","--","9357.00","7.37"
"115/08/13","115","2","3024","憶聲","460391.00","332572.00","--","--","127819.00","--","--","127819.00","124796.00","--","3023.00","18380.00","21403.00","6169.00","15234.00","--","--","15234.00","61639.00","--","76873.00","15234.00","--","--","76873.00","--","--","0.05"
"115/08/13","115","2","3026","禾伸堂","7715738.00","5765963.00","--","--","1949775.00","--","--","1949775.00","839915.00","--","1109860.00","221249.00","1331109.00","263189.00","1067920.00","--","--","1067920.00","29891.00","--","1097811.00","1116406.00","--","-48486.00","1146367.00","--","-48556.00","6.73"
"115/08/13","115","2","3028","增你強","37224984.00","34140715.00","--","--","3084269.00","--","--","3084269.00","1355908.00","--","1728361.00","-180264.00","1548097.00","304761.00","1243336.00","--","--","1243336.00","419558.00","--","1662894.00","1243336.00","--","--","1662894.00","--","--","5.24"
"115/08/13","115","2","3029","零壹","14119278.00","12377431.00","--","--","1741847.00","--","--","1741847.00","849091.00","--","892756.00","67607.00","960363.00","195597.00","764766.00","--","--","764766.00","-29243.00","--","735523.00","604049.00","--","160717.00","574413.00","--","161110.00","3.63"
"115/08/13","115","2","3030","德律","5387967.00","2186726.00","--","--","3201241.00","--","--","3201241.00","1121996.00","--","2079245.00","77914.00","2157159.00","418649.00","1738510.00","--","--","1738510.00","44029.00","--","1782539.00","1738510.00","--","--","1782539.00","--","--","7.36"
"115/08/13","115","2","3031","佰鴻","642458.00","463136.00","--","--","179322.00","--","--","179322.00","119815.00","--","59507.00","56694.00","116201.00","19387.00","96814.00","--","--","96814.00","47547.00","--","144361.00","98137.00","--","-1323.00","142254.00","--","2107.00","0.57"
"115/08/13","115","2","3033","威健","68486502.00","64203747.00","--","--","4282755.00","--","--","4282755.00","1785071.00","--","2497684.00","-313925.00","2183759.00","537963.00","1645796.00","--","--","1645796.00","118312.00","--","1764108.00","1645796.00","--","--","1764108.00","--","--","3.38"
"115/08/13","115","2","3034","聯詠","51805401.00","30608699.00","--","--","21196702.00","--","--","21196702.00","10703223.00","--","10493479.00","1677619.00","12171098.00","2076126.00","10094972.00","0.00","--","10094972.00","5122605.00","--","15217577.00","10094972.00","--","0.00","15217577.00","--","0.00","16.59"
"115/08/13","115","2","3035","智原","5902036.00","3179056.00","--","--","2722980.00","--","--","2722980.00","2356474.00","--","366506.00","194416.00","560922.00","140315.00","420607.00","--","--","420607.00","4153884.00","--","4574491.00","302262.00","--","118345.00","4436480.00","--","138011.00","1.16"
"115/08/13","115","2","3037","欣興","80336273.00","62972093.00","--","--","17364180.00","--","--","17364180.00","7999167.00","42773.00","9407786.00","12466846.00","21874632.00","3151507.00","18723125.00","--","--","18723125.00","1392075.00","--","20115200.00","18157914.00","--","565211.00","19355632.00","--","759568.00","11.70"
"115/08/13","115","2","3040","遠見","65783.00","26006.00","--","--","39777.00","--","--","39777.00","33893.00","--","5884.00","2012.00","7896.00","14182.00","-6286.00","--","--","-6286.00","32317.00","--","26031.00","-6286.00","--","--","26031.00","--","--","-0.10"
"115/08/13","115","2","3044","健鼎","45821630.00","32783947.00","--","--","13037683.00","--","--","13037683.00","3607233.00","--","9430450.00","357300.00","9787750.00","2945021.00","6842729.00","--","--","6842729.00","1463493.00","--","8306222.00","6842643.00","--","86.00","8306136.00","--","86.00","13.02"
"115/08/13","115","2","3045","台灣大","99210679.00","77521993.00","--","--","21688686.00","--","--","21688686.00","10231352.00","594613.00","12051947.00","-334097.00","11717850.00","2280895.00","9436955.00","--","--","9436955.00","62990.00","--","9499945.00","8685140.00","--","751815.00","8761804.00","--","738141.00","2.86"
"115/08/13","115","2","3046","建��","4291920.00","3918152.00","--","--","373768.00","--","--","373768.00","139856.00","--","233912.00","25629.00","259541.00","44511.00","215030.00","--","--","215030.00","24539.00","--","239569.00","215592.00","--","-562.00","239934.00","--","-365.00","2.75"
"115/08/13","115","2","3047","訊舟","1542782.00","1153667.00","--","--","389115.00","--","--","389115.00","542836.00","--","-153721.00","34032.00","-119689.00","13721.00","-133410.00","--","--","-133410.00","24985.00","--","-108425.00","-68673.00","--","-64737.00","-42203.00","--","-66222.00","-0.31"
"115/08/13","115","2","3048","益登","73004165.00","69946420.00","--","--","3057745.00","--","--","3057745.00","1415061.00","--","1642684.00","-571981.00","1070703.00","221867.00","848836.00","--","--","848836.00","1198468.00","--","2047304.00","848836.00","--","--","2047304.00","--","--","3.15"
"115/08/13","115","2","3052","夆典","1909647.00","1726707.00","--","--","182940.00","--","--","182940.00","86241.00","--","96699.00","25751.00","122450.00","-19139.00","141589.00","--","--","141589.00","-312.00","--","141277.00","139781.00","--","1808.00","139477.00","--","1800.00","0.69"
"115/08/13","115","2","3054","立萬利","339319.00","156421.00","--","--","182898.00","--","--","182898.00","53920.00","--","128978.00","125660.00","254638.00","20655.00","233983.00","--","--","233983.00","312454.00","--","546437.00","233983.00","--","--","546437.00","--","--","2.90"
"115/08/13","115","2","3055","蔚華科","246507.00","168191.00","--","--","78316.00","--","--","78316.00","205349.00","0.00","-127033.00","112877.00","-14156.00","-7095.00","-7061.00","--","--","-7061.00","-3434.00","--","-10495.00","-3745.00","--","-3316.00","-7179.00","--","-3316.00","-0.03"
"115/08/13","115","2","3057","喬鼎","292482.00","163297.00","--","--","129185.00","--","--","129185.00","158258.00","--","-29073.00","-577.00","-29650.00","413.00","-30063.00","--","--","-30063.00","344.00","--","-29719.00","-30019.00","--","-44.00","-29678.00","--","-41.00","-0.46"
"115/08/13","115","2","3058","立德","1640138.00","1420174.00","--","--","219964.00","0.00","0.00","219964.00","301324.00","--","-81360.00","54248.00","-27112.00","5745.00","-32857.00","--","--","-32857.00","52361.00","--","19504.00","-28337.00","--","-4520.00","23995.00","--","-4491.00","-0.14"
"115/08/13","115","2","3059","華晶科","4380242.00","3269930.00","--","--","1110312.00","--","--","1110312.00","827359.00","--","282953.00","111842.00","394795.00","87118.00","307677.00","--","--","307677.00","275080.00","--","582757.00","195859.00","--","111818.00","469252.00","--","113505.00","0.64"
"115/08/13","115","2","3060","銘異","2245627.00","1902053.00","--","--","343574.00","--","--","343574.00","237414.00","--","106160.00","23954.00","130114.00","30123.00","99991.00","--","--","99991.00","31850.00","--","131841.00","93759.00","--","6232.00","125707.00","--","6134.00","0.68"
"115/08/13","115","2","3062","建漢","2001161.00","1949512.00","--","--","51649.00","--","--","51649.00","341746.00","--","-290097.00","-4117.00","-294214.00","-6688.00","-287526.00","--","--","-287526.00","22840.00","--","-264686.00","-287526.00","--","--","-264686.00","--","--","-0.88"
"115/08/13","115","2","3090","日電貿","9646164.00","7822199.00","--","--","1823965.00","--","--","1823965.00","655225.00","--","1168740.00","483307.00","1652047.00","240553.00","1411494.00","--","--","1411494.00","4728779.00","--","6140273.00","1388160.00","--","23334.00","6115602.00","--","24671.00","4.91"
"115/08/13","115","2","3092","鴻碩","831202.00","747272.00","--","--","83930.00","--","--","83930.00","292250.00","-3571.00","-211891.00","-3246.00","-215137.00","23476.00","-238613.00","--","--","-238613.00","35217.00","--","-203396.00","-233422.00","--","-5191.00","-198205.00","--","-5191.00","-2.19"
"115/08/13","115","2","3094","聯傑","110894.00","28121.00","--","--","82773.00","--","--","82773.00","68869.00","--","13904.00","22913.00","36817.00","4339.00","32478.00","--","--","32478.00","1546.00","--","34024.00","32478.00","--","--","34024.00","--","--","0.39"
"115/08/13","115","2","3130","一零四","1409168.00","179680.00","--","--","1229488.00","--","--","1229488.00","912722.00","--","316766.00","51414.00","368180.00","49691.00","318489.00","--","--","318489.00","24237.00","--","342726.00","318489.00","--","--","342726.00","--","--","9.60"
"115/08/13","115","2","3135","凌航","11262486.00","8744150.00","--","--","2518336.00","--","--","2518336.00","231357.00","--","2286979.00","-8870.00","2278109.00","456360.00","1821749.00","--","--","1821749.00","--","--","1821749.00","--","--","--","--","--","--","20.87"
"115/08/13","115","2","3150","鈺寶-創","169770.00","93712.00","--","--","76058.00","--","--","76058.00","78901.00","--","-2843.00","3817.00","974.00","-379.00","1353.00","--","--","1353.00","2628.00","--","3981.00","--","--","--","--","--","--","0.03"
"115/08/13","115","2","3164","景岳","192502.00","83165.00","--","--","109337.00","--","--","109337.00","101821.00","--","7516.00","15426.00","22942.00","8280.00","14662.00","--","--","14662.00","33577.00","--","48239.00","19690.00","--","-5028.00","48230.00","--","9.00","0.23"
"115/08/13","115","2","3167","大量","4805427.00","2717545.00","--","--","2087882.00","--","--","2087882.00","911553.00","--","1176329.00","25121.00","1201450.00","376245.00","825205.00","--","--","825205.00","99514.00","--","924719.00","825239.00","--","-34.00","924753.00","--","-34.00","9.26"
"115/08/13","115","2","3168","眾福科","1889565.00","1456051.00","--","--","433514.00","0.00","324.00","433838.00","287548.00","--","146290.00","-56.00","146234.00","8848.00","137386.00","--","--","137386.00","23432.00","--","160818.00","107444.00","--","29942.00","131344.00","--","29474.00","1.43"
"115/08/13","115","2","3189","景碩","23601219.00","17990900.00","--","--","5610319.00","--","--","5610319.00","3041042.00","--","2569277.00","179497.00","2748774.00","189528.00","2559246.00","--","--","2559246.00","125159.00","--","2684405.00","1859785.00","--","699461.00","1965869.00","--","718536.00","3.74"
"115/08/13","115","2","3229","晟鈦","755934.00","656273.00","--","--","99661.00","--","--","99661.00","32997.00","--","66664.00","15173.00","81837.00","-437.00","82274.00","--","--","82274.00","--","--","82274.00","82274.00","--","0.00","82274.00","--","0.00","1.28"
"115/08/13","115","2","3231","緯創","1741745642.00","1646988066.00","--","--","94757576.00","--","--","94757576.00","32173027.00","--","62584549.00","-7992733.00","54591816.00","12826863.00","41764953.00","--","--","41764953.00","6033415.00","--","47798368.00","24458222.00","--","17306731.00","29461235.00","--","18337133.00","7.78"
"115/08/13","115","2","3257","虹冠電","302276.00","173398.00","--","--","128878.00","--","--","128878.00","115086.00","--","13792.00","51794.00","65586.00","14097.00","51489.00","--","--","51489.00","14617.00","--","66106.00","51629.00","--","-140.00","66246.00","--","-140.00","0.65"
"115/08/13","115","2","3266","昇陽","1024116.00","848726.00","--","--","175390.00","--","--","175390.00","130869.00","--","44521.00","6419.00","50940.00","18732.00","32208.00","--","--","32208.00","0.00","--","32208.00","26621.00","--","5587.00","26621.00","--","5587.00","0.08"
"115/08/13","115","2","3311","閎暉","1184848.00","1054313.00","--","--","130535.00","--","--","130535.00","134644.00","--","-4109.00","90462.00","86353.00","1921.00","84432.00","--","--","84432.00","-7483.00","--","76949.00","84432.00","--","--","76949.00","--","--","0.84"
"115/08/13","115","2","3321","同泰","1133355.00","1037155.00","--","--","96200.00","--","--","96200.00","152966.00","--","-56766.00","-7471.00","-64237.00","3297.00","-67534.00","--","--","-67534.00","20973.00","--","-46561.00","-67534.00","--","--","-46561.00","--","--","-0.78"
"115/08/13","115","2","3338","泰碩","1887922.00","1550672.00","--","--","337250.00","--","--","337250.00","287163.00","--","50087.00","-3916.00","46171.00","5891.00","40280.00","--","--","40280.00","47665.00","--","87945.00","40280.00","--","--","87945.00","--","--","0.46"
"115/08/13","115","2","3380","明泰","10480123.00","8588899.00","--","--","1891224.00","--","--","1891224.00","1952451.00","--","-61227.00","99293.00","38066.00","8347.00","29719.00","--","--","29719.00","270870.00","--","300589.00","60957.00","--","-31238.00","320124.00","--","-19535.00","0.11"
"115/08/13","115","2","3406","玉晶光","11823117.00","7877983.00","--","--","3945134.00","--","--","3945134.00","1784870.00","--","2160264.00","-103336.00","2056928.00","471642.00","1585286.00","--","--","1585286.00","888458.00","--","2473744.00","1577080.00","--","8206.00","2467715.00","--","6029.00","13.99"
"115/08/13","115","2","3413","京鼎","11861137.00","9131392.00","--","--","2729745.00","--","--","2729745.00","1233264.00","--","1496481.00","-42114.00","1454367.00","381073.00","1073294.00","--","--","1073294.00","167864.00","--","1241158.00","983884.00","--","89410.00","1149046.00","--","92112.00","8.89"
"115/08/13","115","2","3416","融程電","2123231.00","1304786.00","--","--","818445.00","--","--","818445.00","444656.00","--","373789.00","40229.00","414018.00","69734.00","344284.00","--","--","344284.00","126330.00","--","470614.00","344640.00","--","-356.00","470918.00","--","-304.00","4.28"
"115/08/13","115","2","3443","創意","25344369.00","19237045.00","--","--","6107324.00","--","--","6107324.00","2606800.00","--","3500524.00","180169.00","3680693.00","479196.00","3201497.00","--","--","3201497.00","31252.00","--","3232749.00","3201497.00","--","--","3232749.00","--","--","23.89"
"115/08/13","115","2","3447","展達","1678251.00","1522092.00","--","--","156159.00","--","--","156159.00","165709.00","--","-9550.00","47047.00","37497.00","6630.00","30867.00","--","--","30867.00","4289.00","--","35156.00","30867.00","--","--","35156.00","--","--","0.40"
"115/08/13","115","2","3501","維熹","2620394.00","2162994.00","--","--","457400.00","--","--","457400.00","321299.00","--","136101.00","-22305.00","113796.00","28464.00","85332.00","--","--","85332.00","233145.00","--","318477.00","85332.00","--","--","318477.00","--","--","0.72"
"115/08/13","115","2","3504","揚明光","1423232.00","1177005.00","--","--","246227.00","--","--","246227.00","268593.00","--","-22366.00","30405.00","8039.00","-3082.00","11121.00","--","--","11121.00","39531.00","--","50652.00","11121.00","--","--","50652.00","--","0.00","0.10"
"115/08/13","115","2","3515","華擎","23475447.00","19458542.00","--","--","4016905.00","--","--","4016905.00","2129092.00","--","1887813.00","85239.00","1973052.00","325230.00","1647822.00","--","--","1647822.00","82327.00","--","1730149.00","876501.00","--","771321.00","958817.00","--","771332.00","7.10"
"115/08/13","115","2","3518","柏騰","115321.00","141645.00","--","--","-26324.00","--","--","-26324.00","98448.00","--","-124772.00","419840.00","295068.00","11469.00","283599.00","-3999.00","--","279600.00","27583.00","--","307183.00","279600.00","--","--","307183.00","--","--","2.78"
"115/08/13","115","2","3528","安馳","6702604.00","5864613.00","--","--","837991.00","--","--","837991.00","266155.00","--","571836.00","-118333.00","453503.00","87991.00","365512.00","--","--","365512.00","71820.00","--","437332.00","--","--","--","--","--","--","5.48"
"115/08/13","115","2","3530","晶相光","1140324.00","886225.00","--","--","254099.00","--","--","254099.00","177031.00","--","77068.00","23458.00","100526.00","16857.00","83669.00","--","--","83669.00","2999.00","--","86668.00","83669.00","--","--","86668.00","--","--","1.08"
"115/08/13","115","2","3532","台勝科","6918905.00","6642344.00","--","--","276561.00","--","--","276561.00","286283.00","--","-9722.00","-12051.00","-21773.00","-1499.00","-20274.00","--","--","-20274.00","-5543.00","--","-25817.00","-20274.00","--","--","-25817.00","--","--","-0.05"
"115/08/13","115","2","3535","晶彩科","528731.00","289166.00","--","--","239565.00","--","--","239565.00","164920.00","--","74645.00","13302.00","87947.00","-515.00","88462.00","--","--","88462.00","1181.00","--","89643.00","88462.00","--","--","89643.00","--","--","1.12"
"115/08/13","115","2","3543","州巧","1663462.00","1487961.00","--","--","175501.00","--","--","175501.00","278604.00","--","-103103.00","57932.00","-45171.00","18594.00","-63765.00","--","--","-63765.00","76268.00","--","12503.00","-58619.00","--","-5146.00","10831.00","--","1672.00","-0.54"
"115/08/13","115","2","3557","嘉威","2395301.00","1544499.00","--","--","850802.00","--","--","850802.00","714339.00","--","136463.00","-60512.00","75951.00","18913.00","57038.00","--","--","57038.00","38695.00","--","95733.00","57038.00","--","--","95733.00","--","--","0.68"
"115/08/13","115","2","3563","牧德","1910611.00","754907.00","--","--","1155704.00","--","--","1155704.00","412800.00","--","742904.00","59653.00","802557.00","169991.00","632566.00","--","--","632566.00","13523.00","--","646089.00","626830.00","--","5736.00","638438.00","--","7651.00","9.80"
"115/08/13","115","2","3591","艾笛森","1271933.00","1000101.00","--","--","271832.00","--","--","271832.00","225654.00","--","46178.00","2006.00","48184.00","15689.00","32495.00","--","--","32495.00","59144.00","--","91639.00","22758.00","--","9737.00","78455.00","--","13184.00","0.16"
"115/08/13","115","2","3592","瑞鼎","12258456.00","8950238.00","--","--","3308218.00","--","--","3308218.00","2667199.00","--","641019.00","88448.00","729467.00","95896.00","633571.00","--","--","633571.00","342755.00","--","976326.00","633571.00","--","--","976326.00","--","--","8.35"
"115/08/13","115","2","3596","智易","26666428.00","22621828.00","--","--","4044600.00","--","--","4044600.00","2293787.00","--","1750813.00","132475.00","1883288.00","451237.00","1432051.00","--","--","1432051.00","61948.00","--","1493999.00","1432548.00","--","-497.00","1494129.00","--","-130.00","6.50"
"115/08/13","115","2","3605","宏致","6171890.00","4619022.00","--","--","1552868.00","--","--","1552868.00","1159405.00","--","393463.00","8217.00","401680.00","93240.00","308440.00","--","--","308440.00","246324.00","--","554764.00","308425.00","--","15.00","554738.00","--","26.00","1.89"
"115/08/13","115","2","3607","谷崧","1431961.00","1234555.00","--","--","197406.00","--","--","197406.00","204587.00","--","-7181.00","15456.00","8275.00","79.00","8196.00","--","--","8196.00","63339.00","--","71535.00","8196.00","--","--","71535.00","--","--","0.07"
"115/08/13","115","2","3645","達邁","1244699.00","774591.00","--","--","470108.00","--","--","470108.00","205482.00","--","264626.00","15683.00","280309.00","79467.00","200842.00","--","--","200842.00","2878.00","--","203720.00","208372.00","--","-7530.00","211250.00","--","-7530.00","1.52"
"115/08/13","115","2","3652","精聯","1381656.00","903817.00","--","--","477839.00","--","--","477839.00","382129.00","--","95710.00","8805.00","104515.00","19877.00","84638.00","--","--","84638.00","1814.00","--","86452.00","84460.00","--","178.00","86334.00","--","118.00","1.12"
"115/08/13","115","2","3653","健策","12579732.00","6958191.00","--","--","5621541.00","--","--","5621541.00","1175790.00","--","4445751.00","170723.00","4616474.00","883229.00","3733245.00","--","--","3733245.00","220921.00","--","3954166.00","3716689.00","--","16556.00","3927905.00","--","26261.00","25.33"
"115/08/13","115","2","3669","圓展","1402225.00","547092.00","--","--","855133.00","--","--","855133.00","709276.00","--","145857.00","10166.00","156023.00","25782.00","130241.00","--","--","130241.00","155794.00","--","286035.00","130241.00","--","--","286035.00","--","--","1.40"
"115/08/13","115","2","3679","新至陞","2081417.00","1459389.00","--","--","622028.00","--","--","622028.00","252356.00","--","369672.00","20560.00","390232.00","127114.00","263118.00","--","--","263118.00","156110.00","--","419228.00","263118.00","--","--","419228.00","--","--","4.18"
"115/08/13","115","2","3694","海華","5908275.00","5059667.00","--","--","848608.00","--","--","848608.00","603752.00","--","244856.00","52306.00","297162.00","18692.00","278470.00","--","--","278470.00","47722.00","--","326192.00","278470.00","--","--","326192.00","--","--","1.82"
"115/08/13","115","2","3703","欣陸","13786035.00","11804722.00","--","--","1981313.00","--","--","1981313.00","1235425.00","--","745888.00","-68404.00","677484.00","184884.00","492600.00","--","--","492600.00","-27954.00","--","464646.00","471743.00","--","20857.00","437958.00","--","26688.00","0.57"
"115/08/13","115","2","3704","合勤控","15061489.00","11472573.00","--","--","3588916.00","--","--","3588916.00","2766730.00","--","822186.00","1590.00","823776.00","177140.00","646636.00","--","--","646636.00","51979.00","--","698615.00","630525.00","--","16111.00","682675.00","--","15940.00","1.55"
"115/08/13","115","2","3705","永信","3770546.00","2095303.00","--","--","1675243.00","--","--","1675243.00","1096362.00","--","578881.00","47550.00","626431.00","154789.00","471642.00","--","--","471642.00","53.00","--","471695.00","434857.00","--","36785.00","433181.00","--","38514.00","1.63"
"115/08/13","115","2","3708","上緯投控","587942.00","473836.00","--","--","114106.00","--","--","114106.00","160024.00","--","-45918.00","159155.00","113237.00","208188.00","-94951.00","0.00","--","-94951.00","8581483.00","--","8486532.00","-81797.00","--","-13154.00","8497824.00","--","-11292.00","-0.87"
"115/08/13","115","2","3711","日月光投控","364725674.00","289757480.00","--","--","74968194.00","--","--","74968194.00","36341650.00","--","38626544.00","5234698.00","43861242.00","7801809.00","36059433.00","--","--","36059433.00","27513820.00","--","63573253.00","35199641.00","--","859792.00","61781509.00","--","1791744.00","8.04"
"115/08/13","115","2","3714","富采","11569048.00","10298513.00","--","--","1270535.00","--","--","1270535.00","1975693.00","20067.00","-685091.00","1819776.00","1134685.00","17519.00","1117166.00","--","--","1117166.00","1496647.00","--","2613813.00","1095834.00","--","21332.00","2548717.00","--","65096.00","1.49"
"115/08/13","115","2","4106","雃博","1257114.00","636118.00","--","--","620996.00","--","--","620996.00","487611.00","--","133385.00","4688.00","138073.00","27718.00","110355.00","--","--","110355.00","-7885.00","--","102470.00","110355.00","--","0.00","102470.00","--","0.00","1.09"
"115/08/13","115","2","4108","懷特","70428.00","44683.00","--","--","25745.00","--","--","25745.00","97850.00","--","-72105.00","24990.00","-47115.00","12.00","-47127.00","--","--","-47127.00","106340.00","--","59213.00","-21613.00","--","-25514.00","70098.00","--","-10885.00","-0.11"
"115/08/13","115","2","4119","旭富","648663.00","511469.00","--","--","137194.00","--","--","137194.00","94708.00","--","42486.00","-26495.00","15991.00","8728.00","7263.00","--","--","7263.00","-11907.00","--","-4644.00","7263.00","--","--","-4644.00","--","--","0.06"
"115/08/13","115","2","4155","訊映","819907.00","567058.00","--","--","252849.00","--","--","252849.00","141083.00","--","111766.00","26985.00","138751.00","26124.00","112627.00","--","--","112627.00","-5064.00","--","107563.00","103514.00","--","9113.00","99913.00","--","7650.00","0.74"
"115/08/13","115","2","4164","承業醫","2338249.00","1768738.00","--","--","569511.00","--","--","569511.00","397136.00","--","172375.00","-37943.00","134432.00","34510.00","99922.00","--","--","99922.00","7062.00","--","106984.00","88784.00","--","11138.00","95738.00","--","11246.00","0.45"
"115/08/13","115","2","4169","泰宗","353979.00","191471.00","--","--","162508.00","--","--","162508.00","200849.00","--","-38341.00","3572.00","-34769.00","49.00","-34818.00","--","--","-34818.00","-37672.00","--","-72490.00","-34818.00","--","--","-72490.00","--","--","-0.55"
"115/08/13","115","2","4195","基米-創","320093.00","237250.00","--","--","82843.00","--","--","82843.00","166943.00","--","-84100.00","57560.00","-26540.00","613.00","-27153.00","--","--","-27153.00","384.00","--","-26769.00","-10393.00","--","-16760.00","-10009.00","--","-16760.00","-0.14"
"115/08/13","115","2","4426","利勤","436961.00","462104.00","--","--","-25143.00","--","--","-25143.00","89708.00","--","-114851.00","439.00","-114412.00","20889.00","-135301.00","--","--","-135301.00","4634.00","--","-130667.00","-135301.00","--","0.00","-130667.00","--","0.00","-0.78"
"115/08/13","115","2","4438","廣越","7939775.00","6866793.00","--","--","1072982.00","--","--","1072982.00","886003.00","--","186979.00","266975.00","453954.00","86879.00","367075.00","--","--","367075.00","162945.00","--","530020.00","282249.00","--","84826.00","425225.00","--","104795.00","2.51"
"115/08/13","115","2","4441","振大環球","3790065.00","2798562.00","--","--","991503.00","--","--","991503.00","323573.00","--","667930.00","113576.00","781506.00","161585.00","619921.00","--","--","619921.00","34501.00","--","654422.00","619293.00","--","628.00","653697.00","--","725.00","9.08"
"115/08/13","115","2","4540","全球傳動","1618341.00","1335853.00","--","--","282488.00","--","--","282488.00","275149.00","--","7339.00","69144.00","76483.00","47697.00","28786.00","--","--","28786.00","13791.00","--","42577.00","28786.00","--","--","42577.00","--","--","0.25"
"115/08/13","115","2","4545","銘鈺","1130077.00","944054.00","--","--","186023.00","--","--","186023.00","163179.00","--","22844.00","15026.00","37870.00","1652.00","36218.00","--","--","36218.00","15313.00","--","51531.00","36218.00","--","--","51531.00","--","--","0.47"
"115/08/13","115","2","4551","智伸科","4554705.00","3460023.00","--","--","1094682.00","--","--","1094682.00","438742.00","--","655940.00","38636.00","694576.00","144704.00","549872.00","--","--","549872.00","229949.00","--","779821.00","549872.00","--","--","779821.00","--","--","4.77"
"115/08/13","115","2","4555","氣立","897957.00","613518.00","--","--","284439.00","--","--","284439.00","239926.00","--","44513.00","16647.00","61160.00","5838.00","55322.00","--","--","55322.00","72229.00","--","127551.00","48033.00","--","7289.00","115521.00","--","12030.00","0.69"
"115/08/13","115","2","4562","穎漢","326079.00","184749.00","--","--","141330.00","--","--","141330.00","164605.00","--","-23275.00","21691.00","-1584.00","1944.00","-3528.00","--","--","-3528.00","7271.00","--","3743.00","-3089.00","--","-439.00","4523.00","--","-780.00","-0.04"
"115/08/13","115","2","4564","元翎","386878.00","487605.00","--","--","-100727.00","--","--","-100727.00","76182.00","--","-176909.00","7447.00","-169462.00","-4383.00","-165079.00","--","--","-165079.00","429.00","--","-164650.00","-165079.00","--","--","-164650.00","--","--","-0.71"
"115/08/13","115","2","4566","時碩工業","2822215.00","2167260.00","--","--","654955.00","--","--","654955.00","534648.00","--","120307.00","21287.00","141594.00","32274.00","109320.00","--","--","109320.00","69272.00","--","178592.00","109160.00","--","160.00","178760.00","--","-168.00","0.99"
"115/08/13","115","2","4572","駐龍","374995.00","247135.00","--","--","127860.00","--","--","127860.00","47505.00","--","80355.00","13126.00","93481.00","19046.00","74435.00","--","--","74435.00","--","--","74435.00","74435.00","--","--","74435.00","--","--","1.86"
"115/08/13","115","2","4576","大銀微系統","1878532.00","1165234.00","--","--","713298.00","--","--","713298.00","387394.00","--","325904.00","-15939.00","309965.00","55358.00","254607.00","--","--","254607.00","83711.00","--","338318.00","230178.00","--","24429.00","284543.00","--","53775.00","1.92"
"115/08/13","115","2","4583","台灣精銳","1760772.00","838107.00","--","--","922665.00","--","--","922665.00","316558.00","--","606107.00","83620.00","689727.00","143641.00","546086.00","--","--","546086.00","--","--","546086.00","546086.00","--","--","546086.00","--","--","6.81"
"115/08/13","115","2","4585","達明","995617.00","486720.00","--","--","508897.00","--","--","508897.00","442051.00","--","66846.00","147837.00","214683.00","23452.00","191231.00","--","--","191231.00","23491.00","--","214722.00","191231.00","--","--","214722.00","--","--","1.83"
"115/08/13","115","2","4588","玖鼎電力","433215.00","288692.00","--","--","144523.00","--","--","144523.00","63459.00","--","81064.00","-7638.00","73426.00","14823.00","58603.00","--","--","58603.00","--","--","58603.00","--","--","--","--","--","--","1.36"
"115/08/13","115","2","4590","富田-創","569391.00","388041.00","--","--","181350.00","--","--","181350.00","207580.00","--","-26230.00","151955.00","125725.00","13048.00","112677.00","--","--","112677.00","-223.00","--","112454.00","--","--","--","--","--","--","2.07"
"115/08/13","115","2","4722","國精化","1927958.00","1576828.00","--","--","351130.00","--","--","351130.00","197762.00","--","153368.00","25728.00","179096.00","47398.00","131698.00","--","--","131698.00","19295.00","--","150993.00","131698.00","--","--","150993.00","--","--","1.29"
"115/08/13","115","2","4737","華廣","831895.00","550631.00","--","--","281264.00","--","--","281264.00","422237.00","--","-140973.00","-24506.00","-165479.00","-33410.00","-132069.00","--","--","-132069.00","-26483.00","--","-158552.00","-133362.00","--","1293.00","-159896.00","--","1344.00","-1.77"
"115/08/13","115","2","4739","康普","5510938.00","4589754.00","--","--","921184.00","--","--","921184.00","229219.00","--","691965.00","-31838.00","660127.00","145453.00","514674.00","--","--","514674.00","-1090.00","--","513584.00","434254.00","--","80420.00","451399.00","--","62185.00","3.51"
"115/08/13","115","2","4755","三福化","2371319.00","1823187.00","--","--","548132.00","--","--","548132.00","292603.00","--","255529.00","32464.00","287993.00","77859.00","210134.00","--","--","210134.00","1513715.00","--","1723849.00","234551.00","--","-24417.00","1748266.00","--","-24417.00","2.33"
"115/08/13","115","2","4764","雙鍵","1755748.00","1285320.00","--","--","470428.00","--","--","470428.00","211676.00","0.00","258752.00","-8929.00","249823.00","56019.00","193804.00","--","--","193804.00","105238.00","--","299042.00","193051.00","--","753.00","298376.00","--","666.00","2.26"
"115/08/13","115","2","4770","上品","2363145.00","1528495.00","--","--","834650.00","--","--","834650.00","324576.00","--","510074.00","43568.00","553642.00","103131.00","450511.00","--","--","450511.00","183784.00","--","634295.00","450511.00","--","--","634295.00","--","--","5.63"
"115/08/13","115","2","4906","正文","6725001.00","5963642.00","--","--","761359.00","--","--","761359.00","1082132.00","--","-320773.00","122885.00","-197888.00","-35379.00","-162509.00","--","--","-162509.00","-449870.00","--","-612379.00","-181532.00","--","19023.00","-631484.00","--","19105.00","-0.42"
"115/08/13","115","2","4915","致伸","33130159.00","28043564.00","--","--","5086595.00","--","--","5086595.00","3752305.00","--","1334290.00","150161.00","1484451.00","304219.00","1180232.00","--","--","1180232.00","700377.00","--","1880609.00","1180232.00","--","--","1880609.00","--","--","2.55"
"115/08/13","115","2","4916","事欣科","2434357.00","1934919.00","--","--","499438.00","--","--","499438.00","276972.00","--","222466.00","566920.00","789386.00","123114.00","666272.00","--","--","666272.00","-70052.00","--","596220.00","674292.00","--","-8020.00","604240.00","--","-8020.00","5.45"
"115/08/13","115","2","4919","新唐","15929419.00","9767544.00","--","--","6161875.00","--","--","6161875.00","6606744.00","--","-444869.00","495493.00","50624.00","292441.00","-241817.00","--","--","-241817.00","23223.00","--","-218594.00","-241817.00","--","--","-218594.00","--","--","-0.57"
"115/08/13","115","2","4930","燦星網","2731514.00","2508526.00","--","--","222988.00","--","--","222988.00","435231.00","--","-212243.00","-7590.00","-219833.00","-45550.00","-174283.00","--","--","-174283.00","233390.00","--","59107.00","-96170.00","--","-78113.00","10566.00","--","48541.00","-1.20"
"115/08/13","115","2","4938","和碩","518553263.00","495595744.00","--","--","22957519.00","--","--","22957519.00","15930516.00","--","7027003.00","4182144.00","11209147.00","2036184.00","9172963.00","--","--","9172963.00","3792000.00","--","12964963.00","6049084.00","--","3123879.00","9692539.00","--","3272424.00","2.26"
"115/08/13","115","2","4942","嘉彰","2705762.00","2193954.00","--","--","511808.00","--","--","511808.00","387844.00","--","123964.00","11534.00","135498.00","25778.00","109720.00","--","--","109720.00","319606.00","--","429326.00","109966.00","--","-246.00","429572.00","--","-246.00","0.77"
"115/08/13","115","2","4952","凌通","1419349.00","872977.00","--","--","546372.00","--","--","546372.00","363256.00","-5.00","183111.00","15649.00","198760.00","15434.00","183326.00","--","--","183326.00","25157.00","--","208483.00","183326.00","--","--","208483.00","--","--","1.68"
"115/08/13","115","2","4956","光鋐","723542.00","597681.00","--","--","125861.00","--","--","125861.00","105936.00","-208.00","19717.00","14248.00","33965.00","5895.00","28070.00","--","--","28070.00","42072.00","--","70142.00","28070.00","--","--","70142.00","--","--","0.28"
"115/08/13","115","2","4958","臻鼎-KY","89158843.00","69161054.00","--","--","19997789.00","--","--","19997789.00","13733254.00","--","6264535.00","1067004.00","7331539.00","1557249.00","5774290.00","--","--","5774290.00","9953587.00","--","15727877.00","3817180.00","--","1957110.00","10853548.00","--","4874329.00","3.55"
"115/08/13","115","2","4960","誠美材","3871059.00","3889350.00","--","--","-18291.00","--","--","-18291.00","471338.00","--","-489629.00","152161.00","-337468.00","648.00","-338116.00","--","--","-338116.00","65441.00","--","-272675.00","-338116.00","--","--","-272675.00","--","--","-0.60"
"115/08/13","115","2","4961","天鈺","9887088.00","7188502.00","--","--","2698586.00","--","--","2698586.00","1910449.00","--","788137.00","244797.00","1032934.00","140065.00","892869.00","--","--","892869.00","569540.00","--","1462409.00","608320.00","--","284549.00","954768.00","--","507641.00","5.07"
"115/08/13","115","2","4967","十銓","16633210.00","9949597.00","--","--","6683613.00","--","--","6683613.00","705226.00","--","5978387.00","-35399.00","5942988.00","1236639.00","4706349.00","--","--","4706349.00","1573.00","--","4707922.00","4706349.00","--","--","4707922.00","--","--","53.44"
"115/08/13","115","2","4968","立積","1907539.00","1265137.00","--","--","642402.00","--","--","642402.00","580055.00","--","62347.00","42769.00","105116.00","12727.00","92389.00","--","--","92389.00","2809.00","--","95198.00","92389.00","--","--","95198.00","--","--","1.00"
"115/08/13","115","2","4976","佳凌","528620.00","698881.00","--","--","-170261.00","--","--","-170261.00","97037.00","--","-267298.00","20026.00","-247272.00","-21655.00","-225617.00","--","--","-225617.00","0.00","--","-225617.00","--","--","--","--","--","--","-1.63"
"115/08/13","115","2","4994","傳奇","602464.00","195434.00","--","--","407030.00","--","--","407030.00","345127.00","--","61903.00","-9001.00","52902.00","7362.00","45540.00","--","--","45540.00","98.00","--","45638.00","45540.00","--","--","45638.00","--","--","0.69"
"115/08/13","115","2","4999","鑫禾","820128.00","741179.00","--","--","78949.00","--","--","78949.00","177711.00","--","-98762.00","7919.00","-90843.00","-235.00","-90608.00","--","--","-90608.00","32358.00","--","-58250.00","-90608.00","--","--","-58250.00","--","--","-1.23"
"115/08/13","115","2","5007","三星","3133113.00","2249686.00","--","--","883427.00","--","--","883427.00","264152.00","--","619275.00","50990.00","670265.00","131038.00","539227.00","--","--","539227.00","4541.00","--","543768.00","535467.00","--","3760.00","537846.00","--","5922.00","1.82"
"115/08/13","115","2","5203","訊連","1113464.00","167577.00","--","--","945887.00","--","--","945887.00","849334.00","--","96553.00","78550.00","175103.00","43429.00","131674.00","--","--","131674.00","23014.00","--","154688.00","131674.00","--","--","154688.00","--","--","1.66"
"115/08/13","115","2","5222","全訊","406260.00","203179.00","--","--","203081.00","--","--","203081.00","135241.00","--","67840.00","5448.00","73288.00","16620.00","56668.00","--","--","56668.00","565320.00","--","621988.00","--","--","--","--","--","--","0.63"
"115/08/13","115","2","5225","東科-KY","4999304.00","4342266.00","--","--","657038.00","--","--","657038.00","526383.00","--","130655.00","47844.00","178499.00","27378.00","151121.00","--","--","151121.00","68292.00","--","219413.00","151121.00","--","--","219413.00","--","--","1.92"
"115/08/13","115","2","5234","達興材料","2483006.00","1415299.00","--","--","1067707.00","--","--","1067707.00","568836.00","--","498871.00","31495.00","530366.00","74519.00","455847.00","--","--","455847.00","-433.00","--","455414.00","455847.00","--","--","455414.00","--","--","4.44"
"115/08/13","115","2","5236","凌陽創新","1167421.00","459927.00","--","--","707494.00","--","--","707494.00","319948.00","--","387546.00","24593.00","412139.00","60609.00","351530.00","--","--","351530.00","--","--","351530.00","--","--","--","--","--","--","5.86"
"115/08/13","115","2","5244","弘凱","376452.00","283669.00","--","--","92783.00","--","--","92783.00","155678.00","--","-62895.00","12894.00","-50001.00","-482.00","-49519.00","--","--","-49519.00","55181.00","--","5662.00","-49519.00","--","--","5662.00","--","--","-0.73"
"115/08/13","115","2","5269","祥碩","6220554.00","3072553.00","--","--","3148001.00","11293.00","9220.00","3145928.00","1689653.00","--","1456275.00","2665188.00","4121463.00","250189.00","3871274.00","--","--","3871274.00","871932.00","--","4743206.00","3871274.00","--","--","4743206.00","--","--","52.07"
"115/08/13","115","2","5285","界霖","2981953.00","2441875.00","--","--","540078.00","--","--","540078.00","248786.00","--","291292.00","-8307.00","282985.00","77671.00","205314.00","--","--","205314.00","69448.00","--","274762.00","205314.00","--","--","274762.00","--","--","2.01"
"115/08/13","115","2","5288","豐祥-KY","4471477.00","3417667.00","--","--","1053810.00","--","-7.00","1053803.00","409115.00","--","644688.00","95386.00","740074.00","186236.00","553838.00","--","--","553838.00","56522.00","--","610360.00","557317.00","--","-3479.00","613729.00","--","-3369.00","8.03"
"115/08/13","115","2","5388","中磊","37262555.00","32451954.00","--","--","4810601.00","--","--","4810601.00","3642826.00","--","1167775.00","-177389.00","990386.00","214330.00","776056.00","--","--","776056.00","196397.00","--","972453.00","774796.00","--","1260.00","970864.00","--","1589.00","2.59"
"115/08/13","115","2","5434","崇越","39362103.00","34033796.00","--","--","5328307.00","-260.00","--","5328567.00","2414452.00","--","2914115.00","848221.00","3762336.00","885509.00","2876827.00","--","--","2876827.00","1418158.00","--","4294985.00","2858045.00","--","18782.00","4275895.00","--","19090.00","14.79"
"115/08/13","115","2","5471","松翰","1708141.00","996807.00","--","--","711334.00","--","--","711334.00","537047.00","--","174287.00","61365.00","235652.00","33883.00","201769.00","--","--","201769.00","26595.00","--","228364.00","201769.00","--","--","228364.00","--","--","1.20"
"115/08/13","115","2","5519","隆大","1129296.00","788402.00","--","--","340894.00","--","--","340894.00","122611.00","--","218283.00","12837.00","231120.00","55050.00","176070.00","--","--","176070.00","386.00","--","176456.00","176070.00","--","--","176456.00","--","--","0.76"
"115/08/13","115","2","5525","順天","3884131.00","2570970.00","--","--","1313161.00","--","--","1313161.00","298977.00","--","1014184.00","-23543.00","990641.00","273646.00","716995.00","--","--","716995.00","--","--","716995.00","717114.00","--","-119.00","717114.00","--","-119.00","2.33"
"115/08/13","115","2","5531","鄉林","323105.00","270425.00","--","--","52680.00","--","--","52680.00","480864.00","--","-428184.00","195697.00","-232487.00","-13806.00","-218681.00","--","--","-218681.00","103594.00","--","-115087.00","-118594.00","--","-100087.00","-2343.00","--","-112744.00","-0.12"
"115/08/13","115","2","5533","皇鼎","710094.00","510308.00","--","--","199786.00","--","--","199786.00","88521.00","--","111265.00","24363.00","135628.00","23774.00","111854.00","--","--","111854.00","--","--","111854.00","111854.00","--","--","111854.00","--","--","0.39"
"115/08/13","115","2","5534","長虹","2321400.00","1660696.00","--","--","660704.00","0.00","--","660704.00","255603.00","--","405101.00","3308.00","408409.00","84736.00","323673.00","--","--","323673.00","0.00","--","323673.00","319920.00","--","3753.00","319920.00","--","3753.00","1.05"
"115/08/13","115","2","5607","遠雄港","2583659.00","1214956.00","--","--","1368703.00","--","--","1368703.00","184191.00","--","1184512.00","-173298.00","1011214.00","203337.00","807877.00","--","--","807877.00","--","--","807877.00","807877.00","--","--","807877.00","--","--","2.18"
"115/08/13","115","2","5706","鳳凰","1530809.00","1325232.00","--","--","205577.00","--","--","205577.00","126683.00","372.00","79266.00","109950.00","189216.00","36433.00","152783.00","0.00","--","152783.00","88254.00","--","241037.00","150568.00","--","2215.00","237793.00","--","3244.00","1.79"
"115/08/13","115","2","6112","邁達特","12570260.00","10764804.00","--","--","1805456.00","--","--","1805456.00","1348995.00","--","456461.00","26870.00","483331.00","114130.00","369201.00","--","--","369201.00","-6204.00","--","362997.00","348525.00","--","20676.00","335392.00","--","27605.00","1.85"
"115/08/13","115","2","6115","鎰勝","4021415.00","3422204.00","--","--","599211.00","--","--","599211.00","235116.00","--","364095.00","13405.00","377500.00","103784.00","273716.00","--","--","273716.00","130987.00","--","404703.00","276925.00","--","-3209.00","407912.00","--","-3209.00","1.48"
"115/08/13","115","2","6120","達運","8756244.00","8423120.00","--","--","333124.00","--","--","333124.00","646131.00","--","-313007.00","1230815.00","917808.00","64583.00","853225.00","--","--","853225.00","402785.00","--","1256010.00","853225.00","--","--","1256010.00","--","--","1.42"
"115/08/13","115","2","6152","百一","956530.00","698962.00","--","--","257568.00","--","--","257568.00","273040.00","--","-15472.00","61031.00","45559.00","0.00","45559.00","--","--","45559.00","33927.00","--","79486.00","45107.00","--","452.00","79034.00","--","452.00","0.27"
"115/08/13","115","2","6153","嘉聯益","2730910.00","2863942.00","--","--","-133032.00","--","--","-133032.00","526667.00","--","-659699.00","111342.00","-548357.00","1794.00","-550151.00","--","--","-550151.00","-28818.00","--","-578969.00","-550151.00","--","--","-578969.00","--","--","-0.86"
"115/08/13","115","2","6155","鈞寶","373725.00","272985.00","--","--","100740.00","--","--","100740.00","67542.00","--","33198.00","47661.00","80859.00","8984.00","71875.00","--","--","71875.00","16566.00","--","88441.00","71875.00","--","0.00","88441.00","--","0.00","0.82"
"115/08/13","115","2","6166","凌華","7903289.00","5172648.00","--","--","2730641.00","--","0.00","2730641.00","1831047.00","--","899594.00","18444.00","918038.00","251031.00","667007.00","--","--","667007.00","107347.00","--","774354.00","679887.00","--","-12880.00","786989.00","--","-12635.00","3.12"
"115/08/13","115","2","6176","瑞儀","23124544.00","18057856.00","--","--","5066688.00","--","--","5066688.00","2857818.00","130950.00","2339820.00","-111390.00","2228430.00","936526.00","1291904.00","--","--","1291904.00","732413.00","--","2024317.00","1291904.00","--","--","2024317.00","--","--","2.81"
"115/08/13","115","2","6177","達麗","8310140.00","4745922.00","--","--","3564218.00","--","--","3564218.00","600431.00","--","2963787.00","-5802.00","2957985.00","571155.00","2386830.00","--","--","2386830.00","29735.00","--","2416565.00","2375830.00","--","11000.00","2405565.00","--","11000.00","5.03"
"115/08/13","115","2","6183","關貿","1359348.00","734830.00","--","--","624518.00","--","--","624518.00","222727.00","-371.00","401420.00","27329.00","428749.00","66807.00","361942.00","--","--","361942.00","30027.00","--","391969.00","361942.00","--","--","391969.00","--","--","2.41"
"115/08/13","115","2","6191","精成科","19292828.00","16230958.00","--","--","3061870.00","--","--","3061870.00","1596488.00","--","1465382.00","465929.00","1931311.00","781828.00","1149483.00","--","--","1149483.00","10682032.00","--","11831515.00","1157141.00","--","-7658.00","11838307.00","--","-6792.00","2.32"
"115/08/13","115","2","6192","巨路","3849908.00","2557491.00","--","--","1292417.00","--","--","1292417.00","634534.00","--","657883.00","46423.00","704306.00","194904.00","509402.00","--","--","509402.00","63585.00","--","572987.00","509989.00","--","-587.00","573565.00","--","-578.00","5.30"
"115/08/13","115","2","6196","帆宣","35508124.00","30715150.00","--","--","4792974.00","--","--","4792974.00","1721644.00","--","3071330.00","526893.00","3598223.00","697375.00","2900848.00","--","--","2900848.00","78072.00","--","2978920.00","2913486.00","--","-12638.00","2990925.00","--","-12005.00","13.26"
"115/08/13","115","2","6197","佳必琪","4534628.00","2907208.00","--","--","1627420.00","--","--","1627420.00","594869.00","--","1032551.00","82266.00","1114817.00","225898.00","888919.00","--","--","888919.00","450481.00","--","1339400.00","855813.00","--","33106.00","1310705.00","--","28695.00","7.00"
"115/08/13","115","2","6201","亞弘電","1507800.00","1153855.00","--","--","353945.00","--","--","353945.00","190357.00","--","163588.00","964.00","164552.00","29062.00","135490.00","--","--","135490.00","16608.00","--","152098.00","135490.00","--","--","152098.00","--","--","1.52"
"115/08/13","115","2","6202","盛群","1808704.00","1038806.00","--","--","769898.00","3666.00","--","766232.00","562613.00","--","203619.00","64775.00","268394.00","44028.00","224366.00","--","--","224366.00","68135.00","--","292501.00","216181.00","--","8185.00","281812.00","--","10689.00","0.94"
"115/08/13","115","2","6205","詮欣","665770.00","416375.00","--","--","249395.00","--","--","249395.00","188287.00","--","61108.00","51130.00","112238.00","17681.00","94557.00","--","--","94557.00","50123.00","--","144680.00","93957.00","--","600.00","143934.00","--","746.00","1.16"
"115/08/13","115","2","6206","飛捷","3391835.00","1848799.00","--","--","1543036.00","--","--","1543036.00","537518.00","--","1005518.00","31182.00","1036700.00","199063.00","837637.00","--","--","837637.00","8228.00","--","845865.00","847710.00","--","-10073.00","855839.00","--","-9974.00","5.93"
"115/08/13","115","2","6213","聯茂","20673078.00","17089749.00","--","--","3583329.00","--","--","3583329.00","1311037.00","--","2272292.00","44935.00","2317227.00","723343.00","1593884.00","--","--","1593884.00","808307.00","--","2402191.00","1593884.00","--","--","2402191.00","--","--","4.39"
"115/08/13","115","2","6214","精誠","27367791.00","22285547.00","--","--","5082244.00","--","--","5082244.00","3915125.00","--","1167119.00","979802.00","2146921.00","349857.00","1797064.00","--","--","1797064.00","57709.00","--","1854773.00","1673093.00","--","123971.00","1730302.00","--","124471.00","6.15"
"115/08/13","115","2","6216","居易","284856.00","163034.00","--","--","121822.00","--","--","121822.00","145459.00","--","-23637.00","18731.00","-4906.00","8633.00","-13539.00","--","--","-13539.00","--","--","-13539.00","--","--","--","--","--","--","-0.14"
"115/08/13","115","2","6225","天瀚","26757.00","14662.00","--","--","12095.00","--","--","12095.00","20581.00","--","-8486.00","5990.00","-2496.00","0.00","-2496.00","--","--","-2496.00","1009.00","--","-1487.00","-2496.00","0.00","0.00","-1487.00","0.00","0.00","-0.09"
"115/08/13","115","2","6226","光鼎","326898.00","226840.00","--","--","100058.00","--","--","100058.00","113496.00","--","-13438.00","23435.00","9997.00","6418.00","3579.00","0.00","--","3579.00","126712.00","--","130291.00","3579.00","--","0.00","130291.00","--","0.00","0.03"
"115/08/13","115","2","6230","尼得科超眾","4678093.00","3866037.00","--","--","812056.00","--","--","812056.00","780196.00","--","31860.00","-196448.00","-164588.00","-7761.00","-156827.00","--","--","-156827.00","228415.00","--","71588.00","-156827.00","--","--","71588.00","--","--","-1.82"
"115/08/13","115","2","6239","力成","44429999.00","35254988.00","--","--","9175011.00","--","--","9175011.00","2883720.00","--","6291291.00","526950.00","6818241.00","1581742.00","5236499.00","--","--","5236499.00","157579.00","--","5394078.00","4063013.00","--","1173486.00","4253548.00","--","1140530.00","5.50"
"115/08/13","115","2","6257","矽格","11174473.00","7485101.00","--","--","3689372.00","--","--","3689372.00","997267.00","--","2692105.00","263402.00","2955507.00","475480.00","2480027.00","--","--","2480027.00","3462428.00","--","5942455.00","2225873.00","--","254154.00","5693779.00","--","248676.00","4.65"
"115/08/13","115","2","6269","台郡","10847066.00","10692495.00","--","--","154571.00","--","--","154571.00","1854929.00","--","-1700358.00","80323.00","-1620035.00","-275578.00","-1344457.00","--","--","-1344457.00","521741.00","--","-822716.00","-1364721.00","--","20264.00","-843451.00","--","20735.00","-4.27"
"115/08/13","115","2","6271","同欣電","5972201.00","4203418.00","--","--","1768783.00","--","--","1768783.00","803486.00","--","965297.00","152255.00","1117552.00","201723.00","915829.00","0.00","--","915829.00","249542.00","--","1165371.00","914329.00","0.00","1500.00","1164166.00","0.00","1205.00","4.37"
"115/08/13","115","2","6281","全國電","9673563.00","7727186.00","--","--","1946377.00","--","--","1946377.00","1670634.00","--","275743.00","7441.00","283184.00","59182.00","224002.00","--","--","224002.00","--","--","224002.00","--","--","--","--","--","--","2.26"
"115/08/13","115","2","6282","康舒","18095950.00","13982105.00","--","--","4113845.00","--","--","4113845.00","3722802.00","--","391043.00","64113.00","455156.00","149867.00","305289.00","0.00","--","305289.00","514363.00","--","819652.00","312697.00","--","-7408.00","814292.00","--","5360.00","0.37"
"115/08/13","115","2","6283","淳安","871970.00","803441.00","--","--","68529.00","--","--","68529.00","181936.00","--","-113407.00","23406.00","-90001.00","-4611.00","-85390.00","--","--","-85390.00","59667.00","--","-25723.00","-77051.00","--","-8339.00","-28572.00","--","2849.00","-0.53"
"115/08/13","115","2","6285","啟��","68594467.00","59456233.00","--","--","9138234.00","--","--","9138234.00","5707587.00","--","3430647.00","22453.00","3453100.00","691456.00","2761644.00","--","--","2761644.00","629485.00","--","3391129.00","2761644.00","--","--","3391129.00","--","--","5.75"
"115/08/13","115","2","6405","悅城","248.00","22169.00","--","--","-21921.00","--","--","-21921.00","29588.00","--","-51509.00","59912.00","8403.00","984.00","7419.00","--","--","7419.00","637779.00","--","645198.00","--","--","--","--","--","--","0.11"
"115/08/13","115","2","6409","旭隼","9759001.00","7257644.00","--","--","2501357.00","--","--","2501357.00","733522.00","--","1767835.00","-464791.00","1303044.00","199321.00","1103723.00","--","--","1103723.00","513358.00","--","1617081.00","1103723.00","--","--","1617081.00","--","--","12.58"
"115/08/13","115","2","6412","群電","16227361.00","13883596.00","--","--","2343765.00","--","--","2343765.00","1813730.00","--","530035.00","799791.00","1329826.00","111278.00","1218548.00","--","--","1218548.00","434684.00","--","1653232.00","1218548.00","--","--","1653232.00","--","--","3.04"
"115/08/13","115","2","6446","藥華藥","11976809.00","1016735.00","--","--","10960074.00","--","--","10960074.00","5717584.00","--","5242490.00","291693.00","5534183.00","854592.00","4679591.00","--","--","4679591.00","230323.00","--","4909914.00","4679591.00","--","--","4909914.00","--","--","11.35"
"115/08/13","115","2","6456","GIS-KY","26579610.00","25428905.00","--","--","1150705.00","--","--","1150705.00","2275085.00","--","-1124380.00","373494.00","-750886.00","506301.00","-1257187.00","--","--","-1257187.00","1170525.00","--","-86662.00","-1256911.00","--","-276.00","-87234.00","--","572.00","-3.76"
"115/08/13","115","2","6477","安集","449527.00","302844.00","--","--","146683.00","--","--","146683.00","58149.00","--","88534.00","-53876.00","34658.00","11182.00","23476.00","--","--","23476.00","-11011.00","--","12465.00","18500.00","--","4976.00","7630.00","--","4835.00","0.15"
"115/08/13","115","2","6491","晶碩","4000172.00","1874215.00","--","--","2125957.00","--","--","2125957.00","998580.00","--","1127377.00","88853.00","1216230.00","189269.00","1026961.00","--","--","1026961.00","20186.00","--","1047147.00","1016521.00","--","10440.00","1035414.00","--","11733.00","13.13"
"115/08/13","115","2","6504","南六","3329596.00","2883490.00","--","--","446106.00","--","--","446106.00","345630.00","--","100476.00","-60013.00","40463.00","39495.00","968.00","--","--","968.00","98852.00","--","99820.00","987.00","--","-19.00","99836.00","--","-16.00","0.01"
"115/08/13","115","2","6505","台塑化","344972366.00","292351170.00","--","--","52621196.00","--","--","52621196.00","5223969.00","--","47397227.00","4187977.00","51585204.00","10403336.00","41181868.00","--","--","41181868.00","101424223.00","--","142606091.00","41185628.00","--","-3760.00","142550278.00","--","55813.00","4.32"
"115/08/13","115","2","6525","捷敏-KY","3008421.00","2176200.00","--","--","832221.00","--","--","832221.00","194378.00","--","637843.00","-6580.00","631263.00","136122.00","495141.00","--","--","495141.00","168747.00","--","663888.00","495141.00","--","--","663888.00","--","--","3.84"
"115/08/13","115","2","6526","達發","11744071.00","5650115.00","--","--","6093956.00","--","--","6093956.00","4334729.00","--","1759227.00","162741.00","1921968.00","289981.00","1631987.00","--","--","1631987.00","137745.00","--","1769732.00","1628149.00","--","3838.00","1765894.00","--","3838.00","9.72"
"115/08/13","115","2","6531","愛普*","4462828.00","2333634.00","--","--","2129194.00","--","--","2129194.00","815273.00","--","1313921.00","346663.00","1660584.00","333439.00","1327145.00","--","--","1327145.00","47884.00","--","1375029.00","1357389.00","--","-30244.00","1404021.00","--","-28992.00","8.33"
"115/08/13","115","2","6534","正瀚-創","1328929.00","189625.00","--","--","1139304.00","--","--","1139304.00","450410.00","--","688894.00","9947.00","698841.00","121015.00","577826.00","--","--","577826.00","4205.00","--","582031.00","577826.00","--","0.00","582031.00","--","0.00","5.65"
"115/08/13","115","2","6552","易華電","576929.00","630541.00","--","--","-53612.00","--","--","-53612.00","78953.00","--","-132565.00","56736.00","-75829.00","-807.00","-75022.00","--","--","-75022.00","1033405.00","--","958383.00","--","--","--","--","--","--","-0.90"
"115/08/13","115","2","6579","研揚","5227560.00","3422946.00","--","--","1804614.00","--","--","1804614.00","1271525.00","--","533089.00","511974.00","1045063.00","148986.00","896077.00","--","--","896077.00","55226.00","--","951303.00","773376.00","--","122701.00","824422.00","--","126881.00","6.15"
"115/08/13","115","2","6581","鋼聯","1282106.00","534615.00","--","--","747491.00","--","--","747491.00","132724.00","--","614767.00","-4482.00","610285.00","124199.00","486086.00","--","--","486086.00","--","--","486086.00","486086.00","--","--","486086.00","--","--","4.37"
"115/08/13","115","2","6582","申豐","260740.00","255124.00","--","--","5616.00","--","--","5616.00","58567.00","--","-52951.00","46124.00","-6827.00","-5573.00","-1254.00","--","--","-1254.00","543344.00","--","542090.00","-1254.00","--","--","542090.00","--","--","-0.01"
"115/08/13","115","2","6585","鼎基","1657000.00","1039138.00","--","--","617862.00","--","--","617862.00","203057.00","--","414805.00","30238.00","445043.00","98411.00","346632.00","--","--","346632.00","7900.00","--","354532.00","346632.00","--","--","354532.00","--","--","4.81"
"115/08/13","115","2","6592","和潤企業","11564100.00","4436223.00","--","--","7127877.00","--","--","7127877.00","4833376.00","--","2294501.00","193344.00","2487845.00","597315.00","1890530.00","--","--","1890530.00","4181.00","--","1894711.00","1857210.00","--","33320.00","1695678.00","--","199033.00","2.22"
"115/08/13","115","2","6605","帝寶","9610386.00","6546983.00","--","--","3063403.00","--","--","3063403.00","1458473.00","--","1604930.00","66023.00","1670953.00","389061.00","1281892.00","--","--","1281892.00","5428.00","--","1287320.00","1278602.00","--","3290.00","1263298.00","--","24022.00","7.71"
"115/08/13","115","2","6645","金萬林-創","278377.00","236739.00","--","--","41638.00","--","--","41638.00","118745.00","--","-77107.00","-1912.00","-79019.00","375.00","-79394.00","--","--","-79394.00","172.00","--","-79222.00","-76321.00","--","-3073.00","-76149.00","--","-3073.00","-1.26"
"115/08/13","115","2","6655","科定","1507518.00","762369.00","--","--","745149.00","--","--","745149.00","509273.00","--","235876.00","23085.00","258961.00","51666.00","207295.00","--","--","207295.00","902042.00","--","1109337.00","206110.00","--","1185.00","1108468.00","--","869.00","2.62"
"115/08/13","115","2","6657","華安","3243.00","911.00","--","--","2332.00","--","--","2332.00","194173.00","--","-191841.00","7030.00","-184811.00","--","-184811.00","--","--","-184811.00","62.00","--","-184749.00","-184811.00","--","--","-184749.00","--","--","-2.10"
"115/08/13","115","2","6668","中揚光","586221.00","502996.00","--","--","83225.00","--","--","83225.00","180112.00","--","-96887.00","7817.00","-89070.00","476.00","-89546.00","--","--","-89546.00","166297.00","--","76751.00","-89339.00","--","-207.00","76722.00","--","29.00","-0.83"
"115/08/13","115","2","6669","緯穎","554660326.00","508016209.00","--","--","46644117.00","--","--","46644117.00","8967941.00","--","37676176.00","-768187.00","36907989.00","7824482.00","29083507.00","--","--","29083507.00","1767192.00","--","30850699.00","29083507.00","--","--","30850699.00","--","--","156.38"
"115/08/13","115","2","6674","鋐寶科技","217063.00","189308.00","--","--","27755.00","--","--","27755.00","151338.00","--","-123583.00","-4386.00","-127969.00","5000.00","-132969.00","--","--","-132969.00","-150.00","--","-133119.00","-132969.00","--","--","-133119.00","--","--","-1.97"
"115/08/13","115","2","6689","伊雲谷","6120700.00","5536007.00","--","--","584693.00","--","--","584693.00","544913.00","--","39780.00","26165.00","65945.00","11820.00","54125.00","--","--","54125.00","19576.00","--","73701.00","48464.00","--","5661.00","67651.00","--","6050.00","0.71"
"115/08/13","115","2","6691","洋基工程","18111362.00","14807058.00","--","--","3304304.00","--","--","3304304.00","365881.00","--","2938423.00","15970.00","2954393.00","637678.00","2316715.00","--","--","2316715.00","37539.00","--","2354254.00","2316715.00","--","--","2354254.00","--","--","17.46"
"115/08/13","115","2","6698","旭暉應材","327242.00","344673.00","--","--","-17431.00","--","--","-17431.00","125570.00","--","-143001.00","5625.00","-137376.00","-5076.00","-132300.00","--","--","-132300.00","17722.00","--","-114578.00","-85277.00","--","-47023.00","-72289.00","--","-42289.00","-1.30"
"115/08/13","115","2","6719","力智","2100786.00","1257329.00","--","--","843457.00","--","--","843457.00","468413.00","--","375044.00","160611.00","535655.00","92690.00","442965.00","--","--","442965.00","55994.00","--","498959.00","442965.00","--","--","498959.00","--","--","4.20"
"115/08/13","115","2","6722","輝創","2413123.00","1893961.00","--","--","519162.00","601.00","--","518561.00","460393.00","--","58168.00","41227.00","99395.00","29285.00","70110.00","--","--","70110.00","7786.00","--","77896.00","70110.00","--","--","77896.00","--","--","0.80"
"115/08/13","115","2","6754","匯僑設計","1394388.00","1077532.00","--","--","316856.00","--","--","316856.00","275738.00","--","41118.00","11046.00","52164.00","6548.00","45616.00","--","--","45616.00","31731.00","--","77347.00","45616.00","--","--","77347.00","--","--","0.69"
"115/08/13","115","2","6771","平和環保-創","277707.00","147692.00","--","--","130015.00","--","--","130015.00","58351.00","--","71664.00","-12324.00","59340.00","13597.00","45743.00","--","--","45743.00","0.00","--","45743.00","45903.00","--","-160.00","45903.00","--","-160.00","1.47"
"115/08/13","115","2","6776","展�眥篕�","18872616.00","17405764.00","--","--","1466852.00","--","--","1466852.00","1090470.00","--","376382.00","-43631.00","332751.00","84900.00","247851.00","--","--","247851.00","43997.00","--","291848.00","218892.00","5392.00","23567.00","249901.00","6924.00","35023.00","2.45"
"115/08/13","115","2","6782","視陽","2496453.00","1314855.00","--","--","1181598.00","--","--","1181598.00","456876.00","--","724722.00","-21955.00","702767.00","169216.00","533551.00","--","--","533551.00","13109.00","--","546660.00","532601.00","--","950.00","545710.00","--","950.00","8.45"
"115/08/13","115","2","6789","采鈺","4790531.00","3287962.00","--","--","1502569.00","--","--","1502569.00","742297.00","247687.00","1007959.00","76053.00","1084012.00","147865.00","936147.00","--","--","936147.00","--","--","936147.00","--","--","--","--","--","--","2.95"
"115/08/13","115","2","6790","永豐實","5356690.00","3855081.00","--","--","1501609.00","--","--","1501609.00","1026048.00","--","475561.00","38274.00","513835.00","106696.00","407139.00","--","--","407139.00","114524.00","--","521663.00","407139.00","--","0.00","521663.00","--","0.00","1.52"
"115/08/13","115","2","6794","向榮生技","10873.00","4124.00","--","--","6749.00","--","--","6749.00","62277.00","--","-55528.00","7403.00","-48125.00","--","-48125.00","--","--","-48125.00","--","--","-48125.00","--","--","--","--","--","--","-0.76"
"115/08/13","115","2","6799","來頡","503896.00","271014.00","--","--","232882.00","--","--","232882.00","124969.00","--","107913.00","19384.00","127297.00","22896.00","104401.00","--","--","104401.00","-235.00","--","104166.00","104401.00","--","--","104166.00","--","--","2.41"
"115/08/13","115","2","6805","富世達","7923593.00","5298555.00","--","--","2625038.00","--","--","2625038.00","461334.00","--","2163704.00","77055.00","2240759.00","474358.00","1766401.00","--","--","1766401.00","249169.00","--","2015570.00","1766401.00","--","--","2015570.00","--","--","25.77"
"115/08/13","115","2","6834","天二科技","1003495.00","742548.00","--","--","260947.00","--","--","260947.00","152107.00","--","108840.00","54431.00","163271.00","21906.00","141365.00","--","--","141365.00","2784.00","--","144149.00","141365.00","--","--","144149.00","--","--","1.60"
"115/08/13","115","2","6838","台新藥","48448.00","13599.00","--","--","34849.00","--","--","34849.00","121189.00","--","-86340.00","5968.00","-80372.00","2502.00","-82874.00","--","--","-82874.00","-2561.00","--","-85435.00","-82896.00","--","22.00","-85439.00","--","4.00","-0.55"
"115/08/13","115","2","6861","睿生光電","1548068.00","1124288.00","--","--","423780.00","--","--","423780.00","240889.00","--","182891.00","39866.00","222757.00","38000.00","184757.00","--","--","184757.00","565.00","--","185322.00","184757.00","--","--","185322.00","--","--","4.44"
"115/08/13","115","2","6885","全福生技","6790.00","7956.00","--","--","-1166.00","--","--","-1166.00","168188.00","--","-169354.00","-34533.00","-203887.00","33.00","-203920.00","--","--","-203920.00","27617.00","--","-176303.00","-182714.00","--","-21206.00","-155017.00","--","-21286.00","-1.39"
"115/08/13","115","2","6901","鑽石投資","3129314.00","--","--","--","3129314.00","--","--","3129314.00","73605.00","--","3055709.00","26826.00","3082535.00","0.00","3082535.00","--","--","3082535.00","--","--","3082535.00","--","--","--","--","--","--","3.62"
"115/08/13","115","2","6902","GOGOLOOK","612824.00","65327.00","--","--","547497.00","--","--","547497.00","428900.00","--","118597.00","2703.00","121300.00","3673.00","117627.00","--","--","117627.00","-3304.00","--","114323.00","117627.00","--","--","114323.00","--","--","3.33"
"115/08/13","115","2","6906","現觀科","149922.00","22513.00","--","--","127409.00","--","--","127409.00","113943.00","--","13466.00","14381.00","27847.00","3494.00","24353.00","--","--","24353.00","398.00","--","24751.00","24353.00","--","--","24751.00","--","--","0.76"
"115/08/13","115","2","6908","宏�砦C戲-創","2350091.00","2025151.00","--","--","324940.00","--","--","324940.00","317782.00","--","7158.00","-25117.00","-17959.00","3121.00","-21080.00","--","--","-21080.00","48790.00","--","27710.00","16314.00","--","-37394.00","45775.00","--","-18065.00","0.45"
"115/08/13","115","2","6909","創控","203269.00","87209.00","--","--","116060.00","--","--","116060.00","109899.00","--","6161.00","5440.00","11601.00","447.00","11154.00","--","--","11154.00","--","--","11154.00","--","--","--","--","--","--","0.17"
"115/08/13","115","2","6914","阜爾運通","2934928.00","2304871.00","--","--","630057.00","--","--","630057.00","194129.00","--","435928.00","-54065.00","381863.00","73815.00","308048.00","--","--","308048.00","1141.00","--","309189.00","308048.00","--","--","309189.00","--","--","4.65"
"115/08/13","115","2","6919","康霈*","3568.00","1240.00","--","--","2328.00","--","--","2328.00","511244.00","--","-508916.00","178646.00","-330270.00","0.00","-330270.00","--","--","-330270.00","-42632.00","--","-372902.00","-330270.00","--","--","-372902.00","--","--","-0.21"
"115/08/13","115","2","6923","中台","671537.00","422085.00","--","--","249452.00","--","--","249452.00","45598.00","1257.00","205111.00","50170.00","255281.00","38850.00","216431.00","--","--","216431.00","-15945.00","--","200486.00","216431.00","--","--","200486.00","--","--","2.37"
"115/08/13","115","2","6931","青松健康","630374.00","531022.00","--","--","99352.00","--","--","99352.00","53115.00","1342.00","47579.00","154648.00","202227.00","16476.00","185751.00","--","--","185751.00","-530.00","--","185221.00","177428.00","--","8323.00","176898.00","--","8323.00","2.68"
"115/08/13","115","2","6936","永鴻生技","744081.00","465930.00","--","--","278151.00","--","--","278151.00","174190.00","--","103961.00","420.00","104381.00","21239.00","83142.00","--","--","83142.00","--","--","83142.00","--","--","--","--","--","--","1.14"
"115/08/13","115","2","6937","天虹","1300864.00","758326.00","--","--","542538.00","--","--","542538.00","351725.00","--","190813.00","14014.00","204827.00","38782.00","166045.00","--","--","166045.00","11628.00","--","177673.00","170984.00","--","-4939.00","182612.00","--","-4939.00","2.54"
"115/08/13","115","2","6947","台鎔科技","852914.00","529479.00","--","--","323435.00","--","--","323435.00","98370.00","--","225065.00","-71777.00","153288.00","17855.00","135433.00","--","--","135433.00","--","--","135433.00","135433.00","--","--","135433.00","--","--","1.44"
"115/08/13","115","2","6949","沛爾生醫-創","15318.00","18321.00","--","--","-3003.00","--","--","-3003.00","195043.00","--","-198046.00","10441.00","-187605.00","0.00","-187605.00","--","--","-187605.00","322.00","--","-187283.00","-165484.00","--","-22121.00","-165162.00","--","-22121.00","-2.54"
"115/08/13","115","2","6951","青新-創","441516.00","176713.00","--","--","264803.00","--","--","264803.00","84072.00","--","180731.00","2973.00","183704.00","36433.00","147271.00","--","--","147271.00","--","--","147271.00","147271.00","--","--","147271.00","--","--","2.83"
"115/08/13","115","2","6952","大武山","1140330.00","980030.00","67036.00","--","227336.00","--","--","227336.00","181623.00","--","45713.00","-4349.00","41364.00","4071.00","37293.00","--","--","37293.00","--","--","37293.00","35820.00","0.00","1473.00","35820.00","0.00","1473.00","0.53"
"115/08/13","115","2","6955","邦睿生技-創","176715.00","39817.00","--","--","136898.00","--","--","136898.00","80919.00","--","55979.00","4762.00","60741.00","8403.00","52338.00","--","--","52338.00","172.00","--","52510.00","52338.00","--","0.00","52510.00","--","0.00","2.11"
"115/08/13","115","2","6969","成信實業*-創","145313.00","97246.00","--","--","48067.00","215.00","253.00","48105.00","41806.00","--","6299.00","-8175.00","-1876.00","0.00","-1876.00","--","--","-1876.00","--","--","-1876.00","-1876.00","0.00","0.00","-1876.00","0.00","0.00","-0.04"
"115/08/13","115","2","6994","富威電力","1420411.00","1209202.00","--","--","211209.00","27848.00","1638.00","184999.00","119724.00","--","65275.00","-52514.00","12761.00","23139.00","-10378.00","--","--","-10378.00","474.00","--","-9904.00","-6359.00","--","-4019.00","-6117.00","--","-3787.00","-0.09"
"115/08/13","115","2","7711","永擎","15711594.00","13318364.00","--","--","2393230.00","--","--","2393230.00","880568.00","--","1512662.00","-25097.00","1487565.00","262640.00","1224925.00","--","--","1224925.00","1.00","--","1224926.00","1224925.00","--","--","1224926.00","--","--","17.44"
"115/08/13","115","2","7721","微程式","328376.00","125632.00","--","--","202744.00","--","--","202744.00","158953.00","--","43791.00","2119.00","45910.00","9314.00","36596.00","--","--","36596.00","13656.00","--","50252.00","36596.00","--","--","50252.00","--","--","0.66"
"115/08/13","115","2","7750","新代","13124660.00","7110428.00","--","--","6014232.00","--","--","6014232.00","2370537.00","--","3643695.00","264388.00","3908083.00","938589.00","2969494.00","--","--","2969494.00","239514.00","--","3209008.00","2969494.00","--","--","3209008.00","--","--","42.53"
"115/08/13","115","2","7760","享溫馨","657531.00","404507.00","--","--","253024.00","--","--","253024.00","207737.00","--","45287.00","-10444.00","34843.00","887.00","33956.00","--","--","33956.00","--","--","33956.00","--","--","--","--","--","--","0.55"
"115/08/13","115","2","7765","中華資安","1181763.00","638567.00","--","--","543196.00","--","--","543196.00","251316.00","--","291880.00","21262.00","313142.00","62640.00","250502.00","--","--","250502.00","5410.00","--","255912.00","--","--","--","--","--","--","6.16"
"115/08/13","115","2","7768","頌勝科技","1129571.00","520665.00","--","--","608906.00","--","--","608906.00","399202.00","--","209704.00","81646.00","291350.00","72515.00","218835.00","--","--","218835.00","10672.00","--","229507.00","213974.00","--","4861.00","223339.00","--","6168.00","3.32"
"115/08/13","115","2","7769","鴻勁","24518966.00","10750662.00","--","--","13768304.00","--","--","13768304.00","1722048.00","--","12046256.00","644391.00","12690647.00","2590130.00","10100517.00","--","--","10100517.00","177209.00","--","10277726.00","10100510.00","--","7.00","10277719.00","--","7.00","56.14"
"115/08/13","115","2","7780","大研生醫*","1080185.00","418901.00","--","--","661284.00","--","--","661284.00","474142.00","--","187142.00","122936.00","310078.00","79184.00","230894.00","--","--","230894.00","94232.00","--","325126.00","230894.00","--","--","325126.00","--","--","0.29"
"115/08/13","115","2","7788","松川精密","4117008.00","2917248.00","--","--","1199760.00","--","--","1199760.00","683318.00","--","516442.00","69047.00","585489.00","147119.00","438370.00","--","--","438370.00","53464.00","--","491834.00","440369.00","--","-1999.00","487794.00","--","4040.00","5.52"
"115/08/13","115","2","7795","長廣","890198.00","520469.00","--","--","369729.00","--","--","369729.00","230541.00","--","139188.00","6660.00","145848.00","76786.00","69062.00","--","--","69062.00","-24259.00","--","44803.00","69062.00","--","--","44803.00","--","--","0.88"
"115/08/13","115","2","7799","禾榮科","3389.00","10998.00","--","--","-7609.00","--","--","-7609.00","223234.00","--","-230843.00","65846.00","-164997.00","--","-164997.00","--","--","-164997.00","-170390.00","--","-335387.00","-164997.00","--","--","-335387.00","--","--","-1.05"
"115/08/13","115","2","7818","溢泰實業","5788627.00","4171448.00","--","--","1617179.00","--","--","1617179.00","1380443.00","--","236736.00","126152.00","362888.00","107762.00","255126.00","--","--","255126.00","215228.00","--","470354.00","255126.00","--","0.00","470354.00","--","0.00","1.65"
"115/08/13","115","2","7821","神數","4795023.00","3775782.00","--","--","1019241.00","--","--","1019241.00","855107.00","--","164134.00","19325.00","183459.00","33062.00","150397.00","--","--","150397.00","7555.00","--","157952.00","150397.00","0.00","--","157952.00","0.00","--","1.32"
"115/08/13","115","2","7822","倍利科","1419287.00","575975.00","--","--","843312.00","--","--","843312.00","310234.00","--","533078.00","24143.00","557221.00","116064.00","441157.00","--","--","441157.00","--","--","441157.00","442360.00","--","-1203.00","442360.00","--","-1203.00","10.12"
"115/08/13","115","2","8011","台通","834838.00","664661.00","--","--","170177.00","--","--","170177.00","111567.00","--","58610.00","-11691.00","46919.00","3734.00","43185.00","--","--","43185.00","1489.00","--","44674.00","32159.00","--","11026.00","33550.00","--","11124.00","0.19"
"115/08/13","115","2","8016","矽創","11580606.00","7732917.00","--","--","3847689.00","--","--","3847689.00","2206333.00","667.00","1642023.00","369928.00","2011951.00","277026.00","1734925.00","--","--","1734925.00","1035891.00","--","2770816.00","1445230.00","--","289695.00","2399481.00","--","371335.00","12.28"
"115/08/13","115","2","8039","台虹","5111593.00","3955859.00","--","--","1155734.00","--","--","1155734.00","836427.00","--","319307.00","211139.00","530446.00","114004.00","416442.00","--","--","416442.00","381413.00","--","797855.00","411845.00","--","4597.00","794347.00","--","3508.00","1.56"
"115/08/13","115","2","8046","南電","24752716.00","19621661.00","--","--","5131055.00","--","--","5131055.00","879450.00","--","4251605.00","322224.00","4573829.00","1003419.00","3570410.00","--","--","3570410.00","859921.00","--","4430331.00","3570410.00","--","--","4430331.00","--","--","5.53"
"115/08/13","115","2","8070","長華*","11551609.00","9375090.00","--","--","2176519.00","--","--","2176519.00","789677.00","--","1386842.00","373572.00","1760414.00","326601.00","1433813.00","--","--","1433813.00","9823459.00","--","11257272.00","912291.00","--","521522.00","10115297.00","--","1141975.00","1.30"
"115/08/13","115","2","8072","陞泰","742809.00","619400.00","--","--","123409.00","--","--","123409.00","77374.00","--","46035.00","36596.00","82631.00","18180.00","64451.00","--","--","64451.00","7692.00","--","72143.00","55134.00","--","9317.00","62484.00","--","9659.00","0.69"
"115/08/13","115","2","8081","致新","4348946.00","2608390.00","--","--","1740556.00","--","--","1740556.00","918407.00","--","822149.00","91627.00","913776.00","114441.00","799335.00","--","--","799335.00","954557.00","--","1753892.00","781950.00","--","17385.00","1365865.00","--","388027.00","9.13"
"115/08/13","115","2","8103","瀚荃","2007554.00","1255984.00","--","--","751570.00","--","--","751570.00","444074.00","--","307496.00","-20299.00","287197.00","73660.00","213537.00","--","--","213537.00","165439.00","--","378976.00","214166.00","--","-629.00","379675.00","--","-699.00","2.75"
"115/08/13","115","2","8104","錸寶","1265867.00","1018569.00","--","--","247298.00","--","--","247298.00","239223.00","--","8075.00","-36966.00","-28891.00","4041.00","-32932.00","--","--","-32932.00","220582.00","--","187650.00","-22310.00","--","-10622.00","196878.00","--","-9228.00","-0.21"
"115/08/13","115","2","8112","至上","260775359.00","250856752.00","--","--","9918607.00","--","--","9918607.00","1670748.00","--","8247859.00","-1470888.00","6776971.00","1640662.00","5136309.00","--","--","5136309.00","200293.00","--","5336602.00","4997831.00","--","138478.00","5180790.00","--","155812.00","9.45"
"115/08/13","115","2","8114","振樺電","8721791.00","5013979.00","--","--","3707812.00","0.00","--","3707812.00","2114665.00","--","1593147.00","60763.00","1653910.00","375046.00","1278864.00","--","--","1278864.00","69368.00","--","1348232.00","762478.00","--","516386.00","810345.00","--","537887.00","7.09"
"115/08/13","115","2","8131","福懋科","6101868.00","4906159.00","--","--","1195709.00","--","--","1195709.00","236535.00","--","959174.00","97667.00","1056841.00","201487.00","855354.00","--","--","855354.00","2737993.00","--","3593347.00","--","--","--","--","--","--","1.93"
"115/08/13","115","2","8150","南茂","14318724.00","12037613.00","--","--","2281111.00","--","--","2281111.00","938313.00","124901.00","1467699.00","157341.00","1625040.00","228491.00","1396549.00","--","--","1396549.00","306161.00","--","1702710.00","1396549.00","--","--","1702710.00","--","--","2.00"
"115/08/13","115","2","8162","微矽電子-創","616873.00","491893.00","--","--","124980.00","--","--","124980.00","82167.00","--","42813.00","3784.00","46597.00","1157.00","45440.00","--","--","45440.00","16254.00","--","61694.00","--","--","--","--","--","--","0.66"
"115/08/13","115","2","8163","達方","13541859.00","11212238.00","--","--","2329621.00","--","--","2329621.00","2102376.00","--","227245.00","-62269.00","164976.00","71865.00","93111.00","--","--","93111.00","712952.00","--","806063.00","143128.00","--","-50017.00","835905.00","--","-29842.00","0.51"
"115/08/13","115","2","8201","無敵","235995.00","170055.00","--","--","65940.00","--","--","65940.00","82618.00","--","-16678.00","10322.00","-6356.00","0.00","-6356.00","--","--","-6356.00","-8475.00","--","-14831.00","-6356.00","--","--","-14831.00","--","--","-0.10"
"115/08/13","115","2","8210","勤誠","14928332.00","10041945.00","--","--","4886387.00","--","--","4886387.00","1201990.00","20832.00","3705229.00","-9699.00","3695530.00","926596.00","2768934.00","--","--","2768934.00","334079.00","--","3103013.00","2718744.00","--","50190.00","3052823.00","--","50190.00","21.83"
"115/08/13","115","2","8213","志超","10149114.00","9031561.00","--","--","1117553.00","--","--","1117553.00","757807.00","--","359746.00","7464.00","367210.00","117290.00","249920.00","--","--","249920.00","871761.00","--","1121681.00","253200.00","--","-3280.00","1099407.00","--","22274.00","0.93"
"115/08/13","115","2","8215","明基材","9491823.00","8211094.00","--","--","1280729.00","--","--","1280729.00","1624254.00","--","-343525.00","87219.00","-256306.00","22904.00","-279210.00","--","--","-279210.00","76999.00","--","-202211.00","-306651.00","--","27441.00","-233765.00","--","31554.00","-0.96"
"115/08/13","115","2","8222","寶一","482007.00","354766.00","--","--","127241.00","--","--","127241.00","55728.00","--","71513.00","-1295.00","70218.00","14073.00","56145.00","--","--","56145.00","--","--","56145.00","--","--","--","--","--","--","0.82"
"115/08/13","115","2","8261","富鼎","1658276.00","1060577.00","--","--","597699.00","--","--","597699.00","201513.00","--","396186.00","62127.00","458313.00","92545.00","365768.00","--","--","365768.00","2813.00","--","368581.00","365265.00","--","503.00","368083.00","--","498.00","3.07"
"115/08/13","115","2","8271","宇瞻","16718334.00","8289768.00","--","--","8428566.00","--","--","8428566.00","2621911.00","--","5806655.00","-16529.00","5790126.00","1136449.00","4653677.00","--","--","4653677.00","20265.00","--","4673942.00","4575826.00","--","77851.00","4596073.00","--","77869.00","35.51"
"115/08/13","115","2","8341","日友","2212153.00","1169405.00","--","--","1042748.00","--","--","1042748.00","383285.00","--","659463.00","1387.00","660850.00","211579.00","449271.00","--","--","449271.00","155817.00","--","605088.00","386563.00","--","62708.00","542380.00","--","62708.00","2.97"
"115/08/13","115","2","8367","建新國際","1618422.00","1167677.00","--","--","450745.00","--","--","450745.00","182689.00","--","268056.00","-77896.00","190160.00","37935.00","152225.00","--","--","152225.00","-13016.00","--","139209.00","90313.00","--","61912.00","82157.00","--","57052.00","0.98"
"115/08/13","115","2","8374","羅昇","3007497.00","2286038.00","--","--","721459.00","--","--","721459.00","482943.00","--","238516.00","-7869.00","230647.00","55945.00","174702.00","--","--","174702.00","25524.00","--","200226.00","99805.00","--","74897.00","123978.00","--","76248.00","0.89"
"115/08/13","115","2","8438","昶昕","2491826.00","2135012.00","--","--","356814.00","--","--","356814.00","155195.00","--","201619.00","4998.00","206617.00","55543.00","151074.00","--","--","151074.00","21253.00","--","172327.00","151074.00","--","--","172327.00","--","--","2.16"
"115/08/13","115","2","8454","富邦媒","53686216.00","48780074.00","--","--","4906142.00","--","--","4906142.00","3363970.00","38886.00","1581058.00","34798.00","1615856.00","340297.00","1275559.00","--","--","1275559.00","-24868.00","--","1250691.00","1273354.00","--","2205.00","1248486.00","--","2205.00","4.81"
"115/08/13","115","2","8462","柏文","3401716.00","2228947.00","--","--","1172769.00","--","--","1172769.00","574301.00","--","598468.00","-30410.00","568058.00","114455.00","453603.00","--","--","453603.00","1205.00","--","454808.00","450674.00","--","2929.00","451879.00","--","2929.00","5.68"
"115/08/13","115","2","8464","億豐","15232911.00","6163498.00","--","--","9069413.00","--","--","9069413.00","4855814.00","--","4213599.00","302610.00","4516209.00","1299414.00","3216795.00","--","--","3216795.00","453627.00","--","3670422.00","3037997.00","--","178798.00","3499190.00","--","171232.00","10.37"
"115/08/13","115","2","8478","東哥遊艇","2578067.00","1549008.00","--","--","1029059.00","--","--","1029059.00","403846.00","--","625213.00","32368.00","657581.00","60524.00","597057.00","--","--","597057.00","112307.00","--","709364.00","597057.00","--","--","709364.00","--","--","6.35"
"115/08/13","115","2","8481","政伸","585722.00","316210.00","--","--","269512.00","--","--","269512.00","158398.00","--","111114.00","12293.00","123407.00","18047.00","105360.00","--","--","105360.00","30741.00","--","136101.00","105360.00","--","--","136101.00","--","--","1.58"
"115/08/13","115","2","8487","愛爾達-創","856244.00","668590.00","--","--","187654.00","--","--","187654.00","81127.00","--","106527.00","2469.00","108996.00","21515.00","87481.00","--","--","87481.00","--","--","87481.00","--","--","--","--","--","--","3.30"
"115/08/13","115","2","8926","台汽電","34488245.00","31428353.00","--","--","3059892.00","--","314866.00","3374758.00","554048.00","--","2820710.00","894262.00","3714972.00","538697.00","3176275.00","--","--","3176275.00","6508.00","--","3182783.00","2461987.00","--","714288.00","2470064.00","--","712719.00","3.27"
"115/08/13","115","2","8940","新天地","925894.00","470778.00","--","--","455116.00","--","--","455116.00","362874.00","--","92242.00","-3108.00","89134.00","17589.00","71545.00","--","--","71545.00","--","--","71545.00","64113.00","--","7432.00","64113.00","--","7432.00","0.95"
"115/08/13","115","2","9902","台火","42773.00","32107.00","--","--","10666.00","--","--","10666.00","17285.00","--","-6619.00","105879.00","99260.00","-74.00","99334.00","--","--","99334.00","--","--","99334.00","99126.00","--","208.00","99126.00","--","208.00","1.01"
"115/08/13","115","2","9907","統一實","21174637.00","18893402.00","--","--","2281235.00","--","--","2281235.00","1367688.00","--","913547.00","13551.00","927098.00","414553.00","512545.00","--","--","512545.00","828948.00","--","1341493.00","550294.00","--","-37749.00","1342854.00","--","-1361.00","0.35"
"115/08/13","115","2","9908","大台北","1790415.00","1375548.00","--","--","414867.00","--","--","414867.00","132397.00","-833.00","281637.00","383065.00","664702.00","78693.00","586009.00","--","--","586009.00","880585.00","--","1466594.00","551768.00","--","34241.00","1364722.00","--","101872.00","1.10"
"115/08/13","115","2","9910","豐泰","39614623.00","32309748.00","--","--","7304875.00","--","--","7304875.00","5329342.00","--","1975533.00","393013.00","2368546.00","667615.00","1700931.00","--","--","1700931.00","245327.00","--","1946258.00","1687937.00","--","12994.00","1896750.00","--","49508.00","1.71"
"115/08/13","115","2","9911","櫻花","5496579.00","3548930.00","--","--","1947649.00","--","--","1947649.00","1087552.00","--","860097.00","26169.00","886266.00","177626.00","708640.00","--","--","708640.00","-16068.00","--","692572.00","712681.00","--","-4041.00","696613.00","--","-4041.00","3.26"
"115/08/13","115","2","9912","偉聯","235956.00","131593.00","--","--","104363.00","--","--","104363.00","129099.00","--","-24736.00","-2043.00","-26779.00","1069.00","-27848.00","--","--","-27848.00","-3052.00","--","-30900.00","-23142.00","--","-4706.00","-26194.00","--","-4706.00","-0.43"
"115/08/13","115","2","9921","巨大","29188289.00","22689745.00","--","--","6498544.00","--","--","6498544.00","5689588.00","--","808956.00","16324.00","825280.00","255190.00","570090.00","--","--","570090.00","660778.00","--","1230868.00","435055.00","--","135035.00","982668.00","--","248200.00","1.11"
"115/08/13","115","2","9924","福興","3342966.00","2693370.00","--","--","649596.00","--","--","649596.00","470463.00","--","179133.00","37770.00","216903.00","44990.00","171913.00","--","--","171913.00","42392.00","--","214305.00","167827.00","--","4086.00","210219.00","--","4086.00","1.11"
"115/08/13","115","2","9926","新海","1320847.00","966852.00","--","--","353995.00","--","--","353995.00","116247.00","2003.00","239751.00","105881.00","345632.00","57205.00","288427.00","--","--","288427.00","292992.00","--","581419.00","288427.00","--","--","581419.00","--","--","1.61"
"115/08/13","115","2","9927","泰銘","4748442.00","4330838.00","--","--","417604.00","--","--","417604.00","113573.00","--","304031.00","34788.00","338819.00","65757.00","273062.00","--","--","273062.00","12485.00","--","285547.00","271926.00","--","1136.00","284603.00","--","944.00","2.27"
"115/08/13","115","2","9928","中視","429253.00","426355.00","--","--","2898.00","--","--","2898.00","84197.00","--","-81299.00","21956.00","-59343.00","0.00","-59343.00","--","--","-59343.00","-4092.00","--","-63435.00","-59343.00","--","0.00","-63435.00","--","0.00","-0.84"
"115/08/13","115","2","9929","秋雨","336728.00","258406.00","--","--","78322.00","--","--","78322.00","42761.00","--","35561.00","8003.00","43564.00","--","43564.00","--","--","43564.00","32260.00","--","75824.00","40530.00","--","3034.00","72790.00","--","3034.00","0.40"
"115/08/13","115","2","9930","中聯資源","6669038.00","5719832.00","--","--","949206.00","--","--","949206.00","296603.00","--","652603.00","27500.00","680103.00","132456.00","547647.00","--","--","547647.00","51782.00","--","599429.00","536705.00","--","10942.00","585014.00","--","14415.00","2.16"
"115/08/13","115","2","9931","欣高","856889.00","702703.00","--","--","154186.00","--","--","154186.00","52918.00","--","101268.00","122021.00","223289.00","40016.00","183273.00","--","--","183273.00","637879.00","--","821152.00","177602.00","--","5671.00","794485.00","--","26667.00","1.48"
"115/08/13","115","2","9933","中鼎","37719993.00","32670985.00","--","--","5049008.00","--","--","5049008.00","1087712.00","--","3961296.00","288504.00","4249800.00","1280957.00","2968843.00","--","--","2968843.00","159069.00","--","3127912.00","2458302.00","--","510541.00","2613658.00","--","514254.00","2.71"
"115/08/13","115","2","9937","全國","11739956.00","10327663.00","--","--","1412293.00","--","--","1412293.00","990551.00","--","421742.00","80862.00","502604.00","101453.00","401151.00","--","--","401151.00","-4842.00","--","396309.00","401151.00","--","0.00","396309.00","--","0.00","1.30"
"115/08/13","115","2","9939","宏全","15483887.00","11587904.00","--","--","3895983.00","--","--","3895983.00","1385414.00","--","2510569.00","-77944.00","2432625.00","454223.00","1978402.00","--","--","1978402.00","-520898.00","--","1457504.00","1937260.00","--","41142.00","1543852.00","--","-86348.00","6.55"
"115/08/13","115","2","9940","信義","5935881.00","4404228.00","--","--","1531653.00","--","--","1531653.00","944587.00","--","587066.00","85266.00","672332.00","176968.00","495364.00","--","--","495364.00","314890.00","--","810254.00","488710.00","--","6654.00","803600.00","--","6654.00","0.66"
"115/08/13","115","2","9941","裕融","19551237.00","11129969.00","--","--","8421268.00","--","--","8421268.00","5532718.00","--","2888550.00","35621.00","2924171.00","620469.00","2303702.00","--","--","2303702.00","329832.00","--","2633534.00","2340779.00","--","-37077.00","2670611.00","--","-37077.00","3.86"
"115/08/13","115","2","9943","好樂迪","1173501.00","576249.00","--","--","597252.00","--","--","597252.00","423689.00","--","173563.00","87837.00","261400.00","40373.00","221027.00","--","--","221027.00","--","--","221027.00","219344.00","--","1683.00","219344.00","--","1683.00","2.59"
"115/08/13","115","2","9944","新麗","1391971.00","928052.00","--","--","463919.00","--","--","463919.00","305331.00","--","158588.00","40822.00","199410.00","75450.00","123960.00","--","--","123960.00","27305.00","--","151265.00","111339.00","--","12621.00","142758.00","--","8507.00","1.05"
"115/08/13","115","2","9946","三發地產","2645210.00","1229683.00","--","--","1415527.00","--","--","1415527.00","217947.00","--","1197580.00","-34183.00","1163397.00","245108.00","918289.00","--","--","918289.00","-1440.00","--","916849.00","918289.00","--","--","916849.00","--","--","2.84"
"115/08/13","115","2","9955","佳龍","847802.00","781878.00","--","--","65924.00","--","--","65924.00","65500.00","--","424.00","100516.00","100940.00","0.00","100940.00","--","--","100940.00","3269.00","--","104209.00","100940.00","--","0.00","104209.00","--","0.00","0.97"
"115/08/13","115","2","9958","世紀鋼","10181024.00","7543324.00","--","--","2637700.00","--","--","2637700.00","430444.00","--","2207256.00","833.00","2208089.00","511516.00","1696573.00","--","--","1696573.00","-44402.00","--","1652171.00","1007217.00","--","689356.00","961403.00","--","690768.00","4.08"
