出表日期,年度,季別,公司代號,公司名稱,營業收入,營業成本,原始認列生物資產及農產品之利益（損失）,生物資產當期公允價值減出售成本之變動利益（損失）,營業毛利（毛損）,未實現銷貨（損）益,已實現銷貨（損）益,營業毛利（毛損）淨額,營業費用,其他收益及費損淨額,營業利益（損失）,營業外收入及支出,稅前淨利（淨損）,所得稅費用（利益）,繼續營業單位本期淨利（淨損）,停業單位損益,合併前非屬共同控制股權損益,本期淨利（淨損）,其他綜合損益（淨額）,合併前非屬共同控制股權綜合損益淨額,本期綜合損益總額,淨利（淨損）歸屬於母公司業主,淨利（淨損）歸屬於共同控制下前手權益,淨利（淨損）歸屬於非控制權益,綜合損益總額歸屬於母公司業主,綜合損益總額歸屬於共同控制下前手權益,綜合損益總額歸屬於非控制權益,基本每股盈餘（元）
"115/03/13","114","4","1101","台泥","149804135.00","122246546.00","--","--","27557589.00","--","--","27557589.00","17479997.00","--","10077592.00","-19507088.00","-9429496.00","2433090.00","-11862586.00","--","--","-11862586.00","6406645.00","--","-5455941.00","-11617608.00","--","-244978.00","-7682998.00","--","2227057.00","-1.60"
"115/03/13","114","4","1103","嘉泥","3015357.00","2527950.00","--","--","487407.00","--","--","487407.00","567600.00","--","-80193.00","639569.00","559376.00","-7520.00","566896.00","--","--","566896.00","-3032170.00","--","-2465274.00","556262.00","--","10634.00","-2357398.00","--","-107876.00","0.84"
"115/03/13","114","4","1109","信大","4431539.00","3723105.00","--","--","708434.00","--","--","708434.00","285290.00","--","423144.00","105922.00","529066.00","146794.00","382272.00","--","--","382272.00","29853.00","--","412125.00","351163.00","--","31109.00","372971.00","--","39154.00","1.03"
"115/03/13","114","4","1213","大飲","297365.00","304768.00","--","--","-7403.00","--","--","-7403.00","40700.00","--","-48103.00","2444.00","-45659.00","2721.00","-48380.00","--","--","-48380.00","14.00","--","-48366.00","-48380.00","--","--","-48366.00","--","--","-0.85"
"115/03/13","114","4","1215","卜蜂","28431622.00","22392856.00","--","--","6038766.00","--","--","6038766.00","2355560.00","69328.00","3752534.00","109301.00","3861835.00","785178.00","3076657.00","--","--","3076657.00","-5414.00","--","3071243.00","3063774.00","--","12883.00","3058007.00","--","13236.00","10.39"
"115/03/13","114","4","1216","統一","672863578.00","450283343.00","--","--","222580235.00","--","--","222580235.00","187708876.00","--","34871359.00","6624370.00","41495729.00","10278198.00","31217531.00","--","--","31217531.00","-1810402.00","--","29407129.00","19627594.00","--","11589937.00","17797223.00","--","11609906.00","3.45"
"115/03/13","114","4","1217","愛之味","5035400.00","3643134.00","--","--","1392266.00","--","--","1392266.00","1318009.00","--","74257.00","156776.00","231033.00","11594.00","219439.00","--","--","219439.00","239161.00","--","458600.00","208672.00","--","10767.00","454745.00","--","3855.00","0.42"
"115/03/13","114","4","1219","福壽","14381994.00","13143878.00","--","-11268.00","1226848.00","361.00","396.00","1226883.00","1223580.00","--","3303.00","20979.00","24282.00","24826.00","-544.00","--","--","-544.00","-21.00","--","-565.00","155133.00","--","-155677.00","155036.00","--","-155601.00","0.45"
"115/03/13","114","4","1232","大統益","21513071.00","18621054.00","--","--","2892017.00","--","--","2892017.00","1202277.00","--","1689740.00","41498.00","1731238.00","349536.00","1381702.00","--","--","1381702.00","19748.00","--","1401450.00","1320490.00","--","61212.00","1339887.00","--","61563.00","8.25"
"115/03/13","114","4","1233","天仁","2160758.00","869484.00","0.00","0.00","1291274.00","0.00","0.00","1291274.00","1220554.00","--","70720.00","14598.00","85318.00","17588.00","67730.00","0.00","--","67730.00","-85798.00","--","-18068.00","67920.00","--","-190.00","-18019.00","0.00","-49.00","0.75"
"115/03/13","114","4","1234","黑松","9510093.00","6744572.00","--","--","2765521.00","--","--","2765521.00","2349293.00","--","416228.00","589299.00","1005527.00","201181.00","804346.00","--","--","804346.00","-26779.00","--","777567.00","804346.00","--","--","777567.00","--","--","2.00"
"115/03/13","114","4","1236","宏亞","1813512.00","1354008.00","--","--","459504.00","--","--","459504.00","502164.00","--","-42660.00","11431.00","-31229.00","5696.00","-36925.00","--","--","-36925.00","57356.00","--","20431.00","-36925.00","--","--","20431.00","--","--","-0.43"
"115/03/13","114","4","1301","台塑","175411403.00","169808092.00","--","--","5603311.00","--","--","5603311.00","13108794.00","--","-7505483.00","-2709517.00","-10215000.00","-166341.00","-10048659.00","--","--","-10048659.00","87385474.00","--","77336815.00","-10048659.00","--","--","77336815.00","--","--","-1.58"
"115/03/13","114","4","1303","南亞","259911744.00","238324664.00","--","--","21587080.00","-12141.00","--","21599221.00","17895642.00","--","3703579.00","2755315.00","6458894.00","1393254.00","5065640.00","--","--","5065640.00","9821089.00","--","14886729.00","4518598.00","--","547042.00","14546580.00","--","340149.00","0.57"
"115/03/13","114","4","1305","華夏","9220952.00","9570867.00","--","--","-349915.00","--","--","-349915.00","910027.00","--","-1259942.00","-67344.00","-1327286.00","-345057.00","-982229.00","--","--","-982229.00","-7513.00","--","-989742.00","-918980.00","--","-63249.00","-927552.00","--","-62190.00","-1.58"
"115/03/13","114","4","1307","三芳","10814943.00","7392840.00","--","--","3422103.00","--","--","3422103.00","1879814.00","--","1542289.00","-51660.00","1490629.00","358324.00","1132305.00","--","--","1132305.00","-279713.00","--","852592.00","1132305.00","--","--","852592.00","--","--","2.85"
"115/03/13","114","4","1310","台苯","8673776.00","9216061.00","--","--","-542285.00","--","--","-542285.00","180033.00","--","-722318.00","-41670.00","-763988.00","-40438.00","-723550.00","--","--","-723550.00","973355.00","--","249805.00","-724616.00","--","1066.00","248575.00","--","1230.00","-1.37"
"115/03/13","114","4","1319","東陽","25094263.00","16666889.00","--","--","8427374.00","--","--","8427374.00","3825182.00","--","4602192.00","189184.00","4791376.00","888797.00","3902579.00","--","--","3902579.00","-209719.00","--","3692860.00","3803810.00","--","98769.00","3589501.00","--","103359.00","6.43"
"115/03/13","114","4","1321","大洋","3594886.00","3335547.00","--","--","259339.00","--","--","259339.00","392356.00","--","-133017.00","-21484.00","-154501.00","121048.00","-275549.00","--","--","-275549.00","-11766.00","--","-287315.00","-275549.00","--","--","-287315.00","--","--","-1.25"
"115/03/13","114","4","1323","永裕","2013614.00","1745389.00","--","--","268225.00","--","--","268225.00","271247.00","--","-3022.00","35143.00","32121.00","8535.00","23586.00","--","--","23586.00","-44766.00","--","-21180.00","23586.00","--","0.00","-21180.00","--","0.00","0.26"
"115/03/13","114","4","1326","台化","287033924.00","277706973.00","--","--","9326951.00","--","--","9326951.00","13370776.00","--","-4043825.00","-963822.00","-5007647.00","763137.00","-5770784.00","--","--","-5770784.00","85300114.00","--","79529330.00","-5797137.00","--","26353.00","76271139.00","--","3258191.00","-0.99"
"115/03/13","114","4","1337","再生-KY","663541.00","786715.00","--","--","-123174.00","--","--","-123174.00","278007.00","--","-401181.00","-65705.00","-466886.00","--","-466886.00","--","--","-466886.00","-894.00","--","-467780.00","-466886.00","--","--","-467780.00","--","--","-1.74"
"115/03/13","114","4","1340","勝悅-KY","42394.00","78879.00","--","--","-36485.00","--","--","-36485.00","105153.00","--","-141638.00","-219351.00","-360989.00","0.00","-360989.00","-37421.00","--","-398410.00","843.00","--","-397567.00","-398410.00","--","--","-397567.00","--","--","-2.61"
"115/03/13","114","4","1342","八貫","2860851.00","2089346.00","--","--","771505.00","--","--","771505.00","242711.00","0.00","528794.00","16583.00","545377.00","102588.00","442789.00","--","--","442789.00","--","--","442789.00","--","--","--","--","--","--","5.62"
"115/03/13","114","4","1413","宏洲","2118976.00","2007039.00","--","--","111937.00","--","--","111937.00","46927.00","0.00","65010.00","6358.00","71368.00","11443.00","59925.00","--","--","59925.00","0.00","--","59925.00","--","--","--","--","--","--","0.45"
"115/03/13","114","4","1417","嘉裕","403828.00","187610.00","--","--","216218.00","--","--","216218.00","231513.00","--","-15295.00","147365.00","132070.00","14825.00","117245.00","--","--","117245.00","-92015.00","--","25230.00","117245.00","--","--","25230.00","--","--","0.62"
"115/03/13","114","4","1423","利華","85388.00","96950.00","--","--","-11562.00","--","--","-11562.00","53857.00","--","-65419.00","502950.00","437531.00","3563.00","433968.00","--","--","433968.00","82448.00","--","516416.00","--","--","--","--","--","--","4.36"
"115/03/13","114","4","1434","福懋","27543789.00","24462984.00","--","--","3080805.00","--","--","3080805.00","2339094.00","--","741711.00","320112.00","1061823.00","196573.00","865250.00","--","--","865250.00","5908123.00","--","6773373.00","865250.00","--","0.00","6773373.00","--","0.00","0.51"
"115/03/13","114","4","1436","華友聯","3890912.00","1937334.00","--","--","1953578.00","--","--","1953578.00","513968.00","--","1439610.00","-187083.00","1252527.00","286384.00","966143.00","--","--","966143.00","3232.00","--","969375.00","973247.00","--","-7104.00","976479.00","--","-7104.00","5.39"
"115/03/13","114","4","1439","雋揚","813096.00","595840.00","--","--","217256.00","--","--","217256.00","95431.00","--","121825.00","225457.00","347282.00","6266.00","341016.00","--","--","341016.00","-85204.00","--","255812.00","295725.00","--","45291.00","210521.00","--","45291.00","3.21"
"115/03/13","114","4","1440","南紡","14420713.00","13365274.00","--","--","1055439.00","--","--","1055439.00","1649491.00","--","-594052.00","433596.00","-160456.00","34951.00","-195407.00","--","--","-195407.00","-748265.00","--","-943672.00","-247964.00","--","52557.00","-973006.00","--","29334.00","-0.15"
"115/03/13","114","4","1441","大東","1515005.00","1414801.00","--","--","100204.00","--","--","100204.00","150442.00","--","-50238.00","-14429.00","-64667.00","-32852.00","-31815.00","--","--","-31815.00","-55281.00","--","-87096.00","-31314.00","--","-501.00","-86595.00","--","-501.00","-0.45"
"115/03/13","114","4","1442","名軒","3330041.00","1700659.00","--","--","1629382.00","--","--","1629382.00","339049.00","--","1290333.00","11465.00","1301798.00","193900.00","1107898.00","--","--","1107898.00","1723.00","--","1109621.00","1107898.00","--","--","1109621.00","--","--","3.03"
"115/03/13","114","4","1451","年興","6261211.00","5540262.00","--","--","720949.00","--","--","720949.00","608598.00","--","112351.00","316980.00","429331.00","80260.00","349071.00","--","--","349071.00","86462.00","--","435533.00","349071.00","--","--","435533.00","--","--","1.76"
"115/03/13","114","4","1452","宏益","1356156.00","1330126.00","--","--","26030.00","--","--","26030.00","93370.00","--","-67340.00","14060.00","-53280.00","1746.00","-55026.00","--","--","-55026.00","26662.00","--","-28364.00","-55026.00","--","--","-28364.00","--","--","-0.41"
"115/03/13","114","4","1456","怡華","828991.00","506119.00","--","--","322872.00","--","--","322872.00","123324.00","448990.00","648538.00","-287438.00","361100.00","41728.00","319372.00","--","--","319372.00","--","--","319372.00","319372.00","--","--","319372.00","--","--","3.41"
"115/03/13","114","4","1459","聯發","1100978.00","958580.00","--","--","142398.00","--","--","142398.00","88948.00","--","53450.00","393613.00","447063.00","8661.00","438402.00","-186147.00","--","252255.00","106257.00","--","358512.00","255653.00","--","-3398.00","362014.00","--","-3502.00","0.81"
"115/03/13","114","4","1468","昶和","827412.00","721398.00","--","--","106014.00","--","--","106014.00","108289.00","--","-2275.00","48231.00","45956.00","18252.00","27704.00","--","--","27704.00","-308.00","--","27396.00","33732.00","--","-6028.00","34994.00","--","-7598.00","0.21"
"115/03/13","114","4","1470","大統新創","803710.00","609306.00","--","--","194404.00","--","--","194404.00","110894.00","12.00","83522.00","-861.00","82661.00","15396.00","67265.00","--","--","67265.00","-2097.00","--","65168.00","67265.00","--","--","65168.00","--","--","0.78"
"115/03/13","114","4","1471","首利","182641.00","167068.00","--","--","15573.00","--","--","15573.00","111365.00","--","-95792.00","100968.00","5176.00","153.00","5023.00","--","--","5023.00","-16525.00","--","-11502.00","5065.00","--","-42.00","-11760.00","--","258.00","0.03"
"115/03/13","114","4","1472","三洋實業","3643138.00","3129652.00","--","--","513486.00","--","--","513486.00","137902.00","--","375584.00","15840.00","391424.00","55449.00","335975.00","--","--","335975.00","15930.00","--","351905.00","335975.00","--","--","351905.00","--","--","6.40"
"115/03/13","114","4","1473","台南","6677661.00","5630916.00","--","--","1046745.00","--","--","1046745.00","956452.00","--","90293.00","35412.00","125705.00","42277.00","83428.00","--","--","83428.00","-134812.00","--","-51384.00","83428.00","--","--","-51384.00","--","--","0.57"
"115/03/13","114","4","1476","儒鴻","37989751.00","27108151.00","--","--","10881600.00","--","--","10881600.00","3789680.00","--","7091920.00","-126350.00","6965570.00","1450633.00","5514937.00","--","--","5514937.00","-135220.00","--","5379717.00","5514937.00","--","--","5379717.00","--","--","20.10"
"115/03/13","114","4","1477","聚陽","34428057.00","25864239.00","--","--","8563818.00","--","--","8563818.00","3883316.00","--","4680502.00","-88632.00","4591870.00","922473.00","3669397.00","--","--","3669397.00","-240875.00","--","3428522.00","3614095.00","--","55302.00","3373134.00","--","55388.00","14.65"
"115/03/13","114","4","1504","東元","59093897.00","45014763.00","--","--","14079134.00","9855.00","10953.00","14080232.00","8792686.00","--","5287546.00","1805210.00","7092756.00","1467580.00","5625176.00","--","--","5625176.00","-1094595.00","--","4530581.00","5242070.00","--","383106.00","4057479.00","--","473102.00","2.42"
"115/03/13","114","4","1506","正道","1071595.00","896557.00","--","--","175038.00","--","--","175038.00","176029.00","--","-991.00","26363.00","25372.00","6233.00","19139.00","--","--","19139.00","61520.00","--","80659.00","18330.00","--","809.00","75707.00","--","4952.00","0.06"
"115/03/13","114","4","1513","中興電","27449025.00","20381276.00","--","--","7067749.00","--","--","7067749.00","2090893.00","--","4976856.00","29584.00","5006440.00","1016098.00","3990342.00","--","--","3990342.00","-88166.00","--","3902176.00","3988220.00","--","2122.00","3899757.00","--","2419.00","8.07"
"115/03/13","114","4","1514","亞力","10570657.00","8589801.00","--","--","1980856.00","0.00","469.00","1981325.00","912841.00","--","1068484.00","66993.00","1135477.00","228271.00","907206.00","--","--","907206.00","4769.00","--","911975.00","893312.00","--","13894.00","895540.00","--","16435.00","3.30"
"115/03/13","114","4","1515","力山","5419291.00","4729342.00","--","--","689949.00","--","--","689949.00","710432.00","--","-20483.00","233773.00","213290.00","39334.00","173956.00","--","--","173956.00","21936.00","--","195892.00","176307.00","--","-2351.00","198402.00","--","-2510.00","0.97"
"115/03/13","114","4","1516","川飛","78814.00","74211.00","--","--","4603.00","--","--","4603.00","16552.00","--","-11949.00","13823.00","1874.00","75.00","1799.00","--","--","1799.00","0.00","--","1799.00","--","--","--","--","--","--","0.04"
"115/03/13","114","4","1519","華城","24423057.00","14537739.00","--","--","9885318.00","--","--","9885318.00","4658162.00","--","5227156.00","381981.00","5609137.00","1242009.00","4367128.00","--","--","4367128.00","18700.00","--","4385828.00","4419436.00","--","-52308.00","4438136.00","--","-52308.00","13.99"
"115/03/13","114","4","1524","耿鼎","2630111.00","1897012.00","--","--","733099.00","--","--","733099.00","307389.00","0.00","425710.00","-24273.00","401437.00","78354.00","323083.00","--","--","323083.00","-26001.00","--","297082.00","--","--","--","--","--","--","1.95"
"115/03/13","114","4","1526","日馳","771039.00","603115.00","--","--","167924.00","--","--","167924.00","219468.00","--","-51544.00","49062.00","-2482.00","4148.00","-6630.00","--","--","-6630.00","16242.00","--","9612.00","-6630.00","--","--","9612.00","--","--","-0.11"
"115/03/13","114","4","1528","恩德","2797260.00","1927428.00","--","--","869832.00","--","--","869832.00","821391.00","--","48441.00","-70885.00","-22444.00","47437.00","-69881.00","--","--","-69881.00","26852.00","--","-43029.00","-67152.00","--","-2729.00","-40144.00","--","-2885.00","-0.35"
"115/03/13","114","4","1529","樂事綠能","925483.00","752943.00","--","--","172540.00","-27.00","--","172567.00","101357.00","0.00","71210.00","108562.00","179772.00","12775.00","166997.00","--","--","166997.00","-13145.00","--","153852.00","156972.00","--","10025.00","150071.00","--","3781.00","1.01"
"115/03/13","114","4","1531","高林股","1491345.00","1190542.00","--","--","300803.00","--","--","300803.00","342836.00","--","-42033.00","27613.00","-14420.00","6875.00","-21295.00","--","--","-21295.00","-35302.00","--","-56597.00","-21295.00","--","--","-56597.00","--","--","-0.12"
"115/03/13","114","4","1533","車王電","4003764.00","2807053.00","--","--","1196711.00","--","--","1196711.00","1048027.00","--","148684.00","-25654.00","123030.00","12214.00","110816.00","--","--","110816.00","-5015.00","--","105801.00","57597.00","--","53219.00","52590.00","--","53211.00","0.58"
"115/03/13","114","4","1535","中宇","11366055.00","10296505.00","--","--","1069550.00","1227.00","6555.00","1074878.00","603527.00","--","471351.00","138226.00","609577.00","114297.00","495280.00","--","--","495280.00","-46782.00","--","448498.00","495280.00","--","--","448498.00","--","--","4.00"
"115/03/13","114","4","1539","巨庭","1302082.00","1175261.00","--","--","126821.00","--","--","126821.00","94918.00","--","31903.00","-14877.00","17026.00","3421.00","13605.00","--","--","13605.00","1641.00","--","15246.00","13605.00","--","--","15246.00","--","--","0.21"
"115/03/13","114","4","1540","喬福","495440.00","327409.00","--","--","168031.00","--","--","168031.00","68315.00","--","99716.00","20852.00","120568.00","25696.00","94872.00","--","--","94872.00","873.00","--","95745.00","--","--","--","--","--","--","1.11"
"115/03/13","114","4","1541","錩泰","3629326.00","2962037.00","--","--","667289.00","--","--","667289.00","428340.00","--","238949.00","-31708.00","207241.00","24538.00","182703.00","--","--","182703.00","-22382.00","--","160321.00","182703.00","--","--","160321.00","--","--","2.32"
"115/03/13","114","4","1558","伸興","8103980.00","5921675.00","--","--","2182305.00","--","--","2182305.00","1452262.00","--","730043.00","133487.00","863530.00","233179.00","630351.00","--","--","630351.00","-205538.00","--","424813.00","366154.00","--","264197.00","210737.00","--","214076.00","5.52"
"115/03/13","114","4","1560","中砂","8149475.00","5502434.00","--","--","2647041.00","--","--","2647041.00","1343734.00","--","1303307.00","355543.00","1658850.00","262051.00","1396799.00","--","--","1396799.00","-7957.00","--","1388842.00","1360220.00","--","36579.00","1340108.00","--","48734.00","9.28"
"115/03/13","114","4","1563","巧新","6977352.00","5493253.00","--","--","1484099.00","--","--","1484099.00","920910.00","--","563189.00","-168250.00","394939.00","76741.00","318198.00","--","--","318198.00","-7832.00","--","310366.00","318191.00","--","7.00","310359.00","--","7.00","1.42"
"115/03/13","114","4","1568","倉佑","1052420.00","711639.00","--","--","340781.00","--","--","340781.00","175768.00","--","165013.00","6798.00","171811.00","32893.00","138918.00","--","--","138918.00","11426.00","--","150344.00","140404.00","--","-1486.00","147144.00","--","3200.00","1.36"
"115/03/13","114","4","1582","信錦","8679412.00","6636034.00","--","--","2043378.00","--","--","2043378.00","1291226.00","--","752152.00","121114.00","873266.00","338682.00","534584.00","--","--","534584.00","-184242.00","--","350342.00","497416.00","--","37168.00","311142.00","--","39200.00","3.45"
"115/03/13","114","4","1587","吉茂","2651919.00","2146632.00","--","--","505287.00","--","--","505287.00","439718.00","--","65569.00","-16955.00","48614.00","18702.00","29912.00","--","--","29912.00","23561.00","--","53473.00","29912.00","--","--","53473.00","--","--","0.37"
"115/03/13","114","4","1590","亞德客-KY","34329945.00","18547909.00","--","--","15782036.00","--","--","15782036.00","5494339.00","--","10287697.00","357654.00","10645351.00","2245519.00","8399832.00","--","--","8399832.00","289222.00","--","8689054.00","8400098.00","--","-266.00","8689325.00","--","-271.00","42.00"
"115/03/13","114","4","1597","直得","1138316.00","671765.00","--","--","466551.00","--","--","466551.00","361045.00","--","105506.00","5694.00","111200.00","31779.00","79421.00","--","--","79421.00","-1849.00","--","77572.00","79421.00","--","--","77572.00","--","--","0.91"
"115/03/13","114","4","1603","華電","5522406.00","4794963.00","--","--","727443.00","--","--","727443.00","182915.00","31420.00","575948.00","65640.00","641588.00","122089.00","519499.00","0.00","--","519499.00","168558.00","--","688057.00","518171.00","--","1328.00","678157.00","--","9900.00","3.26"
"115/03/13","114","4","1605","華新","174242895.00","163149909.00","--","--","11092986.00","--","--","11092986.00","11074135.00","--","18851.00","1612516.00","1631367.00","-708049.00","2339416.00","--","--","2339416.00","19844090.00","--","22183506.00","3179950.00","--","-840534.00","22800769.00","--","-617263.00","0.75"
"115/03/13","114","4","1608","華榮","11331431.00","10156567.00","--","--","1174864.00","--","--","1174864.00","250901.00","--","923963.00","1683836.00","2607799.00","198106.00","2409693.00","--","--","2409693.00","-10977.00","--","2398716.00","2334676.00","--","75017.00","2321482.00","--","77234.00","5.50"
"115/03/13","114","4","1614","三洋電","5392852.00","4298321.00","--","--","1094531.00","--","--","1094531.00","847545.00","--","246986.00","40180.00","287166.00","35837.00","251329.00","--","--","251329.00","30051.00","--","281380.00","250810.00","--","519.00","280861.00","--","519.00","0.97"
"115/03/13","114","4","1615","大山","5719049.00","4421289.00","--","--","1297760.00","--","--","1297760.00","231236.00","--","1066524.00","97016.00","1163540.00","218216.00","945324.00","--","--","945324.00","258881.00","--","1204205.00","945324.00","--","--","--","--","1204205.00","4.81"
"115/03/13","114","4","1617","榮星","3363151.00","3120144.00","--","--","243007.00","--","--","243007.00","243939.00","--","-932.00","235992.00","235060.00","124226.00","110834.00","--","--","110834.00","-10708.00","--","100126.00","115388.00","--","-4554.00","104680.00","--","-4554.00","0.68"
"115/03/13","114","4","1618","合機","4815501.00","3904350.00","--","--","911151.00","--","--","911151.00","159021.00","--","752130.00","245369.00","997499.00","187093.00","810406.00","--","--","810406.00","15602.00","--","826008.00","810406.00","--","--","826008.00","--","--","4.21"
"115/03/13","114","4","1623","大東電","6607040.00","5374250.00","--","--","1232790.00","--","--","1232790.00","231843.00","--","1000947.00","8679.00","1009626.00","192752.00","816874.00","--","--","816874.00","-13311.00","--","803563.00","--","--","--","--","--","--","13.61"
"115/03/13","114","4","1702","南僑","23166151.00","17427604.00","--","--","5738547.00","--","--","5738547.00","5157638.00","--","580909.00","137995.00","718904.00","285498.00","433406.00","--","--","433406.00","205953.00","--","639359.00","276896.00","--","156510.00","481683.00","--","157676.00","1.12"
"115/03/13","114","4","1707","葡萄王","10251607.00","2554797.00","--","--","7696810.00","0.00","523.00","7697333.00","5555822.00","--","2141511.00","156189.00","2297700.00","436765.00","1860935.00","--","--","1860935.00","15029.00","--","1875964.00","1218305.00","--","642630.00","1231302.00","--","644662.00","8.22"
"115/03/13","114","4","1708","東鹼","6156522.00","4194716.00","--","--","1961806.00","--","--","1961806.00","840675.00","--","1121131.00","-109308.00","1011823.00","193945.00","817878.00","--","--","817878.00","-175944.00","--","641934.00","817878.00","--","--","641934.00","--","--","3.28"
"115/03/13","114","4","1712","興農","18610462.00","12935597.00","--","--","5674865.00","--","--","5674865.00","4378896.00","--","1295969.00","-27635.00","1268334.00","169279.00","1099055.00","--","--","1099055.00","54012.00","--","1153067.00","1093545.00","--","5510.00","1146451.00","--","6616.00","2.60"
"115/03/13","114","4","1713","國化","460042.00","439194.00","--","--","20848.00","--","--","20848.00","100092.00","--","-79244.00","680161.00","600917.00","17078.00","583839.00","--","--","583839.00","7308.00","--","591147.00","--","--","--","--","--","--","3.87"
"115/03/13","114","4","1714","和桐","24021497.00","21515500.00","--","--","2505997.00","--","--","2505997.00","1248525.00","--","1257472.00","357970.00","1615442.00","415447.00","1199995.00","--","--","1199995.00","-358061.00","--","841934.00","490115.00","--","709880.00","106381.00","--","735553.00","0.50"
"115/03/13","114","4","1720","生達","7023025.00","4114216.00","--","--","2908809.00","--","--","2908809.00","1546017.00","--","1362792.00","151084.00","1513876.00","258347.00","1255529.00","--","--","1255529.00","-203024.00","--","1052505.00","927659.00","--","327870.00","720293.00","--","332212.00","5.19"
"115/03/13","114","4","1721","三晃","1774757.00","1904370.00","--","--","-129613.00","--","--","-129613.00","204524.00","--","-334137.00","-20192.00","-354329.00","-14690.00","-339639.00","--","--","-339639.00","48319.00","--","-291320.00","-339639.00","--","--","-291320.00","--","--","-1.84"
"115/03/13","114","4","1722","台肥","12087709.00","10504701.00","--","--","1583008.00","--","--","1583008.00","1220920.00","--","362088.00","798459.00","1160547.00","228308.00","932239.00","--","--","932239.00","-387838.00","--","544401.00","932239.00","--","--","544401.00","--","--","0.95"
"115/03/13","114","4","1723","中碳","5858135.00","4749358.00","--","--","1108777.00","--","--","1108777.00","572938.00","--","535839.00","175370.00","711209.00","95385.00","615824.00","--","--","615824.00","35820.00","--","651644.00","615824.00","--","--","651644.00","--","--","2.65"
"115/03/13","114","4","1725","元禎","7996645.00","7629265.00","--","--","367380.00","--","--","367380.00","222225.00","--","145155.00","150446.00","295601.00","17252.00","278349.00","--","--","278349.00","1027343.00","--","1305692.00","278349.00","--","0.00","1305692.00","--","0.00","1.53"
"115/03/13","114","4","1726","永記","9785495.00","7175484.00","--","--","2610011.00","--","--","2610011.00","1521766.00","--","1088245.00","73741.00","1161986.00","270380.00","891606.00","--","--","891606.00","-143267.00","--","748339.00","891606.00","--","--","748339.00","--","--","5.50"
"115/03/13","114","4","1727","中華化","1969278.00","1753243.00","--","--","216035.00","--","--","216035.00","215026.00","--","1009.00","5500.00","6509.00","1400.00","5109.00","--","--","5109.00","2016.00","--","7125.00","--","--","--","--","--","--","0.04"
"115/03/13","114","4","1730","花仙子","2411709.00","1182380.00","--","--","1229329.00","7334.00","5836.00","1227831.00","857749.00","--","370082.00","35757.00","405839.00","89689.00","316150.00","--","--","316150.00","10044.00","--","326194.00","284552.00","--","31598.00","294852.00","--","31342.00","4.50"
"115/03/13","114","4","1731","美吾華","1584065.00","582397.00","--","--","1001668.00","--","--","1001668.00","784301.00","0.00","217367.00","11192.00","228559.00","47557.00","181002.00","--","--","181002.00","34475.00","--","215477.00","181002.00","--","--","215477.00","--","--","1.36"
"115/03/13","114","4","1735","日勝化","2303489.00","1885834.00","--","--","417655.00","--","--","417655.00","365439.00","--","52216.00","47716.00","99932.00","22308.00","77624.00","--","--","77624.00","-18821.00","--","58803.00","77624.00","--","--","58803.00","--","--","0.78"
"115/03/13","114","4","1736","喬山","54328964.00","26858797.00","--","--","27470167.00","--","--","27470167.00","23878451.00","--","3591716.00","338339.00","3930055.00","1179969.00","2750086.00","--","--","2750086.00","137697.00","--","2887783.00","2749469.00","--","617.00","2886942.00","--","841.00","9.06"
"115/03/13","114","4","1737","臺鹽","3307660.00","1964650.00","--","--","1343010.00","--","--","1343010.00","866869.00","--","476141.00","17828.00","493969.00","100283.00","393686.00","--","--","393686.00","23714.00","--","417400.00","399867.00","--","-6181.00","423581.00","--","-6181.00","2.00"
"115/03/13","114","4","1752","南光","2162218.00","1393359.00","--","--","768859.00","--","--","768859.00","473189.00","--","295670.00","-4526.00","291144.00","47196.00","243948.00","--","--","243948.00","-20655.00","--","223293.00","244414.00","--","-466.00","223759.00","--","-466.00","2.42"
"115/03/13","114","4","1760","寶齡富錦","2063392.00","946541.00","--","--","1116851.00","0.00","--","1116851.00","809003.00","--","307848.00","-13813.00","294035.00","103866.00","190169.00","--","--","190169.00","-3357.00","--","186812.00","190169.00","--","--","186812.00","--","--","2.22"
"115/03/13","114","4","1773","勝一","11500542.00","7518911.00","--","--","3981631.00","--","--","3981631.00","1602651.00","--","2378980.00","131575.00","2510555.00","467089.00","2043466.00","--","--","2043466.00","43745.00","--","2087211.00","2043466.00","--","--","2087211.00","--","--","6.81"
"115/03/13","114","4","1786","科妍","886622.00","248229.00","--","--","638393.00","--","--","638393.00","448473.00","--","189920.00","-4880.00","185040.00","22702.00","162338.00","--","--","162338.00","-3632.00","--","158706.00","162338.00","--","--","158706.00","--","--","2.24"
"115/03/13","114","4","1789","神隆","3163422.00","2066983.00","--","--","1096439.00","--","--","1096439.00","987533.00","--","108906.00","38469.00","147375.00","10424.00","136951.00","--","--","136951.00","138741.00","--","275692.00","136951.00","--","--","275692.00","--","--","0.17"
"115/03/13","114","4","1802","台玻","41494382.00","36679677.00","--","--","4814705.00","--","--","4814705.00","4902753.00","458951.00","370903.00","-961637.00","-590734.00","116228.00","-706962.00","--","--","-706962.00","-272961.00","--","-979923.00","-590329.00","--","-116633.00","-809270.00","--","-170653.00","-0.20"
"115/03/13","114","4","1805","寶徠","285015.00","201573.00","--","--","83442.00","--","--","83442.00","56167.00","--","27275.00","2638.00","29913.00","3796.00","26117.00","--","--","26117.00","-361.00","--","25756.00","26117.00","--","--","25756.00","0.00","0.00","0.20"
"115/03/13","114","4","1808","潤隆","6495857.00","3979048.00","--","--","2516809.00","--","--","2516809.00","735670.00","--","1781139.00","-98624.00","1682515.00","381163.00","1301352.00","--","--","1301352.00","-21896.00","--","1279456.00","1301352.00","--","--","1279456.00","--","--","1.36"
"115/03/13","114","4","1817","凱撒衛","2618295.00","1654161.00","--","--","964134.00","--","--","964134.00","639476.00","--","324658.00","29664.00","354322.00","90844.00","263478.00","--","--","263478.00","-87710.00","--","175768.00","262210.00","--","1268.00","175226.00","--","542.00","3.61"
"115/03/13","114","4","1904","正隆","42984601.00","35255978.00","--","--","7728623.00","--","--","7728623.00","5847213.00","--","1881410.00","-767866.00","1113544.00","314414.00","799130.00","--","--","799130.00","-568784.00","--","230346.00","823018.00","--","-23888.00","261898.00","--","-31552.00","0.74"
"115/03/13","114","4","1906","寶隆","3111558.00","2821737.00","--","--","289821.00","--","--","289821.00","199153.00","--","90668.00","-80455.00","10213.00","8939.00","1274.00","--","--","1274.00","-568054.00","--","-566780.00","--","--","--","--","--","--","0.01"
"115/03/13","114","4","1909","榮成","44708099.00","40304200.00","--","--","4403899.00","--","--","4403899.00","4417284.00","--","-13385.00","-389082.00","-402467.00","119745.00","-522212.00","--","--","-522212.00","-408108.00","--","-930320.00","-516648.00","--","-5564.00","-924282.00","--","-6038.00","-0.39"
"115/03/13","114","4","2002","中鋼","317155264.00","308130007.00","--","--","9025257.00","--","--","9025257.00","12929335.00","--","-3904078.00","-780618.00","-4684696.00","-1177995.00","-3506701.00","--","--","-3506701.00","722651.00","--","-2784050.00","-4349185.00","--","842484.00","-3350148.00","--","566098.00","-0.29"
"115/03/13","114","4","2006","東和鋼鐵","57855435.00","49278447.00","--","--","8576988.00","--","--","8576988.00","2730050.00","--","5846938.00","70495.00","5917433.00","1159449.00","4757984.00","--","--","4757984.00","-95237.00","--","4662747.00","4720934.00","--","37050.00","4626616.00","--","36131.00","6.47"
"115/03/13","114","4","2008","高興昌","1818497.00","1513022.00","--","--","305475.00","--","--","305475.00","143898.00","--","161577.00","-24728.00","136849.00","6827.00","130022.00","--","--","130022.00","163105.00","--","293127.00","--","--","--","--","--","--","0.68"
"115/03/13","114","4","2009","第一銅","2905229.00","2917000.00","--","--","-11771.00","--","--","-11771.00","63500.00","--","-75271.00","204008.00","128737.00","7236.00","121501.00","--","--","121501.00","2600224.00","--","2721725.00","--","--","--","--","--","--","0.34"
"115/03/13","114","4","2010","春源","24189382.00","21530917.00","--","--","2658465.00","--","--","2658465.00","925871.00","--","1732594.00","132804.00","1865398.00","344561.00","1520837.00","--","--","1520837.00","4689.00","--","1525526.00","1505028.00","--","15809.00","1489984.00","--","35542.00","2.32"
"115/03/13","114","4","2012","春雨","8307669.00","7163937.00","--","--","1143732.00","--","--","1143732.00","844643.00","--","299089.00","-49160.00","249929.00","128349.00","121580.00","--","--","121580.00","-195448.00","--","-73868.00","55298.00","--","66282.00","-133243.00","--","59375.00","0.20"
"115/03/13","114","4","2013","中鋼構","20948280.00","19963338.00","--","--","984942.00","--","--","984942.00","384352.00","--","600590.00","108179.00","708769.00","70368.00","638401.00","--","--","638401.00","2434.00","--","640835.00","638401.00","--","--","640835.00","--","--","3.19"
"115/03/13","114","4","2014","中鴻","19021554.00","20612078.00","--","--","-1590524.00","--","--","-1590524.00","417124.00","--","-2007648.00","72675.00","-1934973.00","-87154.00","-1847819.00","--","--","-1847819.00","-223171.00","--","-2070990.00","-1847819.00","--","--","-2070990.00","--","--","-1.29"
"115/03/13","114","4","2015","豐興","29035659.00","25687071.00","--","--","3348588.00","--","--","3348588.00","846376.00","--","2502212.00","243715.00","2745927.00","492799.00","2253128.00","--","--","2253128.00","118558.00","--","2371686.00","2254468.00","--","-1340.00","2373026.00","--","-1340.00","3.88"
"115/03/13","114","4","2023","燁輝","67557599.00","61972812.00","--","--","5584787.00","--","--","5584787.00","5529878.00","--","54909.00","-3942546.00","-3887637.00","136930.00","-4024567.00","--","--","-4024567.00","-309100.00","--","-4333667.00","-3540996.00","--","-483571.00","-3831615.00","--","-502052.00","-1.85"
"115/03/13","114","4","2024","志聯","988898.00","921392.00","--","--","67506.00","--","--","67506.00","61190.00","--","6316.00","-11721.00","-5405.00","479.00","-5884.00","--","--","-5884.00","-254.00","--","-6138.00","--","--","--","--","--","--","-0.06"
"115/03/13","114","4","2028","威致","8513536.00","8179278.00","--","--","334258.00","--","--","334258.00","195547.00","--","138711.00","-38376.00","100335.00","10888.00","89447.00","--","--","89447.00","-28299.00","--","61148.00","--","--","--","--","--","--","0.28"
"115/03/13","114","4","2029","盛餘","13270890.00","11903711.00","--","--","1367179.00","--","--","1367179.00","1073188.00","--","293991.00","23540.00","317531.00","65419.00","252112.00","--","--","252112.00","25479.00","--","277591.00","239101.00","--","13011.00","264506.00","--","13085.00","0.74"
"115/03/13","114","4","2030","彰源","10149308.00","9200034.00","--","--","949274.00","--","--","949274.00","728378.00","--","220896.00","-83165.00","137731.00","40705.00","97026.00","--","--","97026.00","-30599.00","--","66427.00","97026.00","--","--","66427.00","--","--","0.35"
"115/03/13","114","4","2031","新光鋼","16798091.00","15306354.00","--","--","1491737.00","--","--","1491737.00","586439.00","--","905298.00","413984.00","1319282.00","219305.00","1099977.00","--","--","1099977.00","-164655.00","--","935322.00","1058251.00","--","41726.00","893775.00","--","41547.00","3.30"
"115/03/13","114","4","2032","新鋼","3041337.00","2914953.00","--","--","126384.00","--","--","126384.00","101419.00","--","24965.00","53557.00","78522.00","5414.00","73108.00","--","--","73108.00","10925.00","--","84033.00","--","--","--","--","--","--","0.56"
"115/03/13","114","4","2033","佳大","702735.00","602689.00","--","--","100046.00","--","--","100046.00","69649.00","--","30397.00","4555.00","34952.00","6646.00","28306.00","--","--","28306.00","886.00","--","29192.00","--","--","--","--","--","--","0.35"
"115/03/13","114","4","2034","允強","12543218.00","11477351.00","--","--","1065867.00","--","--","1065867.00","871111.00","--","194756.00","-129155.00","65601.00","-41977.00","107578.00","--","--","107578.00","-594176.00","--","-486598.00","107578.00","--","--","-486598.00","--","--","0.21"
"115/03/13","114","4","2049","上銀","24262638.00","17284790.00","--","--","6977848.00","--","--","6977848.00","5334619.00","--","1643229.00","120864.00","1764093.00","353965.00","1410128.00","--","--","1410128.00","-171178.00","--","1238950.00","1525866.00","--","-115738.00","1352899.00","--","-113949.00","4.31"
"115/03/13","114","4","2059","川湖","17500695.00","4191919.00","--","--","13308776.00","--","--","13308776.00","1220199.00","--","12088577.00","334552.00","12423129.00","2586062.00","9837067.00","--","--","9837067.00","-34905.00","--","9802162.00","9837067.00","--","--","9802162.00","--","--","103.23"
"115/03/13","114","4","2062","橋椿","6288346.00","5677734.00","--","--","610612.00","--","--","610612.00","539381.00","--","71231.00","39489.00","110720.00","31980.00","78740.00","--","--","78740.00","-107749.00","--","-29009.00","78905.00","--","-165.00","-28844.00","--","-165.00","0.39"
"115/03/13","114","4","2103","台橡","36472948.00","32897158.00","--","--","3575790.00","--","--","3575790.00","2751325.00","158613.00","983078.00","132299.00","1115377.00","506591.00","608786.00","--","--","608786.00","-285654.00","--","323132.00","448455.00","--","160331.00","166706.00","--","156426.00","0.54"
"115/03/13","114","4","2104","國際中橡","15334035.00","16134225.00","--","--","-800190.00","--","--","-800190.00","1434637.00","--","-2234827.00","-2197144.00","-4431971.00","-4924.00","-4427047.00","-92580.00","--","-4519627.00","-3342384.00","--","-7862011.00","-4148725.00","--","-370902.00","-7412903.00","--","-449108.00","-4.28"
"115/03/13","114","4","2105","正新","90780872.00","70148830.00","--","--","20632042.00","--","--","20632042.00","13476751.00","--","7155291.00","-312486.00","6842805.00","2007315.00","4835490.00","--","--","4835490.00","90150.00","--","4925640.00","4854332.00","--","-18842.00","4942848.00","--","-17208.00","1.50"
"115/03/13","114","4","2107","厚生","1443584.00","950600.00","--","--","492984.00","--","--","492984.00","210109.00","--","282875.00","305758.00","588633.00","80812.00","507821.00","--","--","507821.00","259210.00","--","767031.00","507821.00","--","--","767031.00","--","--","1.67"
"115/03/13","114","4","2108","南帝","9546429.00","7413961.00","--","--","2132468.00","--","--","2132468.00","1428369.00","--","704099.00","296214.00","1000313.00","275200.00","725113.00","--","--","725113.00","-276067.00","--","449046.00","410485.00","--","314628.00","133414.00","--","315632.00","0.83"
"115/03/13","114","4","2114","鑫永銓","1596478.00","962173.00","--","--","634305.00","--","--","634305.00","136511.00","--","497794.00","61053.00","558847.00","107851.00","450996.00","--","--","450996.00","-1224.00","--","449772.00","--","--","--","--","--","--","5.78"
"115/03/13","114","4","2115","六暉-KY","2978759.00","2363483.00","--","--","615276.00","--","--","615276.00","360596.00","--","254680.00","4535.00","259215.00","93894.00","165321.00","--","--","165321.00","-55283.00","--","110038.00","165159.00","--","162.00","109876.00","--","162.00","1.58"
"115/03/13","114","4","2208","台船","21780245.00","23991945.00","--","--","-2211700.00","--","--","-2211700.00","749115.00","--","-2960815.00","705674.00","-2255141.00","17428.00","-2272569.00","--","--","-2272569.00","341520.00","--","-1931049.00","-2259943.00","--","-12626.00","-1918423.00","--","-12626.00","-1.77"
"115/03/13","114","4","2227","裕日車","15132073.00","13699100.00","--","--","1432973.00","--","--","1432973.00","2045322.00","27.00","-612322.00","1139869.00","527547.00","137618.00","389929.00","--","--","389929.00","-397077.00","--","-7148.00","389929.00","--","--","-7148.00","--","--","1.30"
"115/03/13","114","4","2228","劍麟","4954066.00","3785117.00","--","--","1168949.00","--","--","1168949.00","715135.00","--","453814.00","147196.00","601010.00","183011.00","417999.00","--","--","417999.00","58531.00","--","476530.00","417999.00","--","--","476530.00","--","--","5.25"
"115/03/13","114","4","2231","為升","3653940.00","2462004.00","--","--","1191936.00","--","--","1191936.00","1290051.00","--","-98115.00","-264819.00","-362934.00","92538.00","-455472.00","--","--","-455472.00","-1185.00","--","-456657.00","-223772.00","--","-231700.00","-228878.00","--","-227779.00","-1.63"
"115/03/13","114","4","2233","宇隆","3274939.00","2259920.00","--","--","1015019.00","--","--","1015019.00","601084.00","--","413935.00","79726.00","493661.00","93719.00","399942.00","--","--","399942.00","-67929.00","--","332013.00","403761.00","--","-3819.00","335613.00","--","-3600.00","6.70"
"115/03/13","114","4","2241","艾姆勒","785614.00","758096.00","--","--","27518.00","--","--","27518.00","158055.00","--","-130537.00","89928.00","-40609.00","35436.00","-76045.00","--","--","-76045.00","5141.00","--","-70904.00","-73599.00","--","-2446.00","-70611.00","--","-293.00","-0.70"
"115/03/13","114","4","2247","汎德永業","51448216.00","45699630.00","--","--","5748586.00","--","--","5748586.00","3980636.00","31901.00","1799851.00","60595.00","1860446.00","381688.00","1478758.00","--","--","1478758.00","6352.00","--","1485110.00","1478758.00","--","--","1485110.00","--","--","18.32"
"115/03/13","114","4","2254","巨鎧精密-創","477757.00","372756.00","--","--","105001.00","--","--","105001.00","145542.00","--","-40541.00","-5220.00","-45761.00","7630.00","-53391.00","--","--","-53391.00","-342.00","--","-53733.00","-53391.00","--","--","-53733.00","--","--","-0.84"
"115/03/13","114","4","2258","鴻華先進-創","4146473.00","3318348.00","--","--","828125.00","--","--","828125.00","4764213.00","--","-3936088.00","193649.00","-3742439.00","-157.00","-3742282.00","--","--","-3742282.00","-6001.00","--","-3748283.00","-3742282.00","--","--","-3748283.00","--","--","-2.15"
"115/03/13","114","4","2301","光寶科","166084859.00","128045601.00","--","--","38039258.00","--","--","38039258.00","21301456.00","--","16737802.00","2975365.00","19713167.00","4601373.00","15111794.00","--","--","15111794.00","-3124192.00","--","11987602.00","15115934.00","--","-4140.00","11997519.00","--","-9917.00","6.64"
"115/03/13","114","4","2302","麗正","845768.00","535970.00","--","--","309798.00","--","--","309798.00","192634.00","0.00","117164.00","6342.00","123506.00","41633.00","81873.00","--","--","81873.00","-11299.00","--","70574.00","81873.00","--","--","70574.00","--","--","0.49"
"115/03/13","114","4","2303","聯電","237553199.00","168646700.00","--","--","68906499.00","--","--","68906499.00","26947690.00","1989879.00","43948688.00","5699018.00","49647706.00","8112958.00","41534748.00","--","--","41534748.00","-4859711.00","--","36675037.00","41716249.00","--","-181501.00","36856560.00","--","-181523.00","3.34"
"115/03/13","114","4","2305","全友","746385.00","414092.00","--","--","332293.00","--","--","332293.00","324981.00","--","7312.00","111832.00","119144.00","30922.00","88222.00","--","--","88222.00","-1788.00","--","86434.00","39748.00","--","48474.00","36982.00","--","49452.00","0.20"
"115/03/13","114","4","2308","台達電","554885168.00","364728610.00","--","--","190156558.00","--","--","190156558.00","106224484.00","--","83932074.00","3933922.00","87865996.00","19929688.00","67936308.00","--","--","67936308.00","-3829458.00","--","64106850.00","60108399.00","--","7827909.00","56178885.00","--","7927965.00","23.14"
"115/03/13","114","4","2312","金寶","163498976.00","153173864.00","--","--","10325112.00","--","--","10325112.00","6337133.00","--","3987979.00","-1156012.00","2831967.00","682653.00","2149314.00","--","--","2149314.00","-2139429.00","--","9885.00","1571126.00","--","578188.00","-206446.00","--","216331.00","1.05"
"115/03/13","114","4","2313","華通","75995687.00","61873094.00","--","--","14122593.00","--","--","14122593.00","5972569.00","--","8150024.00","-70183.00","8079841.00","1512973.00","6566868.00","--","--","6566868.00","-312953.00","--","6253915.00","6566868.00","--","--","6253915.00","--","--","5.51"
"115/03/13","114","4","2329","華泰","19683311.00","16719220.00","--","--","2964091.00","--","--","2964091.00","1452277.00","0.00","1511814.00","148306.00","1660120.00","249723.00","1410397.00","--","--","1410397.00","-287962.00","--","1122435.00","1410397.00","--","--","1122435.00","--","--","2.45"
"115/03/13","114","4","2330","台積電","3809054272.00","1527760293.00","--","--","2281293979.00","--","--","2281293979.00","345649630.00","447328.00","1936091677.00","105571163.00","2041662840.00","326266060.00","1715396780.00","--","--","1715396780.00","-56326519.00","--","1659070261.00","1717882627.00","--","-2485847.00","1661253891.00","--","-2183630.00","66.26"
"115/03/13","114","4","2331","精英","20112114.00","17948728.00","--","--","2163386.00","--","--","2163386.00","2098441.00","--","64945.00","1120766.00","1185711.00","398162.00","787549.00","--","--","787549.00","-1651319.00","--","-863770.00","787899.00","--","-350.00","-862974.00","--","-796.00","1.41"
"115/03/13","114","4","2332","友訊","13367019.00","10079104.00","--","--","3287915.00","--","--","3287915.00","3625597.00","--","-337682.00","147133.00","-190549.00","215169.00","-405718.00","--","--","-405718.00","-160536.00","--","-566254.00","-539535.00","--","133817.00","-623913.00","--","57659.00","-0.90"
"115/03/13","114","4","2337","旺宏","28879986.00","23748974.00","--","--","5131012.00","--","--","5131012.00","8828599.00","--","-3697587.00","64188.00","-3633399.00","-328428.00","-3304971.00","--","--","-3304971.00","3315573.00","--","10602.00","-3307677.00","--","2706.00","7896.00","--","2706.00","-1.77"
"115/03/13","114","4","2340","台亞","4326285.00","4463917.00","--","--","-137632.00","--","--","-137632.00","1148171.00","--","-1285803.00","-21964.00","-1307767.00","67585.00","-1375352.00","--","--","-1375352.00","63820.00","--","-1311532.00","-1261655.00","--","-113697.00","-1197835.00","--","-113697.00","-2.88"
"115/03/13","114","4","2344","華邦電","89406171.00","58210043.00","--","--","31196128.00","--","--","31196128.00","25661672.00","--","5534456.00","-923971.00","4610485.00","1433037.00","3177448.00","--","--","3177448.00","11949712.00","--","15127160.00","3961929.00","--","-784481.00","16295891.00","--","-1168731.00","0.88"
"115/03/13","114","4","2347","聯強","411153211.00","393648889.00","--","--","17504322.00","--","--","17504322.00","8941311.00","--","8563011.00","3250446.00","11813457.00","2716018.00","9097439.00","--","--","9097439.00","1146353.00","--","10243792.00","8467374.00","--","630065.00","9786970.00","--","456822.00","5.08"
"115/03/13","114","4","2351","順德","10247269.00","8882230.00","--","--","1365039.00","--","--","1365039.00","866298.00","--","498741.00","-59372.00","439369.00","94600.00","344769.00","--","--","344769.00","-35461.00","--","309308.00","303194.00","--","41575.00","267930.00","--","41378.00","1.66"
"115/03/13","114","4","2352","佳世達","207904502.00","172883688.00","--","--","35020814.00","--","--","35020814.00","31830146.00","--","3190668.00","-362772.00","2827896.00","1435852.00","1392044.00","--","--","1392044.00","-2927771.00","--","-1535727.00","1142604.00","--","249440.00","-1652773.00","--","117046.00","0.64"
"115/03/13","114","4","2353","宏��","275628173.00","245637823.00","--","--","29990350.00","0.00","--","29990350.00","25056437.00","209856.00","5143769.00","2507209.00","7650978.00","1876096.00","5774882.00","--","--","5774882.00","405803.00","--","6180685.00","3780486.00","--","1994396.00","3860164.00","--","2320521.00","1.26"
"115/03/13","114","4","2354","鴻準","156064911.00","150224132.00","--","--","5840779.00","--","--","5840779.00","3396762.00","--","2444017.00","2336230.00","4780247.00","1661391.00","3118856.00","--","--","3118856.00","-4326980.00","--","-1208124.00","3276310.00","--","-157454.00","-1075686.00","--","-132438.00","2.32"
"115/03/13","114","4","2355","敬鵬","15780872.00","13965699.00","--","--","1815173.00","--","--","1815173.00","1335195.00","--","479978.00","393708.00","873686.00","239398.00","634288.00","--","--","634288.00","139418.00","--","773706.00","634315.00","--","-27.00","773629.00","--","77.00","1.60"
"115/03/13","114","4","2356","英業達","691190326.00","654475636.00","--","--","36714690.00","--","--","36714690.00","24002093.00","--","12712597.00","-700449.00","12012148.00","2722021.00","9290127.00","--","--","9290127.00","2263141.00","--","11553268.00","8695754.00","--","594373.00","10963247.00","--","590021.00","2.42"
"115/03/13","114","4","2357","華碩","738904787.00","627289287.00","--","--","111615500.00","1155.00","--","111614345.00","71958274.00","--","39656071.00","15351969.00","55008040.00","6791433.00","48216607.00","--","--","48216607.00","-22797520.00","--","25419087.00","44557824.00","--","3658783.00","23076840.00","--","2342247.00","59.99"
"115/03/13","114","4","2360","致茂","28310935.00","10886103.00","--","--","17424832.00","--","77.00","17424909.00","8227393.00","--","9197516.00","4720245.00","13917761.00","1991862.00","11925899.00","--","--","11925899.00","-295543.00","--","11630356.00","11692052.00","--","233847.00","11406169.00","--","224187.00","27.70"
"115/03/13","114","4","2365","昆盈","959364.00","566262.00","--","--","393102.00","--","--","393102.00","340222.00","--","52880.00","38969.00","91849.00","21592.00","70257.00","--","--","70257.00","15727.00","--","85984.00","70983.00","--","-726.00","86593.00","--","-609.00","0.32"
"115/03/13","114","4","2367","燿華","16246291.00","13831642.00","--","--","2414649.00","--","--","2414649.00","1958760.00","--","455889.00","75839.00","531728.00","47278.00","484450.00","--","--","484450.00","-47041.00","--","437409.00","484450.00","--","--","437409.00","--","--","0.68"
"115/03/13","114","4","2368","金像電","60003758.00","40320985.00","--","--","19682773.00","--","--","19682773.00","5653226.00","13691.00","14043238.00","130097.00","14173335.00","4566804.00","9606531.00","--","--","9606531.00","-176619.00","--","9429912.00","9606531.00","--","--","9429912.00","--","--","19.47"
"115/03/13","114","4","2369","菱生","5557974.00","5645552.00","--","--","-87578.00","--","--","-87578.00","366791.00","--","-454369.00","41384.00","-412985.00","5109.00","-418094.00","0.00","--","-418094.00","28831.00","--","-389263.00","-394253.00","--","-23841.00","-365422.00","--","-23841.00","-1.05"
"115/03/13","114","4","2376","技嘉","336936660.00","301751564.00","--","--","35185096.00","--","--","35185096.00","18412697.00","--","16772399.00","207772.00","16980171.00","3695478.00","13284693.00","--","--","13284693.00","-80440.00","--","13204253.00","12189874.00","--","1094819.00","12109354.00","--","1094899.00","18.20"
"115/03/13","114","4","2377","微星","230196431.00","204983825.00","--","--","25212606.00","--","--","25212606.00","18824451.00","--","6388155.00","636070.00","7024225.00","1276411.00","5747814.00","--","--","5747814.00","204212.00","--","5952026.00","5747814.00","--","--","5952026.00","--","--","6.80"
"115/03/13","114","4","2379","瑞昱","122706372.00","61332694.00","--","--","61373678.00","--","--","61373678.00","47013837.00","--","14359841.00","2900687.00","17260528.00","2507212.00","14753316.00","--","--","14753316.00","-2440640.00","--","12312676.00","14753249.00","--","67.00","12312609.00","--","67.00","28.77"
"115/03/13","114","4","2382","廣達","2123689447.00","1975356983.00","--","--","148332464.00","--","--","148332464.00","60936355.00","--","87396109.00","7876819.00","95272928.00","19486617.00","75786311.00","--","--","75786311.00","-7374437.00","--","68411874.00","74987700.00","--","798611.00","67658904.00","--","752970.00","19.45"
"115/03/13","114","4","2383","台光電","94260578.00","66140668.00","--","--","28119910.00","--","--","28119910.00","9011641.00","--","19108269.00","-232133.00","18876136.00","4231248.00","14644888.00","--","--","14644888.00","642797.00","--","15287685.00","14648907.00","--","-4019.00","15291016.00","--","-3331.00","41.67"
"115/03/13","114","4","2385","群光","95660609.00","78416164.00","--","--","17244445.00","--","--","17244445.00","9273220.00","--","7971225.00","1153979.00","9125204.00","1469631.00","7655573.00","--","--","7655573.00","-1113186.00","--","6542387.00","6584784.00","--","1070789.00","5438763.00","--","1103624.00","9.05"
"115/03/13","114","4","2387","精元","18891145.00","16168205.00","--","--","2722940.00","--","--","2722940.00","1660221.00","--","1062719.00","28649.00","1091368.00","454610.00","636758.00","--","--","636758.00","87849.00","--","724607.00","670692.00","--","-33934.00","755886.00","--","-31279.00","3.47"
"115/03/13","114","4","2395","研華","70882362.00","42684758.00","--","--","28197604.00","--","--","28197604.00","16630630.00","--","11566974.00","1122638.00","12689612.00","2189096.00","10500516.00","--","--","10500516.00","-405323.00","--","10095193.00","10592508.00","--","-91992.00","10204275.00","--","-109082.00","12.25"
"115/03/13","114","4","2397","友通","10875946.00","8046418.00","--","--","2829528.00","--","--","2829528.00","2309935.00","--","519593.00","-63857.00","455736.00","126644.00","329092.00","--","--","329092.00","-6818.00","--","322274.00","285365.00","--","43727.00","279690.00","--","42584.00","2.49"
"115/03/13","114","4","2402","毅嘉","10848977.00","8780458.00","--","--","2068519.00","--","--","2068519.00","1153941.00","--","914578.00","24758.00","939336.00","185363.00","753973.00","--","--","753973.00","41306.00","--","795279.00","753973.00","--","--","795279.00","--","--","2.47"
"115/03/13","114","4","2404","漢唐","66093193.00","52863283.00","--","--","13229910.00","--","--","13229910.00","2242126.00","--","10987784.00","628069.00","11615853.00","2450281.00","9165572.00","--","--","9165572.00","-71758.00","--","9093814.00","9069393.00","--","96179.00","8996398.00","--","97416.00","48.08"
"115/03/13","114","4","2408","南亞科","66586520.00","51600320.00","--","--","14986200.00","1746.00","--","14984454.00","9741166.00","--","5243288.00","2638789.00","7882077.00","1269321.00","6612756.00","--","--","6612756.00","-1509111.00","--","5103645.00","6613772.00","-1016.00","--","5104661.00","--","-1016.00","2.13"
"115/03/13","114","4","2409","友達","281387743.00","249032935.00","--","--","32354808.00","--","--","32354808.00","33410397.00","--","-1055589.00","9496229.00","8440640.00","1452117.00","6988523.00","--","--","6988523.00","-4335718.00","--","2652805.00","6843361.00","--","145162.00","2312214.00","--","340591.00","0.90"
"115/03/13","114","4","2412","中華電","236114409.00","149145192.00","--","--","86969217.00","--","--","86969217.00","38309371.00","-112144.00","48547702.00","1721898.00","50269600.00","9752500.00","40517100.00","--","--","40517100.00","505818.00","--","41022918.00","38712404.00","--","1804696.00","39230646.00","--","1792272.00","4.99"
"115/03/13","114","4","2413","環科","3344759.00","2836286.00","--","--","508473.00","--","--","508473.00","484009.00","--","24464.00","43341.00","67805.00","15418.00","52387.00","--","--","52387.00","-41711.00","--","10676.00","52482.00","--","-95.00","10771.00","--","-95.00","0.41"
"115/03/13","114","4","2414","精技","28401975.00","26147199.00","--","--","2254776.00","--","--","2254776.00","1537362.00","0.00","717414.00","-6260.00","711154.00","137734.00","573420.00","--","--","573420.00","-1242.00","--","572178.00","512681.00","--","60739.00","512027.00","--","60151.00","3.17"
"115/03/13","114","4","2415","錩新","2365546.00","1736290.00","--","--","629256.00","--","--","629256.00","321030.00","37939.00","346165.00","-28635.00","317530.00","100736.00","216794.00","--","--","216794.00","-212321.00","--","4473.00","163010.00","--","53784.00","43175.00","--","-38702.00","1.81"
"115/03/13","114","4","2419","仲琦","8880244.00","7209861.00","--","--","1670383.00","--","--","1670383.00","1537189.00","--","133194.00","-46178.00","87016.00","3360.00","83656.00","--","--","83656.00","-102023.00","--","-18367.00","-116632.00","--","200288.00","-218637.00","--","200270.00","-0.36"
"115/03/13","114","4","2421","建準","18677810.00","12876422.00","--","--","5801388.00","--","--","5801388.00","2992151.00","--","2809237.00","-12357.00","2796880.00","631181.00","2165699.00","--","--","2165699.00","-109189.00","--","2056510.00","2165699.00","--","0.00","2056510.00","--","0.00","7.94"
"115/03/13","114","4","2423","固緯","2943203.00","1385378.00","--","--","1557825.00","--","--","1557825.00","1021836.00","--","535989.00","-6397.00","529592.00","105501.00","424091.00","--","--","424091.00","16747.00","--","440838.00","424091.00","--","--","440838.00","--","--","2.92"
"115/03/13","114","4","2426","鼎元","2335859.00","2046751.00","--","--","289108.00","--","--","289108.00","327225.00","0.00","-38117.00","-12937.00","-51054.00","25182.00","-76236.00","--","--","-76236.00","-4523.00","--","-80759.00","-76236.00","--","0.00","-80759.00","--","0.00","-0.25"
"115/03/13","114","4","2427","三商電","6527781.00","4964475.00","--","--","1563306.00","--","--","1563306.00","1207566.00","--","355740.00","19783.00","375523.00","72923.00","302600.00","--","--","302600.00","-26014.00","--","276586.00","302600.00","--","0.00","276586.00","--","0.00","1.53"
"115/03/13","114","4","2428","興勤","8034659.00","4808402.00","--","--","3226257.00","--","--","3226257.00","1213937.00","--","2012320.00","141048.00","2153368.00","661881.00","1491487.00","--","--","1491487.00","-140400.00","--","1351087.00","1506033.00","--","-14546.00","1365597.00","--","-14510.00","11.76"
"115/03/13","114","4","2430","燦坤","17676935.00","15016882.00","--","--","2660053.00","--","--","2660053.00","2519118.00","--","140935.00","-40115.00","100820.00","19637.00","81183.00","--","--","81183.00","6941.00","--","88124.00","81183.00","--","--","88124.00","--","--","0.70"
"115/03/13","114","4","2431","聯昌","375211.00","463462.00","--","--","-88251.00","--","--","-88251.00","110860.00","--","-199111.00","-20563.00","-219674.00","12874.00","-232548.00","--","--","-232548.00","-43015.00","--","-275563.00","-232548.00","--","--","-275563.00","--","--","-2.10"
"115/03/13","114","4","2432","倚天酷��-創","3273212.00","2855302.00","--","--","417910.00","--","--","417910.00","290542.00","--","127368.00","23133.00","150501.00","34286.00","116215.00","--","--","116215.00","-68160.00","--","48055.00","117426.00","-1211.00","--","48095.00","-40.00","--","1.88"
"115/03/13","114","4","2434","統懋","45551.00","53514.00","--","--","-7963.00","--","--","-7963.00","54130.00","--","-62093.00","62877.00","784.00","16.00","768.00","--","--","768.00","-1576.00","--","-808.00","768.00","--","--","-808.00","--","--","0.02"
"115/03/13","114","4","2436","偉詮電","3568640.00","2502088.00","--","--","1066552.00","--","--","1066552.00","827860.00","--","238692.00","353299.00","591991.00","28957.00","563034.00","--","--","563034.00","-490.00","--","562544.00","550870.00","--","12164.00","550122.00","--","12422.00","3.02"
"115/03/13","114","4","2439","美律","46491035.00","40870502.00","--","--","5620533.00","--","--","5620533.00","4161917.00","--","1458616.00","671263.00","2129879.00","315227.00","1814652.00","--","--","1814652.00","-183341.00","--","1631311.00","1336636.00","--","478016.00","1249601.00","--","381710.00","5.36"
"115/03/13","114","4","2441","超豐","16764213.00","13378562.00","--","--","3385651.00","--","--","3385651.00","674076.00","--","2711575.00","265689.00","2977264.00","528587.00","2448677.00","--","--","2448677.00","1028288.00","--","3476965.00","2449022.00","--","-345.00","3477310.00","--","-345.00","4.31"
"115/03/13","114","4","2449","京元電子","34933546.00","22411375.00","--","--","12522171.00","--","--","12522171.00","3519661.00","--","9002510.00","1626246.00","10628756.00","2624046.00","8004710.00","3053084.00","--","11057794.00","1026707.00","--","12084501.00","11015595.00","--","42199.00","12042951.00","--","41550.00","9.01"
"115/03/13","114","4","2450","神腦","33124781.00","29660997.00","--","--","3463784.00","--","--","3463784.00","3129698.00","418.00","334504.00","196069.00","530573.00","86218.00","444355.00","--","--","444355.00","-17486.00","--","426869.00","445292.00","--","-937.00","427806.00","--","-937.00","1.72"
"115/03/13","114","4","2451","創見","17125453.00","9106547.00","--","--","8018906.00","--","--","8018906.00","1464294.00","--","6554612.00","328318.00","6882930.00","1315115.00","5567815.00","--","--","5567815.00","188610.00","--","5756425.00","5567815.00","--","--","5756425.00","--","--","12.98"
"115/03/13","114","4","2454","聯發科","595965682.00","312885741.00","--","--","283079941.00","--","--","283079941.00","179610246.00","--","103469695.00","21418106.00","124887801.00","18770226.00","106117575.00","--","--","106117575.00","-17769492.00","--","88348083.00","105319255.00","--","798320.00","87554841.00","--","793242.00","66.16"
"115/03/13","114","4","2455","全新","3380143.00","2160417.00","--","--","1219726.00","--","--","1219726.00","550463.00","--","669263.00","-1912.00","667351.00","119409.00","547942.00","--","--","547942.00","-3909.00","--","544033.00","--","--","--","--","--","--","2.97"
"115/03/13","114","4","2457","飛宏","9795567.00","7732830.00","--","--","2062737.00","--","--","2062737.00","2662518.00","--","-599781.00","43563.00","-556218.00","78450.00","-634668.00","--","--","-634668.00","-250266.00","--","-884934.00","-634668.00","--","--","-884934.00","--","0.00","-1.48"
"115/03/13","114","4","2458","義隆","12326352.00","6329498.00","--","--","5996854.00","--","-997.00","5995857.00","3013559.00","--","2982298.00","-132281.00","2850017.00","542688.00","2307329.00","--","--","2307329.00","-43707.00","--","2263622.00","2442124.00","--","-134795.00","2398506.00","--","-134884.00","8.53"
"115/03/13","114","4","2460","建通","3171773.00","3179770.00","--","--","-7997.00","--","--","-7997.00","427379.00","--","-435376.00","-50691.00","-486067.00","14694.00","-500761.00","--","--","-500761.00","-26924.00","--","-527685.00","-500761.00","--","--","-527685.00","--","--","-3.00"
"115/03/13","114","4","2462","良得電","4062102.00","3528225.00","--","--","533877.00","--","--","533877.00","431818.00","--","102059.00","-47396.00","54663.00","14584.00","40079.00","--","--","40079.00","-48777.00","--","-8698.00","41256.00","--","-1177.00","-7000.00","--","-1698.00","0.27"
"115/03/13","114","4","2464","盟立","6680963.00","5436593.00","--","--","1244370.00","-9371.00","--","1253741.00","1330867.00","1898.00","-75228.00","-139399.00","-214627.00","-45833.00","-168794.00","--","--","-168794.00","-6851.00","--","-175645.00","-172260.00","--","3466.00","-179053.00","--","3408.00","-0.84"
"115/03/13","114","4","2465","麗臺","4435960.00","4000364.00","--","--","435596.00","--","--","435596.00","349080.00","--","86516.00","-13969.00","72547.00","24959.00","47588.00","-11042.00","--","36546.00","2275.00","--","38821.00","36453.00","--","93.00","38824.00","--","-3.00","0.43"
"115/03/13","114","4","2467","志聖","6102155.00","3458414.00","--","--","2643741.00","--","--","2643741.00","1760497.00","--","883244.00","243443.00","1126687.00","233780.00","892907.00","--","--","892907.00","1176663.00","--","2069570.00","830564.00","--","62343.00","2013361.00","--","56209.00","5.50"
"115/03/13","114","4","2468","華經","2694203.00","2428195.00","--","--","266008.00","--","--","266008.00","179843.00","--","86165.00","21672.00","107837.00","20328.00","87509.00","--","--","87509.00","-4381.00","--","83128.00","87509.00","--","--","83128.00","--","--","1.25"
"115/03/13","114","4","2471","資通","1000141.00","566030.00","--","--","434111.00","--","--","434111.00","254797.00","--","179314.00","24339.00","203653.00","31915.00","171738.00","--","--","171738.00","1930.00","--","173668.00","171754.00","--","-16.00","173786.00","--","-118.00","3.63"
"115/03/13","114","4","2474","可成","18658836.00","12755285.00","--","--","5903551.00","--","--","5903551.00","2799658.00","--","3103893.00","6968575.00","10072468.00","2739881.00","7332587.00","--","--","7332587.00","-4695863.00","--","2636724.00","7147210.00","--","185377.00","2447903.00","--","188821.00","11.33"
"115/03/13","114","4","2478","大毅","5423977.00","4186135.00","--","--","1237842.00","--","--","1237842.00","613657.00","--","624185.00","-41169.00","583016.00","86284.00","496732.00","--","--","496732.00","11502.00","--","508234.00","493706.00","--","3026.00","498691.00","--","9543.00","3.45"
"115/03/13","114","4","2480","敦陽科","8394371.00","6354554.00","--","--","2039817.00","--","--","2039817.00","1043032.00","--","996785.00","62952.00","1059737.00","208445.00","851292.00","--","--","851292.00","17260.00","--","868552.00","851292.00","--","0.00","868552.00","--","0.00","8.00"
"115/03/13","114","4","2481","強茂","13093916.00","9000956.00","--","--","4092960.00","--","--","4092960.00","2981676.00","--","1111284.00","567368.00","1678652.00","288236.00","1390416.00","--","--","1390416.00","-178479.00","--","1211937.00","1191631.00","--","198785.00","1024240.00","--","187697.00","3.12"
"115/03/13","114","4","2482","連宇","495805.00","285525.00","--","--","210280.00","--","--","210280.00","306850.00","--","-96570.00","-6035.00","-102605.00","-18115.00","-84490.00","--","--","-84490.00","-53758.00","--","-138248.00","-84548.00","--","58.00","-138306.00","--","58.00","-1.09"
"115/03/13","114","4","2484","希華","2409846.00","1987943.00","--","--","421903.00","--","--","421903.00","342577.00","--","79326.00","47153.00","126479.00","22818.00","103661.00","--","--","103661.00","70485.00","--","174146.00","103660.00","--","1.00","174145.00","--","1.00","0.65"
"115/03/13","114","4","2486","一詮","6046419.00","5186854.00","--","--","859565.00","--","--","859565.00","740993.00","--","118572.00","-30975.00","87597.00","17327.00","70270.00","--","--","70270.00","10543.00","--","80813.00","50618.00","--","19652.00","61118.00","--","19695.00","0.22"
"115/03/13","114","4","2488","漢平","2882427.00","2221487.00","--","--","660940.00","--","--","660940.00","330474.00","--","330466.00","102339.00","432805.00","68213.00","364592.00","--","--","364592.00","-34346.00","--","330246.00","364592.00","--","--","330246.00","--","--","4.56"
"115/03/13","114","4","2489","瑞軒","24659058.00","22265632.00","--","--","2393426.00","--","--","2393426.00","1956010.00","--","437416.00","590989.00","1028405.00","217706.00","810699.00","--","--","810699.00","-258704.00","--","551995.00","791597.00","--","19102.00","536613.00","--","15382.00","1.22"
"115/03/13","114","4","2492","華新科","36462792.00","30163204.00","--","--","6299588.00","--","--","6299588.00","4193583.00","--","2106005.00","1617936.00","3723941.00","720655.00","3003286.00","--","--","3003286.00","3227787.00","--","6231073.00","2298168.00","--","705118.00","4581920.00","--","1649153.00","4.74"
"115/03/13","114","4","2493","揚博","3768709.00","2625179.00","--","--","1143530.00","--","--","1143530.00","457532.00","--","685998.00","14991.00","700989.00","148218.00","552771.00","--","--","552771.00","1355.00","--","554126.00","552771.00","--","--","554126.00","--","--","4.36"
"115/03/13","114","4","2495","普安","1176124.00","669398.00","--","--","506726.00","--","--","506726.00","444330.00","--","62396.00","261709.00","324105.00","16245.00","307860.00","--","--","307860.00","-192.00","--","307668.00","307860.00","--","0.00","307668.00","--","0.00","1.13"
"115/03/13","114","4","2496","卓越","870822.00","405296.00","--","--","465526.00","--","--","465526.00","327184.00","--","138342.00","7305.00","145647.00","30620.00","115027.00","--","--","115027.00","95.00","--","115122.00","116706.00","--","-1679.00","116777.00","--","-1655.00","6.12"
"115/03/13","114","4","2497","怡利電","4467308.00","3324258.00","--","--","1143050.00","--","--","1143050.00","695039.00","--","448011.00","-58711.00","389300.00","102051.00","287249.00","--","--","287249.00","30067.00","--","317316.00","287249.00","--","--","317316.00","--","--","2.37"
"115/03/13","114","4","2504","國產","22532724.00","16353780.00","--","--","6178944.00","--","--","6178944.00","1105224.00","--","5073720.00","-14202.00","5059518.00","1033573.00","4025945.00","0.00","--","4025945.00","-238056.00","--","3787889.00","3884005.00","--","141940.00","3645986.00","--","141903.00","3.30"
"115/03/13","114","4","2506","太設","1137730.00","622620.00","--","--","515110.00","--","--","515110.00","482397.00","586.00","33299.00","144768.00","178067.00","86436.00","91631.00","--","--","91631.00","255448.00","--","347079.00","6200.00","--","85431.00","246148.00","--","100931.00","0.02"
"115/03/13","114","4","2509","全坤建","264407.00","183490.00","--","--","80917.00","--","--","80917.00","178575.00","--","-97658.00","-76006.00","-173664.00","3684.00","-177348.00","--","--","-177348.00","-153851.00","--","-331199.00","-180048.00","--","2700.00","-320480.00","--","-10719.00","-0.80"
"115/03/13","114","4","2511","太子","9354699.00","6765646.00","--","--","2589053.00","--","--","2589053.00","2060401.00","--","528652.00","65470.00","594122.00","95751.00","498371.00","--","--","498371.00","-57945.00","--","440426.00","535082.00","--","-36711.00","477137.00","--","-36711.00","0.33"
"115/03/13","114","4","2514","龍邦","21640008.00","18758945.00","--","--","2881063.00","--","--","2881063.00","1820212.00","--","1060851.00","162697.00","1223548.00","175761.00","1047787.00","--","--","1047787.00","30464.00","--","1078251.00","668206.00","--","379581.00","680717.00","--","397534.00","1.85"
"115/03/13","114","4","2528","皇普","12276492.00","9814384.00","--","--","2462108.00","--","--","2462108.00","546752.00","--","1915356.00","-41962.00","1873394.00","340776.00","1532618.00","--","--","1532618.00","--","--","1532618.00","--","--","--","--","--","--","3.65"
"115/03/13","114","4","2535","達欣工","22072399.00","19578130.00","--","--","2494269.00","--","--","2494269.00","766795.00","--","1727474.00","289448.00","2016922.00","354466.00","1662456.00","--","--","1662456.00","-154213.00","--","1508243.00","1690097.00","--","-27641.00","1548667.00","--","-40424.00","6.50"
"115/03/13","114","4","2536","宏普","10460323.00","8255390.00","--","--","2204933.00","--","--","2204933.00","623396.00","--","1581537.00","-309892.00","1271645.00","210577.00","1061068.00","--","--","1061068.00","0.00","--","1061068.00","1060700.00","--","368.00","1060700.00","--","368.00","3.19"
"115/03/13","114","4","2537","聯上發","1255647.00","926906.00","--","--","328741.00","--","--","328741.00","166804.00","--","161937.00","-83336.00","78601.00","34949.00","43652.00","--","--","43652.00","432.00","--","44084.00","--","--","--","--","--","--","0.15"
"115/03/13","114","4","2539","櫻花建","14003249.00","8262901.00","--","--","5740348.00","--","--","5740348.00","686909.00","--","5053439.00","63973.00","5117412.00","993164.00","4124248.00","--","--","4124248.00","--","--","4124248.00","4124248.00","--","--","4124248.00","--","--","3.46"
"115/03/13","114","4","2542","興富發","31056097.00","21766520.00","--","--","9289577.00","--","--","9289577.00","2859048.00","--","6430529.00","287770.00","6718299.00","1212437.00","5505862.00","--","--","5505862.00","-1567.00","--","5504295.00","4437206.00","--","1068656.00","4435639.00","--","1068656.00","2.10"
"115/03/13","114","4","2543","皇昌","11838665.00","9624750.00","--","--","2213915.00","--","--","2213915.00","479156.00","--","1734759.00","99000.00","1833759.00","366277.00","1467482.00","--","--","1467482.00","1325.00","--","1468807.00","1414893.00","--","52589.00","1416167.00","--","52640.00","2.69"
"115/03/13","114","4","2547","日勝生","6153592.00","3036196.00","--","--","3117396.00","--","--","3117396.00","1978948.00","--","1138448.00","2793563.00","3932011.00","952274.00","2979737.00","--","--","2979737.00","-34.00","--","2979703.00","2903590.00","--","76147.00","2903559.00","--","76144.00","2.85"
"115/03/13","114","4","2548","華固","18238702.00","13090990.00","--","--","5147712.00","--","--","5147712.00","1167359.00","--","3980353.00","110334.00","4090687.00","849281.00","3241406.00","--","--","3241406.00","3627.00","--","3245033.00","3241660.00","--","-254.00","3245363.00","--","-330.00","10.15"
"115/03/13","114","4","2605","新興","4407811.00","3260325.00","--","--","1147486.00","--","--","1147486.00","351325.00","--","796161.00","157876.00","954037.00","106715.00","847322.00","0.00","--","847322.00","-877554.00","--","-30232.00","847322.00","--","--","-30232.00","--","--","1.45"
"115/03/13","114","4","2606","裕民","15565820.00","11082203.00","--","--","4483617.00","--","--","4483617.00","779892.00","--","3703725.00","139866.00","3843591.00","203197.00","3640394.00","--","--","3640394.00","-2517487.00","--","1122907.00","3640394.00","--","0.00","1122907.00","--","0.00","4.31"
"115/03/13","114","4","2608","嘉里大榮","12836910.00","10541806.00","--","--","2295104.00","--","--","2295104.00","770377.00","--","1524727.00","-157603.00","1367124.00","270439.00","1096685.00","--","--","1096685.00","48079.00","--","1144764.00","921359.00","--","175326.00","969780.00","--","174984.00","1.97"
"115/03/13","114","4","2610","華航","209138766.00","171912250.00","--","--","37226516.00","--","--","37226516.00","16390298.00","--","20836218.00","-777608.00","20058610.00","3885138.00","16173472.00","--","--","16173472.00","1340860.00","--","17514332.00","14700319.00","--","1473153.00","16039805.00","--","1474527.00","2.42"
"115/03/13","114","4","2611","志信","672112.00","459381.00","--","--","212731.00","--","--","212731.00","201295.00","--","11436.00","97002.00","108438.00","-7228.00","115666.00","--","--","115666.00","-41376.00","--","74290.00","98641.00","--","17025.00","57444.00","--","16846.00","0.52"
"115/03/13","114","4","2612","中航","4886282.00","3287464.00","--","--","1598818.00","--","--","1598818.00","502525.00","--","1096293.00","45399.00","1141692.00","64685.00","1077007.00","--","--","1077007.00","-782684.00","--","294323.00","1077966.00","0.00","-959.00","295282.00","0.00","-959.00","5.46"
"115/03/13","114","4","2617","台航","4299838.00","2504976.00","--","--","1794862.00","--","--","1794862.00","208963.00","--","1585899.00","33979.00","1619878.00","294230.00","1325648.00","--","--","1325648.00","-1111678.00","--","213970.00","1325648.00","--","--","213970.00","--","--","3.18"
"115/03/13","114","4","2618","長榮航","220333377.00","168702422.00","--","--","51630955.00","--","--","51630955.00","15398706.00","--","36232249.00","-2215736.00","34016513.00","6497547.00","27518966.00","--","--","27518966.00","2030162.00","--","29549128.00","26146437.00","--","1372529.00","28197624.00","--","1351504.00","4.84"
"115/03/13","114","4","2630","亞航","5454110.00","4889585.00","--","--","564525.00","--","--","564525.00","273635.00","--","290890.00","-29109.00","261781.00","52056.00","209725.00","--","--","209725.00","-11434.00","--","198291.00","209725.00","--","--","198291.00","--","--","1.00"
"115/03/13","114","4","2633","台灣高鐵","54648456.00","31007179.00","--","--","23641277.00","--","--","23641277.00","2140975.00","--","21500302.00","-13384699.00","8115603.00","1535416.00","6580187.00","--","--","6580187.00","27296.00","--","6607483.00","--","--","--","--","--","--","1.17"
"115/03/13","114","4","2636","台驊控股","20793603.00","17462919.00","--","--","3330684.00","--","--","3330684.00","2581789.00","--","748895.00","603791.00","1352686.00","276325.00","1076361.00","--","--","1076361.00","-1035691.00","--","40670.00","1060485.00","--","15876.00","50952.00","--","-10282.00","7.74"
"115/03/13","114","4","2642","宅配通","3809181.00","3546157.00","--","--","263024.00","--","--","263024.00","413452.00","--","-150428.00","19359.00","-131069.00","-31586.00","-99483.00","--","--","-99483.00","149543.00","--","50060.00","-99483.00","--","--","50060.00","--","--","-1.04"
"115/03/13","114","4","2704","國賓","1357085.00","964482.00","--","--","392603.00","--","--","392603.00","407409.00","--","-14806.00","255114.00","240308.00","29955.00","210353.00","--","--","210353.00","-2289605.00","--","-2079252.00","210040.00","--","313.00","-2079565.00","--","313.00","0.57"
"115/03/13","114","4","2705","六福","2290343.00","1541668.00","--","--","748675.00","--","--","748675.00","598002.00","--","150673.00","15913.00","166586.00","1.00","166585.00","--","--","166585.00","762.00","--","167347.00","166585.00","--","--","167347.00","--","--","0.87"
"115/03/13","114","4","2706","第一店","376915.00","82065.00","--","--","294850.00","--","--","294850.00","33400.00","--","261450.00","138516.00","399966.00","74402.00","325564.00","--","--","325564.00","-208264.00","--","117300.00","--","--","--","--","--","--","0.65"
"115/03/13","114","4","2707","晶華","6832914.00","4601120.00","--","--","2231794.00","--","--","2231794.00","522347.00","--","1709447.00","93997.00","1803444.00","354895.00","1448549.00","--","--","1448549.00","-85824.00","--","1362725.00","1455480.00","--","-6931.00","1369528.00","--","-6803.00","11.42"
"115/03/13","114","4","2712","遠雄來","524994.00","424406.00","--","--","100588.00","--","--","100588.00","138256.00","--","-37668.00","-2824.00","-40492.00","-121.00","-40371.00","--","--","-40371.00","712.00","--","-39659.00","--","--","--","--","--","--","-0.38"
"115/03/13","114","4","2727","王品","23452508.00","12322138.00","--","--","11130370.00","--","--","11130370.00","9301105.00","--","1829265.00","-77013.00","1752252.00","394505.00","1357747.00","--","--","1357747.00","9650.00","--","1367397.00","1327158.00","--","30589.00","1335453.00","--","31944.00","16.02"
"115/03/13","114","4","2739","寒舍","5169913.00","3108669.00","--","--","2061244.00","--","--","2061244.00","1558699.00","-98843.00","403702.00","-107794.00","295908.00","80251.00","215657.00","--","--","215657.00","-40462.00","--","175195.00","215657.00","--","--","175195.00","--","--","2.36"
"115/03/13","114","4","2748","雲品","2424910.00","1645797.00","--","--","779113.00","--","--","779113.00","494838.00","--","284275.00","5432.00","289707.00","60649.00","229058.00","--","--","229058.00","67984.00","--","297042.00","229058.00","--","--","297042.00","--","--","2.17"
"115/03/13","114","4","2762","世界健身-KY","10983985.00","9084936.00","--","--","1899049.00","--","--","1899049.00","1240941.00","--","658108.00","-140576.00","517532.00","108451.00","409081.00","--","--","409081.00","-7451.00","--","401630.00","409081.00","--","--","401630.00","--","--","3.75"
"115/03/13","114","4","2901","欣欣","130749.00","19334.00","--","--","111415.00","--","--","111415.00","90235.00","--","21180.00","13598.00","34778.00","7030.00","27748.00","--","--","27748.00","-58.00","--","27690.00","--","--","--","--","--","--","0.38"
"115/03/13","114","4","2912","統一超","350734591.00","230193275.00","--","--","120541316.00","--","--","120541316.00","106611292.00","--","13930024.00","3015017.00","16945041.00","3610759.00","13334282.00","--","--","13334282.00","-1259005.00","--","12075277.00","11210454.00","--","2123828.00","10071776.00","--","2003501.00","10.78"
"115/03/13","114","4","2913","農林","472652.00","290223.00","--","--","182429.00","--","--","182429.00","201858.00","--","-19429.00","-98401.00","-117830.00","-1659.00","-116171.00","--","--","-116171.00","1252.00","--","-114919.00","--","--","--","--","--","--","-0.15"
"115/03/13","114","4","2939","永邑-KY","299444.00","273411.00","--","--","26033.00","--","--","26033.00","184403.00","--","-158370.00","-5102.00","-163472.00","4320.00","-167792.00","--","--","-167792.00","-296.00","--","-168088.00","-167792.00","--","0.00","-168088.00","--","0.00","-3.68"
"115/03/13","114","4","2945","三商家購","14803779.00","10759409.00","--","--","4044370.00","--","--","4044370.00","3873410.00","--","170960.00","-16635.00","154325.00","17964.00","136361.00","--","--","136361.00","--","--","136361.00","144264.00","--","-7903.00","144264.00","--","-7903.00","2.14"
"115/03/13","114","4","3002","歐格","690271.00","563972.00","--","--","126299.00","--","--","126299.00","170137.00","0.00","-43838.00","79548.00","35710.00","2712.00","32998.00","--","--","32998.00","-54841.00","--","-21843.00","36423.00","--","-3425.00","-16301.00","--","-5542.00","0.36"
"115/03/13","114","4","3004","豐達科","4055036.00","3063482.00","--","--","991554.00","--","--","991554.00","518153.00","--","473401.00","-71128.00","402273.00","71322.00","330951.00","--","--","330951.00","25367.00","--","356318.00","330951.00","--","0.00","356318.00","--","0.00","5.85"
"115/03/13","114","4","3005","神基","39447844.00","26901103.00","--","--","12546741.00","--","--","12546741.00","6348928.00","0.00","6197813.00","512969.00","6710782.00","1246517.00","5464265.00","--","--","5464265.00","-115192.00","--","5349073.00","5226971.00","--","237294.00","5108193.00","--","240880.00","8.43"
"115/03/13","114","4","3006","晶豪科","14575272.00","12089519.00","--","--","2485753.00","--","--","2485753.00","2141186.00","--","344567.00","-74518.00","270049.00","25699.00","244350.00","--","--","244350.00","-41599.00","--","202751.00","245125.00","--","-775.00","203526.00","--","-775.00","0.87"
"115/03/13","114","4","3008","大立光","61147888.00","30310834.00","--","--","30837054.00","--","--","30837054.00","7278790.00","--","23558264.00","2341946.00","25900210.00","4339953.00","21560257.00","--","--","21560257.00","-2898336.00","--","18661921.00","21275407.00","--","284850.00","18385844.00","--","276077.00","159.41"
"115/03/13","114","4","3013","晟銘電","10554728.00","8596887.00","--","--","1957841.00","--","--","1957841.00","838326.00","--","1119515.00","-45343.00","1074172.00","247162.00","827010.00","--","--","827010.00","49563.00","--","876573.00","827010.00","--","0.00","876573.00","--","0.00","4.03"
"115/03/13","114","4","3014","聯陽","6946962.00","3116082.00","--","--","3830880.00","--","--","3830880.00","2024476.00","--","1806404.00","47809.00","1854213.00","322913.00","1531300.00","--","--","1531300.00","86928.00","--","1618228.00","1531300.00","--","0.00","1618228.00","--","0.00","9.51"
"115/03/13","114","4","3015","全漢","13060096.00","10788831.00","--","--","2271265.00","1072.00","0.00","2270193.00","2128228.00","--","141965.00","316429.00","458394.00","77594.00","380800.00","--","--","380800.00","-2709747.00","--","-2328947.00","348069.00","--","32731.00","-2358632.00","--","29685.00","1.86"
"115/03/13","114","4","3016","嘉晶","3891698.00","3585203.00","--","--","306495.00","--","--","306495.00","288747.00","--","17748.00","11361.00","29109.00","8693.00","20416.00","--","--","20416.00","6038.00","--","26454.00","20416.00","--","--","26454.00","--","--","0.07"
"115/03/13","114","4","3017","奇鋐","139639362.00","103605359.00","--","--","36034003.00","--","--","36034003.00","8478340.00","--","27555663.00","1230544.00","28786207.00","7835687.00","20950520.00","--","--","20950520.00","28734.00","--","20979254.00","19186495.00","--","1764025.00","19161724.00","--","1817530.00","49.17"
"115/03/13","114","4","3019","亞光","26445656.00","21480262.00","--","--","4965394.00","--","--","4965394.00","2701999.00","--","2263395.00","439276.00","2702671.00","552632.00","2150039.00","--","--","2150039.00","-595766.00","--","1554273.00","1843199.00","--","306840.00","1308186.00","--","246087.00","6.60"
"115/03/13","114","4","3021","鴻名","3335946.00","2816976.00","--","--","518970.00","--","--","518970.00","408898.00","--","110072.00","-9165.00","100907.00","73331.00","27576.00","--","--","27576.00","-23084.00","--","4492.00","31241.00","--","-3665.00","8552.00","--","-4060.00","0.33"
"115/03/13","114","4","3022","威強電","6513043.00","4333824.00","--","--","2179219.00","82.00","358.00","2179495.00","1609043.00","--","570452.00","373602.00","944054.00","121114.00","822940.00","--","--","822940.00","-174167.00","--","648773.00","817485.00","--","5455.00","643318.00","--","5455.00","4.63"
"115/03/13","114","4","3023","信邦","31023871.00","23582442.00","--","--","7441429.00","--","--","7441429.00","4184024.00","--","3257405.00","705515.00","3962920.00","866259.00","3096661.00","--","--","3096661.00","-130934.00","--","2965727.00","3124997.00","--","-28336.00","2995582.00","--","-29855.00","13.02"
"115/03/13","114","4","3024","憶聲","1711971.00","1292492.00","--","--","419479.00","--","--","419479.00","289082.00","--","130397.00","-10287.00","120110.00","43880.00","76230.00","--","--","76230.00","-16723.00","--","59507.00","76230.00","--","--","59507.00","--","--","0.28"
"115/03/13","114","4","3026","禾伸堂","13426839.00","10906541.00","--","--","2520298.00","--","--","2520298.00","1442067.00","--","1078231.00","112579.00","1190810.00","164875.00","1025935.00","--","--","1025935.00","-9061.00","--","1016874.00","1091701.00","--","-65766.00","1077786.00","--","-60912.00","6.58"
"115/03/13","114","4","3027","盛達","2108555.00","1742276.00","--","--","366279.00","3591.00","--","362688.00","430595.00","--","-67907.00","-75874.00","-143781.00","2556.00","-146337.00","--","--","-146337.00","540.00","--","-145797.00","-121398.00","--","-24939.00","-120947.00","--","-24850.00","-1.06"
"115/03/13","114","4","3029","零壹","24892372.00","21860541.00","--","--","3031831.00","--","--","3031831.00","1534870.00","--","1496961.00","129257.00","1626218.00","337590.00","1288628.00","--","--","1288628.00","-13613.00","--","1275015.00","1089800.00","--","198828.00","1076217.00","--","198798.00","6.53"
"115/03/13","114","4","3030","德律","8467435.00","3526681.00","--","--","4940754.00","--","--","4940754.00","1948514.00","--","2992240.00","4241.00","2996481.00","517802.00","2478679.00","--","--","2478679.00","7841.00","--","2486520.00","2478679.00","--","--","2486520.00","--","--","10.49"
"115/03/13","114","4","3031","佰鴻","1141998.00","809497.00","--","--","332501.00","--","--","332501.00","238215.00","--","94286.00","156315.00","250601.00","64747.00","185854.00","--","--","185854.00","-97556.00","--","88298.00","188618.00","--","-2764.00","90913.00","--","-2615.00","1.09"
"115/03/13","114","4","3034","聯詠","100663144.00","62755132.00","--","--","37908012.00","--","--","37908012.00","19670918.00","--","18237094.00","1296433.00","19533527.00","3185834.00","16347693.00","--","--","16347693.00","506503.00","--","16854196.00","16347693.00","--","0.00","16854196.00","--","0.00","26.87"
"115/03/13","114","4","3035","智原","17992808.00","13135315.00","--","--","4857493.00","--","--","4857493.00","4305109.00","--","552384.00","449249.00","1001633.00","228654.00","772979.00","--","--","772979.00","35855.00","--","808834.00","731331.00","--","41648.00","763326.00","--","45508.00","2.81"
"115/03/13","114","4","3037","欣興","131240882.00","112948624.00","--","--","18292258.00","--","--","18292258.00","11781804.00","163918.00","6674372.00","2152919.00","8827291.00","1276801.00","7550490.00","--","--","7550490.00","497041.00","--","8047531.00","6673144.00","--","877346.00","7037953.00","--","1009578.00","4.38"
"115/03/13","114","4","3040","遠見","131948.00","55485.00","--","--","76463.00","--","--","76463.00","71919.00","--","4544.00","44801.00","49345.00","28915.00","20430.00","--","--","20430.00","-80814.00","--","-60384.00","20430.00","--","--","-60384.00","--","--","0.32"
"115/03/13","114","4","3044","健鼎","73399297.00","54406808.00","--","--","18992489.00","--","--","18992489.00","6080418.00","0.00","12912071.00","1085684.00","13997755.00","3773131.00","10224624.00","--","--","10224624.00","-1023297.00","--","9201327.00","10224657.00","--","-33.00","9201360.00","--","-33.00","19.45"
"115/03/13","114","4","3047","訊舟","3650842.00","2644105.00","--","--","1006737.00","--","--","1006737.00","1279070.00","--","-272333.00","-21777.00","-294110.00","42839.00","-336949.00","--","--","-336949.00","19903.00","--","-317046.00","-200842.00","--","-136107.00","-183643.00","--","-133403.00","-0.90"
"115/03/13","114","4","3049","精金","1484327.00","1922480.00","--","--","-438153.00","--","--","-438153.00","205074.00","--","-643227.00","195246.00","-447981.00","28576.00","-476557.00","--","--","-476557.00","-131362.00","--","-607919.00","-514326.00","--","37769.00","-629949.00","--","22030.00","-0.64"
"115/03/13","114","4","3052","夆典","3420125.00","2989936.00","--","--","430189.00","--","--","430189.00","167399.00","--","262790.00","16032.00","278822.00","52864.00","225958.00","--","--","225958.00","-4505.00","--","221453.00","224193.00","--","1765.00","219698.00","--","1755.00","1.10"
"115/03/13","114","4","3054","立萬利","125540.00","86430.00","--","--","39110.00","--","--","39110.00","109939.00","--","-70829.00","229079.00","158250.00","104.00","158146.00","--","--","158146.00","145021.00","--","303167.00","158146.00","--","--","303167.00","--","--","1.96"
"115/03/13","114","4","3055","蔚華科","459212.00","385112.00","--","--","74100.00","--","--","74100.00","377898.00","1114.00","-302684.00","-32716.00","-335400.00","-12013.00","-323387.00","--","--","-323387.00","-15050.00","--","-338437.00","-302967.00","--","-20420.00","-318017.00","--","-20420.00","-2.68"
"115/03/13","114","4","3056","富華新","4054432.00","3161178.00","--","--","893254.00","--","--","893254.00","301302.00","--","591952.00","48596.00","640548.00","125202.00","515346.00","--","--","515346.00","--","--","515346.00","515346.00","--","--","515346.00","--","--","1.07"
"115/03/13","114","4","3059","華晶科","8677345.00","6423029.00","--","--","2254316.00","--","--","2254316.00","1779661.00","--","474655.00","292367.00","767022.00","213464.00","553558.00","--","--","553558.00","-218626.00","--","334932.00","377661.00","--","175897.00","159590.00","--","175342.00","1.24"
"115/03/13","114","4","3060","銘異","3818634.00","3348845.00","--","--","469789.00","--","--","469789.00","443011.00","--","26778.00","-68352.00","-41574.00","2526.00","-44100.00","--","--","-44100.00","40922.00","--","-3178.00","-53880.00","--","9780.00","-2615.00","--","-563.00","-0.39"
"115/03/13","114","4","3062","建漢","4190309.00","3994694.00","--","--","195615.00","--","--","195615.00","719440.00","--","-523825.00","838413.00","314588.00","92533.00","222055.00","--","--","222055.00","-616530.00","--","-394475.00","222055.00","--","--","-394475.00","--","--","0.68"
"115/03/13","114","4","3090","日電貿","15727845.00","13142280.00","--","--","2585565.00","--","--","2585565.00","998026.00","--","1587539.00","1304.00","1588843.00","313350.00","1275493.00","--","--","1275493.00","37671.00","--","1313164.00","1252670.00","--","22823.00","1290187.00","--","22977.00","5.48"
"115/03/13","114","4","3092","鴻碩","1638995.00","1567130.00","--","--","71865.00","--","--","71865.00","578362.00","-63792.00","-570289.00","824.00","-569465.00","-7532.00","-561933.00","--","--","-561933.00","-9670.00","--","-571603.00","-547479.00","--","-14454.00","-557149.00","--","-14454.00","-5.14"
"115/03/13","114","4","3094","聯傑","187756.00","45716.00","--","--","142040.00","--","--","142040.00","141977.00","--","63.00","24758.00","24821.00","4461.00","20360.00","--","--","20360.00","-3025.00","--","17335.00","20360.00","--","--","17335.00","--","--","0.25"
"115/03/13","114","4","3130","一零四","2674437.00","371219.00","--","--","2303218.00","--","--","2303218.00","1771097.00","--","532121.00","66315.00","598436.00","110389.00","488047.00","--","--","488047.00","7834.00","--","495881.00","488047.00","--","--","495881.00","--","--","14.70"
"115/03/13","114","4","3149","正達","2282748.00","2523139.00","--","--","-240391.00","--","--","-240391.00","361549.00","--","-601940.00","-51074.00","-653014.00","-48403.00","-604611.00","--","--","-604611.00","-11692.00","--","-616303.00","-604611.00","--","--","-616303.00","--","--","-2.85"
"115/03/13","114","4","3150","鈺寶-創","301815.00","167205.00","--","--","134610.00","--","--","134610.00","151291.00","--","-16681.00","6827.00","-9854.00","79.00","-9933.00","--","--","-9933.00","-41977.00","--","-51910.00","--","--","--","--","--","--","-0.22"
"115/03/13","114","4","3164","景岳","401229.00","149595.00","--","--","251634.00","--","--","251634.00","193883.00","--","57751.00","5929.00","63680.00","15698.00","47982.00","--","--","47982.00","1614.00","--","49596.00","57198.00","--","-9216.00","58645.00","--","-9049.00","0.66"
"115/03/13","114","4","3167","大量","5077937.00","3088936.00","--","--","1989001.00","--","--","1989001.00","1072572.00","--","916429.00","54306.00","970735.00","254548.00","716187.00","--","--","716187.00","24856.00","--","741043.00","716187.00","--","--","741043.00","--","--","8.13"
"115/03/13","114","4","3168","眾福科","3434267.00","2577819.00","--","--","856448.00","--","791.00","857239.00","551333.00","--","305906.00","1913.00","307819.00","61696.00","246123.00","--","--","246123.00","3368.00","--","249491.00","200091.00","--","46032.00","203168.00","--","46323.00","2.61"
"115/03/13","114","4","3189","景碩","39351096.00","31036687.00","--","--","8314409.00","--","--","8314409.00","5644596.00","--","2669813.00","417392.00","3087205.00","369877.00","2717328.00","--","--","2717328.00","-194035.00","--","2523293.00","1595936.00","--","1121392.00","1494391.00","--","1028902.00","3.51"
"115/03/13","114","4","3231","緯創","2186522636.00","2052539263.00","--","--","133983373.00","--","--","133983373.00","55429876.00","--","78553497.00","-2296233.00","76257264.00","18484761.00","57772503.00","--","--","57772503.00","-4373818.00","--","53398685.00","27408097.00","--","30364406.00","23592457.00","--","29806228.00","9.04"
"115/03/13","114","4","3257","虹冠電","1055311.00","526441.00","--","--","528870.00","--","--","528870.00","241067.00","--","287803.00","61644.00","349447.00","76998.00","272449.00","--","--","272449.00","-14405.00","--","258044.00","272449.00","--","--","258044.00","--","--","3.42"
"115/03/13","114","4","3266","昇陽","1433489.00","972086.00","--","--","461403.00","--","--","461403.00","278242.00","--","183161.00","58761.00","241922.00","33039.00","208883.00","--","--","208883.00","309.00","--","209192.00","203437.00","--","5446.00","203475.00","--","5717.00","0.58"
"115/03/13","114","4","3308","聯德","7887.00","4210.00","--","--","3677.00","--","--","3677.00","35841.00","--","-32164.00","81970.00","49806.00","8896.00","40910.00","--","--","40910.00","-15806.00","--","25104.00","40910.00","--","0.00","25104.00","--","0.00","0.68"
"115/03/13","114","4","3311","閎暉","2345073.00","2052794.00","--","--","292279.00","--","--","292279.00","249734.00","--","42545.00","99381.00","141926.00","7594.00","134332.00","--","--","134332.00","-83656.00","--","50676.00","134332.00","--","--","50676.00","--","--","1.67"
"115/03/13","114","4","3321","同泰","2145029.00","2014097.00","--","--","130932.00","--","--","130932.00","276781.00","--","-145849.00","-26349.00","-172198.00","7934.00","-180132.00","--","--","-180132.00","3389.00","--","-176743.00","-180132.00","--","--","-176743.00","--","--","-3.36"
"115/03/13","114","4","3338","泰碩","3621006.00","2915971.00","--","--","705035.00","--","--","705035.00","536848.00","--","168187.00","19576.00","187763.00","31364.00","156399.00","--","--","156399.00","7647.00","--","164046.00","156399.00","--","--","164046.00","--","--","1.80"
"115/03/13","114","4","3380","明泰","22461720.00","18564534.00","--","--","3897186.00","--","--","3897186.00","4034063.00","--","-136877.00","-37608.00","-174485.00","-27431.00","-147054.00","--","--","-147054.00","-103123.00","--","-250177.00","-193870.00","--","46816.00","-260068.00","--","9891.00","-0.36"
"115/03/13","114","4","3406","玉晶光","24988810.00","16863849.00","--","--","8124961.00","--","--","8124961.00","3352021.00","--","4772940.00","217319.00","4990259.00","1282245.00","3708014.00","--","--","3708014.00","46408.00","--","3754422.00","3702142.00","--","5872.00","3748659.00","--","5763.00","32.84"
"115/03/13","114","4","3413","京鼎","20841660.00","15600775.00","--","--","5240885.00","--","--","5240885.00","2130424.00","--","3110461.00","-51348.00","3059113.00","641871.00","2417242.00","--","--","2417242.00","81605.00","--","2498847.00","2336288.00","--","80954.00","2417400.00","--","81447.00","21.44"
"115/03/13","114","4","3416","融程電","3640617.00","2189787.00","--","--","1450830.00","--","--","1450830.00","758300.00","--","692530.00","29143.00","721673.00","135863.00","585810.00","--","--","585810.00","-70908.00","--","514902.00","591003.00","--","-5193.00","520148.00","--","-5246.00","7.39"
"115/03/13","114","4","3443","創意","34140978.00","25687156.00","--","--","8453822.00","--","--","8453822.00","4104206.00","--","4349616.00","93051.00","4442667.00","673101.00","3769566.00","--","--","3769566.00","-6915.00","--","3762651.00","3769566.00","--","--","3762651.00","--","--","28.13"
"115/03/13","114","4","3450","聯鈞","8584594.00","6029013.00","--","--","2555581.00","--","--","2555581.00","953335.00","0.00","1602246.00","61992.00","1664238.00","431096.00","1233142.00","--","--","1233142.00","-43609.00","--","1189533.00","729803.00","--","503339.00","707816.00","--","481717.00","5.01"
"115/03/13","114","4","3454","晶睿","7464394.00","5341579.00","--","--","2122815.00","--","--","2122815.00","2146419.00","--","-23604.00","28493.00","4889.00","2802.00","2087.00","--","--","2087.00","-16682.00","--","-14595.00","-9311.00","--","11398.00","-25993.00","--","11398.00","-0.11"
"115/03/13","114","4","3504","揚明光","2688527.00","2226838.00","--","--","461689.00","--","--","461689.00","535370.00","--","-73681.00","67677.00","-6004.00","3384.00","-9388.00","--","--","-9388.00","-5282.00","--","-14670.00","-9388.00","--","0.00","-14670.00","--","0.00","-0.08"
"115/03/13","114","4","3515","華擎","47838613.00","41357415.00","--","--","6481198.00","--","--","6481198.00","3736397.00","--","2744801.00","81893.00","2826694.00","464131.00","2362563.00","--","--","2362563.00","-253533.00","--","2109030.00","1887688.00","--","474875.00","1634029.00","--","475001.00","15.28"
"115/03/13","114","4","3528","安馳","8959308.00","7960487.00","--","--","998821.00","--","--","998821.00","385587.00","--","613234.00","-424329.00","188905.00","35932.00","152973.00","--","--","152973.00","8414.00","--","161387.00","--","--","--","--","--","--","2.30"
"115/03/13","114","4","3530","晶相光","1845343.00","1349720.00","--","--","495623.00","--","--","495623.00","358987.00","--","136636.00","730.00","137366.00","2360.00","135006.00","--","--","135006.00","-2464.00","--","132542.00","135006.00","--","--","132542.00","--","--","1.74"
"115/03/13","114","4","3535","晶彩科","459861.00","274152.00","--","--","185709.00","--","--","185709.00","275669.00","--","-89960.00","5399.00","-84561.00","-262.00","-84299.00","--","--","-84299.00","-1346.00","--","-85645.00","-84299.00","--","--","-85645.00","--","--","-1.07"
"115/03/13","114","4","3543","州巧","3264017.00","2935330.00","--","--","328687.00","--","--","328687.00","593276.00","--","-264589.00","17061.00","-247528.00","3504.00","-251032.00","--","--","-251032.00","-94481.00","--","-345513.00","-197326.00","--","-53706.00","-270651.00","--","-74862.00","-2.24"
"115/03/13","114","4","3545","敦泰","11952063.00","8986940.00","--","--","2965123.00","--","--","2965123.00","3097794.00","--","-132671.00","-885470.00","-1018141.00","-27883.00","-990258.00","--","--","-990258.00","-152674.00","--","-1142932.00","-990601.00","--","343.00","-1142539.00","--","-393.00","-4.64"
"115/03/13","114","4","3557","嘉威","4322982.00","2858679.00","--","--","1464303.00","--","--","1464303.00","1304402.00","--","159901.00","-140078.00","19823.00","19103.00","720.00","--","--","720.00","-74305.00","--","-73585.00","720.00","--","0.00","-73585.00","--","0.00","0.01"
"115/03/13","114","4","3563","牧德","3191461.00","1235994.00","--","--","1955467.00","--","--","1955467.00","793583.00","--","1161884.00","116063.00","1277947.00","230618.00","1047329.00","--","--","1047329.00","-56.00","--","1047273.00","1010745.00","--","36584.00","1010773.00","--","36500.00","15.80"
"115/03/13","114","4","3591","艾笛森","2307824.00","1817865.00","--","--","489959.00","--","--","489959.00","484868.00","--","5091.00","-21887.00","-16796.00","22344.00","-39140.00","--","--","-39140.00","-41798.00","--","-80938.00","-47237.00","--","8097.00","-86293.00","--","5355.00","-0.34"
"115/03/13","114","4","3592","瑞鼎","22397169.00","16010423.00","--","--","6386746.00","--","--","6386746.00","4862767.00","--","1523979.00","42595.00","1566574.00","183188.00","1383386.00","--","--","1383386.00","-272048.00","--","1111338.00","1383386.00","--","--","1111338.00","--","--","18.24"
"115/03/13","114","4","3596","智易","52975952.00","44889510.00","--","--","8086442.00","--","--","8086442.00","4586349.00","--","3500093.00","175109.00","3675202.00","901321.00","2773881.00","--","--","2773881.00","-112787.00","--","2661094.00","2777080.00","--","-3199.00","2664342.00","--","-3248.00","12.60"
"115/03/13","114","4","3605","宏致","10859557.00","8035876.00","--","--","2823681.00","--","--","2823681.00","2227085.00","--","596596.00","218153.00","814749.00","153524.00","661225.00","--","--","661225.00","216453.00","--","877678.00","661186.00","--","39.00","877655.00","--","23.00","4.35"
"115/03/13","114","4","3607","谷崧","2784296.00","2498755.00","--","--","285541.00","--","--","285541.00","365769.00","--","-80228.00","82026.00","1798.00","-412.00","2210.00","--","--","2210.00","2191.00","--","4401.00","2210.00","--","0.00","4401.00","--","0.00","0.02"
"115/03/13","114","4","3622","洋華","1725633.00","959519.00","--","--","766114.00","--","--","766114.00","282688.00","--","483426.00","554875.00","1038301.00","68310.00","969991.00","--","--","969991.00","163112.00","--","1133103.00","921570.00","--","48421.00","1084682.00","--","48421.00","6.09"
"115/03/13","114","4","3645","達邁","2373234.00","1735687.00","--","--","637547.00","--","--","637547.00","379036.00","--","258511.00","-13335.00","245176.00","47241.00","197935.00","--","--","197935.00","1928.00","--","199863.00","209489.00","--","-11554.00","211417.00","--","-11554.00","1.54"
"115/03/13","114","4","3653","健策","20275577.00","11841587.00","--","--","8433990.00","--","--","8433990.00","1935857.00","--","6498133.00","108822.00","6606955.00","1296613.00","5310342.00","--","--","5310342.00","-771.00","--","5309571.00","5277165.00","--","33177.00","5273766.00","--","35805.00","36.75"
"115/03/13","114","4","3661","世芯-KY","30926092.00","22771717.00","--","--","8154375.00","--","--","8154375.00","3137527.00","--","5016848.00","1703170.00","6720018.00","1123709.00","5596309.00","--","--","5596309.00","-1713647.00","--","3882662.00","5598340.00","--","-2031.00","3884693.00","--","-2031.00","69.18"
"115/03/13","114","4","3679","新至陞","4471195.00","2997131.00","--","--","1474064.00","--","--","1474064.00","470921.00","--","1003143.00","-104012.00","899131.00","283827.00","615304.00","--","--","615304.00","15240.00","--","630544.00","615304.00","--","--","630544.00","--","--","9.78"
"115/03/13","114","4","3686","達能","85816.00","86447.00","--","--","-631.00","--","--","-631.00","27280.00","--","-27911.00","-10160.00","-38071.00","0.00","-38071.00","--","--","-38071.00","--","--","-38071.00","-38071.00","--","--","-38071.00","--","--","-0.50"
"115/03/13","114","4","3703","欣陸","34378309.00","30251907.00","--","--","4126402.00","--","--","4126402.00","2473707.00","--","1652695.00","143504.00","1796199.00","373620.00","1422579.00","--","--","1422579.00","-107602.00","--","1314977.00","1481364.00","--","-58785.00","1464966.00","--","-149989.00","1.80"
"115/03/13","114","4","3704","合勤控","25295196.00","18551875.00","--","--","6743321.00","--","--","6743321.00","5876699.00","--","866622.00","51986.00","918608.00","266119.00","652489.00","--","--","652489.00","8540.00","--","661029.00","634136.00","--","18353.00","637997.00","--","23032.00","1.56"
"115/03/13","114","4","3706","神達","105577033.00","93597061.00","--","--","11979972.00","--","--","11979972.00","6605994.00","--","5373978.00","2650637.00","8024615.00","917701.00","7106914.00","--","--","7106914.00","2417595.00","--","9524509.00","6837801.00","--","269113.00","9279802.00","--","244707.00","5.15"
"115/03/13","114","4","3708","上緯投控","1005478.00","852534.00","--","--","152944.00","--","--","152944.00","610479.00","--","-457535.00","-246704.00","-704239.00","-132295.00","-571944.00","4382340.00","--","3810396.00","2181339.00","--","5991735.00","3812704.00","--","-2308.00","6035346.00","--","-43611.00","35.57"
"115/03/13","114","4","3711","日月光投控","645387710.00","531194836.00","--","--","114192874.00","--","--","114192874.00","63437341.00","--","50755533.00","545296.00","51300829.00","9460293.00","41840536.00","--","--","41840536.00","-3038448.00","--","38802088.00","40658196.00","--","1182340.00","37909410.00","--","892678.00","9.37"
"115/03/13","114","4","3714","富采","22182815.00","20918178.00","--","--","1264637.00","0.00","0.00","1264637.00","4810371.00","62574.00","-3483160.00","885223.00","-2597937.00","54298.00","-2652235.00","--","--","-2652235.00","-772667.00","--","-3424902.00","-2714954.00","--","62719.00","-3493531.00","--","68629.00","-3.69"
"115/03/13","114","4","4104","佳醫","8789236.00","6914865.00","--","--","1874371.00","90424.00","88687.00","1872634.00","1145095.00","--","727539.00","454368.00","1181907.00","216300.00","965607.00","--","--","965607.00","148066.00","--","1113673.00","805860.00","--","159747.00","834884.00","--","278789.00","4.70"
"115/03/13","114","4","4108","懷特","134576.00","93284.00","--","--","41292.00","--","--","41292.00","215873.00","--","-174581.00","64469.00","-110112.00","-15.00","-110097.00","--","--","-110097.00","34231.00","--","-75866.00","-58199.00","--","-51898.00","-29071.00","--","-46795.00","-0.29"
"115/03/13","114","4","4119","旭富","1343720.00","992695.00","--","--","351025.00","--","--","351025.00","195780.00","--","155245.00","-53054.00","102191.00","-5183.00","107374.00","--","--","107374.00","-10562.00","--","96812.00","107374.00","--","--","96812.00","--","--","0.90"
"115/03/13","114","4","4133","亞諾法","351299.00","195488.00","--","--","155811.00","--","--","155811.00","138760.00","--","17051.00","-19080.00","-2029.00","-888.00","-1141.00","--","--","-1141.00","2734.00","--","1593.00","-1141.00","--","--","1593.00","--","--","-0.02"
"115/03/13","114","4","4137","麗豐-KY","3878155.00","694605.00","--","--","3183550.00","--","--","3183550.00","2446088.00","--","737462.00","107508.00","844970.00","256969.00","588001.00","--","--","588001.00","-48909.00","--","539092.00","588001.00","--","--","539092.00","--","--","7.13"
"115/03/13","114","4","4164","承業醫","4398280.00","3249494.00","--","--","1148786.00","--","--","1148786.00","750982.00","--","397804.00","-85158.00","312646.00","86800.00","225846.00","--","--","225846.00","-18194.00","--","207652.00","186277.00","--","39569.00","168076.00","--","39576.00","1.00"
"115/03/13","114","4","4439","冠星-KY","7002730.00","5747154.00","--","--","1255576.00","--","--","1255576.00","834499.00","--","421077.00","-61294.00","359783.00","65706.00","294077.00","--","--","294077.00","-160895.00","--","133182.00","294077.00","--","--","133182.00","--","--","7.73"
"115/03/13","114","4","4440","宜新實業","1069237.00","942795.00","--","--","126442.00","--","--","126442.00","42026.00","0.00","84416.00","7564.00","91980.00","15016.00","76964.00","--","--","76964.00","-743.00","--","76221.00","--","--","--","--","--","--","1.14"
"115/03/13","114","4","4540","全球傳動","2559330.00","2312902.00","--","--","246428.00","--","--","246428.00","546571.00","--","-300143.00","337043.00","36900.00","110967.00","-74067.00","--","--","-74067.00","13591.00","--","-60476.00","-74067.00","--","--","-60476.00","--","--","-0.66"
"115/03/13","114","4","4545","銘鈺","2387660.00","2022751.00","--","--","364909.00","--","--","364909.00","330031.00","--","34878.00","-11490.00","23388.00","10283.00","13105.00","--","--","13105.00","7067.00","--","20172.00","13105.00","--","--","20172.00","--","--","0.17"
"115/03/13","114","4","4551","智伸科","7822899.00","6012678.00","--","--","1810221.00","--","--","1810221.00","762680.00","--","1047541.00","-96847.00","950694.00","254314.00","696380.00","--","--","696380.00","-94182.00","--","602198.00","696380.00","--","--","602198.00","--","--","6.04"
"115/03/13","114","4","4557","永新-KY","3970768.00","2796548.00","--","--","1174220.00","--","--","1174220.00","1174794.00","--","-574.00","-42919.00","-43493.00","-14415.00","-29078.00","--","--","-29078.00","-65125.00","--","-94203.00","-31369.00","--","2291.00","-104162.00","--","9959.00","-0.67"
"115/03/13","114","4","4564","元翎","1102016.00","1325707.00","--","--","-223691.00","--","--","-223691.00","153335.00","--","-377026.00","-43604.00","-420630.00","547.00","-421177.00","--","--","-421177.00","-323.00","--","-421500.00","-421177.00","--","--","-421500.00","--","--","-1.86"
"115/03/13","114","4","4572","駐龍","670865.00","439138.00","--","--","231727.00","--","--","231727.00","93811.00","--","137916.00","8587.00","146503.00","26440.00","120063.00","--","--","120063.00","--","--","120063.00","120063.00","--","--","120063.00","--","--","3.00"
"115/03/13","114","4","4576","大銀微系統","2714367.00","1723413.00","--","--","990954.00","--","--","990954.00","666714.00","--","324240.00","-22939.00","301301.00","41377.00","259924.00","--","--","259924.00","46206.00","--","306130.00","241328.00","--","18596.00","258252.00","--","47878.00","2.01"
"115/03/13","114","4","4583","台灣精銳","2998017.00","1434284.00","--","--","1563733.00","--","--","1563733.00","621405.00","--","942328.00","234330.00","1176658.00","214815.00","961843.00","--","--","961843.00","--","--","961843.00","961843.00","--","--","961843.00","--","--","12.00"
"115/03/13","114","4","4585","達明","1822095.00","893097.00","--","--","928998.00","--","--","928998.00","817873.00","--","111125.00","41463.00","152588.00","16218.00","136370.00","--","--","136370.00","-344.00","--","136026.00","136370.00","--","--","136026.00","--","--","1.46"
"115/03/13","114","4","4588","玖鼎電力","920285.00","614574.00","--","--","305711.00","--","--","305711.00","123502.00","--","182209.00","-10806.00","171403.00","34010.00","137393.00","--","--","137393.00","--","--","137393.00","--","--","--","--","--","--","3.20"
"115/03/13","114","4","4722","國精化","3727774.00","3100699.00","--","--","627075.00","--","--","627075.00","393835.00","--","233240.00","39080.00","272320.00","70527.00","201793.00","--","--","201793.00","2698.00","--","204491.00","201793.00","--","--","204491.00","--","--","2.00"
"115/03/13","114","4","4739","康普","6191109.00","5342451.00","--","--","848658.00","--","--","848658.00","412064.00","--","436594.00","-210899.00","225695.00","71737.00","153958.00","--","--","153958.00","951.00","--","154909.00","184312.00","--","-30354.00","168515.00","--","-13606.00","1.56"
"115/03/13","114","4","4746","台耀","4851357.00","2819255.00","--","--","2032102.00","--","--","2032102.00","1228925.00","--","803177.00","-301427.00","501750.00","105722.00","396028.00","--","--","396028.00","-12244.00","--","383784.00","441107.00","--","-45079.00","433732.00","--","-49948.00","3.67"
"115/03/13","114","4","4755","三福化","4836222.00","3785473.00","--","--","1050749.00","--","--","1050749.00","552039.00","--","498710.00","-12333.00","486377.00","124176.00","362201.00","--","--","362201.00","722045.00","--","1084246.00","372318.00","--","-10117.00","1095501.00","--","-11255.00","3.70"
"115/03/13","114","4","4807","日成-KY","2128126.00","1818876.00","--","--","309250.00","--","--","309250.00","281542.00","--","27708.00","-17145.00","10563.00","11988.00","-1425.00","--","--","-1425.00","39331.00","--","37906.00","-9076.00","--","7651.00","26485.00","--","11421.00","-0.24"
"115/03/13","114","4","4906","正文","16493485.00","14215765.00","--","--","2277720.00","--","--","2277720.00","2217742.00","--","59978.00","-132263.00","-72285.00","33569.00","-105854.00","--","--","-105854.00","-600977.00","--","-706831.00","-108331.00","--","2477.00","-709339.00","--","2508.00","-0.25"
"115/03/13","114","4","4915","致伸","60181706.00","49760110.00","--","--","10421596.00","--","--","10421596.00","7579593.00","--","2842003.00","464425.00","3306428.00","679706.00","2626722.00","--","--","2626722.00","-279843.00","--","2346879.00","2626722.00","--","0.00","2346879.00","--","0.00","5.71"
"115/03/13","114","4","4919","新唐","30492418.00","19303523.00","--","--","11188895.00","--","--","11188895.00","12416940.00","--","-1228045.00","-216686.00","-1444731.00","219913.00","-1664644.00","--","--","-1664644.00","-814878.00","--","-2479522.00","-1664644.00","--","--","-2479522.00","--","--","-3.97"
"115/03/13","114","4","4930","燦星網","5968277.00","5104285.00","--","--","863992.00","--","--","863992.00","842770.00","--","21222.00","118411.00","139633.00","16551.00","123082.00","--","--","123082.00","-136188.00","--","-13106.00","47712.00","--","75370.00","-15454.00","--","2348.00","0.60"
"115/03/13","114","4","4938","和碩","1117160381.00","1074659121.00","--","--","42501260.00","--","--","42501260.00","30892581.00","--","11608679.00","13325342.00","24934021.00","6824434.00","18109587.00","--","--","18109587.00","-4102590.00","--","14006997.00","14402600.00","--","3706987.00","10532760.00","--","3474237.00","5.39"
"115/03/13","114","4","4942","嘉彰","6091275.00","4663547.00","--","--","1427728.00","--","--","1427728.00","858066.00","--","569662.00","41262.00","610924.00","175259.00","435665.00","--","--","435665.00","-192420.00","--","243245.00","435659.00","--","6.00","243239.00","--","6.00","3.06"
"115/03/13","114","4","4943","康控-KY","1690289.00","1741190.00","--","--","-50901.00","--","--","-50901.00","385788.00","--","-436689.00","35728.00","-400961.00","-130860.00","-270101.00","--","--","-270101.00","24253.00","--","-245848.00","-233764.00","--","-36337.00","-210645.00","--","-35203.00","-1.88"
"115/03/13","114","4","4949","有成精密","2397182.00","1528962.00","--","--","868220.00","0.00","2374.00","870594.00","668798.00","--","201796.00","-31899.00","169897.00","41571.00","128326.00","--","--","128326.00","39329.00","--","167655.00","128326.00","--","--","167655.00","--","--","1.91"
"115/03/13","114","4","4952","凌通","2128010.00","1417015.00","--","--","710995.00","--","--","710995.00","623349.00","-100.00","87546.00","38649.00","126195.00","13844.00","112351.00","--","--","112351.00","2022.00","--","114373.00","112351.00","--","--","114373.00","--","--","1.03"
"115/03/13","114","4","4956","光鋐","1349023.00","1280861.00","--","--","68162.00","--","--","68162.00","157263.00","350.00","-88751.00","3136.00","-85615.00","-5331.00","-80284.00","--","--","-80284.00","2164.00","--","-78120.00","-80284.00","--","--","-78120.00","--","--","-0.80"
"115/03/13","114","4","4958","臻鼎-KY","182521620.00","146385216.00","--","--","36136404.00","--","--","36136404.00","22204825.00","--","13931579.00","131105.00","14062684.00","3457577.00","10605107.00","--","--","10605107.00","-544983.00","--","10060124.00","6790508.00","--","3814599.00","6048550.00","--","4011574.00","6.91"
"115/03/13","114","4","4960","誠美材","8643190.00","9032123.00","--","--","-388933.00","--","--","-388933.00","947092.00","--","-1336025.00","-136283.00","-1472308.00","-9591.00","-1462717.00","--","--","-1462717.00","-20493.00","--","-1483210.00","-1462717.00","--","--","-1483210.00","--","--","-2.58"
"115/03/13","114","4","4961","天鈺","17993045.00","12865614.00","--","--","5127431.00","--","--","5127431.00","3792645.00","--","1334786.00","517434.00","1852220.00","224786.00","1627434.00","--","--","1627434.00","-17665.00","--","1609769.00","1169204.00","--","458230.00","1139291.00","--","470478.00","9.65"
"115/03/13","114","4","4967","十銓","20428449.00","17514031.00","--","--","2914418.00","--","--","2914418.00","1504391.00","--","1410027.00","6941.00","1416968.00","307095.00","1109873.00","--","--","1109873.00","-3721.00","--","1106152.00","1109873.00","--","--","1106152.00","--","--","13.06"
"115/03/13","114","4","4968","立積","3761663.00","2397307.00","--","--","1364356.00","--","--","1364356.00","1125572.00","--","238784.00","55923.00","294707.00","49585.00","245122.00","--","--","245122.00","1641.00","--","246763.00","245122.00","--","--","246763.00","--","--","2.66"
"115/03/13","114","4","4994","傳奇","1185241.00","394643.00","--","--","790598.00","--","--","790598.00","630312.00","--","160286.00","-9222.00","151064.00","21270.00","129794.00","--","--","129794.00","320.00","--","130114.00","129794.00","--","--","130114.00","--","--","1.96"
"115/03/13","114","4","4999","鑫禾","1953351.00","1682334.00","--","--","271017.00","--","--","271017.00","341860.00","--","-70843.00","-52564.00","-123407.00","6.00","-123413.00","--","--","-123413.00","-12271.00","--","-135684.00","-123413.00","--","--","-135684.00","--","--","-1.68"
"115/03/13","114","4","5203","訊連","2459506.00","381953.00","--","--","2077553.00","--","--","2077553.00","1709777.00","--","367776.00","25343.00","393119.00","106143.00","286976.00","--","--","286976.00","-114104.00","--","172872.00","286976.00","--","--","172872.00","--","--","3.63"
"115/03/13","114","4","5222","全訊","954334.00","454894.00","--","--","499440.00","--","--","499440.00","254413.00","--","245027.00","22443.00","267470.00","42517.00","224953.00","--","--","224953.00","109978.00","--","334931.00","--","--","--","--","--","--","2.51"
"115/03/13","114","4","5225","東科-KY","11039422.00","9225448.00","--","--","1813974.00","--","--","1813974.00","1070042.00","--","743932.00","128502.00","872434.00","72628.00","799806.00","--","--","799806.00","-131598.00","--","668208.00","799806.00","--","--","668208.00","--","--","10.26"
"115/03/13","114","4","5234","達興材料","4629779.00","2750283.00","--","--","1879496.00","--","--","1879496.00","1026698.00","--","852798.00","30750.00","883548.00","126593.00","756955.00","--","--","756955.00","--","--","756955.00","756955.00","--","--","756955.00","--","--","7.37"
"115/03/13","114","4","5269","祥碩","13414563.00","6407971.00","--","--","7006592.00","9220.00","8065.00","7005437.00","3046417.00","--","3959020.00","2265905.00","6224925.00","799089.00","5425836.00","--","--","5425836.00","-2188271.00","--","3237565.00","5425836.00","0.00","0.00","3237565.00","0.00","0.00","72.70"
"115/03/13","114","4","5285","界霖","5348422.00","4638509.00","--","--","709913.00","--","--","709913.00","473359.00","--","236554.00","-13074.00","223480.00","67313.00","156167.00","--","--","156167.00","12056.00","--","168223.00","156167.00","--","--","168223.00","--","--","1.53"
"115/03/13","114","4","5288","豐祥-KY","6805063.00","5283188.00","--","--","1521875.00","--","16.00","1521891.00","587265.00","--","934626.00","170265.00","1104891.00","256699.00","848192.00","--","--","848192.00","-397132.00","--","451060.00","848293.00","--","-101.00","452163.00","--","-1103.00","12.25"
"115/03/13","114","4","5388","中磊","53999430.00","45524332.00","--","--","8475098.00","--","--","8475098.00","6870134.00","--","1604964.00","-99253.00","1505711.00","306687.00","1199024.00","--","--","1199024.00","-261037.00","--","937987.00","1202805.00","--","-3781.00","941232.00","--","-3245.00","4.04"
"115/03/13","114","4","5434","崇越","67583531.00","58933153.00","--","--","8650378.00","-1379.00","--","8651757.00","4191579.00","--","4460178.00","1003127.00","5463305.00","1271276.00","4192029.00","--","--","4192029.00","99452.00","--","4291481.00","4180447.00","--","11582.00","4279855.00","--","11626.00","21.81"
"115/03/13","114","4","5471","松翰","2675652.00","1569215.00","--","--","1106437.00","--","--","1106437.00","1004655.00","--","101782.00","19409.00","121191.00","653.00","120538.00","--","--","120538.00","45795.00","--","166333.00","120538.00","--","--","166333.00","--","--","0.72"
"115/03/13","114","4","5519","隆大","5452084.00","3647281.00","--","--","1804803.00","--","--","1804803.00","462920.00","--","1341883.00","21738.00","1363621.00","275810.00","1087811.00","--","--","1087811.00","2848.00","--","1090659.00","1087811.00","--","--","1090659.00","--","--","4.96"
"115/03/13","114","4","5521","工信","9038390.00","8431415.00","--","--","606975.00","--","--","606975.00","359252.00","--","247723.00","24980.00","272703.00","18830.00","253873.00","--","--","253873.00","-2129.00","--","251744.00","253873.00","--","--","251744.00","--","--","0.52"
"115/03/13","114","4","5525","順天","2293357.00","1396382.00","--","--","896975.00","--","--","896975.00","417796.00","--","479179.00","6679.00","485858.00","57020.00","428838.00","--","--","428838.00","1903.00","--","430741.00","428937.00","--","-99.00","430840.00","--","-99.00","1.40"
"115/03/13","114","4","5531","鄉林","1072641.00","830274.00","--","--","242367.00","--","--","242367.00","1005732.00","--","-763365.00","304958.00","-458407.00","-9716.00","-448691.00","--","--","-448691.00","-227834.00","--","-676525.00","-275532.00","--","-173159.00","-487905.00","--","-188620.00","-0.28"
"115/03/13","114","4","5607","遠雄港","4143048.00","2084903.00","--","--","2058145.00","--","--","2058145.00","529187.00","--","1528958.00","-316576.00","1212382.00","184577.00","1027805.00","--","--","1027805.00","2039.00","--","1029844.00","1027805.00","--","0.00","1029844.00","--","0.00","2.77"
"115/03/13","114","4","5706","鳳凰","3136124.00","2668100.00","--","--","468024.00","--","--","468024.00","238710.00","732.00","230046.00","121440.00","351486.00","60052.00","291434.00","0.00","--","291434.00","19106.00","--","310540.00","287660.00","--","3774.00","305949.00","--","4591.00","3.39"
"115/03/13","114","4","5871","中租-KY","97567377.00","33236489.00","--","--","64330888.00","--","--","64330888.00","38316322.00","1204272.00","27218838.00","2196344.00","29415182.00","8611659.00","20803523.00","--","--","20803523.00","152030.00","--","20955553.00","19809840.00","--","993683.00","19883958.00","--","1071595.00","11.24"
"115/03/13","114","4","5906","台南-KY","1681725.00","755893.00","--","--","925832.00","--","--","925832.00","877056.00","-7377.00","41399.00","2723.00","44122.00","14911.00","29211.00","--","--","29211.00","-133562.00","--","-104351.00","35031.00","--","-5820.00","-98531.00","--","-5820.00","0.98"
"115/03/13","114","4","6112","邁達特","21838980.00","18690020.00","--","--","3148960.00","--","--","3148960.00","2655925.00","--","493035.00","55226.00","548261.00","160279.00","387982.00","--","--","387982.00","-33281.00","--","354701.00","342682.00","--","45300.00","322628.00","--","32073.00","1.82"
"115/03/13","114","4","6116","彩晶","11436992.00","13201816.00","--","--","-1764824.00","--","--","-1764824.00","1632325.00","--","-3397149.00","1319078.00","-2078071.00","62059.00","-2140130.00","--","--","-2140130.00","2118971.00","--","-21159.00","-2140130.00","--","0.00","-21159.00","--","0.00","-0.75"
"115/03/13","114","4","6117","迎廣","3222227.00","2221098.00","--","--","1001129.00","--","--","1001129.00","534860.00","--","466269.00","-25664.00","440605.00","94671.00","345934.00","--","--","345934.00","7954.00","--","353888.00","346034.00","--","-100.00","353988.00","--","-100.00","3.77"
"115/03/13","114","4","6120","達運","17105516.00","16244639.00","--","--","860877.00","--","--","860877.00","1106446.00","--","-245569.00","231570.00","-13999.00","106690.00","-120689.00","--","--","-120689.00","149056.00","--","28367.00","-120689.00","--","--","28367.00","--","--","-0.19"
"115/03/13","114","4","6142","友勁","1803869.00","1634926.00","--","--","168943.00","--","--","168943.00","360885.00","--","-191942.00","108242.00","-83700.00","757.00","-84457.00","--","--","-84457.00","-58424.00","--","-142881.00","-84457.00","--","--","-142881.00","--","--","-0.26"
"115/03/13","114","4","6152","百一","1571397.00","1363981.00","--","--","207416.00","--","--","207416.00","514310.00","--","-306894.00","90002.00","-216892.00","30015.00","-246907.00","--","--","-246907.00","8664.00","--","-238243.00","-246485.00","--","-422.00","-237821.00","--","-422.00","-1.47"
"115/03/13","114","4","6153","嘉聯益","5411320.00","6585297.00","--","--","-1173977.00","--","--","-1173977.00","1066084.00","--","-2240061.00","-523252.00","-2763313.00","1884.00","-2765197.00","--","--","-2765197.00","1032384.00","--","-1732813.00","-2765197.00","--","--","-1732813.00","--","--","-4.38"
"115/03/13","114","4","6155","鈞寶","631749.00","477365.00","--","--","154384.00","0.00","0.00","154384.00","123426.00","--","30958.00","44973.00","75931.00","11168.00","64763.00","--","--","64763.00","-87836.00","--","-23073.00","64763.00","--","0.00","-23073.00","--","0.00","0.74"
"115/03/13","114","4","6176","瑞儀","48783247.00","38341626.00","--","--","10441621.00","--","--","10441621.00","4798660.00","227921.00","5870882.00","627952.00","6498834.00","2155413.00","4343421.00","--","--","4343421.00","-682957.00","--","3660464.00","4343421.00","--","--","3660464.00","--","--","9.40"
"115/03/13","114","4","6183","關貿","2753275.00","1558477.00","--","--","1194798.00","--","--","1194798.00","513445.00","-2276.00","679077.00","33531.00","712608.00","127049.00","585559.00","--","--","585559.00","7286.00","--","592845.00","585559.00","--","--","592845.00","--","--","3.90"
"115/03/13","114","4","6191","精成科","33712142.00","27218713.00","--","--","6493429.00","--","--","6493429.00","2994962.00","--","3498467.00","997458.00","4495925.00","1343136.00","3152789.00","--","--","3152789.00","-321658.00","--","2831131.00","3150503.00","--","2286.00","2832541.00","--","-1410.00","6.55"
"115/03/13","114","4","6192","巨路","7357266.00","4943828.00","--","--","2413438.00","--","--","2413438.00","1199776.00","--","1213662.00","18089.00","1231751.00","263951.00","967800.00","--","--","967800.00","809.00","--","968609.00","966977.00","--","823.00","967789.00","--","820.00","10.06"
"115/03/13","114","4","6196","帆宣","51567474.00","45915695.00","--","--","5651779.00","--","--","5651779.00","3374190.00","--","2277589.00","1607343.00","3884932.00","718743.00","3166189.00","--","--","3166189.00","-96599.00","--","3069590.00","3235818.00","--","-69629.00","3140136.00","--","-70546.00","15.50"
"115/03/13","114","4","6197","佳必琪","7579041.00","4976605.00","--","--","2602436.00","--","--","2602436.00","1085971.00","--","1516465.00","-82055.00","1434410.00","305493.00","1128917.00","--","--","1128917.00","406172.00","--","1535089.00","1058718.00","--","70199.00","1464823.00","--","70266.00","8.67"
"115/03/13","114","4","6201","亞弘電","3327002.00","2541888.00","--","--","785114.00","--","--","785114.00","395779.00","--","389335.00","22726.00","412061.00","80897.00","331164.00","--","--","331164.00","-20269.00","--","310895.00","331164.00","--","--","310895.00","--","--","3.71"
"115/03/13","114","4","6202","盛群","3057722.00","1879931.00","--","--","1177791.00","-12215.00","--","1190006.00","1083058.00","--","106948.00","52697.00","159645.00","-26241.00","185886.00","--","--","185886.00","-2271.00","--","183615.00","173324.00","--","12562.00","170876.00","--","12739.00","0.76"
"115/03/13","114","4","6205","詮欣","1364041.00","819578.00","--","--","544463.00","--","--","544463.00","377753.00","--","166710.00","45388.00","212098.00","49569.00","162529.00","--","--","162529.00","-7950.00","--","154579.00","162361.00","--","168.00","154344.00","--","235.00","2.00"
"115/03/13","114","4","6206","飛捷","5032627.00","2811886.00","--","--","2220741.00","--","--","2220741.00","959151.00","--","1261590.00","-53863.00","1207727.00","243621.00","964106.00","--","--","964106.00","-5381.00","--","958725.00","986485.00","--","-22379.00","981526.00","--","-22801.00","6.90"
"115/03/13","114","4","6209","今國光","3652369.00","2945516.00","--","--","706853.00","--","--","706853.00","519628.00","--","187225.00","30803.00","218028.00","57197.00","160831.00","--","--","160831.00","-25936.00","--","134895.00","160831.00","--","--","134895.00","--","--","0.92"
"115/03/13","114","4","6213","聯茂","33098283.00","28313757.00","--","--","4784526.00","--","--","4784526.00","2401780.00","--","2382746.00","-16149.00","2366597.00","856378.00","1510219.00","--","--","1510219.00","-281418.00","--","1228801.00","1510219.00","--","--","1228801.00","--","--","4.16"
"115/03/13","114","4","6216","居易","757198.00","416404.00","--","--","340794.00","--","--","340794.00","284074.00","--","56720.00","-3342.00","53378.00","-4234.00","57612.00","--","--","57612.00","--","--","57612.00","--","--","--","--","--","--","0.60"
"115/03/13","114","4","6225","天瀚","54490.00","32276.00","--","--","22214.00","--","--","22214.00","26557.00","0.00","-4343.00","2928.00","-1415.00","363.00","-1778.00","--","--","-1778.00","-1136.00","--","-2914.00","-1778.00","0.00","0.00","-2914.00","0.00","0.00","-0.06"
"115/03/13","114","4","6226","光鼎","609170.00","435302.00","--","--","173868.00","--","--","173868.00","224319.00","--","-50451.00","37871.00","-12580.00","18148.00","-30728.00","-1429.00","--","-32157.00","30297.00","--","-1860.00","-31701.00","--","-456.00","-1404.00","--","-456.00","-0.28"
"115/03/13","114","4","6230","尼得科超眾","9093728.00","7708369.00","--","--","1385359.00","--","--","1385359.00","1421692.00","--","-36333.00","-242371.00","-278704.00","-68144.00","-210560.00","--","--","-210560.00","-34331.00","--","-244891.00","-210560.00","--","--","-244891.00","--","--","-2.44"
"115/03/13","114","4","6239","力成","74929320.00","62200129.00","--","--","12729191.00","--","--","12729191.00","4597352.00","--","8131839.00","660313.00","8792152.00","1571610.00","7220542.00","--","--","7220542.00","-499244.00","--","6721298.00","5535968.00","--","1684574.00","5089730.00","--","1631568.00","7.48"
"115/03/13","114","4","6257","矽格","19587196.00","13863903.00","--","--","5723293.00","--","--","5723293.00","1755741.00","--","3967552.00","-74216.00","3893336.00","562963.00","3330373.00","--","--","3330373.00","1256271.00","--","4586644.00","2954578.00","--","375795.00","4224320.00","--","362324.00","6.14"
"115/03/13","114","4","6269","台郡","22349854.00","22054491.00","--","--","295363.00","--","--","295363.00","3597133.00","--","-3301770.00","414642.00","-2887128.00","-678016.00","-2209112.00","--","--","-2209112.00","-263482.00","--","-2472594.00","-2228838.00","--","19726.00","-2491763.00","--","19169.00","-6.95"
"115/03/13","114","4","6271","同欣電","11543456.00","8357052.00","--","--","3186404.00","--","--","3186404.00","1580300.00","--","1606104.00","218864.00","1824968.00","223570.00","1601398.00","0.00","--","1601398.00","-75302.00","--","1526096.00","1597296.00","0.00","4102.00","1521461.00","0.00","4635.00","7.64"
"115/03/13","114","4","6278","台表科","49877415.00","43491424.00","--","--","6385991.00","--","--","6385991.00","2881360.00","--","3504631.00","6901.00","3511532.00","763044.00","2748488.00","--","--","2748488.00","-751202.00","--","1997286.00","2746078.00","--","2410.00","1994877.00","--","2409.00","9.39"
"115/03/13","114","4","6281","全國電","18829095.00","15071656.00","--","--","3757439.00","--","--","3757439.00","3306659.00","--","450780.00","9940.00","460720.00","94093.00","366627.00","--","--","366627.00","22590.00","--","389217.00","--","--","--","--","--","--","3.70"
"115/03/13","114","4","6282","康舒","31726761.00","23558374.00","--","--","8168387.00","--","--","8168387.00","7454013.00","--","714374.00","-427191.00","287183.00","145528.00","141655.00","5965.00","--","147620.00","-62320.00","--","85300.00","152803.00","--","-5183.00","91178.00","--","-5878.00","0.18"
"115/03/13","114","4","6285","啟��","110250764.00","96489177.00","--","--","13761587.00","--","--","13761587.00","9993326.00","--","3768261.00","85304.00","3853565.00","790869.00","3062696.00","--","--","3062696.00","1166705.00","--","4229401.00","3062696.00","--","--","4229401.00","--","--","6.41"
"115/03/13","114","4","6405","悅城","795.00","29059.00","--","--","-28264.00","--","--","-28264.00","80472.00","--","-108736.00","21093.00","-87643.00","-4933.00","-82710.00","--","--","-82710.00","323716.00","--","241006.00","--","--","--","--","--","--","-1.26"
"115/03/13","114","4","6409","旭隼","20521345.00","14560923.00","--","--","5960422.00","--","--","5960422.00","1631735.00","--","4328687.00","-11797.00","4316890.00","796015.00","3520875.00","--","--","3520875.00","-210126.00","--","3310749.00","3520875.00","--","--","3310749.00","--","--","40.23"
"115/03/13","114","4","6412","群電","34451747.00","28646326.00","--","--","5805421.00","--","--","5805421.00","3558156.00","--","2247265.00","259413.00","2506678.00","422320.00","2084358.00","--","--","2084358.00","71456.00","--","2155814.00","2084358.00","--","--","2155814.00","--","--","5.20"
"115/03/13","114","4","6415","矽力*-KY","18812135.00","9101858.00","--","--","9710277.00","--","--","9710277.00","7566511.00","16815.00","2160581.00","516421.00","2677002.00","144098.00","2532904.00","--","--","2532904.00","-67854.00","--","2465050.00","2477894.00","--","55010.00","2428950.00","--","36100.00","6.40"
"115/03/13","114","4","6426","統新","487310.00","341565.00","--","--","145745.00","--","--","145745.00","170240.00","--","-24495.00","1245.00","-23250.00","6736.00","-29986.00","--","--","-29986.00","-4285.00","--","-34271.00","-29986.00","--","--","-34271.00","--","--","-0.78"
"115/03/13","114","4","6442","光聖","10527227.00","4448364.00","--","--","6078863.00","--","--","6078863.00","3539882.00","--","2538981.00","-160683.00","2378298.00","600973.00","1777325.00","--","--","1777325.00","524181.00","--","2301506.00","1779263.00","--","-1938.00","2303537.00","--","-2031.00","23.46"
"115/03/13","114","4","6443","元晶","1825354.00","3179076.00","--","--","-1353722.00","--","-1355.00","-1355077.00","390209.00","-1128113.00","-2873399.00","-76545.00","-2949944.00","249511.00","-3199455.00","--","--","-3199455.00","7897.00","--","-3191558.00","-3199443.00","--","-12.00","-3191546.00","--","-12.00","-6.24"
"115/03/13","114","4","6446","藥華藥","15634777.00","1684323.00","--","--","13950454.00","--","--","13950454.00","9022227.00","--","4928227.00","54709.00","4982936.00","-62231.00","5045167.00","--","--","5045167.00","-737621.00","--","4307546.00","5045167.00","--","--","4307546.00","--","--","13.64"
"115/03/13","114","4","6451","訊芯-KY","7531930.00","6313554.00","--","--","1218376.00","0.00","0.00","1218376.00","1053512.00","--","164864.00","85185.00","250049.00","187256.00","62793.00","--","--","62793.00","-453340.00","--","-390547.00","27516.00","0.00","35277.00","-380866.00","0.00","-9681.00","0.26"
"115/03/13","114","4","6456","GIS-KY","66784304.00","62425325.00","--","--","4358979.00","--","--","4358979.00","4797076.00","--","-438097.00","584751.00","146654.00","408820.00","-262166.00","--","--","-262166.00","351366.00","--","89200.00","-262938.00","--","772.00","87707.00","--","1493.00","-0.79"
"115/03/13","114","4","6464","台數科","4451766.00","2221150.00","--","--","2230616.00","--","--","2230616.00","1046092.00","--","1184524.00","-385241.00","799283.00","235006.00","564277.00","--","--","564277.00","10176.00","--","574453.00","541338.00","--","22939.00","550250.00","--","24203.00","4.20"
"115/03/13","114","4","6477","安集","855699.00","580947.00","--","--","274752.00","--","--","274752.00","114123.00","--","160629.00","-135054.00","25575.00","13075.00","12500.00","--","--","12500.00","8952.00","--","21452.00","2126.00","--","10374.00","10937.00","--","10515.00","0.02"
"115/03/13","114","4","6491","晶碩","7039409.00","3361010.00","--","--","3678399.00","--","--","3678399.00","1871461.00","--","1806938.00","211808.00","2018746.00","368281.00","1650465.00","--","--","1650465.00","-106298.00","--","1544167.00","1628044.00","--","22421.00","1522743.00","--","21424.00","20.87"
"115/03/13","114","4","6504","南六","6614649.00","5774926.00","--","--","839723.00","--","--","839723.00","645800.00","--","193923.00","-164660.00","29263.00","108817.00","-79554.00","--","--","-79554.00","-45015.00","--","-124569.00","-79417.00","--","-137.00","-124432.00","--","-137.00","-1.09"
"115/03/13","114","4","6505","台塑化","626159096.00","604090793.00","--","--","22068303.00","--","--","22068303.00","11189357.00","--","10878946.00","1833274.00","12712220.00","2837415.00","9874805.00","--","--","9874805.00","56373374.00","--","66248179.00","9875335.00","--","-530.00","66449790.00","--","-201611.00","1.04"
"115/03/13","114","4","6525","捷敏-KY","5325910.00","3905632.00","--","--","1420278.00","--","--","1420278.00","375478.00","--","1044800.00","-27199.00","1017601.00","258956.00","758645.00","--","--","758645.00","-44123.00","--","714522.00","758645.00","--","--","714522.00","--","--","5.88"
"115/03/13","114","4","6526","達發","20926195.00","10061113.00","--","--","10865082.00","--","--","10865082.00","7957511.00","--","2907571.00","376907.00","3284478.00","458592.00","2825886.00","--","--","2825886.00","-17925.00","--","2807961.00","2900763.00","--","-74877.00","2882838.00","--","-74877.00","17.32"
"115/03/13","114","4","6531","愛普*","5666498.00","3032837.00","--","--","2633661.00","--","--","2633661.00","1234470.00","--","1399191.00","119251.00","1518442.00","278556.00","1239886.00","--","--","1239886.00","47008.00","--","1286894.00","1257655.00","--","-17769.00","1307144.00","--","-20250.00","7.74"
"115/03/13","114","4","6534","正瀚-創","1819183.00","292363.00","--","--","1526820.00","--","--","1526820.00","903688.00","--","623132.00","-54258.00","568874.00","105085.00","463789.00","--","--","463789.00","-2670.00","--","461119.00","464001.00","--","-212.00","461331.00","--","-212.00","4.51"
"115/03/13","114","4","6552","易華電","1438987.00","1804380.00","--","--","-365393.00","--","--","-365393.00","171133.00","--","-536526.00","-667047.00","-1203573.00","-12709.00","-1190864.00","--","--","-1190864.00","220826.00","--","-970038.00","--","--","--","--","--","--","-14.35"
"115/03/13","114","4","6558","興能高","1072752.00","871973.00","--","--","200779.00","--","--","200779.00","263237.00","--","-62458.00","-34803.00","-97261.00","-1811.00","-95450.00","--","--","-95450.00","-12569.00","--","-108019.00","-95450.00","--","--","-108019.00","--","--","-1.02"
"115/03/13","114","4","6579","研揚","8625383.00","5742008.00","--","--","2883375.00","--","--","2883375.00","2250610.00","--","632765.00","316517.00","949282.00","134866.00","814416.00","--","--","814416.00","-24361.00","--","790055.00","705764.00","--","108652.00","677077.00","--","112978.00","5.62"
"115/03/13","114","4","6581","鋼聯","2210758.00","1082513.00","--","--","1128245.00","--","--","1128245.00","275068.00","--","853177.00","3745.00","856922.00","170169.00","686753.00","--","--","686753.00","1654.00","--","688407.00","686753.00","--","--","688407.00","--","--","6.17"
"115/03/13","114","4","6582","申豐","821392.00","866549.00","--","--","-45157.00","--","--","-45157.00","150994.00","--","-196151.00","148019.00","-48132.00","-4813.00","-43319.00","--","--","-43319.00","308578.00","--","265259.00","-43319.00","--","--","265259.00","--","--","-0.41"
"115/03/13","114","4","6585","鼎基","2849596.00","1908735.00","--","--","940861.00","--","--","940861.00","419039.00","--","521822.00","-2062.00","519760.00","113526.00","406234.00","--","--","406234.00","-3979.00","--","402255.00","406234.00","--","--","402255.00","--","--","5.64"
"115/03/13","114","4","6591","動力-KY","1752889.00","1162522.00","--","--","590367.00","--","--","590367.00","333639.00","--","256728.00","41901.00","298629.00","90477.00","208152.00","--","--","208152.00","-7616.00","--","200536.00","209780.00","--","-1628.00","202164.00","--","-1628.00","5.37"
"115/03/13","114","4","6592","和潤企業","23704115.00","9479110.00","--","--","14225005.00","--","--","14225005.00","10162356.00","--","4062649.00","228014.00","4290663.00","853298.00","3437365.00","--","--","3437365.00","66939.00","--","3504304.00","3375930.00","--","61435.00","3434053.00","--","70251.00","4.72"
"115/03/13","114","4","6598","ABC-KY","475200.00","214307.00","--","--","260893.00","--","--","260893.00","484226.00","--","-223333.00","22212.00","-201121.00","79.00","-201200.00","--","--","-201200.00","-36957.00","--","-238157.00","-201200.00","--","--","-238157.00","--","--","-1.96"
"115/03/13","114","4","6641","基士德-KY","1762021.00","1206459.00","--","--","555562.00","--","--","555562.00","566520.00","--","-10958.00","32808.00","21850.00","9928.00","11922.00","--","--","11922.00","73.00","--","11995.00","16815.00","--","-4893.00","17309.00","--","-5314.00","0.46"
"115/03/13","114","4","6645","金萬林-創","549143.00","464271.00","--","--","84872.00","--","--","84872.00","227332.00","--","-142460.00","-5420.00","-147880.00","134.00","-148014.00","--","--","-148014.00","-414.00","--","-148428.00","-146450.00","--","-1564.00","-146864.00","--","-1564.00","-2.41"
"115/03/13","114","4","6657","華安","7674.00","1842.00","--","--","5832.00","--","--","5832.00","281107.00","--","-275275.00","16873.00","-258402.00","--","-258402.00","--","--","-258402.00","-160.00","--","-258562.00","-258402.00","--","--","-258562.00","--","--","-2.92"
"115/03/13","114","4","6658","聯策","2081459.00","1612891.00","--","--","468568.00","--","--","468568.00","375918.00","--","92650.00","-9225.00","83425.00","47413.00","36012.00","--","--","36012.00","-93551.00","--","-57539.00","49635.00","--","-13623.00","-44420.00","--","-13119.00","1.38"
"115/03/13","114","4","6669","緯穎","950663310.00","872209287.00","--","--","78454023.00","--","--","78454023.00","14536512.00","--","63917511.00","2134815.00","66052326.00","14934163.00","51118163.00","--","--","51118163.00","-916016.00","--","50202147.00","51118163.00","--","--","50202147.00","--","--","275.06"
"115/03/13","114","4","6670","復盛應用","29789756.00","22209423.00","--","--","7580333.00","--","--","7580333.00","2948202.00","--","4632131.00","-188381.00","4443750.00","999393.00","3444357.00","--","--","3444357.00","-91854.00","--","3352503.00","3121390.00","--","322967.00","3022162.00","--","330341.00","22.45"
"115/03/13","114","4","6689","伊雲谷","12475260.00","11168828.00","--","--","1306432.00","--","--","1306432.00","1214050.00","--","92382.00","82861.00","175243.00","39314.00","135929.00","--","--","135929.00","-53314.00","--","82615.00","156508.00","--","-20579.00","102930.00","--","-20315.00","2.31"
"115/03/13","114","4","6695","芯鼎","1125645.00","684338.00","--","--","441307.00","--","--","441307.00","690181.00","--","-248874.00","72961.00","-175913.00","--","-175913.00","--","--","-175913.00","-4376.00","--","-180289.00","-175913.00","--","--","-180289.00","--","--","-1.83"
"115/03/13","114","4","6698","旭暉應材","1156656.00","880807.00","--","--","275849.00","--","--","275849.00","272369.00","--","3480.00","-8692.00","-5212.00","37331.00","-42543.00","--","--","-42543.00","-3721.00","--","-46264.00","-108787.00","--","66244.00","-111565.00","--","65301.00","-1.65"
"115/03/13","114","4","6715","嘉基","1680388.00","1056835.00","--","--","623553.00","--","--","623553.00","454399.00","--","169154.00","-17822.00","151332.00","30855.00","120477.00","--","--","120477.00","-65.00","--","120412.00","119097.00","--","1380.00","119032.00","--","1380.00","1.80"
"115/03/13","114","4","6719","力智","4581285.00","2985662.00","--","--","1595623.00","--","--","1595623.00","927820.00","--","667803.00","165671.00","833474.00","140787.00","692687.00","--","--","692687.00","18747.00","--","711434.00","692687.00","--","--","711434.00","--","--","6.58"
"115/03/13","114","4","6770","力積電","46730113.00","48267110.00","--","--","-1536997.00","--","--","-1536997.00","8054476.00","3631395.00","-5960078.00","-1516924.00","-7477002.00","335658.00","-7812660.00","--","--","-7812660.00","73930.00","--","-7738730.00","-7812660.00","--","--","-7738730.00","--","--","-1.86"
"115/03/13","114","4","6771","平和環保-創","618026.00","327985.00","--","--","290041.00","--","--","290041.00","132158.00","--","157883.00","-13049.00","144834.00","32251.00","112583.00","--","--","112583.00","0.00","--","112583.00","113344.00","--","-761.00","113344.00","--","-761.00","3.64"
"115/03/13","114","4","6776","展�眥篕�","29299060.00","27550902.00","--","--","1748158.00","--","--","1748158.00","1293694.00","--","454464.00","-35591.00","418873.00","89674.00","329199.00","--","--","329199.00","45030.00","--","374229.00","346112.00","--","-16913.00","395583.00","--","-21354.00","4.20"
"115/03/13","114","4","6782","視陽","4223200.00","2312684.00","--","--","1910516.00","--","--","1910516.00","756004.00","--","1154512.00","-82226.00","1072286.00","185674.00","886612.00","--","--","886612.00","159482.00","--","1046094.00","887071.00","--","-459.00","1046553.00","--","-459.00","14.08"
"115/03/13","114","4","6789","采鈺","8938168.00","6731768.00","--","--","2206400.00","--","--","2206400.00","1243006.00","371385.00","1334779.00","113394.00","1448173.00","174179.00","1273994.00","--","--","1273994.00","--","--","1273994.00","--","--","--","--","--","--","4.01"
"115/03/13","114","4","6790","永豐實","10645095.00","7873369.00","--","--","2771726.00","--","--","2771726.00","1774333.00","--","997393.00","28444.00","1025837.00","216696.00","809141.00","--","--","809141.00","-92796.00","--","716345.00","808722.00","--","419.00","715926.00","--","419.00","3.03"
"115/03/13","114","4","6794","向榮生技","30103.00","11126.00","--","--","18977.00","--","--","18977.00","149255.00","--","-130278.00","15442.00","-114836.00","--","-114836.00","--","--","-114836.00","-11740.00","--","-126576.00","--","--","--","--","--","--","-1.89"
"115/03/13","114","4","6799","來頡","966665.00","500786.00","--","--","465879.00","--","--","465879.00","258512.00","--","207367.00","-6514.00","200853.00","43611.00","157242.00","--","--","157242.00","-728.00","--","156514.00","157242.00","--","--","156514.00","--","--","3.70"
"115/03/13","114","4","6805","富世達","12413930.00","9143559.00","--","--","3270371.00","--","--","3270371.00","745926.00","--","2524445.00","20055.00","2544500.00","419200.00","2125300.00","--","--","2125300.00","63095.00","--","2188395.00","2125300.00","--","--","2188395.00","--","--","31.00"
"115/03/13","114","4","6807","峰源-KY","4263406.00","3473216.00","--","--","790190.00","--","--","790190.00","480525.00","--","309665.00","18642.00","328307.00","75226.00","253081.00","--","--","253081.00","21225.00","--","274306.00","253081.00","--","--","274306.00","--","--","4.69"
"115/03/13","114","4","6834","天二科技","1430883.00","1174687.00","--","--","256196.00","--","--","256196.00","211522.00","--","44674.00","11824.00","56498.00","12100.00","44398.00","--","--","44398.00","-29804.00","--","14594.00","44398.00","--","--","14594.00","--","--","0.50"
"115/03/13","114","4","6835","圓裕","2379713.00","1864666.00","--","--","515047.00","--","--","515047.00","373945.00","--","141102.00","-60371.00","80731.00","16972.00","63759.00","--","--","63759.00","47727.00","--","111486.00","63833.00","--","-74.00","111345.00","--","141.00","0.97"
"115/03/13","114","4","6838","台新藥","9495.00","11093.00","--","--","-1598.00","--","--","-1598.00","169013.00","--","-170611.00","86607.00","-84004.00","-431.00","-83573.00","--","--","-83573.00","-8184.00","--","-91757.00","-83565.00","--","-8.00","-91714.00","--","-43.00","-0.55"
"115/03/13","114","4","6854","錼創科技-KY創","1351818.00","778089.00","--","--","573729.00","--","--","573729.00","711342.00","--","-137613.00","20548.00","-117065.00","5.00","-117070.00","--","--","-117070.00","14859.00","--","-102211.00","-117070.00","--","--","-102211.00","--","--","-1.02"
"115/03/13","114","4","6862","三集瑞-KY","2265718.00","1354351.00","--","--","911367.00","--","--","911367.00","353493.00","--","557874.00","-45230.00","512644.00","98133.00","414511.00","--","--","414511.00","-16701.00","--","397810.00","414511.00","--","--","397810.00","--","--","8.29"
"115/03/13","114","4","6863","永道-KY","3952716.00","3070979.00","--","--","881737.00","--","--","881737.00","530434.00","--","351303.00","-1556.00","349747.00","124750.00","224997.00","--","--","224997.00","-160544.00","--","64453.00","224896.00","--","101.00","64374.00","--","79.00","3.00"
"115/03/13","114","4","6885","全福生技","5490.00","4240.00","--","--","1250.00","--","--","1250.00","454224.00","--","-452974.00","2064.00","-450910.00","--","-450910.00","--","--","-450910.00","-1516.00","--","-452426.00","-436452.00","--","-14458.00","-437812.00","--","-14614.00","-3.32"
"115/03/13","114","4","6890","來億-KY","39594659.00","33248169.00","--","--","6346490.00","--","--","6346490.00","2570217.00","--","3776273.00","467532.00","4243805.00","827810.00","3415995.00","--","--","3415995.00","-1769214.00","--","1646781.00","3247647.00","--","168348.00","1585446.00","--","61335.00","13.02"
"115/03/13","114","4","6901","鑽石投資","-1073250.00","--","--","--","-1073250.00","--","--","-1073250.00","157523.00","--","-1230773.00","56959.00","-1173814.00","918.00","-1174732.00","--","--","-1174732.00","--","--","-1174732.00","--","--","--","--","--","--","-1.38"
"115/03/13","114","4","6902","GOGOLOOK","1048183.00","122266.00","--","--","925917.00","--","--","925917.00","862584.00","--","63333.00","-6298.00","57035.00","3189.00","53846.00","--","--","53846.00","8959.00","--","62805.00","53846.00","--","--","62805.00","--","--","1.58"
"115/03/13","114","4","6906","現觀科","348178.00","45948.00","--","--","302230.00","--","--","302230.00","244778.00","--","57452.00","12415.00","69867.00","8630.00","61237.00","--","--","61237.00","1554.00","--","62791.00","61237.00","--","--","62791.00","--","--","1.87"
"115/03/13","114","4","6909","創控","551018.00","222701.00","--","--","328317.00","--","--","328317.00","244415.00","--","83902.00","-3517.00","80385.00","15538.00","64847.00","--","--","64847.00","--","--","64847.00","--","--","--","--","--","--","1.01"
"115/03/13","114","4","6918","愛派司","835891.00","262433.00","--","--","573458.00","--","--","573458.00","364696.00","--","208762.00","7380.00","216142.00","46601.00","169541.00","--","--","169541.00","1251.00","--","170792.00","169382.00","--","159.00","170633.00","--","159.00","5.16"
"115/03/13","114","4","6919","康霈*","38037.00","11517.00","--","--","26520.00","--","--","26520.00","733744.00","--","-707224.00","355306.00","-351918.00","0.00","-351918.00","--","--","-351918.00","56745.00","--","-295173.00","-351918.00","--","--","-295173.00","--","--","-0.23"
"115/03/13","114","4","6923","中台","1155508.00","712524.00","--","--","442984.00","--","--","442984.00","92619.00","7267.00","357632.00","-14964.00","342668.00","64721.00","277947.00","--","--","277947.00","-20065.00","--","257882.00","277947.00","--","--","257882.00","--","--","3.03"
"115/03/13","114","4","6924","榮惠-KY創","1693719.00","1313654.00","--","--","380065.00","--","--","380065.00","226838.00","--","153227.00","3185.00","156412.00","37991.00","118421.00","--","--","118421.00","-965.00","--","117456.00","118421.00","--","--","117456.00","--","--","5.68"
"115/03/13","114","4","6931","青松健康","1121696.00","974073.00","--","--","147623.00","--","--","147623.00","90798.00","206.00","57031.00","54924.00","111955.00","18281.00","93674.00","--","--","93674.00","276.00","--","93950.00","91704.00","--","1970.00","91980.00","--","1970.00","1.39"
"115/03/13","114","4","6933","AMAX-KY","6986785.00","6114605.00","--","--","872180.00","--","--","872180.00","629797.00","--","242383.00","28585.00","270968.00","57971.00","212997.00","--","--","212997.00","-63989.00","--","149008.00","212997.00","--","--","149008.00","--","--","5.04"
"115/03/13","114","4","6936","永鴻生技","1416122.00","964249.00","--","--","451873.00","--","--","451873.00","295749.00","--","156124.00","3265.00","159389.00","30536.00","128853.00","--","--","128853.00","-143.00","--","128710.00","--","--","--","--","--","--","1.82"
"115/03/13","114","4","6937","天虹","2244646.00","1344705.00","--","--","899941.00","--","--","899941.00","705895.00","--","194046.00","48994.00","243040.00","43245.00","199795.00","--","--","199795.00","-7184.00","--","192611.00","202789.00","--","-2994.00","195605.00","--","-2994.00","3.01"
"115/03/13","114","4","6949","沛爾生醫-創","31424.00","35815.00","--","--","-4391.00","--","--","-4391.00","462959.00","--","-467350.00","14678.00","-452672.00","0.00","-452672.00","--","--","-452672.00","--","--","-452672.00","-423938.00","--","-28734.00","-423938.00","--","-28734.00","-7.23"
"115/03/13","114","4","6951","青新-創","865617.00","355176.00","--","--","510441.00","--","--","510441.00","157384.00","--","353057.00","-43444.00","309613.00","61874.00","247739.00","--","--","247739.00","--","--","247739.00","247739.00","--","0.00","247739.00","--","0.00","5.39"
"115/03/13","114","4","6952","大武山","1944395.00","1628406.00","44508.00","--","360497.00","--","--","360497.00","332753.00","--","27744.00","-101726.00","-73982.00","-13837.00","-60145.00","--","--","-60145.00","--","--","-60145.00","-80812.00","8327.00","12340.00","-80812.00","8327.00","12340.00","-1.08"
"115/03/13","114","4","6955","邦睿生技-創","306307.00","67786.00","--","--","238521.00","--","--","238521.00","138570.00","--","99951.00","4825.00","104776.00","2271.00","102505.00","--","--","102505.00","-98.00","--","102407.00","102505.00","--","0.00","102407.00","--","0.00","4.13"
"115/03/13","114","4","6962","奕力-KY","19085070.00","13904154.00","--","--","5180916.00","--","--","5180916.00","3472861.00","--","1708055.00","152169.00","1860224.00","495937.00","1364287.00","--","--","1364287.00","3819.00","--","1368106.00","1364287.00","--","--","1368106.00","--","--","2.87"
"115/03/13","114","4","6965","中傑-KY","21670986.00","19155893.00","--","--","2515093.00","--","--","2515093.00","2063832.00","--","451261.00","289880.00","741141.00","183725.00","557416.00","--","--","557416.00","-633033.00","--","-75617.00","536855.00","--","20561.00","-107117.00","--","31500.00","3.50"
"115/03/13","114","4","6969","成信實業*-創","360128.00","252312.00","--","--","107816.00","3318.00","--","104498.00","87120.00","--","17378.00","-21003.00","-3625.00","-73.00","-3552.00","--","--","-3552.00","--","--","-3552.00","-3552.00","0.00","0.00","-3552.00","0.00","0.00","-0.09"
"115/03/13","114","4","6988","威力暘-創","791989.00","582464.00","--","--","209525.00","--","--","209525.00","255811.00","--","-46286.00","-2004.00","-48290.00","5789.00","-54079.00","--","--","-54079.00","1730.00","--","-52349.00","-54079.00","--","--","-52349.00","--","--","-1.13"
"115/03/13","114","4","6994","富威電力","4990058.00","3777864.00","--","--","1212194.00","255902.00","--","956292.00","251411.00","--","704881.00","-70351.00","634530.00","180191.00","454339.00","--","--","454339.00","600.00","--","454939.00","449893.00","--","4446.00","450199.00","--","4740.00","6.34"
"115/03/13","114","4","7711","永擎","24875523.00","22751691.00","--","--","2123832.00","--","--","2123832.00","1164448.00","--","959384.00","35719.00","995103.00","191628.00","803475.00","--","--","803475.00","-4.00","--","803471.00","803475.00","--","0.00","803471.00","--","0.00","13.04"
"115/03/13","114","4","7721","微程式","507789.00","161625.00","--","--","346164.00","--","--","346164.00","315186.00","--","30978.00","9544.00","40522.00","11492.00","29030.00","--","--","29030.00","-1670.00","--","27360.00","29030.00","--","--","27360.00","--","--","0.55"
"115/03/13","114","4","7730","暉盛-創","518437.00","285714.00","--","--","232723.00","--","--","232723.00","158697.00","--","74026.00","1601.00","75627.00","15232.00","60395.00","--","--","60395.00","-36.00","--","60359.00","60395.00","--","--","60359.00","--","--","1.73"
"115/03/13","114","4","7750","新代","13960426.00","7573163.00","--","--","6387263.00","--","--","6387263.00","3565130.00","--","2822133.00","153689.00","2975822.00","692517.00","2283305.00","--","--","2283305.00","53319.00","--","2336624.00","2283305.00","--","--","2336624.00","--","--","35.12"
"115/03/13","114","4","7765","中華資安","2045570.00","1085220.00","--","--","960350.00","--","--","960350.00","430381.00","--","529969.00","14604.00","544573.00","107646.00","436927.00","--","--","436927.00","1170.00","--","438097.00","--","--","--","--","--","--","11.47"
"115/03/13","114","4","7780","大研生醫*","1895089.00","689360.00","--","--","1205729.00","--","--","1205729.00","917517.00","--","288212.00","129270.00","417482.00","79615.00","337867.00","--","--","337867.00","31212.00","--","369079.00","337867.00","--","--","369079.00","--","--","0.51"
"115/03/13","114","4","7788","松川精密","6432803.00","4693168.00","--","--","1739635.00","--","--","1739635.00","1272642.00","--","466993.00","-109806.00","357187.00","87634.00","269553.00","--","--","269553.00","-5636.00","--","263917.00","269164.00","--","389.00","263647.00","--","270.00","3.63"
"115/03/13","114","4","7791","皇家可口","2577628.00","1687920.00","--","--","889708.00","--","--","889708.00","537194.00","--","352514.00","115104.00","467618.00","64187.00","403431.00","--","--","403431.00","-481125.00","--","-77694.00","403431.00","--","0.00","-77694.00","--","0.00","5.61"
"115/03/13","114","4","7795","長廣","1897890.00","1047676.00","--","--","850214.00","--","--","850214.00","441331.00","--","408883.00","6643.00","415526.00","195552.00","219974.00","--","--","219974.00","-25520.00","--","194454.00","219974.00","--","--","194454.00","--","--","3.11"
"115/03/13","114","4","7799","禾榮科","10308.00","36090.00","--","--","-25782.00","--","--","-25782.00","508541.00","--","-534323.00","52657.00","-481666.00","0.00","-481666.00","--","--","-481666.00","-538586.00","--","-1020252.00","--","--","--","--","--","--","-3.31"
"115/03/13","114","4","8016","矽創","19001932.00","13183256.00","--","--","5818676.00","--","--","5818676.00","3695973.00","1338.00","2124041.00","315763.00","2439804.00","215839.00","2223965.00","--","--","2223965.00","208618.00","--","2432583.00","1745038.00","--","478927.00","1935796.00","--","496787.00","14.66"
"115/03/13","114","4","8021","尖點","4410104.00","3049580.00","--","--","1360524.00","--","--","1360524.00","718013.00","14424.00","656935.00","7099.00","664034.00","207109.00","456925.00","--","--","456925.00","-34131.00","--","422794.00","389328.00","--","67597.00","366048.00","--","56746.00","2.75"
"115/03/13","114","4","8028","昇陽半導體","4509587.00","2974768.00","--","--","1534819.00","--","--","1534819.00","565001.00","--","969818.00","-88119.00","881699.00","125121.00","756578.00","--","--","756578.00","-958.00","--","755620.00","--","--","--","--","--","--","4.37"
"115/03/13","114","4","8033","雷虎","1424123.00","892421.00","--","--","531702.00","--","--","531702.00","568201.00","--","-36499.00","121492.00","84993.00","6233.00","78760.00","0.00","--","78760.00","9567.00","--","88327.00","87643.00","--","-8883.00","97229.00","--","-8902.00","0.58"
"115/03/13","114","4","8039","台虹","10609440.00","8568425.00","--","--","2041015.00","--","--","2041015.00","1549900.00","--","491115.00","123636.00","614751.00","89726.00","525025.00","--","--","525025.00","81047.00","--","606072.00","535119.00","--","-10094.00","616181.00","--","-10109.00","2.07"
"115/03/13","114","4","8046","南電","40172990.00","36525938.00","--","--","3647052.00","--","--","3647052.00","1664637.00","--","1982415.00","363099.00","2345514.00","398739.00","1946775.00","--","--","1946775.00","-628111.00","--","1318664.00","1946775.00","--","--","1318664.00","--","--","3.01"
"115/03/13","114","4","8070","長華*","19351780.00","15774766.00","--","--","3577014.00","--","--","3577014.00","1419318.00","--","2157696.00","-274294.00","1883402.00","463852.00","1419550.00","--","--","1419550.00","2044274.00","--","3463824.00","716090.00","--","703460.00","2635919.00","--","827905.00","1.02"
"115/03/13","114","4","8081","致新","8665677.00","5287796.00","--","--","3377881.00","--","--","3377881.00","1700885.00","--","1676996.00","110036.00","1787032.00","236287.00","1550745.00","--","--","1550745.00","155811.00","--","1706556.00","1522731.00","--","28014.00","1648708.00","--","57848.00","17.76"
"115/03/13","114","4","8103","瀚荃","3355450.00","2100106.00","--","--","1255344.00","--","--","1255344.00","805880.00","--","449464.00","34851.00","484315.00","145801.00","338514.00","--","--","338514.00","3741.00","--","342255.00","338806.00","--","-292.00","342583.00","--","-328.00","3.92"
"115/03/13","114","4","8112","至上","226528013.00","219134022.00","--","--","7393991.00","--","--","7393991.00","2199829.00","--","5194162.00","-1307063.00","3887099.00","1003085.00","2884014.00","--","--","2884014.00","-486366.00","--","2397648.00","2680894.00","--","203120.00","2239699.00","--","157949.00","5.02"
"115/03/13","114","4","8131","福懋科","9921208.00","8846028.00","--","--","1075180.00","--","--","1075180.00","363073.00","--","712107.00","28533.00","740640.00","138008.00","602632.00","--","--","602632.00","1378717.00","--","1981349.00","--","--","--","--","--","--","1.36"
"115/03/13","114","4","8150","南茂","23932900.00","21340484.00","--","--","2592416.00","--","--","2592416.00","1688510.00","238787.00","1142693.00","-555416.00","587277.00","92160.00","495117.00","--","--","495117.00","86323.00","--","581440.00","495117.00","--","--","581440.00","--","--","0.70"
"115/03/13","114","4","8162","微矽電子-創","1274773.00","953584.00","--","--","321189.00","--","--","321189.00","194809.00","--","126380.00","3623.00","130003.00","22462.00","107541.00","--","--","107541.00","-1739.00","--","105802.00","--","--","--","--","--","--","1.57"
"115/03/13","114","4","8163","達方","25073796.00","21096275.00","--","--","3977521.00","--","--","3977521.00","4047679.00","--","-70158.00","22910.00","-47248.00","100542.00","-147790.00","--","--","-147790.00","-951422.00","--","-1099212.00","141767.00","--","-289557.00","-748880.00","--","-350332.00","0.51"
"115/03/13","114","4","8201","無敵","472122.00","356339.00","--","--","115783.00","--","--","115783.00","150056.00","--","-34273.00","12255.00","-22018.00","0.00","-22018.00","--","--","-22018.00","12563.00","--","-9455.00","-22018.00","--","--","-9455.00","--","--","-0.35"
"115/03/13","114","4","8210","勤誠","22001340.00","15407205.00","--","--","6594135.00","--","--","6594135.00","1892623.00","65921.00","4767433.00","64578.00","4832011.00","1171373.00","3660638.00","--","--","3660638.00","-17131.00","--","3643507.00","3558344.00","--","102294.00","3541213.00","--","102294.00","29.06"
"115/03/13","114","4","8213","志超","18368162.00","16251116.00","--","--","2117046.00","--","--","2117046.00","1235971.00","--","881075.00","22584.00","903659.00","301465.00","602194.00","--","--","602194.00","43363.00","--","645557.00","614474.00","--","-12280.00","643940.00","--","1617.00","2.27"
"115/03/13","114","4","8215","明基材","17845985.00","15267186.00","--","--","2578799.00","--","--","2578799.00","2955031.00","--","-376232.00","57497.00","-318735.00","25293.00","-344028.00","--","--","-344028.00","-46118.00","--","-390146.00","-364458.00","--","20430.00","-386429.00","--","-3717.00","-1.14"
"115/03/13","114","4","8222","寶一","961015.00","783023.00","--","--","177992.00","--","--","177992.00","114628.00","0.00","63364.00","-20496.00","42868.00","5422.00","37446.00","--","--","37446.00","-463.00","--","36983.00","--","--","--","--","--","--","0.55"
"115/03/13","114","4","8249","菱光","3720643.00","2956826.00","--","--","763817.00","--","--","763817.00","410094.00","--","353723.00","246805.00","600528.00","171156.00","429372.00","--","--","429372.00","1004932.00","--","1434304.00","429621.00","--","-249.00","1434553.00","--","-249.00","4.03"
"115/03/13","114","4","8261","富鼎","3104313.00","1943765.00","--","--","1160548.00","--","--","1160548.00","376679.00","--","783869.00","53157.00","837026.00","156946.00","680080.00","--","--","680080.00","4586.00","--","684666.00","678956.00","--","1124.00","683502.00","--","1164.00","5.73"
"115/03/13","114","4","8271","宇瞻","11123604.00","8816023.00","--","--","2307581.00","--","--","2307581.00","1283538.00","--","1024043.00","54321.00","1078364.00","199835.00","878529.00","--","--","878529.00","-24649.00","--","853880.00","859875.00","--","18654.00","835221.00","--","18659.00","6.70"
"115/03/13","114","4","8341","日友","3990550.00","2266822.00","--","--","1723728.00","--","--","1723728.00","775780.00","--","947948.00","-37160.00","910788.00","222435.00","688353.00","--","--","688353.00","-15368.00","--","672985.00","582865.00","--","105488.00","567497.00","--","105488.00","4.48"
"115/03/13","114","4","8367","建新國際","3244666.00","2204505.00","--","--","1040161.00","--","--","1040161.00","348470.00","--","691691.00","-94322.00","597369.00","114834.00","482535.00","--","--","482535.00","-16357.00","--","466178.00","350432.00","--","132103.00","340086.00","--","126092.00","3.80"
"115/03/13","114","4","8429","金麗-KY","148344.00","123167.00","--","--","25177.00","--","--","25177.00","37206.00","--","-12029.00","34331.00","22302.00","719.00","21583.00","--","--","21583.00","42610.00","--","64193.00","21598.00","--","-15.00","64208.00","--","-15.00","0.12"
"115/03/13","114","4","8454","富邦媒","108665921.00","98746526.00","--","--","9919395.00","--","--","9919395.00","6663777.00","96045.00","3351663.00","51877.00","3403540.00","403665.00","2999875.00","--","--","2999875.00","-65942.00","--","2933933.00","2991326.00","--","8549.00","2932931.00","--","1002.00","11.29"
"115/03/13","114","4","8462","柏文","6065690.00","4128672.00","--","--","1937018.00","--","--","1937018.00","1036429.00","--","900589.00","-57995.00","842594.00","172277.00","670317.00","--","--","670317.00","-14413.00","--","655904.00","666002.00","--","4315.00","651589.00","--","4315.00","8.49"
"115/03/13","114","4","8464","億豐","29968999.00","12346494.00","--","--","17622505.00","--","--","17622505.00","8705811.00","--","8916694.00","298392.00","9215086.00","2278842.00","6936244.00","--","--","6936244.00","74496.00","--","7010740.00","6601203.00","--","335041.00","6641673.00","--","369067.00","22.53"
"115/03/13","114","4","8478","東哥遊艇","5231354.00","3188961.00","--","--","2042393.00","--","--","2042393.00","870996.00","--","1171397.00","143264.00","1314661.00","69701.00","1244960.00","--","--","1244960.00","-303155.00","--","941805.00","1244960.00","--","--","941805.00","--","--","13.25"
"115/03/13","114","4","8481","政伸","1179269.00","621111.00","--","--","558158.00","--","--","558158.00","314400.00","--","243758.00","9600.00","253358.00","37060.00","216298.00","--","--","216298.00","1943.00","--","218241.00","216298.00","--","--","218241.00","--","--","3.25"
"115/03/13","114","4","8940","新天地","1587911.00","808032.00","--","--","779879.00","--","--","779879.00","712095.00","0.00","67784.00","-11575.00","56209.00","11364.00","44845.00","--","--","44845.00","443.00","--","45288.00","37282.00","--","7563.00","37725.00","--","7563.00","0.55"
"115/03/13","114","4","9802","鈺齊-KY","17294633.00","14131404.00","--","--","3163229.00","--","--","3163229.00","1571427.00","--","1591802.00","-8024.00","1583778.00","373464.00","1210314.00","--","--","1210314.00","-701510.00","--","508804.00","1213482.00","--","-3168.00","512049.00","--","-3245.00","6.05"
"115/03/13","114","4","9902","台火","378514.00","351446.00","--","--","27068.00","--","--","27068.00","32820.00","0.00","-5752.00","-38446.00","-44198.00","2721.00","-46919.00","--","--","-46919.00","--","--","-46919.00","-46012.00","--","-907.00","-46012.00","--","-907.00","-0.47"
"115/03/13","114","4","9904","寶成","251400209.00","193272677.00","--","--","58127532.00","--","--","58127532.00","46560432.00","--","11567100.00","10502783.00","22069883.00","3817544.00","18252339.00","--","--","18252339.00","-9418250.00","--","8834089.00","12068247.00","--","6184092.00","4702307.00","--","4131782.00","4.10"
"115/03/13","114","4","9905","大華","8180976.00","7393606.00","--","--","787370.00","--","--","787370.00","415155.00","--","372215.00","146372.00","518587.00","128337.00","390250.00","--","--","390250.00","133595.00","--","523845.00","396904.00","--","-6654.00","529707.00","--","-5862.00","1.30"
"115/03/13","114","4","9906","欣巴巴","1296227.00","870619.00","--","--","425608.00","--","--","425608.00","349460.00","--","76148.00","-25055.00","51093.00","42572.00","8521.00","--","--","8521.00","--","--","8521.00","8521.00","--","--","8521.00","--","--","0.09"
"115/03/13","114","4","9907","統一實","45638485.00","39186430.00","--","--","6452055.00","--","--","6452055.00","3259251.00","--","3192804.00","-91825.00","3100979.00","1006202.00","2094777.00","--","--","2094777.00","14946.00","--","2109723.00","2152307.00","--","-57530.00","2171988.00","--","-62265.00","1.36"
"115/03/13","114","4","9908","大台北","3374031.00","2598657.00","--","--","775374.00","--","--","775374.00","280133.00","-2354.00","492887.00","561508.00","1054395.00","123164.00","931231.00","--","--","931231.00","274551.00","--","1205782.00","863869.00","--","67362.00","1083681.00","--","122101.00","1.72"
"115/03/13","114","4","9910","豐泰","83512023.00","64763996.00","--","--","18748027.00","--","--","18748027.00","11310915.00","--","7437112.00","481329.00","7918441.00","2493816.00","5424625.00","--","--","5424625.00","-1103217.00","--","4321408.00","5036042.00","--","388583.00","4002519.00","--","318889.00","5.10"
"115/03/13","114","4","9911","櫻花","10274605.00","6645553.00","--","--","3629052.00","--","--","3629052.00","2055582.00","--","1573470.00","134054.00","1707524.00","333654.00","1373870.00","--","--","1373870.00","13344.00","--","1387214.00","1372682.00","--","1188.00","1388042.00","--","-828.00","6.27"
"115/03/13","114","4","9917","中保科","18982489.00","12803438.00","--","--","6179051.00","--","--","6179051.00","3130089.00","--","3048962.00","611224.00","3660186.00","600710.00","3059476.00","0.00","--","3059476.00","-102303.00","--","2957173.00","3007399.00","--","52077.00","2914471.00","--","42702.00","6.77"
"115/03/13","114","4","9919","康那香","2665869.00","2598819.00","--","--","67050.00","--","--","67050.00","618971.00","--","-551921.00","77571.00","-474350.00","-362.00","-473988.00","--","--","-473988.00","4635.00","--","-469353.00","-473988.00","--","--","-469353.00","--","--","-2.43"
"115/03/13","114","4","9924","福興","7384022.00","5760673.00","--","--","1623349.00","--","--","1623349.00","900443.00","--","722906.00","-23605.00","699301.00","159297.00","540004.00","--","--","540004.00","-21828.00","--","518176.00","533488.00","--","6516.00","511660.00","--","6516.00","3.08"
"115/03/13","114","4","9926","新海","2469825.00","1823281.00","--","--","646544.00","--","--","646544.00","196258.00","3783.00","454069.00","130654.00","584723.00","102877.00","481846.00","--","--","481846.00","-8075.00","--","473771.00","481846.00","--","--","473771.00","--","--","2.68"
"115/03/13","114","4","9930","中聯資源","13991384.00","11879817.00","--","--","2111567.00","--","--","2111567.00","547599.00","--","1563968.00","9809.00","1573777.00","319654.00","1254123.00","--","--","1254123.00","-67489.00","--","1186634.00","1233105.00","--","21018.00","1174441.00","--","12193.00","4.96"
"115/03/13","114","4","9933","中鼎","91848234.00","82472567.00","--","--","9375667.00","--","--","9375667.00","5325084.00","--","4050583.00","32353.00","4082936.00","1325677.00","2757259.00","--","--","2757259.00","-554292.00","--","2202967.00","1691361.00","--","1065898.00","1179765.00","--","1023202.00","1.91"
"115/03/13","114","4","9937","全國","22542896.00","19781403.00","--","--","2761493.00","--","--","2761493.00","1995587.00","--","765906.00","147623.00","913529.00","183510.00","730019.00","--","--","730019.00","45010.00","--","775029.00","730019.00","--","0.00","775029.00","--","0.00","2.36"
"115/03/13","114","4","9939","宏全","28876866.00","22451306.00","--","--","6425560.00","--","--","6425560.00","2668739.00","--","3756821.00","-206849.00","3549972.00","732716.00","2817256.00","--","--","2817256.00","-259687.00","--","2557569.00","2691189.00","--","126067.00","2444515.00","--","113054.00","9.10"
"115/03/13","114","4","9943","好樂迪","2413732.00","1197684.00","--","--","1216048.00","--","--","1216048.00","809435.00","--","406613.00","140474.00","547087.00","85110.00","461977.00","--","--","461977.00","-3041.00","--","458936.00","456976.00","--","5001.00","453935.00","--","5001.00","5.40"
"115/03/13","114","4","9944","新麗","2257128.00","1623615.00","--","--","633513.00","--","--","633513.00","588743.00","--","44770.00","7278.00","52048.00","46480.00","5568.00","--","--","5568.00","-93623.00","--","-88055.00","-17390.00","--","22958.00","-115218.00","--","27163.00","-0.16"
"115/03/13","114","4","9946","三發地產","1787734.00","831380.00","--","--","956354.00","--","--","956354.00","262563.00","--","693791.00","-10920.00","682871.00","188632.00","494239.00","--","--","494239.00","-86525.00","--","407714.00","494239.00","--","--","407714.00","--","--","1.52"
"115/03/13","114","4","9955","佳龍","1506979.00","1378741.00","--","--","128238.00","--","--","128238.00","145427.00","--","-17189.00","73435.00","56246.00","104.00","56142.00","--","--","56142.00","105.00","--","56247.00","56142.00","--","0.00","56247.00","--","0.00","0.54"
"115/03/13","114","4","9958","世紀鋼","14463065.00","10226967.00","--","--","4236098.00","--","--","4236098.00","929060.00","--","3307038.00","-1465.00","3305573.00","648009.00","2657564.00","--","--","2657564.00","-85343.00","--","2572221.00","1649777.00","--","1007787.00","1569168.00","--","1003053.00","6.57"
