出表日期,年度,季別,公司代號,公司名稱,營業收入,營業成本,原始認列生物資產及農產品之利益（損失）,生物資產當期公允價值減出售成本之變動利益（損失）,營業毛利（毛損）,未實現銷貨（損）益,已實現銷貨（損）益,營業毛利（毛損）淨額,營業費用,其他收益及費損淨額,營業利益（損失）,營業外收入及支出,稅前淨利（淨損）,所得稅費用（利益）,繼續營業單位本期淨利（淨損）,停業單位損益,合併前非屬共同控制股權損益,本期淨利（淨損）,其他綜合損益（淨額）,合併前非屬共同控制股權綜合損益淨額,本期綜合損益總額,淨利（淨損）歸屬於母公司業主,淨利（淨損）歸屬於共同控制下前手權益,淨利（淨損）歸屬於非控制權益,綜合損益總額歸屬於母公司業主,綜合損益總額歸屬於共同控制下前手權益,綜合損益總額歸屬於非控制權益,基本每股盈餘（元）
"115/08/26","114","4","1240","茂生農經","2743785.00","2420336.00","9156.00","58455.00","391060.00","--","--","391060.00","258538.00","--","132522.00","93134.00","225656.00","16967.00","208689.00","--","--","208689.00","-46133.00","--","162556.00","214940.00","--","-6251.00","168807.00","--","-6251.00","4.86"
"115/08/26","114","4","1259","安心","6062167.00","4696284.00","--","--","1365883.00","--","--","1365883.00","1379472.00","--","-13589.00","54527.00","40938.00","-41440.00","82378.00","--","--","82378.00","477761.00","--","560139.00","79381.00","--","2997.00","559075.00","--","1064.00","2.45"
"115/08/26","114","4","1264","德麥","6779456.00","4595742.00","--","--","2183714.00","--","--","2183714.00","1046914.00","--","1136800.00","22186.00","1158986.00","279448.00","879538.00","--","--","879538.00","646.00","--","880184.00","758499.00","--","121039.00","756037.00","--","124147.00","20.47"
"115/08/26","114","4","1268","漢來美食","6226966.00","3377263.00","--","--","2849703.00","--","--","2849703.00","2316167.00","--","533536.00","-1685.00","531851.00","104684.00","427167.00","--","--","427167.00","-75151.00","--","352016.00","427167.00","--","--","352016.00","--","--","10.12"
"115/08/26","114","4","1294","漢田生技","778543.00","489648.00","--","--","288895.00","--","--","288895.00","115914.00","--","172981.00","33.00","173014.00","33930.00","139084.00","--","--","139084.00","--","--","139084.00","139052.00","--","32.00","139052.00","--","32.00","4.60"
"115/08/26","114","4","1295","生合","1038668.00","483471.00","--","--","555197.00","--","--","555197.00","356935.00","--","198262.00","4101.00","202363.00","26395.00","175968.00","--","--","175968.00","1799.00","--","177767.00","175968.00","--","--","177767.00","--","--","5.29"
"115/08/26","114","4","1336","台翰","2495319.00","2112274.00","--","--","383045.00","--","--","383045.00","273745.00","--","109300.00","4559.00","113859.00","58778.00","55081.00","--","--","55081.00","-71716.00","--","-16635.00","55081.00","--","--","-16635.00","--","--","0.71"
"115/08/26","114","4","1565","精華","4116858.00","3167192.00","--","--","949666.00","--","--","949666.00","409264.00","--","540402.00","36760.00","577162.00","122131.00","455031.00","--","--","455031.00","16919.00","--","471950.00","455031.00","--","--","471950.00","--","--","9.03"
"115/08/26","114","4","1569","濱川","3258899.00","3273164.00","--","--","-14265.00","--","--","-14265.00","556296.00","--","-570561.00","-62313.00","-632874.00","41155.00","-674029.00","--","--","-674029.00","-38469.00","--","-712498.00","-704221.00","--","30192.00","-749285.00","--","36787.00","-5.61"
"115/08/26","114","4","1570","力肯","493366.00","370552.00","--","--","122814.00","--","--","122814.00","87570.00","--","35244.00","3896.00","39140.00","8868.00","30272.00","--","--","30272.00","27829.00","--","58101.00","30272.00","--","--","58101.00","--","--","0.59"
"115/08/26","114","4","1580","新麥","4879103.00","2799098.00","--","--","2080005.00","--","--","2080005.00","1159488.00","--","920517.00","60298.00","980815.00","317442.00","663373.00","--","--","663373.00","-664.00","--","662709.00","622491.00","--","40882.00","621788.00","--","40921.00","12.54"
"115/08/26","114","4","1584","精剛","2593817.00","2285649.00","--","--","308168.00","--","--","308168.00","222259.00","--","85909.00","19275.00","105184.00","13289.00","91895.00","--","--","91895.00","-41887.00","--","50008.00","101741.00","--","-9846.00","59854.00","--","-9846.00","0.44"
"115/08/26","114","4","1586","和勤","2300558.00","2018273.00","--","--","282285.00","--","--","282285.00","351106.00","--","-68821.00","26087.00","-42734.00","-8600.00","-34134.00","--","--","-34134.00","3191.00","--","-30943.00","-34134.00","--","--","-30943.00","--","--","-0.35"
"115/08/26","114","4","1591","駿吉-KY","121093.00","137716.00","--","--","-16623.00","--","--","-16623.00","104299.00","--","-120922.00","-1956.00","-122878.00","-18810.00","-104068.00","--","--","-104068.00","6122.00","--","-97946.00","-104068.00","--","--","-97946.00","--","--","-2.75"
"115/08/26","114","4","1593","祺驊","1256972.00","863110.00","--","--","393862.00","--","--","393862.00","268667.00","--","125195.00","30023.00","155218.00","36696.00","118522.00","--","--","118522.00","-29858.00","--","88664.00","86911.00","--","31611.00","57053.00","--","31611.00","2.18"
"115/08/26","114","4","1595","川寶","716171.00","522063.00","--","--","194108.00","--","--","194108.00","308418.00","--","-114310.00","11350.00","-102960.00","3161.00","-106121.00","--","--","-106121.00","-8855.00","--","-114976.00","-105505.00","--","-616.00","-114360.00","--","-616.00","-1.95"
"115/08/26","114","4","1599","宏佳騰","1864214.00","1497938.00","--","--","366276.00","--","--","366276.00","533016.00","--","-166740.00","60459.00","-106281.00","-25831.00","-80450.00","--","--","-80450.00","-26725.00","--","-107175.00","-61164.00","--","-19286.00","-87889.00","--","-19286.00","-0.84"
"115/08/26","114","4","1742","台蠟","111697.00","84795.00","--","--","26902.00","--","--","26902.00","113973.00","--","-87071.00","-17731.00","-104802.00","-4306.00","-100496.00","--","--","-100496.00","3540.00","--","-96956.00","-100496.00","--","0.00","-96956.00","--","0.00","-1.08"
"115/08/26","114","4","1777","生泰","1300241.00","849883.00","--","--","450358.00","--","--","450358.00","130497.00","--","319861.00","14059.00","333920.00","72311.00","261609.00","--","--","261609.00","4794.00","--","266403.00","--","--","--","--","--","--","5.87"
"115/08/26","114","4","1780","立弘","849507.00","540898.00","--","--","308609.00","--","--","308609.00","188274.00","--","120335.00","43786.00","164121.00","34665.00","129456.00","--","--","129456.00","979.00","--","130435.00","129456.00","--","--","130435.00","--","--","1.35"
"115/08/26","114","4","1781","合世","398046.00","327929.00","--","--","70117.00","--","--","70117.00","133522.00","--","-63405.00","-3947.00","-67352.00","-5686.00","-61666.00","--","--","-61666.00","-10814.00","--","-72480.00","-61666.00","--","--","-72480.00","--","--","-1.30"
"115/08/26","114","4","1784","訊聯","1236596.00","552722.00","--","--","683874.00","--","--","683874.00","698342.00","--","-14468.00","33743.00","19275.00","18427.00","848.00","--","--","848.00","-1950.00","--","-1102.00","51426.00","--","-50578.00","50959.00","--","-52061.00","1.02"
"115/08/26","114","4","1785","光洋科","39411439.00","33672571.00","--","--","5738868.00","--","--","5738868.00","1593941.00","--","4144927.00","-1831534.00","2313393.00","451764.00","1861629.00","--","--","1861629.00","2608.00","--","1864237.00","1867414.00","--","-5785.00","1870025.00","--","-5788.00","3.14"
"115/08/26","114","4","1788","杏昌","4278234.00","3134792.00","--","--","1143442.00","--","--","1143442.00","724416.00","--","419026.00","36941.00","455967.00","87457.00","368510.00","--","--","368510.00","-7785.00","--","360725.00","368510.00","--","--","360725.00","--","--","8.28"
"115/08/26","114","4","1796","金穎生技","677098.00","486302.00","--","--","190796.00","--","--","190796.00","144719.00","--","46077.00","-11381.00","34696.00","5834.00","28862.00","--","--","28862.00","-385.00","--","28477.00","28862.00","--","--","28477.00","--","--","0.70"
"115/08/26","114","4","1799","易威","597410.00","317105.00","--","--","280305.00","--","--","280305.00","347505.00","--","-67200.00","-7977.00","-75177.00","304.00","-75481.00","--","--","-75481.00","-10255.00","--","-85736.00","-73138.00","--","-2343.00","-83139.00","--","-2597.00","-0.59"
"115/08/26","114","4","1813","寶利徠","304320.00","356642.00","--","--","-52322.00","--","--","-52322.00","74946.00","--","-127268.00","64350.00","-62918.00","-8806.00","-54112.00","--","--","-54112.00","5077.00","--","-49035.00","-47935.00","--","-6177.00","-43554.00","--","-5481.00","-1.03"
"115/08/26","114","4","1815","富喬","5974753.00","4327834.00","--","--","1646919.00","--","--","1646919.00","714419.00","--","932500.00","102819.00","1035319.00","178778.00","856541.00","--","--","856541.00","-119541.00","--","737000.00","856541.00","--","--","737000.00","--","--","1.64"
"115/08/26","114","4","2035","唐榮公司","9602428.00","10854717.00","--","--","-1252289.00","--","--","-1252289.00","299642.00","--","-1551931.00","-100529.00","-1652460.00","0.00","-1652460.00","--","--","-1652460.00","101760.00","--","-1550700.00","--","--","--","--","--","--","-4.72"
"115/08/26","114","4","2061","風青","1204951.00","1141085.00","--","--","63866.00","--","--","63866.00","68288.00","--","-4422.00","-39136.00","-43558.00","12246.00","-55804.00","--","--","-55804.00","-649.00","--","-56453.00","-55804.00","--","--","-56453.00","--","--","-0.97"
"115/08/26","114","4","2063","世鎧精密","975498.00","809695.00","--","--","165803.00","--","--","165803.00","129432.00","--","36371.00","54548.00","90919.00","8322.00","82597.00","--","--","82597.00","-147267.00","--","-64670.00","82597.00","--","--","-64670.00","--","--","1.72"
"115/08/26","114","4","2064","晉椿","1580622.00","1529651.00","--","--","50971.00","-346.00","--","51317.00","116640.00","--","-65323.00","-19752.00","-85075.00","4714.00","-89789.00","--","--","-89789.00","881.00","--","-88908.00","-89914.00","--","125.00","-89017.00","--","109.00","-1.30"
"115/08/26","114","4","2065","世豐","2072496.00","1769961.00","--","--","302535.00","--","--","302535.00","203185.00","--","99350.00","5992.00","105342.00","34670.00","70672.00","--","--","70672.00","-223849.00","--","-153177.00","70672.00","--","--","-153177.00","--","--","1.12"
"115/08/26","114","4","2066","世德","2494015.00","1748567.00","--","--","745448.00","--","--","745448.00","677325.00","--","68123.00","12289.00","80412.00","21170.00","59242.00","--","--","59242.00","-23803.00","--","35439.00","59242.00","--","--","35439.00","--","--","1.34"
"115/08/26","114","4","2067","嘉鋼","1021554.00","981945.00","--","--","39609.00","--","--","39609.00","168484.00","--","-128875.00","-16402.00","-145277.00","4430.00","-149707.00","--","--","-149707.00","157654.00","--","7947.00","-126529.00","-23178.00","--","31045.00","-23098.00","--","-2.80"
"115/08/26","114","4","2070","精湛","694156.00","372056.00","--","--","322100.00","--","--","322100.00","228406.00","--","93694.00","12315.00","106009.00","23859.00","82150.00","--","--","82150.00","-17428.00","--","64722.00","82150.00","--","--","64722.00","--","--","2.30"
"115/08/26","114","4","2073","雄順","557563.00","502970.00","--","--","54593.00","--","--","54593.00","66329.00","--","-11736.00","-1941.00","-13677.00","-2991.00","-10686.00","--","--","-10686.00","-1029.00","--","-11715.00","--","--","--","--","--","--","-0.39"
"115/08/26","114","4","2221","大甲","1362791.00","1086948.00","--","--","275843.00","--","--","275843.00","139410.00","--","136433.00","-10109.00","126324.00","26386.00","99938.00","--","--","99938.00","729.00","--","100667.00","97748.00","--","2190.00","98477.00","0.00","2190.00","2.31"
"115/08/26","114","4","2230","泰茂","2025196.00","1890824.00","--","--","134372.00","--","--","134372.00","181078.00","-961.00","-47667.00","-15082.00","-62749.00","10331.00","-73080.00","--","--","-73080.00","-16254.00","--","-89334.00","-73080.00","--","--","-87319.00","--","-2015.00","-1.05"
"115/08/26","114","4","2235","謚源","555889.00","453780.00","--","--","102109.00","--","--","102109.00","76250.00","--","25859.00","17633.00","43492.00","9255.00","34237.00","--","--","34237.00","-261.00","--","33976.00","--","--","--","--","--","--","0.95"
"115/08/26","114","4","2596","綠意","1298006.00","958589.00","--","--","339417.00","--","--","339417.00","112488.00","--","226929.00","7846.00","234775.00","52499.00","182276.00","--","--","182276.00","--","--","182276.00","185892.00","--","-3616.00","185892.00","--","-3616.00","1.86"
"115/08/26","114","4","2640","大車隊","3154356.00","1578512.00","--","--","1575844.00","--","--","1575844.00","917680.00","--","658164.00","13811.00","671975.00","147363.00","524612.00","--","--","524612.00","--","--","524612.00","533868.00","--","-9256.00","533868.00","--","-9256.00","9.01"
"115/08/26","114","4","2641","正德","2367772.00","1383495.00","--","--","984277.00","--","--","984277.00","133733.00","--","850544.00","-139022.00","711522.00","33001.00","678521.00","--","--","678521.00","-306804.00","--","371717.00","646104.00","--","32417.00","339300.00","--","32417.00","2.01"
"115/08/26","114","4","2643","捷迅","8398720.00","7774345.00","--","--","624375.00","--","--","624375.00","286671.00","--","337704.00","-43919.00","293785.00","73182.00","220603.00","--","--","220603.00","-34260.00","--","186343.00","220603.00","--","--","186343.00","--","--","6.30"
"115/08/26","114","4","2718","全心投控","3021824.00","998733.00","--","--","2023091.00","--","--","2023091.00","266091.00","--","1757000.00","202473.00","1959473.00","479874.00","1479599.00","--","--","1479599.00","-5571.00","--","1474028.00","1479599.00","--","--","1474028.00","--","--","16.94"
"115/08/26","114","4","2719","燦星旅","1963238.00","1860935.00","--","--","102303.00","--","--","102303.00","130404.00","--","-28101.00","17555.00","-10546.00","-497.00","-10049.00","--","--","-10049.00","--","--","-10049.00","-10049.00","--","--","-10049.00","--","--","-0.15"
"115/08/26","114","4","2724","藝舍-KY","169097.00","145157.00","--","--","23940.00","--","--","23940.00","59169.00","--","-35229.00","5818.00","-29411.00","-16094.00","-13317.00","--","--","-13317.00","0.00","--","-13317.00","-11779.00","--","-1538.00","-11779.00","--","-1538.00","-0.20"
"115/08/26","114","4","2726","雅茗-KY","568008.00","223313.00","--","--","344695.00","--","--","344695.00","453738.00","--","-109043.00","765.00","-108278.00","-9974.00","-98304.00","--","--","-98304.00","-14993.00","--","-113297.00","-99521.00","--","1217.00","-113681.00","--","384.00","-3.55"
"115/08/26","114","4","2729","瓦城","6103901.00","2997845.00","--","--","3106056.00","--","--","3106056.00","2737909.00","--","368147.00","6057.00","374204.00","87132.00","287072.00","--","--","287072.00","-14967.00","--","272105.00","289312.00","--","-2240.00","274345.00","--","-2240.00","6.76"
"115/08/26","114","4","2732","六角","4299913.00","2079824.00","--","--","2220089.00","0.00","299.00","2220388.00","2078099.00","-2175.00","140114.00","-70483.00","69631.00","5576.00","64055.00","--","--","64055.00","-5947.00","--","58108.00","50239.00","--","13816.00","43813.00","--","14295.00","1.09"
"115/08/26","114","4","2734","易飛網","1643286.00","1412809.00","--","--","230477.00","--","--","230477.00","246783.00","--","-16306.00","-62871.00","-79177.00","2411.00","-81588.00","0.00","--","-81588.00","-286.00","--","-81874.00","-81424.00","--","-164.00","-81710.00","--","-164.00","-1.42"
"115/08/26","114","4","2736","富野","524168.00","286191.00","--","--","237977.00","--","--","237977.00","363965.00","--","-125988.00","-26499.00","-152487.00","-4973.00","-147514.00","--","--","-147514.00","-7723.00","--","-155237.00","-131353.00","--","-16161.00","-139076.00","--","-16161.00","-1.83"
"115/08/26","114","4","2740","華軒","128217.00","77066.00","--","--","51151.00","--","--","51151.00","83845.00","--","-32694.00","-10400.00","-43094.00","0.00","-43094.00","--","--","-43094.00","-225.00","--","-43319.00","-43094.00","--","--","-43319.00","--","--","-3.19"
"115/08/26","114","4","2743","山富","6726161.00","5896357.00","--","--","829804.00","--","--","829804.00","482799.00","--","347005.00","-123971.00","223034.00","38353.00","184681.00","--","--","184681.00","--","--","184681.00","184681.00","--","--","184681.00","--","--","3.94"
"115/08/26","114","4","2745","五福","8760096.00","7597046.00","--","--","1163050.00","--","--","1163050.00","698395.00","--","464655.00","-38047.00","426608.00","88155.00","338453.00","--","--","338453.00","--","--","338453.00","338453.00","--","--","338453.00","--","--","10.01"
"115/08/26","114","4","2751","王座","1771446.00","917630.00","--","--","853816.00","--","--","853816.00","746595.00","-1801.00","105420.00","-2142.00","103278.00","10317.00","92961.00","--","--","92961.00","-142.00","--","92819.00","89874.00","--","3087.00","89732.00","--","3087.00","4.57"
"115/08/26","114","4","2752","豆府","4072363.00","1959599.00","--","--","2112764.00","--","--","2112764.00","1610565.00","--","502199.00","4541.00","506740.00","101643.00","405097.00","--","--","405097.00","-1680.00","--","403417.00","401479.00","--","3618.00","399904.00","--","3513.00","15.04"
"115/08/26","114","4","2754","亞洲藏壽司","5709802.00","3381916.00","--","--","2327886.00","--","--","2327886.00","2064459.00","--","263427.00","-125857.00","137570.00","27406.00","110164.00","--","--","110164.00","-5788.00","--","104376.00","110164.00","--","--","104376.00","--","--","2.35"
"115/08/26","114","4","2755","揚秦","3042798.00","2209086.00","--","--","833712.00","--","--","833712.00","538431.00","--","295281.00","-2722.00","292559.00","57530.00","235029.00","--","--","235029.00","-1643.00","--","233386.00","235029.00","--","--","233386.00","--","--","6.44"
"115/08/26","114","4","2756","聯發國際","1172581.00","546273.00","--","--","626308.00","--","--","626308.00","527419.00","--","98889.00","23109.00","121998.00","26062.00","95936.00","--","--","95936.00","-9440.00","--","86496.00","95936.00","--","--","86496.00","--","--","3.93"
"115/08/26","114","4","2916","滿心","1958266.00","900408.00","--","--","1057858.00","--","--","1057858.00","779619.00","--","278239.00","41656.00","319895.00","63981.00","255914.00","--","--","255914.00","407.00","--","256321.00","--","--","--","--","--","--","3.96"
"115/08/26","114","4","2924","宏太-KY","67038.00","48955.00","--","--","18083.00","--","--","18083.00","80099.00","--","-62016.00","1136.00","-60880.00","0.00","-60880.00","--","--","-60880.00","-1122.00","--","-62002.00","-60880.00","--","--","-62002.00","--","--","-1.17"
"115/08/26","114","4","2926","誠品生活","6971953.00","4268265.00","--","--","2703688.00","--","--","2703688.00","2716002.00","--","-12314.00","68915.00","56601.00","31528.00","25073.00","--","--","25073.00","-12984.00","--","12089.00","25574.00","--","-501.00","12866.00","--","-777.00","0.54"
"115/08/26","114","4","2937","集雅社","5195650.00","4047515.00","--","--","1148135.00","--","--","1148135.00","922313.00","--","225822.00","-5637.00","220185.00","43390.00","176795.00","--","--","176795.00","-329.00","--","176466.00","176795.00","--","--","176466.00","--","--","4.06"
"115/08/26","114","4","2941","米斯特","927155.00","336470.00","--","--","590685.00","--","--","590685.00","547339.00","--","43346.00","1635.00","44981.00","8748.00","36233.00","--","--","36233.00","-165.00","--","36068.00","--","--","--","--","--","--","2.35"
"115/08/26","114","4","2947","振宇五金","2299302.00","1390255.00","--","--","909047.00","--","--","909047.00","818775.00","--","90272.00","-5951.00","84321.00","17152.00","67169.00","--","--","67169.00","--","--","67169.00","67169.00","--","--","67169.00","--","--","3.17"
"115/08/26","114","4","2948","寶陞","2140630.00","1231454.00","--","--","909176.00","--","--","909176.00","785582.00","--","123594.00","-29857.00","93737.00","27305.00","66432.00","--","--","66432.00","-38232.00","--","28200.00","66432.00","--","--","28200.00","--","--","2.14"
"115/08/26","114","4","2949","欣新網","5728246.00","5061415.00","--","--","666831.00","--","--","666831.00","526867.00","--","139964.00","-9553.00","130411.00","18622.00","111789.00","--","--","111789.00","-784.00","--","111005.00","109425.00","--","2364.00","108885.00","--","2120.00","3.63"
"115/08/26","114","4","3064","泰偉","82183.00","7550.00","--","--","74633.00","--","--","74633.00","98197.00","--","-23564.00","-22551.00","-46115.00","-446.00","-45669.00","--","--","-45669.00","1503.00","--","-44166.00","-45664.00","--","-5.00","-44161.00","--","-5.00","-3.51"
"115/08/26","114","4","3066","李洲","241566.00","145424.00","--","--","96142.00","--","--","96142.00","126312.00","--","-30170.00","-71369.00","-101539.00","1904.00","-103443.00","--","--","-103443.00","3986.00","--","-99457.00","-116601.00","--","13158.00","-110971.00","--","11514.00","-1.40"
"115/08/26","114","4","3067","全域","58425.00","41792.00","--","--","16633.00","482.00","--","16151.00","29275.00","--","-13124.00","-6599.00","-19723.00","-2941.00","-16782.00","--","--","-16782.00","142.00","--","-16640.00","-16782.00","--","--","-16640.00","--","--","-0.84"
"115/08/26","114","4","3071","協禧","2332486.00","1612672.00","--","--","719814.00","--","--","719814.00","581865.00","--","137949.00","26348.00","164297.00","76190.00","88107.00","--","--","88107.00","-10702.00","--","77405.00","62760.00","--","25347.00","51412.00","--","25993.00","0.57"
"115/08/26","114","4","3073","天方能源","88095.00","58764.00","--","--","29331.00","--","--","29331.00","57567.00","33933.00","5697.00","-4701.00","996.00","1002.00","-6.00","--","--","-6.00","-23927.00","--","-23933.00","51.00","--","-57.00","-23876.00","--","-57.00","0.00"
"115/08/26","114","4","3078","僑威","10009788.00","7435090.00","--","--","2574698.00","--","--","2574698.00","879739.00","--","1694959.00","180592.00","1875551.00","496207.00","1379344.00","--","--","1379344.00","-120904.00","--","1258440.00","1379344.00","--","--","1258440.00","--","--","6.07"
"115/08/26","114","4","3081","聯亞","2202822.00","1262273.00","--","--","940549.00","--","--","940549.00","432445.00","--","508104.00","16823.00","524927.00","96526.00","428401.00","--","--","428401.00","770.00","--","429171.00","--","--","--","--","--","--","4.66"
"115/08/26","114","4","3083","網龍","395919.00","64212.00","--","--","331707.00","--","--","331707.00","336398.00","--","-4691.00","45561.00","40870.00","1299.00","39571.00","--","--","39571.00","-99592.00","--","-60021.00","37358.00","--","2213.00","-61468.00","--","1447.00","0.43"
"115/08/26","114","4","3085","新零售","54603.00","23993.00","--","--","30610.00","--","--","30610.00","76345.00","--","-45735.00","6837.00","-38898.00","0.00","-38898.00","--","--","-38898.00","11076.00","--","-27822.00","-38898.00","--","0.00","-27822.00","--","0.00","-0.56"
"115/08/26","114","4","3086","華義*","159486.00","86201.00","--","--","73285.00","--","--","73285.00","94120.00","--","-20835.00","1143.00","-19692.00","--","-19692.00","--","--","-19692.00","-131.00","--","-19823.00","-16955.00","--","-2737.00","-17022.00","--","-2801.00","-0.62"
"115/08/26","114","4","3088","艾訊","7018725.00","4620948.00","--","--","2397777.00","61.00","71.00","2397787.00","1695453.00","--","702334.00","-52738.00","649596.00","140988.00","508608.00","--","--","508608.00","5804.00","--","514412.00","501246.00","--","7362.00","507050.00","--","7362.00","4.68"
"115/08/26","114","4","3093","港建*","1865197.00","1297307.00","--","--","567890.00","--","--","567890.00","331277.00","--","236613.00","-6926.00","229687.00","52221.00","177466.00","--","--","177466.00","8790.00","--","186256.00","177466.00","--","0.00","186256.00","--","0.00","1.22"
"115/08/26","114","4","3095","及成","628944.00","517393.00","--","--","111551.00","--","--","111551.00","108251.00","--","3300.00","-24018.00","-20718.00","-756.00","-19962.00","--","--","-19962.00","16949.00","--","-3013.00","-19962.00","--","--","-3013.00","--","--","-2.00"
"115/08/26","114","4","3105","穩懋","16638534.00","12612441.00","--","--","4026093.00","--","--","4026093.00","3311391.00","--","714702.00","672193.00","1386895.00","297077.00","1089818.00","--","--","1089818.00","2122978.00","--","3212796.00","1693801.00","--","-603983.00","3844718.00","--","-631922.00","4.00"
"115/08/26","114","4","3114","好德","3013984.00","2724554.00","--","--","289430.00","--","--","289430.00","197823.00","--","91607.00","82881.00","174488.00","30295.00","144193.00","--","--","144193.00","-78684.00","--","65509.00","144193.00","--","0.00","65509.00","--","0.00","2.22"
"115/08/26","114","4","3115","富榮綱","4381.00","0.00","--","--","4381.00","--","--","4381.00","30688.00","--","-26307.00","3795.00","-22512.00","37.00","-22549.00","0.00","--","-22549.00","344.00","--","-22205.00","-22549.00","--","--","-22205.00","--","--","-0.44"
"115/08/26","114","4","3118","進階","736593.00","478895.00","--","--","257698.00","--","--","257698.00","174152.00","--","83546.00","14030.00","97576.00","17877.00","79699.00","--","--","79699.00","-1022.00","--","78677.00","--","--","--","--","--","--","2.46"
"115/08/26","114","4","3122","笙泉","324174.00","217482.00","--","--","106692.00","--","--","106692.00","166976.00","--","-60284.00","-11066.00","-71350.00","138.00","-71488.00","--","--","-71488.00","-17.00","--","-71505.00","-71488.00","--","0.00","-71505.00","--","0.00","-1.75"
"115/08/26","114","4","3128","昇銳","1097788.00","737298.00","--","--","360490.00","--","--","360490.00","274414.00","--","86076.00","-5393.00","80683.00","17547.00","63136.00","--","--","63136.00","1719.00","--","64855.00","61546.00","--","1590.00","63265.00","--","1590.00","1.32"
"115/08/26","114","4","3131","弘塑","6514495.00","3833055.00","--","--","2681440.00","--","--","2681440.00","1044983.00","--","1636457.00","53339.00","1689796.00","364790.00","1325006.00","--","--","1325006.00","-4969.00","--","1320037.00","1327396.00","--","-2390.00","1322359.00","--","-2322.00","45.48"
"115/08/26","114","4","3141","晶宏","1614117.00","1047911.00","--","--","566206.00","--","--","566206.00","547031.00","-37.00","19138.00","5031.00","24169.00","-1333.00","25502.00","--","--","25502.00","50891.00","--","76393.00","39955.00","--","-14453.00","90846.00","--","-14453.00","0.54"
"115/08/26","114","4","3147","大綜","8171063.00","7138048.00","--","--","1033015.00","--","--","1033015.00","537522.00","--","495493.00","-19027.00","476466.00","108037.00","368429.00","--","--","368429.00","-2556.00","--","365873.00","368429.00","--","--","365873.00","--","--","8.43"
"115/08/26","114","4","3152","璟德","1425963.00","813219.00","--","--","612744.00","--","--","612744.00","336997.00","--","275747.00","423799.00","699546.00","49246.00","650300.00","--","--","650300.00","2600.00","--","652900.00","--","--","--","--","--","--","9.42"
"115/08/26","114","4","3158","嘉實","1012367.00","360436.00","--","--","651931.00","--","--","651931.00","427882.00","--","224049.00","7433.00","231482.00","33936.00","197546.00","--","--","197546.00","453.00","--","197999.00","197545.00","--","1.00","197998.00","--","1.00","7.27"
"115/08/26","114","4","3162","精確","7698847.00","6735535.00","--","--","963312.00","--","--","963312.00","736417.00","--","226895.00","-9012.00","217883.00","-2106.00","219989.00","--","--","219989.00","198460.00","--","418449.00","222411.00","--","-2422.00","419990.00","--","-1541.00","1.70"
"115/08/26","114","4","3163","波若威","2225651.00","1823534.00","--","--","402117.00","--","--","402117.00","282449.00","--","119668.00","415837.00","535505.00","34356.00","501149.00","--","--","501149.00","-23527.00","--","477622.00","501149.00","--","--","477622.00","--","--","6.22"
"115/08/26","114","4","3169","亞信","929566.00","434732.00","--","--","494834.00","--","--","494834.00","237161.00","--","257673.00","18774.00","276447.00","44942.00","231505.00","--","--","231505.00","-7492.00","--","224013.00","231505.00","--","--","224013.00","--","--","3.67"
"115/08/26","114","4","3171","炎洲流通","1911393.00","1406051.00","--","--","505342.00","--","--","505342.00","330085.00","--","175257.00","12022.00","187279.00","35876.00","151403.00","--","--","151403.00","12596.00","--","163999.00","142565.00","--","8838.00","149731.00","--","14268.00","4.30"
"115/08/26","114","4","3176","基亞","1582503.00","677481.00","--","--","905022.00","47296.00","--","857726.00","1014717.00","--","-156991.00","-61606.00","-218597.00","77353.00","-295950.00","--","--","-295950.00","-153442.00","--","-449392.00","-108803.00","--","-187147.00","-164148.00","--","-285244.00","-0.78"
"115/08/26","114","4","3178","公準","1256311.00","1085976.00","--","--","170335.00","--","--","170335.00","188700.00","--","-18365.00","-6327.00","-24692.00","-4805.00","-19887.00","--","--","-19887.00","3162.00","--","-16725.00","-20636.00","--","749.00","-17504.00","--","779.00","-0.46"
"115/08/26","114","4","3188","鑫龍騰","2695810.00","1474722.00","--","--","1221088.00","--","--","1221088.00","244368.00","--","976720.00","-7720.00","969000.00","214041.00","754959.00","--","--","754959.00","--","--","754959.00","754959.00","--","--","754959.00","--","--","4.05"
"115/08/26","114","4","3191","雲嘉南","168527.00","128664.00","--","--","39863.00","--","--","39863.00","69353.00","--","-29490.00","49700.00","20210.00","-1813.00","22023.00","--","--","22023.00","10412.00","--","32435.00","22023.00","--","--","32435.00","--","--","0.51"
"115/08/26","114","4","3205","佰研","346080.00","288368.00","--","--","57712.00","--","--","57712.00","116219.00","--","-58507.00","8630.00","-49877.00","0.00","-49877.00","--","--","-49877.00","1060.00","--","-48817.00","-49564.00","--","-313.00","-48294.00","--","-523.00","-0.92"
"115/08/26","114","4","3206","志豐","3190460.00","2527929.00","--","--","662531.00","--","--","662531.00","521641.00","--","140890.00","33322.00","174212.00","50314.00","123898.00","--","--","123898.00","3138.00","--","127036.00","119142.00","--","4756.00","124114.00","--","2922.00","2.02"
"115/08/26","114","4","3207","耀勝","1921193.00","1625064.00","--","--","296129.00","0.00","0.00","296129.00","394577.00","--","-98448.00","24251.00","-74197.00","3503.00","-77700.00","--","--","-77700.00","-48590.00","--","-126290.00","-54056.00","--","-23644.00","-101360.00","--","-24930.00","-0.82"
"115/08/26","114","4","3211","順達","13218485.00","11025109.00","--","--","2193376.00","--","--","2193376.00","946494.00","--","1246882.00","553311.00","1800193.00","418384.00","1381809.00","--","--","1381809.00","-295121.00","--","1086688.00","1381809.00","--","--","1086688.00","--","--","9.05"
"115/08/26","114","4","3213","茂訊","2887211.00","2005788.00","--","--","881423.00","--","--","881423.00","366578.00","--","514845.00","44013.00","558858.00","121187.00","437671.00","--","--","437671.00","433783.00","--","871454.00","434074.00","--","3597.00","867857.00","--","3597.00","7.40"
"115/08/26","114","4","3217","優群","4148411.00","2079027.00","--","--","2069384.00","--","--","2069384.00","763017.00","--","1306367.00","136741.00","1443108.00","300061.00","1143047.00","--","--","1143047.00","-321439.00","--","821608.00","1143047.00","--","--","821608.00","--","--","12.69"
"115/08/26","114","4","3218","大學光","4204086.00","1721499.00","--","--","2482587.00","--","--","2482587.00","1102351.00","--","1380236.00","-34653.00","1345583.00","290984.00","1054599.00","--","--","1054599.00","-8185.00","--","1046414.00","1042637.00","--","11962.00","1036947.00","--","9467.00","12.31"
"115/08/26","114","4","3219","倚強科","1703177.00","592454.00","--","--","1110723.00","--","--","1110723.00","945983.00","--","164740.00","2463.00","167203.00","15590.00","151613.00","--","--","151613.00","-31016.00","--","120597.00","108421.00","--","43192.00","82051.00","--","38546.00","1.52"
"115/08/26","114","4","3221","台嘉碩","2230982.00","1773019.00","--","--","457963.00","--","--","457963.00","430581.00","--","27382.00","-34460.00","-7078.00","18189.00","-25267.00","--","--","-25267.00","-8775.00","--","-34042.00","8281.00","--","-33548.00","-2094.00","--","-31948.00","0.08"
"115/08/26","114","4","3224","三顧","1514592.00","1317382.00","--","--","197210.00","--","--","197210.00","428359.00","--","-231149.00","-10539.00","-241688.00","16875.00","-258563.00","--","--","-258563.00","-12800.00","--","-271363.00","-104248.00","--","-154315.00","-117087.00","--","-154276.00","-1.53"
"115/08/26","114","4","3226","龍鋒","1606553.00","1375280.00","--","--","231273.00","2044.00","--","229229.00","162520.00","--","66709.00","-39647.00","27062.00","11285.00","15777.00","--","--","15777.00","692.00","--","16469.00","--","--","--","--","--","--","0.24"
"115/08/26","114","4","3227","原相","9127082.00","3597104.00","--","--","5529978.00","--","--","5529978.00","3639450.00","0.00","1890528.00","198658.00","2089186.00","301713.00","1787473.00","--","--","1787473.00","391266.00","--","2178739.00","1811913.00","--","-24440.00","2203179.00","--","-24440.00","12.38"
"115/08/26","114","4","3228","金麗科","308984.00","116569.00","--","--","192415.00","--","--","192415.00","339752.00","--","-147337.00","3459.00","-143878.00","0.00","-143878.00","--","--","-143878.00","521.00","--","-143357.00","--","--","--","--","--","--","-2.03"
"115/08/26","114","4","3230","錦明","403661.00","365668.00","--","--","37993.00","--","--","37993.00","172900.00","0.00","-134907.00","-2639.00","-137546.00","-1143.00","-136403.00","--","--","-136403.00","1338.00","--","-135065.00","-136403.00","--","--","-135065.00","--","--","-1.60"
"115/08/26","114","4","3232","昱捷","892597.00","736129.00","--","--","156468.00","--","--","156468.00","130723.00","--","25745.00","-5425.00","20320.00","6991.00","13329.00","--","--","13329.00","-2059.00","--","11270.00","13329.00","--","--","11270.00","--","--","0.29"
"115/08/26","114","4","3234","光環","683276.00","590942.00","--","--","92334.00","354.00","179.00","92159.00","245148.00","--","-152989.00","-7546.00","-160535.00","0.00","-160535.00","--","--","-160535.00","-1056.00","--","-161591.00","-155678.00","--","-4857.00","-156734.00","--","-4857.00","-1.40"
"115/08/26","114","4","3236","千如","2067602.00","1544506.00","--","--","523096.00","--","--","523096.00","428029.00","--","95067.00","-15521.00","79546.00","45785.00","33761.00","--","--","33761.00","47453.00","--","81214.00","33761.00","--","--","81214.00","--","--","0.32"
"115/08/26","114","4","3252","海灣","495921.00","303246.00","--","--","192675.00","--","--","192675.00","115382.00","--","77293.00","-57149.00","20144.00","2805.00","17339.00","--","--","17339.00","0.00","--","17339.00","6531.00","--","10808.00","6531.00","--","10808.00","0.13"
"115/08/26","114","4","3259","鑫創","281877.00","246272.00","--","--","35605.00","--","--","35605.00","211994.00","--","-176389.00","4319.00","-172070.00","0.00","-172070.00","--","--","-172070.00","0.00","--","-172070.00","--","--","--","--","--","--","-2.36"
"115/08/26","114","4","3260","威剛","53087430.00","38321223.00","--","--","14766207.00","4641.00","--","14761566.00","5600347.00","--","9161219.00","1087643.00","10248862.00","2618563.00","7630299.00","--","--","7630299.00","-370386.00","--","7259913.00","7292607.00","--","337692.00","6865719.00","--","394194.00","23.18"
"115/08/26","114","4","3264","欣銓","14028461.00","8936966.00","--","--","5091495.00","--","--","5091495.00","1526411.00","--","3565084.00","46568.00","3611652.00","771415.00","2840237.00","--","--","2840237.00","1000.00","--","2841237.00","2840237.00","--","--","2841237.00","--","--","5.99"
"115/08/26","114","4","3265","台星科","4647786.00","3426407.00","--","--","1221379.00","--","--","1221379.00","301327.00","--","920052.00","-5692.00","914360.00","167824.00","746536.00","--","--","746536.00","-121818.00","--","624718.00","746536.00","--","--","624718.00","--","--","5.48"
"115/08/26","114","4","3268","海德威","922208.00","864067.00","--","--","58141.00","--","--","58141.00","80054.00","--","-21913.00","-23492.00","-45405.00","932.00","-46337.00","0.00","--","-46337.00","-29381.00","--","-75718.00","-46337.00","--","--","-75718.00","--","--","-1.33"
"115/08/26","114","4","3272","東碩","2935673.00","2696706.00","--","--","238967.00","--","--","238967.00","638241.00","--","-399274.00","-233.00","-399507.00","62289.00","-461796.00","--","--","-461796.00","-100921.00","--","-562717.00","-461796.00","--","--","-562717.00","--","--","-7.65"
"115/08/26","114","4","3276","宇環","505097.00","512341.00","--","--","-7244.00","--","--","-7244.00","91600.00","--","-98844.00","78134.00","-20710.00","0.00","-20710.00","--","--","-20710.00","24150.00","--","3440.00","14640.00","--","-35350.00","38790.00","--","-35350.00","0.21"
"115/08/26","114","4","3284","太普高","868717.00","635216.00","--","--","233501.00","--","--","233501.00","107427.00","--","126074.00","145354.00","271428.00","31943.00","239485.00","--","--","239485.00","-16632.00","--","222853.00","243237.00","--","-3752.00","231006.00","--","-8153.00","2.31"
"115/08/26","114","4","3285","微端","678576.00","511173.00","--","--","167403.00","--","--","167403.00","143858.00","--","23545.00","17530.00","41075.00","7306.00","33769.00","--","--","33769.00","-6583.00","--","27186.00","29986.00","--","3783.00","24219.00","--","2967.00","0.70"
"115/08/26","114","4","3287","廣寰科","940854.00","718897.00","--","--","221957.00","--","--","221957.00","207119.00","--","14838.00","50692.00","65530.00","-474.00","66004.00","--","--","66004.00","3456.00","--","69460.00","65863.00","--","141.00","69319.00","--","141.00","1.50"
"115/08/26","114","4","3288","點晶","73476.00","25353.00","--","--","48123.00","--","--","48123.00","60212.00","--","-12089.00","2295.00","-9794.00","0.00","-9794.00","--","--","-9794.00","-2515.00","--","-12309.00","-9785.00","--","-9.00","-12300.00","--","-9.00","-0.64"
"115/08/26","114","4","3289","宜特","4842577.00","3536810.00","--","--","1305767.00","--","--","1305767.00","956055.00","--","349712.00","66068.00","415780.00","81097.00","334683.00","--","--","334683.00","19550.00","--","354233.00","367079.00","--","-32396.00","386629.00","--","-32396.00","4.81"
"115/08/26","114","4","3290","東浦","2325539.00","1621667.00","--","--","703872.00","--","--","703872.00","366547.00","--","337325.00","-31499.00","305826.00","84970.00","220856.00","--","--","220856.00","6722.00","--","227578.00","220856.00","--","--","227578.00","--","--","2.02"
"115/08/26","114","4","3293","鈊象","22032503.00","530648.00","--","--","21501855.00","--","--","21501855.00","8435969.00","--","13065886.00","17584.00","13083470.00","2231448.00","10852022.00","--","--","10852022.00","-4962.00","--","10847060.00","10851521.00","--","501.00","10846510.00","--","550.00","38.51"
"115/08/26","114","4","3294","英濟","3568957.00","3051025.00","--","--","517932.00","--","--","517932.00","581081.00","--","-63149.00","66268.00","3119.00","82048.00","-78929.00","--","--","-78929.00","39241.00","--","-39688.00","-64377.00","--","-14552.00","-24602.00","--","-15086.00","-0.49"
"115/08/26","114","4","3297","杭特","201520.00","131080.00","--","--","70440.00","0.00","0.00","70440.00","99223.00","--","-28783.00","48841.00","20058.00","2982.00","17076.00","--","--","17076.00","--","--","17076.00","17076.00","--","--","17076.00","--","--","0.47"
"115/08/26","114","4","3303","岱稜","3007421.00","1878681.00","--","--","1128740.00","--","--","1128740.00","661751.00","--","466989.00","104563.00","571552.00","135536.00","436016.00","--","--","436016.00","28149.00","--","464165.00","428333.00","--","7683.00","456454.00","--","7711.00","4.57"
"115/08/26","114","4","3306","鼎天","1082883.00","809441.00","--","--","273442.00","--","--","273442.00","305261.00","1861.00","-29958.00","129656.00","99698.00","1093.00","98605.00","--","--","98605.00","-79258.00","--","19347.00","98605.00","--","--","19347.00","--","--","1.95"
"115/08/26","114","4","3310","佳穎","2670413.00","2039523.00","--","--","630890.00","--","--","630890.00","316188.00","--","314702.00","-16564.00","298138.00","64713.00","233425.00","--","--","233425.00","-34769.00","--","198656.00","241558.00","--","-8133.00","206789.00","--","-8133.00","3.39"
"115/08/26","114","4","3313","斐成","11390.00","17909.00","--","--","-6519.00","--","--","-6519.00","74483.00","--","-81002.00","6964.00","-74038.00","-272.00","-73766.00","--","--","-73766.00","--","--","-73766.00","-73673.00","--","-93.00","-73673.00","--","-93.00","-0.35"
"115/08/26","114","4","3317","尼克森","2706411.00","1959031.00","--","--","747380.00","--","--","747380.00","422942.00","--","324438.00","-126502.00","197936.00","44538.00","153398.00","--","--","153398.00","1178.00","--","154576.00","149406.00","--","3992.00","150584.00","--","3992.00","1.66"
"115/08/26","114","4","3322","建舜電","3004391.00","2591083.00","--","--","413308.00","--","--","413308.00","519952.00","--","-106644.00","-17915.00","-124559.00","-7829.00","-116730.00","--","--","-116730.00","41470.00","--","-75260.00","-116729.00","--","-1.00","-75259.00","--","-1.00","-0.96"
"115/08/26","114","4","3323","加百裕","4947657.00","4522196.00","--","--","425461.00","--","--","425461.00","624305.00","--","-198844.00","21935.00","-176909.00","87.00","-176996.00","--","--","-176996.00","-13512.00","--","-190508.00","-182624.00","--","5628.00","-196136.00","--","5628.00","-1.92"
"115/08/26","114","4","3324","雙鴻","23276344.00","16904440.00","--","--","6371904.00","--","--","6371904.00","3112975.00","--","3258929.00","18507.00","3277436.00","579681.00","2697755.00","--","--","2697755.00","-23458.00","--","2674297.00","2572128.00","--","125627.00","2597807.00","--","76490.00","28.26"
"115/08/26","114","4","3325","旭品","1268665.00","1202870.00","--","--","65795.00","--","--","65795.00","200210.00","--","-134415.00","-32859.00","-167274.00","-2427.00","-164847.00","--","--","-164847.00","8635.00","--","-156212.00","-147612.00","--","-17235.00","-141807.00","--","-14405.00","-1.64"
"115/08/26","114","4","3332","幸康","1595924.00","1014024.00","--","--","581900.00","--","--","581900.00","418860.00","--","163040.00","36370.00","199410.00","29513.00","169897.00","--","--","169897.00","-37517.00","--","132380.00","169897.00","--","--","132380.00","--","--","3.53"
"115/08/26","114","4","3339","泰谷","818791.00","777375.00","--","--","41416.00","--","--","41416.00","161403.00","--","-119987.00","-8443.00","-128430.00","-506.00","-127924.00","--","--","-127924.00","1563.00","--","-126361.00","-128283.00","--","359.00","-126720.00","--","359.00","-2.00"
"115/08/26","114","4","3349","寶德","479320.00","383069.00","--","--","96251.00","--","--","96251.00","122118.00","--","-25867.00","-8853.00","-34720.00","9172.00","-43892.00","--","--","-43892.00","-326.00","--","-44218.00","-43892.00","--","--","-44218.00","--","--","-1.02"
"115/08/26","114","4","3354","律勝","98659.00","86517.00","--","--","12142.00","--","--","12142.00","102936.00","--","-90794.00","15588.00","-75206.00","-16500.00","-58706.00","--","--","-58706.00","2494.00","--","-56212.00","-58706.00","--","--","-56212.00","--","--","-0.84"
"115/08/26","114","4","3357","臺慶科","6623818.00","4877989.00","--","--","1745829.00","1598.00","--","1744231.00","950360.00","--","793871.00","430607.00","1224478.00","182291.00","1042187.00","--","--","1042187.00","132146.00","--","1174333.00","1055748.00","--","-13561.00","1177951.00","--","-3618.00","10.26"
"115/08/26","114","4","3360","尚立","7343384.00","7043536.00","--","--","299848.00","--","--","299848.00","308777.00","--","-8929.00","-33544.00","-42473.00","19907.00","-62380.00","--","--","-62380.00","-9779.00","--","-72159.00","-36457.00","--","-25923.00","-45811.00","--","-26348.00","-0.48"
"115/08/26","114","4","3362","先進光","4316601.00","3497420.00","--","--","819181.00","--","--","819181.00","778210.00","--","40971.00","-199508.00","-158537.00","-3903.00","-154634.00","--","--","-154634.00","1485.00","--","-153149.00","-153742.00","--","-892.00","-152255.00","--","-894.00","-1.08"
"115/08/26","114","4","3363","上詮","1891994.00","1537079.00","--","--","354915.00","--","--","354915.00","354427.00","--","488.00","22324.00","22812.00","6618.00","16194.00","--","--","16194.00","-42033.00","--","-25839.00","16194.00","--","--","-25839.00","--","--","0.16"
"115/08/26","114","4","3372","典範","1099072.00","1221108.00","--","--","-122036.00","--","--","-122036.00","93313.00","--","-215349.00","1660.00","-213689.00","0.00","-213689.00","--","--","-213689.00","1649.00","--","-212040.00","--","--","--","--","--","--","-1.22"
"115/08/26","114","4","3373","熱映","387578.00","327570.00","--","--","60008.00","--","--","60008.00","130365.00","--","-70357.00","-4285.00","-74642.00","-14194.00","-60448.00","--","--","-60448.00","-11641.00","--","-72089.00","-60448.00","--","--","-72089.00","--","--","-1.27"
"115/08/26","114","4","3374","精材","7238545.00","5253823.00","--","--","1984722.00","--","--","1984722.00","507834.00","114183.00","1591071.00","-26076.00","1564995.00","211462.00","1353533.00","--","--","1353533.00","-8536.00","--","1344997.00","--","--","--","--","--","--","4.99"
"115/08/26","114","4","3379","彬台","1978984.00","1717559.00","--","--","261425.00","--","--","261425.00","195137.00","--","66288.00","29650.00","95938.00","15273.00","80665.00","--","--","80665.00","5837.00","--","86502.00","80665.00","--","--","86502.00","--","--","2.12"
"115/08/26","114","4","3388","崇越電","7363838.00","6068649.00","--","--","1295189.00","--","--","1295189.00","838454.00","--","456735.00","9269.00","466004.00","149820.00","316184.00","--","--","316184.00","-123323.00","--","192861.00","307545.00","--","8639.00","184215.00","--","8646.00","4.15"
"115/08/26","114","4","3390","旭軟","792260.00","680616.00","--","--","111644.00","--","--","111644.00","144384.00","--","-32740.00","-19886.00","-52626.00","-10383.00","-42243.00","--","--","-42243.00","15590.00","--","-26653.00","-42243.00","--","0.00","-26653.00","--","--","-0.55"
"115/08/26","114","4","3402","漢科","5245806.00","3985750.00","--","--","1260056.00","--","--","1260056.00","550071.00","--","709985.00","34298.00","744283.00","196529.00","547754.00","--","--","547754.00","15198.00","--","562952.00","547754.00","--","--","562952.00","--","--","7.50"
"115/08/26","114","4","3430","奇鈦科","1710908.00","1317871.00","--","--","393037.00","--","--","393037.00","238477.00","--","154560.00","-5489.00","149071.00","42719.00","106352.00","--","--","106352.00","-5198.00","--","101154.00","106352.00","--","--","101154.00","--","--","3.15"
"115/08/26","114","4","3434","哲固","691327.00","559553.00","--","--","131774.00","--","--","131774.00","103322.00","--","28452.00","-9371.00","19081.00","3368.00","15713.00","--","--","15713.00","4.00","--","15717.00","15713.00","--","--","15717.00","--","--","0.47"
"115/08/26","114","4","3438","類比科","1010786.00","668685.00","--","--","342101.00","--","--","342101.00","319597.00","--","22504.00","26120.00","48624.00","1535.00","47089.00","--","--","47089.00","53039.00","--","100128.00","--","--","--","--","--","--","1.00"
"115/08/26","114","4","3441","聯一光電","425484.00","288089.00","--","--","137395.00","--","--","137395.00","77883.00","--","59512.00","4118.00","63630.00","19836.00","43794.00","--","--","43794.00","-16668.00","--","27126.00","42569.00","--","1225.00","26107.00","--","1019.00","1.06"
"115/08/26","114","4","3444","利機","1275038.00","1007307.00","--","--","267731.00","--","--","267731.00","193197.00","--","74534.00","36005.00","110539.00","13942.00","96597.00","--","--","96597.00","-1803.00","--","94794.00","96597.00","--","0.00","94794.00","--","--","2.15"
"115/08/26","114","4","3455","由田","1675344.00","774277.00","--","--","901067.00","--","--","901067.00","771183.00","--","129884.00","37268.00","167152.00","7240.00","159912.00","--","--","159912.00","7677.00","--","167589.00","159912.00","--","--","167589.00","--","--","2.67"
"115/08/26","114","4","3465","進泰電子","1675949.00","1342419.00","--","--","333530.00","--","--","333530.00","297612.00","--","35918.00","-39963.00","-4045.00","11942.00","-15987.00","--","--","-15987.00","-32175.00","--","-48162.00","1238.00","--","-17225.00","-30355.00","--","-17807.00","0.04"
"115/08/26","114","4","3466","德晉","76702.00","105815.00","--","--","-29113.00","--","--","-29113.00","47631.00","--","-76744.00","-3497.00","-80241.00","1534.00","-81775.00","--","--","-81775.00","6336.00","--","-75439.00","-81775.00","--","--","-75439.00","--","--","-1.11"
"115/08/26","114","4","3467","台灣精材","613768.00","494030.00","--","--","119738.00","--","--","119738.00","100979.00","--","18759.00","2198.00","20957.00","3203.00","17754.00","--","--","17754.00","-53.00","--","17701.00","--","--","--","--","--","--","0.58"
"115/08/26","114","4","3479","安勤","8480972.00","6294894.00","--","--","2186078.00","0.00","0.00","2186078.00","1478190.00","0.00","707888.00","61760.00","769648.00","228796.00","540852.00","--","--","540852.00","-102001.00","--","438851.00","467821.00","--","73031.00","377097.00","0.00","61754.00","6.45"
"115/08/26","114","4","3483","力致","9003074.00","7245520.00","--","--","1757554.00","--","--","1757554.00","1455552.00","--","302002.00","181823.00","483825.00","114156.00","369669.00","--","--","369669.00","14254.00","--","383923.00","369669.00","--","--","383923.00","--","--","3.74"
"115/08/26","114","4","3484","崧騰","4630799.00","3472388.00","--","--","1158411.00","--","--","1158411.00","741731.00","--","416680.00","55668.00","472348.00","138906.00","333442.00","--","--","333442.00","-94703.00","--","238739.00","335124.00","--","-1682.00","242396.00","--","-3657.00","4.27"
"115/08/26","114","4","3485","敘豐","549067.00","242789.00","--","--","306278.00","--","--","306278.00","58655.00","--","247623.00","7170.00","254793.00","52994.00","201799.00","--","--","201799.00","-1732.00","--","200067.00","201799.00","--","--","200067.00","--","--","5.90"
"115/08/26","114","4","3489","森寶","719065.00","672014.00","--","--","47051.00","--","--","47051.00","37617.00","294.00","9728.00","-1822.00","7906.00","16357.00","-8451.00","--","--","-8451.00","--","--","-8451.00","-8451.00","--","--","-8451.00","--","--","-0.09"
"115/08/26","114","4","3490","單井","255765.00","205552.00","--","--","50213.00","--","--","50213.00","85409.00","--","-35196.00","36753.00","1557.00","-1465.00","3022.00","--","--","3022.00","491.00","--","3513.00","3022.00","--","--","3513.00","--","--","0.05"
"115/08/26","114","4","3491","昇達科","2452164.00","1198297.00","--","--","1253867.00","--","--","1253867.00","679413.00","--","574454.00","66624.00","641078.00","121970.00","519108.00","--","--","519108.00","59979.00","--","579087.00","518351.00","--","757.00","578383.00","--","704.00","7.83"
"115/08/26","114","4","3492","長盛","851747.00","587606.00","--","--","264141.00","--","--","264141.00","198757.00","--","65384.00","9490.00","74874.00","11855.00","63019.00","0.00","--","63019.00","-1930.00","--","61089.00","63019.00","0.00","0.00","61089.00","0.00","0.00","1.77"
"115/08/26","114","4","3498","陽程","1358070.00","841142.00","--","--","516928.00","--","--","516928.00","389698.00","--","127230.00","24354.00","151584.00","123201.00","28383.00","--","--","28383.00","-10202.00","--","18181.00","29117.00","--","-734.00","18898.00","--","-717.00","0.48"
"115/08/26","114","4","3499","環天科","357711.00","278014.00","--","--","79697.00","--","--","79697.00","139268.00","--","-59571.00","2801.00","-56770.00","14790.00","-71560.00","--","--","-71560.00","-4579.00","--","-76139.00","-71560.00","--","0.00","-76139.00","--","0.00","-1.30"
"115/08/26","114","4","3508","位速","827922.00","780007.00","--","--","47915.00","--","--","47915.00","235857.00","--","-187942.00","29732.00","-158210.00","3731.00","-161941.00","0.00","--","-161941.00","-10032.00","--","-171973.00","-155656.00","--","-6285.00","-165711.00","--","-6262.00","-1.51"
"115/08/26","114","4","3511","矽瑪","1752255.00","1533054.00","--","--","219201.00","--","--","219201.00","364416.00","--","-145215.00","2926.00","-142289.00","-12325.00","-129964.00","--","--","-129964.00","-2563.00","--","-132527.00","-94216.00","--","-35748.00","-96779.00","--","-35748.00","-1.18"
"115/08/26","114","4","3512","皇龍","1433434.00","931889.00","--","--","501545.00","--","--","501545.00","169725.00","--","331820.00","8660.00","340480.00","72750.00","267730.00","--","--","267730.00","0.00","--","267730.00","267730.00","--","--","267730.00","--","--","2.44"
"115/08/26","114","4","3516","亞帝歐","1048552.00","903625.00","--","--","144927.00","--","--","144927.00","198258.00","--","-53331.00","60648.00","7317.00","5774.00","1543.00","--","--","1543.00","-22581.00","--","-21038.00","16377.00","--","-14834.00","-6204.00","--","-14834.00","0.27"
"115/08/26","114","4","3520","華盈","1208221.00","1047421.00","--","--","160800.00","--","--","160800.00","158165.00","--","2635.00","-10760.00","-8125.00","-465.00","-7660.00","--","--","-7660.00","-4855.00","--","-12515.00","-6600.00","--","-1060.00","-11391.00","--","-1124.00","-0.10"
"115/08/26","114","4","3521","台鋼建設","246806.00","199716.00","--","--","47090.00","--","--","47090.00","78434.00","--","-31344.00","47652.00","16308.00","25474.00","-9166.00","--","--","-9166.00","33696.00","--","24530.00","-9166.00","--","0.00","24530.00","--","0.00","-0.07"
"115/08/26","114","4","3522","御嵿","1150713.00","642427.00","--","--","508286.00","--","--","508286.00","724335.00","--","-216049.00","-21711.00","-237760.00","4041.00","-241801.00","--","--","-241801.00","61622.00","--","-180179.00","-223387.00","--","-18414.00","-161765.00","--","-18414.00","-2.66"
"115/08/26","114","4","3523","迎輝","106622.00","156890.00","--","--","-50268.00","--","--","-50268.00","85773.00","--","-136041.00","53942.00","-82099.00","10121.00","-92220.00","--","--","-92220.00","0.00","--","-92220.00","-92918.00","--","698.00","-92918.00","--","698.00","-1.45"
"115/08/26","114","4","3526","凡甲","3928253.00","1967783.00","--","--","1960470.00","--","--","1960470.00","682845.00","--","1277625.00","74139.00","1351764.00","246072.00","1105692.00","--","--","1105692.00","-58724.00","--","1046968.00","1105692.00","--","--","1046968.00","0.00","0.00","16.97"
"115/08/26","114","4","3527","聚積","1448880.00","886465.00","--","--","562415.00","--","--","562415.00","690533.00","--","-128118.00","55114.00","-73004.00","8834.00","-81838.00","--","--","-81838.00","1321.00","--","-80517.00","-81838.00","--","--","-80517.00","--","--","-1.84"
"115/08/26","114","4","3529","力旺","3849053.00","0.00","--","--","3849053.00","--","--","3849053.00","1596716.00","--","2252337.00","32193.00","2284530.00","365917.00","1918613.00","--","--","1918613.00","-1920.00","--","1916693.00","1911849.00","--","6764.00","1909973.00","--","6720.00","25.60"
"115/08/26","114","4","3531","先益","1295459.00","1070052.00","--","--","225407.00","--","--","225407.00","228217.00","--","-2810.00","45784.00","42974.00","27314.00","15660.00","--","--","15660.00","-8529.00","--","7131.00","18062.00","--","-2402.00","9533.00","--","-2402.00","0.30"
"115/08/26","114","4","3537","堡達","2921435.00","2507319.00","--","--","414116.00","0.00","-520.00","413596.00","201514.00","0.00","212082.00","-32592.00","179490.00","38296.00","141194.00","0.00","--","141194.00","-1937.00","--","139257.00","141194.00","--","--","139257.00","--","--","2.51"
"115/08/26","114","4","3540","曜越","5137922.00","3522269.00","--","--","1615653.00","--","--","1615653.00","1517740.00","--","97913.00","-37026.00","60887.00","14183.00","46704.00","--","--","46704.00","-65719.00","--","-19015.00","53757.00","--","-7053.00","-11962.00","--","-7053.00","0.74"
"115/08/26","114","4","3541","西柏","1080760.00","703245.00","--","--","377515.00","--","--","377515.00","441971.00","--","-64456.00","14005.00","-50451.00","-4211.00","-46240.00","--","--","-46240.00","1132.00","--","-45108.00","-46240.00","--","--","-45108.00","--","--","-0.83"
"115/08/26","114","4","3546","宇峻","1422867.00","95077.00","--","--","1327790.00","--","--","1327790.00","1177905.00","--","149885.00","-20335.00","129550.00","14477.00","115073.00","--","--","115073.00","-6788.00","--","108285.00","115073.00","--","--","108285.00","--","--","1.97"
"115/08/26","114","4","3548","兆利","9405433.00","8281263.00","--","--","1124170.00","--","--","1124170.00","872675.00","--","251495.00","17017.00","268512.00","117772.00","150740.00","--","--","150740.00","2762.00","--","153502.00","150740.00","--","--","153502.00","--","--","2.23"
"115/08/26","114","4","3551","世禾","2991905.00","1914538.00","--","--","1077367.00","--","--","1077367.00","555888.00","--","521479.00","68381.00","589860.00","110567.00","479293.00","--","--","479293.00","3677.00","--","482970.00","479293.00","--","--","482970.00","--","--","8.36"
"115/08/26","114","4","3552","同致","8461001.00","6868909.00","--","--","1592092.00","--","--","1592092.00","1579428.00","--","12664.00","59196.00","71860.00","5916.00","65944.00","--","--","65944.00","5840.00","--","71784.00","65944.00","--","--","71784.00","--","--","0.67"
"115/08/26","114","4","3555","博士旺","282476.00","252588.00","--","--","29888.00","--","--","29888.00","54160.00","--","-24272.00","60487.00","36215.00","0.00","36215.00","--","--","36215.00","-952.00","--","35263.00","44259.00","--","-8044.00","43617.00","--","-8354.00","1.28"
"115/08/26","114","4","3556","禾瑞亞","967468.00","506947.00","--","--","460521.00","--","--","460521.00","348799.00","--","111722.00","32200.00","143922.00","22407.00","121515.00","--","--","121515.00","-712.00","--","120803.00","136683.00","--","-15168.00","136258.00","--","-15455.00","2.15"
"115/08/26","114","4","3558","神準","15035668.00","12660471.00","--","--","2375197.00","--","--","2375197.00","2108107.00","134356.00","401446.00","89427.00","490873.00","67377.00","423496.00","--","--","423496.00","-55362.00","--","368134.00","307052.00","--","116444.00","253669.00","--","114465.00","5.20"
"115/08/26","114","4","3564","其陽","2496996.00","1924524.00","--","--","572472.00","--","--","572472.00","506819.00","--","65653.00","-13010.00","52643.00","14295.00","38348.00","--","--","38348.00","2151.00","--","40499.00","38348.00","--","--","40499.00","--","--","0.65"
"115/08/26","114","4","3567","逸昌","281056.00","192039.00","--","--","89017.00","--","--","89017.00","46562.00","--","42455.00","2826.00","45281.00","9131.00","36150.00","--","--","36150.00","-2480.00","--","33670.00","--","--","--","--","--","--","1.06"
"115/08/26","114","4","3570","大塚","2433415.00","1737780.00","--","--","695635.00","--","--","695635.00","395541.00","--","300094.00","1516.00","301610.00","63110.00","238500.00","--","--","238500.00","1522.00","--","240022.00","238500.00","--","--","240022.00","--","--","13.95"
"115/08/26","114","4","3577","泓格","1171923.00","542357.00","--","--","629566.00","--","--","629566.00","446212.00","2271.00","185625.00","4231.00","189856.00","38061.00","151795.00","--","--","151795.00","951.00","--","152746.00","151795.00","--","--","152746.00","--","--","2.37"
"115/08/26","114","4","3580","友威科","432068.00","198383.00","--","--","233685.00","--","--","233685.00","145489.00","--","88196.00","6378.00","94574.00","18180.00","76394.00","--","--","76394.00","-3456.00","--","72938.00","76394.00","--","--","72938.00","--","--","1.94"
"115/08/26","114","4","3581","博磊","1569787.00","1050217.00","--","--","519570.00","--","--","519570.00","407137.00","--","112433.00","9538.00","121971.00","34649.00","87322.00","--","--","87322.00","9349.00","--","96671.00","41070.00","--","46252.00","50419.00","--","46252.00","0.81"
"115/08/26","114","4","3587","閎康","5545347.00","3964221.00","--","--","1581126.00","0.00","0.00","1581126.00","1024846.00","--","556280.00","-4809.00","551471.00","144376.00","407095.00","--","--","407095.00","2682.00","--","409777.00","407095.00","--","--","409777.00","--","--","6.10"
"115/08/26","114","4","3594","磐儀","2025562.00","1216991.00","--","--","808571.00","0.00","0.00","808571.00","721949.00","--","86622.00","-22501.00","64121.00","6095.00","58026.00","--","--","58026.00","-13485.00","--","44541.00","46660.00","--","11366.00","35268.00","--","9273.00","0.49"
"115/08/26","114","4","3597","映興","860478.00","657085.00","--","--","203393.00","--","--","203393.00","149548.00","--","53845.00","-11864.00","41981.00","28666.00","13315.00","--","--","13315.00","5661.00","--","18976.00","13315.00","--","--","18976.00","--","--","0.34"
"115/08/26","114","4","3609","三一東林","665195.00","591456.00","--","--","73739.00","--","--","73739.00","214810.00","--","-141071.00","392236.00","251165.00","4646.00","246519.00","--","--","246519.00","-1049.00","--","245470.00","246519.00","--","--","245470.00","--","--","6.42"
"115/08/26","114","4","3611","鼎翰","11529034.00","7808715.00","--","--","3720319.00","--","--","3720319.00","2582578.00","--","1137741.00","-19909.00","1117832.00","181269.00","936563.00","--","--","936563.00","-114759.00","--","821804.00","932651.00","--","3912.00","817963.00","--","3841.00","19.63"
"115/08/26","114","4","3615","安可","927631.00","718478.00","--","--","209153.00","--","--","209153.00","181732.00","--","27421.00","87625.00","115046.00","15583.00","99463.00","--","--","99463.00","-5354.00","--","94109.00","56440.00","--","43023.00","51086.00","--","43023.00","0.82"
"115/08/26","114","4","3623","富晶通","295310.00","299072.00","--","--","-3762.00","--","--","-3762.00","28445.00","--","-32207.00","27132.00","-5075.00","-295.00","-4780.00","--","--","-4780.00","7125.00","--","2345.00","--","--","--","--","--","--","-0.16"
"115/08/26","114","4","3624","光頡","2675360.00","1998731.00","--","--","676629.00","--","--","676629.00","416931.00","--","259698.00","20190.00","279888.00","58088.00","221800.00","--","--","221800.00","1744.00","--","223544.00","218179.00","--","3621.00","220739.00","--","2805.00","1.86"
"115/08/26","114","4","3625","西勝","402267.00","356204.00","--","--","46063.00","--","--","46063.00","208282.00","--","-162219.00","118768.00","-43451.00","21798.00","-65249.00","--","--","-65249.00","-4341.00","--","-69590.00","-65249.00","--","--","-69590.00","--","--","-0.60"
"115/08/26","114","4","3628","盈正","3355284.00","2357374.00","--","--","997910.00","--","--","997910.00","747421.00","--","250489.00","-11849.00","238640.00","58283.00","180357.00","--","--","180357.00","-124465.00","--","55892.00","180903.00","--","-546.00","57051.00","--","-1159.00","4.02"
"115/08/26","114","4","3629","地心引力","15204.00","11788.00","--","--","3416.00","--","--","3416.00","32423.00","--","-29007.00","-1324.00","-30331.00","-8844.00","-21487.00","--","--","-21487.00","-295.00","--","-21782.00","-21487.00","--","--","-21782.00","--","--","-0.65"
"115/08/26","114","4","3630","新鉅科","2268421.00","2082160.00","--","--","186261.00","--","--","186261.00","679567.00","--","-493306.00","869035.00","375729.00","0.00","375729.00","--","--","375729.00","-21992.00","--","353737.00","375729.00","--","--","353737.00","--","--","1.86"
"115/08/26","114","4","3631","晟楠","29333.00","21197.00","--","--","8136.00","--","--","8136.00","109829.00","--","-101693.00","804.00","-100889.00","-23190.00","-77699.00","--","--","-77699.00","-10674.00","--","-88373.00","-57428.00","--","-20271.00","-68102.00","--","-20271.00","-0.70"
"115/08/26","114","4","3632","研勤","264909.00","118566.00","--","--","146343.00","--","--","146343.00","158861.00","--","-12518.00","1311.00","-11207.00","3545.00","-14752.00","--","--","-14752.00","-121.00","--","-14873.00","-15588.00","--","836.00","-15535.00","--","662.00","-0.38"
"115/08/26","114","4","3646","艾恩特","667808.00","480803.00","--","--","187005.00","--","--","187005.00","160973.00","--","26032.00","6550.00","32582.00","10380.00","22202.00","--","--","22202.00","5994.00","--","28196.00","22202.00","--","--","28196.00","--","--","0.56"
"115/08/26","114","4","3663","鑫科","5714969.00","5492807.00","--","--","222162.00","--","--","222162.00","228545.00","--","-6383.00","23591.00","17208.00","17857.00","-649.00","--","--","-649.00","100838.00","--","100189.00","-8207.00","0.00","7558.00","89747.00","0.00","10442.00","-0.08"
"115/08/26","114","4","3664","安瑞-KY","537896.00","206636.00","--","--","331260.00","--","--","331260.00","653303.00","--","-322043.00","-19353.00","-341396.00","15392.00","-356788.00","--","--","-356788.00","-22686.00","--","-379474.00","-356859.00","--","71.00","-379547.00","--","73.00","-6.02"
"115/08/26","114","4","3666","光耀","475422.00","527593.00","--","--","-52171.00","--","--","-52171.00","183511.00","--","-235682.00","-11725.00","-247407.00","3003.00","-250410.00","--","--","-250410.00","-38001.00","--","-288411.00","-250410.00","--","--","-288411.00","--","--","-3.45"
"115/08/26","114","4","3672","康聯訊","234349.00","154567.00","--","--","79782.00","--","--","79782.00","158068.00","--","-78286.00","926.00","-77360.00","1129.00","-78489.00","--","--","-78489.00","5024.00","--","-73465.00","-78450.00","--","-39.00","-73427.00","--","-38.00","-2.25"
"115/08/26","114","4","3675","德微","2636632.00","1721600.00","--","--","915032.00","0.00","0.00","915032.00","697462.00","--","217570.00","-36507.00","181063.00","28640.00","152423.00","--","--","152423.00","233.00","--","152656.00","143462.00","0.00","8961.00","143695.00","0.00","8961.00","2.67"
"115/08/26","114","4","3680","家登","7347242.00","4270528.00","--","--","3076714.00","--","--","3076714.00","1980926.00","--","1095788.00","131604.00","1227392.00","228973.00","998419.00","--","--","998419.00","-544785.00","--","453634.00","905287.00","--","93132.00","374744.00","--","78890.00","9.43"
"115/08/26","114","4","3684","榮昌","1149758.00","776765.00","--","--","372993.00","--","--","372993.00","249318.00","--","123675.00","5164.00","128839.00","23911.00","104928.00","--","--","104928.00","-2146.00","--","102782.00","104928.00","--","--","102782.00","--","--","3.50"
"115/08/26","114","4","3685","元創精密","1196194.00","947294.00","--","--","248900.00","--","--","248900.00","196893.00","--","52007.00","-101534.00","-49527.00","37179.00","-86706.00","--","--","-86706.00","-18855.00","--","-105561.00","-81194.00","--","-5512.00","-96252.00","--","-9309.00","-1.02"
"115/08/26","114","4","3687","歐買尬","1827768.00","1090694.00","--","--","737074.00","--","--","737074.00","465478.00","--","271596.00","466285.00","737881.00","80202.00","657679.00","--","--","657679.00","-20381.00","--","637298.00","140505.00","--","517174.00","134718.00","--","502580.00","4.67"
"115/08/26","114","4","3689","湧德","6206984.00","4349149.00","--","--","1857835.00","--","--","1857835.00","1031755.00","--","826080.00","65480.00","891560.00","220407.00","671153.00","--","--","671153.00","-60040.00","--","611113.00","652156.00","--","18997.00","591594.00","--","19519.00","7.55"
"115/08/26","114","4","3691","碩禾","5812092.00","5309134.00","--","--","502958.00","--","--","502958.00","961137.00","--","-458179.00","-274513.00","-732692.00","59224.00","-791916.00","--","--","-791916.00","101505.00","--","-690411.00","-699885.00","--","-92031.00","-626300.00","--","-64111.00","-7.62"
"115/08/26","114","4","3693","營邦","7516293.00","5354084.00","--","--","2162209.00","--","--","2162209.00","1284385.00","--","877824.00","-54673.00","823151.00","193981.00","629170.00","--","--","629170.00","-31594.00","--","597576.00","666179.00","--","-37009.00","639166.00","--","-41590.00","15.50"
"115/08/26","114","4","3707","漢磊","5765972.00","5956419.00","--","--","-190447.00","--","--","-190447.00","678751.00","--","-869198.00","130925.00","-738273.00","10618.00","-748891.00","--","--","-748891.00","763.00","--","-748128.00","-757494.00","--","8603.00","-759275.00","--","11147.00","-1.97"
"115/08/26","114","4","3709","鑫聯大投控","40975406.00","38480470.00","--","--","2494936.00","--","--","2494936.00","1201995.00","--","1292941.00","-70593.00","1222348.00","375383.00","846965.00","--","--","846965.00","-11261.00","--","835704.00","849138.00","--","-2173.00","838074.00","--","-2370.00","7.11"
"115/08/26","114","4","3710","連展投控","6945343.00","5587822.00","--","--","1357521.00","--","--","1357521.00","1571337.00","--","-213816.00","-133835.00","-347651.00","49045.00","-396696.00","--","--","-396696.00","-9962.00","--","-406658.00","-423758.00","--","27062.00","-424557.00","--","17899.00","-1.48"
"115/08/26","114","4","3713","新晶投控","324122.00","282151.00","--","--","41971.00","--","422.00","42393.00","99248.00","27054.00","-29801.00","-52910.00","-82711.00","7816.00","-90527.00","--","--","-90527.00","11.00","--","-90516.00","-91686.00","--","1159.00","-91675.00","--","1159.00","-1.13"
"115/08/26","114","4","4102","永日","474221.00","379651.00","--","--","94570.00","--","--","94570.00","114395.00","--","-19825.00","9299.00","-10526.00","-460.00","-10066.00","--","--","-10066.00","-13019.00","--","-23085.00","-14364.00","--","4298.00","-27383.00","--","4298.00","-0.34"
"115/08/26","114","4","4105","東洋","6452948.00","2732425.00","--","--","3720523.00","12023.00","12053.00","3720553.00","2016594.00","--","1703959.00","421219.00","2125178.00","470474.00","1654704.00","--","--","1654704.00","-30738.00","--","1623966.00","1559125.00","--","95579.00","1531530.00","--","92436.00","6.27"
"115/08/26","114","4","4107","邦特","2135451.00","1198516.00","--","--","936935.00","--","--","936935.00","266656.00","--","670279.00","4342.00","674621.00","135436.00","539185.00","--","--","539185.00","-26576.00","--","512609.00","539185.00","--","--","512609.00","--","--","7.78"
"115/08/26","114","4","4109","加捷生醫","485403.00","335067.00","--","--","150336.00","--","--","150336.00","149626.00","--","710.00","59154.00","59864.00","7745.00","52119.00","--","--","52119.00","1521.00","--","53640.00","50260.00","--","1859.00","51632.00","--","2008.00","0.43"
"115/08/26","114","4","4111","濟生","1376480.00","832816.00","--","--","543664.00","--","--","543664.00","344361.00","--","199303.00","7500.00","206803.00","42523.00","164280.00","--","--","164280.00","-1113.00","--","163167.00","--","--","--","--","--","--","2.75"
"115/08/26","114","4","4113","聯上","610175.00","485051.00","--","--","125124.00","--","--","125124.00","127667.00","--","-2543.00","-79778.00","-82321.00","17713.00","-100034.00","--","--","-100034.00","-3059.00","--","-103093.00","--","--","--","--","--","--","-0.43"
"115/08/26","114","4","4114","健喬","6189262.00","3510617.00","--","--","2678645.00","--","--","2678645.00","1900125.00","-43.00","778477.00","21167.00","799644.00","181219.00","618425.00","--","--","618425.00","-31256.00","--","587169.00","821849.00","--","-203424.00","790518.00","--","-203349.00","1.66"
"115/08/26","114","4","4116","明基醫","5253989.00","3564478.00","--","--","1689511.00","0.00","0.00","1689511.00","1347092.00","--","342419.00","-7842.00","334577.00","116956.00","217621.00","--","--","217621.00","-8718.00","--","208903.00","78172.00","0.00","139449.00","77964.00","0.00","130939.00","1.75"
"115/08/26","114","4","4120","友華","4595102.00","2357842.00","--","--","2237260.00","--","--","2237260.00","2547799.00","--","-310539.00","37507.00","-273032.00","207155.00","-480187.00","--","--","-480187.00","1581627.00","--","1101440.00","-567391.00","--","87204.00","1011034.00","--","90406.00","-6.54"
"115/08/26","114","4","4121","優盛","3799559.00","2493353.00","--","--","1306206.00","--","--","1306206.00","1378888.00","--","-72682.00","10259.00","-62423.00","6171.00","-68594.00","--","--","-68594.00","-1542.00","--","-70136.00","-29897.00","--","-38697.00","-30778.00","--","-39358.00","-0.36"
"115/08/26","114","4","4123","晟德","1516190.00","894932.00","--","--","621258.00","--","--","621258.00","533995.00","-448884.00","-361621.00","11930258.00","11568637.00","2245812.00","9322825.00","--","--","9322825.00","77506.00","--","9400331.00","9322825.00","--","0.00","9400331.00","--","0.00","12.33"
"115/08/26","114","4","4126","太醫","2405903.00","1667015.00","--","--","738888.00","--","--","738888.00","265542.00","--","473346.00","3175.00","476521.00","93651.00","382870.00","--","--","382870.00","5246.00","--","388116.00","--","--","--","--","--","--","5.27"
"115/08/26","114","4","4127","天良","511793.00","223857.00","--","--","287936.00","--","--","287936.00","304078.00","--","-16142.00","4391.00","-11751.00","-1500.00","-10251.00","--","--","-10251.00","6366.00","--","-3885.00","-10251.00","--","--","-3885.00","--","--","-0.22"
"115/08/26","114","4","4128","中天","1894112.00","1140657.00","--","--","753455.00","--","--","753455.00","1160567.00","492.00","-406620.00","-544963.00","-951583.00","1956.00","-953539.00","--","--","-953539.00","-735298.00","--","-1688837.00","-757746.00","--","-195793.00","-1413137.00","--","-275700.00","-1.29"
"115/08/26","114","4","4129","聯合","5655418.00","1255883.00","--","--","4399535.00","--","7274.00","4406809.00","3666090.00","--","740719.00","15681.00","756400.00","184929.00","571471.00","--","--","571471.00","14480.00","--","585951.00","562497.00","--","8974.00","575263.00","--","10688.00","5.83"
"115/08/26","114","4","4131","浩泰","244656.00","158203.00","--","--","86453.00","--","--","86453.00","149242.00","--","-62789.00","26640.00","-36149.00","-1904.00","-34245.00","--","--","-34245.00","-3393.00","--","-37638.00","-30870.00","--","-3375.00","-34263.00","--","-3375.00","-0.78"
"115/08/26","114","4","4138","曜亞","1386760.00","775356.00","--","--","611404.00","--","--","611404.00","421414.00","--","189990.00","27832.00","217822.00","38063.00","179759.00","--","--","179759.00","131072.00","--","310831.00","152059.00","--","27700.00","283016.00","--","27815.00","3.81"
"115/08/26","114","4","4139","馬光-KY","1092508.00","953736.00","--","--","138772.00","--","--","138772.00","164938.00","--","-26166.00","-41669.00","-67835.00","12842.00","-80677.00","--","--","-80677.00","-12684.00","--","-93361.00","-67082.00","--","-13595.00","-78244.00","--","-15117.00","-1.55"
"115/08/26","114","4","4147","中裕","611350.00","351899.00","--","--","259451.00","--","--","259451.00","454097.00","--","-194646.00","26870.00","-167776.00","0.00","-167776.00","--","--","-167776.00","-14992.00","--","-182768.00","-167776.00","--","--","-182768.00","--","--","-0.61"
"115/08/26","114","4","4153","鈺緯","868840.00","604699.00","--","--","264141.00","0.00","541.00","264682.00","162427.00","--","102255.00","6495.00","108750.00","18210.00","90540.00","--","--","90540.00","458.00","--","90998.00","90540.00","--","--","90998.00","--","--","1.54"
"115/08/26","114","4","4154","樂威科-KY","26763.00","46648.00","--","--","-19885.00","--","--","-19885.00","43697.00","--","-63582.00","-3520.00","-67102.00","-225.00","-66877.00","--","--","-66877.00","3225.00","--","-63652.00","-60567.00","--","-6310.00","-57857.00","--","-5795.00","-1.82"
"115/08/26","114","4","4157","太景*-KY","259474.00","18174.00","--","--","241300.00","--","--","241300.00","171905.00","--","69395.00","-11954.00","57441.00","12263.00","45178.00","--","--","45178.00","16278.00","--","61456.00","45178.00","--","--","61456.00","--","--","0.06"
"115/08/26","114","4","4160","訊聯基因","603113.00","352671.00","--","--","250442.00","--","--","250442.00","238620.00","--","11822.00","15596.00","27418.00","5962.00","21456.00","--","--","21456.00","76362.00","--","97818.00","21372.00","--","84.00","97734.00","--","84.00","0.80"
"115/08/26","114","4","4161","聿新科","837191.00","593681.00","--","--","243510.00","--","--","243510.00","176776.00","--","66734.00","18584.00","85318.00","15477.00","69841.00","--","--","69841.00","4241.00","--","74082.00","71192.00","--","-1351.00","75433.00","--","-1351.00","1.23"
"115/08/26","114","4","4162","智擎","911416.00","51853.00","--","--","859563.00","--","--","859563.00","434102.00","--","425461.00","83832.00","509293.00","121652.00","387641.00","--","--","387641.00","--","--","387641.00","--","--","--","--","--","--","2.70"
"115/08/26","114","4","4163","鐿鈦","2405149.00","1339123.00","--","--","1066026.00","--","--","1066026.00","779893.00","--","286133.00","7272.00","293405.00","55370.00","238035.00","--","--","238035.00","-15414.00","--","222621.00","249599.00","--","-11564.00","234149.00","--","-11528.00","5.13"
"115/08/26","114","4","4166","友霖","1400378.00","609657.00","--","--","790721.00","--","--","790721.00","529662.00","--","261059.00","-16414.00","244645.00","36207.00","208438.00","--","--","208438.00","-1599.00","--","206839.00","208438.00","--","--","206839.00","--","--","0.90"
"115/08/26","114","4","4167","松瑞藥","1201690.00","778283.00","--","--","423407.00","--","--","423407.00","241163.00","--","182244.00","351828.00","534072.00","432.00","533640.00","--","--","533640.00","--","--","533640.00","537449.00","--","-3809.00","537449.00","--","-3809.00","1.72"
"115/08/26","114","4","4168","醣聯","37861.00","14349.00","--","--","23512.00","--","--","23512.00","273321.00","--","-249809.00","15675.00","-234134.00","1094.00","-235228.00","--","--","-235228.00","-3080.00","--","-238308.00","-235228.00","--","--","-238308.00","--","--","-2.16"
"115/08/26","114","4","4171","瑞基","232741.00","71815.00","--","--","160926.00","--","--","160926.00","240789.00","--","-79863.00","-36603.00","-116466.00","-3537.00","-112929.00","--","--","-112929.00","-563.00","--","-113492.00","-110281.00","--","-2648.00","-110779.00","--","-2713.00","-1.93"
"115/08/26","114","4","4173","久裕","1546999.00","1236372.00","--","--","310627.00","--","--","310627.00","209185.00","--","101442.00","7768.00","109210.00","22418.00","86792.00","--","--","86792.00","92362.00","--","179154.00","86792.00","--","--","179154.00","--","--","1.16"
"115/08/26","114","4","4174","浩鼎","58575.00","136104.00","--","--","-77529.00","--","--","-77529.00","2091257.00","--","-2168786.00","-90694.00","-2259480.00","-2726.00","-2256754.00","--","--","-2256754.00","-4145.00","--","-2260899.00","-2052823.00","--","-203931.00","-2056968.00","--","-203931.00","-15.61"
"115/08/26","114","4","4175","杏一","8012666.00","5411946.00","--","--","2600720.00","--","--","2600720.00","2389842.00","--","210878.00","-24080.00","186798.00","31231.00","155567.00","--","--","155567.00","823.00","--","156390.00","155537.00","--","30.00","156495.00","--","-105.00","3.68"
"115/08/26","114","4","4183","福永生技","499704.00","412661.00","--","--","87043.00","--","--","87043.00","96140.00","--","-9097.00","-572.00","-9669.00","-1803.00","-7866.00","--","--","-7866.00","366.00","--","-7500.00","--","--","--","--","--","--","-0.33"
"115/08/26","114","4","4188","安克","30437.00","20414.00","--","--","10023.00","--","--","10023.00","97978.00","--","-87955.00","16552.00","-71403.00","-15.00","-71388.00","--","--","-71388.00","7848.00","--","-63540.00","-55719.00","--","-15669.00","-47871.00","--","-15669.00","-0.88"
"115/08/26","114","4","4192","杏國","27043.00","5955.00","--","--","21088.00","--","--","21088.00","68284.00","--","-47196.00","1441.00","-45755.00","0.00","-45755.00","--","--","-45755.00","-3305.00","--","-49060.00","-45755.00","--","0.00","-49060.00","--","0.00","-1.30"
"115/08/26","114","4","4198","欣大健康","204212.00","137098.00","--","--","67114.00","--","--","67114.00","113683.00","--","-46569.00","-1884.00","-48453.00","-510.00","-47943.00","--","--","-47943.00","12215.00","--","-35728.00","-47295.00","--","-648.00","-35080.00","--","-648.00","-1.96"
"115/08/26","114","4","4205","中華食","2055979.00","1231777.00","--","--","824202.00","--","--","824202.00","329017.00","--","495185.00","12803.00","507988.00","103513.00","404475.00","--","--","404475.00","1287.00","--","405762.00","--","--","--","--","--","--","4.14"
"115/08/26","114","4","4207","環泰","5164442.00","4154828.00","--","--","1009614.00","--","--","1009614.00","347413.00","--","662201.00","-30336.00","631865.00","161586.00","470279.00","--","--","470279.00","119183.00","--","589462.00","349346.00","--","120933.00","429532.00","--","159930.00","1.76"
"115/08/26","114","4","4303","信立","988134.00","812052.00","--","--","176082.00","--","--","176082.00","277148.00","--","-101066.00","1402517.00","1301451.00","241038.00","1060413.00","--","--","1060413.00","2557.00","--","1062970.00","1054458.00","--","5955.00","1056138.00","--","6832.00","11.15"
"115/08/26","114","4","4304","勝昱","340749.00","317463.00","--","--","23286.00","--","--","23286.00","67018.00","--","-43732.00","6.00","-43726.00","0.00","-43726.00","--","--","-43726.00","168524.00","--","124798.00","-43726.00","--","--","124798.00","--","--","-1.16"
"115/08/26","114","4","4305","世坤","1080249.00","740852.00","--","--","339397.00","--","--","339397.00","82969.00","--","256428.00","8426.00","264854.00","53885.00","210969.00","--","--","210969.00","991.00","--","211960.00","--","--","--","--","--","--","3.83"
"115/08/26","114","4","4401","東隆興","3895095.00","3574907.00","--","--","320188.00","--","--","320188.00","219315.00","--","100873.00","40938.00","141811.00","33385.00","108426.00","--","--","108426.00","-8716.00","--","99710.00","89456.00","--","18970.00","82890.00","--","16820.00","0.73"
"115/08/26","114","4","4402","郡都開發","23719.00","19611.00","--","--","4108.00","--","--","4108.00","21774.00","--","-17666.00","8755.00","-8911.00","-148.00","-8763.00","--","--","-8763.00","0.00","--","-8763.00","-8763.00","--","0.00","-8763.00","--","0.00","-0.13"
"115/08/26","114","4","4406","新昕纖","479281.00","499974.00","--","--","-20693.00","--","--","-20693.00","39764.00","--","-60457.00","5353.00","-55104.00","213.00","-55317.00","--","--","-55317.00","88080.00","--","32763.00","--","--","--","--","--","--","-1.07"
"115/08/26","114","4","4413","飛寶企業","862214.00","750654.00","--","--","111560.00","--","--","111560.00","115624.00","--","-4064.00","20506.00","16442.00","0.00","16442.00","--","--","16442.00","-19.00","--","16423.00","16442.00","--","--","16423.00","--","--","0.53"
"115/08/26","114","4","4416","三圓","1455204.00","937884.00","--","--","517320.00","--","--","517320.00","162557.00","--","354763.00","-384707.00","-29944.00","14179.00","-44123.00","--","--","-44123.00","-14418.00","--","-58541.00","-44123.00","--","--","-58541.00","--","--","-0.64"
"115/08/26","114","4","4417","金洲","3490262.00","2417881.00","--","--","1072381.00","--","--","1072381.00","370725.00","--","701656.00","68490.00","770146.00","226220.00","543926.00","--","--","543926.00","-146124.00","--","397802.00","515104.00","--","28822.00","401112.00","--","-3310.00","6.13"
"115/08/26","114","4","4419","皇家美食","2662344.00","1965404.00","--","--","696940.00","--","--","696940.00","903801.00","--","-206861.00","-23580.00","-230441.00","-429.00","-230012.00","--","--","-230012.00","-591.00","--","-230603.00","-245632.00","--","15620.00","-245931.00","--","15328.00","-1.45"
"115/08/26","114","4","4420","光明","1025251.00","990999.00","--","--","34252.00","--","--","34252.00","54564.00","272225.00","251913.00","20324.00","272237.00","48610.00","223627.00","--","--","223627.00","-5415.00","--","218212.00","--","--","--","--","--","--","5.53"
"115/08/26","114","4","4430","耀億","2039142.00","1604551.00","--","--","434591.00","--","--","434591.00","414590.00","--","20001.00","-32762.00","-12761.00","-1925.00","-10836.00","--","--","-10836.00","-31573.00","--","-42409.00","-10836.00","--","--","-42409.00","--","--","-0.19"
"115/08/26","114","4","4432","銘旺實","1089052.00","842673.00","--","--","246379.00","--","--","246379.00","210708.00","--","35671.00","29229.00","64900.00","20341.00","44559.00","--","--","44559.00","-21940.00","--","22619.00","44559.00","--","--","22619.00","--","--","0.88"
"115/08/26","114","4","4433","興采","3610087.00","2845600.00","--","--","764487.00","--","--","764487.00","600336.00","--","164151.00","-79354.00","84797.00","26578.00","58219.00","--","--","58219.00","-23332.00","--","34887.00","63985.00","--","-5766.00","51878.00","--","-16991.00","1.06"
"115/08/26","114","4","4442","竣邦-KY","1670531.00","1202815.00","--","--","467716.00","--","--","467716.00","282604.00","--","185112.00","4003.00","189115.00","37463.00","151652.00","--","--","151652.00","-5835.00","--","145817.00","151652.00","--","--","145817.00","--","--","5.23"
"115/08/26","114","4","4502","健信","936520.00","827047.00","--","--","109473.00","--","--","109473.00","186390.00","--","-76917.00","-4963.00","-81880.00","6717.00","-88597.00","--","--","-88597.00","-42988.00","--","-131585.00","-86076.00","--","-2521.00","-128934.00","--","-2651.00","-1.51"
"115/08/26","114","4","4503","金雨","664653.00","520063.00","--","--","144590.00","--","--","144590.00","75699.00","--","68891.00","28334.00","97225.00","-10206.00","107431.00","--","--","107431.00","-3238.00","--","104193.00","107453.00","--","-22.00","104215.00","--","-22.00","1.37"
"115/08/26","114","4","4506","崇友","6020818.00","4062665.00","--","--","1958153.00","--","--","1958153.00","657811.00","--","1300342.00","128608.00","1428950.00","274667.00","1154283.00","--","--","1154283.00","-31796.00","--","1122487.00","1154324.00","--","-41.00","1122522.00","--","-35.00","6.52"
"115/08/26","114","4","4510","高鋒","1664803.00","1407090.00","--","--","257713.00","--","--","257713.00","370689.00","--","-112976.00","-33611.00","-146587.00","-12818.00","-133769.00","--","--","-133769.00","-83429.00","--","-217198.00","-110884.00","--","-22885.00","-192951.00","--","-24247.00","-1.02"
"115/08/26","114","4","4513","福裕","1008153.00","790777.00","--","--","217376.00","--","--","217376.00","365517.00","--","-148141.00","-54146.00","-202287.00","1965.00","-204252.00","--","--","-204252.00","-7996.00","--","-212248.00","-204252.00","--","0.00","-212248.00","--","0.00","-1.79"
"115/08/26","114","4","4523","永彰","573794.00","982759.00","--","--","-408965.00","--","--","-408965.00","427606.00","--","-836571.00","1779177.00","942606.00","-643.00","943249.00","--","--","943249.00","-6096.00","--","937153.00","1424328.00","--","-481079.00","1418232.00","--","-481079.00","22.26"
"115/08/26","114","4","4527","方方土霖","3067339.00","2259706.00","--","--","807633.00","--","--","807633.00","524965.00","--","282668.00","39247.00","321915.00","73466.00","248449.00","--","--","248449.00","-16278.00","--","232171.00","258550.00","--","-10101.00","243050.00","--","-10879.00","3.40"
"115/08/26","114","4","4528","江興鍛","1580897.00","1343245.00","--","--","237652.00","--","--","237652.00","234289.00","--","3363.00","-17524.00","-14161.00","11541.00","-25702.00","--","--","-25702.00","2800.00","--","-22902.00","-25702.00","--","--","-22902.00","--","0.00","-0.31"
"115/08/26","114","4","4529","淳紳","5290.00","1905.00","--","--","3385.00","--","--","3385.00","64091.00","--","-60706.00","-1575.00","-62281.00","--","-62281.00","--","--","-62281.00","18538.00","--","-43743.00","-62541.00","--","260.00","-44059.00","--","316.00","-0.74"
"115/08/26","114","4","4530","天意能創","348893.00","211332.00","--","--","137561.00","--","--","137561.00","75565.00","--","61996.00","174.00","62170.00","16927.00","45243.00","-24766.00","--","20477.00","-974.00","--","19503.00","9481.00","--","10996.00","8507.00","--","10996.00","0.34"
"115/08/26","114","4","4533","協易機","4025901.00","2979423.00","--","--","1046478.00","--","--","1046478.00","992767.00","--","53711.00","-27389.00","26322.00","-5298.00","31620.00","--","--","31620.00","60916.00","--","92536.00","31620.00","--","--","92536.00","--","--","0.20"
"115/08/26","114","4","4534","慶騰","821001.00","711639.00","--","--","109362.00","--","--","109362.00","159680.00","--","-50318.00","51645.00","1327.00","29.00","1298.00","--","--","1298.00","4012.00","--","5310.00","1298.00","--","--","5310.00","--","--","0.01"
"115/08/26","114","4","4535","至興","2518722.00","2018961.00","--","--","499761.00","--","--","499761.00","218776.00","--","280985.00","9544.00","290529.00","86664.00","203865.00","--","--","203865.00","-70557.00","--","133308.00","98084.00","--","105781.00","56183.00","--","77125.00","1.30"
"115/08/26","114","4","4538","大詠城","379786.00","319699.00","--","--","60087.00","--","--","60087.00","42738.00","--","17349.00","5402.00","22751.00","5422.00","17329.00","--","--","17329.00","-280.00","--","17049.00","--","--","--","--","--","--","0.29"
"115/08/26","114","4","4541","晟田","1644010.00","1268123.00","--","--","375887.00","--","--","375887.00","154192.00","--","221695.00","-52962.00","168733.00","31724.00","137009.00","--","--","137009.00","2103.00","--","139112.00","--","--","--","--","--","--","2.03"
"115/08/26","114","4","4542","科嶠","735669.00","477013.00","--","--","258656.00","--","--","258656.00","177614.00","--","81042.00","-5953.00","75089.00","32952.00","42137.00","--","--","42137.00","-21497.00","--","20640.00","41417.00","--","720.00","19887.00","--","753.00","1.28"
"115/08/26","114","4","4543","萬在","802544.00","627118.00","--","--","175426.00","--","--","175426.00","129197.00","--","46229.00","-1078.00","45151.00","13505.00","31646.00","--","--","31646.00","3044.00","--","34690.00","31646.00","--","--","34690.00","--","--","0.53"
"115/08/26","114","4","4549","桓達","1235729.00","581306.00","--","--","654423.00","--","--","654423.00","474749.00","--","179674.00","49129.00","228803.00","39681.00","189122.00","--","--","189122.00","-4457.00","--","184665.00","189119.00","--","3.00","184669.00","--","-4.00","3.32"
"115/08/26","114","4","4550","長佳","919054.00","778664.00","--","--","140390.00","--","--","140390.00","87661.00","--","52729.00","11676.00","64405.00","13819.00","50586.00","--","--","50586.00","-3609.00","--","46977.00","50586.00","--","--","46977.00","--","--","1.34"
"115/08/26","114","4","4554","橙的","493070.00","270779.00","--","--","222291.00","--","--","222291.00","169584.00","--","52707.00","18381.00","71088.00","15148.00","55940.00","--","--","55940.00","3083.00","--","59023.00","55940.00","--","--","59023.00","--","--","2.12"
"115/08/26","114","4","4556","旭然","673214.00","407124.00","--","--","266090.00","--","--","266090.00","203442.00","--","62648.00","-8603.00","54045.00","15051.00","38994.00","--","--","38994.00","-32813.00","--","6181.00","38994.00","--","0.00","6181.00","--","0.00","0.92"
"115/08/26","114","4","4558","寶緯","1536359.00","1456748.00","--","--","79611.00","--","--","79611.00","90961.00","--","-11350.00","-12275.00","-23625.00","-4337.00","-19288.00","--","--","-19288.00","-4245.00","--","-23533.00","--","--","--","--","--","--","-0.39"
"115/08/26","114","4","4561","健椿","926946.00","729362.00","--","--","197584.00","--","--","197584.00","154236.00","--","43348.00","3662.00","47010.00","8592.00","38418.00","--","--","38418.00","-1104.00","--","37314.00","--","--","--","--","--","--","0.66"
"115/08/26","114","4","4563","百德","2869443.00","1965455.00","--","--","903988.00","1471.00","--","902517.00","960623.00","--","-58106.00","-84162.00","-142268.00","6165.00","-148433.00","--","--","-148433.00","13378.00","--","-135055.00","-146809.00","--","-1624.00","-136662.00","--","1607.00","-2.67"
"115/08/26","114","4","4568","科際精密","1215359.00","846194.00","--","--","369165.00","--","--","369165.00","292568.00","--","76597.00","4080.00","80677.00","17149.00","63528.00","--","--","63528.00","-17796.00","--","45732.00","63528.00","--","--","45732.00","--","--","2.01"
"115/08/26","114","4","4577","達航科技","746459.00","602027.00","--","--","144432.00","--","--","144432.00","159655.00","--","-15223.00","-21672.00","-36895.00","-785.00","-36110.00","--","--","-36110.00","-1370.00","--","-37480.00","-36110.00","--","--","-37480.00","--","--","-0.73"
"115/08/26","114","4","4580","捷流閥業","2269129.00","1570694.00","--","--","698435.00","--","--","698435.00","394231.00","--","304204.00","14616.00","318820.00","86677.00","232143.00","--","--","232143.00","4512.00","--","236655.00","232143.00","--","--","236655.00","--","--","5.03"
"115/08/26","114","4","4584","君帆","1310967.00","874710.00","--","--","436257.00","--","--","436257.00","278357.00","--","157900.00","-3522.00","154378.00","51594.00","102784.00","--","--","102784.00","-178.00","--","102606.00","102784.00","--","--","102606.00","--","--","3.43"
"115/08/26","114","4","4609","唐鋒","165997.00","123324.00","--","--","42673.00","--","--","42673.00","96612.00","--","-53939.00","48934.00","-5005.00","0.00","-5005.00","--","--","-5005.00","-6416.00","--","-11421.00","-5005.00","--","--","-11421.00","--","--","-0.10"
"115/08/26","114","4","4702","中美實","68979.00","39902.00","--","--","29077.00","--","--","29077.00","64729.00","--","-35652.00","100874.00","65222.00","1561.00","63661.00","--","--","63661.00","-15802.00","--","47859.00","63661.00","--","--","47859.00","--","--","0.88"
"115/08/26","114","4","4706","大恭","1111567.00","939157.00","--","--","172410.00","--","--","172410.00","138513.00","--","33897.00","4992.00","38889.00","10856.00","28033.00","--","--","28033.00","10813.00","--","38846.00","28048.00","--","-15.00","38861.00","--","-15.00","0.35"
"115/08/26","114","4","4707","磐亞","1343401.00","1370483.00","--","--","-27082.00","--","--","-27082.00","92264.00","--","-119346.00","475734.00","356388.00","-3877.00","360265.00","--","--","360265.00","-90929.00","--","269336.00","--","--","--","--","--","--","0.89"
"115/08/26","114","4","4711","永純","729028.00","640755.00","--","--","88273.00","--","--","88273.00","82061.00","--","6212.00","8072.00","14284.00","4976.00","9308.00","--","--","9308.00","1852.00","--","11160.00","9308.00","--","--","11160.00","--","--","0.15"
"115/08/26","114","4","4714","永捷","1528393.00","1377725.00","--","--","150668.00","--","--","150668.00","506800.00","--","-356132.00","1390425.00","1034293.00","252542.00","781751.00","--","--","781751.00","8552.00","--","790303.00","-95506.00","--","877257.00","-89303.00","--","879606.00","-0.54"
"115/08/26","114","4","4716","大立","533218.00","479038.00","--","--","54180.00","--","--","54180.00","129146.00","--","-74966.00","-8435.00","-83401.00","-1061.00","-82340.00","--","--","-82340.00","-1665.00","--","-84005.00","-78752.00","--","-3588.00","-80402.00","--","-3603.00","-0.87"
"115/08/26","114","4","4721","美琪瑪","2530662.00","2067562.00","--","--","463100.00","--","0.00","463100.00","162064.00","--","301036.00","-4534.00","296502.00","70779.00","225723.00","--","--","225723.00","-4217.00","--","221506.00","225723.00","--","--","221506.00","--","--","3.01"
"115/08/26","114","4","4726","永昕","740238.00","921650.00","--","--","-181412.00","--","--","-181412.00","222425.00","--","-403837.00","-50272.00","-454109.00","-5482.00","-448627.00","--","--","-448627.00","-183.00","--","-448810.00","-448627.00","--","--","-448810.00","--","--","-2.17"
"115/08/26","114","4","4728","雙美","2026164.00","437537.00","--","--","1588627.00","--","--","1588627.00","590320.00","--","998307.00","16268.00","1014575.00","288826.00","725749.00","--","--","725749.00","10948.00","--","736697.00","725749.00","--","--","736697.00","--","--","13.33"
"115/08/26","114","4","4729","熒茂","1073974.00","860961.00","--","--","213013.00","--","--","213013.00","221410.00","--","-8397.00","43898.00","35501.00","13717.00","21784.00","--","--","21784.00","-66825.00","--","-45041.00","12871.00","--","8913.00","-42929.00","--","-2112.00","0.16"
"115/08/26","114","4","4735","豪展","936386.00","640659.00","--","--","295727.00","--","--","295727.00","249357.00","--","46370.00","47308.00","93678.00","489.00","93189.00","--","--","93189.00","49946.00","--","143135.00","93189.00","--","--","143135.00","--","--","2.46"
"115/08/26","114","4","4741","泓瀚","484899.00","338897.00","--","--","146002.00","--","--","146002.00","140459.00","--","5543.00","-1706.00","3837.00","-5237.00","9074.00","--","--","9074.00","-724.00","--","8350.00","10113.00","--","-1039.00","9991.00","--","-1641.00","0.29"
"115/08/26","114","4","4743","合一","129123.00","89245.00","--","--","39878.00","4559.00","632.00","35951.00","838957.00","--","-803006.00","-253055.00","-1056061.00","3465.00","-1059526.00","--","--","-1059526.00","-977113.00","--","-2036639.00","-1044773.00","--","-14753.00","-2025718.00","--","-10921.00","-2.18"
"115/08/26","114","4","4744","皇將","1444689.00","804863.00","--","--","639826.00","--","--","639826.00","493649.00","--","146177.00","27906.00","174083.00","39090.00","134993.00","--","--","134993.00","-20217.00","--","114776.00","134993.00","--","0.00","114776.00","--","0.00","2.51"
"115/08/26","114","4","4745","合富-KY","2956257.00","2564081.00","--","--","392176.00","--","--","392176.00","667600.00","--","-275424.00","-9873.00","-285297.00","45809.00","-331106.00","--","--","-331106.00","-92803.00","--","-423909.00","-246557.00","--","-84549.00","-315093.00","--","-108816.00","-3.18"
"115/08/26","114","4","4747","強生製藥","569772.00","341425.00","--","--","228347.00","--","--","228347.00","155014.00","--","73333.00","-9956.00","63377.00","9872.00","53505.00","--","--","53505.00","-261.00","--","53244.00","53505.00","--","--","53244.00","--","--","1.19"
"115/08/26","114","4","4749","新應材","4261836.00","2426460.00","--","--","1835376.00","--","--","1835376.00","773556.00","-655.00","1061165.00","198166.00","1259331.00","215391.00","1043940.00","--","--","1043940.00","14209.00","--","1058149.00","1044075.00","--","-135.00","1058284.00","--","-135.00","11.33"
"115/08/26","114","4","4754","國碳科","622803.00","328421.00","--","--","294382.00","--","--","294382.00","184132.00","--","110250.00","-1135.00","109115.00","22091.00","87024.00","--","--","87024.00","-239.00","--","86785.00","87024.00","--","--","86785.00","--","--","2.87"
"115/08/26","114","4","4760","勤凱科技","1906400.00","1496282.00","--","--","410118.00","--","--","410118.00","121941.00","--","288177.00","-9720.00","278457.00","55530.00","222927.00","--","--","222927.00","6956.00","--","229883.00","--","--","--","--","--","--","7.05"
"115/08/26","114","4","4767","誠泰科技","985764.00","763889.00","--","--","221875.00","--","--","221875.00","179270.00","--","42605.00","8596.00","51201.00","12229.00","38972.00","--","--","38972.00","-4357.00","--","34615.00","39096.00","--","-124.00","34691.00","--","-76.00","1.24"
"115/08/26","114","4","4768","晶呈科技","1229279.00","926539.00","--","--","302740.00","--","--","302740.00","264045.00","--","38695.00","-18862.00","19833.00","6469.00","13364.00","--","--","13364.00","1554.00","--","14918.00","18686.00","--","-5322.00","20240.00","--","-5322.00","0.39"
"115/08/26","114","4","4772","台特化","1991499.00","938667.00","--","--","1052832.00","--","--","1052832.00","206105.00","--","846727.00","17255.00","863982.00","129944.00","734038.00","--","--","734038.00","34603.00","--","768641.00","620067.00","--","113971.00","631773.00","--","136868.00","4.20"
"115/08/26","114","4","4804","大略-KY","127850.00","133138.00","--","--","-5288.00","--","--","-5288.00","52809.00","--","-58097.00","-24553.00","-82650.00","117.00","-82767.00","--","--","-82767.00","-3006.00","--","-85773.00","-82767.00","--","0.00","-85773.00","--","0.00","-1.54"
"115/08/26","114","4","4806","桂田文創","81233.00","54757.00","--","--","26476.00","--","--","26476.00","86974.00","--","-60498.00","16030.00","-44468.00","-10640.00","-33828.00","--","--","-33828.00","-761.00","--","-34589.00","-33828.00","--","0.00","-34589.00","--","0.00","-0.34"
"115/08/26","114","4","4903","聯光通","1351435.00","1183524.00","--","--","167911.00","--","--","167911.00","107276.00","--","60635.00","59088.00","119723.00","11988.00","107735.00","--","--","107735.00","8191.00","--","115926.00","107735.00","--","0.00","115926.00","--","0.00","1.02"
"115/08/26","114","4","4905","台聯電","726755.00","539573.00","--","--","187182.00","--","--","187182.00","179836.00","--","7346.00","105174.00","112520.00","17854.00","94666.00","--","--","94666.00","-23317.00","--","71349.00","80685.00","--","13981.00","57908.00","--","13441.00","2.76"
"115/08/26","114","4","4907","富宇","1744342.00","1370919.00","--","--","373423.00","--","--","373423.00","170743.00","--","202680.00","6730.00","209410.00","64663.00","144747.00","--","--","144747.00","--","--","144747.00","--","--","--","--","--","--","1.23"
"115/08/26","114","4","4908","前鼎","814688.00","429118.00","--","--","385570.00","--","--","385570.00","210811.00","--","174759.00","3130.00","177889.00","23357.00","154532.00","--","--","154532.00","5187.00","--","159719.00","--","--","--","--","--","--","1.98"
"115/08/26","114","4","4909","新復興","296575.00","326580.00","--","--","-30005.00","--","--","-30005.00","68877.00","--","-98882.00","3161.00","-95721.00","20935.00","-116656.00","0.00","--","-116656.00","-10502.00","--","-127158.00","-116656.00","--","--","-127158.00","--","0.00","-1.25"
"115/08/26","114","4","4911","德英","309132.00","45912.00","--","--","263220.00","--","--","263220.00","110919.00","--","152301.00","6092.00","158393.00","19196.00","139197.00","--","--","139197.00","--","--","139197.00","--","--","--","--","--","--","2.18"
"115/08/26","114","4","4923","力士","899104.00","695836.00","--","--","203268.00","--","--","203268.00","384214.00","--","-180946.00","9413.00","-171533.00","828.00","-172361.00","--","--","-172361.00","10.00","--","-172351.00","-172361.00","--","--","-172351.00","--","--","-5.26"
"115/08/26","114","4","4924","欣厚-KY","720930.00","555691.00","--","--","165239.00","--","--","165239.00","164036.00","--","1203.00","18523.00","19726.00","5495.00","14231.00","--","--","14231.00","3788.00","--","18019.00","14231.00","--","--","18019.00","--","--","0.38"
"115/08/26","114","4","4931","新盛力","2451377.00","1916753.00","--","--","534624.00","--","--","534624.00","285940.00","--","248684.00","1342.00","250026.00","46464.00","203562.00","--","--","203562.00","-34332.00","--","169230.00","203562.00","--","--","169230.00","--","--","3.13"
"115/08/26","114","4","4933","友輝","3007496.00","2047916.00","--","--","959580.00","--","--","959580.00","453266.00","--","506314.00","55585.00","561899.00","89067.00","472832.00","--","--","472832.00","-2615.00","--","470217.00","472832.00","--","--","470217.00","--","--","5.77"
"115/08/26","114","4","4939","亞電","1417550.00","1110426.00","--","--","307124.00","--","--","307124.00","321390.00","--","-14266.00","-34290.00","-48556.00","-6216.00","-42340.00","--","--","-42340.00","-105254.00","--","-147594.00","-42340.00","--","--","-147594.00","--","--","-0.43"
"115/08/26","114","4","4946","辣椒","354759.00","217108.00","--","--","137651.00","--","--","137651.00","113435.00","--","24216.00","-2083.00","22133.00","-73.00","22206.00","--","--","22206.00","-239.00","--","21967.00","24510.00","--","-2304.00","24271.00","--","-2304.00","3.14"
"115/08/26","114","4","4950","金耘國際","1016605.00","852629.00","--","--","163976.00","--","--","163976.00","124557.00","--","39419.00","-20133.00","19286.00","13374.00","5912.00","--","--","5912.00","-68320.00","--","-62408.00","-20646.00","0.00","26558.00","-59304.00","0.00","-3104.00","-0.36"
"115/08/26","114","4","4951","精拓科","540644.00","129212.00","--","--","411432.00","--","--","411432.00","239355.00","--","172077.00","56407.00","228484.00","24169.00","204315.00","--","--","204315.00","-389.00","--","203926.00","204314.00","--","1.00","203925.00","--","1.00","5.98"
"115/08/26","114","4","4953","緯致","11603562.00","9680474.00","--","--","1923088.00","--","--","1923088.00","1215087.00","--","708001.00","19103.00","727104.00","108973.00","618131.00","--","--","618131.00","7368.00","--","625499.00","618131.00","--","--","625499.00","--","--","8.45"
"115/08/26","114","4","4966","譜瑞-KY","16531048.00","9496312.00","--","--","7034736.00","--","--","7034736.00","4325583.00","--","2709153.00","273241.00","2982394.00","255681.00","2726713.00","--","--","2726713.00","-832361.00","--","1894352.00","2726713.00","--","--","1894352.00","--","--","34.51"
"115/08/26","114","4","4971","IET-KY","1079340.00","694555.00","--","--","384785.00","--","--","384785.00","211031.00","--","173754.00","-104542.00","69212.00","3925.00","65287.00","--","--","65287.00","-79006.00","--","-13719.00","65300.00","--","-13.00","-13706.00","--","-13.00","1.65"
"115/08/26","114","4","4972","湯石照明","932892.00","687710.00","--","--","245182.00","--","--","245182.00","369422.00","--","-124240.00","22963.00","-101277.00","2931.00","-104208.00","--","--","-104208.00","-6820.00","--","-111028.00","-104208.00","--","--","-111028.00","--","--","-1.84"
"115/08/26","114","4","4973","廣穎電通","4258375.00","3249479.00","--","--","1008896.00","--","--","1008896.00","893232.00","--","115664.00","48382.00","164046.00","29685.00","134361.00","--","--","134361.00","-126863.00","--","7498.00","134361.00","--","--","7498.00","--","--","2.11"
"115/08/26","114","4","4974","亞泰","3713187.00","3124760.00","--","--","588427.00","--","--","588427.00","174967.00","--","413460.00","52420.00","465880.00","91513.00","374367.00","--","--","374367.00","-77725.00","--","296642.00","374367.00","--","--","296642.00","--","--","5.16"
"115/08/26","114","4","4979","華星光","4384846.00","3464207.00","--","--","920639.00","--","--","920639.00","183418.00","--","737221.00","40970.00","778191.00","13946.00","764245.00","--","--","764245.00","-3631.00","--","760614.00","764245.00","--","--","760614.00","--","--","5.43"
"115/08/26","114","4","4991","環宇-KY","2195155.00","1160600.00","--","--","1034555.00","--","--","1034555.00","630703.00","--","403852.00","-390475.00","13377.00","-4092.00","17469.00","--","--","17469.00","-80437.00","--","-62968.00","17469.00","--","--","-62968.00","--","--","0.15"
"115/08/26","114","4","4995","晶達","1289814.00","884986.00","--","--","404828.00","--","--","404828.00","276041.00","--","128787.00","-12225.00","116562.00","21162.00","95400.00","--","--","95400.00","-937.00","--","94463.00","95400.00","--","--","94463.00","--","--","2.25"
"115/08/26","114","4","5009","榮剛","11560465.00","9044770.00","--","--","2515695.00","--","--","2515695.00","1560982.00","--","954713.00","517235.00","1471948.00","173986.00","1297962.00","--","--","1297962.00","-203304.00","--","1094658.00","1296181.00","--","1781.00","1075328.00","--","19330.00","2.20"
"115/08/26","114","4","5011","久陽","5062034.00","5227265.00","--","--","-165231.00","--","--","-165231.00","213168.00","15806.00","-362593.00","-210145.00","-572738.00","-154743.00","-417995.00","--","--","-417995.00","-33628.00","--","-451623.00","-161982.00","--","-256013.00","-195610.00","--","-256013.00","-1.61"
"115/08/26","114","4","5013","強新","7733792.00","6765179.00","--","--","968613.00","--","--","968613.00","451984.00","--","516629.00","-32887.00","483742.00","118472.00","365270.00","--","--","365270.00","-80660.00","--","284610.00","193419.00","--","171851.00","129491.00","--","155119.00","1.45"
"115/08/26","114","4","5014","建錩","14953030.00","14586960.00","--","--","366070.00","--","--","366070.00","460755.00","--","-94685.00","-317184.00","-411869.00","25761.00","-437630.00","--","--","-437630.00","-52342.00","--","-489972.00","-437034.00","--","-596.00","-489275.00","--","-697.00","-2.37"
"115/08/26","114","4","5015","華祺","1483391.00","1236006.00","--","--","247385.00","--","--","247385.00","197299.00","--","50086.00","-30408.00","19678.00","16268.00","3410.00","--","--","3410.00","2028.00","--","5438.00","3410.00","--","0.00","5438.00","--","0.00","0.06"
"115/08/26","114","4","5016","松和","2046079.00","1846626.00","--","--","199453.00","--","--","199453.00","113633.00","--","85820.00","8889.00","94709.00","19561.00","75148.00","--","--","75148.00","-15839.00","--","59309.00","74352.00","--","796.00","59293.00","--","16.00","1.50"
"115/08/26","114","4","5201","凱衛","304597.00","160021.00","--","--","144576.00","--","--","144576.00","130086.00","--","14490.00","-13438.00","1052.00","3706.00","-2654.00","--","--","-2654.00","598.00","--","-2056.00","-1908.00","--","-746.00","-1310.00","--","-746.00","-0.06"
"115/08/26","114","4","5202","力新","150094.00","32002.00","--","--","118092.00","--","--","118092.00","166794.00","--","-48702.00","-1299.00","-50001.00","4632.00","-54633.00","--","--","-54633.00","-1183.00","--","-55816.00","-54632.00","--","-1.00","-55815.00","--","-1.00","-0.61"
"115/08/26","114","4","5205","中茂","24555.00","24270.00","--","--","285.00","--","--","285.00","24955.00","--","-24670.00","3397.00","-21273.00","0.00","-21273.00","--","--","-21273.00","-3491.00","--","-24764.00","-19283.00","--","-1990.00","-22774.00","--","-1990.00","-1.43"
"115/08/26","114","4","5206","坤悅","3778178.00","2577887.00","--","--","1200291.00","--","--","1200291.00","467515.00","--","732776.00","30589.00","763365.00","173366.00","589999.00","--","--","589999.00","--","--","589999.00","589999.00","--","--","589999.00","--","--","3.44"
"115/08/26","114","4","5209","新鼎","5344423.00","4659147.00","--","--","685276.00","--","--","685276.00","166297.00","--","518979.00","48061.00","567040.00","107619.00","459421.00","--","--","459421.00","-2824.00","--","456597.00","459421.00","--","0.00","456597.00","--","0.00","16.16"
"115/08/26","114","4","5210","寶碩","277997.00","73003.00","--","--","204994.00","--","--","204994.00","171687.00","--","33307.00","4538.00","37845.00","-22210.00","60055.00","--","--","60055.00","1048.00","--","61103.00","60055.00","--","0.00","61103.00","--","0.00","0.73"
"115/08/26","114","4","5211","蒙恬","218644.00","112634.00","--","--","106010.00","--","--","106010.00","127424.00","--","-21414.00","-262.00","-21676.00","88.00","-21764.00","--","--","-21764.00","-2363.00","--","-24127.00","-24805.00","--","3041.00","-27024.00","--","2897.00","-0.77"
"115/08/26","114","4","5212","凌網","1318292.00","632042.00","--","--","686250.00","--","--","686250.00","481141.00","--","205109.00","-14.00","205095.00","37930.00","167165.00","--","--","167165.00","-32221.00","--","134944.00","164218.00","--","2947.00","132149.00","--","2795.00","4.74"
"115/08/26","114","4","5213","亞昕","18030565.00","13088448.00","--","--","4942117.00","--","--","4942117.00","1647331.00","0.00","3294786.00","-721889.00","2572897.00","461150.00","2111747.00","--","--","2111747.00","153870.00","--","2265617.00","2141527.00","--","-29780.00","2284989.00","--","-19372.00","3.06"
"115/08/26","114","4","5220","萬達光電","681811.00","556632.00","--","--","125179.00","--","--","125179.00","151584.00","--","-26405.00","-2714.00","-29119.00","-3507.00","-25612.00","--","--","-25612.00","-142.00","--","-25754.00","-25612.00","--","--","-25754.00","--","--","-0.65"
"115/08/26","114","4","5223","安力-KY","1960166.00","1654344.00","--","--","305822.00","--","--","305822.00","313148.00","--","-7326.00","839.00","-6487.00","23219.00","-29706.00","--","--","-29706.00","-23554.00","--","-53260.00","-29706.00","--","--","-53260.00","--","--","-0.67"
"115/08/26","114","4","5227","立凱-KY","400650.00","428999.00","--","--","-28349.00","--","--","-28349.00","403087.00","--","-431436.00","478801.00","47365.00","35518.00","11847.00","--","--","11847.00","-76.00","--","11771.00","11847.00","--","--","11771.00","--","--","0.17"
"115/08/26","114","4","5228","鈺鎧","541668.00","438260.00","--","--","103408.00","--","--","103408.00","113054.00","--","-9646.00","6241.00","-3405.00","4341.00","-7746.00","--","--","-7746.00","1412.00","--","-6334.00","--","--","--","--","--","--","-0.20"
"115/08/26","114","4","5230","雷笛克光學","1317923.00","1009948.00","--","--","307975.00","--","--","307975.00","383753.00","--","-75778.00","-581.00","-76359.00","1355.00","-77714.00","--","--","-77714.00","-5189.00","--","-82903.00","-76114.00","--","-1600.00","-81228.00","--","-1675.00","-1.35"
"115/08/26","114","4","5245","智晶","775779.00","767047.00","--","--","8732.00","--","--","8732.00","211038.00","--","-202306.00","-25736.00","-228042.00","247.00","-228289.00","--","--","-228289.00","0.00","--","-228289.00","-211904.00","--","-16385.00","-211904.00","--","-16385.00","-4.90"
"115/08/26","114","4","5251","天鉞電","305379.00","184324.00","--","--","121055.00","--","--","121055.00","133345.00","--","-12290.00","12617.00","327.00","-678.00","1005.00","--","--","1005.00","-1251.00","--","-246.00","1005.00","--","--","-246.00","--","--","0.03"
"115/08/26","114","4","5263","智崴","1338793.00","777895.00","--","--","560898.00","--","--","560898.00","694162.00","--","-133264.00","-82894.00","-216158.00","-18972.00","-197186.00","--","--","-197186.00","-28735.00","--","-225921.00","-197186.00","--","--","-225921.00","--","--","-2.87"
"115/08/26","114","4","5272","笙科","341287.00","198510.00","--","--","142777.00","--","--","142777.00","233897.00","--","-91120.00","16399.00","-74721.00","-957.00","-73764.00","--","--","-73764.00","-65200.00","--","-138964.00","--","--","--","--","--","--","-1.33"
"115/08/26","114","4","5274","信驊","9084875.00","2906170.00","--","--","6178705.00","--","--","6178705.00","1518362.00","--","4660343.00","195076.00","4855419.00","927612.00","3927807.00","--","--","3927807.00","-1894.00","--","3925913.00","3927807.00","--","--","3925913.00","--","--","103.92"
"115/08/26","114","4","5276","達輝-KY","920318.00","748753.00","--","--","171565.00","--","--","171565.00","102517.00","--","69048.00","7826.00","76874.00","32011.00","44863.00","--","--","44863.00","61.00","--","44924.00","44863.00","--","--","44924.00","--","--","1.14"
"115/08/26","114","4","5278","尚凡*","2632693.00","1153327.00","--","--","1479366.00","--","--","1479366.00","1090837.00","--","388529.00","82992.00","471521.00","106641.00","364880.00","--","--","364880.00","52316.00","--","417196.00","313974.00","--","50906.00","354707.00","--","62489.00","1.05"
"115/08/26","114","4","5287","數字","2318726.00","713454.00","--","--","1605272.00","--","--","1605272.00","680179.00","--","925093.00","104664.00","1029757.00","193614.00","836143.00","--","--","836143.00","4137.00","--","840280.00","835726.00","--","417.00","840505.00","--","-225.00","13.93"
"115/08/26","114","4","5289","宜鼎","14261262.00","9829334.00","--","--","4431928.00","--","--","4431928.00","2042500.00","--","2389428.00","67884.00","2457312.00","436050.00","2021262.00","--","--","2021262.00","2478.00","--","2023740.00","2035643.00","--","-14381.00","2038163.00","--","-14423.00","21.72"
"115/08/26","114","4","5291","邑昇","1082478.00","864749.00","--","--","217729.00","--","--","217729.00","202803.00","--","14926.00","-6699.00","8227.00","3491.00","4736.00","--","--","4736.00","-10192.00","--","-5456.00","12642.00","--","-7906.00","2450.00","--","-7906.00","0.31"
"115/08/26","114","4","5299","杰力","1483423.00","967491.00","--","--","515932.00","--","--","515932.00","315527.00","--","200405.00","73462.00","273867.00","41026.00","232841.00","--","--","232841.00","658.00","--","233499.00","232841.00","--","--","233499.00","--","--","4.58"
"115/08/26","114","4","5301","寶得利","236471.00","80801.00","--","--","155670.00","--","--","155670.00","264874.00","--","-109204.00","-17670.00","-126874.00","0.00","-126874.00","--","--","-126874.00","11811.00","--","-115063.00","-119519.00","--","-7355.00","-107715.00","--","-7348.00","-1.81"
"115/08/26","114","4","5302","太欣","19433.00","13216.00","--","--","6217.00","--","--","6217.00","63137.00","--","-56920.00","36658.00","-20262.00","-23.00","-20239.00","--","--","-20239.00","-17.00","--","-20256.00","-19030.00","--","-1209.00","-19047.00","--","-1209.00","-0.12"
"115/08/26","114","4","5309","系統電","3393871.00","2595390.00","--","--","798481.00","--","--","798481.00","815470.00","--","-16989.00","44285.00","27296.00","18135.00","9161.00","--","--","9161.00","-36233.00","--","-27072.00","52939.00","--","-43778.00","15265.00","--","-42337.00","0.27"
"115/08/26","114","4","5310","天剛","819.00","727.00","--","--","92.00","--","--","92.00","36091.00","--","-35999.00","73000.00","37001.00","21888.00","15113.00","--","--","15113.00","0.00","--","15113.00","15113.00","--","--","15113.00","--","--","0.52"
"115/08/26","114","4","5312","寶島科","4128599.00","1508813.00","--","--","2619786.00","--","--","2619786.00","2320909.00","--","298877.00","178147.00","477024.00","92043.00","384981.00","--","--","384981.00","320963.00","--","705944.00","385275.00","--","-294.00","706238.00","--","-294.00","6.41"
"115/08/26","114","4","5314","世紀*","2973547.00","1270308.00","--","--","1703239.00","--","--","1703239.00","639975.00","--","1063264.00","725094.00","1788358.00","108747.00","1679611.00","--","--","1679611.00","12390.00","--","1692001.00","1625623.00","--","53988.00","1625975.00","--","66026.00","5.56"
"115/08/26","114","4","5315","光聯","2003493.00","1703221.00","--","--","300272.00","--","--","300272.00","168880.00","--","131392.00","37388.00","168780.00","-33440.00","202220.00","--","--","202220.00","3128.00","--","205348.00","202220.00","--","--","205348.00","--","--","1.90"
"115/08/26","114","4","5321","美而快","2842194.00","1389907.00","--","--","1452287.00","--","--","1452287.00","1324016.00","--","128271.00","-78627.00","49644.00","35761.00","13883.00","--","--","13883.00","83.00","--","13966.00","-14374.00","--","28257.00","-14291.00","--","28257.00","-0.27"
"115/08/26","114","4","5324","士開","1158481.00","698640.00","--","--","459841.00","--","--","459841.00","401458.00","--","58383.00","-55492.00","2891.00","3477.00","-586.00","--","--","-586.00","-18532.00","--","-19118.00","-12324.00","--","11738.00","-31871.00","--","12753.00","-0.05"
"115/08/26","114","4","5328","華容","883716.00","642275.00","--","--","241441.00","--","--","241441.00","205219.00","--","36222.00","50028.00","86250.00","17043.00","69207.00","--","--","69207.00","-62262.00","--","6945.00","67068.00","--","2139.00","4806.00","--","2139.00","0.39"
"115/08/26","114","4","5340","建榮","2277939.00","1855160.00","--","--","422779.00","--","--","422779.00","115520.00","--","307259.00","-15309.00","291950.00","59615.00","232335.00","--","--","232335.00","900.00","--","233235.00","--","--","--","--","--","--","1.19"
"115/08/26","114","4","5344","立衛","340231.00","320786.00","--","--","19445.00","--","--","19445.00","58070.00","--","-38625.00","7245.00","-31380.00","-264.00","-31116.00","--","--","-31116.00","0.00","--","-31116.00","--","--","--","--","--","--","-0.39"
"115/08/26","114","4","5345","馥鴻","23181.00","17312.00","--","--","5869.00","--","--","5869.00","20612.00","--","-14743.00","2705.00","-12038.00","0.00","-12038.00","--","--","-12038.00","--","--","-12038.00","-12038.00","--","--","-12038.00","--","--","-0.32"
"115/08/26","114","4","5347","世界","48591245.00","34937406.00","--","--","13653839.00","--","--","13653839.00","5880468.00","--","7773371.00","1477372.00","9250743.00","1480293.00","7770450.00","--","--","7770450.00","-331867.00","--","7438583.00","7907502.00","--","-137052.00","7412767.00","--","25816.00","4.30"
"115/08/26","114","4","5348","正能量智能","268119.00","188303.00","--","--","79816.00","--","--","79816.00","101775.00","--","-21959.00","12737.00","-9222.00","4621.00","-13843.00","--","--","-13843.00","39.00","--","-13804.00","-22069.00","1321.00","6905.00","-22030.00","1321.00","6905.00","-1.49"
"115/08/26","114","4","5351","鈺創","4036779.00","3418415.00","--","--","618364.00","--","--","618364.00","1264475.00","66372.00","-579739.00","2768.00","-576971.00","6000.00","-582971.00","--","--","-582971.00","263055.00","--","-319916.00","-497494.00","--","-85477.00","-233137.00","--","-86779.00","-1.53"
"115/08/26","114","4","5353","台林","1831164.00","1398054.00","--","--","433110.00","--","--","433110.00","326401.00","--","106709.00","10804.00","117513.00","14030.00","103483.00","--","--","103483.00","20802.00","--","124285.00","103483.00","--","--","124285.00","--","--","1.38"
"115/08/26","114","4","5355","佳總","462684.00","536534.00","--","--","-73850.00","--","--","-73850.00","90879.00","--","-164729.00","-15100.00","-179829.00","6739.00","-186568.00","--","--","-186568.00","-2497.00","--","-189065.00","-186568.00","--","--","-189065.00","--","--","-1.12"
"115/08/26","114","4","5356","協益","3354983.00","2867871.00","--","--","487112.00","--","--","487112.00","314470.00","--","172642.00","-101591.00","71051.00","25231.00","45820.00","--","--","45820.00","-60159.00","--","-14339.00","45820.00","--","0.00","-14339.00","--","0.00","0.44"
"115/08/26","114","4","5364","力麗店","311594.00","269592.00","--","--","42002.00","--","--","42002.00","79923.00","--","-37921.00","-6555.00","-44476.00","-99.00","-44377.00","--","--","-44377.00","3359.00","--","-41018.00","-49397.00","--","5020.00","-46038.00","--","5020.00","-0.77"
"115/08/26","114","4","5371","中光電","39576665.00","32746991.00","--","--","6829674.00","--","--","6829674.00","6960701.00","--","-131027.00","604089.00","473062.00","115425.00","357637.00","--","--","357637.00","310690.00","--","668327.00","371914.00","--","-14277.00","734634.00","--","-66307.00","0.95"
"115/08/26","114","4","5381","光譜","2197271.00","1638920.00","--","--","558351.00","--","--","558351.00","240346.00","--","318005.00","-55834.00","262171.00","69799.00","192372.00","--","--","192372.00","-24073.00","--","168299.00","173718.00","--","18654.00","149645.00","--","18654.00","0.72"
"115/08/26","114","4","5386","青雲","5883877.00","5280628.00","--","--","603249.00","--","--","603249.00","166813.00","--","436436.00","-48129.00","388307.00","78672.00","309635.00","--","--","309635.00","-5140.00","--","304495.00","--","--","--","--","--","--","8.61"
"115/08/26","114","4","5392","能率","8697447.00","7375629.00","--","--","1321818.00","--","--","1321818.00","1352277.00","--","-30459.00","114116.00","83657.00","119037.00","-35380.00","--","--","-35380.00","-153218.00","--","-188598.00","-45879.00","--","10499.00","-131787.00","--","-56811.00","-0.26"
"115/08/26","114","4","5398","慕康生醫","229849.00","144598.00","--","--","85251.00","--","--","85251.00","73334.00","--","11917.00","11926.00","23843.00","6486.00","17357.00","--","--","17357.00","-32902.00","--","-15545.00","17357.00","--","--","-15545.00","--","--","0.35"
"115/08/26","114","4","5403","中菲","3405089.00","2057954.00","--","--","1347135.00","--","--","1347135.00","575188.00","--","771947.00","22829.00","794776.00","162528.00","632248.00","--","--","632248.00","949.00","--","633197.00","--","--","--","--","--","--","8.57"
"115/08/26","114","4","5410","國眾","4385375.00","3616452.00","--","--","768923.00","--","--","768923.00","544216.00","--","224707.00","36394.00","261101.00","46674.00","214427.00","--","--","214427.00","11043.00","--","225470.00","214913.00","--","-486.00","225956.00","--","-486.00","2.35"
"115/08/26","114","4","5425","台半","17954259.00","12664153.00","--","--","5290106.00","--","--","5290106.00","3821970.00","--","1468136.00","-34997.00","1433139.00","320577.00","1112562.00","--","--","1112562.00","-87209.00","--","1025353.00","509576.00","--","602986.00","479727.00","--","545626.00","2.07"
"115/08/26","114","4","5426","振發","1758301.00","1421101.00","--","--","337200.00","--","--","337200.00","261464.00","--","75736.00","30059.00","105795.00","31899.00","73896.00","--","--","73896.00","-25433.00","--","48463.00","74271.00","--","-375.00","48838.00","--","-375.00","0.52"
"115/08/26","114","4","5432","新門","198612.00","144470.00","--","--","54142.00","--","--","54142.00","28651.00","--","25491.00","21998.00","47489.00","0.00","47489.00","--","--","47489.00","-12527.00","--","34962.00","--","--","--","--","--","--","2.30"
"115/08/26","114","4","5438","東友","1297590.00","1098147.00","--","--","199443.00","--","--","199443.00","238817.00","--","-39374.00","93503.00","54129.00","13462.00","40667.00","--","--","40667.00","157713.00","--","198380.00","40667.00","--","--","198380.00","--","--","0.51"
"115/08/26","114","4","5439","高技","9643587.00","7465616.00","--","--","2177971.00","--","--","2177971.00","554363.00","--","1623608.00","-46307.00","1577301.00","299909.00","1277392.00","--","--","1277392.00","-9820.00","--","1267572.00","1277392.00","--","--","1267572.00","--","--","13.74"
"115/08/26","114","4","5443","均豪","4669827.00","3031170.00","--","--","1638657.00","--","--","1638657.00","1158115.00","--","480542.00","163154.00","643696.00","118305.00","525391.00","--","--","525391.00","2367788.00","--","2893179.00","416948.00","--","108443.00","2458762.00","--","434417.00","2.59"
"115/08/26","114","4","5450","南良","2430036.00","1817808.00","--","--","612228.00","--","--","612228.00","567198.00","--","45030.00","7700.00","52730.00","26035.00","26695.00","--","--","26695.00","-29333.00","--","-2638.00","26695.00","--","--","-2638.00","--","--","0.22"
"115/08/26","114","4","5452","佶優","4854745.00","4253382.00","--","--","601363.00","0.00","0.00","601363.00","468352.00","--","133011.00","-24002.00","109009.00","47969.00","61040.00","--","--","61040.00","7704.00","--","68744.00","48592.00","0.00","12448.00","59964.00","0.00","8780.00","0.33"
"115/08/26","114","4","5455","昇益","2044293.00","1615525.00","--","--","428768.00","--","--","428768.00","127398.00","--","301370.00","70.00","301440.00","74893.00","226547.00","--","--","226547.00","2295.00","--","228842.00","--","--","--","--","--","--","3.46"
"115/08/26","114","4","5457","宣德","24359831.00","20025164.00","--","--","4334667.00","1851.00","--","4332816.00","2982529.00","--","1350287.00","350265.00","1700552.00","354202.00","1346350.00","--","--","1346350.00","-46303.00","--","1300047.00","479796.00","--","866554.00","464589.00","--","835458.00","2.77"
"115/08/26","114","4","5460","同協","233338.00","168037.00","--","--","65301.00","--","--","65301.00","81981.00","-132.00","-16812.00","5005.00","-11807.00","-1572.00","-10235.00","--","--","-10235.00","1689.00","--","-8546.00","-10235.00","--","--","-8546.00","--","--","-0.17"
"115/08/26","114","4","5464","霖宏","973929.00","942847.00","--","--","31082.00","--","--","31082.00","187054.00","--","-155972.00","-45128.00","-201100.00","-17129.00","-183971.00","--","--","-183971.00","-1627.00","--","-185598.00","-183971.00","--","--","-185598.00","--","--","-2.59"
"115/08/26","114","4","5465","富驊","5454930.00","4744711.00","--","--","710219.00","--","--","710219.00","341081.00","--","369138.00","-79829.00","289309.00","59090.00","230219.00","--","--","230219.00","19812.00","--","250031.00","190141.00","--","40078.00","206270.00","--","43761.00","1.29"
"115/08/26","114","4","5468","凱鈺","165033.00","118146.00","--","--","46887.00","--","--","46887.00","43169.00","0.00","3718.00","-30096.00","-26378.00","5.00","-26383.00","--","--","-26383.00","--","--","-26383.00","-26383.00","--","--","-26383.00","--","--","-0.65"
"115/08/26","114","4","5474","聰泰","1467947.00","866139.00","--","--","601808.00","--","--","601808.00","380649.00","--","221159.00","26559.00","247718.00","29484.00","218234.00","--","--","218234.00","3959.00","--","222193.00","--","--","--","--","--","--","5.49"
"115/08/26","114","4","5475","德宏","875931.00","705971.00","--","--","169960.00","--","--","169960.00","196626.00","--","-26666.00","9096.00","-17570.00","3862.00","-21432.00","--","--","-21432.00","5589.00","--","-15843.00","-20690.00","--","-742.00","-15101.00","--","-742.00","-0.16"
"115/08/26","114","4","5478","智冠","6518562.00","3036969.00","--","--","3481593.00","--","--","3481593.00","2313153.00","--","1168440.00","364768.00","1533208.00","264209.00","1268999.00","--","--","1268999.00","-947581.00","--","321418.00","1188199.00","--","80800.00","245173.00","--","76245.00","7.93"
"115/08/26","114","4","5481","新華","96378.00","57986.00","--","--","38392.00","--","--","38392.00","85501.00","--","-47109.00","5423.00","-41686.00","1719.00","-43405.00","--","--","-43405.00","12.00","--","-43393.00","-43405.00","--","0.00","-43393.00","--","0.00","-0.65"
"115/08/26","114","4","5483","中美晶","78170966.00","58600109.00","--","--","19570857.00","--","--","19570857.00","8778997.00","--","10791860.00","1048795.00","11840655.00","2558654.00","9282001.00","--","--","9282001.00","-1204633.00","--","8077368.00","4118233.00","--","5163768.00","3391512.00","--","4685856.00","6.71"
"115/08/26","114","4","5487","通泰","164183.00","110005.00","--","--","54178.00","--","--","54178.00","73734.00","--","-19556.00","4072.00","-15484.00","-2562.00","-12922.00","--","--","-12922.00","425.00","--","-12497.00","-12922.00","--","0.00","-12497.00","--","0.00","-0.53"
"115/08/26","114","4","5488","松普","770320.00","662578.00","--","--","107742.00","--","--","107742.00","102115.00","--","5627.00","10324.00","15951.00","5560.00","10391.00","--","--","10391.00","4568.00","--","14959.00","10391.00","--","--","14959.00","--","--","0.11"
"115/08/26","114","4","5489","彩富","1687820.00","1089496.00","--","--","598324.00","--","--","598324.00","397140.00","--","201184.00","33176.00","234360.00","34965.00","199395.00","--","--","199395.00","381.00","--","199776.00","199334.00","--","61.00","199715.00","--","61.00","2.01"
"115/08/26","114","4","5490","同亨","1536687.00","867896.00","--","--","668791.00","--","--","668791.00","473779.00","--","195012.00","-4188.00","190824.00","32969.00","157855.00","--","--","157855.00","-7909.00","--","149946.00","157855.00","--","--","149946.00","--","--","1.69"
"115/08/26","114","4","5493","三聯","5451261.00","4780496.00","--","--","670765.00","--","--","670765.00","309149.00","--","361616.00","119274.00","480890.00","84113.00","396777.00","--","--","396777.00","-26230.00","--","370547.00","182474.00","--","214303.00","155416.00","--","215131.00","4.18"
"115/08/26","114","4","5498","凱崴","1407836.00","1254542.00","--","--","153294.00","--","--","153294.00","137275.00","--","16019.00","-7069.00","8950.00","7894.00","1056.00","--","--","1056.00","38647.00","--","39703.00","-618.00","--","1674.00","38029.00","--","1674.00","0.00"
"115/08/26","114","4","5508","永信建","2533755.00","1418945.00","--","--","1114810.00","--","--","1114810.00","245445.00","--","869365.00","-36406.00","832959.00","165276.00","667683.00","--","--","667683.00","3050.00","--","670733.00","667683.00","--","--","670733.00","--","--","3.07"
"115/08/26","114","4","5511","德昌","11083709.00","9136370.00","--","--","1947339.00","--","--","1947339.00","486493.00","--","1460846.00","51916.00","1512762.00","324887.00","1187875.00","--","--","1187875.00","5713.00","--","1193588.00","1207193.00","--","-19318.00","1212906.00","--","-19318.00","10.64"
"115/08/26","114","4","5512","力麒","6997901.00","5509419.00","--","--","1488482.00","--","--","1488482.00","598355.00","18794.00","908921.00","-389785.00","519136.00","218669.00","300467.00","--","--","300467.00","-190554.00","--","109913.00","118299.00","--","182168.00","-12370.00","--","122283.00","0.16"
"115/08/26","114","4","5514","三豐","5780.00","1610.00","--","--","4170.00","--","--","4170.00","66619.00","--","-62449.00","32510.00","-29939.00","0.00","-29939.00","--","--","-29939.00","50209.00","--","20270.00","-29934.00","--","-5.00","20275.00","--","-5.00","-0.13"
"115/08/26","114","4","5516","雙喜","2177120.00","2066261.00","--","--","110859.00","--","--","110859.00","44461.00","--","66398.00","-48600.00","17798.00","9302.00","8496.00","--","--","8496.00","-184.00","--","8312.00","--","--","--","--","--","--","0.16"
"115/08/26","114","4","5520","力泰","4180133.00","3242637.00","--","--","937496.00","--","--","937496.00","217669.00","--","719827.00","54352.00","774179.00","163292.00","610887.00","--","--","610887.00","39004.00","--","649891.00","598120.00","--","12767.00","637126.00","--","12765.00","9.97"
"115/08/26","114","4","5523","豐謙","5248.00","1282.00","--","--","3966.00","--","--","3966.00","27878.00","--","-23912.00","6484.00","-17428.00","-3518.00","-13910.00","--","--","-13910.00","2602.00","--","-11308.00","-13941.00","--","31.00","-11339.00","--","31.00","-0.09"
"115/08/26","114","4","5529","鉅陞","972444.00","646550.00","--","--","325894.00","--","--","325894.00","138459.00","--","187435.00","4015.00","191450.00","-13403.00","204853.00","--","--","204853.00","--","--","204853.00","204853.00","0.00","0.00","204853.00","0.00","0.00","2.01"
"115/08/26","114","4","5530","龍巖","4046868.00","1655075.00","--","--","2391793.00","--","--","2391793.00","1572379.00","63812.00","883226.00","466011.00","1349237.00","192797.00","1156440.00","--","--","1156440.00","1215496.00","--","2371936.00","1154484.00","--","1956.00","2370081.00","--","1855.00","2.75"
"115/08/26","114","4","5536","聖暉*","41481912.00","33633804.00","--","--","7848108.00","--","--","7848108.00","2144773.00","--","5703335.00","359159.00","6062494.00","1458160.00","4604334.00","--","--","4604334.00","591533.00","--","5195867.00","3526877.00","--","1077457.00","4049218.00","--","1146649.00","28.42"
"115/08/26","114","4","5543","桓鼎-KY","3039749.00","2605063.00","--","--","434686.00","--","--","434686.00","453552.00","--","-18866.00","-50996.00","-69862.00","21488.00","-91350.00","--","--","-91350.00","17014.00","--","-74336.00","-114578.00","--","23228.00","-93032.00","--","18696.00","-2.52"
"115/08/26","114","4","5547","久舜","2307277.00","2016535.00","--","--","290742.00","--","--","290742.00","140682.00","--","150060.00","3375.00","153435.00","31306.00","122129.00","--","--","122129.00","--","--","122129.00","--","--","--","--","--","--","3.06"
"115/08/26","114","4","5548","安倉","2493801.00","2215375.00","--","--","278426.00","--","--","278426.00","157337.00","--","121089.00","24451.00","145540.00","29340.00","116200.00","--","--","116200.00","278.00","--","116478.00","--","--","--","--","--","--","2.03"
"115/08/26","114","4","5601","台聯櫃","93589.00","37498.00","--","--","56091.00","--","--","56091.00","23504.00","0.00","32587.00","1345.00","33932.00","6765.00","27167.00","--","--","27167.00","38.00","--","27205.00","--","--","--","--","--","--","0.42"
"115/08/26","114","4","5603","陸海","1356640.00","1191002.00","--","--","165638.00","--","--","165638.00","166774.00","--","-1136.00","37726.00","36590.00","-7742.00","44332.00","--","--","44332.00","30471.00","--","74803.00","41615.00","--","2717.00","72086.00","--","2717.00","0.40"
"115/08/26","114","4","5604","中連","159396.00","28785.00","--","--","130611.00","--","--","130611.00","22405.00","--","108206.00","6060.00","114266.00","22046.00","92220.00","0.00","--","92220.00","0.00","--","92220.00","92220.00","--","--","92220.00","--","--","0.85"
"115/08/26","114","4","5609","中菲行","29681087.00","25616479.00","--","--","4064608.00","--","--","4064608.00","2790546.00","--","1274062.00","90991.00","1365053.00","218051.00","1147002.00","--","--","1147002.00","-400826.00","--","746176.00","1125954.00","--","21048.00","719943.00","--","26233.00","8.00"
"115/08/26","114","4","5701","劍湖山","543759.00","269047.00","--","--","274712.00","--","--","274712.00","281446.00","--","-6734.00","-30002.00","-36736.00","--","-36736.00","--","--","-36736.00","-26125.00","--","-62861.00","-36736.00","--","--","-62861.00","--","--","-0.26"
"115/08/26","114","4","5703","亞都麗緻","448619.00","251588.00","--","--","197031.00","0.00","0.00","197031.00","152275.00","--","44756.00","1791.00","46547.00","9491.00","37056.00","--","--","37056.00","-3883.00","--","33173.00","37056.00","--","--","33173.00","--","--","0.53"
"115/08/26","114","4","5704","老爺知","327594.00","196345.00","--","--","131249.00","--","--","131249.00","116593.00","--","14656.00","7968.00","22624.00","7459.00","15165.00","--","--","15165.00","318.00","--","15483.00","--","--","--","--","--","--","0.39"
"115/08/26","114","4","5878","台名","882585.00","723124.00","--","--","159461.00","--","--","159461.00","102950.00","--","56511.00","27532.00","84043.00","12384.00","71659.00","--","--","71659.00","-25491.00","--","46168.00","71659.00","--","--","46168.00","--","--","2.86"
"115/08/26","114","4","5902","德記","2285060.00","1737589.00","--","--","547471.00","--","--","547471.00","293790.00","--","253681.00","11604.00","265285.00","53698.00","211587.00","--","--","211587.00","363.00","--","211950.00","211587.00","--","--","211950.00","--","--","2.24"
"115/08/26","114","4","5903","全家","110042154.00","69994621.00","--","--","40047533.00","--","--","40047533.00","38193033.00","--","1854500.00","423046.00","2277546.00","483251.00","1794295.00","--","--","1794295.00","42518.00","--","1836813.00","1695904.00","--","98391.00","1733537.00","--","103276.00","7.60"
"115/08/26","114","4","5904","寶雅*","25319841.00","13872775.00","--","--","11447066.00","--","--","11447066.00","7572336.00","--","3874730.00","48409.00","3923139.00","780608.00","3142531.00","--","--","3142531.00","1286.00","--","3143817.00","--","--","--","--","--","--","29.54"
"115/08/26","114","4","5905","南仁湖","1073280.00","289491.00","--","--","783789.00","--","--","783789.00","933165.00","--","-149376.00","-176252.00","-325628.00","20531.00","-346159.00","--","--","-346159.00","4801.00","--","-341358.00","-173959.00","--","-172200.00","-170159.00","--","-171199.00","-0.63"
"115/08/26","114","4","6028","公勝保經","4715010.00","4034146.00","--","--","680864.00","--","--","680864.00","438525.00","--","242339.00","-21770.00","220569.00","47727.00","172842.00","--","--","172842.00","--","--","172842.00","172842.00","--","--","172842.00","--","--","7.86"
"115/08/26","114","4","6101","寬魚國際","999771.00","942408.00","--","--","57363.00","--","--","57363.00","60418.00","--","-3055.00","-19664.00","-22719.00","-1309.00","-21410.00","--","--","-21410.00","189.00","--","-21221.00","-21410.00","--","--","-21221.00","--","--","-0.19"
"115/08/26","114","4","6103","合邦","91554.00","78739.00","--","--","12815.00","--","--","12815.00","15507.00","--","-2692.00","-5661.00","-8353.00","-769.00","-7584.00","--","--","-7584.00","-18.00","--","-7602.00","-7584.00","--","0.00","-7602.00","--","0.00","-0.56"
"115/08/26","114","4","6104","創惟","4056160.00","2138145.00","--","--","1918015.00","--","--","1918015.00","1267806.00","--","650209.00","-52855.00","597354.00","87547.00","509807.00","--","--","509807.00","-492.00","--","509315.00","509807.00","--","0.00","509315.00","--","0.00","5.62"
"115/08/26","114","4","6109","亞元","778211.00","608718.00","--","--","169493.00","--","--","169493.00","223875.00","--","-54382.00","-5610.00","-59992.00","3301.00","-63293.00","--","--","-63293.00","790.00","--","-62503.00","-63566.00","--","273.00","-62784.00","--","281.00","-0.94"
"115/08/26","114","4","6111","光聚晶電","7457388.00","5669875.00","--","--","1787513.00","--","--","1787513.00","2774168.00","--","-986655.00","-338356.00","-1325011.00","62435.00","-1387446.00","--","--","-1387446.00","-1092.00","--","-1388538.00","-469940.00","--","-917506.00","-514412.00","--","-874126.00","-4.63"
"115/08/26","114","4","6113","亞矽","641372.00","525337.00","--","--","116035.00","--","--","116035.00","124339.00","--","-8304.00","-4657.00","-12961.00","283.00","-13244.00","--","--","-13244.00","-7772.00","--","-21016.00","-13244.00","--","0.00","-21016.00","--","0.00","-0.25"
"115/08/26","114","4","6114","久威","874437.00","747146.00","--","--","127291.00","--","--","127291.00","86774.00","--","40517.00","176539.00","217056.00","100168.00","116888.00","99.00","--","116987.00","93354.00","--","210341.00","116987.00","--","--","210341.00","--","--","2.66"
"115/08/26","114","4","6118","建達","10026715.00","9523055.00","--","--","503660.00","--","--","503660.00","459700.00","--","43960.00","1448.00","45408.00","9431.00","35977.00","--","--","35977.00","625.00","--","36602.00","35977.00","--","--","36602.00","--","--","0.40"
"115/08/26","114","4","6121","新普","82149633.00","69461448.00","--","--","12688185.00","--","--","12688185.00","4961105.00","--","7727080.00","1623963.00","9351043.00","2214362.00","7136681.00","--","--","7136681.00","-218644.00","--","6918037.00","5661668.00","--","1475013.00","5492484.00","--","1425553.00","30.60"
"115/08/26","114","4","6122","擎邦","4187688.00","3573899.00","--","--","613789.00","--","--","613789.00","138233.00","--","475556.00","-36.00","475520.00","106575.00","368945.00","--","--","368945.00","51672.00","--","420617.00","368945.00","--","--","420617.00","--","--","4.78"
"115/08/26","114","4","6123","上奇","5058340.00","4354653.00","--","--","703687.00","--","--","703687.00","429932.00","--","273755.00","36304.00","310059.00","53933.00","256126.00","--","--","256126.00","-56483.00","--","199643.00","168269.00","--","87857.00","118440.00","--","81203.00","2.73"
"115/08/26","114","4","6124","業強","1815340.00","1688864.00","--","--","126476.00","--","--","126476.00","247398.00","--","-120922.00","-37559.00","-158481.00","17812.00","-176293.00","--","--","-176293.00","-75541.00","--","-251834.00","-180178.00","--","3885.00","-255719.00","--","3885.00","-0.99"
"115/08/26","114","4","6125","廣運","3335829.00","2740823.00","--","--","595006.00","--","--","595006.00","1043980.00","--","-448974.00","139883.00","-309091.00","-4379.00","-304712.00","--","--","-304712.00","44245.00","--","-260467.00","26180.00","--","-330892.00","54597.00","--","-315064.00","0.10"
"115/08/26","114","4","6126","信音","3899697.00","2975539.00","--","--","924158.00","--","--","924158.00","705823.00","--","218335.00","41926.00","260261.00","59255.00","201006.00","--","--","201006.00","-134029.00","--","66977.00","90114.00","--","110892.00","14731.00","--","52246.00","0.71"
"115/08/26","114","4","6127","九豪","992141.00","866293.00","--","--","125848.00","--","--","125848.00","328668.00","--","-202820.00","290078.00","87258.00","36256.00","51002.00","--","--","51002.00","-6146.00","--","44856.00","51002.00","--","--","44856.00","--","--","0.47"
"115/08/26","114","4","6129","普誠","1123060.00","758650.00","--","--","364410.00","--","--","364410.00","611089.00","--","-246679.00","62986.00","-183693.00","6597.00","-190290.00","--","--","-190290.00","-13257.00","--","-203547.00","-197749.00","--","7459.00","-202486.00","--","-1061.00","-1.09"
"115/08/26","114","4","6130","上亞科技","154736.00","108282.00","--","--","46454.00","--","--","46454.00","121300.00","--","-74846.00","-21078.00","-95924.00","-3426.00","-92498.00","--","--","-92498.00","-7243.00","--","-99741.00","-76310.00","--","-16188.00","-81047.00","--","-18694.00","-1.72"
"115/08/26","114","4","6134","萬旭","1909665.00","1459902.00","--","--","449763.00","--","--","449763.00","436018.00","--","13745.00","2075.00","15820.00","11901.00","3919.00","--","--","3919.00","60426.00","--","64345.00","9472.00","--","-5553.00","70166.00","--","-5821.00","0.12"
"115/08/26","114","4","6138","茂達","7483689.00","4788666.00","--","--","2695023.00","--","--","2695023.00","1406638.00","--","1288385.00","103597.00","1391982.00","243451.00","1148531.00","--","--","1148531.00","1827.00","--","1150358.00","951236.00","--","197295.00","953063.00","--","197295.00","13.04"
"115/08/26","114","4","6140","訊達電腦","2353731.00","2166824.00","--","--","186907.00","--","--","186907.00","324297.00","--","-137390.00","2057.00","-135333.00","-29159.00","-106174.00","--","--","-106174.00","1120.00","--","-105054.00","-106174.00","--","--","-105054.00","--","--","-1.93"
"115/08/26","114","4","6143","振曜","8523490.00","6627397.00","--","--","1896093.00","--","--","1896093.00","882793.00","--","1013300.00","-37550.00","975750.00","193781.00","781969.00","--","--","781969.00","-20404.00","--","761565.00","555943.00","--","226026.00","545122.00","--","216443.00","6.46"
"115/08/26","114","4","6144","得利影","172722.00","103119.00","--","--","69603.00","--","--","69603.00","90470.00","--","-20867.00","7001.00","-13866.00","0.00","-13866.00","--","--","-13866.00","5104.00","--","-8762.00","--","--","--","--","--","--","-0.36"
"115/08/26","114","4","6146","耕興","4494537.00","2422527.00","--","--","2072010.00","--","--","2072010.00","728538.00","--","1343472.00","36294.00","1379766.00","224212.00","1155554.00","--","--","1155554.00","30650.00","--","1186204.00","1096676.00","--","58878.00","1123520.00","--","62684.00","10.77"
"115/08/26","114","4","6147","頎邦","21454104.00","16862652.00","--","--","4591452.00","--","--","4591452.00","2191230.00","--","2400222.00","856067.00","3256289.00","480939.00","2775350.00","--","--","2775350.00","47275.00","--","2822625.00","2775350.00","--","--","2822625.00","--","--","3.74"
"115/08/26","114","4","6148","驊宏資","903905.00","700922.00","--","--","202983.00","--","--","202983.00","140601.00","--","62382.00","12022.00","74404.00","10930.00","63474.00","0.00","--","63474.00","178.00","--","63652.00","63474.00","--","0.00","63652.00","--","0.00","1.36"
"115/08/26","114","4","6150","撼訊","7570329.00","6942179.00","--","--","628150.00","--","--","628150.00","424630.00","--","203520.00","-61113.00","142407.00","15810.00","126597.00","--","--","126597.00","10266.00","--","136863.00","127373.00","--","-776.00","137639.00","--","-776.00","2.63"
"115/08/26","114","4","6151","晉倫","1721036.00","1350193.00","--","--","370843.00","--","--","370843.00","218910.00","--","151933.00","-64303.00","87630.00","23537.00","64093.00","--","--","64093.00","-15702.00","--","48391.00","64093.00","--","0.00","48391.00","--","0.00","1.16"
"115/08/26","114","4","6154","順發","3926643.00","3278347.00","--","--","648296.00","--","--","648296.00","602589.00","--","45707.00","4889.00","50596.00","9476.00","41120.00","--","--","41120.00","-3068.00","--","38052.00","41120.00","--","--","38052.00","--","--","0.51"
"115/08/26","114","4","6156","松上","4899378.00","4127914.00","--","--","771464.00","--","--","771464.00","674812.00","--","96652.00","79462.00","176114.00","59324.00","116790.00","--","--","116790.00","-37451.00","--","79339.00","48240.00","--","68550.00","31052.00","--","48287.00","0.45"
"115/08/26","114","4","6158","禾昌","1802695.00","1362442.00","--","--","440253.00","--","--","440253.00","463379.00","--","-23126.00","21960.00","-1166.00","-7084.00","5918.00","--","--","5918.00","-54671.00","--","-48753.00","5918.00","--","--","-48753.00","--","--","0.11"
"115/08/26","114","4","6160","欣技","1191580.00","725618.00","--","--","465962.00","--","--","465962.00","539945.00","--","-73983.00","-3143.00","-77126.00","3328.00","-80454.00","--","--","-80454.00","-846.00","--","-81300.00","-81673.00","--","1219.00","-82519.00","--","1219.00","-1.19"
"115/08/26","114","4","6161","捷波","1406500.00","939669.00","--","--","466831.00","--","--","466831.00","323149.00","--","143682.00","44846.00","188528.00","35781.00","152747.00","0.00","--","152747.00","-14702.00","--","138045.00","152747.00","--","--","138045.00","--","--","2.72"
"115/08/26","114","4","6163","華電網","6105816.00","4879526.00","--","--","1226290.00","--","--","1226290.00","1096435.00","--","129855.00","6624.00","136479.00","31826.00","104653.00","--","--","104653.00","181735.00","--","286388.00","105354.00","--","-701.00","287089.00","--","-701.00","0.75"
"115/08/26","114","4","6167","久正","1211762.00","1118632.00","--","--","93130.00","--","--","93130.00","214274.00","--","-121144.00","121645.00","501.00","5522.00","-5021.00","--","--","-5021.00","9569.00","--","4548.00","-5021.00","--","0.00","4548.00","--","0.00","-0.03"
"115/08/26","114","4","6169","昱泉","28475.00","14404.00","--","--","14071.00","--","--","14071.00","82073.00","--","-68002.00","14174.00","-53828.00","3033.00","-56861.00","--","--","-56861.00","81.00","--","-56780.00","-56861.00","--","--","-56780.00","--","--","-2.43"
"115/08/26","114","4","6170","統振","3186452.00","2188905.00","--","--","997547.00","--","--","997547.00","684721.00","--","312826.00","233393.00","546219.00","108459.00","437760.00","--","--","437760.00","48681.00","--","486441.00","437168.00","--","592.00","485849.00","--","592.00","4.49"
"115/08/26","114","4","6171","大城地產","1175835.00","626712.00","--","--","549123.00","--","--","549123.00","62535.00","--","486588.00","6498.00","493086.00","111104.00","381982.00","--","--","381982.00","--","--","381982.00","--","--","--","--","--","--","3.82"
"115/08/26","114","4","6173","信昌電","4055349.00","3071001.00","--","--","984348.00","--","--","984348.00","303630.00","--","680718.00","28876.00","709594.00","151990.00","557604.00","--","--","557604.00","1886612.00","--","2444216.00","557604.00","--","--","2444216.00","--","--","3.26"
"115/08/26","114","4","6174","安��","611012.00","398312.00","--","--","212700.00","--","--","212700.00","171894.00","--","40806.00","-1881.00","38925.00","5844.00","33081.00","--","--","33081.00","-9534.00","--","23547.00","33081.00","--","--","23547.00","--","--","0.66"
"115/08/26","114","4","6175","立敦","4167201.00","3190682.00","--","--","976519.00","--","--","976519.00","316215.00","--","660304.00","23634.00","683938.00","147541.00","536397.00","--","--","536397.00","46555.00","--","582952.00","400535.00","--","135862.00","436679.00","--","146273.00","2.68"
"115/08/26","114","4","6179","亞通","4146648.00","3750676.00","--","--","395972.00","--","174.00","396146.00","218319.00","--","177827.00","-167597.00","10230.00","24098.00","-13868.00","--","--","-13868.00","-45908.00","--","-59776.00","6182.00","--","-20050.00","-39726.00","--","-20050.00","0.05"
"115/08/26","114","4","6180","橘子","8866859.00","6400211.00","--","--","2466648.00","--","--","2466648.00","2941323.00","--","-474675.00","55998.00","-418677.00","-143355.00","-275322.00","--","--","-275322.00","-40935.00","--","-316257.00","-269341.00","--","-5981.00","-302235.00","--","-14022.00","-1.53"
"115/08/26","114","4","6182","合晶","9817242.00","7430882.00","--","--","2386360.00","--","--","2386360.00","1819615.00","--","566745.00","47223.00","613968.00","148770.00","465198.00","--","--","465198.00","-383229.00","--","81969.00","51897.00","--","413301.00","-102206.00","--","184175.00","0.09"
"115/08/26","114","4","6185","幃翔","527450.00","401143.00","--","--","126307.00","--","--","126307.00","208562.00","--","-82255.00","114414.00","32159.00","-1208.00","33367.00","--","--","33367.00","-46862.00","--","-13495.00","33367.00","--","--","-13495.00","--","--","0.22"
"115/08/26","114","4","6186","新潤","9454667.00","6767214.00","--","--","2687453.00","--","--","2687453.00","846448.00","--","1841005.00","54945.00","1895950.00","373563.00","1522387.00","--","--","1522387.00","--","--","1522387.00","--","--","--","--","--","--","7.81"
"115/08/26","114","4","6187","萬潤","5366210.00","2452891.00","--","--","2913319.00","--","--","2913319.00","1302558.00","--","1610761.00","202012.00","1812773.00","316426.00","1496347.00","--","--","1496347.00","152388.00","--","1648735.00","1485175.00","--","11172.00","1637563.00","--","11172.00","15.46"
"115/08/26","114","4","6188","廣明","9591734.00","6837314.00","--","--","2754420.00","--","--","2754420.00","1690294.00","--","1064126.00","296380.00","1360506.00","325609.00","1034897.00","--","--","1034897.00","-101712.00","--","933185.00","1004416.00","--","30481.00","901439.00","--","31746.00","3.61"
"115/08/26","114","4","6190","萬泰科","8633623.00","7151339.00","--","--","1482284.00","--","--","1482284.00","877758.00","--","604526.00","-10955.00","593571.00","170743.00","422828.00","--","--","422828.00","-20921.00","--","401907.00","375279.00","--","47549.00","357826.00","--","44081.00","2.19"
"115/08/26","114","4","6194","育富","1378256.00","1177165.00","--","--","201091.00","--","--","201091.00","88962.00","--","112129.00","28859.00","140988.00","35980.00","105008.00","--","--","105008.00","-37533.00","--","67475.00","105008.00","--","--","67475.00","--","--","2.19"
"115/08/26","114","4","6195","詩肯","2206936.00","966967.00","--","--","1239969.00","--","--","1239969.00","1151004.00","--","88965.00","-26771.00","62194.00","12754.00","49440.00","--","--","49440.00","3556.00","--","52996.00","49451.00","--","-11.00","52912.00","--","84.00","0.99"
"115/08/26","114","4","6198","瑞築","234.00","69.00","--","--","165.00","--","--","165.00","52682.00","--","-52517.00","19482.00","-33035.00","7177.00","-40212.00","--","--","-40212.00","-25.00","--","-40237.00","-40212.00","--","--","-40237.00","--","--","-0.23"
"115/08/26","114","4","6199","天品","263884.00","143455.00","--","--","120429.00","--","--","120429.00","72938.00","--","47491.00","-8555.00","38936.00","18230.00","20706.00","--","--","20706.00","19430.00","--","40136.00","18869.00","--","1837.00","38281.00","--","1855.00","0.31"
"115/08/26","114","4","6203","海韻電","2772411.00","1809066.00","--","--","963345.00","--","--","963345.00","391202.00","--","572143.00","3184.00","575327.00","121342.00","453985.00","--","--","453985.00","-449.00","--","453536.00","453985.00","--","--","453536.00","--","--","5.51"
"115/08/26","114","4","6204","艾華","387409.00","253958.00","--","--","133451.00","--","--","133451.00","100477.00","--","32974.00","5634.00","38608.00","11317.00","27291.00","--","--","27291.00","-2868.00","--","24423.00","27291.00","--","--","24423.00","--","--","1.18"
"115/08/26","114","4","6207","雷科","1114016.00","770411.00","--","--","343605.00","--","--","343605.00","289337.00","--","54268.00","31206.00","85474.00","14850.00","70624.00","--","--","70624.00","-53135.00","--","17489.00","71804.00","--","-1180.00","18669.00","--","-1180.00","0.90"
"115/08/26","114","4","6208","日揚","3753653.00","2502411.00","--","--","1251242.00","--","--","1251242.00","899854.00","--","351388.00","-5132.00","346256.00","50096.00","296160.00","--","--","296160.00","-24520.00","--","271640.00","238237.00","--","57923.00","215546.00","--","56094.00","2.52"
"115/08/26","114","4","6210","慶生","326362.00","393415.00","--","--","-67053.00","--","--","-67053.00","46515.00","-1104.00","-114672.00","6001.00","-108671.00","0.00","-108671.00","--","--","-108671.00","493.00","--","-108178.00","--","--","--","--","--","--","-3.10"
"115/08/26","114","4","6212","理銘","1694629.00","1025399.00","--","--","669230.00","--","--","669230.00","137080.00","--","532150.00","-14899.00","517251.00","113551.00","403700.00","--","--","403700.00","0.00","--","403700.00","--","--","--","--","--","--","3.96"
"115/08/26","114","4","6217","中探針","3698947.00","2970597.00","--","--","728350.00","--","--","728350.00","970893.00","--","-242543.00","42458.00","-200085.00","6520.00","-206605.00","--","--","-206605.00","2514.00","--","-204091.00","-184797.00","--","-21808.00","-182372.00","--","-21719.00","-1.65"
"115/08/26","114","4","6218","豪勉","1319467.00","1151660.00","--","--","167807.00","--","--","167807.00","300985.00","--","-133178.00","38645.00","-94533.00","-20566.00","-73967.00","--","--","-73967.00","25796.00","--","-48171.00","-73967.00","--","--","-48171.00","--","--","-1.15"
"115/08/26","114","4","6219","富旺","2769531.00","2355551.00","--","--","413980.00","--","--","413980.00","495507.00","--","-81527.00","23711.00","-57816.00","37379.00","-95195.00","--","--","-95195.00","350.00","--","-94845.00","-95195.00","--","--","-94845.00","--","--","-0.76"
"115/08/26","114","4","6220","岳豐","8362383.00","5975160.00","--","--","2387223.00","--","--","2387223.00","2173190.00","--","214033.00","-85175.00","128858.00","10331.00","118527.00","--","--","118527.00","-162941.00","--","-44414.00","118527.00","--","0.00","-44414.00","--","0.00","0.81"
"115/08/26","114","4","6221","晉泰","5343163.00","4256185.00","--","--","1086978.00","--","--","1086978.00","589623.00","--","497355.00","14791.00","512146.00","116778.00","395368.00","--","--","395368.00","-46201.00","--","349167.00","395368.00","--","0.00","349167.00","--","0.00","2.35"
"115/08/26","114","4","6222","立軒","2767.00","2313.00","--","--","454.00","--","--","454.00","24447.00","--","-23993.00","-624.00","-24617.00","27.00","-24644.00","--","--","-24644.00","-7020.00","--","-31664.00","-24614.00","--","-30.00","-31634.00","--","-30.00","-0.40"
"115/08/26","114","4","6223","旺矽","13371181.00","5943372.00","--","--","7427809.00","--","--","7427809.00","3653269.00","--","3774540.00","69728.00","3844268.00","665738.00","3178530.00","-3138.00","--","3175392.00","166538.00","--","3341930.00","3176648.00","--","-1256.00","3341883.00","--","47.00","33.49"
"115/08/26","114","4","6227","茂綸","17489452.00","15996705.00","--","--","1492747.00","--","--","1492747.00","739345.00","--","753402.00","-31375.00","722027.00","126572.00","595455.00","--","--","595455.00","-12818.00","--","582637.00","573708.00","0.00","21747.00","560890.00","0.00","21747.00","7.54"
"115/08/26","114","4","6228","全譜","51271.00","22368.00","--","--","28903.00","--","--","28903.00","37480.00","--","-8577.00","-567.00","-9144.00","2985.00","-12129.00","--","--","-12129.00","-19527.00","--","-31656.00","-12129.00","--","--","-31656.00","--","--","-0.47"
"115/08/26","114","4","6229","研通","2152231.00","1922899.00","--","--","229332.00","--","--","229332.00","225266.00","217.00","4283.00","-2757.00","1526.00","-452.00","1978.00","--","--","1978.00","-12139.00","--","-10161.00","1978.00","--","--","-10161.00","--","--","0.05"
"115/08/26","114","4","6231","系微","1689513.00","440703.00","--","--","1248810.00","--","--","1248810.00","855527.00","--","393283.00","11451.00","404734.00","100885.00","303849.00","--","--","303849.00","-14340.00","--","289509.00","303849.00","--","--","289509.00","--","--","6.66"
"115/08/26","114","4","6233","旺玖","387503.00","239402.00","--","--","148101.00","--","--","148101.00","192999.00","--","-44898.00","38374.00","-6524.00","5897.00","-12421.00","--","--","-12421.00","215139.00","--","202718.00","-12421.00","--","--","202718.00","--","--","-0.16"
"115/08/26","114","4","6234","高僑","478260.00","453356.00","--","--","24904.00","--","--","24904.00","34822.00","--","-9918.00","19631.00","9713.00","4757.00","4956.00","--","--","4956.00","-16276.00","--","-11320.00","4956.00","--","--","-11320.00","--","--","0.05"
"115/08/26","114","4","6236","中湛","36145.00","5982.00","--","--","30163.00","--","--","30163.00","31086.00","--","-923.00","4081.00","3158.00","0.00","3158.00","--","--","3158.00","-2640.00","--","518.00","3158.00","--","--","518.00","--","--","0.08"
"115/08/26","114","4","6237","驊訊","501191.00","281196.00","--","--","219995.00","--","--","219995.00","400492.00","--","-180497.00","53131.00","-127366.00","-1284.00","-126082.00","--","--","-126082.00","1965.00","--","-124117.00","-121400.00","--","-4682.00","-119435.00","--","-4682.00","-1.52"
"115/08/26","114","4","6240","松崗","49738.00","26455.00","--","--","23283.00","--","--","23283.00","27912.00","--","-4629.00","-24280.00","-28909.00","-2716.00","-26193.00","--","--","-26193.00","35043.00","--","8850.00","-26193.00","--","--","8850.00","--","--","-1.15"
"115/08/26","114","4","6241","鑫永洋","679417.00","570518.00","--","--","108899.00","--","--","108899.00","146371.00","--","-37472.00","29727.00","-7745.00","--","-7745.00","--","--","-7745.00","--","--","-7745.00","--","--","--","--","--","--","-0.16"
"115/08/26","114","4","6242","立康","589209.00","190955.00","--","--","398254.00","--","--","398254.00","299970.00","--","98284.00","5769.00","104053.00","20229.00","83824.00","--","--","83824.00","-4650.00","--","79174.00","83824.00","--","--","79174.00","--","--","2.64"
"115/08/26","114","4","6244","茂迪","3062555.00","2570446.00","--","--","492109.00","--","--","492109.00","338773.00","--","153336.00","-65890.00","87446.00","28525.00","58921.00","--","--","58921.00","7648.00","--","66569.00","55137.00","--","3784.00","62930.00","--","3639.00","0.14"
"115/08/26","114","4","6245","立端","7187810.00","4912128.00","--","--","2275682.00","--","--","2275682.00","1647296.00","--","628386.00","94346.00","722732.00","80585.00","642147.00","--","--","642147.00","-4719.00","--","637428.00","642147.00","--","--","637428.00","--","--","4.38"
"115/08/26","114","4","6246","臺龍","1600441.00","1407221.00","--","--","193220.00","--","--","193220.00","132361.00","--","60859.00","-11090.00","49769.00","6492.00","43277.00","--","--","43277.00","-3402.00","--","39875.00","43277.00","--","--","39875.00","--","--","1.14"
"115/08/26","114","4","6248","沛波","7678408.00","7242252.00","--","--","436156.00","--","--","436156.00","255782.00","--","180374.00","2588.00","182962.00","30504.00","152458.00","--","--","152458.00","-7705.00","--","144753.00","152458.00","--","--","144753.00","--","--","1.53"
"115/08/26","114","4","6259","百徽","456532.00","350240.00","--","--","106292.00","--","--","106292.00","91082.00","--","15210.00","5874.00","21084.00","2451.00","18633.00","--","--","18633.00","4455.00","--","23088.00","18430.00","--","203.00","22885.00","--","203.00","0.70"
"115/08/26","114","4","6261","久元","4190701.00","2936638.00","--","--","1254063.00","--","--","1254063.00","829674.00","55341.00","479730.00","113444.00","593174.00","89479.00","503695.00","0.00","--","503695.00","-89777.00","--","413918.00","544089.00","--","-40394.00","459080.00","--","-45162.00","4.23"
"115/08/26","114","4","6263","普萊德","1884286.00","1005182.00","--","--","879104.00","--","--","879104.00","281611.00","--","597493.00","34639.00","632132.00","112301.00","519831.00","--","--","519831.00","220.00","--","520051.00","519831.00","--","0.00","520051.00","--","0.00","8.32"
"115/08/26","114","4","6264","富裔","112217.00","93557.00","--","--","18660.00","--","--","18660.00","118911.00","--","-100251.00","31542.00","-68709.00","12639.00","-81348.00","--","--","-81348.00","--","--","-81348.00","-66335.00","--","-15013.00","-66335.00","--","-15013.00","-0.50"
"115/08/26","114","4","6265","方土昶","909917.00","719908.00","--","--","190009.00","--","--","190009.00","86612.00","--","103397.00","-18021.00","85376.00","5191.00","80185.00","--","--","80185.00","1928.00","--","82113.00","80185.00","--","--","82113.00","--","--","0.68"
"115/08/26","114","4","6266","泰詠","3400533.00","2825103.00","--","--","575430.00","--","--","575430.00","203790.00","--","371640.00","20534.00","392174.00","84683.00","307491.00","--","--","307491.00","-1303.00","--","306188.00","307491.00","--","--","306188.00","--","--","2.00"
"115/08/26","114","4","6270","倍微","2769838.00","2534064.00","--","--","235774.00","--","--","235774.00","215041.00","--","20733.00","59591.00","80324.00","2684.00","77640.00","--","--","77640.00","-1060021.00","--","-982381.00","77640.00","--","--","-982381.00","--","--","1.08"
"115/08/26","114","4","6274","台燿","30340235.00","23442442.00","--","--","6897793.00","--","--","6897793.00","2554134.00","--","4343659.00","174953.00","4518612.00","1109463.00","3409149.00","--","--","3409149.00","-40787.00","--","3368362.00","3409149.00","--","--","3368362.00","--","--","12.13"
"115/08/26","114","4","6275","元山","4279058.00","3492028.00","--","--","787030.00","--","--","787030.00","599827.00","--","187203.00","23147.00","210350.00","-9545.00","219895.00","--","--","219895.00","4766.00","--","224661.00","221507.00","--","-1612.00","226195.00","--","-1534.00","2.81"
"115/08/26","114","4","6276","安鈦克","1439011.00","1105498.00","--","--","333513.00","--","--","333513.00","299964.00","--","33549.00","-10776.00","22773.00","2593.00","20180.00","--","--","20180.00","2011.00","--","22191.00","20180.00","--","0.00","22191.00","--","0.00","0.92"
"115/08/26","114","4","6279","胡連","9823300.00","6734047.00","--","--","3089253.00","--","--","3089253.00","1449041.00","--","1640212.00","-92160.00","1548052.00","282102.00","1265950.00","--","--","1265950.00","-36041.00","--","1229909.00","1258417.00","--","7533.00","1224720.00","--","5189.00","10.74"
"115/08/26","114","4","6284","佳邦","7619503.00","5735663.00","--","--","1883840.00","--","--","1883840.00","1179024.00","--","704816.00","67327.00","772143.00","136101.00","636042.00","--","--","636042.00","-159079.00","--","476963.00","641685.00","--","-5643.00","482606.00","--","-5643.00","4.36"
"115/08/26","114","4","6290","良維","10158601.00","6967115.00","--","--","3191486.00","--","--","3191486.00","1424032.00","48022.00","1815476.00","13598.00","1829074.00","410772.00","1418302.00","--","--","1418302.00","54385.00","--","1472687.00","1406175.00","--","12127.00","1461561.00","--","11126.00","8.73"
"115/08/26","114","4","6291","沛亨","2128865.00","1384779.00","--","--","744086.00","--","--","744086.00","367189.00","--","376897.00","-30892.00","346005.00","73038.00","272967.00","--","--","272967.00","-11737.00","--","261230.00","277171.00","0.00","-4204.00","267627.00","0.00","-6397.00","6.60"
"115/08/26","114","4","6292","迅德","1001648.00","643145.00","--","--","358503.00","--","--","358503.00","296417.00","8142.00","70228.00","29531.00","99759.00","6554.00","93205.00","0.00","--","93205.00","-45146.00","--","48059.00","93205.00","--","0.00","48059.00","--","0.00","2.00"
"115/08/26","114","4","6294","智基","972649.00","637235.00","--","--","335414.00","--","--","335414.00","240583.00","--","94831.00","-504.00","94327.00","22017.00","72310.00","--","--","72310.00","--","--","72310.00","72310.00","--","--","72310.00","--","--","2.78"
"115/08/26","114","4","6411","晶焱","2456181.00","1497727.00","--","--","958454.00","--","--","958454.00","749534.00","--","208920.00","105132.00","314052.00","50743.00","263309.00","--","--","263309.00","4226.00","--","267535.00","310306.00","--","-46997.00","317690.00","--","-50155.00","3.18"
"115/08/26","114","4","6417","韋僑","1607566.00","1103034.00","--","--","504532.00","--","--","504532.00","245616.00","--","258916.00","-4595.00","254321.00","50262.00","204059.00","--","--","204059.00","201.00","--","204260.00","204059.00","--","--","204260.00","--","--","4.83"
"115/08/26","114","4","6418","詠昇","782351.00","621557.00","--","--","160794.00","--","--","160794.00","128793.00","--","32001.00","-5096.00","26905.00","1751.00","25154.00","--","--","25154.00","1439.00","--","26593.00","25154.00","--","--","26593.00","--","--","0.73"
"115/08/26","114","4","6419","京晨科","498240.00","365695.00","--","--","132545.00","--","--","132545.00","72425.00","--","60120.00","76666.00","136786.00","10753.00","126033.00","0.00","--","126033.00","-2746.00","--","123287.00","126010.00","--","23.00","123264.00","--","23.00","9.58"
"115/08/26","114","4","6423","億而得","229957.00","3912.00","--","--","226045.00","--","--","226045.00","204603.00","--","21442.00","3880.00","25322.00","8179.00","17143.00","--","--","17143.00","506.00","--","17649.00","--","--","--","--","--","--","0.58"
"115/08/26","114","4","6425","易發","1409993.00","1001058.00","--","--","408935.00","--","--","408935.00","477871.00","--","-68936.00","-22701.00","-91637.00","-15761.00","-75876.00","--","--","-75876.00","13549.00","--","-62327.00","-78383.00","--","2507.00","-64861.00","--","2534.00","-1.61"
"115/08/26","114","4","6432","今展科","1124977.00","875141.00","--","--","249836.00","--","--","249836.00","216456.00","--","33380.00","-18821.00","14559.00","-938.00","15497.00","--","--","15497.00","-357.00","--","15140.00","15497.00","--","--","15140.00","--","--","0.48"
"115/08/26","114","4","6435","大中","3401493.00","2637956.00","--","--","763537.00","--","--","763537.00","389974.00","--","373563.00","45883.00","419446.00","65014.00","354432.00","--","--","354432.00","55952.00","--","410384.00","--","--","--","--","--","--","9.52"
"115/08/26","114","4","6441","廣錠","235260.00","260962.00","--","--","-25702.00","--","--","-25702.00","240320.00","--","-266022.00","-16688.00","-282710.00","-799.00","-281911.00","--","--","-281911.00","30.00","--","-281881.00","-274949.00","--","-6962.00","-274919.00","--","-6962.00","-5.16"
"115/08/26","114","4","6461","益得","107527.00","218469.00","--","--","-110942.00","--","--","-110942.00","253561.00","--","-364503.00","-17725.00","-382228.00","6804.00","-389032.00","--","--","-389032.00","63.00","--","-388969.00","--","--","--","--","--","--","-2.57"
"115/08/26","114","4","6462","神盾","5327499.00","3489814.00","--","--","1837685.00","--","--","1837685.00","3541281.00","--","-1703596.00","-408711.00","-2112307.00","146276.00","-2258583.00","--","--","-2258583.00","-398444.00","--","-2657027.00","-1597932.00","--","-660651.00","-1954444.00","--","-702583.00","-17.51"
"115/08/26","114","4","6465","威潤","263247.00","104596.00","--","--","158651.00","--","--","158651.00","120257.00","--","38394.00","9973.00","48367.00","7940.00","40427.00","--","--","40427.00","-568.00","--","39859.00","40427.00","--","--","39859.00","--","--","0.86"
"115/08/26","114","4","6469","大樹","18895916.00","13479153.00","--","--","5416763.00","--","--","5416763.00","4727432.00","--","689331.00","54657.00","743988.00","162485.00","581503.00","--","--","581503.00","60518.00","--","642021.00","600421.00","--","-18918.00","661687.00","--","-19666.00","4.01"
"115/08/26","114","4","6470","宇智","1954716.00","1601930.00","--","--","352786.00","--","--","352786.00","184030.00","--","168756.00","-5323.00","163433.00","17620.00","145813.00","--","--","145813.00","1727.00","--","147540.00","145813.00","--","--","147540.00","--","--","3.87"
"115/08/26","114","4","6474","華豫寧","3850518.00","2994061.00","--","--","856457.00","--","--","856457.00","620299.00","--","236158.00","-32400.00","203758.00","38796.00","164962.00","--","--","164962.00","-20642.00","--","144320.00","164962.00","--","--","144320.00","--","--","3.49"
"115/08/26","114","4","6482","弘煜科","496183.00","9947.00","--","--","486236.00","--","--","486236.00","398847.00","--","87389.00","-476.00","86913.00","19819.00","67094.00","--","--","67094.00","-2876.00","--","64218.00","66338.00","--","756.00","63654.00","--","564.00","2.32"
"115/08/26","114","4","6485","點序","1474489.00","742072.00","--","--","732417.00","--","--","732417.00","730211.00","--","2206.00","19298.00","21504.00","-10741.00","32245.00","--","--","32245.00","3.00","--","32248.00","32244.00","--","1.00","32247.00","--","1.00","0.71"
"115/08/26","114","4","6486","互動","2686097.00","1819988.00","--","--","866109.00","--","--","866109.00","516397.00","--","349712.00","14340.00","364052.00","67845.00","296207.00","--","--","296207.00","-27.00","--","296180.00","294086.00","0.00","2121.00","294059.00","0.00","2121.00","5.78"
"115/08/26","114","4","6488","環球晶","60597938.00","45974397.00","--","--","14623541.00","--","--","14623541.00","5987209.00","--","8636332.00","880044.00","9516376.00","2204715.00","7311661.00","--","--","7311661.00","-1219488.00","--","6092173.00","7312028.00","--","-367.00","6092535.00","--","-362.00","15.29"
"115/08/26","114","4","6492","生華科","1070.00","550.00","--","--","520.00","--","--","520.00","278779.00","--","-278259.00","14823.00","-263436.00","1333.00","-264769.00","--","--","-264769.00","-2454.00","--","-267223.00","-264769.00","--","--","-267223.00","--","--","-2.97"
"115/08/26","114","4","6494","九齊","1187325.00","901273.00","--","--","286052.00","--","--","286052.00","315199.00","--","-29147.00","-1363.00","-30510.00","-1013.00","-29497.00","--","--","-29497.00","328.00","--","-29169.00","-29497.00","--","--","-29169.00","--","--","-0.93"
"115/08/26","114","4","6496","科懋","898263.00","538097.00","--","--","360166.00","--","--","360166.00","531766.00","--","-171600.00","-742.00","-172342.00","10827.00","-183169.00","--","--","-183169.00","-5752.00","--","-188921.00","-183169.00","--","--","-188921.00","--","--","-3.97"
"115/08/26","114","4","6498","久禾光","1235804.00","644613.00","--","--","591191.00","--","--","591191.00","206184.00","--","385007.00","26121.00","411128.00","119187.00","291941.00","--","--","291941.00","9309.00","--","301250.00","291941.00","--","--","301250.00","--","--","6.51"
"115/08/26","114","4","6499","益安","419425.00","360600.00","--","--","58825.00","--","--","58825.00","781339.00","--","-722514.00","2821.00","-719693.00","-352.00","-719341.00","--","--","-719341.00","-14355.00","--","-733696.00","-668062.00","--","-51279.00","-682247.00","--","-51449.00","-7.24"
"115/08/26","114","4","6506","雙邦","1875443.00","1575170.00","--","--","300273.00","--","--","300273.00","175098.00","--","125175.00","-13435.00","111740.00","16232.00","95508.00","--","--","95508.00","-1103.00","--","94405.00","85295.00","--","10213.00","84244.00","--","10161.00","1.04"
"115/08/26","114","4","6508","惠光","1423098.00","1104285.00","--","--","318813.00","--","--","318813.00","261857.00","5067.00","62023.00","-30848.00","31175.00","8143.00","23032.00","--","--","23032.00","9278.00","--","32310.00","23032.00","--","--","32310.00","--","--","0.27"
"115/08/26","114","4","6509","聚和","4877141.00","3299530.00","--","--","1577611.00","--","--","1577611.00","764295.00","--","813316.00","8256.00","821572.00","254137.00","567435.00","--","--","567435.00","-8279.00","--","559156.00","567435.00","--","--","559156.00","--","--","2.87"
"115/08/26","114","4","6510","精測","4806013.00","2137888.00","--","--","2668125.00","--","--","2668125.00","1477645.00","0.00","1190480.00","34392.00","1224872.00","238481.00","986391.00","--","--","986391.00","-7999.00","--","978392.00","997181.00","--","-10790.00","989182.00","--","-10790.00","30.41"
"115/08/26","114","4","6512","啟發電","180399.00","132828.00","--","--","47571.00","--","--","47571.00","75162.00","--","-27591.00","7922.00","-19669.00","66.00","-19735.00","--","--","-19735.00","--","--","-19735.00","-19735.00","--","--","-19735.00","--","--","-0.78"
"115/08/26","114","4","6516","勤崴國際","546965.00","248508.00","--","--","298457.00","--","--","298457.00","233772.00","42.00","64727.00","44005.00","108732.00","23684.00","85048.00","--","--","85048.00","-1451.00","--","83597.00","--","--","--","--","--","--","1.52"
"115/08/26","114","4","6517","保勝光學","490322.00","307221.00","--","--","183101.00","--","--","183101.00","103194.00","--","79907.00","-18055.00","61852.00","12123.00","49729.00","--","--","49729.00","677.00","--","50406.00","49729.00","--","--","50406.00","--","--","1.63"
"115/08/26","114","4","6523","達爾膚","1168262.00","362671.00","--","--","805591.00","--","--","805591.00","378519.00","--","427072.00","14413.00","441485.00","91212.00","350273.00","--","--","350273.00","--","--","350273.00","350273.00","--","--","350273.00","--","--","7.78"
"115/08/26","114","4","6527","明達醫","949049.00","617170.00","--","--","331879.00","--","--","331879.00","150934.00","--","180945.00","-1933.00","179012.00","32032.00","146980.00","--","--","146980.00","--","--","146980.00","146980.00","--","--","146980.00","--","--","5.80"
"115/08/26","114","4","6530","創威","327794.00","176480.00","--","--","151314.00","--","--","151314.00","72499.00","--","78815.00","3468.00","82283.00","16457.00","65826.00","--","--","65826.00","-166.00","--","65660.00","--","--","--","--","--","--","1.95"
"115/08/26","114","4","6532","瑞耘","674898.00","427738.00","--","--","247160.00","--","--","247160.00","103617.00","--","143543.00","199777.00","343320.00","69441.00","273879.00","--","--","273879.00","7333.00","--","281212.00","273879.00","0.00","0.00","281212.00","0.00","0.00","7.31"
"115/08/26","114","4","6535","順藥","35831.00","13958.00","--","--","21873.00","--","--","21873.00","355362.00","--","-333489.00","-13129.00","-346618.00","0.00","-346618.00","--","--","-346618.00","3.00","--","-346615.00","-340540.00","--","-6078.00","-340537.00","--","-6078.00","-2.05"
"115/08/26","114","4","6538","倉和","1446438.00","966548.00","--","--","479890.00","--","--","479890.00","418430.00","--","61460.00","-12621.00","48839.00","5955.00","42884.00","--","--","42884.00","4839.00","--","47723.00","42884.00","--","--","47723.00","--","--","1.15"
"115/08/26","114","4","6542","隆中","884014.00","207866.00","--","--","676148.00","--","--","676148.00","670918.00","--","5230.00","-3566.00","1664.00","6433.00","-4769.00","--","--","-4769.00","-5390.00","--","-10159.00","924.00","--","-5693.00","-4485.00","--","-5674.00","0.02"
"115/08/26","114","4","6546","正基","2339532.00","1788058.00","--","--","551474.00","--","--","551474.00","305028.00","--","246446.00","-22113.00","224333.00","39984.00","184349.00","--","--","184349.00","-20286.00","--","164063.00","182645.00","--","1704.00","162359.00","--","1704.00","2.73"
"115/08/26","114","4","6547","高端疫苗","613171.00","248497.00","--","--","364674.00","--","--","364674.00","630365.00","--","-265691.00","-16023.00","-281714.00","0.00","-281714.00","--","--","-281714.00","-120014.00","--","-401728.00","-281714.00","--","--","-401728.00","--","--","-0.86"
"115/08/26","114","4","6548","長科*","13428198.00","10513777.00","--","--","2914421.00","--","--","2914421.00","1237407.00","--","1677014.00","234516.00","1911530.00","361270.00","1550260.00","--","--","1550260.00","149802.00","--","1700062.00","1503252.00","--","47008.00","1644867.00","--","55195.00","1.63"
"115/08/26","114","4","6556","勝品","1394710.00","935604.00","--","--","459106.00","--","--","459106.00","226751.00","--","232355.00","17945.00","250300.00","53665.00","196635.00","--","--","196635.00","-2865.00","--","193770.00","195157.00","--","1478.00","193139.00","--","631.00","6.79"
"115/08/26","114","4","6560","欣普羅","172621.00","99732.00","--","--","72889.00","--","--","72889.00","82996.00","--","-10107.00","4620.00","-5487.00","-1156.00","-4331.00","--","--","-4331.00","1256.00","--","-3075.00","--","--","--","--","--","--","-0.16"
"115/08/26","114","4","6561","是方","3943666.00","1869025.00","--","--","2074641.00","--","--","2074641.00","491245.00","396.00","1583792.00","-41009.00","1542783.00","312358.00","1230425.00","--","--","1230425.00","-6683.00","--","1223742.00","1227441.00","--","2984.00","1220619.00","--","3123.00","15.75"
"115/08/26","114","4","6568","宏觀","1137288.00","677435.00","--","--","459853.00","-766.00","--","460619.00","305016.00","--","155603.00","-5356.00","150247.00","28240.00","122007.00","--","--","122007.00","-789.00","--","121218.00","122007.00","--","--","121218.00","--","--","4.00"
"115/08/26","114","4","6569","醫揚","1313288.00","879271.00","--","--","434017.00","--","--","434017.00","381773.00","--","52244.00","69664.00","121908.00","10207.00","111701.00","--","--","111701.00","26573.00","--","138274.00","112133.00","--","-432.00","138706.00","--","-432.00","2.88"
"115/08/26","114","4","6570","維田","915913.00","601314.00","--","--","314599.00","--","--","314599.00","255976.00","--","58623.00","1395.00","60018.00","12156.00","47862.00","--","--","47862.00","-4793.00","--","43069.00","47862.00","--","--","43069.00","--","--","1.29"
"115/08/26","114","4","6574","霈方","621684.00","266532.00","--","--","355152.00","--","--","355152.00","179298.00","--","175854.00","11209.00","187063.00","37153.00","149910.00","--","--","149910.00","120950.00","--","270860.00","149910.00","--","--","270860.00","--","--","6.82"
"115/08/26","114","4","6576","逸達","431274.00","137057.00","--","--","294217.00","--","--","294217.00","1156533.00","--","-862316.00","4113.00","-858203.00","24948.00","-883151.00","--","--","-883151.00","-18154.00","--","-901305.00","-883151.00","--","--","-901305.00","--","--","-5.70"
"115/08/26","114","4","6577","勁豐","2077114.00","1389980.00","--","--","687134.00","--","--","687134.00","279561.00","--","407573.00","14344.00","421917.00","83179.00","338738.00","--","--","338738.00","-48250.00","--","290488.00","338738.00","--","--","290488.00","--","--","5.64"
"115/08/26","114","4","6578","達邦蛋白","309335.00","240300.00","--","--","69035.00","--","--","69035.00","97218.00","--","-28183.00","-38157.00","-66340.00","2998.00","-69338.00","--","--","-69338.00","-1880.00","--","-71218.00","-69338.00","--","--","-71218.00","--","--","-0.96"
"115/08/26","114","4","6584","南俊國際","2432925.00","1581608.00","--","--","851317.00","--","--","851317.00","366934.00","--","484383.00","47572.00","531955.00","161971.00","369984.00","--","--","369984.00","-20671.00","--","349313.00","369984.00","--","--","349313.00","--","--","5.59"
"115/08/26","114","4","6588","東典光電","173202.00","162955.00","--","--","10247.00","--","--","10247.00","72623.00","--","-62376.00","-5445.00","-67821.00","60.00","-67881.00","--","--","-67881.00","-1058.00","--","-68939.00","-61311.00","--","-6570.00","-62369.00","--","-6570.00","-1.77"
"115/08/26","114","4","6590","普鴻","663729.00","345173.00","--","--","318556.00","--","--","318556.00","159483.00","--","159073.00","8935.00","168008.00","30946.00","137062.00","--","--","137062.00","66.00","--","137128.00","125808.00","--","11254.00","125874.00","--","11254.00","5.12"
"115/08/26","114","4","6593","台灣銘板","417996.00","337884.00","--","--","80112.00","--","--","80112.00","141239.00","--","-61127.00","-9399.00","-70526.00","-12971.00","-57555.00","--","--","-57555.00","1184.00","--","-56371.00","-57294.00","--","-261.00","-56124.00","--","-247.00","-2.11"
"115/08/26","114","4","6596","寬宏藝術","3090579.00","1926997.00","--","--","1163582.00","--","--","1163582.00","285946.00","-381.00","877255.00","20804.00","898059.00","182532.00","715527.00","--","--","715527.00","-2930.00","--","712597.00","715527.00","--","--","712597.00","--","--","18.83"
"115/08/26","114","4","6597","立誠","765185.00","537404.00","--","--","227781.00","--","--","227781.00","118346.00","--","109435.00","-19655.00","89780.00","18447.00","71333.00","--","--","71333.00","117.00","--","71450.00","--","--","--","--","--","--","2.51"
"115/08/26","114","4","6603","富強鑫","5082840.00","3795423.00","--","--","1287417.00","--","--","1287417.00","1082496.00","--","204921.00","-29197.00","175724.00","65864.00","109860.00","--","--","109860.00","41064.00","--","150924.00","100474.00","--","9386.00","139652.00","--","11272.00","0.61"
"115/08/26","114","4","6609","瀧澤科","2038388.00","1796503.00","--","--","241885.00","--","--","241885.00","383016.00","--","-141131.00","-9518.00","-150649.00","-39897.00","-110752.00","--","--","-110752.00","2657.00","--","-108095.00","-110752.00","--","--","-108095.00","--","--","-1.53"
"115/08/26","114","4","6612","奈米醫材","1130986.00","462809.00","--","--","668177.00","--","--","668177.00","539595.00","--","128582.00","-60857.00","67725.00","64655.00","3070.00","--","--","3070.00","-48687.00","--","-45617.00","51231.00","--","-48161.00","-5867.00","--","-39750.00","1.09"
"115/08/26","114","4","6613","朋億*","8915042.00","6029779.00","--","--","2885263.00","--","--","2885263.00","1189973.00","--","1695290.00","113009.00","1808299.00","489312.00","1318987.00","--","--","1318987.00","175510.00","--","1494497.00","1040217.00","--","278770.00","1211793.00","--","282704.00","13.37"
"115/08/26","114","4","6615","慧智","385706.00","286575.00","--","--","99131.00","--","--","99131.00","132869.00","--","-33738.00","25434.00","-8304.00","551.00","-8855.00","--","--","-8855.00","-82.00","--","-8937.00","-9360.00","--","505.00","-9432.00","--","495.00","-0.43"
"115/08/26","114","4","6616","特昇-KY","1027775.00","911142.00","--","--","116633.00","--","--","116633.00","128900.00","--","-12267.00","-9027.00","-21294.00","206.00","-21500.00","--","--","-21500.00","27667.00","--","6167.00","-21434.00","--","-66.00","6393.00","--","-226.00","-0.61"
"115/08/26","114","4","6617","共信-KY","36446.00","10358.00","--","--","26088.00","--","--","26088.00","233380.00","--","-207292.00","86423.00","-120869.00","158.00","-121027.00","--","--","-121027.00","-92279.00","--","-213306.00","-114126.00","--","-6901.00","-206143.00","--","-7163.00","-0.92"
"115/08/26","114","4","6620","漢達","1729252.00","267481.00","--","--","1461771.00","--","--","1461771.00","527589.00","--","934182.00","2795.00","936977.00","187203.00","749774.00","--","--","749774.00","-25566.00","--","724208.00","749774.00","--","--","724208.00","--","--","4.85"
"115/08/26","114","4","6624","萬年清","574875.00","457691.00","--","--","117184.00","--","--","117184.00","99856.00","--","17328.00","-2788.00","14540.00","5907.00","8633.00","--","--","8633.00","-1326.00","--","7307.00","7496.00","--","1137.00","6296.00","--","1011.00","0.36"
"115/08/26","114","4","6629","泰金-KY","1742371.00","1283071.00","--","--","459300.00","--","--","459300.00","106076.00","--","353224.00","-34018.00","319206.00","71410.00","247796.00","--","--","247796.00","55036.00","--","302832.00","247441.00","--","355.00","302399.00","--","433.00","6.46"
"115/08/26","114","4","6637","醫影","1164380.00","813953.00","--","--","350427.00","--","--","350427.00","124512.00","--","225915.00","10415.00","236330.00","50787.00","185543.00","--","--","185543.00","-4021.00","--","181522.00","185543.00","--","--","181522.00","--","--","7.17"
"115/08/26","114","4","6640","均華","2690692.00","1639131.00","--","--","1051561.00","--","--","1051561.00","647372.00","--","404189.00","13092.00","417281.00","100548.00","316733.00","--","--","316733.00","776127.00","--","1092860.00","357904.00","--","-41171.00","1134031.00","--","-41171.00","12.75"
"115/08/26","114","4","6642","富致","541583.00","295914.00","--","--","245669.00","--","--","245669.00","123967.00","--","121702.00","-3566.00","118136.00","21060.00","97076.00","--","--","97076.00","-4041.00","--","93035.00","97076.00","--","--","93035.00","--","--","2.60"
"115/08/26","114","4","6643","M31","1782169.00","--","--","--","1782169.00","--","--","1782169.00","1688979.00","--","93190.00","719.00","93909.00","23318.00","70591.00","--","--","70591.00","-2808.00","--","67783.00","70591.00","--","--","67783.00","--","--","1.69"
"115/08/26","114","4","6649","台生材","220401.00","85605.00","--","--","134796.00","--","--","134796.00","73964.00","--","60832.00","-1906.00","58926.00","0.00","58926.00","--","--","58926.00","--","--","58926.00","--","--","--","--","--","--","1.40"
"115/08/26","114","4","6651","全宇昕","1502163.00","980961.00","--","--","521202.00","--","--","521202.00","242014.00","6513.00","285701.00","-18042.00","267659.00","49210.00","218449.00","--","--","218449.00","--","--","218449.00","--","--","--","--","--","--","6.32"
"115/08/26","114","4","6654","天正國際","362609.00","300993.00","--","--","61616.00","--","--","61616.00","156720.00","--","-95104.00","74203.00","-20901.00","-18112.00","-2789.00","--","--","-2789.00","35494.00","--","32705.00","238.00","--","-3027.00","35732.00","--","-3027.00","0.01"
"115/08/26","114","4","6661","威健生技","375940.00","219761.00","--","--","156179.00","--","--","156179.00","156052.00","--","127.00","1211.00","1338.00","42.00","1296.00","--","--","1296.00","-8016.00","--","-6720.00","1330.00","--","-34.00","-6686.00","--","-34.00","0.06"
"115/08/26","114","4","6662","樂斯科","262664.00","157887.00","--","--","104777.00","--","--","104777.00","56733.00","--","48044.00","1520.00","49564.00","7136.00","42428.00","--","--","42428.00","4323.00","--","46751.00","--","--","--","--","--","--","1.66"
"115/08/26","114","4","6664","群翊","2574456.00","1061886.00","--","--","1512570.00","--","--","1512570.00","492321.00","--","1020249.00","116803.00","1137052.00","223184.00","913868.00","--","--","913868.00","2585.00","--","916453.00","913868.00","--","--","916453.00","--","--","15.06"
"115/08/26","114","4","6667","信紘科","6354758.00","5064074.00","--","--","1290684.00","--","--","1290684.00","529142.00","--","761542.00","60767.00","822309.00","180376.00","641933.00","--","--","641933.00","-11748.00","--","630185.00","653925.00","--","-11992.00","642186.00","--","-12001.00","13.77"
"115/08/26","114","4","6679","鈺太","1965689.00","1136951.00","--","--","828738.00","--","--","828738.00","478330.00","--","350408.00","60054.00","410462.00","45258.00","365204.00","--","--","365204.00","239001.00","--","604205.00","365204.00","--","--","604205.00","--","--","6.81"
"115/08/26","114","4","6680","鑫創電子","563870.00","379697.00","--","--","184173.00","--","--","184173.00","182872.00","--","1301.00","-10712.00","-9411.00","-2618.00","-6793.00","--","--","-6793.00","-529.00","--","-7322.00","-6793.00","--","--","-7322.00","--","--","-0.29"
"115/08/26","114","4","6683","雍智科技","2135967.00","1150466.00","--","--","985501.00","--","--","985501.00","446882.00","--","538619.00","-7272.00","531347.00","112300.00","419047.00","--","--","419047.00","-711.00","--","418336.00","419047.00","--","--","418336.00","--","--","15.42"
"115/08/26","114","4","6684","安格","317007.00","159039.00","--","--","157968.00","--","0.00","157968.00","266998.00","--","-109030.00","180409.00","71379.00","16562.00","54817.00","--","--","54817.00","-57619.00","--","-2802.00","69971.00","--","-15154.00","12347.00","--","-15149.00","1.57"
"115/08/26","114","4","6690","安�硌穈T","2431957.00","1399727.00","--","--","1032230.00","--","--","1032230.00","668416.00","--","363814.00","18542.00","382356.00","75671.00","306685.00","--","--","306685.00","-205.00","--","306480.00","306685.00","--","--","306480.00","--","--","10.22"
"115/08/26","114","4","6692","進能服","1463260.00","1261245.00","--","--","202015.00","--","--","202015.00","200001.00","--","2014.00","10067.00","12081.00","-1644.00","13725.00","--","--","13725.00","4902.00","--","18627.00","13388.00","333.00","4.00","18290.00","333.00","4.00","0.23"
"115/08/26","114","4","6693","廣閎科","1413767.00","1043833.00","--","--","369934.00","--","--","369934.00","305473.00","--","64461.00","-72063.00","-7602.00","-3606.00","-3996.00","--","--","-3996.00","-3592.00","--","-7588.00","-3996.00","--","--","-7588.00","--","--","-0.09"
"115/08/26","114","4","6697","東捷資訊","1342713.00","1135399.00","--","--","207314.00","--","--","207314.00","114467.00","--","92847.00","13008.00","105855.00","22901.00","82954.00","--","--","82954.00","-2926.00","--","80028.00","82954.00","--","--","80028.00","--","--","3.04"
"115/08/26","114","4","6703","軒郁","3286809.00","1229135.00","--","--","2057674.00","--","--","2057674.00","1654328.00","--","403346.00","-2758.00","400588.00","83134.00","317454.00","--","--","317454.00","2710.00","--","320164.00","324017.00","--","-6563.00","326727.00","--","-6563.00","9.90"
"115/08/26","114","4","6708","天擎","281015.00","131451.00","--","--","149564.00","--","--","149564.00","139682.00","--","9882.00","-2491.00","7391.00","137.00","7254.00","--","--","7254.00","-4806.00","--","2448.00","7254.00","--","--","2448.00","--","--","0.25"
"115/08/26","114","4","6712","長聖","1017505.00","296177.00","--","--","721328.00","0.00","--","721328.00","282331.00","--","438997.00","85336.00","524333.00","94901.00","429432.00","--","--","429432.00","-2600.00","--","426832.00","429432.00","--","--","426832.00","--","--","4.88"
"115/08/26","114","4","6716","應廣","1081905.00","721735.00","--","--","360170.00","--","--","360170.00","302525.00","--","57645.00","12316.00","69961.00","5168.00","64793.00","--","--","64793.00","-17488.00","--","47305.00","64793.00","--","--","47305.00","--","--","2.19"
"115/08/26","114","4","6720","久昌","435853.00","192602.00","--","--","243251.00","--","--","243251.00","122178.00","--","121073.00","21955.00","143028.00","26510.00","116518.00","--","--","116518.00","683.00","--","117201.00","116518.00","--","--","117201.00","--","--","3.89"
"115/08/26","114","4","6721","信實","3626600.00","3437401.00","--","--","189199.00","--","--","189199.00","63585.00","--","125614.00","5649.00","131263.00","26534.00","104729.00","--","--","104729.00","--","--","104729.00","104729.00","--","--","104729.00","--","--","4.65"
"115/08/26","114","4","6725","矽科宏晟","3816489.00","2928635.00","--","--","887854.00","--","--","887854.00","270105.00","--","617749.00","-53803.00","563946.00","134782.00","429164.00","--","--","429164.00","2480.00","--","431644.00","429164.00","--","0.00","431644.00","--","0.00","12.98"
"115/08/26","114","4","6727","亞泰金屬","1634168.00","1262389.00","--","--","371779.00","--","--","371779.00","166769.00","--","205010.00","30268.00","235278.00","52386.00","182892.00","--","--","182892.00","4647.00","--","187539.00","182892.00","--","--","187539.00","--","--","6.80"
"115/08/26","114","4","6728","上洋","4735306.00","3140893.00","--","--","1594413.00","--","--","1594413.00","1204318.00","--","390095.00","-23412.00","366683.00","73305.00","293378.00","--","--","293378.00","520.00","--","293898.00","294319.00","--","-941.00","294839.00","--","-941.00","9.77"
"115/08/26","114","4","6730","常廣","487648.00","251448.00","--","--","236200.00","--","--","236200.00","148302.00","--","87898.00","-1312.00","86586.00","17317.00","69269.00","--","--","69269.00","6.00","--","69275.00","69269.00","--","--","69275.00","--","--","2.14"
"115/08/26","114","4","6732","昇佳電子","4561864.00","3743908.00","--","--","817956.00","--","--","817956.00","657186.00","46.00","160816.00","146342.00","307158.00","2867.00","304291.00","--","--","304291.00","5884.00","--","310175.00","--","--","--","--","--","--","6.22"
"115/08/26","114","4","6733","博晟生醫","222337.00","62178.00","--","--","160159.00","--","--","160159.00","270654.00","--","-110495.00","6885.00","-103610.00","-8309.00","-95301.00","--","--","-95301.00","275.00","--","-95026.00","-84610.00","--","-10691.00","-81729.00","--","-13297.00","-0.69"
"115/08/26","114","4","6735","美達科技","343483.00","181588.00","--","--","161895.00","--","--","161895.00","153435.00","--","8460.00","10281.00","18741.00","3707.00","15034.00","--","--","15034.00","-607.00","--","14427.00","15034.00","--","--","14427.00","--","--","0.33"
"115/08/26","114","4","6739","竹陞科技","805637.00","275334.00","--","--","530303.00","--","--","530303.00","104345.00","--","425958.00","29392.00","455350.00","80785.00","374565.00","--","--","374565.00","97.00","--","374662.00","374565.00","--","--","374662.00","--","--","16.13"
"115/08/26","114","4","6741","91APP*-KY","1806585.00","465370.00","--","--","1341215.00","--","--","1341215.00","752270.00","--","588945.00","65205.00","654150.00","144916.00","509234.00","--","--","509234.00","-45514.00","--","463720.00","507520.00","--","1714.00","462277.00","--","1443.00","4.40"
"115/08/26","114","4","6751","智聯服務","1760450.00","1512459.00","--","--","247991.00","--","--","247991.00","200023.00","--","47968.00","118784.00","166752.00","25863.00","140889.00","--","--","140889.00","-1483.00","--","139406.00","115538.00","--","25351.00","114394.00","--","25012.00","5.20"
"115/08/26","114","4","6752","叡揚","2019269.00","1006837.00","--","--","1012432.00","--","--","1012432.00","712332.00","--","300100.00","22128.00","322228.00","46867.00","275361.00","--","--","275361.00","-3030.00","--","272331.00","274331.00","--","1030.00","271301.00","--","1030.00","7.41"
"115/08/26","114","4","6761","穩得","1974077.00","1254709.00","--","--","719368.00","--","--","719368.00","413443.00","--","305925.00","216.00","306141.00","57297.00","248844.00","--","--","248844.00","-2296.00","--","246548.00","248844.00","--","--","246548.00","--","--","7.34"
"115/08/26","114","4","6762","達亞","694154.00","501592.00","--","--","192562.00","--","--","192562.00","138394.00","--","54168.00","-27961.00","26207.00","2779.00","23428.00","--","--","23428.00","--","--","23428.00","--","--","--","--","--","--","0.67"
"115/08/26","114","4","6763","綠界科技*","1744534.00","1016750.00","--","--","727784.00","--","--","727784.00","337971.00","--","389813.00","462151.00","851964.00","83588.00","768376.00","--","--","768376.00","-19804.00","--","748572.00","775284.00","--","-6908.00","755480.00","--","-6908.00","4.21"
"115/08/26","114","4","6767","台微醫","311774.00","68549.00","--","--","243225.00","--","--","243225.00","271613.00","--","-28388.00","9305.00","-19083.00","18.00","-19101.00","--","--","-19101.00","-139.00","--","-19240.00","-19101.00","--","--","-19240.00","--","--","-0.49"
"115/08/26","114","4","6785","昱展新藥","2753.00","613.00","--","--","2140.00","--","--","2140.00","169938.00","--","-167798.00","88827.00","-78971.00","712.00","-79683.00","--","--","-79683.00","7740.00","--","-71943.00","--","--","--","--","--","--","-1.19"
"115/08/26","114","4","6788","華景電","2582256.00","1075877.00","--","--","1506379.00","--","--","1506379.00","627662.00","--","878717.00","28156.00","906873.00","238920.00","667953.00","--","--","667953.00","9352.00","--","677305.00","672719.00","--","-4766.00","682071.00","--","-4766.00","17.36"
"115/08/26","114","4","6791","虎門科技","805617.00","475137.00","--","--","330480.00","--","--","330480.00","246897.00","--","83583.00","24359.00","107942.00","19361.00","88581.00","--","--","88581.00","-1802.00","--","86779.00","86815.00","--","1766.00","85013.00","--","1766.00","4.16"
"115/08/26","114","4","6803","崑鼎","9656402.00","7796661.00","--","--","1859741.00","--","--","1859741.00","122494.00","--","1737247.00","112426.00","1849673.00","343786.00","1505887.00","--","--","1505887.00","-22278.00","--","1483609.00","1338035.00","--","167852.00","1324983.00","--","158626.00","18.44"
"115/08/26","114","4","6804","明係","1339647.00","1315497.00","--","--","24150.00","--","--","24150.00","116106.00","--","-91956.00","-20063.00","-112019.00","-13061.00","-98958.00","--","--","-98958.00","-21178.00","--","-120136.00","-98958.00","--","--","-120136.00","--","--","-2.83"
"115/08/26","114","4","6811","宏�硌穈T","9661000.00","8458040.00","--","--","1202960.00","492.00","--","1202468.00","461827.00","--","740641.00","4476.00","745117.00","149983.00","595134.00","--","--","595134.00","-3406.00","--","591728.00","595134.00","--","--","591728.00","--","--","14.36"
"115/08/26","114","4","6821","聯寶","582139.00","369018.00","--","--","213121.00","--","--","213121.00","170484.00","--","42637.00","27.00","42664.00","7591.00","35073.00","--","--","35073.00","-2629.00","--","32444.00","35073.00","--","--","32444.00","--","--","1.13"
"115/08/26","114","4","6823","濾能","635181.00","601240.00","--","--","33941.00","--","--","33941.00","190567.00","--","-156626.00","-75564.00","-232190.00","-6744.00","-225446.00","--","--","-225446.00","-30169.00","--","-255615.00","-210485.00","--","-14961.00","-240654.00","--","-14961.00","-7.92"
"115/08/26","114","4","6829","千附精密","1821605.00","1325452.00","--","--","496153.00","--","--","496153.00","199443.00","--","296710.00","-7770.00","288940.00","55083.00","233857.00","--","--","233857.00","3.00","--","233860.00","--","--","--","--","--","--","3.95"
"115/08/26","114","4","6840","東研信超","909141.00","534680.00","--","--","374461.00","--","--","374461.00","313975.00","--","60486.00","-12628.00","47858.00","-99.00","47957.00","--","--","47957.00","3257.00","--","51214.00","47957.00","--","--","51214.00","--","--","1.58"
"115/08/26","114","4","6841","長佳智能","378806.00","153878.00","--","--","224928.00","--","--","224928.00","189552.00","--","35376.00","90080.00","125456.00","18058.00","107398.00","--","--","107398.00","--","--","107398.00","83354.00","--","24044.00","83354.00","--","24044.00","0.89"
"115/08/26","114","4","6843","進典","825379.00","511686.00","--","--","313693.00","--","--","313693.00","215022.00","--","98671.00","-2922.00","95749.00","24452.00","71297.00","--","--","71297.00","5059.00","--","76356.00","73281.00","--","-1984.00","78168.00","--","-1812.00","2.20"
"115/08/26","114","4","6844","諾貝兒","3446197.00","2274442.00","--","--","1171755.00","--","--","1171755.00","1095939.00","--","75816.00","25247.00","101063.00","13214.00","87849.00","--","--","87849.00","-5156.00","--","82693.00","87849.00","--","--","82693.00","--","--","2.35"
"115/08/26","114","4","6846","綠茵","915321.00","475282.00","--","--","440039.00","--","--","440039.00","251404.00","--","188635.00","-3674.00","184961.00","39443.00","145518.00","--","--","145518.00","-345.00","--","145173.00","145518.00","--","--","145173.00","--","--","5.39"
"115/08/26","114","4","6855","數泓科","626234.00","316191.00","--","--","310043.00","--","--","310043.00","90034.00","--","220009.00","13302.00","233311.00","50770.00","182541.00","--","--","182541.00","13.00","--","182554.00","--","--","--","--","--","--","7.85"
"115/08/26","114","4","6856","鑫傳","763531.00","242459.00","--","--","521072.00","--","--","521072.00","404414.00","--","116658.00","-23189.00","93469.00","21729.00","71740.00","--","--","71740.00","4654.00","--","76394.00","73910.00","--","-2170.00","79147.00","--","-2753.00","2.62"
"115/08/26","114","4","6859","伯特光","923346.00","670754.00","--","--","252592.00","--","--","252592.00","111881.00","--","140711.00","8185.00","148896.00","30400.00","118496.00","--","--","118496.00","125.00","--","118621.00","118496.00","--","--","118621.00","--","--","2.86"
"115/08/26","114","4","6865","偉康科技","427528.00","246607.00","--","--","180921.00","--","--","180921.00","157108.00","--","23813.00","3368.00","27181.00","3324.00","23857.00","--","--","23857.00","160.00","--","24017.00","--","--","--","--","--","--","1.52"
"115/08/26","114","4","6870","騰雲","804345.00","239793.00","--","--","564552.00","--","--","564552.00","372169.00","-11.00","192372.00","4204.00","196576.00","26601.00","169975.00","--","--","169975.00","-11594.00","--","158381.00","165418.00","--","4557.00","153798.00","--","4583.00","7.08"
"115/08/26","114","4","6872","浩宇生醫","10483.00","13273.00","--","--","-2790.00","--","--","-2790.00","156903.00","--","-159693.00","9771.00","-149922.00","--","-149922.00","--","--","-149922.00","157.00","--","-149765.00","-148459.00","--","-1463.00","-148349.00","--","-1416.00","-2.14"
"115/08/26","114","4","6874","倍力","1370467.00","1143496.00","--","--","226971.00","--","--","226971.00","130705.00","--","96266.00","-9796.00","86470.00","17375.00","69095.00","--","--","69095.00","-118.00","--","68977.00","--","--","--","--","--","--","3.16"
"115/08/26","114","4","6875","國邑*","67268.00","54235.00","--","--","13033.00","--","--","13033.00","415888.00","--","-402855.00","19006.00","-383849.00","--","-383849.00","0.00","--","-383849.00","-10.00","--","-383859.00","-383849.00","--","--","-383859.00","--","--","-2.97"
"115/08/26","114","4","6877","鏵友益","480581.00","262342.00","--","--","218239.00","--","--","218239.00","214753.00","--","3486.00","27099.00","30585.00","3116.00","27469.00","--","--","27469.00","-14392.00","--","13077.00","27469.00","--","--","13077.00","--","--","0.59"
"115/08/26","114","4","6881","潤德","2464505.00","1993637.00","--","--","470868.00","--","--","470868.00","127523.00","--","343345.00","19150.00","362495.00","71255.00","291240.00","--","--","291240.00","-40342.00","--","250898.00","--","--","--","--","--","--","19.42"
"115/08/26","114","4","6884","海柏特","1211483.00","960548.00","--","--","250935.00","--","--","250935.00","204463.00","--","46472.00","3053.00","49525.00","16012.00","33513.00","--","--","33513.00","297.00","--","33810.00","33411.00","--","102.00","33742.00","--","68.00","2.05"
"115/08/26","114","4","6894","衛司特","1378741.00","872776.00","--","--","505965.00","2800.00","0.00","503165.00","131778.00","--","371387.00","-1724.00","369663.00","101352.00","268311.00","--","--","268311.00","1085.00","--","269396.00","261503.00","--","6808.00","264236.00","--","5160.00","10.99"
"115/08/26","114","4","6895","宏碩系統","850772.00","589270.00","--","--","261502.00","--","--","261502.00","120579.00","--","140923.00","7658.00","148581.00","25384.00","123197.00","--","--","123197.00","--","--","123197.00","--","--","--","--","--","--","3.61"
"115/08/26","114","4","6899","創為精密","1194784.00","721270.00","--","--","473514.00","--","--","473514.00","255575.00","--","217939.00","-19865.00","198074.00","47464.00","150610.00","--","--","150610.00","-3841.00","--","146769.00","150905.00","--","-295.00","147064.00","--","-295.00","3.59"
"115/08/26","114","4","6903","巨漢","3604128.00","2607537.00","--","--","996591.00","--","--","996591.00","143972.00","--","852619.00","30108.00","882727.00","177209.00","705518.00","--","--","705518.00","--","--","705518.00","--","--","--","--","--","--","10.62"
"115/08/26","114","4","6904","伯鑫","862505.00","597145.00","--","--","265360.00","--","--","265360.00","100418.00","--","164942.00","-32208.00","132734.00","32098.00","100636.00","--","--","100636.00","-6211.00","--","94425.00","100636.00","--","--","94425.00","--","--","5.44"
"115/08/26","114","4","6907","雅特力-KY","1666053.00","1101961.00","--","--","564092.00","--","--","564092.00","449543.00","--","114549.00","21810.00","136359.00","29662.00","106697.00","--","--","106697.00","10708.00","--","117405.00","106697.00","--","--","117405.00","--","--","2.08"
"115/08/26","114","4","6910","德鴻","384828.00","173527.00","--","--","211301.00","--","--","211301.00","143342.00","--","67959.00","3992.00","71951.00","17773.00","54178.00","--","--","54178.00","-327.00","--","53851.00","54178.00","--","--","53851.00","--","--","2.00"
"115/08/26","114","4","6913","鴻呈","2631512.00","1917817.00","--","--","713695.00","--","--","713695.00","451382.00","--","262313.00","-7245.00","255068.00","51338.00","203730.00","--","--","203730.00","-16870.00","--","186860.00","189549.00","--","14181.00","172291.00","--","14569.00","4.34"
"115/08/26","114","4","6922","宸曜","1642902.00","952878.00","--","--","690024.00","--","--","690024.00","428617.00","--","261407.00","-20684.00","240723.00","53835.00","186888.00","--","--","186888.00","-1871.00","--","185017.00","186888.00","--","--","185017.00","--","--","6.90"
"115/08/26","114","4","6925","意藍","210188.00","40625.00","--","--","169563.00","--","--","169563.00","102771.00","--","66792.00","3952.00","70744.00","11438.00","59306.00","--","--","59306.00","-56.00","--","59250.00","--","--","--","--","--","--","3.11"
"115/08/26","114","4","6929","佑全","3221803.00","2153762.00","--","--","1068041.00","--","--","1068041.00","1136065.00","--","-68024.00","-5170.00","-73194.00","18.00","-73212.00","--","--","-73212.00","-378.00","--","-73590.00","--","--","--","--","--","--","-1.63"
"115/08/26","114","4","6945","圓祥生技","0.00","0.00","--","--","0.00","--","--","0.00","456378.00","--","-456378.00","11611.00","-444767.00","0.00","-444767.00","--","--","-444767.00","2078.00","--","-442689.00","-444767.00","--","--","-442689.00","--","--","-5.23"
"115/08/26","114","4","6953","家碩","1324338.00","714926.00","--","--","609412.00","--","--","609412.00","347442.00","--","261970.00","13793.00","275763.00","36078.00","239685.00","--","--","239685.00","-18135.00","--","221550.00","239685.00","--","--","221550.00","--","--","7.99"
"115/08/26","114","4","6961","旅天下","4133329.00","3520218.00","--","--","613111.00","--","--","613111.00","514220.00","--","98891.00","25245.00","124136.00","22895.00","101241.00","-578.00","--","100663.00","-19953.00","--","80710.00","100000.00","--","663.00","80047.00","--","663.00","4.23"
"115/08/26","114","4","6967","汎瑋材料","1415108.00","1043743.00","--","--","371365.00","--","--","371365.00","239438.00","--","131927.00","9568.00","141495.00","42675.00","98820.00","--","--","98820.00","-16120.00","--","82700.00","98820.00","--","--","82700.00","--","--","4.02"
"115/08/26","114","4","6968","萬達寵物","3211810.00","1879974.00","--","--","1331836.00","--","--","1331836.00","1180910.00","--","150926.00","-16026.00","134900.00","19928.00","114972.00","--","--","114972.00","0.00","--","114972.00","114866.00","--","106.00","114866.00","--","106.00","2.46"
"115/08/26","114","4","6971","惠民實業","2314870.00","2076139.00","--","--","238731.00","--","--","238731.00","87410.00","--","151321.00","-49224.00","102097.00","14752.00","87345.00","--","--","87345.00","-631.00","--","86714.00","87345.00","--","--","86714.00","--","--","2.42"
"115/08/26","114","4","6982","大井泵浦","1617553.00","1226448.00","--","--","391105.00","--","--","391105.00","361839.00","--","29266.00","-24145.00","5121.00","2814.00","2307.00","--","--","2307.00","750.00","--","3057.00","2307.00","--","--","3057.00","--","--","0.06"
"115/08/26","114","4","6983","華洋精機","312265.00","107521.00","--","--","204744.00","--","--","204744.00","113232.00","--","91512.00","-1373.00","90139.00","19168.00","70971.00","--","--","70971.00","--","--","70971.00","--","--","--","--","--","--","4.46"
"115/08/26","114","4","6986","和迅","293225.00","26950.00","--","--","266275.00","--","--","266275.00","148270.00","--","118005.00","7921.00","125926.00","14020.00","111906.00","--","--","111906.00","--","--","111906.00","--","--","--","--","--","--","2.43"
"115/08/26","114","4","6996","力領科技","2690185.00","1608278.00","--","--","1081907.00","--","--","1081907.00","560902.00","699.00","521704.00","17805.00","539509.00","33481.00","506028.00","--","--","506028.00","6432.00","--","512460.00","--","--","--","--","--","--","12.15"
"115/08/26","114","4","6997","博弘","4452485.00","4007901.00","--","--","444584.00","--","--","444584.00","304491.00","--","140093.00","4213.00","144306.00","31439.00","112867.00","--","--","112867.00","-4901.00","--","107966.00","112867.00","--","--","107966.00","--","--","5.11"
"115/08/26","114","4","7402","邑錡","520889.00","339235.00","--","--","181654.00","--","--","181654.00","164447.00","--","17207.00","-13133.00","4074.00","386.00","3688.00","--","--","3688.00","0.00","--","3688.00","--","--","--","--","--","--","0.10"
"115/08/26","114","4","7547","碩網","352285.00","160464.00","--","--","191821.00","--","--","191821.00","93320.00","--","98501.00","4962.00","103463.00","21765.00","81698.00","--","--","81698.00","700.00","--","82398.00","81698.00","--","--","82398.00","--","--","2.65"
"115/08/26","114","4","7556","意德士科技","747739.00","459026.00","--","--","288713.00","--","--","288713.00","136150.00","--","152563.00","68102.00","220665.00","30801.00","189864.00","--","--","189864.00","-30552.00","--","159312.00","189939.00","--","-75.00","159896.00","--","-584.00","7.10"
"115/08/26","114","4","7584","樂意","959583.00","576051.00","--","--","383532.00","--","--","383532.00","390141.00","--","-6609.00","-25709.00","-32318.00","594.00","-32912.00","--","--","-32912.00","-328.00","--","-33240.00","-32515.00","--","-397.00","-32916.00","--","-324.00","-1.98"
"115/08/26","114","4","7642","昶瑞機電","808094.00","590478.00","--","--","217616.00","--","--","217616.00","97579.00","--","120037.00","596.00","120633.00","25906.00","94727.00","--","--","94727.00","--","--","94727.00","94727.00","--","--","94727.00","--","--","3.29"
"115/08/26","114","4","7703","銳澤","2564418.00","1986274.00","--","--","578144.00","--","--","578144.00","215241.00","--","362903.00","6390.00","369293.00","69422.00","299871.00","--","--","299871.00","3453.00","--","303324.00","302859.00","--","-2988.00","306271.00","--","-2947.00","8.72"
"115/08/26","114","4","7704","明遠精密","671073.00","449528.00","--","--","221545.00","--","--","221545.00","148253.00","-7.00","73285.00","4254.00","77539.00","9294.00","68245.00","0.00","--","68245.00","-2656.00","--","65589.00","69512.00","--","-1267.00","66856.00","--","-1267.00","2.07"
"115/08/26","114","4","7708","全家餐飲","2723175.00","1399654.00","--","--","1323521.00","--","--","1323521.00","1108670.00","--","214851.00","-3222.00","211629.00","46956.00","164673.00","--","--","164673.00","82.00","--","164755.00","164673.00","--","--","164755.00","--","--","6.46"
"115/08/26","114","4","7709","榮田","1002578.00","716987.00","--","--","285591.00","--","--","285591.00","181847.00","--","103744.00","22645.00","126389.00","31090.00","95299.00","--","--","95299.00","-42.00","--","95257.00","--","--","--","--","--","--","2.48"
"115/08/26","114","4","7712","博盛半導體","1316496.00","880286.00","--","--","436210.00","--","--","436210.00","224443.00","--","211767.00","2897.00","214664.00","38153.00","176511.00","--","--","176511.00","-443.00","--","176068.00","176511.00","--","--","176068.00","--","--","5.42"
"115/08/26","114","4","7713","威力德生醫","1109300.00","738334.00","--","--","370966.00","--","--","370966.00","109744.00","--","261222.00","-239.00","260983.00","52428.00","208555.00","--","--","208555.00","14097.00","--","222652.00","208555.00","--","--","222652.00","--","--","4.64"
"115/08/26","114","4","7714","創泓科技","1804921.00","1460545.00","--","--","344376.00","--","--","344376.00","182351.00","--","162025.00","3651.00","165676.00","33341.00","132335.00","--","--","132335.00","6663.00","--","138998.00","132335.00","--","0.00","138998.00","--","0.00","6.33"
"115/08/26","114","4","7715","裕山","1239146.00","975528.00","--","--","263618.00","--","--","263618.00","146883.00","--","116735.00","3414.00","120149.00","18264.00","101885.00","--","--","101885.00","1367.00","--","103252.00","101885.00","--","--","103252.00","--","--","3.09"
"115/08/26","114","4","7716","昱臺國際","1981968.00","1569764.00","--","--","412204.00","--","--","412204.00","343223.00","--","68981.00","-6357.00","62624.00","16325.00","46299.00","--","--","46299.00","-9152.00","--","37147.00","45749.00","--","550.00","36762.00","--","385.00","2.23"
"115/08/26","114","4","7717","萊德光電-KY","862292.00","330996.00","--","--","531296.00","--","--","531296.00","338532.00","--","192764.00","-7822.00","184942.00","47283.00","137659.00","--","--","137659.00","-9960.00","--","127699.00","135362.00","--","2297.00","125528.00","--","2171.00","6.13"
"115/08/26","114","4","7718","友鋮","2443169.00","2016050.00","--","--","427119.00","--","--","427119.00","226907.00","--","200212.00","13151.00","213363.00","44455.00","168908.00","--","--","168908.00","342.00","--","169250.00","168908.00","--","0.00","169250.00","--","0.00","3.75"
"115/08/26","114","4","7723","築間","4935982.00","2678221.00","--","--","2257761.00","--","--","2257761.00","2333684.00","--","-75923.00","-332719.00","-408642.00","-76612.00","-332030.00","--","--","-332030.00","-2203.00","--","-334233.00","-327623.00","--","-4407.00","-329701.00","--","-4532.00","-6.69"
"115/08/26","114","4","7728","光焱科技","356716.00","121728.00","--","--","234988.00","--","--","234988.00","163125.00","--","71863.00","12333.00","84196.00","17296.00","66900.00","0.00","--","66900.00","-168.00","--","66732.00","66900.00","--","--","66732.00","--","--","4.92"
"115/08/26","114","4","7734","印能科技","2302773.00","776261.00","--","--","1526512.00","--","--","1526512.00","369544.00","--","1156968.00","32232.00","1189200.00","261600.00","927600.00","--","--","927600.00","-6227.00","--","921373.00","918092.00","--","9508.00","911505.00","--","9868.00","33.50"
"115/08/26","114","4","7738","東聯互動","565110.00","253521.00","--","--","311589.00","--","--","311589.00","164192.00","336751.00","484148.00","-8908.00","475240.00","104169.00","371071.00","--","--","371071.00","7685.00","--","378756.00","371071.00","--","0.00","378756.00","--","0.00","14.61"
"115/08/26","114","4","7743","金利食安","682132.00","487903.00","--","--","194229.00","--","--","194229.00","158064.00","--","36165.00","-9391.00","26774.00","6499.00","20275.00","--","--","20275.00","9374.00","--","29649.00","20349.00","--","-74.00","24423.00","--","5226.00","0.57"
"115/08/26","114","4","7744","崴寶","2365301.00","1453829.00","--","--","911472.00","--","--","911472.00","294782.00","--","616690.00","2444.00","619134.00","146485.00","472649.00","--","--","472649.00","-42147.00","--","430502.00","472649.00","--","--","430502.00","--","--","16.28"
"115/08/26","114","4","7747","昕奇雲端","1568346.00","1336468.00","--","--","231878.00","--","--","231878.00","111728.00","--","120150.00","9340.00","129490.00","18970.00","110520.00","--","--","110520.00","-2551.00","--","107969.00","102792.00","--","7728.00","100241.00","--","7728.00","4.04"
"115/08/26","114","4","7751","竑騰","1859407.00","828067.00","--","--","1031340.00","--","--","1031340.00","383338.00","--","648002.00","8981.00","656983.00","136157.00","520826.00","--","--","520826.00","3213.00","--","524039.00","518752.00","--","2074.00","521907.00","--","2132.00","20.50"
"115/08/26","114","4","7753","星亞","873095.00","577413.00","--","--","295682.00","--","--","295682.00","181906.00","--","113776.00","11480.00","125256.00","27106.00","98150.00","--","--","98150.00","--","--","98150.00","--","--","--","--","--","--","4.22"
"115/08/26","114","4","7757","金色三麥","2296648.00","1038989.00","--","--","1257659.00","--","--","1257659.00","1006499.00","--","251160.00","-4497.00","246663.00","44798.00","201865.00","--","--","201865.00","1008.00","--","202873.00","200761.00","--","1104.00","201769.00","--","1104.00","8.97"
"115/08/26","114","4","7767","仁大資訊","2365808.00","2039836.00","--","--","325972.00","--","--","325972.00","190680.00","--","135292.00","4534.00","139826.00","27700.00","112126.00","--","--","112126.00","-2390.00","--","109736.00","112126.00","--","--","109736.00","--","--","4.18"
"115/08/26","114","4","7770","君曜","512752.00","332702.00","--","--","180050.00","--","--","180050.00","95754.00","--","84296.00","4205.00","88501.00","6398.00","82103.00","--","--","82103.00","-12.00","--","82091.00","82103.00","--","--","82091.00","--","--","3.00"
"115/08/26","114","4","7772","耀穎","426056.00","275041.00","--","--","151015.00","--","--","151015.00","93471.00","--","57544.00","-11276.00","46268.00","1404.00","44864.00","--","--","44864.00","--","--","44864.00","--","--","--","--","--","--","1.86"
"115/08/26","114","4","7777","能率亞洲","140251.00","--","--","--","140251.00","--","--","140251.00","39849.00","--","100402.00","-1683.00","98719.00","919.00","97800.00","--","--","97800.00","-123979.00","--","-26179.00","--","--","--","--","--","--","0.58"
"115/08/26","114","4","7782","光速火箭","699831.00","220514.00","--","--","479317.00","--","--","479317.00","419173.00","--","60144.00","-1718.00","58426.00","13111.00","45315.00","--","--","45315.00","--","--","45315.00","45800.00","--","-485.00","45800.00","--","-485.00","2.13"
"115/08/26","114","4","7792","安葆","5986211.00","5161503.00","--","--","824708.00","--","--","824708.00","314071.00","--","510637.00","-36222.00","474415.00","102157.00","372258.00","--","--","372258.00","-5955.00","--","366303.00","372258.00","--","--","366303.00","--","--","8.72"
"115/08/26","114","4","7794","宏�硒撥s","990195.00","748663.00","--","--","241532.00","--","--","241532.00","163723.00","--","77809.00","7846.00","85655.00","17735.00","67920.00","--","--","67920.00","-7287.00","--","60633.00","67920.00","0.00","0.00","60633.00","0.00","0.00","2.72"
"115/08/26","114","4","7805","威聯通","6248964.00","2709824.00","--","--","3539140.00","--","--","3539140.00","2156015.00","--","1383125.00","198168.00","1581293.00","228913.00","1352380.00","--","--","1352380.00","-199917.00","--","1152463.00","1352380.00","--","--","1152463.00","--","--","44.56"
"115/08/26","114","4","7810","捷創科技","594386.00","291879.00","--","--","302507.00","--","--","302507.00","183337.00","--","119170.00","20742.00","139912.00","26885.00","113027.00","--","--","113027.00","-283.00","--","112744.00","--","--","--","--","--","--","6.25"
"115/08/26","114","4","7811","民盛","3075113.00","2369365.00","--","--","705748.00","--","--","705748.00","401195.00","--","304553.00","-10397.00","294156.00","48104.00","246052.00","--","--","246052.00","48902.00","--","294954.00","246052.00","--","0.00","294954.00","--","0.00","8.10"
"115/08/26","114","4","7814","海昌生技","83043.00","24492.00","--","--","58551.00","--","--","58551.00","66706.00","--","-8155.00","3151.00","-5004.00","0.00","-5004.00","--","--","-5004.00","--","--","-5004.00","-5004.00","--","--","-5004.00","--","--","-0.13"
"115/08/26","114","4","7819","精誠金融","531743.00","285691.00","--","--","246052.00","--","--","246052.00","164716.00","--","81336.00","-1661.00","79675.00","15859.00","63816.00","--","--","63816.00","--","--","63816.00","--","--","--","--","--","--","2.91"
"115/08/26","114","4","7820","立盈","298430.00","138081.00","--","--","160349.00","--","--","160349.00","80135.00","--","80214.00","-5016.00","75198.00","14982.00","60216.00","--","--","60216.00","81.00","--","60297.00","--","--","--","--","--","--","1.76"
"115/08/26","114","4","7828","創新服務","716233.00","170092.00","--","--","546141.00","--","--","546141.00","267816.00","--","278325.00","-1303.00","277022.00","49351.00","227671.00","--","--","227671.00","201.00","--","227872.00","227671.00","--","--","227872.00","--","--","6.33"
"115/08/26","114","4","7839","達人網","173002.00","16062.00","--","--","156940.00","--","--","156940.00","116369.00","--","40571.00","2163.00","42734.00","8595.00","34139.00","--","--","34139.00","-544.00","--","33595.00","34139.00","--","--","33595.00","--","--","2.56"
"115/08/26","114","4","7842","天能綠電","2285077.00","2157781.00","--","--","127296.00","--","--","127296.00","53838.00","--","73458.00","1496.00","74954.00","15269.00","59685.00","--","--","59685.00","--","--","59685.00","--","--","--","--","--","--","4.01"
"115/08/26","114","4","8024","佑華","153782.00","126155.00","--","--","27627.00","--","--","27627.00","141261.00","--","-113634.00","-2302.00","-115936.00","-579.00","-115357.00","--","--","-115357.00","-1241.00","--","-116598.00","-115357.00","--","--","-116598.00","--","--","-2.55"
"115/08/26","114","4","8027","鈦昇","1809347.00","1171905.00","--","--","637442.00","--","--","637442.00","714900.00","--","-77458.00","-16574.00","-94032.00","9840.00","-103872.00","--","--","-103872.00","-41323.00","--","-145195.00","-97799.00","--","-6073.00","-139266.00","--","-5929.00","-0.93"
"115/08/26","114","4","8032","光菱","3634344.00","3141299.00","--","--","493045.00","--","--","493045.00","343673.00","--","149372.00","3961.00","153333.00","39998.00","113335.00","--","--","113335.00","-214924.00","--","-101589.00","113221.00","--","114.00","-101533.00","--","-56.00","2.19"
"115/08/26","114","4","8034","榮群","488706.00","263951.00","--","--","224755.00","--","--","224755.00","128099.00","--","96656.00","8970.00","105626.00","25602.00","80024.00","--","--","80024.00","-9.00","--","80015.00","80024.00","--","--","80015.00","--","--","1.42"
"115/08/26","114","4","8038","長園科","596929.00","424582.00","--","--","172347.00","--","--","172347.00","126315.00","--","46032.00","5179.00","51211.00","0.00","51211.00","--","--","51211.00","207.00","--","51418.00","57101.00","--","-5890.00","57316.00","--","-5898.00","0.92"
"115/08/26","114","4","8040","九暘","661114.00","389312.00","--","--","271802.00","--","--","271802.00","359685.00","--","-87883.00","29663.00","-58220.00","0.00","-58220.00","--","--","-58220.00","0.00","--","-58220.00","--","--","--","--","--","--","-0.60"
"115/08/26","114","4","8042","金山電","3765883.00","3011876.00","--","--","754007.00","--","--","754007.00","561066.00","--","192941.00","-25989.00","166952.00","52571.00","114381.00","--","--","114381.00","-53887.00","--","60494.00","115439.00","--","-1058.00","59280.00","--","1214.00","0.89"
"115/08/26","114","4","8043","蜜望實","5426256.00","5121130.00","--","--","305126.00","--","--","305126.00","264703.00","--","40423.00","101284.00","141707.00","8200.00","133507.00","--","--","133507.00","-10885.00","--","122622.00","133507.00","--","--","122622.00","--","--","1.67"
"115/08/26","114","4","8044","網家","36858477.00","31926627.00","--","--","4931850.00","--","--","4931850.00","5466209.00","--","-534359.00","-107362.00","-641721.00","172808.00","-814529.00","--","--","-814529.00","39910.00","--","-774619.00","-920612.00","--","106083.00","-927947.00","--","153328.00","-4.62"
"115/08/26","114","4","8047","星雲","461658.00","304057.00","--","--","157601.00","--","--","157601.00","192190.00","--","-34589.00","12295.00","-22294.00","10091.00","-32385.00","--","--","-32385.00","-11868.00","--","-44253.00","-32385.00","--","--","-44253.00","--","--","-0.78"
"115/08/26","114","4","8048","德勝","1010651.00","660294.00","--","--","350357.00","--","--","350357.00","187816.00","--","162541.00","17429.00","179970.00","26113.00","153857.00","--","--","153857.00","-10938.00","--","142919.00","153857.00","--","--","142919.00","--","--","2.67"
"115/08/26","114","4","8049","晶采","1310430.00","941633.00","--","--","368797.00","--","--","368797.00","167978.00","--","200819.00","45549.00","246368.00","43359.00","203009.00","--","--","203009.00","209178.00","--","412187.00","203009.00","--","--","412187.00","--","--","1.72"
"115/08/26","114","4","8050","廣積","5357561.00","4214260.00","--","--","1143301.00","--","--","1143301.00","1156849.00","--","-13548.00","78408.00","64860.00","36051.00","28809.00","--","--","28809.00","-112017.00","--","-83208.00","210813.00","--","-182004.00","98539.00","--","-181747.00","1.44"
"115/08/26","114","4","8054","安國","2876052.00","2191637.00","--","--","684415.00","--","0.00","684415.00","1293042.00","--","-608627.00","262815.00","-345812.00","3573.00","-349385.00","--","--","-349385.00","-148636.00","--","-498021.00","-331642.00","--","-17743.00","-411150.00","--","-86871.00","-3.19"
"115/08/26","114","4","8059","凱碩","7649915.00","6945049.00","--","--","704866.00","--","--","704866.00","974210.00","--","-269344.00","-141038.00","-410382.00","29591.00","-439973.00","--","--","-439973.00","-15334.00","--","-455307.00","-462963.00","--","22990.00","-478233.00","--","22926.00","-2.39"
"115/08/26","114","4","8064","東捷","2870684.00","2060590.00","--","--","810094.00","--","--","810094.00","533270.00","--","276824.00","58968.00","335792.00","68971.00","266821.00","--","--","266821.00","28882.00","--","295703.00","224775.00","--","42046.00","253358.00","--","42345.00","1.36"
"115/08/26","114","4","8066","來思達","4420666.00","3961264.00","--","--","459402.00","--","--","459402.00","529740.00","--","-70338.00","-45941.00","-116279.00","-19579.00","-96700.00","--","--","-96700.00","-31569.00","--","-128269.00","-103404.00","--","6704.00","-130306.00","--","2037.00","-3.49"
"115/08/26","114","4","8067","志旭","107041.00","62996.00","--","--","44045.00","--","--","44045.00","73328.00","--","-29283.00","16595.00","-12688.00","-561.00","-12127.00","--","--","-12127.00","-5360.00","--","-17487.00","-12127.00","--","0.00","-17487.00","--","0.00","-0.59"
"115/08/26","114","4","8068","全達","837435.00","798124.00","--","--","39311.00","--","--","39311.00","154395.00","--","-115084.00","190123.00","75039.00","4834.00","70205.00","--","--","70205.00","81408.00","--","151613.00","98947.00","-4154.00","-24588.00","177434.00","-4154.00","-21667.00","1.23"
"115/08/26","114","4","8069","元太","36115814.00","16282499.00","--","--","19833315.00","--","--","19833315.00","9159005.00","--","10674310.00","2088785.00","12763095.00","2256971.00","10506124.00","--","--","10506124.00","6249594.00","--","16755718.00","10514879.00","--","-8755.00","16694853.00","--","60865.00","9.14"
"115/08/26","114","4","8071","能率網通","1977380.00","1646101.00","--","--","331279.00","22.00","22.00","331279.00","416541.00","--","-85262.00","10190.00","-75072.00","3320.00","-78392.00","--","--","-78392.00","10652.00","--","-67740.00","-63959.00","372.00","-14805.00","-51755.00","372.00","-16357.00","-1.10"
"115/08/26","114","4","8074","鉅橡","1312936.00","1012556.00","--","--","300380.00","--","--","300380.00","179286.00","-169.00","120925.00","16014.00","136939.00","20812.00","116127.00","--","--","116127.00","27310.00","--","143437.00","109028.00","--","7099.00","133556.00","--","9881.00","1.35"
"115/08/26","114","4","8076","伍豐","1972656.00","1308328.00","--","--","664328.00","1105.00","781.00","664004.00","585315.00","--","78689.00","37427.00","116116.00","73903.00","42213.00","--","--","42213.00","-289154.00","--","-246941.00","42029.00","--","184.00","-247316.00","--","375.00","0.14"
"115/08/26","114","4","8077","洛��","1081415.00","768565.00","--","--","312850.00","--","--","312850.00","133040.00","0.00","179810.00","-42358.00","137452.00","4887.00","132565.00","--","--","132565.00","--","--","132565.00","--","--","--","--","--","--","6.04"
"115/08/26","114","4","8080","泰霖","197509.00","154881.00","--","--","42628.00","--","--","42628.00","37723.00","--","4905.00","3378.00","8283.00","754.00","7529.00","--","--","7529.00","-4127.00","--","3402.00","7529.00","--","--","3402.00","--","--","0.12"
"115/08/26","114","4","8083","瑞穎","1431337.00","851072.00","--","--","580265.00","--","--","580265.00","141179.00","--","439086.00","-6712.00","432374.00","88180.00","344194.00","--","--","344194.00","--","--","344194.00","--","--","--","--","--","--","9.80"
"115/08/26","114","4","8084","巨虹","566640.00","328242.00","--","--","238398.00","--","--","238398.00","376069.00","--","-137671.00","-14363.00","-152034.00","1119.00","-153153.00","--","--","-153153.00","-45.00","--","-153198.00","-126280.00","--","-26873.00","-126325.00","--","-26873.00","-1.82"
"115/08/26","114","4","8085","福華","658449.00","614356.00","--","--","44093.00","--","--","44093.00","122086.00","--","-77993.00","-18718.00","-96711.00","45209.00","-141920.00","--","--","-141920.00","-323743.00","--","-465663.00","-141920.00","--","--","-465663.00","--","--","-1.01"
"115/08/26","114","4","8086","宏捷科","4116532.00","3026623.00","--","--","1089909.00","--","--","1089909.00","352028.00","--","737881.00","42589.00","780470.00","120322.00","660148.00","--","--","660148.00","--","--","660148.00","--","--","--","--","--","--","3.36"
"115/08/26","114","4","8087","麗升能源","251496.00","220198.00","--","--","31298.00","--","--","31298.00","112036.00","--","-80738.00","19816.00","-60922.00","-10302.00","-50620.00","--","--","-50620.00","13710.00","--","-36910.00","-50620.00","--","0.00","-36910.00","--","0.00","-1.32"
"115/08/26","114","4","8088","品安","1675964.00","1486625.00","--","--","189339.00","--","--","189339.00","71633.00","0.00","117706.00","11717.00","129423.00","25922.00","103501.00","--","--","103501.00","8651.00","--","112152.00","--","--","--","--","--","--","1.70"
"115/08/26","114","4","8089","康全電訊","819032.00","494130.00","--","--","324902.00","--","--","324902.00","482160.00","--","-157258.00","-23063.00","-180321.00","23729.00","-204050.00","--","--","-204050.00","-43108.00","--","-247158.00","-204050.00","--","--","-247158.00","--","--","-3.09"
"115/08/26","114","4","8091","翔名","2138619.00","1400729.00","--","--","737890.00","--","--","737890.00","347926.00","--","389964.00","3951.00","393915.00","89681.00","304234.00","--","--","304234.00","-981.00","--","303253.00","305292.00","--","-1058.00","304402.00","--","-1149.00","5.89"
"115/08/26","114","4","8092","建暐","343968.00","288566.00","--","--","55402.00","--","--","55402.00","79029.00","--","-23627.00","23724.00","97.00","0.00","97.00","--","--","97.00","533.00","--","630.00","98.00","--","-1.00","631.00","--","-1.00","0.00"
"115/08/26","114","4","8093","保銳","206611.00","161110.00","--","--","45501.00","--","--","45501.00","133791.00","--","-88290.00","41648.00","-46642.00","1468.00","-48110.00","--","--","-48110.00","-5568.00","--","-53678.00","-48104.00","--","-6.00","-53672.00","--","-6.00","-1.32"
"115/08/26","114","4","8096","擎亞","34695610.00","33438214.00","--","--","1257396.00","--","--","1257396.00","805848.00","--","451548.00","-245175.00","206373.00","73795.00","132578.00","--","--","132578.00","-57460.00","--","75118.00","132578.00","--","0.00","75118.00","--","0.00","0.89"
"115/08/26","114","4","8097","常珵","293464.00","238183.00","--","--","55281.00","--","--","55281.00","126053.00","--","-70772.00","-1405.00","-72177.00","-528.00","-71649.00","--","--","-71649.00","5973.00","--","-65676.00","-71649.00","--","0.00","-65676.00","--","0.00","-1.14"
"115/08/26","114","4","8099","大世科","5010638.00","3960265.00","--","--","1050373.00","--","--","1050373.00","742463.00","--","307910.00","3888.00","311798.00","58995.00","252803.00","--","--","252803.00","-4880.00","--","247923.00","252803.00","--","0.00","247923.00","--","0.00","2.53"
"115/08/26","114","4","8102","傑霖科技","435254.00","265485.00","--","--","169769.00","--","--","169769.00","105910.00","--","63859.00","-5412.00","58447.00","10295.00","48152.00","--","--","48152.00","-2020.00","--","46132.00","48152.00","--","--","46132.00","--","--","2.25"
"115/08/26","114","4","8107","大億金茂","942654.00","690698.00","--","--","251956.00","--","--","251956.00","241018.00","--","10938.00","-38442.00","-27504.00","12523.00","-40027.00","--","--","-40027.00","17622.00","--","-22405.00","-40024.00","--","-3.00","-22402.00","--","-3.00","-0.53"
"115/08/26","114","4","8109","博大","1742551.00","882198.00","--","--","860353.00","--","--","860353.00","255712.00","--","604641.00","27849.00","632490.00","124484.00","508006.00","--","--","508006.00","-75450.00","--","432556.00","508006.00","--","--","432556.00","--","--","6.18"
"115/08/26","114","4","8111","立��","851588.00","596174.00","--","--","255414.00","--","--","255414.00","208180.00","0.00","47234.00","87.00","47321.00","6264.00","41057.00","--","--","41057.00","-9134.00","--","31923.00","41067.00","--","-10.00","31961.00","--","-38.00","0.38"
"115/08/26","114","4","8121","越峰","3069021.00","2559786.00","--","--","509235.00","--","--","509235.00","569387.00","-6596.00","-66748.00","-24353.00","-91101.00","3490.00","-94591.00","--","--","-94591.00","29142.00","--","-65449.00","-66382.00","--","-28209.00","-56911.00","--","-8538.00","-0.31"
"115/08/26","114","4","8147","正淩","1631111.00","988134.00","--","--","642977.00","0.00","0.00","642977.00","479507.00","0.00","163470.00","-3338.00","160132.00","32906.00","127226.00","0.00","--","127226.00","13463.00","--","140689.00","125411.00","0.00","1815.00","138888.00","0.00","1801.00","3.08"
"115/08/26","114","4","8155","博智","4950000.00","4101782.00","--","--","848218.00","--","--","848218.00","449733.00","--","398485.00","24359.00","422844.00","46668.00","376176.00","--","--","376176.00","1923.00","--","378099.00","376601.00","0.00","-425.00","378424.00","0.00","-325.00","6.88"
"115/08/26","114","4","8171","天宇","315426.00","378144.00","--","--","-62718.00","--","--","-62718.00","428226.00","--","-490944.00","-74753.00","-565697.00","4563.00","-570260.00","--","--","-570260.00","14498.00","--","-555762.00","-537770.00","--","-32490.00","-523272.00","--","-32490.00","-5.17"
"115/08/26","114","4","8176","智捷","373260.00","248577.00","--","--","124683.00","--","--","124683.00","121388.00","-765.00","2530.00","34999.00","37529.00","9275.00","28254.00","--","--","28254.00","841.00","--","29095.00","27726.00","--","528.00","28484.00","--","611.00","0.40"
"115/08/26","114","4","8182","加高","2871062.00","2464440.00","--","--","406622.00","--","--","406622.00","328377.00","--","78245.00","10845.00","89090.00","42312.00","46778.00","--","--","46778.00","-17199.00","--","29579.00","46722.00","--","56.00","29157.00","--","422.00","0.44"
"115/08/26","114","4","8183","精星","7288815.00","6327828.00","--","--","960987.00","--","--","960987.00","624046.00","--","336941.00","-1427.00","335514.00","46849.00","288665.00","--","--","288665.00","4905.00","--","293570.00","288665.00","--","--","293570.00","--","--","2.39"
"115/08/26","114","4","8227","巨有科技","1349265.00","1086461.00","--","--","262804.00","--","--","262804.00","165015.00","--","97789.00","9879.00","107668.00","26279.00","81389.00","--","--","81389.00","-1158.00","--","80231.00","--","--","--","--","--","--","2.06"
"115/08/26","114","4","8234","新漢","5702153.00","4248849.00","--","--","1453304.00","--","--","1453304.00","1408788.00","--","44516.00","-4004.00","40512.00","-4104.00","44616.00","--","--","44616.00","-49438.00","--","-4822.00","54588.00","--","-9972.00","5416.00","--","-10238.00","0.39"
"115/08/26","114","4","8240","華宏","7136485.00","6033647.00","--","--","1102838.00","--","--","1102838.00","796124.00","--","306714.00","18651.00","325365.00","101896.00","223469.00","--","--","223469.00","-199471.00","--","23998.00","218148.00","--","5321.00","21617.00","--","2381.00","2.18"
"115/08/26","114","4","8255","朋程","8105965.00","5935207.00","--","--","2170758.00","--","--","2170758.00","1562566.00","--","608192.00","75636.00","683828.00","110041.00","573787.00","--","--","573787.00","-287905.00","--","285882.00","643077.00","--","-69290.00","350792.00","--","-64910.00","6.32"
"115/08/26","114","4","8272","全景軟體","478240.00","121677.00","--","--","356563.00","--","--","356563.00","255921.00","--","100642.00","8920.00","109562.00","21106.00","88456.00","--","--","88456.00","--","--","88456.00","--","--","--","--","--","--","4.66"
"115/08/26","114","4","8277","商丞","243802.00","165835.00","--","--","77967.00","--","--","77967.00","148331.00","--","-70364.00","17023.00","-53341.00","-16.00","-53325.00","--","--","-53325.00","1726.00","--","-51599.00","-33738.00","--","-19587.00","-32012.00","--","-19587.00","-0.37"
"115/08/26","114","4","8279","生展","2136484.00","1412899.00","--","--","723585.00","--","--","723585.00","396606.00","--","326979.00","7864.00","334843.00","63250.00","271593.00","--","--","271593.00","918.00","--","272511.00","271593.00","--","--","272511.00","--","--","10.02"
"115/08/26","114","4","8284","三竹","2957150.00","2283085.00","--","--","674065.00","--","--","674065.00","403542.00","--","270523.00","3576.00","274099.00","54426.00","219673.00","--","--","219673.00","--","--","219673.00","219673.00","--","--","219673.00","--","--","4.74"
"115/08/26","114","4","8289","泰藝","1744275.00","1333788.00","--","--","410487.00","--","--","410487.00","390775.00","--","19712.00","-9871.00","9841.00","7060.00","2781.00","--","--","2781.00","-18875.00","--","-16094.00","2781.00","--","0.00","-16094.00","--","0.00","0.04"
"115/08/26","114","4","8291","尚茂","2883.00","15832.00","--","--","-12949.00","--","--","-12949.00","17179.00","--","-30128.00","-3935.00","-34063.00","18.00","-34081.00","--","--","-34081.00","303.00","--","-33778.00","--","--","--","--","--","--","-1.95"
"115/08/26","114","4","8299","群聯","72664091.00","47665438.00","--","--","24998653.00","140955.00","--","24857698.00","16591237.00","--","8266461.00","1939356.00","10205817.00","1464642.00","8741175.00","--","--","8741175.00","-57252.00","--","8683923.00","8739178.00","--","1997.00","8682406.00","--","1517.00","41.98"
"115/08/26","114","4","8342","益張","1641799.00","1226956.00","--","--","414843.00","--","--","414843.00","200411.00","--","214432.00","36424.00","250856.00","48695.00","202161.00","--","--","202161.00","-2531.00","--","199630.00","200188.00","--","1973.00","197677.00","--","1953.00","5.97"
"115/08/26","114","4","8349","�矬ㄟ篕�","11451195.00","9171266.00","--","--","2279929.00","--","--","2279929.00","1697711.00","-3172.00","579046.00","-77728.00","501318.00","173723.00","327595.00","--","--","327595.00","51408.00","--","379003.00","415264.00","--","-87669.00","497773.00","--","-118770.00","1.93"
"115/08/26","114","4","8354","冠好","644120.00","559972.00","--","--","84148.00","--","--","84148.00","87299.00","--","-3151.00","19700.00","16549.00","5921.00","10628.00","--","--","10628.00","-19478.00","--","-8850.00","10628.00","--","--","-8850.00","--","--","0.14"
"115/08/26","114","4","8358","金居","7879941.00","6164990.00","--","--","1714951.00","--","--","1714951.00","267592.00","--","1447359.00","-106671.00","1340688.00","278152.00","1062536.00","--","--","1062536.00","291549.00","--","1354085.00","1062536.00","--","--","1354085.00","--","--","4.21"
"115/08/26","114","4","8383","千附","3358303.00","2400804.00","--","--","957499.00","--","--","957499.00","421582.00","--","535917.00","43173.00","579090.00","108044.00","471046.00","--","--","471046.00","-499.00","--","470547.00","384525.00","--","86521.00","384025.00","--","86522.00","3.41"
"115/08/26","114","4","8390","金益鼎","4634941.00","3696238.00","--","--","938703.00","--","--","938703.00","259236.00","--","679467.00","86564.00","766031.00","135910.00","630121.00","--","--","630121.00","-27715.00","--","602406.00","634429.00","--","-4308.00","605030.00","--","-2624.00","6.60"
"115/08/26","114","4","8401","白紗科","1543839.00","1070879.00","--","--","472960.00","--","--","472960.00","272772.00","--","200188.00","32305.00","232493.00","46817.00","185676.00","--","--","185676.00","-226.00","--","185450.00","--","--","--","--","--","--","2.63"
"115/08/26","114","4","8403","盛弘","4357867.00","3648854.00","--","--","709013.00","--","--","709013.00","628199.00","90041.00","170855.00","-20705.00","150150.00","38253.00","111897.00","--","--","111897.00","-194647.00","--","-82750.00","141727.00","--","-29830.00","-48330.00","--","-34420.00","1.03"
"115/08/26","114","4","8409","商之器","253107.00","78742.00","--","--","174365.00","0.00","95.00","174460.00","164603.00","--","9857.00","3682.00","13539.00","5741.00","7798.00","--","--","7798.00","-2281.00","--","5517.00","7798.00","--","0.00","5517.00","--","0.00","0.24"
"115/08/26","114","4","8410","森田","1119650.00","728634.00","--","--","391016.00","--","--","391016.00","230886.00","--","160130.00","-13146.00","146984.00","27199.00","119785.00","--","--","119785.00","290.00","--","120075.00","--","--","--","--","--","--","3.27"
"115/08/26","114","4","8415","大國鋼","23229438.00","14663397.00","--","--","8566041.00","--","--","8566041.00","4668559.00","1666.00","3899148.00","122856.00","4022004.00","909798.00","3112206.00","--","--","3112206.00","1225177.00","--","4337383.00","3127837.00","--","-15631.00","4309219.00","--","28164.00","3.05"
"115/08/26","114","4","8416","實威","1695509.00","813929.00","--","--","881580.00","--","--","881580.00","444576.00","--","437004.00","41554.00","478558.00","98757.00","379801.00","--","--","379801.00","1073.00","--","380874.00","379801.00","--","--","380874.00","--","--","13.46"
"115/08/26","114","4","8421","旭源","1175306.00","984618.00","--","--","190688.00","-21.00","3285.00","193994.00","217786.00","605.00","-23187.00","2987.00","-20200.00","799.00","-20999.00","--","--","-20999.00","-15550.00","--","-36549.00","-21510.00","--","511.00","-39583.00","--","3034.00","-0.40"
"115/08/26","114","4","8423","保綠-KY","376999.00","272825.00","--","--","104174.00","--","--","104174.00","58496.00","--","45678.00","-7870.00","37808.00","7349.00","30459.00","--","--","30459.00","9813.00","--","40272.00","30459.00","--","--","40272.00","--","--","0.73"
"115/08/26","114","4","8424","惠普","1081959.00","706448.00","--","--","375511.00","--","--","375511.00","133388.00","--","242123.00","19229.00","261352.00","52091.00","209261.00","--","--","209261.00","-74.00","--","209187.00","209261.00","--","--","209187.00","--","--","5.80"
"115/08/26","114","4","8426","紅木-KY","2706658.00","1986168.00","--","--","720490.00","--","--","720490.00","546143.00","--","174347.00","-30794.00","143553.00","50556.00","92997.00","--","--","92997.00","14933.00","--","107930.00","92997.00","--","--","107930.00","--","--","1.85"
"115/08/26","114","4","8431","匯鑽科","1055636.00","920624.00","--","--","135012.00","--","--","135012.00","248171.00","--","-113159.00","-77465.00","-190624.00","-1496.00","-189128.00","--","--","-189128.00","-3997.00","--","-193125.00","-184164.00","--","-4964.00","-196401.00","--","3276.00","-3.88"
"115/08/26","114","4","8432","東生華","1336523.00","655785.00","--","--","680738.00","--","--","680738.00","462368.00","--","218370.00","16417.00","234787.00","46969.00","187818.00","0.00","--","187818.00","-6913.00","--","180905.00","139260.00","--","48558.00","132162.00","--","48743.00","3.63"
"115/08/26","114","4","8433","弘帆","3483816.00","2672124.00","--","--","811692.00","--","--","811692.00","457995.00","--","353697.00","-120026.00","233671.00","60971.00","172700.00","--","--","172700.00","-41956.00","--","130744.00","172700.00","--","0.00","130744.00","--","0.00","3.17"
"115/08/26","114","4","8435","鉅邁","617857.00","299171.00","--","--","318686.00","--","--","318686.00","179367.00","--","139319.00","17908.00","157227.00","33314.00","123913.00","--","--","123913.00","371.00","--","124284.00","123913.00","--","--","124284.00","--","--","3.91"
"115/08/26","114","4","8436","大江","6989303.00","3907944.00","--","--","3081359.00","--","--","3081359.00","1924606.00","--","1156753.00","70927.00","1227680.00","119701.00","1107979.00","--","--","1107979.00","11551.00","--","1119530.00","954957.00","--","153022.00","975269.00","--","144261.00","8.68"
"115/08/26","114","4","8437","大地-KY","214568.00","155902.00","--","--","58666.00","--","--","58666.00","158827.00","--","-100161.00","5786.00","-94375.00","-33653.00","-60722.00","--","--","-60722.00","-5264.00","--","-65986.00","-60722.00","--","--","-65986.00","--","--","-1.29"
"115/08/26","114","4","8440","綠電","912755.00","834394.00","--","--","78361.00","--","--","78361.00","54165.00","--","24196.00","-4666.00","19530.00","4087.00","15443.00","--","--","15443.00","-494.00","--","14949.00","15443.00","--","--","14949.00","--","--","0.31"
"115/08/26","114","4","8444","綠河-KY","3259424.00","3614424.00","--","--","-355000.00","--","--","-355000.00","539921.00","--","-894921.00","-190456.00","-1085377.00","24392.00","-1109769.00","--","--","-1109769.00","177381.00","--","-932388.00","-1104849.00","--","-4920.00","-925937.00","--","-6451.00","-10.06"
"115/08/26","114","4","8446","華研","1084714.00","358206.00","--","--","726508.00","--","--","726508.00","270025.00","--","456483.00","216691.00","673174.00","128244.00","544930.00","--","--","544930.00","642.00","--","545572.00","545179.00","--","-249.00","545842.00","--","-270.00","10.30"
"115/08/26","114","4","8450","霹靂","237823.00","265556.00","--","--","-27733.00","--","--","-27733.00","217243.00","--","-244976.00","-31035.00","-276011.00","1321.00","-277332.00","--","--","-277332.00","-9466.00","--","-286798.00","-274153.00","--","-3179.00","-283537.00","--","-3261.00","-5.34"
"115/08/26","114","4","8455","大拓-KY","1157009.00","1021965.00","--","--","135044.00","--","--","135044.00","139489.00","--","-4445.00","-3104.00","-7549.00","2722.00","-10271.00","--","--","-10271.00","31299.00","--","21028.00","622.00","--","-10893.00","31825.00","--","-10797.00","0.02"
"115/08/26","114","4","8472","納維康","478072.00","290367.00","--","--","187705.00","--","--","187705.00","219527.00","--","-31822.00","11054.00","-20768.00","2504.00","-23272.00","--","--","-23272.00","268.00","--","-23004.00","-23272.00","--","--","-23004.00","--","--","-1.31"
"115/08/26","114","4","8477","創業家","414818.00","362095.00","--","--","52723.00","--","--","52723.00","146878.00","--","-94155.00","36902.00","-57253.00","1486.00","-58739.00","--","--","-58739.00","--","--","-58739.00","-58739.00","--","0.00","-58739.00","--","0.00","-0.92"
"115/08/26","114","4","8489","三貝德","1433048.00","675258.00","--","--","757790.00","--","--","757790.00","711517.00","--","46273.00","-22982.00","23291.00","22258.00","1033.00","--","--","1033.00","-123.00","--","910.00","-31946.00","--","32979.00","-32069.00","--","32979.00","-0.76"
"115/08/26","114","4","8905","裕國","2100844.00","1895705.00","--","--","205139.00","--","--","205139.00","131382.00","--","73757.00","13916.00","87673.00","17570.00","70103.00","--","--","70103.00","4240.00","--","74343.00","70082.00","--","21.00","74316.00","--","27.00","0.61"
"115/08/26","114","4","8906","花王","201587.00","183624.00","--","--","17963.00","--","--","17963.00","40864.00","--","-22901.00","-9857.00","-32758.00","0.00","-32758.00","--","--","-32758.00","37671.00","--","4913.00","--","--","--","--","--","--","-0.78"
"115/08/26","114","4","8908","欣雄","10389826.00","9295217.00","--","--","1094609.00","--","--","1094609.00","244054.00","--","850555.00","-1912.00","848643.00","169986.00","678657.00","--","--","678657.00","-3586.00","--","675071.00","679150.00","--","-493.00","675564.00","--","-493.00","2.16"
"115/08/26","114","4","8916","光隆","8537575.00","7227807.00","--","--","1309768.00","--","--","1309768.00","835160.00","--","474608.00","32865.00","507473.00","130344.00","377129.00","--","--","377129.00","-212316.00","--","164813.00","377337.00","--","-208.00","164978.00","--","-165.00","2.50"
"115/08/26","114","4","8917","欣泰","3097599.00","2539255.00","--","--","558344.00","--","--","558344.00","137706.00","--","420638.00","33932.00","454570.00","91308.00","363262.00","--","--","363262.00","3145.00","--","366407.00","--","--","--","--","--","--","2.23"
"115/08/26","114","4","8921","沈氏","632856.00","559016.00","--","--","73840.00","--","--","73840.00","111237.00","--","-37397.00","25178.00","-12219.00","886.00","-13105.00","--","--","-13105.00","61557.00","--","48452.00","-5288.00","--","-7817.00","70655.00","--","-22203.00","-0.11"
"115/08/26","114","4","8923","時報","447369.00","248256.00","--","--","199113.00","--","--","199113.00","182152.00","--","16961.00","17256.00","34217.00","5014.00","29203.00","--","--","29203.00","847.00","--","30050.00","29203.00","--","--","30050.00","--","--","0.96"
"115/08/26","114","4","8924","大田","4632261.00","3777113.00","--","--","855148.00","--","--","855148.00","396558.00","--","458590.00","131829.00","590419.00","118267.00","472152.00","--","--","472152.00","-158013.00","--","314139.00","472152.00","--","--","314139.00","--","--","5.63"
"115/08/26","114","4","8927","北基","10722532.00","8741676.00","--","--","1980856.00","--","--","1980856.00","1276632.00","--","704224.00","-509269.00","194955.00","121727.00","73228.00","--","--","73228.00","-49478.00","--","23750.00","152471.00","--","-79243.00","107698.00","--","-83948.00","0.35"
"115/08/26","114","4","8928","鉅明","3419870.00","3013415.00","--","--","406455.00","--","--","406455.00","321382.00","--","85073.00","3411.00","88484.00","16441.00","72043.00","--","--","72043.00","-3094.00","--","68949.00","72043.00","--","--","68949.00","--","--","1.42"
"115/08/26","114","4","8929","富堡","719639.00","540219.00","--","--","179420.00","--","--","179420.00","221258.00","--","-41838.00","16387.00","-25451.00","-802.00","-24649.00","--","--","-24649.00","-34017.00","--","-58666.00","-22863.00","--","-1786.00","-56777.00","--","-1889.00","-0.45"
"115/08/26","114","4","8930","青鋼","1421353.00","1038841.00","--","--","382512.00","--","--","382512.00","150239.00","--","232273.00","11902.00","244175.00","48196.00","195979.00","0.00","--","195979.00","1327.00","--","197306.00","--","--","--","--","--","--","2.40"
"115/08/26","114","4","8931","大汽電","2474726.00","2061590.00","--","--","413136.00","--","--","413136.00","143301.00","--","269835.00","-15736.00","254099.00","25399.00","228700.00","--","--","228700.00","-21498.00","--","207202.00","--","--","--","--","--","--","1.87"
"115/08/26","114","4","8932","智通*","2269596.00","839978.00","--","--","1429618.00","--","--","1429618.00","354688.00","--","1074930.00","-69821.00","1005109.00","260436.00","744673.00","--","--","744673.00","55598.00","--","800271.00","657592.00","--","87081.00","706771.00","--","93500.00","1.85"
"115/08/26","114","4","8933","愛地雅","2194904.00","2261240.00","--","--","-66336.00","--","--","-66336.00","366811.00","--","-433147.00","18156.00","-414991.00","37696.00","-452687.00","--","--","-452687.00","21972.00","--","-430715.00","-452687.00","--","--","-430715.00","--","--","-1.39"
"115/08/26","114","4","8935","邦泰","518239.00","464898.00","--","--","53341.00","--","--","53341.00","143778.00","--","-90437.00","1396.00","-89041.00","-2441.00","-86600.00","--","--","-86600.00","-15086.00","--","-101686.00","-86600.00","--","--","-101686.00","--","--","-0.76"
"115/08/26","114","4","8936","國統","6309791.00","4668111.00","--","--","1641680.00","--","--","1641680.00","253524.00","--","1388156.00","-6958.00","1381198.00","293881.00","1087317.00","--","--","1087317.00","-49141.00","--","1038176.00","1012672.00","--","74645.00","963531.00","--","74645.00","4.08"
"115/08/26","114","4","8937","合騏*","65668.00","103930.00","--","--","-38262.00","--","--","-38262.00","118938.00","--","-157200.00","38912.00","-118288.00","-25501.00","-92787.00","--","--","-92787.00","-10642.00","--","-103429.00","-73976.00","--","-18811.00","-84618.00","--","-18811.00","-0.71"
"115/08/26","114","4","8938","明安","15406654.00","13010007.00","--","--","2396647.00","--","--","2396647.00","1559187.00","149438.00","986898.00","199334.00","1186232.00","236779.00","949453.00","--","--","949453.00","-47994.00","--","901459.00","949453.00","--","0.00","901459.00","--","0.00","6.18"
"115/08/26","114","4","8941","關中","2982171.00","2113332.00","--","--","868839.00","--","--","868839.00","837087.00","--","31752.00","11084.00","42836.00","11867.00","30969.00","--","--","30969.00","-132248.00","--","-101279.00","40547.00","--","-9578.00","-89596.00","--","-11683.00","1.16"
"115/08/26","114","4","8942","森鉅","3426108.00","2636361.00","--","--","789747.00","0.00","34.00","789781.00","760172.00","--","29609.00","236377.00","265986.00","102582.00","163404.00","--","--","163404.00","39437.00","--","202841.00","364048.00","--","-200644.00","383108.00","--","-180267.00","1.83"
"115/08/26","114","4","9949","琉園","140672.00","50607.00","--","--","90065.00","--","--","90065.00","164269.00","--","-74204.00","364204.00","290000.00","57216.00","232784.00","--","--","232784.00","17717.00","--","250501.00","232784.00","--","--","250501.00","--","--","5.29"
"115/08/26","114","4","9950","萬國通","2134923.00","1636810.00","--","--","498113.00","--","--","498113.00","511114.00","--","-13001.00","-33940.00","-46941.00","-793.00","-46148.00","--","--","-46148.00","1383.00","--","-44765.00","-44871.00","--","-1277.00","-43210.00","--","-1555.00","-0.27"
"115/08/26","114","4","9951","皇田","6324080.00","4791676.00","--","--","1532404.00","--","--","1532404.00","1099216.00","--","433188.00","81265.00","514453.00","124564.00","389889.00","--","--","389889.00","53073.00","--","442962.00","389889.00","--","--","442962.00","--","--","5.27"
"115/08/26","114","4","9960","邁達康","679532.00","438729.00","--","--","240803.00","--","--","240803.00","176531.00","--","64272.00","10063.00","74335.00","15703.00","58632.00","--","--","58632.00","-11897.00","--","46735.00","58632.00","--","--","46735.00","--","--","1.75"
"115/08/26","114","4","9962","有益","1926893.00","1847172.00","--","--","79721.00","--","--","79721.00","84245.00","--","-4524.00","-14013.00","-18537.00","-5061.00","-13476.00","--","--","-13476.00","2183.00","--","-11293.00","-13476.00","--","0.00","-11293.00","--","0.00","-0.15"
