出表日期,年度,季別,公司代號,公司名稱,流動資產,非流動資產,資產總計,流動負債,非流動負債,負債總計,股本,權益─具證券性質之虛擬通貨,資本公積,保留盈餘,其他權益,庫藏股票,歸屬於母公司業主之權益合計,共同控制下前手權益,合併前非屬共同控制股權,非控制權益,權益總計,待註銷股本股數（單位：股）,預收股款（權益項下）之約當發行股數（單位：股）,母公司暨子公司所持有之母公司庫藏股股數（單位：股）,每股參考淨值
"115/09/02","114","4","1101","台泥","178163742.00","410671732.00","588835474.00","85947537.00","210182122.00","296129659.00","77511817.00","--","75293337.00","54358169.00","26382910.00","-1635644.00","231910589.00","--","--","60795226.00","292705815.00","--","0.00","58000000.00","30.14"
"115/09/02","114","4","1102","亞泥","95233368.00","228807091.00","324040459.00","59418487.00","61200112.00","120618599.00","35465629.00","--","8240767.00","126642400.00","9928497.00","--","180277293.00","--","--","23144567.00","203421860.00","--","0.00","0.00","50.83"
"115/09/02","114","4","1103","嘉泥","9277857.00","23339456.00","32617313.00","3586317.00","10307944.00","13894261.00","7902474.00","--","1457692.00","10314342.00","-459911.00","-1079060.00","18135537.00","--","--","587515.00","18723052.00","--","0.00","131491726.00","27.53"
"115/09/02","114","4","1104","環泥","7752690.00","23331108.00","31083798.00","4715235.00","1390335.00","6105570.00","6866818.00","--","119509.00","14947950.00","2247160.00","--","24181437.00","--","--","796791.00","24978228.00","--","0.00","0.00","35.21"
"115/09/02","114","4","1108","幸福","5709269.00","4453107.00","10162376.00","4056137.00","350472.00","4406609.00","4047380.00","--","22.00","1737848.00","-29545.00","--","5755705.00","--","--","62.00","5755767.00","--","0.00","0.00","14.22"
"115/09/02","114","4","1109","信大","5857661.00","5583477.00","11441138.00","1009921.00","149271.00","1159192.00","3411589.00","--","15962.00","5007238.00","-69910.00","--","8364879.00","--","--","1917067.00","10281946.00","0.00","0.00","0.00","24.52"
"115/09/02","114","4","1110","東泥","3180784.00","9880705.00","13061489.00","2228192.00","1188317.00","3416509.00","5720008.00","--","190941.00","2613006.00","952161.00","-8863.00","9467253.00","--","--","177727.00","9644980.00","--","0.00","1536865.00","16.60"
"115/09/02","114","4","1201","味全","6038693.00","11580744.00","17619437.00","6068848.00","3879835.00","9948683.00","5060629.00","--","49394.00","2733253.00","-180809.00","--","7662467.00","--","--","8287.00","7670754.00","0.00","0.00","0.00","15.14"
"115/09/02","114","4","1203","味王","4767257.00","5718941.00","10486198.00","1636386.00","1425335.00","3061721.00","2400000.00","--","56781.00","3764304.00","198185.00","-38464.00","6380806.00","--","--","1043671.00","7424477.00","0.00","0.00","2293865.00","26.84"
"115/09/02","114","4","1210","大成","32982839.00","43169542.00","76152381.00","36371849.00","4311732.00","40683581.00","8947673.00","--","4274788.00","12816296.00","1297958.00","-734821.00","26601894.00","--","--","8866906.00","35468800.00","--","0.00","58059471.00","31.79"
"115/09/02","114","4","1213","大飲","285471.00","496908.00","782379.00","73495.00","56630.00","130125.00","566226.00","--","21938.00","64235.00","-145.00","--","652254.00","--","--","--","652254.00","--","0.00","0.00","11.52"
"115/09/02","114","4","1215","卜蜂","9197955.00","22666815.00","31864770.00","9580121.00","9398384.00","18978505.00","2947901.00","--","37072.00","8226078.00","1229692.00","--","12440743.00","--","--","445522.00","12886265.00","0.00","0.00","0.00","42.20"
"115/09/02","114","4","1216","統一","237174040.00","500267230.00","737441270.00","271227631.00","255538488.00","526766119.00","56820154.00","--","2635231.00","79382407.00","-3055582.00","--","135782210.00","--","--","74892941.00","210675151.00","0.00","0.00","0.00","23.90"
"115/09/02","114","4","1217","愛之味","2692637.00","12902188.00","15594825.00","2825913.00","4181372.00","7007285.00","4945134.00","--","265762.00","1384730.00","1211660.00","--","7807286.00","--","--","780254.00","8587540.00","--","0.00","0.00","15.79"
"115/09/02","114","4","1218","泰山","4914267.00","9607689.00","14521956.00","1170610.00","376203.00","1546813.00","4999990.00","--","1033322.00","7171841.00","-35258.00","-203876.00","12966019.00","--","--","9124.00","12975143.00","--","0.00","13680042.00","26.66"
"115/09/02","114","4","1219","福壽","4884046.00","4761504.00","9645550.00","3164098.00","1884402.00","5048500.00","3412384.00","--","61767.00","1118787.00","-3002.00","0.00","4589936.00","--","--","7114.00","4597050.00","--","0.00","0.00","13.45"
"115/09/02","114","4","1220","台榮","2211176.00","1319895.00","3531071.00","791975.00","176775.00","968750.00","1770779.00","--","24880.00","553721.00","-354.00","-10881.00","2338145.00","--","--","224176.00","2562321.00","--","0.00","679000.00","13.25"
"115/09/02","114","4","1225","福懋油","4608376.00","3577590.00","8185966.00","2852511.00","904975.00","3757486.00","2422683.00","--","124579.00","1459770.00","-98335.00","--","3908697.00","--","--","519783.00","4428480.00","--","0.00","0.00","16.13"
"115/09/02","114","4","1227","佳格","17127067.00","10556795.00","27683862.00","8399246.00","428302.00","8827548.00","9150897.00","--","183259.00","9045696.00","199377.00","-21182.00","18558047.00","--","--","298267.00","18856314.00","0.00","0.00","6669471.00","20.43"
"115/09/02","114","4","1229","聯華","15946415.00","80402405.00","96348820.00","13468509.00","4342828.00","17811337.00","17959607.00","--","1164546.00","17919323.00","20290782.00","-136868.00","57197390.00","--","--","21340093.00","78537483.00","0.00","0.00","7238000.00","31.98"
"115/09/02","114","4","1231","聯華食","6163334.00","8809134.00","14972468.00","4230574.00","3473292.00","7703866.00","2984544.00","--","93840.00","4155336.00","16977.00","--","7250697.00","--","--","17905.00","7268602.00","--","0.00","0.00","24.29"
"115/09/02","114","4","1232","大統益","7157271.00","2819535.00","9976806.00","2657689.00","1196640.00","3854329.00","1599749.00","--","23784.00","4284141.00","-3728.00","--","5903946.00","--","--","218531.00","6122477.00","0.00","0.00","0.00","36.91"
"115/09/02","114","4","1233","天仁","710698.00","1489994.00","2200692.00","591785.00","251414.00","843199.00","905919.00","--","18184.00","499736.00","-67526.00","-1974.00","1354339.00","--","--","3154.00","1357493.00","0.00","0.00","43000.00","14.96"
"115/09/02","114","4","1234","黑松","9006138.00","14921121.00","23927259.00","2718002.00","2360448.00","5078450.00","4018711.00","--","186936.00","14545838.00","97324.00","--","18848809.00","--","--","--","18848809.00","--","0.00","0.00","46.90"
"115/09/02","114","4","1235","興泰","1107801.00","4453317.00","5561118.00","2345116.00","54925.00","2400041.00","1885778.00","--","365348.00","1101717.00","409945.00","-867600.00","2895188.00","--","--","265889.00","3161077.00","--","0.00","143117570.00","63.69"
"115/09/02","114","4","1236","宏亞","753408.00","2781730.00","3535138.00","554864.00","457387.00","1012251.00","866740.00","--","34205.00","1398856.00","223086.00","--","2522887.00","--","--","--","2522887.00","--","0.00","0.00","29.11"
"115/09/02","114","4","1256","鮮活果汁-KY","2229303.00","2670284.00","4899587.00","856987.00","85167.00","942154.00","357722.00","--","1402566.00","2185821.00","4291.00","--","3950400.00","--","--","7033.00","3957433.00","--","0.00","0.00","110.43"
"115/09/02","114","4","1301","台塑","155423904.00","402078104.00","557502008.00","75827629.00","118451950.00","194279579.00","63657408.00","0.00","11869342.00","197026032.00","90669647.00","0.00","363222429.00","0.00","--","0.00","363222429.00","--","0.00","0.00","57.06"
"115/09/02","114","4","1303","南亞","177835621.00","432762844.00","610598465.00","134700304.00","104099196.00","238799500.00","79308216.00","--","27130602.00","230145038.00","19081982.00","--","355665838.00","--","--","16133127.00","371798965.00","0.00","0.00","0.00","44.85"
"115/09/02","114","4","1304","台聚","23433699.00","39822166.00","63255865.00","12376483.00","15425064.00","27801547.00","11887635.00","--","501471.00","6027462.00","-429878.00","-475606.00","17511084.00","--","--","17943234.00","35454318.00","--","0.00","116465574.00","16.33"
"115/09/02","114","4","1305","華夏","4401466.00","13025663.00","17427129.00","4029423.00","5159364.00","9188787.00","5810505.00","--","21077.00","1875473.00","18876.00","--","7725931.00","--","--","512411.00","8238342.00","--","0.00","0.00","13.30"
"115/09/02","114","4","1307","三芳","9192581.00","8221629.00","17414210.00","4541880.00","2798307.00","7340187.00","3978181.00","--","151079.00","5875914.00","68849.00","--","10074023.00","--","--","--","10074023.00","--","0.00","0.00","25.32"
"115/09/02","114","4","1308","亞聚","2653267.00","9053142.00","11706409.00","872781.00","597222.00","1470003.00","5937438.00","--","38968.00","4521947.00","-261947.00","--","10236406.00","--","--","--","10236406.00","0.00","0.00","0.00","17.24"
"115/09/02","114","4","1309","台達化","5302070.00","3266863.00","8568933.00","2362679.00","452455.00","2815134.00","3975868.00","--","3954.00","1744682.00","29295.00","--","5753799.00","--","--","--","5753799.00","--","0.00","0.00","14.47"
"115/09/02","114","4","1310","台苯","1955075.00","8006685.00","9961760.00","2188966.00","244858.00","2433824.00","5278698.00","--","129839.00","-28980.00","2020980.00","--","7400537.00","--","--","127399.00","7527936.00","--","0.00","0.00","14.02"
"115/09/02","114","4","1312","國喬","16954469.00","49566572.00","66521041.00","14564736.00","19776348.00","34341084.00","11266203.00","--","1075842.00","16036295.00","537239.00","-49858.00","28865721.00","--","--","3314236.00","32179957.00","0.00","0.00","1776000.00","25.66"
"115/09/02","114","4","1313","聯成","16684685.00","36825230.00","53509915.00","6965324.00","17114069.00","24079393.00","13308461.00","--","1142455.00","902271.00","14077335.00","0.00","29430522.00","--","--","--","29430522.00","--","0.00","0.00","22.11"
"115/09/02","114","4","1314","中石化","57800566.00","71539685.00","129340251.00","27880645.00","25138243.00","53018888.00","37848502.00","--","1582006.00","37612091.00","-777602.00","--","76264997.00","--","--","56366.00","76321363.00","0.00","0.00","0.00","20.15"
"115/09/02","114","4","1315","達新","6862976.00","3950006.00","10812982.00","442030.00","212252.00","654282.00","990990.00","--","256341.00","7733281.00","1229057.00","-83230.00","10126439.00","--","--","32261.00","10158700.00","0.00","0.00","3572068.00","106.01"
"115/09/02","114","4","1316","上曜","17505237.00","7314559.00","24819796.00","10225887.00","1122295.00","11348182.00","3685312.00","--","1002197.00","-483221.00","73.00","-56929.00","4147432.00","--","--","9324182.00","13471614.00","0.00","0.00","36909058.00","12.51"
"115/09/02","114","4","1319","東陽","13192140.00","25399976.00","38592116.00","6957545.00","2949745.00","9907290.00","5914771.00","--","4151718.00","17911844.00","87435.00","--","28065768.00","--","--","619058.00","28684826.00","--","0.00","0.00","47.45"
"115/09/02","114","4","1321","大洋","1974726.00","9407584.00","11382310.00","1045267.00","4645162.00","5690429.00","2272283.00","--","24018.00","3358872.00","72897.00","-36189.00","5691881.00","--","--","--","5691881.00","0.00","0.00","6542716.00","25.79"
"115/09/02","114","4","1323","永裕","2542306.00","2152156.00","4694462.00","550247.00","1580473.00","2130720.00","912745.00","--","42557.00","1674188.00","-65748.00","0.00","2563742.00","--","--","0.00","2563742.00","0.00","0.00","0.00","28.09"
"115/09/02","114","4","1324","地球","656465.00","425804.00","1082269.00","160578.00","29140.00","189718.00","751219.00","--","867.00","157581.00","-17116.00","0.00","892551.00","--","--","0.00","892551.00","0.00","0.00","0.00","11.88"
"115/09/02","114","4","1325","恆大","1664139.00","1096680.00","2760819.00","43652.00","51592.00","95244.00","852812.00","--","3626.00","1715451.00","17353.00","--","2589242.00","--","--","76333.00","2665575.00","0.00","0.00","0.00","30.36"
"115/09/02","114","4","1326","台化","188580084.00","350361902.00","538941986.00","90058494.00","67781615.00","157840109.00","58611863.00","--","9291029.00","183089007.00","95198556.00","-323952.00","345866503.00","--","--","35235374.00","381101877.00","0.00","0.00","12169610.00","59.13"
"115/09/02","114","4","1337","再生-KY","1924357.00","4410268.00","6334625.00","2209157.00","457368.00","2666525.00","2689547.00","--","1984504.00","-704796.00","-301155.00","--","3668100.00","--","--","--","3668100.00","--","0.00","0.00","13.64"
"115/09/02","114","4","1338","廣華-KY","5216339.00","8433660.00","13649999.00","3840285.00","3600777.00","7441062.00","838400.00","--","2787090.00","2728825.00","-439993.00","-92080.00","5822242.00","--","--","386695.00","6208937.00","0.00","0.00","3081000.00","72.09"
"115/09/02","114","4","1339","昭輝","1464571.00","3539973.00","5004544.00","683649.00","215231.00","898880.00","741239.00","--","1193369.00","2218499.00","-120743.00","--","4032364.00","--","--","73300.00","4105664.00","0.00","0.00","0.00","54.40"
"115/09/02","114","4","1340","勝悅-KY","783215.00","2157972.00","2941187.00","99407.00","234555.00","333962.00","1529229.00","--","2540814.00","-933124.00","-529694.00","--","2607225.00","0.00","--","0.00","2607225.00","--","0.00","0.00","17.05"
"115/09/02","114","4","1341","富林-KY","1656347.00","583020.00","2239367.00","918167.00","29879.00","948046.00","528506.00","--","255892.00","859769.00","-352846.00","--","1291321.00","--","--","--","1291321.00","--","0.00","0.00","24.43"
"115/09/02","114","4","1342","八貫","2237590.00","1343504.00","3581094.00","734050.00","450636.00","1184686.00","780009.00","--","675743.00","949654.00","-8998.00","--","--","--","--","--","2396408.00","--","0.00","0.00","30.72"
"115/09/02","114","4","1402","遠東新","156998408.00","513916536.00","670914944.00","149777639.00","206096565.00","355874204.00","53528751.00","--","13259448.00","156441041.00","6185938.00","-25063.00","229390115.00","--","--","85650625.00","315040740.00","--","0.00","779000.00","42.86"
"115/09/02","114","4","1410","南染","641940.00","669455.00","1311395.00","40943.00","178586.00","219529.00","620000.00","--","23095.00","416047.00","-3381.00","--","1055761.00","--","--","36105.00","1091866.00","0.00","0.00","0.00","17.03"
"115/09/02","114","4","1413","宏洲","933881.00","1792268.00","2726149.00","733949.00","859890.00","1593839.00","1321124.00","--","0.00","-180111.00","-8703.00","--","--","--","--","--","1132310.00","--","0.00","0.00","8.57"
"115/09/02","114","4","1414","東和","907402.00","3286239.00","4193641.00","605327.00","677230.00","1282557.00","1980000.00","--","0.00","1077775.00","-146691.00","--","2911084.00","--","--","--","2911084.00","0.00","0.00","0.00","14.70"
"115/09/02","114","4","1416","廣豐","1210158.00","4886731.00","6096889.00","540240.00","1104103.00","1644343.00","1853422.00","--","50060.00","1791790.00","685188.00","--","4380460.00","--","--","72086.00","4452546.00","0.00","0.00","0.00","23.63"
"115/09/02","114","4","1417","嘉裕","1669074.00","1141791.00","2810865.00","360135.00","108496.00","468631.00","1899419.00","--","--","294914.00","147901.00","--","2342234.00","--","--","--","2342234.00","--","0.00","0.00","12.33"
"115/09/02","114","4","1418","東華","1641640.00","3954147.00","5595787.00","3684076.00","680083.00","4364159.00","568343.00","--","8008.00","-814845.00","1550457.00","-80333.00","1231630.00","--","--","-2.00","1231628.00","0.00","0.00","2522865.00","22.68"
"115/09/02","114","4","1419","新紡","6546559.00","18624848.00","25171407.00","4960145.00","2690900.00","7651045.00","3000413.00","--","70538.00","6048309.00","8414276.00","-13174.00","17520362.00","--","--","--","17520362.00","--","0.00","803829.00","58.55"
"115/09/02","114","4","1423","利華","1282319.00","2634251.00","3916570.00","46331.00","200234.00","246565.00","996480.00","--","106111.00","1133026.00","1434388.00","--","--","--","--","--","3670005.00","--","0.00","0.00","36.83"
"115/09/02","114","4","1432","大魯閣","2164406.00","2193467.00","4357873.00","1630072.00","882260.00","2512332.00","1080000.00","--","296196.00","374017.00","-84534.00","--","1665679.00","--","--","179862.00","1845541.00","0.00","0.00","--","15.42"
"115/09/02","114","4","1434","福懋","14605708.00","42532655.00","57138363.00","5330155.00","9469887.00","14800042.00","16846646.00","--","955115.00","19825464.00","4730160.00","-19064.00","42338321.00","--","--","--","42338321.00","0.00","0.00","2193228.00","25.16"
"115/09/02","114","4","1435","中福","371184.00","805007.00","1176191.00","6029.00","177807.00","183836.00","1397801.00","--","125137.00","-226330.00","-304253.00","0.00","--","--","--","--","992355.00","--","0.00","0.00","7.10"
"115/09/02","114","4","1436","華友聯","19855302.00","1817725.00","21673027.00","9075258.00","5658143.00","14733401.00","1941518.00","--","1237193.00","3303206.00","18678.00","--","6500595.00","--","--","439031.00","6939626.00","--","0.00","0.00","33.48"
"115/09/02","114","4","1437","勤益控","2323637.00","11372831.00","13696468.00","1260687.00","4169211.00","5429898.00","2033713.00","--","412458.00","5420532.00","444305.00","-46289.00","8264719.00","--","--","1851.00","8266570.00","0.00","0.00","1381000.00","40.92"
"115/09/02","114","4","1438","三地開發","13638583.00","794818.00","14433401.00","10086560.00","1206082.00","11292642.00","1112058.00","--","1710226.00","324493.00","-6018.00","--","--","--","--","--","3140759.00","--","0.00","0.00","28.24"
"115/09/02","114","4","1439","雋揚","3426946.00","2474062.00","5901008.00","1950937.00","499931.00","2450868.00","920000.00","--","228875.00","1982141.00","-172338.00","--","2958678.00","--","--","491462.00","3450140.00","--","0.00","0.00","32.16"
"115/09/02","114","4","1440","南紡","12765921.00","33096098.00","45862019.00","9887912.00","7962161.00","17850073.00","16568159.00","--","69088.00","10987210.00","38154.00","--","27662611.00","--","--","349335.00","28011946.00","0.00","0.00","0.00","16.70"
"115/09/02","114","4","1441","大東","674911.00","722305.00","1397216.00","661796.00","271780.00","933576.00","717444.00","--","26394.00","-214957.00","-65241.00","--","463640.00","--","--","0.00","463640.00","0.00","0.00","0.00","6.46"
"115/09/02","114","4","1442","名軒","13018226.00","1275253.00","14293479.00","1878095.00","4411782.00","6289877.00","3662113.00","--","991852.00","3332758.00","16879.00","--","8003602.00","--","--","--","8003602.00","--","0.00","0.00","21.86"
"115/09/02","114","4","1443","立益物流","626572.00","7296506.00","7923078.00","2621356.00","3443688.00","6065044.00","1353430.00","--","701.00","180073.00","763009.00","--","2297213.00","--","--","-439179.00","1858034.00","0.00","0.00","0.00","16.97"
"115/09/02","114","4","1444","力麗","6197955.00","13337396.00","19535351.00","6490855.00","2203065.00","8693920.00","9955950.00","--","119259.00","22201.00","-481829.00","-28470.00","9587111.00","--","--","1254320.00","10841431.00","--","0.00","11204989.00","9.74"
"115/09/02","114","4","1445","大宇","750113.00","3720365.00","4470478.00","365055.00","1981811.00","2346866.00","1306660.00","--","1623.00","720285.00","95044.00","--","2123612.00","--","--","--","2123612.00","--","0.00","0.00","16.25"
"115/09/02","114","4","1446","宏和","2778373.00","411643.00","3190016.00","414187.00","2959.00","417146.00","1377095.00","--","6584.00","1366418.00","22773.00","0.00","2772870.00","--","--","0.00","2772870.00","0.00","0.00","0.00","20.14"
"115/09/02","114","4","1447","力鵬","7299757.00","8619718.00","15919475.00","5683340.00","1967962.00","7651302.00","9100712.00","--","219160.00","-572912.00","-959556.00","-287142.00","7500262.00","--","--","767911.00","8268173.00","--","0.00","66529106.00","8.89"
"115/09/02","114","4","1449","佳和","3082270.00","4933723.00","8015993.00","2911490.00","2180215.00","5091705.00","1271146.00","--","135020.00","239195.00","622228.00","--","2267589.00","--","--","656699.00","2924288.00","--","0.00","0.00","17.84"
"115/09/02","114","4","1451","年興","5396609.00","3295979.00","8692588.00","971328.00","354513.00","1325841.00","1980000.00","--","419716.00","5474772.00","-507741.00","--","7366747.00","--","--","--","7366747.00","--","0.00","0.00","37.21"
"115/09/02","114","4","1452","宏益","1988026.00","851159.00","2839185.00","92319.00","48354.00","140673.00","1326414.00","--","156172.00","962354.00","253572.00","--","2698512.00","--","--","--","2698512.00","--","0.00","0.00","20.34"
"115/09/02","114","4","1453","大將","2745710.00","185457.00","2931167.00","1318470.00","158319.00","1476789.00","1132431.00","--","2762.00","305775.00","--","--","1440968.00","--","--","13410.00","1454378.00","--","0.00","0.00","12.72"
"115/09/02","114","4","1454","台富","1015586.00","969368.00","1984954.00","596382.00","11094.00","607476.00","1298338.00","--","70540.00","97174.00","-11542.00","-77032.00","1377478.00","--","--","0.00","1377478.00","--","0.00","7714103.00","11.28"
"115/09/02","114","4","1455","集盛","2707130.00","6480621.00","9187751.00","1592562.00","1795806.00","3388368.00","5316884.00","--","346544.00","71857.00","64098.00","--","5799383.00","--","--","--","5799383.00","--","0.00","0.00","10.91"
"115/09/02","114","4","1456","怡華","10181851.00","3098081.00","13279932.00","8359893.00","2983360.00","11343253.00","937200.00","--","18377.00","981102.00","--","--","1936679.00","--","--","--","1936679.00","0.00","0.00","0.00","20.66"
"115/09/02","114","4","1457","宜進","2866869.00","14303725.00","17170594.00","2136882.00","6192765.00","8329647.00","3167300.00","--","523799.00","2054720.00","3610.00","-349848.00","5399581.00","--","--","3441366.00","8840947.00","0.00","0.00","83211323.00","23.12"
"115/09/02","114","4","1459","聯發","1866258.00","2811543.00","4677801.00","1068236.00","92693.00","1160929.00","3586289.00","--","297733.00","325008.00","-166099.00","-528645.00","3514286.00","--","--","2586.00","3516872.00","--","0.00","41144531.00","11.07"
"115/09/02","114","4","1460","宏遠","5790576.00","5542867.00","11333443.00","4588588.00","1044520.00","5633108.00","6946434.00","--","115943.00","-1054724.00","25513.00","-332836.00","5700330.00","--","--","5.00","5700335.00","--","0.00","20177533.00","8.45"
"115/09/02","114","4","1463","強盛新","1954893.00","1181614.00","3136507.00","284977.00","120051.00","405028.00","1732684.00","--","414531.00","453111.00","26056.00","-22714.00","2603668.00","--","--","127811.00","2731479.00","0.00","0.00","1676795.00","15.17"
"115/09/02","114","4","1464","得力","8473805.00","8513050.00","16986855.00","7348347.00","3888547.00","11236894.00","4255757.00","--","626253.00","877520.00","-534764.00","-27472.00","5197294.00","--","--","552667.00","5749961.00","--","0.00","2548653.00","12.29"
"115/09/02","114","4","1465","偉全","1139539.00","608983.00","1748522.00","121303.00","54546.00","175849.00","1036073.00","--","300311.00","250804.00","-14515.00","--","--","--","--","--","1572673.00","--","0.00","0.00","15.18"
"115/09/02","114","4","1466","聚隆","1657402.00","2025182.00","3682584.00","475079.00","1570378.00","2045457.00","1111573.00","--","640355.00","-196763.00","-8920.00","0.00","1546245.00","0.00","--","90882.00","1637127.00","0.00","0.00","0.00","13.91"
"115/09/02","114","4","1467","南緯","4578322.00","4147465.00","8725787.00","3578879.00","2172282.00","5751161.00","2336247.00","--","253064.00","170652.00","172317.00","-26145.00","2906135.00","--","--","68491.00","2974626.00","0.00","0.00","2950000.00","12.60"
"115/09/02","114","4","1468","昶和","2032207.00","1217622.00","3249829.00","1351383.00","411461.00","1762844.00","1604053.00","--","26753.00","-302819.00","84495.00","--","1412482.00","--","--","74503.00","1486985.00","--","0.00","0.00","8.81"
"115/09/02","114","4","1470","大統新創","615402.00","544939.00","1160341.00","139266.00","7586.00","146852.00","857670.00","--","7317.00","149477.00","-975.00","--","1013489.00","--","--","--","1013489.00","--","0.00","0.00","11.82"
"115/09/02","114","4","1471","首利","1390230.00","287370.00","1677600.00","88101.00","39375.00","127476.00","1504145.00","--","0.00","-146209.00","88615.00","--","1446551.00","--","--","103573.00","1550124.00","0.00","0.00","0.00","9.62"
"115/09/02","114","4","1472","三洋實業","4437949.00","983755.00","5421704.00","2196862.00","926792.00","3123654.00","524881.00","--","837670.00","915265.00","20234.00","--","2298050.00","--","--","--","2298050.00","--","0.00","0.00","43.78"
"115/09/02","114","4","1473","台南","2903713.00","2413788.00","5317501.00","1257488.00","259934.00","1517422.00","1461535.00","--","824543.00","1501873.00","12128.00","--","3800079.00","--","--","--","3800079.00","0.00","0.00","0.00","26.00"
"115/09/02","114","4","1474","弘裕","2006787.00","1672323.00","3679110.00","879040.00","631508.00","1510548.00","1298970.00","--","66368.00","842038.00","-56802.00","--","2150574.00","--","--","17988.00","2168562.00","--","0.00","0.00","16.56"
"115/09/02","114","4","1475","業旺","1912116.00","390897.00","2303013.00","604019.00","145978.00","749997.00","660168.00","--","194851.00","694148.00","3849.00","--","1553016.00","--","--","--","1553016.00","0.00","0.00","0.00","23.52"
"115/09/02","114","4","1476","儒鴻","21367075.00","13669838.00","35036913.00","5262865.00","136911.00","5399776.00","2743671.00","--","3769803.00","22937042.00","186621.00","--","29637137.00","--","--","--","29637137.00","--","0.00","0.00","108.02"
"115/09/02","114","4","1477","聚陽","15904934.00","7999478.00","23904412.00","8564692.00","1165567.00","9730259.00","2466937.00","--","6166333.00","5349754.00","61908.00","--","14044932.00","--","--","129221.00","14174153.00","0.00","0.00","0.00","56.93"
"115/09/02","114","4","1503","士電","29162806.00","31374606.00","60537412.00","20937747.00","2480883.00","23418630.00","5209722.00","--","2797585.00","22874944.00","5410338.00","--","36292589.00","--","--","826193.00","37118782.00","--","0.00","0.00","69.66"
"115/09/02","114","4","1504","東元","59471403.00","85104475.00","144575878.00","29544930.00","16667315.00","46212245.00","23764407.00","--","24170487.00","35966938.00","8362965.00","-636762.00","91628035.00","--","--","6735598.00","98363633.00","0.00","0.00","31636000.00","39.08"
"115/09/02","114","4","1506","正道","908954.00","2387652.00","3296606.00","335759.00","91156.00","426915.00","3003885.00","--","424736.00","-493015.00","-143749.00","--","2791857.00","--","--","77834.00","2869691.00","--","0.00","0.00","9.29"
"115/09/02","114","4","1512","瑞利","1188252.00","1647751.00","2836003.00","498929.00","1682867.00","2181796.00","981835.00","--","--","-881287.00","553659.00","--","654207.00","--","--","--","654207.00","0.00","0.00","0.00","6.66"
"115/09/02","114","4","1513","中興電","23017239.00","24681551.00","47698790.00","20897672.00","5914761.00","26812433.00","5031125.00","--","3067425.00","9445587.00","3249160.00","-116880.00","20676417.00","--","--","209940.00","20886357.00","0.00","0.00","9038676.00","41.85"
"115/09/02","114","4","1514","亞力","10327337.00","2952503.00","13279840.00","5435380.00","1437302.00","6872682.00","2731085.00","--","1113619.00","2546329.00","-26289.00","-30866.00","6333878.00","--","--","73280.00","6407158.00","0.00","0.00","2238551.00","23.38"
"115/09/02","114","4","1515","力山","4071275.00","4201583.00","8272858.00","3678474.00","606400.00","4284874.00","1814735.00","--","586.00","2268811.00","-122146.00","--","3961986.00","--","--","25998.00","3987984.00","--","0.00","0.00","21.83"
"115/09/02","114","4","1516","川飛","144148.00","64760.00","208908.00","2226.00","2.00","2228.00","400082.00","--","20185.00","-207565.00","-6022.00","--","--","--","--","--","206680.00","--","0.00","0.00","5.17"
"115/09/02","114","4","1517","利奇","2899060.00","1320524.00","4219584.00","532681.00","174886.00","707567.00","2200000.00","--","68150.00","1185532.00","-39121.00","0.00","3414561.00","--","--","97456.00","3512017.00","--","0.00","0.00","15.52"
"115/09/02","114","4","1519","華城","21541017.00","6669746.00","28210763.00","13013734.00","4376841.00","17390575.00","3158808.00","--","133747.00","7413374.00","-122758.00","--","10583171.00","--","--","237017.00","10820188.00","--","0.00","0.00","33.50"
"115/09/02","114","4","1521","大億","2026961.00","965434.00","2992395.00","1023685.00","103369.00","1127054.00","762300.00","--","61412.00","1041629.00","0.00","--","1865341.00","--","--","--","1865341.00","0.00","0.00","0.00","24.47"
"115/09/02","114","4","1522","堤維西","18742361.00","20454276.00","39196637.00","17556451.00","11132708.00","28689159.00","3428979.00","--","2620090.00","3936628.00","75463.00","-5996.00","10055164.00","--","--","452314.00","10507478.00","0.00","0.00","939707.00","29.40"
"115/09/02","114","4","1524","耿鼎","1654931.00","3544240.00","5199171.00","830393.00","1352993.00","2183386.00","1653104.00","--","1089.00","1329359.00","32233.00","0.00","--","0.00","0.00","--","3015785.00","0.00","0.00","0.00","18.24"
"115/09/02","114","4","1525","江申","2140325.00","3566014.00","5706339.00","378557.00","304703.00","683260.00","734001.00","--","1251.00","4548503.00","-260676.00","--","5023079.00","--","--","--","5023079.00","--","0.00","0.00","68.43"
"115/09/02","114","4","1526","日馳","1463670.00","864253.00","2327923.00","748144.00","216826.00","964970.00","600000.00","--","95120.00","645764.00","22069.00","--","1362953.00","--","--","--","1362953.00","--","0.00","0.00","22.72"
"115/09/02","114","4","1527","鑽全","3695594.00","1659924.00","5355518.00","487925.00","46385.00","534310.00","1385706.00","--","26932.00","3400631.00","7939.00","--","--","--","--","--","4821208.00","--","0.00","0.00","34.79"
"115/09/02","114","4","1528","恩德","3396560.00","1840454.00","5237014.00","2432244.00","601239.00","3033483.00","1913310.00","--","199445.00","123193.00","-80692.00","--","2155256.00","--","--","48275.00","2203531.00","--","0.00","0.00","11.26"
"115/09/02","114","4","1529","樂事綠能","826397.00","2348378.00","3174775.00","404907.00","889084.00","1293991.00","1550951.00","--","63962.00","207518.00","-9367.00","0.00","1813064.00","0.00","--","67720.00","1880784.00","--","0.00","0.00","11.69"
"115/09/02","114","4","1530","亞崴","3189044.00","2471210.00","5660254.00","2089391.00","289330.00","2378721.00","945942.00","--","95389.00","2155759.00","-4555.00","0.00","3192535.00","--","--","88998.00","3281533.00","0.00","0.00","0.00","33.75"
"115/09/02","114","4","1531","高林股","2917240.00","1365069.00","4282309.00","391969.00","289155.00","681124.00","1821081.00","--","199365.00","1689294.00","-108555.00","0.00","3601185.00","--","--","--","3601185.00","0.00","0.00","0.00","19.77"
"115/09/02","114","4","1532","勤美","35099754.00","18339712.00","53439466.00","24710303.00","9444362.00","34154665.00","4226043.00","--","2533890.00","8288561.00","187208.00","-163070.00","15072632.00","--","--","4212169.00","19284801.00","0.00","0.00","6341000.00","36.21"
"115/09/02","114","4","1533","車王電","5676783.00","3522903.00","9199686.00","3809764.00","2615398.00","6425162.00","985475.00","--","364174.00","1164065.00","-221349.00","--","2292365.00","--","--","482159.00","2774524.00","0.00","0.00","0.00","23.26"
"115/09/02","114","4","1535","中宇","4818792.00","2446188.00","7264980.00","3195050.00","247805.00","3442855.00","1237426.00","--","630995.00","2086398.00","-132694.00","--","3822125.00","--","--","--","3822125.00","--","0.00","0.00","30.89"
"115/09/02","114","4","1536","和大","5857162.00","15642871.00","21500033.00","6591229.00","7070296.00","13661525.00","2789595.00","--","3896011.00","1081484.00","-88534.00","0.00","7678556.00","--","--","159952.00","7838508.00","--","0.00","0.00","27.53"
"115/09/02","114","4","1537","廣隆","4752772.00","1047862.00","5800634.00","1027536.00","380826.00","1408362.00","820628.00","--","701478.00","2750500.00","119666.00","--","4392272.00","--","--","--","4392272.00","0.00","0.00","0.00","53.52"
"115/09/02","114","4","1538","正峰","115223.00","141460.00","256683.00","92984.00","24765.00","117749.00","323000.00","--","66.00","-138784.00","-46060.00","--","138222.00","--","--","712.00","138934.00","0.00","0.00","0.00","4.28"
"115/09/02","114","4","1539","巨庭","997392.00","1150715.00","2148107.00","366534.00","184659.00","551193.00","653700.00","--","0.00","940147.00","3067.00","--","1596914.00","--","--","0.00","1596914.00","0.00","0.00","0.00","24.43"
"115/09/02","114","4","1540","喬福","1309378.00","330980.00","1640358.00","156311.00","4808.00","161119.00","854736.00","--","154252.00","470251.00","--","--","--","--","--","--","1479239.00","0.00","0.00","0.00","17.31"
"115/09/02","114","4","1541","錩泰","1961236.00","1219804.00","3181040.00","641394.00","425126.00","1066520.00","788000.00","--","1364.00","1322123.00","3033.00","--","2114520.00","--","--","--","2114520.00","0.00","0.00","0.00","26.83"
"115/09/02","114","4","1558","伸興","6334973.00","6663665.00","12998638.00","3335058.00","1109055.00","4444113.00","665356.00","--","1890261.00","3159772.00","-361771.00","-182045.00","5171573.00","--","--","3382952.00","8554525.00","--","0.00","1811000.00","79.90"
"115/09/02","114","4","1560","中砂","5481904.00","7776107.00","13258011.00","2182088.00","2587313.00","4769401.00","1472919.00","--","1688223.00","5016716.00","-33248.00","--","8144610.00","--","--","344000.00","8488610.00","--","0.00","0.00","55.30"
"115/09/02","114","4","1563","巧新","10436980.00","7785636.00","18222616.00","4564483.00","4878952.00","9443435.00","2307821.00","--","2416881.00","4555877.00","-5912.00","-540493.00","8734174.00","--","--","45007.00","8779181.00","--","0.00","9044000.00","39.39"
"115/09/02","114","4","1568","倉佑","894514.00","1485807.00","2380321.00","313555.00","40075.00","353630.00","1030865.00","0.00","159517.00","703779.00","4383.00","0.00","1898544.00","0.00","--","128147.00","2026691.00","--","0.00","0.00","18.42"
"115/09/02","114","4","1582","信錦","9570569.00","3349397.00","12919966.00","4764142.00","532554.00","5296696.00","1442686.00","--","3376992.00","2894353.00","-460011.00","--","7254020.00","--","--","369250.00","7623270.00","--","0.00","0.00","50.28"
"115/09/02","114","4","1583","程泰","9136545.00","5056118.00","14192663.00","5651833.00","1337230.00","6989063.00","1094004.00","--","324027.00","4244077.00","-6772.00","0.00","5655336.00","--","--","1548264.00","7203600.00","0.00","0.00","0.00","51.69"
"115/09/02","114","4","1587","吉茂","2317835.00","1394565.00","3712400.00","1900444.00","241048.00","2141492.00","800556.00","--","546969.00","251170.00","-27787.00","0.00","1570908.00","--","--","--","1570908.00","0.00","0.00","0.00","19.62"
"115/09/02","114","4","1590","亞德客-KY","25047260.00","32492924.00","57540184.00","4630058.00","322769.00","4952827.00","2000000.00","--","14847244.00","35572071.00","161863.00","--","52581178.00","--","--","6179.00","52587357.00","--","0.00","0.00","262.91"
"115/09/02","114","4","1597","直得","1860766.00","2232508.00","4093274.00","749056.00","935913.00","1684969.00","892619.00","--","446121.00","1220834.00","-3699.00","-147570.00","2408305.00","--","--","--","2408305.00","0.00","0.00","2000000.00","27.60"
"115/09/02","114","4","1598","岱宇","4143200.00","6083805.00","10227005.00","3662516.00","2096808.00","5759324.00","1791420.00","--","2877117.00","-17479.00","-78943.00","-440250.00","4131865.00","--","--","335816.00","4467681.00","0.00","0.00","12826000.00","24.84"
"115/09/02","114","4","1603","華電","7686608.00","4482428.00","12169036.00","3836922.00","752918.00","4589840.00","1916880.00","--","654215.00","6582783.00","568569.00","-2244172.00","7478275.00","--","--","100921.00","7579196.00","--","0.00","32841809.00","47.08"
"115/09/02","114","4","1604","聲寶","3895246.00","14953699.00","18848945.00","3298315.00","6501102.00","9799417.00","3842000.00","--","269419.00","5405749.00","-121417.00","-777873.00","8617878.00","--","--","431650.00","9049528.00","--","0.00","20431605.00","23.69"
"115/09/02","114","4","1605","華新","84873079.00","218543967.00","303417046.00","53099355.00","74220423.00","127319778.00","44313329.00","--","37354983.00","60375913.00","23809009.00","--","165853234.00","--","--","10244034.00","176097268.00","--","0.00","0.00","37.43"
"115/09/02","114","4","1608","華榮","8873080.00","7660822.00","16533902.00","4854450.00","956735.00","5811185.00","6327735.00","--","436138.00","3804378.00","-20713.00","-968671.00","9578867.00","--","--","1143850.00","10722717.00","--","0.00","208563824.00","22.58"
"115/09/02","114","4","1609","大亞","26660230.00","36382912.00","63043142.00","21167203.00","22116904.00","43284107.00","7852619.00","0.00","2334684.00","6070147.00","871007.00","-12787.00","17115670.00","0.00","--","2643365.00","19759035.00","--","0.00","2317419.00","21.86"
"115/09/02","114","4","1611","中電","1869490.00","3289520.00","5159010.00","779564.00","176051.00","955615.00","3227358.00","--","8681.00","823951.00","143405.00","--","4203395.00","--","--","--","4203395.00","--","0.00","0.00","13.02"
"115/09/02","114","4","1612","宏泰","5271507.00","4413235.00","9684742.00","1036208.00","165500.00","1201708.00","3160801.00","--","200074.00","4707926.00","412884.00","--","8481685.00","--","--","1349.00","8483034.00","--","0.00","0.00","26.83"
"115/09/02","114","4","1614","三洋電","2497272.00","4460390.00","6957662.00","747536.00","465307.00","1212843.00","2691134.00","--","309456.00","2654745.00","176898.00","-132298.00","5699935.00","--","--","44884.00","5744819.00","0.00","0.00","10182744.00","22.01"
"115/09/02","114","4","1615","大山","3729062.00","2499406.00","6228468.00","1625504.00","189380.00","1814884.00","1966637.00","--","0.00","2118979.00","327968.00","--","4413584.00","--","--","--","4413584.00","--","0.00","0.00","22.44"
"115/09/02","114","4","1616","億泰","3335639.00","940681.00","4276320.00","2046933.00","11536.00","2058469.00","1941485.00","--","10869.00","340772.00","9802.00","-85077.00","2217851.00","--","--","--","2217851.00","--","0.00","4654499.00","11.70"
"115/09/02","114","4","1617","榮星","2230812.00","1139091.00","3369903.00","953574.00","75710.00","1029284.00","1695147.00","--","257098.00","479670.00","-98471.00","0.00","2333444.00","--","--","7175.00","2340619.00","0.00","0.00","0.00","13.77"
"115/09/02","114","4","1618","合機","3927364.00","4512847.00","8440211.00","1769413.00","76553.00","1845966.00","1926917.00","--","100026.00","3441845.00","1125457.00","--","6594245.00","--","--","--","6594245.00","--","0.00","0.00","34.22"
"115/09/02","114","4","1623","大東電","5520830.00","1597999.00","7118829.00","3027703.00","1149461.00","4177164.00","600000.00","--","713485.00","1576476.00","51704.00","--","--","--","--","--","2941665.00","0.00","0.00","0.00","49.03"
"115/09/02","114","4","1626","艾美特-KY","5141070.00","3018418.00","8159488.00","5122819.00","271849.00","5394668.00","1498217.00","--","1198630.00","356447.00","-288474.00","--","2764820.00","--","--","--","2764820.00","0.00","0.00","0.00","18.45"
"115/09/02","114","4","1702","南僑","15563908.00","17874783.00","33438691.00","9367567.00","8544727.00","17912294.00","2941330.00","--","5246342.00","4364686.00","-31685.00","-530114.00","11990559.00","--","--","3535838.00","15526397.00","--","0.00","46041259.00","48.33"
"115/09/02","114","4","1707","葡萄王","5660778.00","10077511.00","15738289.00","3421232.00","250672.00","3671904.00","1481374.00","--","2881504.00","6002887.00","-23936.00","--","10341829.00","--","--","1724556.00","12066385.00","--","0.00","0.00","69.81"
"115/09/02","114","4","1708","東鹼","3350707.00","9154368.00","12505075.00","2990243.00","2132187.00","5122430.00","2490017.00","--","70636.00","4779120.00","42872.00","--","7382645.00","--","--","--","7382645.00","--","0.00","0.00","29.65"
"115/09/02","114","4","1709","和益","5555236.00","6566601.00","12121837.00","1930579.00","977933.00","2908512.00","4770163.00","--","76141.00","3342205.00","759820.00","--","8948329.00","--","--","264996.00","9213325.00","--","0.00","0.00","18.76"
"115/09/02","114","4","1710","東聯","5346664.00","27006618.00","32353282.00","9356738.00","11536923.00","20893661.00","8857031.00","--","1091942.00","3149264.00","-3773068.00","-118460.00","9206709.00","--","--","2252912.00","11459621.00","--","0.00","8675554.00","10.50"
"115/09/02","114","4","1711","永光","6178440.00","6615425.00","12793865.00","3098776.00","1259510.00","4358286.00","5477522.00","--","475236.00","2295102.00","-70591.00","--","8177269.00","--","--","258310.00","8435579.00","0.00","0.00","0.00","14.93"
"115/09/02","114","4","1712","興農","7899784.00","7470880.00","15370664.00","5027494.00","1714722.00","6742216.00","4204926.00","--","465767.00","4048173.00","-152051.00","--","8566815.00","--","--","61633.00","8628448.00","--","0.00","0.00","20.37"
"115/09/02","114","4","1713","國化","641607.00","3332740.00","3974347.00","81575.00","84079.00","165654.00","1509517.00","--","92930.00","2022207.00","184039.00","0.00","--","--","--","--","3808693.00","--","0.00","0.00","25.23"
"115/09/02","114","4","1714","和桐","16759358.00","8239673.00","24999031.00","5169129.00","2576977.00","7746106.00","9918248.00","--","121347.00","3533836.00","-1303247.00","-78973.00","12191211.00","--","--","5061714.00","17252925.00","0.00","0.00","10141558.00","12.42"
"115/09/02","114","4","1717","長興","30561280.00","29593502.00","60154782.00","17003719.00","14924867.00","31928586.00","11722455.00","--","872321.00","15367419.00","-286445.00","0.00","27675750.00","--","--","550446.00","28226196.00","--","0.00","0.00","23.61"
"115/09/02","114","4","1720","生達","5461464.00","6334439.00","11795903.00","2156966.00","352128.00","2509094.00","1786961.00","--","301112.00","4142763.00","-106191.00","--","6124645.00","--","--","3162164.00","9286809.00","0.00","0.00","0.00","34.27"
"115/09/02","114","4","1721","三晃","1513669.00","1567707.00","3081376.00","795298.00","638748.00","1434046.00","1848841.00","--","42255.00","-240557.00","-3209.00","--","1647330.00","--","--","--","1647330.00","--","0.00","0.00","8.91"
"115/09/02","114","4","1722","台肥","8513218.00","73011416.00","81524634.00","2675577.00","24574364.00","27249941.00","9800000.00","--","2246165.00","38163060.00","4065468.00","0.00","54274693.00","0.00","--","0.00","54274693.00","0.00","0.00","0.00","55.38"
"115/09/02","114","4","1723","中碳","3617713.00","7825246.00","11442959.00","1979836.00","1644844.00","3624680.00","2369044.00","--","989006.00","4885235.00","-307368.00","-117638.00","7818279.00","--","--","--","7818279.00","--","0.00","4753537.00","33.68"
"115/09/02","114","4","1725","元禎","7752697.00","1047014.00","8799711.00","2081515.00","80556.00","2162071.00","1818300.00","--","2287.00","1370916.00","3446136.00","0.00","6637639.00","--","--","1.00","6637640.00","--","0.00","0.00","36.50"
"115/09/02","114","4","1726","永記","8224222.00","3883461.00","12107683.00","1506050.00","172209.00","1678259.00","1620000.00","--","109964.00","8942222.00","-242762.00","--","10429424.00","--","--","--","10429424.00","--","0.00","0.00","64.38"
"115/09/02","114","4","1727","中華化","1040290.00","2472673.00","3512963.00","971021.00","447919.00","1418940.00","1280196.00","--","420275.00","393552.00","0.00","--","--","--","--","--","2094023.00","--","0.00","0.00","16.36"
"115/09/02","114","4","1730","花仙子","1817433.00","957956.00","2775389.00","541492.00","43479.00","584971.00","632339.00","--","234657.00","1194732.00","-7989.00","--","2053739.00","--","--","136679.00","2190418.00","--","0.00","0.00","32.48"
"115/09/02","114","4","1731","美吾華","1209501.00","2027939.00","3237440.00","433201.00","641308.00","1074509.00","1329152.00","--","192289.00","687681.00","-46191.00","--","2162931.00","--","--","--","2162931.00","--","0.00","0.00","16.27"
"115/09/02","114","4","1732","毛寶","437499.00","233915.00","671414.00","141013.00","27712.00","168725.00","424439.00","--","2704.00","78218.00","-2672.00","--","502689.00","--","--","--","502689.00","0.00","0.00","0.00","11.84"
"115/09/02","114","4","1733","五鼎","1673598.00","742207.00","2415805.00","432046.00","113269.00","545315.00","999502.00","--","68368.00","791234.00","10612.00","--","1869716.00","--","--","774.00","1870490.00","--","0.00","0.00","18.71"
"115/09/02","114","4","1734","杏輝","2529232.00","3623818.00","6153050.00","1011481.00","1426392.00","2437873.00","1901968.00","--","924140.00","713016.00","-95251.00","--","3443873.00","--","--","271304.00","3715177.00","--","0.00","0.00","18.11"
"115/09/02","114","4","1735","日勝化","1517715.00","1437660.00","2955375.00","1240848.00","162131.00","1402979.00","993880.00","--","98017.00","464527.00","-4028.00","--","1552396.00","--","--","--","1552396.00","--","0.00","0.00","15.62"
"115/09/02","114","4","1736","喬山","34531272.00","15603070.00","50134342.00","25188494.00","11208213.00","36396707.00","3033946.00","--","449167.00","11860841.00","-1614366.00","0.00","13729588.00","--","--","8047.00","13737635.00","--","0.00","0.00","45.25"
"115/09/02","114","4","1737","臺鹽","2756224.00","5506337.00","8262561.00","959885.00","488908.00","1448793.00","2000000.00","--","2490850.00","2325311.00","-2393.00","--","6813768.00","--","--","0.00","6813768.00","--","0.00","0.00","34.07"
"115/09/02","114","4","1752","南光","1492605.00","2330766.00","3823371.00","1064790.00","268909.00","1333699.00","1009885.00","--","245012.00","1229276.00","-35.00","--","2484138.00","--","--","5534.00","2489672.00","0.00","0.00","0.00","24.60"
"115/09/02","114","4","1760","寶齡富錦","1466825.00","1759862.00","3226687.00","1009777.00","262248.00","1272025.00","857391.00","--","770859.00","347646.00","-21234.00","--","1954662.00","--","--","--","1954662.00","0.00","0.00","0.00","22.80"
"115/09/02","114","4","1762","中化生","1058883.00","3258470.00","4317353.00","356706.00","873307.00","1230013.00","769180.00","--","331763.00","2042230.00","-55833.00","0.00","3087340.00","--","--","--","3087340.00","0.00","0.00","0.00","40.14"
"115/09/02","114","4","1773","勝一","3934262.00","13114741.00","17049003.00","3255701.00","2405180.00","5660881.00","3000000.00","--","103724.00","8121572.00","9881.00","0.00","11235177.00","--","--","152945.00","11388122.00","--","0.00","0.00","37.45"
"115/09/02","114","4","1776","展宇","1036124.00","430136.00","1466260.00","322697.00","217924.00","540621.00","601070.00","--","13104.00","321567.00","-70060.00","--","865681.00","--","--","59958.00","925639.00","--","0.00","0.00","14.40"
"115/09/02","114","4","1783","和康生","1121464.00","771678.00","1893142.00","349109.00","6434.00","355543.00","896881.00","--","331294.00","534500.00","-225076.00","--","1537599.00","--","--","--","1537599.00","0.00","8000.00","0.00","17.14"
"115/09/02","114","4","1786","科妍","1427168.00","1242411.00","2669579.00","174648.00","514697.00","689345.00","748276.00","--","960310.00","272472.00","-824.00","--","1980234.00","--","--","--","1980234.00","--","0.00","0.00","26.46"
"115/09/02","114","4","1789","神隆","5490721.00","6367004.00","11857725.00","709843.00","623145.00","1332988.00","7907392.00","--","1294689.00","1310341.00","12315.00","--","10524737.00","--","--","--","10524737.00","0.00","0.00","0.00","13.31"
"115/09/02","114","4","1795","美時","26452718.00","79701213.00","106153931.00","16878826.00","65495249.00","82374075.00","2668738.00","--","7641635.00","15903639.00","-1609996.00","-824160.00","23779856.00","--","--","--","23779856.00","0.00","0.00","4064000.00","90.48"
"115/09/02","114","4","1802","台玻","37342131.00","53483194.00","90825325.00","29082191.00","11418223.00","40500414.00","29080608.00","--","1895238.00","18884134.00","-2259511.00","--","47600469.00","--","--","2724442.00","50324911.00","--","0.00","0.00","16.37"
"115/09/02","114","4","1805","寶徠","1768999.00","233299.00","2002298.00","348676.00","26902.00","375578.00","1349705.00","--","227353.00","58089.00","-8427.00","0.00","1626720.00","--","--","0.00","1626720.00","0.00","0.00","0.00","12.05"
"115/09/02","114","4","1806","冠軍","4330414.00","3844433.00","8174847.00","1390064.00","1518391.00","2908455.00","3904039.00","--","157999.00","871355.00","379591.00","-46592.00","5266392.00","--","--","0.00","5266392.00","0.00","0.00","3887000.00","13.63"
"115/09/02","114","4","1808","潤隆","51396465.00","4942541.00","56339006.00","33648207.00","9846193.00","43494400.00","8930317.00","--","26736.00","3600236.00","287317.00","--","12844606.00","--","--","--","12844606.00","--","0.00","0.00","14.38"
"115/09/02","114","4","1809","中釉","2089338.00","2422387.00","4511725.00","1079464.00","126963.00","1206427.00","1670419.00","--","128560.00","1251022.00","-120542.00","--","2929459.00","--","--","375839.00","3305298.00","--","0.00","0.00","17.54"
"115/09/02","114","4","1810","和成","4216289.00","6154628.00","10370917.00","2667217.00","760591.00","3427808.00","3023037.00","--","17046.00","3195572.00","637896.00","-4781.00","6868770.00","--","--","74339.00","6943109.00","--","0.00","445484.00","22.75"
"115/09/02","114","4","1817","凱撒衛","1821945.00","1107401.00","2929346.00","379832.00","257885.00","637717.00","726000.00","--","282857.00","1518415.00","-280576.00","0.00","2246696.00","--","--","44933.00","2291629.00","--","0.00","0.00","30.95"
"115/09/02","114","4","1903","士紙","3677394.00","6882664.00","10560058.00","3265805.00","1768376.00","5034181.00","2600391.00","--","0.00","452882.00","2472604.00","--","5525877.00","--","--","--","5525877.00","--","0.00","0.00","21.25"
"115/09/02","114","4","1904","正隆","23055877.00","48927418.00","71983295.00","18646952.00","23302662.00","41949614.00","11082745.00","--","1166581.00","17970824.00","-916025.00","--","29304125.00","--","--","729556.00","30033681.00","--","0.00","0.00","26.44"
"115/09/02","114","4","1905","華紙","20212472.00","20228875.00","40441347.00","17573778.00","4280428.00","21854206.00","11028353.00","--","168505.00","2194273.00","2737703.00","0.00","16128834.00","--","--","2458307.00","18587141.00","--","0.00","0.00","14.62"
"115/09/02","114","4","1906","寶隆","453824.00","5091277.00","5545101.00","2423401.00","329120.00","2752521.00","1510000.00","--","18303.00","2617734.00","-1353457.00","--","--","--","--","--","2792580.00","--","0.00","0.00","18.49"
"115/09/02","114","4","1907","永豐餘","66203247.00","106054775.00","172258022.00","44107917.00","36199796.00","80307713.00","16603715.00","--","3977862.00","24372050.00","30130426.00","--","75084053.00","--","--","16866256.00","91950309.00","--","0.00","0.00","45.22"
"115/09/02","114","4","1909","榮成","13704223.00","55049001.00","68753224.00","21698245.00","26728298.00","48426543.00","13276857.00","--","4346976.00","4756869.00","-1871705.00","-214615.00","20294382.00","--","--","32299.00","20326681.00","--","0.00","21929000.00","15.54"
"115/09/02","114","4","2002","中鋼","177774877.00","496072096.00","673846973.00","128948463.00","214979505.00","343927968.00","157731290.00","--","41189617.00","108837625.00","-2006778.00","-13118233.00","292633521.00","--","--","37285484.00","329919005.00","--","0.00","674286000.00","19.38"
"115/09/02","114","4","2006","東和鋼鐵","28467305.00","23529904.00","51997209.00","15662886.00","1871977.00","17534863.00","7302138.00","--","7745045.00","19702932.00","-404143.00","--","34345972.00","--","--","116374.00","34462346.00","--","0.00","0.00","47.04"
"115/09/02","114","4","2007","燁興","1876532.00","10472130.00","12348662.00","4580634.00","3542480.00","8123114.00","5306516.00","--","295447.00","-1381384.00","4969.00","0.00","--","--","--","--","4225548.00","0.00","0.00","0.00","7.96"
"115/09/02","114","4","2008","高興昌","2301331.00","5933051.00","8234382.00","1904280.00","2589992.00","4494272.00","1908523.00","--","0.00","1337296.00","494291.00","--","--","--","--","--","3740110.00","--","0.00","0.00","19.60"
"115/09/02","114","4","2009","第一銅","2322911.00","9302311.00","11625222.00","1642828.00","268480.00","1911308.00","3596222.00","--","0.00","575333.00","5542359.00","--","--","--","--","--","9713914.00","--","0.00","0.00","27.01"
"115/09/02","114","4","2010","春源","15483042.00","8741162.00","24224204.00","8773415.00","2151660.00","10925075.00","6476554.00","--","177964.00","6477085.00","-219454.00","--","12912149.00","--","--","386980.00","13299129.00","--","0.00","0.00","19.94"
"115/09/02","114","4","2012","春雨","6952881.00","4594046.00","11546927.00","3031476.00","3927135.00","6958611.00","3021627.00","--","559704.00","1176028.00","-618523.00","-267195.00","3871641.00","--","--","716675.00","4588316.00","0.00","0.00","23430173.00","13.89"
"115/09/02","114","4","2013","中鋼構","10548110.00","4411655.00","14959765.00","8601098.00","681890.00","9282988.00","2000000.00","--","1383331.00","2457171.00","-163725.00","--","5676777.00","--","--","--","5676777.00","--","0.00","0.00","28.38"
"115/09/02","114","4","2014","中鴻","8290243.00","18595909.00","26886152.00","5650496.00","9124303.00","14774799.00","14355444.00","--","903.00","-951605.00","-1293389.00","--","12111353.00","--","--","--","12111353.00","--","0.00","0.00","8.44"
"115/09/02","114","4","2015","豐興","11548041.00","14292570.00","25840611.00","2536259.00","691533.00","3227792.00","5815994.00","--","455825.00","16538652.00","-210712.00","--","22599759.00","--","--","13060.00","22612819.00","--","0.00","0.00","38.86"
"115/09/02","114","4","2017","官田鋼","3983505.00","9668579.00","13652084.00","3733834.00","3486456.00","7220290.00","4468747.00","--","575758.00","-106110.00","70690.00","-269970.00","4739115.00","--","--","1692679.00","6431794.00","--","0.00","19752931.00","11.10"
"115/09/02","114","4","2020","美亞","6068622.00","3027225.00","9095847.00","3860353.00","747515.00","4607868.00","2670313.00","--","281622.00","1512738.00","10548.00","--","4475221.00","--","--","12758.00","4487979.00","--","0.00","0.00","16.76"
"115/09/02","114","4","2022","聚亨","5549318.00","4910123.00","10459441.00","2938695.00","545396.00","3484091.00","3371682.00","--","116094.00","-156343.00","102603.00","--","3434036.00","--","--","3541314.00","6975350.00","--","0.00","0.00","10.18"
"115/09/02","114","4","2023","燁輝","25487563.00","74038029.00","99525592.00","26675770.00","39750028.00","66425798.00","19032402.00","--","4389944.00","10168246.00","-507039.00","-363358.00","32720195.00","--","--","379599.00","33099794.00","0.00","0.00","24535000.00","17.42"
"115/09/02","114","4","2024","志聯","720313.00","933875.00","1654188.00","335318.00","204118.00","539436.00","975000.00","--","10708.00","129044.00","0.00","--","--","0.00","0.00","--","1114752.00","--","0.00","0.00","11.43"
"115/09/02","114","4","2025","千興","1404077.00","757400.00","2161477.00","716466.00","1647.00","718113.00","1726605.00","--","--","-288434.00","5193.00","--","--","--","--","--","1443364.00","--","0.00","0.00","8.36"
"115/09/02","114","4","2027","大成鋼","88298240.00","65218607.00","153516847.00","23666446.00","41334017.00","65000463.00","25842606.00","--","26560017.00","23031556.00","3140379.00","-3530662.00","75043896.00","--","--","13472488.00","88516384.00","--","0.00","232022155.00","31.90"
"115/09/02","114","4","2028","威致","3764551.00","4561889.00","8326440.00","1905395.00","1692842.00","3598237.00","3257148.00","--","--","1170123.00","341643.00","-40711.00","--","--","--","--","4728203.00","--","0.00","1693000.00","14.59"
"115/09/02","114","4","2029","盛餘","8161293.00","3158366.00","11319659.00","1065228.00","99665.00","1164893.00","3211800.00","--","1557969.00","5298480.00","7105.00","--","10075354.00","--","--","79412.00","10154766.00","0.00","0.00","0.00","31.37"
"115/09/02","114","4","2030","彰源","6140418.00","5302659.00","11443077.00","3873566.00","2667342.00","6540908.00","2805260.00","--","463471.00","1766738.00","-57381.00","-75919.00","4902169.00","--","--","--","4902169.00","--","0.00","4560000.00","17.76"
"115/09/02","114","4","2031","新光鋼","15194770.00","13523411.00","28718181.00","8917653.00","7343654.00","16261307.00","3211463.00","--","943445.00","6836001.00","746541.00","--","11737450.00","--","--","719424.00","12456874.00","--","0.00","0.00","36.55"
"115/09/02","114","4","2032","新鋼","1246171.00","918276.00","2164447.00","270992.00","140895.00","411887.00","1305215.00","--","107011.00","332075.00","8259.00","--","--","--","--","--","1752560.00","0.00","0.00","0.00","13.43"
"115/09/02","114","4","2033","佳大","434611.00","800430.00","1235041.00","159502.00","19008.00","178510.00","806945.00","--","18038.00","159582.00","71966.00","0.00","--","--","--","--","1056531.00","0.00","0.00","0.00","13.09"
"115/09/02","114","4","2034","允強","9325225.00","12613669.00","21938894.00","8193972.00","4064366.00","12258338.00","5289956.00","--","2024787.00","1492669.00","873144.00","--","9680556.00","--","--","--","9680556.00","--","0.00","0.00","18.49"
"115/09/02","114","4","2038","海光","4171238.00","5477588.00","9648826.00","2871802.00","2788026.00","5659828.00","1941343.00","--","396008.00","458031.00","991124.00","--","3786506.00","--","--","202492.00","3988998.00","--","0.00","0.00","19.50"
"115/09/02","114","4","2049","上銀","19863891.00","34312105.00","54175996.00","8529746.00","8172630.00","16702376.00","3537923.00","--","7479735.00","25162811.00","1165297.00","--","37345766.00","--","--","127854.00","37473620.00","--","0.00","0.00","105.56"
"115/09/02","114","4","2059","川湖","29989968.00","5093468.00","35083436.00","5366945.00","1690532.00","7057477.00","952971.00","--","796691.00","26263649.00","12648.00","--","28025959.00","--","--","--","28025959.00","--","0.00","0.00","294.09"
"115/09/02","114","4","2062","橋椿","5131012.00","6116284.00","11247296.00","2338428.00","1299723.00","3638151.00","1999942.00","--","1911126.00","3879802.00","-183545.00","--","7607325.00","--","--","1820.00","7609145.00","--","0.00","0.00","38.04"
"115/09/02","114","4","2069","運錩","3773280.00","5244365.00","9017645.00","3516342.00","1341671.00","4858013.00","1663868.00","--","1243130.00","1350884.00","-98250.00","0.00","4159632.00","--","--","--","4159632.00","--","0.00","0.00","25.00"
"115/09/02","114","4","2072","世紀風電","11977889.00","12341306.00","24319195.00","3018213.00","1609778.00","4627991.00","1700000.00","--","14930416.00","3058388.00","--","--","19688804.00","--","--","2400.00","19691204.00","--","0.00","0.00","115.82"
"115/09/02","114","4","2101","南港","42473461.00","11806786.00","54280247.00","26917183.00","14696591.00","41613774.00","7339349.00","--","293222.00","4981547.00","290498.00","-238143.00","12666473.00","--","--","0.00","12666473.00","--","0.00","5807595.00","17.40"
"115/09/02","114","4","2102","泰豐","3443464.00","8841744.00","12285208.00","319673.00","2317971.00","2637644.00","4733292.00","--","164214.00","160238.00","4772855.00","-183035.00","9647564.00","--","--","--","9647564.00","--","0.00","13755607.00","20.99"
"115/09/02","114","4","2103","台橡","19733163.00","23525768.00","43258931.00","10542917.00","11204152.00","21747069.00","8257099.00","--","57766.00","9387027.00","2253334.00","--","19955226.00","--","--","1556636.00","21511862.00","--","0.00","0.00","24.17"
"115/09/02","114","4","2104","國際中橡","22159863.00","27025721.00","49185584.00","16268325.00","7409339.00","23677664.00","9847336.00","--","9237013.00","3818417.00","1519439.00","-290088.00","24132117.00","--","--","1375803.00","25507920.00","--","0.00","14734663.00","24.88"
"115/09/02","114","4","2105","正新","70082889.00","72798635.00","142881524.00","21964566.00","33382245.00","55346811.00","32414155.00","--","116376.00","58558675.00","-4108122.00","--","86981084.00","--","--","553629.00","87534713.00","0.00","0.00","0.00","26.83"
"115/09/02","114","4","2106","建大","24410111.00","21083012.00","45493123.00","8994066.00","16940067.00","25934133.00","9548900.00","--","41.00","10525370.00","-515321.00","--","19558990.00","--","--","--","19558990.00","--","0.00","0.00","20.48"
"115/09/02","114","4","2107","厚生","10661095.00","4753734.00","15414829.00","1455890.00","475984.00","1931874.00","3035934.00","--","449745.00","9044961.00","952315.00","--","13482955.00","--","--","--","13482955.00","--","0.00","0.00","44.41"
"115/09/02","114","4","2108","南帝","13777847.00","4579736.00","18357583.00","1290712.00","586703.00","1877415.00","4924167.00","--","51421.00","9325274.00","135787.00","--","14436649.00","--","--","2043519.00","16480168.00","0.00","0.00","0.00","29.32"
"115/09/02","114","4","2109","華豐","4988886.00","3565634.00","8554520.00","2018384.00","1308089.00","3326473.00","2793492.00","--","83501.00","582208.00","42027.00","--","3501228.00","--","--","1726819.00","5228047.00","0.00","0.00","0.00","12.53"
"115/09/02","114","4","2114","鑫永銓","2361037.00","1444482.00","3805519.00","402549.00","231336.00","633885.00","779918.00","--","268039.00","2123677.00","--","--","--","--","--","--","3171634.00","0.00","0.00","0.00","40.67"
"115/09/02","114","4","2115","六暉-KY","2268512.00","2372790.00","4641302.00","715434.00","685278.00","1400712.00","1043732.00","--","394003.00","2098229.00","-313925.00","--","3222039.00","--","--","18551.00","3240590.00","0.00","0.00","0.00","30.87"
"115/09/02","114","4","2201","裕隆","257376995.00","109569557.00","366946552.00","257086727.00","15956432.00","273043159.00","10700013.00","--","16093643.00","35595757.00","1232454.00","-376301.00","63245566.00","--","--","30657827.00","93903393.00","--","0.00","7526431.00","59.53"
"115/09/02","114","4","2204","中華","14331334.00","39709878.00","54041212.00","11151762.00","1136525.00","12288287.00","5536203.00","--","7458794.00","24982900.00","-88877.00","--","37889020.00","--","--","3863905.00","41752925.00","--","0.00","0.00","68.44"
"115/09/02","114","4","2206","三陽工業","35774386.00","61363804.00","97138190.00","23537929.00","31298083.00","54836012.00","7836756.00","--","1717409.00","17902162.00","-1005652.00","-132816.00","26317859.00","--","--","15984319.00","42302178.00","0.00","0.00","5332452.00","33.81"
"115/09/02","114","4","2208","台船","26999483.00","19418042.00","46417525.00","23693987.00","15585088.00","39279075.00","12745394.00","--","0.00","-5637910.00","74119.00","--","7181603.00","--","--","-43153.00","7138450.00","0.00","0.00","0.00","5.63"
"115/09/02","114","4","2211","長榮鋼","15725713.00","23726153.00","39451866.00","5974392.00","2522714.00","8497106.00","4170915.00","--","1319807.00","13578273.00","8251502.00","--","27320497.00","--","--","3634263.00","30954760.00","--","0.00","0.00","65.50"
"115/09/02","114","4","2227","裕日車","7115242.00","15729080.00","22844322.00","1669310.00","3083873.00","4753183.00","3000000.00","--","5988968.00","10068246.00","-966075.00","--","18091139.00","--","--","--","18091139.00","--","0.00","0.00","60.30"
"115/09/02","114","4","2228","劍麟","3742265.00","2992707.00","6734972.00","740475.00","965979.00","1706454.00","797797.00","--","1199549.00","3179939.00","-148767.00","--","5028518.00","--","--","--","5028518.00","0.00","0.00","0.00","63.03"
"115/09/02","114","4","2231","為升","6048231.00","4884907.00","10933138.00","3886429.00","2601755.00","6488184.00","1359319.00","--","409024.00","1608127.00","-8933.00","0.00","3367537.00","--","--","1077417.00","4444954.00","0.00","0.00","0.00","24.77"
"115/09/02","114","4","2233","宇隆","3292592.00","3331979.00","6624571.00","2092941.00","566553.00","2659494.00","602881.00","--","818217.00","2645442.00","-105796.00","--","3960744.00","--","--","4333.00","3965077.00","--","0.00","0.00","65.70"
"115/09/02","114","4","2236","百達-KY","5239510.00","2790843.00","8030353.00","3609647.00","2114590.00","5724237.00","614017.00","--","1247857.00","479427.00","-151012.00","--","2190289.00","--","--","115827.00","2306116.00","--","0.00","0.00","35.67"
"115/09/02","114","4","2237","華德動能-創","2897137.00","665322.00","3562459.00","2028180.00","310379.00","2338559.00","1217729.00","--","17089.00","28240.00","-39158.00","--","1223900.00","--","--","0.00","1223900.00","0.00","0.00","0.00","10.05"
"115/09/02","114","4","2239","英利-KY","18804515.00","17045957.00","35850472.00","12149524.00","6241660.00","18391184.00","1203466.00","--","9372102.00","1998472.00","-1076876.00","-64027.00","11433137.00","--","--","6026151.00","17459288.00","0.00","0.00","1874000.00","96.50"
"115/09/02","114","4","2241","艾姆勒","834871.00","1448965.00","2283836.00","375711.00","390397.00","766108.00","1046023.00","--","1094433.00","-803885.00","5916.00","--","1342487.00","--","--","175241.00","1517728.00","0.00","0.00","0.00","12.83"
"115/09/02","114","4","2243","宏旭-KY","2765574.00","615643.00","3381217.00","2402303.00","171821.00","2574124.00","693736.00","--","622308.00","-472076.00","-36875.00","--","807093.00","--","--","--","807093.00","0.00","0.00","0.00","11.63"
"115/09/02","114","4","2247","汎德永業","11616737.00","10149817.00","21766554.00","4210273.00","4708795.00","8919068.00","807087.00","--","4354675.00","7651873.00","33851.00","--","12847486.00","--","--","--","12847486.00","--","0.00","0.00","159.18"
"115/09/02","114","4","2248","華勝-KY","2384081.00","642757.00","3026838.00","1336121.00","29339.00","1365460.00","476000.00","--","492853.00","695749.00","-3224.00","--","1661378.00","--","--","--","1661378.00","--","0.00","0.00","34.90"
"115/09/02","114","4","2250","IKKA-KY","2590251.00","977431.00","3567682.00","1062900.00","399413.00","1462313.00","363882.00","--","1110072.00","782796.00","-151381.00","--","2105369.00","0.00","--","0.00","2105369.00","0.00","0.00","0.00","57.86"
"115/09/02","114","4","2254","巨鎧精密-創","201177.00","1976753.00","2177930.00","645101.00","432414.00","1077515.00","639077.00","--","288799.00","-53391.00","235872.00","-9942.00","1100415.00","--","--","--","1100415.00","0.00","0.00","153000.00","17.26"
"115/09/02","114","4","2258","鴻華先進-創","3645474.00","13312798.00","16958272.00","2480815.00","1089238.00","3570053.00","17493813.00","--","6076409.00","-10181151.00","-852.00","--","13388219.00","--","--","--","13388219.00","0.00","1125100.00","0.00","7.65"
"115/09/02","114","4","2301","光寶科","164020954.00","41666429.00","205687383.00","109597232.00","6111358.00","115708590.00","23167758.00","--","21560557.00","49832936.00","-2012223.00","-2726963.00","89822065.00","--","--","156728.00","89978793.00","--","0.00","47004221.00","39.57"
"115/09/02","114","4","2302","麗正","1022283.00","1583857.00","2606140.00","724922.00","73064.00","797986.00","1663029.00","--","9.00","264669.00","-119553.00","--","1808154.00","--","--","0.00","1808154.00","--","0.00","0.00","10.87"
"115/09/02","114","4","2303","聯電","204783258.00","374212751.00","578996009.00","87598137.00","111542432.00","199140569.00","125881563.00","--","15409600.00","232882973.00","5594129.00","--","379768265.00","--","--","87175.00","379855440.00","--","0.00","0.00","30.17"
"115/09/02","114","4","2305","全友","1578520.00","1458642.00","3037162.00","314984.00","319017.00","634001.00","2056608.00","--","0.00","13231.00","268182.00","-49781.00","2288240.00","--","--","114921.00","2403161.00","0.00","0.00","2934365.00","11.29"
"115/09/02","114","4","2308","台達電","395780787.00","243837813.00","639618600.00","209664989.00","104564608.00","314229597.00","25975433.00","--","55072097.00","183526435.00","3484011.00","--","268057976.00","--","--","57331027.00","325389003.00","0.00","0.00","0.00","103.20"
"115/09/02","114","4","2312","金寶","77113479.00","41087354.00","118200833.00","65372240.00","16215882.00","81588122.00","15054852.00","--","1828266.00","3126079.00","2718648.00","0.00","22727845.00","--","--","13884866.00","36612711.00","--","0.00","0.00","15.10"
"115/09/02","114","4","2313","華通","50935396.00","39561637.00","90497033.00","30575905.00","12058458.00","42634363.00","11918206.00","--","1060226.00","34157929.00","726309.00","--","47862670.00","--","--","--","47862670.00","0.00","0.00","0.00","40.16"
"115/09/02","114","4","2314","台揚","1858834.00","1444447.00","3303281.00","2584267.00","583535.00","3167802.00","1061264.00","--","1092095.00","-1728751.00","-289129.00","--","135479.00","--","--","--","135479.00","--","0.00","0.00","1.28"
"115/09/02","114","4","2316","楠梓電","6806002.00","11620029.00","18426031.00","2875394.00","2974844.00","5850238.00","1827405.00","--","659646.00","10319588.00","-137829.00","-93017.00","12575793.00","--","--","--","12575793.00","--","0.00","1306059.00","69.31"
"115/09/02","114","4","2317","鴻海","3961827499.00","1142844724.00","5104672223.00","2710848518.00","423060350.00","3133908868.00","140034032.00","--","226699123.00","1459373480.00","-53319814.00","-15194.00","1772771627.00","--","--","197991728.00","1970763355.00","0.00","0.00","1483078.00","126.96"
"115/09/02","114","4","2321","東訊","641162.00","584711.00","1225873.00","398879.00","382835.00","781714.00","302719.00","--","0.00","-137169.00","27112.00","0.00","192662.00","--","--","251497.00","444159.00","0.00","0.00","0.00","6.36"
"115/09/02","114","4","2323","中環","18093228.00","10728972.00","28822200.00","5354215.00","3880668.00","9234883.00","10893483.00","--","6432218.00","1733284.00","191661.00","--","19250646.00","--","--","336671.00","19587317.00","0.00","0.00","0.00","17.67"
"115/09/02","114","4","2324","仁寶","360805145.00","78102132.00","438907277.00","268621676.00","22608693.00","291230369.00","44071466.00","--","3681169.00","78307765.00","6628737.00","-881247.00","131807890.00","--","--","15869018.00","147676908.00","--","0.00","50017431.00","30.25"
"115/09/02","114","4","2327","國巨*","165345817.00","225443338.00","390789155.00","136079356.00","80713247.00","216792603.00","5182415.00","--","47868090.00","114140896.00","5717142.00","-2030720.00","170877823.00","--","--","3118729.00","173996552.00","--","0.00","16568120.00","83.10"
"115/09/02","114","4","2328","廣宇","17403062.00","6653669.00","24056731.00","6306505.00","496795.00","6803300.00","5183462.00","--","1503606.00","9183576.00","-957155.00","--","14913489.00","--","--","2339942.00","17253431.00","0.00","0.00","0.00","28.77"
"115/09/02","114","4","2329","華泰","10681781.00","10032449.00","20714230.00","7939025.00","1621007.00","9560032.00","6590043.00","--","375146.00","4621252.00","-432243.00","--","11154198.00","--","--","--","11154198.00","0.00","0.00","0.00","16.93"
"115/09/02","114","4","2330","台積電","3817130817.00","4115893061.00","7933023878.00","1458019289.00","1014209306.00","2472228595.00","259325245.00","--","73445601.00","5103501560.00","-16676412.00","0.00","5419595994.00","--","--","41199289.00","5460795283.00","--","0.00","0.00","208.99"
"115/09/02","114","4","2331","精英","15274125.00","7577041.00","22851166.00","11164258.00","911748.00","12076006.00","5574030.00","--","5437323.00","1910418.00","-2155996.00","--","10765775.00","--","--","9385.00","10775160.00","0.00","0.00","0.00","19.31"
"115/09/02","114","4","2332","友訊","10421882.00","5401627.00","15823509.00","4251770.00","818449.00","5070219.00","6022424.00","--","1349634.00","2524090.00","-1517707.00","-82823.00","8295618.00","--","--","2457672.00","10753290.00","0.00","0.00","5434069.00","13.90"
"115/09/02","114","4","2337","旺宏","29425027.00","49075358.00","78500385.00","12403846.00","20288938.00","32692784.00","19310828.00","--","1471888.00","20129654.00","5049176.00","-159061.00","45802485.00","--","--","5116.00","45807601.00","--","73734642.00","1956619.00","23.74"
"115/09/02","114","4","2338","光罩","5276718.00","12203379.00","17480097.00","8309868.00","4824084.00","13133952.00","3168492.00","--","2305149.00","-320925.00","18396.00","-891759.00","4279353.00","--","--","66792.00","4346145.00","--","0.00","39816440.00","15.45"
"115/09/02","114","4","2340","台亞","5589526.00","9111282.00","14700808.00","3985559.00","3649181.00","7634740.00","4386228.00","--","1810974.00","424039.00","-41078.00","-23172.00","6556991.00","--","--","509077.00","7066068.00","--","0.00","754543.00","14.97"
"115/09/02","114","4","2342","茂矽","1526630.00","1621960.00","3148590.00","511057.00","280251.00","791308.00","1575247.00","--","601082.00","250864.00","-90702.00","--","2336491.00","--","--","20791.00","2357282.00","0.00","0.00","0.00","14.83"
"115/09/02","114","4","2344","華邦電","73191129.00","119000938.00","192192067.00","46615224.00","31446712.00","78061936.00","45000002.00","--","13751860.00","31692818.00","17491287.00","--","107935967.00","--","--","6194164.00","114130131.00","--","0.00","0.00","23.99"
"115/09/02","114","4","2345","智邦","121067470.00","22163609.00","143231079.00","82183538.00","3412358.00","85595896.00","5611179.00","--","915072.00","47196377.00","3867901.00","-50999.00","57539530.00","--","--","95653.00","57635183.00","--","0.00","2209867.00","102.95"
"115/09/02","114","4","2347","聯強","177512804.00","39910391.00","217423195.00","117635002.00","16555148.00","134190150.00","16679470.00","--","13482574.00","56754973.00","-6724727.00","--","80192290.00","--","--","3040755.00","83233045.00","0.00","0.00","0.00","48.08"
"115/09/02","114","4","2348","海悅","35452905.00","12484272.00","47937177.00","14435262.00","22984351.00","37419613.00","1818989.00","--","1353898.00","4738860.00","439515.00","-10295.00","8340967.00","--","--","2176597.00","10517564.00","0.00","0.00","164000.00","45.90"
"115/09/02","114","4","2349","錸德","7640582.00","10593741.00","18234323.00","3540835.00","5299936.00","8840771.00","6936797.00","--","1291197.00","-2023999.00","-807557.00","--","5396438.00","--","--","3997114.00","9393552.00","0.00","0.00","0.00","7.78"
"115/09/02","114","4","2351","順德","7068335.00","5668094.00","12736429.00","3268823.00","2190130.00","5458953.00","1821403.00","--","579533.00","4655688.00","-95403.00","--","6961221.00","--","--","316255.00","7277476.00","0.00","0.00","0.00","38.22"
"115/09/02","114","4","2352","佳世達","119192644.00","85997394.00","205190038.00","101781398.00","42977551.00","144758949.00","15805065.00","--","2458323.00","16507840.00","-6252289.00","--","28518939.00","--","--","31912150.00","60431089.00","--","0.00","0.00","18.04"
"115/09/02","114","4","2353","宏��","173578255.00","81035406.00","254613661.00","126925047.00","29450867.00","156375914.00","30478538.00","--","27963060.00","18424400.00","1446925.00","-2712774.00","75600149.00","--","--","22637598.00","98237747.00","0.00","0.00","41646290.00","25.15"
"115/09/02","114","4","2354","鴻準","124644080.00","33977941.00","158622021.00","50394844.00","1427830.00","51822674.00","14144852.00","--","7594524.00","94457953.00","-8911924.00","--","107285405.00","--","--","-486058.00","106799347.00","0.00","0.00","0.00","75.85"
"115/09/02","114","4","2355","敬鵬","13238316.00","10928207.00","24166523.00","5620563.00","1275430.00","6895993.00","3974954.00","--","1580768.00","11607434.00","106611.00","--","17269767.00","--","--","763.00","17270530.00","0.00","0.00","0.00","43.45"
"115/09/02","114","4","2356","英業達","271453681.00","60218434.00","331672115.00","236313671.00","18910385.00","255224056.00","35874751.00","--","2892430.00","38508122.00","-1098291.00","--","76177012.00","--","--","271047.00","76448059.00","0.00","0.00","0.00","21.23"
"115/09/02","114","4","2357","華碩","453833805.00","177822914.00","631656719.00","307346983.00","26746539.00","334093522.00","7427603.00","--","17376367.00","202003902.00","41489046.00","--","268296918.00","--","--","29266279.00","297563197.00","--","--","--","361.22"
"115/09/02","114","4","2359","所羅門","8026928.00","2074617.00","10101545.00","3558783.00","271664.00","3830447.00","1714711.00","--","911351.00","3283995.00","-135037.00","-6042.00","5768978.00","--","--","502120.00","6271098.00","0.00","0.00","100432.00","33.66"
"115/09/02","114","4","2360","致茂","26125666.00","21024386.00","47150052.00","9159193.00","5428288.00","14587481.00","4252457.00","--","4212580.00","22825134.00","638429.00","-30868.00","31897732.00","--","--","664839.00","32562571.00","--","0.00","1654579.00","75.30"
"115/09/02","114","4","2362","藍天","19627723.00","81182285.00","100810008.00","15388220.00","42064128.00","57452348.00","6222630.00","--","124905.00","40531589.00","-2648022.00","-873442.00","43357660.00","--","--","--","43357660.00","0.00","0.00","44263265.00","75.01"
"115/09/02","114","4","2363","矽統","4604660.00","15847267.00","20451927.00","1386634.00","652524.00","2039158.00","5149882.00","--","1805591.00","5021959.00","6318923.00","--","18296355.00","--","--","116414.00","18412769.00","--","0.00","1.00","35.53"
"115/09/02","114","4","2364","倫飛","923044.00","594476.00","1517520.00","651004.00","55948.00","706952.00","523897.00","--","35.00","286659.00","29279.00","0.00","839870.00","--","--","-29302.00","810568.00","0.00","0.00","0.00","16.03"
"115/09/02","114","4","2365","昆盈","1762559.00","1777400.00","3539959.00","190105.00","256886.00","446991.00","2215285.00","--","227517.00","1198507.00","-591390.00","--","3049919.00","--","--","43049.00","3092968.00","--","0.00","0.00","13.77"
"115/09/02","114","4","2367","燿華","8204863.00","16594010.00","24798873.00","8046250.00","3894402.00","11940652.00","7062532.00","--","4046665.00","1722723.00","26301.00","0.00","12858221.00","--","--","--","12858221.00","0.00","0.00","0.00","18.21"
"115/09/02","114","4","2368","金像電","56337465.00","19408883.00","75746348.00","27553834.00","14711355.00","42265189.00","5105289.00","--","7638945.00","20356883.00","472796.00","-92754.00","33481159.00","--","--","--","33481159.00","--","5398949.00","5151375.00","66.25"
"115/09/02","114","4","2369","菱生","3828563.00","3767989.00","7596552.00","1607142.00","1010915.00","2618057.00","3801023.00","--","1042313.00","158115.00","-23823.00","-176415.00","4801213.00","--","--","177282.00","4978495.00","--","0.00","5658911.00","12.82"
"115/09/02","114","4","2371","大同","73223464.00","72619296.00","145842760.00","32644265.00","59049525.00","91693790.00","21508349.00","--","3791183.00","18700293.00","4485192.00","-2215590.00","46269427.00","--","--","7879543.00","54148970.00","0.00","0.00","104778243.00","22.61"
"115/09/02","114","4","2373","震旦行","9686592.00","8136997.00","17823589.00","4766622.00","4275936.00","9042558.00","2362025.00","--","1963831.00","4169821.00","-226905.00","-791826.00","7476946.00","--","--","1304085.00","8781031.00","--","0.00","12496797.00","33.42"
"115/09/02","114","4","2374","佳能","6190023.00","6198982.00","12389005.00","4051749.00","31599.00","4083348.00","3245791.00","--","1410209.00","3281877.00","94189.00","-36.00","8032030.00","--","--","273627.00","8305657.00","--","0.00","3600.00","24.75"
"115/09/02","114","4","2375","凱美","6530483.00","8024809.00","14555292.00","4063675.00","620381.00","4684056.00","1086753.00","--","4732931.00","4221778.00","-170226.00","--","9871236.00","--","--","--","9871236.00","0.00","0.00","0.00","90.83"
"115/09/02","114","4","2376","技嘉","144263268.00","11862328.00","156125596.00","84483661.00","10442732.00","94926393.00","6698889.00","--","14018015.00","37995456.00","387800.00","--","59100160.00","--","--","2099043.00","61199203.00","0.00","0.00","0.00","88.22"
"115/09/02","114","4","2377","微星","108601380.00","12353226.00","120954606.00","58874927.00","7477290.00","66352217.00","8448562.00","--","806619.00","45614913.00","-267705.00","--","54602389.00","--","--","--","54602389.00","0.00","0.00","0.00","64.63"
"115/09/02","114","4","2379","瑞昱","97357079.00","32546284.00","129903363.00","74755910.00","2935367.00","77691277.00","5155126.00","--","1623486.00","42615429.00","2808327.00","--","52202368.00","--","--","9718.00","52212086.00","0.00","0.00","0.00","101.26"
"115/09/02","114","4","2380","虹光","1691964.00","801131.00","2493095.00","1661275.00","271307.00","1932582.00","2169341.00","--","109311.00","-1682987.00","-30233.00","-6669.00","558763.00","--","--","1750.00","560513.00","0.00","0.00","195879.00","2.58"
"115/09/02","114","4","2382","廣達","1232064478.00","111047265.00","1343111743.00","1014155284.00","73211959.00","1087367243.00","38626274.00","--","21155830.00","185322339.00","-1194320.00","-333094.00","243577029.00","--","--","12167471.00","255744500.00","0.00","0.00","8108885.00","63.19"
"115/09/02","114","4","2383","台光電","73979669.00","33932867.00","107912536.00","46230740.00","11246591.00","57477331.00","3583211.00","--","11521350.00","34744370.00","606572.00","--","50455503.00","--","--","-20298.00","50435205.00","0.00","0.00","0.00","140.81"
"115/09/02","114","4","2385","群光","73393667.00","27601558.00","100995225.00","48018775.00","690281.00","48709056.00","7600532.00","--","10671582.00","26822817.00","-488408.00","-273574.00","44332949.00","--","--","7953220.00","52286169.00","0.00","0.00","32363233.00","60.92"
"115/09/02","114","4","2387","精元","15452098.00","4680254.00","20132352.00","7769264.00","688666.00","8457930.00","1952510.00","--","133022.00","9169542.00","-625050.00","-23737.00","10606287.00","--","--","1068135.00","11674422.00","0.00","0.00","1730000.00","54.81"
"115/09/02","114","4","2388","威盛","24740041.00","11201582.00","35941623.00","11582795.00","1565451.00","13148246.00","5559083.00","--","7296114.00","7912427.00","584767.00","--","21352391.00","--","--","1440986.00","22793377.00","--","115000.00","0.00","38.42"
"115/09/02","114","4","2390","云辰","1619457.00","1087642.00","2707099.00","372898.00","11713.00","384611.00","1926194.00","--","616926.00","-175971.00","-44661.00","--","2322488.00","--","--","0.00","2322488.00","--","0.00","0.00","12.06"
"115/09/02","114","4","2392","正崴","65959979.00","56078009.00","122037988.00","75701520.00","21446288.00","97147808.00","5123269.00","--","11379482.00","7954261.00","-1824118.00","-622774.00","22010120.00","--","--","2880060.00","24890180.00","0.00","0.00","49503000.00","47.56"
"115/09/02","114","4","2393","億光","19640764.00","9958470.00","29599234.00","8166316.00","923002.00","9089318.00","4433931.00","--","8818972.00","7346684.00","-628505.00","--","19971082.00","--","--","538834.00","20509916.00","--","0.00","0.00","45.04"
"115/09/02","114","4","2395","研華","42495527.00","33221997.00","75717524.00","16517343.00","4150916.00","20668259.00","8658303.00","--","12057154.00","33162960.00","1069064.00","--","54947481.00","--","--","101784.00","55049265.00","--","640500.00","0.00","63.46"
"115/09/02","114","4","2397","友通","7367275.00","4988802.00","12356077.00","4635956.00","2018181.00","6654137.00","1144889.00","--","898872.00","1432841.00","-73691.00","--","3402911.00","--","--","2299029.00","5701940.00","0.00","0.00","0.00","29.72"
"115/09/02","114","4","2399","映泰","2136029.00","489373.00","2625402.00","381020.00","43592.00","424612.00","1781000.00","--","66778.00","338618.00","14394.00","--","2200790.00","--","--","--","2200790.00","--","0.00","0.00","12.36"
"115/09/02","114","4","2401","凌陽","8324345.00","5675115.00","13999460.00","1850364.00","1557518.00","3407882.00","5919949.00","--","1136189.00","1716444.00","-497699.00","-63401.00","8211482.00","--","--","2380096.00","10591578.00","--","0.00","3559996.00","13.95"
"115/09/02","114","4","2402","毅嘉","8972307.00","6418638.00","15390945.00","5278001.00","2705995.00","7983996.00","3075366.00","--","2312152.00","1988856.00","30575.00","0.00","7406949.00","--","--","--","7406949.00","--","0.00","0.00","24.08"
"115/09/02","114","4","2404","漢唐","74746288.00","4076674.00","78822962.00","58888523.00","1066994.00","59955517.00","1905867.00","--","592369.00","15920502.00","531271.00","-325240.00","18624769.00","--","--","242676.00","18867445.00","0.00","0.00","2000000.00","98.76"
"115/09/02","114","4","2405","輔信","1874890.00","2514517.00","4389407.00","663492.00","131373.00","794865.00","3434273.00","--","36688.00","57415.00","-44553.00","--","3483823.00","--","--","110719.00","3594542.00","--","0.00","0.00","10.14"
"115/09/02","114","4","2406","國碩","6275187.00","10191364.00","16466551.00","3048608.00","5037416.00","8086024.00","3509057.00","--","351158.00","-154388.00","-137630.00","--","3568197.00","--","--","4812330.00","8380527.00","--","0.00","0.00","10.17"
"115/09/02","114","4","2408","南亞科","108540791.00","99911927.00","208452718.00","19019912.00","18894450.00","37914362.00","30986279.00","--","33080785.00","104101855.00","2230933.00","--","170399852.00","--","--","138504.00","170538356.00","0.00","0.00","0.00","54.99"
"115/09/02","114","4","2409","友達","138128946.00","243894101.00","382023047.00","123527758.00","94654739.00","218182497.00","75470990.00","--","45872842.00","34863188.00","-4207576.00","0.00","151999444.00","0.00","--","11841106.00","163840550.00","--","0.00","0.00","20.14"
"115/09/02","114","4","2412","中華電","117371085.00","418500866.00","535871951.00","78942022.00","56139853.00","135081875.00","77574465.00","--","172450886.00","135212191.00","1020169.00","--","386257711.00","--","--","14532365.00","400790076.00","--","0.00","0.00","49.79"
"115/09/02","114","4","2413","環科","2711573.00","1451200.00","4162773.00","1090703.00","1057679.00","2148382.00","1273592.00","--","420995.00","728344.00","-408916.00","0.00","2014015.00","--","--","376.00","2014391.00","--","0.00","0.00","15.81"
"115/09/02","114","4","2414","精技","8554500.00","1789238.00","10343738.00","5726326.00","225693.00","5952019.00","1617358.00","--","296159.00","1321709.00","-7705.00","--","3227521.00","--","--","1164198.00","4391719.00","--","0.00","0.00","19.96"
"115/09/02","114","4","2415","錩新","8277257.00","1617897.00","9895154.00","6102484.00","704053.00","6806537.00","900000.00","--","213854.00","618658.00","-39337.00","--","1693175.00","--","--","1395442.00","3088617.00","--","0.00","0.00","18.81"
"115/09/02","114","4","2417","圓剛","3357762.00","2355370.00","5713132.00","1494716.00","323125.00","1817841.00","1572939.00","--","741182.00","1097767.00","-7003.00","-639104.00","2765781.00","0.00","--","1129510.00","3895291.00","0.00","0.00","27193600.00","21.26"
"115/09/02","114","4","2419","仲琦","8866618.00","2127429.00","10994047.00","4486510.00","398941.00","4885451.00","3213172.00","--","1153471.00","184553.00","190586.00","--","4741782.00","--","--","1366814.00","6108596.00","0.00","0.00","0.00","14.76"
"115/09/02","114","4","2420","新巨","2273025.00","3336345.00","5609370.00","628254.00","985192.00","1613446.00","1526487.00","--","138051.00","2312051.00","830.00","--","3977419.00","--","--","18505.00","3995924.00","--","0.00","0.00","26.06"
"115/09/02","114","4","2421","建準","13193298.00","4233230.00","17426528.00","7189031.00","1350410.00","8539441.00","2734437.00","--","1518788.00","4956126.00","-244321.00","-77943.00","8887087.00","0.00","--","0.00","8887087.00","--","0.00","904000.00","32.61"
"115/09/02","114","4","2423","固緯","2422190.00","1315827.00","3738017.00","653183.00","121118.00","774301.00","1450472.00","--","4157.00","1632956.00","-123869.00","--","2963716.00","--","--","--","2963716.00","0.00","0.00","0.00","20.43"
"115/09/02","114","4","2424","隴華","234968.00","258559.00","493527.00","117963.00","41618.00","159581.00","595850.00","--","11760.00","-298679.00","2020.00","--","310951.00","--","--","22995.00","333946.00","0.00","0.00","0.00","5.22"
"115/09/02","114","4","2425","承啟","4854743.00","181412.00","5036155.00","2071475.00","92174.00","2163649.00","964988.00","--","100.00","1439521.00","18679.00","--","2423288.00","--","--","449218.00","2872506.00","0.00","0.00","0.00","25.11"
"115/09/02","114","4","2426","鼎元","2591456.00","2042868.00","4634324.00","782298.00","82309.00","864607.00","3006223.00","--","266729.00","532250.00","-35485.00","--","3769717.00","--","--","0.00","3769717.00","--","0.00","0.00","12.54"
"115/09/02","114","4","2427","三商電","4717654.00","2300630.00","7018284.00","2260935.00","1466936.00","3727871.00","1979996.00","--","343523.00","903361.00","63533.00","--","3290413.00","--","--","0.00","3290413.00","--","0.00","0.00","16.62"
"115/09/02","114","4","2428","興勤","10614414.00","5962499.00","16576913.00","2870001.00","2425924.00","5295925.00","1281127.00","--","352907.00","9553162.00","-13137.00","--","11174059.00","--","--","106929.00","11280988.00","--","0.00","0.00","87.22"
"115/09/02","114","4","2429","銘旺科","487995.00","1261454.00","1749449.00","419354.00","546590.00","965944.00","855000.00","--","451199.00","-522015.00","-13214.00","--","770970.00","--","--","12535.00","783505.00","--","0.00","0.00","9.02"
"115/09/02","114","4","2430","燦坤","3652551.00","9173151.00","12825702.00","4237975.00","4179175.00","8417150.00","1168000.00","--","1250840.00","2060970.00","-71258.00","--","4408552.00","--","--","--","4408552.00","--","0.00","0.00","37.74"
"115/09/02","114","4","2431","聯昌","1000795.00","295722.00","1296517.00","184661.00","24404.00","209065.00","1109270.00","--","159338.00","-132931.00","-48225.00","--","1087452.00","--","--","--","1087452.00","0.00","0.00","0.00","9.80"
"115/09/02","114","4","2432","倚天酷��-創","1488076.00","212311.00","1700387.00","488430.00","26470.00","514900.00","618600.00","--","422373.00","254064.00","-109550.00","--","1185487.00","0.00","--","--","1185487.00","0.00","0.00","0.00","19.16"
"115/09/02","114","4","2433","互盛電","3711568.00","3618875.00","7330443.00","1790249.00","1435977.00","3226226.00","1444960.00","--","42643.00","1535358.00","324297.00","--","3347258.00","--","--","756959.00","4104217.00","--","0.00","0.00","23.17"
"115/09/02","114","4","2434","統懋","159774.00","543748.00","703522.00","113831.00","118235.00","232066.00","370000.00","--","101419.00","6014.00","-5977.00","--","471456.00","--","--","--","471456.00","--","0.00","0.00","12.74"
"115/09/02","114","4","2436","偉詮電","4705956.00","1426871.00","6132827.00","1818570.00","160453.00","1979023.00","1999281.00","--","1398157.00","979265.00","-40597.00","-193745.00","4142361.00","--","--","11443.00","4153804.00","0.00","0.00","2822000.00","21.02"
"115/09/02","114","4","2438","翔耀","723861.00","1080438.00","1804299.00","766653.00","473370.00","1240023.00","651956.00","--","77328.00","-334426.00","-52604.00","-17920.00","324334.00","--","--","239942.00","564276.00","--","0.00","3000000.00","5.21"
"115/09/02","114","4","2439","美律","31548152.00","13246417.00","44794569.00","20331321.00","5375423.00","25706744.00","2538269.00","--","8480217.00","7310841.00","-780006.00","--","17549321.00","--","--","1538504.00","19087825.00","0.00","0.00","0.00","69.14"
"115/09/02","114","4","2440","太空梭","2005592.00","822297.00","2827889.00","1165031.00","86333.00","1251364.00","1391173.00","--","5109.00","-225873.00","406116.00","--","1576525.00","--","--","--","1576525.00","--","0.00","0.00","11.33"
"115/09/02","114","4","2441","超豐","11474881.00","16554121.00","28029002.00","3589259.00","285715.00","3874974.00","5688459.00","--","2775.00","17091073.00","1369887.00","--","24152194.00","--","--","1834.00","24154028.00","--","0.00","0.00","42.46"
"115/09/02","114","4","2442","新美齊","23091884.00","2335974.00","25427858.00","16312790.00","1307400.00","17620190.00","2752321.00","--","211611.00","3279726.00","-56842.00","--","6186816.00","--","--","1620852.00","7807668.00","0.00","0.00","0.00","22.48"
"115/09/02","114","4","2444","兆勁","1064055.00","761072.00","1825127.00","546837.00","482157.00","1028994.00","1015696.00","--","142333.00","-356565.00","-10331.00","0.00","791133.00","0.00","--","5000.00","796133.00","--","0.00","0.00","7.79"
"115/09/02","114","4","2449","京元電子","28919291.00","72258660.00","101177951.00","15919138.00","34821064.00","50740202.00","12227451.00","--","5080949.00","28247357.00","4873563.00","--","50429320.00","--","--","8429.00","50437749.00","--","0.00","0.00","41.24"
"115/09/02","114","4","2450","神腦","7103734.00","3589800.00","10693534.00","3889511.00","355212.00","4244723.00","2582527.00","--","738199.00","3148517.00","-29116.00","--","6440127.00","--","--","8684.00","6448811.00","--","0.00","0.00","24.94"
"115/09/02","114","4","2451","創見","19684473.00","6541755.00","26226228.00","2972836.00","232432.00","3205268.00","4307017.00","--","2757673.00","15975162.00","-18892.00","--","23020960.00","--","--","--","23020960.00","0.00","0.00","0.00","53.45"
"115/09/02","114","4","2453","凌群","3781670.00","728922.00","4510592.00","2187001.00","76763.00","2263764.00","1000000.00","--","2245.00","1196124.00","37663.00","0.00","2236032.00","--","--","10796.00","2246828.00","0.00","0.00","0.00","22.36"
"115/09/02","114","4","2454","聯發科","397456191.00","346328614.00","743784805.00","303349808.00","31239976.00","334589784.00","16039122.00","--","34599724.00","319539036.00","30479076.00","-55970.00","400600988.00","--","--","8594033.00","409195021.00","--","0.00","7794085.00","250.98"
"115/09/02","114","4","2455","全新","2306884.00","2369771.00","4676655.00","778315.00","603644.00","1381959.00","1849059.00","--","29756.00","1462081.00","-46200.00","0.00","--","--","--","--","3294696.00","0.00","0.00","0.00","17.82"
"115/09/02","114","4","2457","飛宏","8312648.00","5660547.00","13973195.00","4665927.00","335192.00","5001119.00","4247724.00","--","4485122.00","465123.00","-225893.00","0.00","8972076.00","--","--","0.00","8972076.00","--","0.00","0.00","21.12"
"115/09/02","114","4","2458","義隆","8009641.00","7562055.00","15571696.00","3158020.00","1958154.00","5116174.00","3038804.00","0.00","1182307.00","6995705.00","-67318.00","-833375.00","10316123.00","0.00","--","139399.00","10455522.00","--","0.00","17557199.00","36.03"
"115/09/02","114","4","2459","敦吉","6557073.00","2811285.00","9368358.00","2340221.00","923269.00","3263490.00","1055956.00","--","181895.00","4318561.00","162240.00","--","5718652.00","--","--","386216.00","6104868.00","--","0.00","0.00","54.16"
"115/09/02","114","4","2460","建通","2840097.00","2132473.00","4972570.00","2950090.00","513182.00","3463272.00","1692000.00","--","295035.00","-396815.00","-80922.00","0.00","1509298.00","--","--","--","1509298.00","--","0.00","0.00","8.92"
"115/09/02","114","4","2461","光群雷","3996097.00","4011178.00","8007275.00","2973339.00","1236897.00","4210236.00","1743139.00","--","786103.00","746492.00","-222986.00","-49556.00","3003192.00","--","--","793847.00","3797039.00","--","0.00","2864000.00","17.52"
"115/09/02","114","4","2462","良得電","3313782.00","2546984.00","5860766.00","1878766.00","312046.00","2190812.00","1507844.00","--","591248.00","1371735.00","-194600.00","--","3276227.00","--","--","393727.00","3669954.00","0.00","0.00","0.00","21.73"
"115/09/02","114","4","2464","盟立","7567897.00","3727009.00","11294906.00","5850293.00","438942.00","6289235.00","2064512.00","--","1033553.00","1901580.00","-57385.00","--","4942260.00","--","--","63411.00","5005671.00","0.00","0.00","0.00","23.94"
"115/09/02","114","4","2465","麗臺","1148105.00","351157.00","1499262.00","356865.00","55795.00","412660.00","939460.00","--","363622.00","-218438.00","1958.00","--","1086602.00","--","--","0.00","1086602.00","0.00","0.00","0.00","11.57"
"115/09/02","114","4","2466","冠西電","833715.00","3449114.00","4282829.00","727498.00","1547922.00","2275420.00","1734587.00","--","303838.00","213697.00","-244713.00","--","2007409.00","--","--","--","2007409.00","--","0.00","0.00","11.57"
"115/09/02","114","4","2467","志聖","6800510.00","8512698.00","15313208.00","5060637.00","3263911.00","8324548.00","1567553.00","--","588506.00","1643995.00","2993610.00","-253897.00","6539767.00","--","--","448893.00","6988660.00","0.00","0.00","4468143.00","42.94"
"115/09/02","114","4","2468","華經","1741531.00","649792.00","2391323.00","1088958.00","27107.00","1116065.00","699612.00","--","62361.00","514262.00","-977.00","--","1275258.00","--","--","--","1275258.00","--","0.00","0.00","18.23"
"115/09/02","114","4","2471","資通","1295804.00","247056.00","1542860.00","522569.00","72129.00","594698.00","472539.00","--","156500.00","319396.00","-3985.00","--","944450.00","--","--","3712.00","948162.00","0.00","0.00","0.00","19.99"
"115/09/02","114","4","2472","立隆電","11369259.00","6838396.00","18207655.00","3623303.00","786802.00","4410105.00","1647351.00","--","2057664.00","5388533.00","-616.00","--","9092932.00","--","--","4704618.00","13797550.00","0.00","0.00","0.00","55.20"
"115/09/02","114","4","2474","可成","114372320.00","113645300.00","228017620.00","74443113.00","7379295.00","81822408.00","5921691.00","--","15576725.00","126087934.00","-3854876.00","-886617.00","142844857.00","--","--","3350355.00","146195212.00","--","0.00","4301000.00","242.99"
"115/09/02","114","4","2476","鉅祥","8925111.00","4209700.00","13134811.00","2387447.00","1183345.00","3570792.00","2177532.00","--","1253983.00","5282352.00","167368.00","--","8881235.00","--","--","682784.00","9564019.00","--","1132296.00","0.00","40.79"
"115/09/02","114","4","2477","美隆電","5445408.00","2859571.00","8304979.00","2212048.00","1561025.00","3773073.00","1585732.00","--","6284.00","2605683.00","-727.00","--","4196972.00","--","--","334934.00","4531906.00","--","0.00","0.00","26.47"
"115/09/02","114","4","2478","大毅","5764957.00","4426492.00","10191449.00","2141501.00","916036.00","3057537.00","1447313.00","--","1525472.00","4426849.00","-298367.00","-87880.00","7013387.00","--","--","120525.00","7133912.00","--","0.00","2000000.00","49.14"
"115/09/02","114","4","2480","敦陽科","6891371.00","1172202.00","8063573.00","4476730.00","66540.00","4543270.00","1063603.00","--","166514.00","2288424.00","1762.00","0.00","3520303.00","--","--","0.00","3520303.00","0.00","0.00","0.00","33.10"
"115/09/02","114","4","2481","強茂","15762527.00","13756765.00","29519292.00","7518948.00","5873006.00","13391954.00","3821149.00","--","6136024.00","5121319.00","-405934.00","--","14672558.00","--","--","1454780.00","16127338.00","--","0.00","0.00","38.40"
"115/09/02","114","4","2482","連宇","941994.00","376946.00","1318940.00","209354.00","22706.00","232060.00","778827.00","--","147988.00","186871.00","-27114.00","--","1086572.00","--","--","308.00","1086880.00","--","0.00","0.00","13.95"
"115/09/02","114","4","2483","百容","1456840.00","2703619.00","4160459.00","965391.00","628672.00","1594063.00","1078898.00","--","227137.00","1137331.00","119114.00","-9223.00","2553257.00","--","--","13139.00","2566396.00","--","0.00","473000.00","23.77"
"115/09/02","114","4","2484","希華","2364436.00","2313962.00","4678398.00","576955.00","324270.00","901225.00","1594210.00","--","722762.00","1386045.00","68280.00","--","3771297.00","--","--","5876.00","3777173.00","--","0.00","0.00","23.66"
"115/09/02","114","4","2485","兆赫","3949738.00","2592636.00","6542374.00","1202994.00","54597.00","1257591.00","3176890.00","--","549692.00","1501390.00","-111512.00","--","5116460.00","--","--","168323.00","5284783.00","0.00","0.00","0.00","16.11"
"115/09/02","114","4","2486","一詮","5630982.00","6757211.00","12388193.00","2588176.00","4317741.00","6905917.00","2339586.00","--","2883445.00","255347.00","-136567.00","-154397.00","5187414.00","--","--","294862.00","5482276.00","0.00","0.00","2000000.00","22.36"
"115/09/02","114","4","2488","漢平","2933990.00","871532.00","3805522.00","756715.00","241074.00","997789.00","799994.00","--","34071.00","2020808.00","-47140.00","--","2807733.00","--","--","--","2807733.00","0.00","0.00","0.00","35.10"
"115/09/02","114","4","2489","瑞軒","16434206.00","5057609.00","21491815.00","7552491.00","398845.00","7951336.00","6100000.00","--","2261663.00","5257566.00","-242158.00","--","13377071.00","--","--","163408.00","13540479.00","0.00","0.00","0.00","21.93"
"115/09/02","114","4","2491","吉祥全","1543893.00","136915.00","1680808.00","305505.00","42093.00","347598.00","820080.00","--","82271.00","26923.00","0.00","--","929274.00","--","--","403936.00","1333210.00","0.00","0.00","0.00","11.33"
"115/09/02","114","4","2492","華新科","33441880.00","70984812.00","104426692.00","22283858.00","19352865.00","41636723.00","4858048.00","--","3137789.00","38521047.00","5757026.00","-236380.00","52037530.00","--","--","10752439.00","62789969.00","--","0.00","1000000.00","107.34"
"115/09/02","114","4","2493","揚博","4108617.00","1282559.00","5391176.00","1978485.00","167206.00","2145691.00","1267965.00","--","322023.00","1547035.00","108462.00","--","3245485.00","--","--","--","3245485.00","0.00","0.00","0.00","25.60"
"115/09/02","114","4","2495","普安","6600242.00","766774.00","7367016.00","2712130.00","67248.00","2779378.00","2735515.00","--","88876.00","1748696.00","14551.00","--","4587638.00","--","--","0.00","4587638.00","0.00","0.00","0.00","16.77"
"115/09/02","114","4","2496","卓越","504403.00","983839.00","1488242.00","519648.00","76658.00","596306.00","191004.00","--","295443.00","400267.00","72.00","0.00","886786.00","--","--","5150.00","891936.00","--","0.00","0.00","46.43"
"115/09/02","114","4","2497","怡利電","2849235.00","1490025.00","4339260.00","1728699.00","255232.00","1983931.00","1180877.00","--","441082.00","685238.00","48132.00","0.00","2355329.00","--","--","--","2355329.00","--","0.00","0.00","19.95"
"115/09/02","114","4","2498","宏達電","14429472.00","24025237.00","38454709.00","9463557.00","2394461.00","11858018.00","8360211.00","--","16340444.00","5179943.00","-3283907.00","--","26596691.00","--","--","--","26596691.00","--","0.00","0.00","31.81"
"115/09/02","114","4","2501","國建","66487782.00","24402972.00","90890754.00","42769891.00","15244228.00","58014119.00","11595611.00","--","170920.00","16829076.00","2102827.00","--","30698434.00","--","--","2178201.00","32876635.00","--","0.00","0.00","26.47"
"115/09/02","114","4","2504","國產","13278348.00","33379405.00","46657753.00","9036351.00","9287222.00","18323573.00","11800000.00","--","1228298.00","14051277.00","9046.00","-4789.00","27083832.00","--","--","1250348.00","28334180.00","--","0.00","3116108.00","23.01"
"115/09/02","114","4","2505","國揚","19969135.00","2744763.00","22713898.00","11519368.00","129273.00","11648641.00","3800000.00","--","627683.00","6542120.00","-74970.00","--","10894833.00","--","--","170424.00","11065257.00","0.00","0.00","0.00","28.67"
"115/09/02","114","4","2506","太設","8910912.00","5731347.00","14642259.00","4281389.00","639663.00","4921052.00","3870000.00","--","409909.00","2909809.00","802482.00","-193207.00","7798993.00","--","--","1922214.00","9721207.00","--","0.00","25443994.00","21.57"
"115/09/02","114","4","2509","全坤建","10903527.00","2728454.00","13631981.00","8939337.00","487278.00","9426615.00","2245505.00","--","541438.00","1171013.00","-45597.00","--","3912359.00","--","--","293007.00","4205366.00","0.00","0.00","0.00","17.42"
"115/09/02","114","4","2511","太子","21016716.00","26130742.00","47147458.00","5388669.00","15814414.00","21203083.00","16233261.00","--","2260513.00","5606767.00","1655615.00","-1003.00","25755153.00","--","--","189222.00","25944375.00","0.00","0.00","655424.00","15.87"
"115/09/02","114","4","2514","龍邦","14975640.00","23930768.00","38906408.00","10114651.00","7791597.00","17906248.00","3947293.00","--","224909.00","9286359.00","-157738.00","-614333.00","12686490.00","--","--","8313670.00","21000160.00","--","0.00","36608592.00","35.43"
"115/09/02","114","4","2515","中工","58648089.00","9084386.00","67732475.00","27405802.00","17598907.00","45004709.00","16079041.00","--","96532.00","7960980.00","-1537754.00","--","22598799.00","--","--","128967.00","22727766.00","--","0.00","0.00","14.05"
"115/09/02","114","4","2516","新建","6352023.00","1621664.00","7973687.00","5792253.00","130165.00","5922418.00","2262785.00","--","13156.00","-314420.00","89748.00","--","2051269.00","--","--","--","2051269.00","0.00","0.00","0.00","9.07"
"115/09/02","114","4","2520","冠德","52646088.00","12195644.00","64841732.00","28246463.00","7050170.00","35296633.00","6094871.00","--","1530269.00","16918197.00","-28453.00","-98702.00","24416182.00","--","--","5128917.00","29545099.00","--","0.00","13865008.00","40.99"
"115/09/02","114","4","2524","京城","39056675.00","843330.00","39900005.00","14280257.00","4593303.00","18873560.00","3659835.00","--","34228.00","17332382.00","0.00","0.00","21026445.00","--","--","--","21026445.00","0.00","0.00","0.00","57.45"
"115/09/02","114","4","2527","宏璟","15908455.00","17067193.00","32975648.00","12029188.00","3430977.00","15460165.00","2703060.00","--","388635.00","4289438.00","10225281.00","-455812.00","17150602.00","--","--","364881.00","17515483.00","--","0.00","8547695.00","65.52"
"115/09/02","114","4","2528","皇普","21655367.00","804663.00","22460030.00","11484102.00","3085585.00","14569687.00","4340264.00","--","1634607.00","1915472.00","0.00","--","--","--","--","--","7890343.00","--","0.00","0.00","18.18"
"115/09/02","114","4","2530","華建","30448102.00","249673.00","30697775.00","19069681.00","1324008.00","20393689.00","8412557.00","--","1030625.00","638398.00","4167.00","--","10085747.00","--","--","218339.00","10304086.00","--","0.00","0.00","12.01"
"115/09/02","114","4","2534","宏盛","16900057.00","14712012.00","31612069.00","12593972.00","3963118.00","16557090.00","4742280.00","--","2342166.00","7988496.00","27859.00","-45822.00","15054979.00","--","--","--","15054979.00","--","0.00","1227150.00","31.83"
"115/09/02","114","4","2535","達欣工","28254874.00","2266807.00","30521681.00","15959429.00","3879598.00","19839027.00","2707940.00","--","2418002.00","5362667.00","-24473.00","-124076.00","10340060.00","--","--","342594.00","10682654.00","--","0.00","10902228.00","39.79"
"115/09/02","114","4","2536","宏普","37845988.00","3376111.00","41222099.00","23856833.00","3781444.00","27638277.00","3328087.00","--","2042348.00","7288191.00","0.00","0.00","12658626.00","0.00","--","925196.00","13583822.00","--","0.00","0.00","38.04"
"115/09/02","114","4","2537","聯上發","17978310.00","545814.00","18524124.00","13249063.00","840698.00","14089761.00","3005579.00","--","564882.00","863902.00","0.00","--","--","--","--","--","4434363.00","--","0.00","0.00","14.75"
"115/09/02","114","4","2538","基泰","16829892.00","904176.00","17734068.00","11962744.00","54349.00","12017093.00","4450255.00","--","58597.00","1406576.00","-198453.00","--","5716975.00","--","--","0.00","5716975.00","--","0.00","0.00","12.85"
"115/09/02","114","4","2539","櫻花建","32382031.00","98743.00","32480774.00","12339423.00","2231096.00","14570519.00","11931025.00","--","95361.00","5883869.00","0.00","--","17910255.00","--","--","0.00","17910255.00","--","0.00","0.00","15.01"
"115/09/02","114","4","2540","愛山林","54428386.00","5895997.00","60324383.00","38275613.00","5621972.00","43897585.00","9448741.00","--","5578596.00","1399461.00","0.00","0.00","16426798.00","--","--","0.00","16426798.00","--","0.00","0.00","17.39"
"115/09/02","114","4","2542","興富發","250721466.00","25482562.00","276204028.00","187440800.00","25740435.00","213181235.00","21730835.00","0.00","9318055.00","22671543.00","368.00","-966562.00","52754239.00","0.00","--","10268554.00","63022793.00","0.00","0.00","61145835.00","24.98"
"115/09/02","114","4","2543","皇昌","9788164.00","10643259.00","20431423.00","8268691.00","1835501.00","10104192.00","5323839.00","--","3298326.00","1458354.00","0.00","-143139.00","9937380.00","--","--","389851.00","10327231.00","--","0.00","2359000.00","18.75"
"115/09/02","114","4","2545","皇翔","41540903.00","18776724.00","60317627.00","26045697.00","19333321.00","45379018.00","3797348.00","--","1532566.00","9608695.00","--","--","14938609.00","--","--","--","14938609.00","--","0.00","0.00","39.34"
"115/09/02","114","4","2546","根基","14234292.00","945046.00","15179338.00","8807137.00","338839.00","9145976.00","1305242.00","--","519017.00","3986523.00","222360.00","--","6033142.00","--","--","220.00","6033362.00","0.00","0.00","0.00","46.22"
"115/09/02","114","4","2547","日勝生","19937389.00","43545604.00","63482993.00","20797462.00","27281574.00","48079036.00","10350946.00","--","396180.00","3532964.00","-3984.00","--","14276106.00","--","--","1127851.00","15403957.00","--","0.00","0.00","13.79"
"115/09/02","114","4","2548","華固","51759382.00","2497699.00","54257081.00","23397185.00","8437311.00","31834496.00","3197187.00","--","820040.00","18363152.00","35743.00","-850.00","22415272.00","--","--","7313.00","22422585.00","0.00","0.00","201378.00","70.15"
"115/09/02","114","4","2597","潤弘","15091227.00","11849801.00","26941028.00","11681090.00","4231251.00","15912341.00","3107160.00","--","846204.00","4553116.00","559811.00","--","9066291.00","--","--","1962396.00","11028687.00","0.00","0.00","0.00","29.18"
"115/09/02","114","4","2601","益航","3094638.00","8686658.00","11781296.00","3096129.00","1238224.00","4334353.00","8247761.00","--","355902.00","-1699874.00","460686.00","--","7364475.00","0.00","--","82468.00","7446943.00","--","0.00","0.00","8.93"
"115/09/02","114","4","2603","長榮","233728195.00","660603981.00","894332176.00","146353474.00","161754971.00","308108445.00","21650430.00","--","20344716.00","502181391.00","19641592.00","--","563818129.00","--","--","22405602.00","586223731.00","0.00","0.00","0.00","260.42"
"115/09/02","114","4","2605","新興","8763500.00","13250534.00","22014034.00","4534891.00","13078.00","4547969.00","5853533.00","--","165886.00","11920296.00","-473650.00","--","17466065.00","--","--","--","17466065.00","--","0.00","0.00","29.84"
"115/09/02","114","4","2606","裕民","27640910.00","59780111.00","87421021.00","15340876.00","33200800.00","48541676.00","8450557.00","--","115845.00","26398568.00","3914375.00","--","38879345.00","--","--","0.00","38879345.00","--","0.00","0.00","46.01"
"115/09/02","114","4","2607","榮運","14577750.00","27730430.00","42308180.00","4617585.00","6826235.00","11443820.00","5335705.00","--","4268891.00","16579901.00","4345212.00","--","30529709.00","--","--","334651.00","30864360.00","0.00","0.00","0.00","57.22"
"115/09/02","114","4","2608","嘉里大榮","3956471.00","20633774.00","24590245.00","3376824.00","8009397.00","11386221.00","4670005.00","--","2308.00","7743308.00","82491.00","--","12498112.00","--","--","705912.00","13204024.00","--","0.00","0.00","26.76"
"115/09/02","114","4","2609","陽明","207161946.00","247066424.00","454228370.00","44069017.00","83557400.00","127626417.00","34921043.00","--","27975030.00","263161704.00","-207107.00","--","325850670.00","--","--","751283.00","326601953.00","--","0.00","0.00","93.31"
"115/09/02","114","4","2610","華航","86902257.00","267921660.00","354823917.00","95442655.00","156841044.00","252283699.00","60853733.00","--","5892301.00","31098554.00","-229921.00","-30875.00","97583792.00","--","--","4956426.00","102540218.00","--","0.00","2074628.00","16.04"
"115/09/02","114","4","2611","志信","2694260.00","1332399.00","4026659.00","379894.00","747868.00","1127762.00","1890023.00","--","41258.00","809184.00","-25653.00","--","2714812.00","--","--","184085.00","2898897.00","--","0.00","0.00","14.36"
"115/09/02","114","4","2612","中航","3946712.00","22374642.00","26321354.00","2854224.00","9939572.00","12793796.00","1974846.00","--","53412.00","11449974.00","29750.00","0.00","13507982.00","0.00","--","19576.00","13527558.00","0.00","0.00","0.00","68.40"
"115/09/02","114","4","2613","中櫃","1651175.00","8565829.00","10217004.00","1459889.00","5442896.00","6902785.00","1484235.00","--","150466.00","2104832.00","36838.00","-476647.00","3299724.00","--","--","14495.00","3314219.00","0.00","0.00","11146894.00","24.04"
"115/09/02","114","4","2614","東森","5019894.00","16279749.00","21299643.00","4067819.00","10834725.00","14902544.00","3272650.00","--","0.00","1083409.00","-58172.00","--","4297887.00","--","--","2099212.00","6397099.00","--","0.00","0.00","13.13"
"115/09/02","114","4","2615","萬海","142303955.00","266949711.00","409253666.00","32671631.00","100834877.00","133506508.00","28061464.00","--","1271775.00","231620487.00","14363481.00","--","275317207.00","--","--","429951.00","275747158.00","--","0.00","0.00","98.11"
"115/09/02","114","4","2616","山隆","2431173.00","5976398.00","8407571.00","3322690.00","2400749.00","5723439.00","1372818.00","--","589896.00","300503.00","396313.00","-31863.00","2627667.00","--","--","56465.00","2684132.00","0.00","0.00","1353454.00","19.33"
"115/09/02","114","4","2617","台航","3748743.00","22659811.00","26408554.00","1877823.00","6690840.00","8568663.00","4172945.00","--","334382.00","11070579.00","2261985.00","--","17839891.00","--","--","--","17839891.00","--","0.00","0.00","42.75"
"115/09/02","114","4","2618","長榮航","105401646.00","259420131.00","364821777.00","84880608.00","132721285.00","217601893.00","54004443.00","--","12798994.00","70860717.00","633507.00","--","138297661.00","--","--","8922223.00","147219884.00","--","0.00","0.00","25.61"
"115/09/02","114","4","2630","亞航","4514684.00","1202186.00","5716870.00","1757194.00","410848.00","2168042.00","2094382.00","--","1090004.00","362368.00","2074.00","--","3548828.00","--","--","--","3548828.00","--","0.00","0.00","16.94"
"115/09/02","114","4","2633","台灣高鐵","25552617.00","355249899.00","380802516.00","26373772.00","281655981.00","308029753.00","56282930.00","--","172981.00","16316852.00","--","--","--","--","--","--","72772763.00","0.00","0.00","0.00","12.93"
"115/09/02","114","4","2634","漢翔","39979601.00","13945028.00","53924629.00","28776839.00","7305226.00","36082065.00","9418671.00","--","18251.00","8386180.00","19462.00","--","17842564.00","--","--","--","17842564.00","--","0.00","0.00","18.94"
"115/09/02","114","4","2636","台驊控股","19848630.00","2672694.00","22521324.00","11769797.00","701039.00","12470836.00","1418352.00","--","2652819.00","5871926.00","263239.00","-364768.00","9841568.00","--","--","208920.00","10050488.00","0.00","0.00","4874000.00","71.86"
"115/09/02","114","4","2637","慧洋-KY","7784787.00","73449028.00","81233815.00","7967943.00","25068058.00","33036001.00","7464092.00","--","34548.00","32954087.00","7745087.00","0.00","48197814.00","--","--","--","48197814.00","0.00","0.00","0.00","64.57"
"115/09/02","114","4","2642","宅配通","1322025.00","2722665.00","4044690.00","876222.00","1116186.00","1992408.00","954670.00","--","300082.00","338295.00","459235.00","--","2052282.00","--","--","--","2052282.00","0.00","0.00","0.00","21.50"
"115/09/02","114","4","2645","長榮航太","12675307.00","10848287.00","23523594.00","4250327.00","5711905.00","9962232.00","3745709.00","--","2138093.00","7652013.00","25547.00","--","--","--","--","--","13561362.00","0.00","0.00","0.00","36.21"
"115/09/02","114","4","2646","星宇航空","22330402.00","114967158.00","137297560.00","20168535.00","85732737.00","105901272.00","30087350.00","--","2044685.00","272608.00","-1008355.00","--","--","--","--","--","31396288.00","--","0.00","0.00","10.44"
"115/09/02","114","4","2701","萬企","1978649.00","7659174.00","9637823.00","147300.00","1126879.00","1274179.00","4499678.00","--","--","2959759.00","904207.00","--","--","--","--","--","8363644.00","--","0.00","0.00","18.59"
"115/09/02","114","4","2702","華園","2444654.00","4235955.00","6680609.00","1154275.00","2292196.00","3446471.00","1566133.00","--","2169.00","1609602.00","56234.00","--","3234138.00","--","--","--","3234138.00","0.00","0.00","0.00","20.65"
"115/09/02","114","4","2704","國賓","21353171.00","11922746.00","33275917.00","3724454.00","3945873.00","7670327.00","3669234.00","--","2996851.00","6102085.00","12832805.00","0.00","25600975.00","--","--","4615.00","25605590.00","0.00","0.00","0.00","69.77"
"115/09/02","114","4","2705","六福","570337.00","15224619.00","15794956.00","4901798.00","5865759.00","10767557.00","1913128.00","--","31372.00","-304564.00","3387463.00","--","5027399.00","--","--","--","5027399.00","--","0.00","0.00","26.28"
"115/09/02","114","4","2706","第一店","3074540.00","8584850.00","11659390.00","136564.00","1399567.00","1536131.00","4999984.00","--","76031.00","3800836.00","1246408.00","--","--","--","--","--","10123259.00","0.00","0.00","0.00","20.25"
"115/09/02","114","4","2707","晶華","3838331.00","6366022.00","10204353.00","2651433.00","3207568.00","5859001.00","1274032.00","--","222383.00","2925046.00","-281476.00","--","4139985.00","--","--","205367.00","4345352.00","0.00","0.00","0.00","32.50"
"115/09/02","114","4","2712","遠雄來","98969.00","1575254.00","1674223.00","336436.00","311495.00","647931.00","1050000.00","--","108392.00","-132100.00","--","--","--","--","--","--","1026292.00","0.00","0.00","0.00","9.77"
"115/09/02","114","4","2722","夏都","774919.00","2826756.00","3601675.00","499111.00","507484.00","1006595.00","1431697.00","--","593410.00","428878.00","-91303.00","--","2362682.00","--","--","232398.00","2595080.00","--","0.00","0.00","16.50"
"115/09/02","114","4","2723","美食-KY","6194990.00","11241867.00","17436857.00","4990723.00","2348218.00","7338941.00","1800000.00","--","2376605.00","6191862.00","-282524.00","--","10085943.00","--","--","11973.00","10097916.00","--","0.00","0.00","56.03"
"115/09/02","114","4","2727","王品","8369989.00","9019638.00","17389627.00","8100771.00","4244724.00","12345495.00","844511.00","--","1910299.00","2291791.00","-79628.00","-259879.00","4707094.00","--","--","337038.00","5044132.00","--","0.00","1592000.00","56.81"
"115/09/02","114","4","2731","雄獅","9795356.00","2728816.00","12524172.00","6441090.00","848400.00","7289490.00","932777.00","--","1514869.00","2622736.00","-115124.00","--","4955258.00","--","--","279424.00","5234682.00","--","0.00","0.00","53.12"
"115/09/02","114","4","2739","寒舍","1666434.00","10166871.00","11833305.00","2432061.00","7787606.00","10219667.00","915260.00","--","423489.00","269601.00","5288.00","--","1613638.00","--","--","--","1613638.00","0.00","0.00","0.00","17.63"
"115/09/02","114","4","2748","雲品","2454732.00","2531947.00","4986679.00","1343223.00","605048.00","1948271.00","1057787.00","--","1236779.00","666811.00","77031.00","--","3038408.00","--","--","--","3038408.00","--","0.00","0.00","28.72"
"115/09/02","114","4","2753","八方雲集","2999198.00","5227192.00","8226390.00","1748520.00","2324654.00","4073174.00","666448.00","--","1076754.00","2048567.00","7727.00","--","3799496.00","--","--","353720.00","4153216.00","--","0.00","0.00","57.01"
"115/09/02","114","4","2762","世界健身-KY","1868871.00","16866554.00","18735425.00","6262554.00","9580276.00","15842830.00","1125000.00","--","1837117.00","278247.00","-3553.00","-344216.00","2892595.00","--","--","--","2892595.00","0.00","0.00","3278000.00","26.48"
"115/09/02","114","4","2901","欣欣","495575.00","584789.00","1080364.00","64539.00","131509.00","196048.00","730433.00","--","503.00","153380.00","0.00","0.00","--","--","--","--","884316.00","0.00","0.00","0.00","12.11"
"115/09/02","114","4","2903","遠百","26668021.00","113883407.00","140551428.00","47115123.00","57072545.00","104187668.00","14169406.00","--","3343600.00","8654899.00","5036349.00","-97110.00","31107144.00","--","--","5256616.00","36363760.00","--","0.00","8207004.00","22.08"
"115/09/02","114","4","2904","匯僑","213569.00","1579033.00","1792602.00","221546.00","281518.00","503064.00","778344.00","--","87206.00","412798.00","10757.00","--","1289105.00","--","--","433.00","1289538.00","0.00","0.00","0.00","16.56"
"115/09/02","114","4","2906","高林","5538510.00","7560795.00","13099305.00","4158760.00","2380623.00","6539383.00","2091167.00","--","294047.00","1103996.00","-168201.00","--","3321009.00","--","--","3238913.00","6559922.00","0.00","0.00","0.00","15.88"
"115/09/02","114","4","2908","特力","17951609.00","20462634.00","38414243.00","14516718.00","15125719.00","29642437.00","5098875.00","--","195060.00","1859516.00","-166964.00","0.00","6986487.00","--","--","1785319.00","8771806.00","--","0.00","0.00","13.70"
"115/09/02","114","4","2910","統領","1044583.00","5328213.00","6372796.00","658706.00","2956290.00","3614996.00","1754030.00","--","0.00","1062721.00","-58951.00","0.00","2757800.00","--","--","0.00","2757800.00","0.00","0.00","0.00","15.72"
"115/09/02","114","4","2911","麗嬰房","1840376.00","848780.00","2689156.00","1349425.00","470798.00","1820223.00","1051260.00","--","202524.00","-333409.00","-144043.00","--","776332.00","--","--","92601.00","868933.00","--","0.00","0.00","7.38"
"115/09/02","114","4","2912","統一超","94547458.00","198083170.00","292630628.00","120598789.00","119105276.00","239704065.00","10396223.00","--","91958.00","31293729.00","779527.00","--","42561437.00","--","--","10365126.00","52926563.00","--","0.00","0.00","40.94"
"115/09/02","114","4","2913","農林","1191679.00","20143190.00","21334869.00","585338.00","8330232.00","8915570.00","7900000.00","--","2197948.00","2371840.00","-50489.00","--","--","--","--","--","12419299.00","--","0.00","0.00","15.72"
"115/09/02","114","4","2915","潤泰全","5600366.00","113201006.00","118801372.00","1344090.00","11917986.00","13262076.00","11043188.00","--","28311688.00","105203144.00","-41037611.00","-552479.00","102967930.00","--","--","2571366.00","105539296.00","0.00","0.00","36593388.00","96.44"
"115/09/02","114","4","2923","鼎固-KY","44513221.00","72952929.00","117466150.00","16588209.00","54246423.00","70834632.00","17402970.00","--","192146.00","29813380.00","-3153799.00","--","44254697.00","--","--","2376821.00","46631518.00","--","0.00","0.00","25.43"
"115/09/02","114","4","2929","淘帝-KY","3567150.00","225424.00","3792574.00","742339.00","309364.00","1051703.00","1094938.00","--","1517887.00","526995.00","-398949.00","0.00","2740871.00","--","--","--","2740871.00","--","0.00","0.00","25.03"
"115/09/02","114","4","2939","永邑-KY","625116.00","189720.00","814836.00","40673.00","211545.00","252218.00","455487.00","--","334206.00","-221313.00","-5762.00","--","562618.00","--","--","0.00","562618.00","--","0.00","0.00","12.35"
"115/09/02","114","4","2945","三商家購","2274355.00","4024936.00","6299291.00","2482130.00","1647124.00","4129254.00","675000.00","--","1055235.00","262940.00","0.00","--","1993175.00","--","--","176862.00","2170037.00","0.00","0.00","0.00","29.53"
"115/09/02","114","4","3002","歐格","1634475.00","259722.00","1894197.00","174504.00","302388.00","476892.00","1020000.00","--","26555.00","239864.00","-936.00","-507.00","1284976.00","--","--","132329.00","1417305.00","--","0.00","41000.00","12.60"
"115/09/02","114","4","3003","健和興","6326376.00","1809604.00","8135980.00","1165643.00","401219.00","1566862.00","1556549.00","--","27281.00","5016488.00","-116073.00","--","6484245.00","--","--","84873.00","6569118.00","--","0.00","0.00","41.66"
"115/09/02","114","4","3004","豐達科","3981584.00","4076201.00","8057785.00","2489761.00","1928988.00","4418749.00","642584.00","--","1269878.00","1709707.00","16867.00","--","3639036.00","0.00","--","0.00","3639036.00","0.00","0.00","0.00","56.63"
"115/09/02","114","4","3005","神基","33148454.00","16998796.00","50147250.00","15938806.00","4897476.00","20836282.00","6224787.00","--","4128578.00","14799802.00","943101.00","--","26096268.00","--","--","3214700.00","29310968.00","0.00","0.00","0.00","41.92"
"115/09/02","114","4","3006","晶豪科","14293602.00","2503350.00","16796952.00","5541652.00","1091764.00","6633416.00","2861722.00","--","510673.00","7147009.00","-69220.00","-163122.00","10287062.00","--","--","-123526.00","10163536.00","--","0.00","14000000.00","37.80"
"115/09/02","114","4","3008","大立光","154285459.00","66501561.00","220787020.00","29748503.00","170572.00","29919075.00","1334682.00","--","1564701.00","185818052.00","1772969.00","-1623219.00","188867185.00","--","--","2000760.00","190867945.00","0.00","0.00","670000.00","1422.21"
"115/09/02","114","4","3010","華立","38075098.00","18804028.00","56879126.00","23024890.00","7820069.00","30844959.00","2594368.00","--","3847560.00","15734162.00","1701482.00","--","23877572.00","--","--","2156595.00","26034167.00","--","0.00","0.00","92.04"
"115/09/02","114","4","3011","今皓","683072.00","1935934.00","2619006.00","400644.00","877361.00","1278005.00","1251468.00","--","26483.00","-244688.00","290394.00","--","1323657.00","--","--","17344.00","1341001.00","--","0.00","0.00","10.58"
"115/09/02","114","4","3013","晟銘電","6020737.00","3613008.00","9633745.00","3677621.00","754793.00","4432414.00","2051389.00","--","765025.00","2345995.00","38922.00","0.00","5201331.00","--","--","0.00","5201331.00","--","0.00","0.00","25.36"
"115/09/02","114","4","3014","聯陽","6625431.00","2535126.00","9160557.00","1970064.00","132909.00","2102973.00","1660201.00","--","1650089.00","3748469.00","-845.00","-330.00","7057584.00","--","--","0.00","7057584.00","0.00","0.00","33000.00","42.52"
"115/09/02","114","4","3015","全漢","10984153.00","8170156.00","19154309.00","5616906.00","585581.00","6202487.00","1872620.00","--","862067.00","5890546.00","3900833.00","0.00","12526066.00","--","--","425756.00","12951822.00","0.00","0.00","0.00","66.89"
"115/09/02","114","4","3016","嘉晶","3891214.00","3011833.00","6903047.00","1046902.00","916505.00","1963407.00","2885418.00","--","1650774.00","406225.00","-2777.00","--","4939640.00","--","--","--","4939640.00","0.00","0.00","0.00","17.12"
"115/09/02","114","4","3017","奇鋐","126176263.00","33960262.00","160136525.00","97495418.00","12076466.00","109571884.00","3982728.00","--","2728481.00","38534463.00","-644905.00","--","44600767.00","--","--","5963874.00","50564641.00","--","1466050.00","0.00","113.73"
"115/09/02","114","4","3018","隆銘綠能","987133.00","263540.00","1250673.00","677678.00","10795.00","688473.00","753777.00","--","6959.00","-181505.00","-17031.00","--","562200.00","--","--","0.00","562200.00","0.00","0.00","0.00","7.46"
"115/09/02","114","4","3019","亞光","23388151.00","4019971.00","27408122.00","9644294.00","355706.00","10000000.00","2792439.00","--","5486514.00","6617965.00","-23437.00","--","14873481.00","--","--","2534641.00","17408122.00","0.00","0.00","0.00","53.26"
"115/09/02","114","4","3021","鴻名","2488620.00","752488.00","3241108.00","1449182.00","137739.00","1586921.00","948900.00","--","7661.00","713191.00","-75025.00","0.00","1594727.00","--","--","59460.00","1654187.00","0.00","0.00","0.00","16.81"
"115/09/02","114","4","3022","威強電","9653287.00","5464629.00","15117916.00","2591917.00","1146545.00","3738462.00","1765978.00","--","1134964.00","8765866.00","-476503.00","--","11190305.00","--","--","189149.00","11379454.00","0.00","0.00","0.00","63.37"
"115/09/02","114","4","3023","信邦","25801676.00","6187458.00","31989134.00","14635272.00","866462.00","15501734.00","2400690.00","--","3470929.00","10602783.00","-267480.00","--","16206922.00","--","--","280478.00","16487400.00","--","0.00","0.00","67.51"
"115/09/02","114","4","3024","憶聲","2435801.00","2312628.00","4748429.00","1656786.00","104551.00","1761337.00","2771575.00","--","1602.00","661516.00","-447601.00","--","2987092.00","--","--","--","2987092.00","0.00","0.00","0.00","10.78"
"115/09/02","114","4","3025","星通","1026797.00","259069.00","1285866.00","357054.00","42468.00","399522.00","567365.00","--","43953.00","277879.00","-2853.00","--","886344.00","--","--","--","886344.00","--","0.00","0.00","15.62"
"115/09/02","114","4","3026","禾伸堂","11723733.00","4464699.00","16188432.00","4931619.00","857495.00","5789114.00","1658903.00","--","3159439.00","5442381.00","-112953.00","--","10147770.00","--","--","251548.00","10399318.00","--","0.00","0.00","61.17"
"115/09/02","114","4","3027","盛達","1380804.00","1466719.00","2847523.00","457796.00","95009.00","552805.00","1301184.00","--","704643.00","202322.00","-38885.00","-24677.00","2144587.00","--","--","150131.00","2294718.00","--","17800.00","1126000.00","16.63"
"115/09/02","114","4","3028","增你強","22219969.00","1210094.00","23430063.00","16929039.00","198683.00","17127722.00","2372412.00","--","1345992.00","2291644.00","292293.00","--","6302341.00","--","--","--","6302341.00","0.00","0.00","0.00","26.57"
"115/09/02","114","4","3029","零壹","12391437.00","2767154.00","15158591.00","7162448.00","989992.00","8152440.00","1670052.00","--","2210623.00","1829137.00","39135.00","--","5748947.00","--","--","1257204.00","7006151.00","--","0.00","0.00","34.42"
"115/09/02","114","4","3030","德律","7736336.00","4420018.00","12156354.00","2242068.00","310388.00","2552456.00","2362160.00","--","70742.00","7199058.00","-28062.00","--","9603898.00","--","--","--","9603898.00","0.00","0.00","0.00","40.66"
"115/09/02","114","4","3031","佰鴻","1977816.00","1564905.00","3542721.00","439112.00","99866.00","538978.00","1732032.00","--","439039.00","804344.00","-52201.00","0.00","2923214.00","--","--","80529.00","3003743.00","--","0.00","0.00","16.88"
"115/09/02","114","4","3032","偉訓","11873621.00","8522306.00","20395927.00","14453591.00","2522068.00","16975659.00","1132856.00","--","637189.00","682833.00","38218.00","0.00","2491096.00","--","--","929172.00","3420268.00","--","0.00","0.00","21.99"
"115/09/02","114","4","3033","威健","43362938.00","792038.00","44154976.00","30024444.00","3415348.00","33439792.00","4802812.00","--","2665769.00","3125552.00","121051.00","--","10715184.00","--","--","--","10715184.00","--","0.00","0.00","22.31"
"115/09/02","114","4","3034","聯詠","73540335.00","23825674.00","97366009.00","19851367.00","9775395.00","29626762.00","6085115.00","--","2375054.00","57297565.00","1981513.00","--","67739247.00","--","--","--","67739247.00","--","0.00","0.00","111.32"
"115/09/02","114","4","3035","智原","11200551.00","7731695.00","18932246.00","4684523.00","718923.00","5403446.00","2605503.00","--","4325263.00","5165720.00","959874.00","--","13056360.00","--","--","472440.00","13528800.00","0.00","0.00","0.00","50.11"
"115/09/02","114","4","3036","文曄","464077827.00","63482363.00","527560190.00","369977067.00","39644816.00","409621883.00","14004308.00","--","66447413.00","38948814.00","-1737516.00","--","117663019.00","--","--","275288.00","117938307.00","0.00","0.00","0.00","84.07"
"115/09/02","114","4","3037","欣興","105297620.00","150493992.00","255791612.00","75454571.00","73329964.00","148784535.00","17003031.00","--","16271023.00","66376818.00","1037660.00","-119230.00","100569302.00","--","--","6437775.00","107007077.00","0.00","14715771.00","1001935.00","65.16"
"115/09/02","114","4","3038","全台","2961205.00","926774.00","3887979.00","740044.00","528085.00","1268129.00","1574076.00","--","82045.00","1205658.00","-120826.00","-159396.00","2581557.00","--","--","38293.00","2619850.00","0.00","0.00","10394388.00","17.56"
"115/09/02","114","4","3040","遠見","1183890.00","798206.00","1982096.00","46778.00","383539.00","430317.00","661271.00","--","148429.00","811930.00","-69851.00","--","1551779.00","--","--","--","1551779.00","--","0.00","0.00","23.47"
"115/09/02","114","4","3041","揚智","1660876.00","2280723.00","3941599.00","1308020.00","1170849.00","2478869.00","1402237.00","--","421820.00","-433126.00","14939.00","0.00","1405870.00","--","--","56860.00","1462730.00","--","0.00","0.00","10.03"
"115/09/02","114","4","3042","晶技","12948729.00","8870774.00","21819503.00","4069338.00","1713370.00","5782708.00","3429930.00","--","4622037.00","8605888.00","-474100.00","-264017.00","15919738.00","--","--","117057.00","16036795.00","--","0.00","3000000.00","46.82"
"115/09/02","114","4","3043","科風","809746.00","1048383.00","1858129.00","982628.00","83283.00","1065911.00","389756.00","--","0.00","-108981.00","533119.00","--","813894.00","--","--","-21676.00","792218.00","0.00","0.00","0.00","20.88"
"115/09/02","114","4","3044","健鼎","67274869.00","30886815.00","98161684.00","37290760.00","6779067.00","44069827.00","5256059.00","--","335589.00","50195199.00","-1703004.00","--","54083843.00","--","--","8014.00","54091857.00","0.00","0.00","0.00","102.90"
"115/09/02","114","4","3045","台灣大","42718185.00","191941382.00","234659567.00","62165983.00","77944336.00","140110319.00","37232618.00","--","29032105.00","50559034.00","-966556.00","-29717344.00","86139857.00","--","--","8409391.00","94549248.00","--","0.00","698751601.00","28.48"
"115/09/02","114","4","3046","建��","3345900.00","490919.00","3836819.00","2105319.00","73567.00","2178886.00","784480.00","--","420839.00","496344.00","-35550.00","--","1666113.00","--","--","-8180.00","1657933.00","0.00","0.00","0.00","21.24"
"115/09/02","114","4","3047","訊舟","3092497.00","2988856.00","6081353.00","1163982.00","1732512.00","2896494.00","2247108.00","--","307213.00","-68755.00","25451.00","-12935.00","2498082.00","--","--","686777.00","3184859.00","--","151500.00","1380104.00","11.19"
"115/09/02","114","4","3048","益登","24163638.00","3796953.00","27960591.00","17897386.00","4474911.00","22372297.00","2698298.00","--","736939.00","1218401.00","934656.00","--","5588294.00","--","--","0.00","5588294.00","--","0.00","0.00","20.71"
"115/09/02","114","4","3049","精金","3381694.00","10517299.00","13898993.00","2494048.00","3846679.00","6340727.00","8020105.00","--","320550.00","-798914.00","-506061.00","0.00","7035680.00","--","--","522586.00","7558266.00","0.00","0.00","0.00","8.77"
"115/09/02","114","4","3050","鈺德","1766630.00","3981912.00","5748542.00","854959.00","1895817.00","2750776.00","1549845.00","--","585715.00","379166.00","-67102.00","0.00","2447624.00","0.00","--","550142.00","2997766.00","0.00","0.00","0.00","15.79"
"115/09/02","114","4","3051","力特","1362077.00","2565955.00","3928032.00","1257340.00","191361.00","1448701.00","1670000.00","--","0.00","822294.00","28636.00","-41599.00","2479331.00","--","--","0.00","2479331.00","0.00","0.00","2000000.00","15.03"
"115/09/02","114","4","3052","夆典","13226688.00","249536.00","13476224.00","9860901.00","12434.00","9873335.00","2332457.00","--","309825.00","1135185.00","-7670.00","-255837.00","3513960.00","--","--","88929.00","3602889.00","0.00","0.00","29261043.00","17.23"
"115/09/02","114","4","3054","立萬利","559815.00","581851.00","1141666.00","79441.00","6101.00","85542.00","806510.00","--","0.00","150910.00","98704.00","0.00","1056124.00","--","--","--","1056124.00","0.00","0.00","0.00","13.09"
"115/09/02","114","4","3055","蔚華科","1240873.00","773465.00","2014338.00","212155.00","129438.00","341593.00","1149749.00","--","290216.00","487195.00","-139283.00","-138537.00","1649340.00","--","--","23405.00","1672745.00","--","0.00","2170030.00","14.62"
"115/09/02","114","4","3056","富華新","13646151.00","1431256.00","15077407.00","4520762.00","1801021.00","6321783.00","4805550.00","--","1270327.00","2679747.00","--","--","8755624.00","--","--","--","8755624.00","--","0.00","0.00","18.22"
"115/09/02","114","4","3057","喬鼎","754588.00","126607.00","881195.00","285700.00","43660.00","329360.00","603258.00","--","84619.00","-51424.00","-84844.00","--","551609.00","--","--","226.00","551835.00","--","0.00","0.00","9.14"
"115/09/02","114","4","3058","立德","2975921.00","2308430.00","5284351.00","2738093.00","886847.00","3624940.00","2017228.00","--","33507.00","-297879.00","-185705.00","-25377.00","1541774.00","--","--","117637.00","1659411.00","0.00","0.00","1348000.00","7.69"
"115/09/02","114","4","3059","華晶科","10460479.00","6290986.00","16751465.00","5476683.00","889445.00","6366128.00","3072420.00","--","2586876.00","4691835.00","-360269.00","-2847.00","9988015.00","--","--","397322.00","10385337.00","0.00","0.00","100000.00","32.52"
"115/09/02","114","4","3060","銘異","2970765.00","1535226.00","4505991.00","1495630.00","353108.00","1848738.00","1375632.00","--","1432333.00","510290.00","-665515.00","--","2652740.00","--","--","4513.00","2657253.00","0.00","0.00","0.00","19.28"
"115/09/02","114","4","3062","建漢","3715981.00","3010032.00","6726013.00","2207684.00","210517.00","2418201.00","3301360.00","--","560569.00","1139959.00","-628794.00","-65282.00","4307812.00","--","--","--","4307812.00","0.00","0.00","2040000.00","13.13"
"115/09/02","114","4","3090","日電貿","10305913.00","9868558.00","20174471.00","6015258.00","288697.00","6303955.00","2875672.00","--","7777226.00","3295368.00","-133272.00","--","13814994.00","--","--","55522.00","13870516.00","--","0.00","0.00","48.04"
"115/09/02","114","4","3092","鴻碩","2147200.00","2857034.00","5004234.00","2100463.00","1440857.00","3541320.00","1065520.00","--","883332.00","-446775.00","-70464.00","--","1431613.00","--","--","31301.00","1462914.00","0.00","0.00","0.00","13.44"
"115/09/02","114","4","3094","聯傑","781406.00","346823.00","1128229.00","33785.00","69789.00","103574.00","831171.00","--","64585.00","139360.00","-10461.00","0.00","1024655.00","--","--","--","1024655.00","0.00","0.00","0.00","12.33"
"115/09/02","114","4","3130","一零四","3002995.00","967713.00","3970708.00","2173103.00","85779.00","2258882.00","331907.00","--","397574.00","982988.00","-643.00","--","1711826.00","--","--","--","1711826.00","0.00","0.00","0.00","51.58"
"115/09/02","114","4","3135","凌航","4630023.00","548877.00","5178900.00","1710358.00","1345108.00","3055466.00","774934.00","--","627914.00","732304.00","0.00","-11718.00","--","--","--","--","2123434.00","--","0.00","350000.00","27.53"
"115/09/02","114","4","3138","耀登","2291927.00","1953281.00","4245208.00","1310642.00","929974.00","2240616.00","503045.00","--","933957.00","743373.00","7475.00","-186262.00","2001588.00","--","--","3004.00","2004592.00","0.00","0.00","2063000.00","41.49"
"115/09/02","114","4","3149","正達","1452759.00","3430533.00","4883292.00","988394.00","1338151.00","2326545.00","2262336.00","--","811200.00","-989242.00","472453.00","--","2556747.00","--","--","--","2556747.00","0.00","0.00","0.00","11.30"
"115/09/02","114","4","3150","鈺寶-創","438554.00","221274.00","659828.00","49951.00","1581.00","51532.00","443770.00","--","186735.00","20306.00","-42515.00","--","--","--","--","--","608296.00","--","0.00","0.00","13.71"
"115/09/02","114","4","3164","景岳","555309.00","1109774.00","1665083.00","129779.00","85574.00","215353.00","860104.00","--","351774.00","113340.00","5663.00","0.00","1330881.00","--","--","118849.00","1449730.00","0.00","0.00","0.00","15.47"
"115/09/02","114","4","3167","大量","6026777.00","2385023.00","8411800.00","3682231.00","1312180.00","4994411.00","883902.00","--","604868.00","1978628.00","-50009.00","0.00","3417389.00","--","--","--","3417389.00","--","0.00","0.00","38.67"
"115/09/02","114","4","3168","眾福科","2542566.00","1137044.00","3679610.00","1042985.00","68314.00","1111299.00","750996.00","--","462069.00","565169.00","-5534.00","0.00","1772700.00","--","--","795611.00","2568311.00","--","0.00","0.00","23.60"
"115/09/02","114","4","3189","景碩","28937637.00","51035643.00","79973280.00","20106416.00","18493667.00","38600083.00","4567920.00","--","7375477.00","20964996.00","-176628.00","--","32731765.00","--","--","8641432.00","41373197.00","--","0.00","0.00","71.66"
"115/09/02","114","4","3209","全科","15331074.00","1929989.00","17261063.00","10637556.00","1120038.00","11757594.00","2353912.00","0.00","864915.00","1950620.00","120194.00","0.00","5289641.00","0.00","--","213828.00","5503469.00","0.00","0.00","0.00","22.47"
"115/09/02","114","4","3229","晟鈦","622171.00","238229.00","860400.00","258193.00","2967.00","261160.00","642630.00","--","90342.00","-133732.00","0.00","--","599240.00","--","--","0.00","599240.00","0.00","0.00","0.00","9.32"
"115/09/02","114","4","3231","緯創","944131671.00","153594506.00","1097726177.00","732221109.00","112216664.00","844437773.00","31804123.00","--","80842592.00","66870597.00","-1937996.00","0.00","177579316.00","--","--","75709088.00","253288404.00","0.00","0.00","0.00","55.84"
"115/09/02","114","4","3257","虹冠電","1928531.00","548780.00","2477311.00","230980.00","484035.00","715015.00","798236.00","--","217751.00","773121.00","-15403.00","-11409.00","1762296.00","--","--","--","1762296.00","--","0.00","259000.00","22.15"
"115/09/02","114","4","3266","昇陽","12223988.00","1084086.00","13308074.00","6638020.00","275586.00","6913606.00","3523143.00","--","802671.00","2028931.00","0.00","--","6354745.00","--","--","39723.00","6394468.00","0.00","0.00","0.00","18.04"
"115/09/02","114","4","3296","勝德","1506048.00","717532.00","2223580.00","943482.00","22386.00","965868.00","967244.00","--","183364.00","208296.00","-101192.00","--","1257712.00","--","--","--","1257712.00","0.00","0.00","0.00","13.00"
"115/09/02","114","4","3305","昇貿","9224746.00","3306760.00","12531506.00","5369182.00","1472238.00","6841420.00","1437094.00","--","2042683.00","2500488.00","-75051.00","-234911.00","5670303.00","--","--","19783.00","5690086.00","0.00","0.00","4337000.00","40.68"
"115/09/02","114","4","3308","聯德","1525243.00","648903.00","2174146.00","788150.00","264716.00","1052866.00","600000.00","--","4906.00","519617.00","-3243.00","--","1121280.00","--","--","0.00","1121280.00","--","0.00","0.00","18.69"
"115/09/02","114","4","3311","閎暉","1646306.00","3368515.00","5014821.00","1305261.00","70918.00","1376179.00","1000000.00","--","1193133.00","1703464.00","-257955.00","--","3638642.00","--","--","--","3638642.00","--","0.00","0.00","36.39"
"115/09/02","114","4","3312","弘憶股","9060862.00","2138765.00","11199627.00","6054073.00","974526.00","7028599.00","1826268.00","--","972947.00","1019683.00","89383.00","--","3908281.00","--","--","262747.00","4171028.00","0.00","0.00","0.00","21.40"
"115/09/02","114","4","3321","同泰","1649730.00","489966.00","2139696.00","1158191.00","263577.00","1421768.00","861138.00","--","99265.00","-180133.00","-62342.00","--","717928.00","--","--","--","717928.00","0.00","0.00","0.00","8.34"
"115/09/02","114","4","3338","泰碩","2739040.00","743236.00","3482276.00","1359412.00","137942.00","1497354.00","879081.00","--","348929.00","840308.00","-32762.00","-50634.00","1984922.00","--","--","--","1984922.00","0.00","0.00","1082000.00","22.86"
"115/09/02","114","4","3346","麗清","8035312.00","2290601.00","10325913.00","4590848.00","2157784.00","6748632.00","1212284.00","--","1725054.00","738042.00","-77977.00","-20122.00","3577281.00","--","--","--","3577281.00","--","0.00","750000.00","29.69"
"115/09/02","114","4","3356","奇偶","2542793.00","216041.00","2758834.00","233518.00","31908.00","265426.00","799417.00","--","225409.00","1455353.00","2762.00","--","2482941.00","--","--","10467.00","2493408.00","0.00","0.00","0.00","31.06"
"115/09/02","114","4","3376","新日興","10994305.00","11232521.00","22226826.00","3831316.00","1205520.00","5036836.00","1957638.00","--","2493641.00","12856170.00","-117459.00","--","17189990.00","--","--","--","17189990.00","--","0.00","0.00","87.81"
"115/09/02","114","4","3380","明泰","17114366.00","7045579.00","24159945.00","10377427.00","743144.00","11120571.00","5417185.00","--","2354126.00","1510849.00","-158330.00","--","9123830.00","--","--","3915544.00","13039374.00","--","0.00","0.00","16.84"
"115/09/02","114","4","3406","玉晶光","21377953.00","22262789.00","43640742.00","8645817.00","8511118.00","17156935.00","1127431.00","--","9239675.00","15772013.00","371259.00","--","26510378.00","--","--","-26571.00","26483807.00","--","0.00","0.00","235.14"
"115/09/02","114","4","3413","京鼎","14679526.00","13549684.00","28229210.00","8026170.00","2243268.00","10269438.00","1105710.00","--","6166283.00","8852159.00","415307.00","--","16539459.00","--","--","1420313.00","17959772.00","0.00","145480.00","0.00","150.41"
"115/09/02","114","4","3416","融程電","2713497.00","2262376.00","4975873.00","1405429.00","39580.00","1445009.00","804920.00","--","1050202.00","1699130.00","-20632.00","--","3533620.00","--","--","-2756.00","3530864.00","--","95000.00","0.00","43.88"
"115/09/02","114","4","3419","譁裕","1092815.00","785192.00","1878007.00","766177.00","147471.00","913648.00","1204804.00","--","425.00","-165667.00","-75203.00","--","964359.00","--","--","0.00","964359.00","--","0.00","0.00","8.00"
"115/09/02","114","4","3432","台端","273953.00","85940.00","359893.00","25807.00","26376.00","52183.00","422300.00","--","178201.00","-247972.00","-44819.00","--","307710.00","--","--","--","307710.00","0.00","0.00","0.00","7.29"
"115/09/02","114","4","3437","榮創","1713316.00","1067269.00","2780585.00","647855.00","20606.00","668461.00","1445480.00","--","890972.00","-383404.00","98960.00","--","2052008.00","--","--","60116.00","2112124.00","0.00","0.00","0.00","14.20"
"115/09/02","114","4","3443","創意","25737418.00","2705650.00","28443068.00","15033293.00","496983.00","15530276.00","1340119.00","--","32896.00","11555644.00","-15867.00","--","12912792.00","--","--","--","12912792.00","--","0.00","0.00","96.36"
"115/09/02","114","4","3447","展達","2927760.00","255672.00","3183432.00","1887300.00","5069.00","1892369.00","774491.00","--","186771.00","329893.00","-92.00","--","1291063.00","--","--","--","1291063.00","0.00","0.00","0.00","16.67"
"115/09/02","114","4","3450","聯鈞","7558893.00","5703012.00","13261905.00","3763145.00","1675895.00","5439040.00","1456814.00","--","456222.00","3191534.00","-41079.00","--","5063491.00","--","--","2759374.00","7822865.00","--","0.00","0.00","34.76"
"115/09/02","114","4","3481","群創","183075388.00","201217809.00","384293197.00","127995656.00","32824745.00","160820401.00","79891974.00","--","103976371.00","43651728.00","-6138062.00","-56914.00","221325097.00","--","--","2147699.00","223472796.00","--","0.00","4072200.00","27.72"
"115/09/02","114","4","3494","誠研","433135.00","1421660.00","1854795.00","489673.00","694203.00","1183876.00","948000.00","--","137865.00","-479940.00","-29303.00","--","576622.00","--","--","94297.00","670919.00","--","0.00","0.00","6.08"
"115/09/02","114","4","3501","維熹","6116630.00","3500622.00","9617252.00","1786630.00","879459.00","2666089.00","1182579.00","--","1745838.00","4205564.00","-182818.00","--","6951163.00","--","--","--","6951163.00","0.00","0.00","0.00","58.78"
"115/09/02","114","4","3504","揚明光","2216643.00","2014325.00","4230968.00","984347.00","451486.00","1435833.00","1140598.00","--","1648205.00","125058.00","-118726.00","--","2795135.00","--","--","0.00","2795135.00","0.00","0.00","0.00","24.51"
"115/09/02","114","4","3515","華擎","25120093.00","2009979.00","27130072.00","11970132.00","60580.00","12030712.00","1235450.00","--","5331349.00","5580780.00","-158270.00","--","11989309.00","--","--","3110051.00","15099360.00","1500.00","0.00","0.00","97.04"
"115/09/02","114","4","3518","柏騰","1122341.00","1123720.00","2246061.00","378577.00","467365.00","845942.00","1026622.00","--","678090.00","-148052.00","-156541.00","--","1400119.00","--","--","--","1400119.00","--","0.00","0.00","13.64"
"115/09/02","114","4","3528","安馳","8999049.00","171624.00","9170673.00","7207011.00","33804.00","7240815.00","666392.00","--","301767.00","906336.00","55363.00","--","--","--","--","--","1929858.00","--","0.00","0.00","28.96"
"115/09/02","114","4","3530","晶相光","2377566.00","398327.00","2775893.00","314316.00","10385.00","324701.00","774759.00","--","1156394.00","517789.00","2250.00","0.00","2451192.00","--","--","--","2451192.00","--","0.00","0.00","31.64"
"115/09/02","114","4","3532","台勝科","8804263.00","42491826.00","51296089.00","3200286.00","23387568.00","26587854.00","3878483.00","--","5739406.00","15185716.00","-95370.00","--","24708235.00","--","--","--","24708235.00","--","0.00","0.00","63.71"
"115/09/02","114","4","3533","嘉澤","33234169.00","17199082.00","50433251.00","9004924.00","1013492.00","10018416.00","1125347.00","--","9863444.00","28127001.00","4202.00","-676152.00","38443842.00","--","--","1970993.00","40414835.00","0.00","0.00","601000.00","343.45"
"115/09/02","114","4","3535","晶彩科","1183170.00","467961.00","1651131.00","436065.00","180427.00","616492.00","790523.00","--","98490.00","150388.00","-4762.00","--","1034639.00","--","--","--","1034639.00","--","0.00","0.00","13.09"
"115/09/02","114","4","3543","州巧","2679394.00","1698784.00","4378178.00","1059959.00","633484.00","1693443.00","946344.00","--","1673964.00","220695.00","-355248.00","-25619.00","2460136.00","--","--","224599.00","2684735.00","0.00","1534648.00","1000000.00","27.40"
"115/09/02","114","4","3545","敦泰","8272576.00","5277651.00","13550227.00","3873186.00","1048255.00","4921441.00","2211512.00","--","6247294.00","462544.00","-22753.00","-269871.00","8628726.00","--","--","60.00","8628786.00","--","0.00","3598000.00","39.66"
"115/09/02","114","4","3550","聯穎","2636754.00","1449083.00","4085837.00","1027868.00","1492576.00","2520444.00","1075500.00","--","424075.00","242638.00","-194788.00","--","1547425.00","--","--","17968.00","1565393.00","0.00","0.00","0.00","14.39"
"115/09/02","114","4","3557","嘉威","2242835.00","4237379.00","6480214.00","2444713.00","1556587.00","4001300.00","843154.00","--","682138.00","956094.00","-2472.00","--","2478914.00","--","--","--","2478914.00","--","0.00","0.00","29.40"
"115/09/02","114","4","3563","牧德","5926301.00","964544.00","6890845.00","988842.00","103549.00","1092391.00","639608.00","--","1835550.00","3197752.00","3847.00","--","5676757.00","--","--","121697.00","5798454.00","--","0.00","0.00","88.75"
"115/09/02","114","4","3576","聯合再生","8018591.00","16028450.00","24047041.00","9093413.00","4536711.00","13630124.00","16277954.00","--","1873.00","-6079748.00","202515.00","-18699.00","10383895.00","--","--","33022.00","10416917.00","--","0.00","1065679.00","6.38"
"115/09/02","114","4","3583","辛耘","20158200.00","4904302.00","25062502.00","18210355.00","441844.00","18652199.00","803313.00","--","918806.00","3824450.00","512474.00","--","6059043.00","--","--","351260.00","6410303.00","--","0.00","0.00","75.43"
"115/09/02","114","4","3588","通嘉","1514290.00","473352.00","1987642.00","209419.00","24057.00","233476.00","620142.00","--","386143.00","771852.00","-23971.00","--","1754166.00","--","--","--","1754166.00","--","0.00","0.00","28.29"
"115/09/02","114","4","3591","艾笛森","2306441.00","1796969.00","4103410.00","626969.00","500863.00","1127832.00","1454824.00","--","1558032.00","30425.00","-166648.00","-73473.00","2803160.00","--","--","172418.00","2975578.00","0.00","0.00","4025827.00","19.82"
"115/09/02","114","4","3592","瑞鼎","17335644.00","2323599.00","19659243.00","7694303.00","445083.00","8139386.00","758552.00","--","4712933.00","6462155.00","-413783.00","--","11519857.00","--","--","--","11519857.00","0.00","0.00","0.00","151.87"
"115/09/02","114","4","3593","力銘","827825.00","505271.00","1333096.00","612316.00","429325.00","1041641.00","608255.00","--","16422.00","-409299.00","76077.00","--","291455.00","--","--","--","291455.00","--","0.00","0.00","4.79"
"115/09/02","114","4","3596","智易","37352655.00","7458344.00","44810999.00","27510239.00","267597.00","27777836.00","2203543.00","--","3429455.00","11249315.00","62391.00","--","16944704.00","--","--","88459.00","17033163.00","--","0.00","0.00","76.90"
"115/09/02","114","4","3605","宏致","7505706.00","7343711.00","14849417.00","4015546.00","2899645.00","6915191.00","1637848.00","--","2200744.00","3918287.00","176514.00","0.00","7933393.00","--","--","833.00","7934226.00","0.00","1431700.00","0.00","48.44"
"115/09/02","114","4","3607","谷崧","2096479.00","769175.00","2865654.00","969575.00","148333.00","1117908.00","1216622.00","--","1210792.00","30574.00","-710242.00","--","1747746.00","--","--","0.00","1747746.00","--","0.00","0.00","14.37"
"115/09/02","114","4","3617","碩天","9994262.00","4224843.00","14219105.00","2769958.00","1774962.00","4544920.00","941660.00","--","3110236.00","5476602.00","66249.00","--","9594747.00","--","--","79438.00","9674185.00","--","0.00","0.00","101.89"
"115/09/02","114","4","3622","洋華","6442638.00","2302080.00","8744718.00","603946.00","262671.00","866617.00","1513276.00","--","1623206.00","2494207.00","2166970.00","--","7797659.00","--","--","80442.00","7878101.00","--","0.00","0.00","51.53"
"115/09/02","114","4","3645","達邁","1682842.00","3271706.00","4954548.00","783284.00","855170.00","1638454.00","1367542.00","--","792934.00","1137246.00","-8.00","--","3297714.00","--","--","18380.00","3316094.00","--","0.00","0.00","24.11"
"115/09/02","114","4","3652","精聯","2101930.00","522096.00","2624026.00","599690.00","85734.00","685424.00","750975.00","--","935226.00","269075.00","-19262.00","--","1936014.00","--","--","2588.00","1938602.00","--","0.00","0.00","25.78"
"115/09/02","114","4","3653","健策","18566576.00","9402155.00","27968731.00","4453346.00","450672.00","4904018.00","1467328.00","--","12767546.00","8568650.00","33836.00","--","22837360.00","--","--","227353.00","23064713.00","--","1862754.00","0.00","155.64"
"115/09/02","114","4","3661","世芯-KY","53057047.00","4981685.00","58038732.00","16974725.00","239770.00","17214495.00","812836.00","--","25754605.00","13404837.00","832866.00","0.00","40805144.00","0.00","--","19093.00","40824237.00","0.00","0.00","0.00","502.01"
"115/09/02","114","4","3665","貿聯-KY","51411663.00","30901128.00","82312791.00","20629691.00","15040452.00","35670143.00","1954189.00","--","23502512.00","19462899.00","1714852.00","--","46634452.00","--","--","8196.00","46642648.00","0.00","33500.00","0.00","239.15"
"115/09/02","114","4","3669","圓展","2147056.00","2345055.00","4492111.00","1056900.00","123194.00","1180094.00","929200.00","--","735120.00","1838974.00","-191277.00","--","3312017.00","--","--","--","3312017.00","--","0.00","0.00","35.64"
"115/09/02","114","4","3673","TPK-KY","62209240.00","22671039.00","84880279.00","31462914.00","13856555.00","45319469.00","4066638.00","--","28895221.00","3551105.00","2850447.00","--","39363411.00","--","--","197399.00","39560810.00","--","0.00","0.00","96.80"
"115/09/02","114","4","3679","新至陞","6635161.00","2513690.00","9148851.00","2359015.00","1803697.00","4162712.00","630222.00","--","940899.00","3599113.00","-184095.00","--","4986139.00","--","--","--","4986139.00","0.00","0.00","0.00","79.12"
"115/09/02","114","4","3686","達能","403427.00","274927.00","678354.00","7218.00","2662.00","9880.00","764951.00","--","6123.00","-102600.00","--","--","668474.00","--","--","--","668474.00","0.00","0.00","0.00","8.74"
"115/09/02","114","4","3694","海華","6004990.00","1169823.00","7174813.00","3463081.00","44131.00","3507212.00","1549472.00","--","1170778.00","1054210.00","-106859.00","--","3667601.00","--","--","--","3667601.00","--","0.00","0.00","23.67"
"115/09/02","114","4","3701","大眾控","9458611.00","3875504.00","13334115.00","3464526.00","3357384.00","6821910.00","2365422.00","--","1681927.00","998353.00","-261954.00","--","4783748.00","--","--","1728457.00","6512205.00","--","0.00","0.00","20.22"
"115/09/02","114","4","3702","大聯大","364594708.00","46377356.00","410972064.00","285941031.00","39780778.00","325721809.00","16790568.00","--","22853878.00","45127942.00","-1927114.00","--","82845274.00","--","--","2404981.00","85250255.00","0.00","0.00","0.00","49.34"
"115/09/02","114","4","3703","欣陸","62151423.00","34695532.00","96846955.00","51878628.00","15660373.00","67539001.00","8232160.00","--","6884018.00","11057554.00","1661521.00","--","27835253.00","--","--","1472701.00","29307954.00","--","0.00","0.00","33.81"
"115/09/02","114","4","3704","合勤控","17112890.00","4751154.00","21864044.00","9305524.00","706023.00","10011547.00","4154450.00","--","3715272.00","4275485.00","-461742.00","-96550.00","11586915.00","--","--","265582.00","11852497.00","--","0.00","7317397.00","28.39"
"115/09/02","114","4","3705","永信","7012447.00","5600051.00","12612498.00","2019685.00","1618228.00","3637913.00","2664230.00","--","2382035.00","3371228.00","-257363.00","-1439.00","8158691.00","--","--","815894.00","8974585.00","0.00","0.00","58059.00","30.63"
"115/09/02","114","4","3706","神達","73652228.00","57265234.00","130917462.00","43434183.00","17840167.00","61274350.00","13272125.00","--","23152337.00","30846596.00","1188237.00","--","68459295.00","--","--","1183817.00","69643112.00","0.00","0.00","0.00","51.58"
"115/09/02","114","4","3708","上緯投控","7553968.00","11043463.00","18597431.00","2950792.00","512553.00","3463345.00","1077672.00","--","6146453.00","6567785.00","2179065.00","-718494.00","15252481.00","--","--","-118395.00","15134086.00","0.00","0.00","6000000.00","149.88"
"115/09/02","114","4","3711","日月光投控","313795092.00","575538262.00","889333354.00","244348583.00","271617138.00","515965721.00","44479768.00","--","156457170.00","140171237.00","7750840.00","-1959107.00","346899908.00","--","--","26467725.00","373367633.00","--","11834800.00","72941505.00","79.29"
"115/09/02","114","4","3712","永崴投控","30402818.00","31486066.00","61888884.00","46005785.00","11986738.00","57992523.00","2462421.00","--","5738331.00","-4947554.00","62041.00","--","3315239.00","--","--","581122.00","3896361.00","--","0.00","0.00","13.46"
"115/09/02","114","4","3714","富采","28342886.00","23412852.00","51755738.00","7737565.00","1618753.00","9356318.00","7379405.00","--","36135091.00","-2686904.00","716490.00","-135163.00","41408919.00","--","--","990501.00","42399420.00","0.00","0.00","1282377.00","56.21"
"115/09/02","114","4","3715","定穎投控","17781362.00","20863433.00","38644795.00","13577864.00","12403401.00","25981265.00","2835746.00","--","5453145.00","2348972.00","167530.00","--","10805393.00","--","--","1858137.00","12663530.00","0.00","0.00","0.00","38.10"
"115/09/02","114","4","3716","中化控股","5758197.00","6688992.00","12447189.00","4099620.00","735937.00","4835557.00","1497656.00","--","5907847.00","486623.00","-173841.00","-146631.00","7571654.00","--","--","39978.00","7611632.00","0.00","0.00","3624941.00","51.81"
"115/09/02","114","4","3717","聯嘉投控","5104655.00","3259541.00","8364196.00","4293222.00","858811.00","5152033.00","2078455.00","--","1077831.00","65197.00","-13249.00","0.00","3208234.00","--","--","3929.00","3212163.00","--","0.00","0.00","15.44"
"115/09/02","114","4","4104","佳醫","10366292.00","8610905.00","18977197.00","6192003.00","1060587.00","7252590.00","1715674.00","--","3390833.00","3740835.00","344945.00","--","9192287.00","--","--","2532320.00","11724607.00","0.00","0.00","0.00","53.58"
"115/09/02","114","4","4106","雃博","1698085.00","1480605.00","3178690.00","541902.00","106465.00","648367.00","1009116.00","--","345736.00","1211719.00","-36550.00","--","2530021.00","--","--","302.00","2530323.00","--","0.00","0.00","25.07"
"115/09/02","114","4","4108","懷特","1263922.00","1089155.00","2353077.00","46119.00","13305.00","59424.00","1986189.00","--","6349.00","-282059.00","162306.00","--","1872785.00","--","--","420868.00","2293653.00","--","0.00","0.00","9.43"
"115/09/02","114","4","4119","旭富","1090422.00","5796424.00","6886846.00","1036371.00","455993.00","1492364.00","1195087.00","--","2234986.00","1967847.00","-3438.00","--","5394482.00","--","--","--","5394482.00","0.00","0.00","0.00","45.14"
"115/09/02","114","4","4133","亞諾法","915458.00","411777.00","1327235.00","53787.00","16953.00","70740.00","605536.00","0.00","474527.00","181513.00","-5081.00","0.00","1256495.00","0.00","--","0.00","1256495.00","--","0.00","0.00","20.75"
"115/09/02","114","4","4137","麗豐-KY","6584215.00","2939697.00","9523912.00","3536806.00","710296.00","4247102.00","824924.00","--","1669425.00","3254609.00","-472148.00","--","5276810.00","--","--","--","5276810.00","--","0.00","0.00","63.97"
"115/09/02","114","4","4142","國光生","3271118.00","4921514.00","8192632.00","1545848.00","1595072.00","3140920.00","4295078.00","--","829498.00","86120.00","26237.00","-292538.00","4944395.00","--","--","107317.00","5051712.00","0.00","0.00","8000000.00","11.73"
"115/09/02","114","4","4148","全宇生技-KY","3062611.00","1162138.00","4224749.00","613699.00","166129.00","779828.00","672357.00","--","782370.00","1498796.00","-210437.00","--","2743086.00","--","--","701835.00","3444921.00","--","0.00","0.00","40.80"
"115/09/02","114","4","4155","訊映","1249253.00","2600171.00","3849424.00","547601.00","725715.00","1273316.00","1448142.00","--","885197.00","263701.00","-83858.00","0.00","2513182.00","--","--","62926.00","2576108.00","0.00","0.00","0.00","17.35"
"115/09/02","114","4","4164","承業醫","4984640.00","10641436.00","15626076.00","2670093.00","4906238.00","7576331.00","1953110.00","--","4858430.00","1231326.00","-413342.00","--","7629524.00","--","--","420221.00","8049745.00","0.00","0.00","0.00","39.06"
"115/09/02","114","4","4169","泰宗","858462.00","345713.00","1204175.00","114888.00","33972.00","148860.00","590486.00","--","415772.00","51631.00","-2574.00","--","1055315.00","--","--","--","1055315.00","0.00","0.00","0.00","17.87"
"115/09/02","114","4","4178","永笙-KY","2610034.00","480179.00","3090213.00","250426.00","1100966.00","1351392.00","1935698.00","--","1285477.00","-1367207.00","-115147.00","--","1738821.00","--","--","--","1738821.00","--","784000.00","0.00","9.00"
"115/09/02","114","4","4190","佐登-KY","1625865.00","5167951.00","6793816.00","3363986.00","1794095.00","5158081.00","616688.00","--","749191.00","441648.00","-63356.00","-108436.00","1635735.00","--","--","--","1635735.00","--","0.00","2000000.00","27.41"
"115/09/02","114","4","4195","基米-創","639363.00","786770.00","1426133.00","533300.00","310768.00","844068.00","724481.00","--","1070.00","-213334.00","-1873.00","--","510344.00","--","--","71721.00","582065.00","--","0.00","0.00","7.04"
"115/09/02","114","4","4306","炎洲","24058991.00","12796088.00","36855079.00","13752795.00","9544005.00","23296800.00","6767572.00","--","2761420.00","3288010.00","251727.00","-243995.00","12824734.00","--","--","733545.00","13558279.00","--","0.00","18791283.00","19.49"
"115/09/02","114","4","4414","如興","7903697.00","5509211.00","13412908.00","8566726.00","335377.00","8902103.00","2637957.00","--","1272927.00","243518.00","143905.00","--","4298307.00","--","--","212498.00","4510805.00","--","0.00","0.00","16.29"
"115/09/02","114","4","4426","利勤","759309.00","3511749.00","4271058.00","882127.00","1514883.00","2397010.00","1726773.00","--","42859.00","120795.00","-16633.00","--","1873794.00","--","--","254.00","1874048.00","0.00","0.00","0.00","10.85"
"115/09/02","114","4","4438","廣越","11656558.00","6243280.00","17899838.00","5669886.00","1729505.00","7399391.00","1134255.00","--","3768138.00","4003068.00","-347005.00","-62946.00","8495510.00","--","--","2004937.00","10500447.00","--","0.00","754000.00","75.40"
"115/09/02","114","4","4439","冠星-KY","3255106.00","2946905.00","6202011.00","2139966.00","706068.00","2846034.00","380973.00","--","1688853.00","1332330.00","-46179.00","0.00","3355977.00","--","--","--","3355977.00","--","0.00","0.00","88.09"
"115/09/02","114","4","4440","宜新實業","737547.00","1560584.00","2298131.00","493350.00","481364.00","974714.00","675980.00","--","281904.00","360626.00","4907.00","--","--","--","--","--","1323417.00","--","0.00","0.00","19.58"
"115/09/02","114","4","4441","振大環球","7064497.00","1472650.00","8537147.00","1518588.00","56359.00","1574947.00","681756.00","--","2408340.00","3861579.00","2317.00","--","6953992.00","--","--","8208.00","6962200.00","--","0.00","0.00","102.00"
"115/09/02","114","4","4526","東台","7719126.00","4821554.00","12540680.00","6221927.00","1476682.00","7698609.00","2548265.00","--","1234496.00","871520.00","210970.00","-76916.00","4788335.00","--","--","53736.00","4842071.00","--","0.00","3000000.00","19.01"
"115/09/02","114","4","4532","瑞智","21582783.00","6736756.00","28319539.00","15826814.00","1123909.00","16950723.00","5048951.00","--","1367666.00","5188838.00","-785064.00","-451631.00","10368760.00","--","--","1000056.00","11368816.00","--","0.00","19200000.00","21.35"
"115/09/02","114","4","4536","拓凱","8728526.00","5257995.00","13986521.00","2568141.00","1555265.00","4123406.00","908200.00","--","1639532.00","7155106.00","-278570.00","--","9424268.00","--","--","438847.00","9863115.00","--","0.00","0.00","103.77"
"115/09/02","114","4","4540","全球傳動","3871771.00","3663365.00","7535136.00","1873145.00","2212713.00","4085858.00","1151868.00","--","2267162.00","-22694.00","52942.00","--","3449278.00","--","--","--","3449278.00","0.00","2110073.00","0.00","29.95"
"115/09/02","114","4","4545","銘鈺","1754525.00","1368534.00","3123059.00","1095109.00","127127.00","1222236.00","770000.00","--","642785.00","496418.00","-8380.00","--","1900823.00","--","--","--","1900823.00","0.00","0.00","0.00","24.69"
"115/09/02","114","4","4551","智伸科","9953748.00","3952510.00","13906258.00","4336507.00","610809.00","4947316.00","1152225.00","--","3696715.00","4201402.00","-91400.00","--","8958942.00","--","--","--","8958942.00","--","0.00","0.00","77.75"
"115/09/02","114","4","4552","力達-KY","3805991.00","4043548.00","7849539.00","1000014.00","640389.00","1640403.00","1160000.00","--","1548200.00","3969533.00","-468597.00","--","6209136.00","--","--","--","6209136.00","0.00","0.00","0.00","53.53"
"115/09/02","114","4","4555","氣立","2272146.00","2236619.00","4508765.00","593320.00","963895.00","1557215.00","699876.00","--","735215.00","1493823.00","-65374.00","-22333.00","2841207.00","--","--","110343.00","2951550.00","--","0.00","500000.00","40.89"
"115/09/02","114","4","4557","永新-KY","3684554.00","1969646.00","5654200.00","2716908.00","172886.00","2889794.00","479718.00","--","1374003.00","808820.00","-133261.00","--","2529280.00","--","--","235126.00","2764406.00","0.00","0.00","0.00","52.72"
"115/09/02","114","4","4560","強信-KY","1667667.00","801981.00","2469648.00","451385.00","22624.00","474009.00","680972.00","--","396563.00","961623.00","-43519.00","--","1995639.00","--","--","--","1995639.00","--","0.00","0.00","29.31"
"115/09/02","114","4","4562","穎漢","1203677.00","944614.00","2148291.00","959192.00","268464.00","1227656.00","875460.00","--","347812.00","-335887.00","17426.00","--","904811.00","--","--","15824.00","920635.00","--","0.00","0.00","10.34"
"115/09/02","114","4","4564","元翎","1596302.00","5034662.00","6630964.00","1031640.00","1481824.00","2513464.00","2327883.00","--","2210846.00","-416538.00","-4691.00","--","4117500.00","--","--","--","4117500.00","--","0.00","0.00","17.69"
"115/09/02","114","4","4566","時碩工業","5296255.00","5278101.00","10574356.00","2827389.00","2710493.00","5537882.00","1098118.00","--","2812750.00","1033661.00","2762.00","--","4947291.00","--","--","89183.00","5036474.00","--","0.00","0.00","45.05"
"115/09/02","114","4","4569","六方科-KY","1864320.00","1700944.00","3565264.00","160134.00","623303.00","783437.00","306000.00","--","1929187.00","494230.00","76988.00","-26557.00","2779848.00","--","--","1979.00","2781827.00","0.00","0.00","204000.00","91.45"
"115/09/02","114","4","4571","鈞興-KY","2981274.00","1036107.00","4017381.00","804273.00","51646.00","855919.00","530171.00","--","1172101.00","1616665.00","-66185.00","-91290.00","3161462.00","--","--","--","3161462.00","--","0.00","1097000.00","60.89"
"115/09/02","114","4","4572","駐龍","1841136.00","1123458.00","2964594.00","637456.00","302879.00","940335.00","400000.00","--","109648.00","1514611.00","--","--","2024259.00","--","--","--","2024259.00","0.00","0.00","0.00","50.61"
"115/09/02","114","4","4576","大銀微系統","2818593.00","4190764.00","7009357.00","1342861.00","1230641.00","2573502.00","1198018.00","--","1578181.00","1281986.00","44486.00","--","4102671.00","--","--","333184.00","4435855.00","--","0.00","0.00","34.25"
"115/09/02","114","4","4581","光隆精密-KY","1750168.00","737690.00","2487858.00","531193.00","726572.00","1257765.00","338990.00","--","367128.00","516813.00","5364.00","0.00","1228295.00","--","--","1798.00","1230093.00","--","0.00","0.00","36.23"
"115/09/02","114","4","4582","聚恆-創","1957064.00","1955325.00","3912389.00","2141556.00","501538.00","2643094.00","666000.00","--","131271.00","463865.00","--","--","1261136.00","--","--","8159.00","1269295.00","0.00","0.00","0.00","18.94"
"115/09/02","114","4","4583","台灣精銳","7162965.00","4089336.00","11252301.00","410961.00","652339.00","1063300.00","801714.00","--","883257.00","8504030.00","0.00","--","10189001.00","--","--","--","10189001.00","--","0.00","0.00","127.09"
"115/09/02","114","4","4585","達明","5919580.00","1829756.00","7749336.00","848776.00","29365.00","878141.00","1125926.00","--","5347426.00","396291.00","1552.00","--","6871195.00","--","--","--","6871195.00","0.00","1712000.00","0.00","65.75"
"115/09/02","114","4","4588","玖鼎電力","1100706.00","1028467.00","2129173.00","572458.00","627598.00","1200056.00","429850.00","--","272964.00","226303.00","--","--","--","--","--","--","929117.00","0.00","0.00","0.00","21.61"
"115/09/02","114","4","4590","富田-創","2890988.00","3031997.00","5922985.00","1320258.00","1282636.00","2602894.00","513384.00","--","2291042.00","516320.00","-655.00","--","--","--","--","--","3320091.00","--","0.00","0.00","64.67"
"115/09/02","114","4","4720","德淵","1935705.00","1534635.00","3470340.00","1292053.00","393763.00","1685816.00","1145160.00","--","124374.00","423797.00","-67634.00","--","1625697.00","--","--","158827.00","1784524.00","--","0.00","0.00","14.20"
"115/09/02","114","4","4722","國精化","2843405.00","3956079.00","6799484.00","1478099.00","2120988.00","3599087.00","1029011.00","--","508715.00","1665503.00","-2832.00","--","3200397.00","--","--","--","3200397.00","0.00","342000.00","0.00","31.32"
"115/09/02","114","4","4736","泰博","7572943.00","5211515.00","12784458.00","2380909.00","279103.00","2660012.00","953744.00","--","1807110.00","6990051.00","34747.00","--","9785652.00","--","--","338794.00","10124446.00","--","0.00","0.00","102.60"
"115/09/02","114","4","4737","華廣","1561116.00","4143284.00","5704400.00","2078308.00","1870480.00","3948788.00","673324.00","--","1079304.00","-167217.00","159995.00","--","1745406.00","--","--","10206.00","1755612.00","--","12600.00","0.00","25.94"
"115/09/02","114","4","4739","康普","6664416.00","5914420.00","12578836.00","3732055.00","2128887.00","5860942.00","1186493.00","--","3485068.00","1120632.00","-28495.00","-3268.00","5760430.00","--","--","957464.00","6717894.00","0.00","0.00","673495.00","48.83"
"115/09/02","114","4","4746","台耀","5549100.00","8284217.00","13833317.00","2900325.00","2262850.00","5163175.00","1202560.00","--","3570380.00","3010582.00","-26339.00","--","7757183.00","--","--","912959.00","8670142.00","0.00","0.00","0.00","64.51"
"115/09/02","114","4","4755","三福化","3215912.00","5253596.00","8469508.00","2674468.00","410218.00","3084686.00","1007060.00","--","269376.00","3302676.00","685086.00","--","5264198.00","--","--","120624.00","5384822.00","--","0.00","0.00","52.27"
"115/09/02","114","4","4763","材料*-KY","17516866.00","4320817.00","21837683.00","1765770.00","--","1765770.00","989147.00","--","3988643.00","14708590.00","214706.00","0.00","19901086.00","--","--","170827.00","20071913.00","--","0.00","0.00","20.12"
"115/09/02","114","4","4764","雙鍵","2590622.00","2184381.00","4775003.00","1902165.00","529585.00","2431750.00","855421.00","--","358115.00","1146505.00","-21120.00","--","2338921.00","--","--","4332.00","2343253.00","--","0.00","0.00","27.34"
"115/09/02","114","4","4766","南寶","17526191.00","10206153.00","27732344.00","7465665.00","4836236.00","12301901.00","1205707.00","--","2149362.00","9881165.00","558258.00","--","13794492.00","--","--","1635951.00","15430443.00","--","0.00","0.00","114.41"
"115/09/02","114","4","4770","上品","8288388.00","2065883.00","10354271.00","1786477.00","335949.00","2122426.00","799760.00","--","2045485.00","5322893.00","63707.00","--","8231845.00","--","--","--","8231845.00","--","0.00","0.00","102.93"
"115/09/02","114","4","4771","望隼","2658436.00","4402674.00","7061110.00","1044127.00","1608455.00","2652582.00","585277.00","--","1851365.00","1518411.00","29448.00","--","3984501.00","--","--","424027.00","4408528.00","--","0.00","0.00","68.08"
"115/09/02","114","4","4807","日成-KY","1085488.00","453895.00","1539383.00","584346.00","78830.00","663176.00","383960.00","--","375499.00","-11650.00","27993.00","--","775802.00","--","--","100405.00","876207.00","0.00","0.00","0.00","20.21"
"115/09/02","114","4","4904","遠傳","34981474.00","147134964.00","182116438.00","33275025.00","55168602.00","88443627.00","36070254.00","--","20125190.00","36152356.00","-207149.00","--","92140651.00","--","--","1532160.00","93672811.00","0.00","0.00","0.00","25.54"
"115/09/02","114","4","4906","正文","11649435.00","7321990.00","18971425.00","6830453.00","384517.00","7214970.00","4275941.00","--","5752423.00","2106872.00","-724322.00","--","11410914.00","--","--","345541.00","11756455.00","--","0.00","0.00","26.69"
"115/09/02","114","4","4912","聯德控股-KY","6423130.00","2657363.00","9080493.00","3567041.00","1601764.00","5168805.00","670931.00","--","1587132.00","1674880.00","-50960.00","--","3881983.00","--","--","29705.00","3911688.00","--","0.00","0.00","57.86"
"115/09/02","114","4","4915","致伸","36374077.00","14849742.00","51223819.00","26848416.00","3852868.00","30701284.00","4711428.00","--","3894162.00","12707526.00","-790581.00","--","20522535.00","--","--","0.00","20522535.00","0.00","0.00","0.00","43.56"
"115/09/02","114","4","4916","事欣科","3305111.00","1682953.00","4988064.00","1429155.00","493975.00","1923130.00","1233899.00","--","1302846.00","523021.00","-5408.00","--","3054358.00","--","--","10576.00","3064934.00","--","0.00","0.00","24.75"
"115/09/02","114","4","4919","新唐","18300831.00","11690597.00","29991428.00","8842408.00","8031184.00","16873592.00","4197653.00","--","7099820.00","3425273.00","-1604910.00","--","13117836.00","--","--","--","13117836.00","--","0.00","0.00","31.25"
"115/09/02","114","4","4927","泰鼎-KY","6857421.00","12682529.00","19539950.00","11525912.00","2122490.00","13648402.00","2649380.00","--","3746477.00","-722744.00","197821.00","--","5870934.00","--","--","20614.00","5891548.00","--","0.00","0.00","22.16"
"115/09/02","114","4","4930","燦星網","7731461.00","3543629.00","11275090.00","2316103.00","2616213.00","4932316.00","800000.00","--","1785848.00","889871.00","-262199.00","--","3213520.00","--","--","3129254.00","6342774.00","0.00","0.00","0.00","40.17"
"115/09/02","114","4","4934","太極","991173.00","1414171.00","2405344.00","470291.00","239032.00","709323.00","2250000.00","--","71309.00","-333367.00","-434315.00","--","1553627.00","--","--","142394.00","1696021.00","--","0.00","0.00","6.91"
"115/09/02","114","4","4935","茂林-KY","6252931.00","3751741.00","10004672.00","1089284.00","967367.00","2056651.00","1288641.00","--","2348423.00","4706704.00","-395747.00","--","7948021.00","--","--","--","7948021.00","--","0.00","0.00","61.68"
"115/09/02","114","4","4938","和碩","459289488.00","163825691.00","623115179.00","345232337.00","31424962.00","376657299.00","26821651.00","--","86920935.00","95740462.00","-2139757.00","--","207343291.00","--","--","39114589.00","246457880.00","0.00","0.00","0.00","77.30"
"115/09/02","114","4","4942","嘉彰","6820766.00","4998442.00","11819208.00","1962191.00","762066.00","2724257.00","1423676.00","--","2820346.00","5215180.00","-369330.00","--","9089872.00","--","--","5079.00","9094951.00","--","0.00","0.00","63.85"
"115/09/02","114","4","4943","康控-KY","1431466.00","1611753.00","3043219.00","2284381.00","467798.00","2752179.00","1266944.00","--","344155.00","-1070993.00","-346824.00","--","193282.00","--","--","97758.00","291040.00","--","0.00","0.00","1.53"
"115/09/02","114","4","4949","有成精密","2035918.00","247108.00","2283026.00","571167.00","49033.00","620200.00","677031.00","--","568854.00","411771.00","5170.00","--","1662826.00","--","--","--","1662826.00","0.00","270500.00","0.00","24.56"
"115/09/02","114","4","4952","凌通","1855209.00","904183.00","2759392.00","485444.00","160614.00","646058.00","1088158.00","--","141967.00","916903.00","-33694.00","--","2113334.00","--","--","--","2113334.00","--","0.00","0.00","19.42"
"115/09/02","114","4","4956","光鋐","1496040.00","1216556.00","2712596.00","664504.00","426634.00","1091138.00","1004082.00","--","389185.00","228287.00","-96.00","--","1621458.00","--","--","--","1621458.00","--","0.00","0.00","16.15"
"115/09/02","114","4","4958","臻鼎-KY","127641143.00","152401867.00","280043010.00","72821167.00","36509191.00","109330358.00","10705659.00","--","52902489.00","61549278.00","-1123670.00","-52202.00","123981554.00","--","--","46731098.00","170712652.00","0.00","0.00","424410.00","115.86"
"115/09/02","114","4","4960","誠美材","8205988.00","4772594.00","12978582.00","3102574.00","2531677.00","5634251.00","5717054.00","--","592565.00","1560647.00","-447102.00","-78833.00","7344331.00","--","--","--","7344331.00","0.00","0.00","5983000.00","12.98"
"115/09/02","114","4","4961","天鈺","18750616.00","7588891.00","26339507.00","2930568.00","824940.00","3755508.00","1212536.00","--","8603298.00","7786649.00","-44185.00","0.00","17558298.00","--","--","5025701.00","22583999.00","0.00","0.00","0.00","144.81"
"115/09/02","114","4","4967","十銓","14418702.00","598356.00","15017058.00","10081453.00","84954.00","10166407.00","849633.00","--","1983117.00","2029985.00","-12084.00","0.00","4850651.00","--","--","--","4850651.00","0.00","0.00","0.00","57.09"
"115/09/02","114","4","4968","立積","3331887.00","342178.00","3674065.00","863144.00","60449.00","923593.00","922099.00","--","900389.00","925900.00","2084.00","--","2750472.00","--","--","--","2750472.00","--","0.00","0.00","29.83"
"115/09/02","114","4","4976","佳凌","1615218.00","999557.00","2614775.00","305953.00","71395.00","377348.00","1413510.00","--","1141940.00","-257817.00","-30524.00","-29682.00","--","--","--","--","2237427.00","--","0.00","1056000.00","15.95"
"115/09/02","114","4","4977","眾達-KY","2472907.00","2272462.00","4745369.00","618495.00","106748.00","725243.00","801898.00","--","2131137.00","1354910.00","-241300.00","-26519.00","4020126.00","--","--","0.00","4020126.00","--","0.00","205000.00","50.26"
"115/09/02","114","4","4989","榮科","1520278.00","627649.00","2147927.00","572675.00","102311.00","674986.00","1377765.00","--","325644.00","-316069.00","85601.00","--","1472941.00","--","--","--","1472941.00","--","0.00","0.00","10.69"
"115/09/02","114","4","4994","傳奇","1191423.00","266030.00","1457453.00","325463.00","109604.00","435067.00","663834.00","--","117285.00","241189.00","78.00","--","1022386.00","--","--","--","1022386.00","0.00","0.00","0.00","15.40"
"115/09/02","114","4","4999","鑫禾","2452313.00","1384456.00","3836769.00","508515.00","122998.00","631513.00","744172.00","--","440035.00","2082924.00","-30775.00","-31100.00","3205256.00","--","--","--","3205256.00","0.00","0.00","800000.00","43.54"
"115/09/02","114","4","5007","三星","5532284.00","3222654.00","8754938.00","883911.00","331821.00","1215732.00","2949401.00","--","429472.00","3826354.00","-15625.00","0.00","7189602.00","--","--","349604.00","7539206.00","0.00","0.00","0.00","24.38"
"115/09/02","114","4","5203","訊連","2600332.00","3472356.00","6072688.00","1057162.00","374106.00","1431268.00","793426.00","--","2344336.00","1663234.00","-159576.00","--","4641420.00","--","--","--","4641420.00","0.00","0.00","0.00","58.50"
"115/09/02","114","4","5215","科嘉-KY","3384331.00","1340418.00","4724749.00","868352.00","203568.00","1071920.00","643375.00","--","1532073.00","1424764.00","-41122.00","--","3559090.00","--","--","93739.00","3652829.00","--","0.00","0.00","55.32"
"115/09/02","114","4","5222","全訊","973600.00","1994076.00","2967676.00","337664.00","136827.00","474491.00","920227.00","--","914641.00","538779.00","119538.00","0.00","--","--","--","--","2493185.00","0.00","113000.00","0.00","27.38"
"115/09/02","114","4","5225","東科-KY","5214425.00","1378219.00","6592644.00","2869788.00","209363.00","3079151.00","791145.00","--","1166067.00","1515462.00","64838.00","-24019.00","3513493.00","0.00","--","0.00","3513493.00","--","0.00","453000.00","44.67"
"115/09/02","114","4","5234","達興材料","3421619.00","1691872.00","5113491.00","1359879.00","226096.00","1585975.00","1027159.00","--","41838.00","2458519.00","--","--","3527516.00","--","--","--","3527516.00","0.00","0.00","0.00","34.34"
"115/09/02","114","4","5236","凌陽創新","3043687.00","77964.00","3121651.00","431113.00","29549.00","460662.00","600040.00","--","1252276.00","869816.00","-61143.00","--","--","--","--","--","2660989.00","--","0.00","0.00","44.35"
"115/09/02","114","4","5243","乙盛-KY","8426761.00","5268792.00","13695553.00","5022686.00","447669.00","5470355.00","1685289.00","--","2349249.00","4445797.00","-255137.00","--","8225198.00","--","--","--","8225198.00","--","0.00","0.00","48.81"
"115/09/02","114","4","5244","弘凱","1572477.00","1109700.00","2682177.00","351298.00","548702.00","900000.00","682419.00","--","450352.00","689724.00","-40318.00","--","1782177.00","--","--","--","1782177.00","--","0.00","0.00","26.12"
"115/09/02","114","4","5258","虹堡","8083059.00","1567399.00","9650458.00","4561601.00","399844.00","4961445.00","1103649.00","--","806038.00","2630138.00","75167.00","-49913.00","4565079.00","--","--","123934.00","4689013.00","0.00","0.00","786000.00","41.66"
"115/09/02","114","4","5269","祥碩","10135555.00","30655522.00","40791077.00","3822017.00","826391.00","4648408.00","747771.00","--","20869680.00","13696567.00","828651.00","--","36142669.00","--","--","--","36142669.00","0.00","0.00","0.00","483.34"
"115/09/02","114","4","5283","禾聯碩","4162270.00","3236249.00","7398519.00","2167387.00","428455.00","2595842.00","876005.00","--","752306.00","3177646.00","-3280.00","--","4802677.00","--","--","--","4802677.00","--","0.00","0.00","54.82"
"115/09/02","114","4","5284","jpp-KY","4199257.00","3223774.00","7423031.00","3214746.00","494321.00","3709067.00","528927.00","--","1762854.00","1240214.00","165407.00","--","3697402.00","--","--","16562.00","3713964.00","--","0.00","0.00","69.90"
"115/09/02","114","4","5285","界霖","3671696.00","1621778.00","5293474.00","1135532.00","1196824.00","2332356.00","1020409.00","--","434082.00","1617656.00","-111029.00","--","2961118.00","--","--","--","2961118.00","--","0.00","0.00","29.02"
"115/09/02","114","4","5288","豐祥-KY","3973067.00","3543321.00","7516388.00","1283379.00","32911.00","1316290.00","697300.00","--","1378517.00","4563847.00","-452538.00","--","6187126.00","--","--","12972.00","6200098.00","--","0.00","0.00","88.73"
"115/09/02","114","4","5292","華懋","3850867.00","463372.00","4314239.00","2330318.00","60697.00","2391015.00","421080.00","--","335473.00","1186007.00","-19336.00","--","1923224.00","--","--","--","1923224.00","--","0.00","0.00","45.67"
"115/09/02","114","4","5306","桂盟","5845207.00","8002905.00","13848112.00","3132548.00","1829062.00","4961610.00","1260008.00","--","1760303.00","6250149.00","-383928.00","--","8886532.00","--","--","-30.00","8886502.00","--","0.00","0.00","70.53"
"115/09/02","114","4","5388","中磊","39258857.00","9073604.00","48332461.00","28789737.00","3599280.00","32389017.00","3043426.00","--","6572515.00","7282042.00","-520509.00","-421810.00","15955664.00","--","--","-12220.00","15943444.00","--","0.00","4623000.00","53.24"
"115/09/02","114","4","5434","崇越","24727185.00","17143586.00","41870771.00","17589402.00","4065653.00","21655055.00","1923546.00","--","3145115.00","13645742.00","1285350.00","--","19999753.00","--","--","215963.00","20215716.00","0.00","0.00","0.00","103.97"
"115/09/02","114","4","5469","瀚宇博","58058439.00","54180876.00","112239315.00","43850066.00","14797459.00","58647525.00","4861660.00","--","4556850.00","21847415.00","5042038.00","-19588.00","36288375.00","--","--","17303415.00","53591790.00","--","0.00","227000.00","74.68"
"115/09/02","114","4","5471","松翰","2697790.00","1291250.00","3989040.00","369731.00","101807.00","471538.00","1678770.00","--","62661.00","1726946.00","49125.00","--","3517502.00","--","--","--","3517502.00","0.00","0.00","0.00","20.95"
"115/09/02","114","4","5484","慧友","532708.00","406967.00","939675.00","438710.00","6871.00","445581.00","668010.00","--","55312.00","-254403.00","25175.00","--","494094.00","--","--","--","494094.00","0.00","0.00","0.00","7.40"
"115/09/02","114","4","5515","建國","8721844.00","2301763.00","11023607.00","5069667.00","701325.00","5770992.00","2016001.00","--","187308.00","2933009.00","116297.00","--","5252615.00","--","--","--","5252615.00","--","0.00","0.00","26.05"
"115/09/02","114","4","5519","隆大","14029435.00","754158.00","14783593.00","3646371.00","4917734.00","8564105.00","2191972.00","--","50614.00","3962701.00","14201.00","--","6219488.00","--","--","--","6219488.00","--","0.00","0.00","28.37"
"115/09/02","114","4","5521","工信","12853257.00","962931.00","13816188.00","8020749.00","168112.00","8188861.00","4922802.00","--","519.00","676129.00","27877.00","--","5627327.00","--","--","--","5627327.00","0.00","0.00","0.00","11.43"
"115/09/02","114","4","5522","遠雄","97133196.00","12123000.00","109256196.00","53822112.00","4933353.00","58755465.00","7815962.00","--","8472825.00","33626496.00","585448.00","--","50500731.00","--","--","--","50500731.00","0.00","0.00","0.00","64.61"
"115/09/02","114","4","5525","順天","17938217.00","3083500.00","21021717.00","14913507.00","519715.00","15433222.00","3181054.00","--","340374.00","2081740.00","0.00","-25346.00","5577822.00","--","--","10673.00","5588495.00","--","0.00","10818421.00","18.15"
"115/09/02","114","4","5531","鄉林","21758745.00","22869933.00","44628678.00","21727056.00","13053743.00","34780799.00","9775892.00","--","8591.00","444542.00","-385497.00","0.00","9843528.00","0.00","--","4351.00","9847879.00","0.00","0.00","0.00","10.07"
"115/09/02","114","4","5533","皇鼎","7995829.00","3747689.00","11743518.00","1297842.00","871018.00","2168860.00","2852450.00","--","21130.00","6701078.00","--","--","9574658.00","--","--","--","9574658.00","--","0.00","0.00","33.57"
"115/09/02","114","4","5534","長虹","47783527.00","432315.00","48215842.00","27132092.00","69265.00","27201357.00","2903260.00","--","1373897.00","16513454.00","-500.00","--","20790111.00","--","--","224374.00","21014485.00","0.00","0.00","0.00","71.61"
"115/09/02","114","4","5538","東明-KY","11315373.00","3395935.00","14711308.00","5503173.00","1730855.00","7234028.00","2012033.00","--","1827293.00","3621883.00","-14191.00","--","7447018.00","--","--","30262.00","7477280.00","--","0.00","0.00","37.01"
"115/09/02","114","4","5546","永固-KY","2509274.00","2188653.00","4697927.00","2156422.00","648355.00","2804777.00","823534.00","--","851950.00","208208.00","-18099.00","--","1865593.00","--","--","27557.00","1893150.00","--","0.00","0.00","22.65"
"115/09/02","114","4","5607","遠雄港","1550758.00","25605926.00","27156684.00","3375179.00","12728366.00","16103545.00","3705529.00","--","4354546.00","2993064.00","0.00","--","11053139.00","--","--","0.00","11053139.00","0.00","0.00","0.00","29.83"
"115/09/02","114","4","5608","四維航","2504829.00","15636330.00","18141159.00","3988686.00","4592560.00","8581246.00","3892716.00","--","3305627.00","2059705.00","217477.00","--","9475525.00","--","--","84388.00","9559913.00","0.00","0.00","0.00","24.34"
"115/09/02","114","4","5706","鳳凰","1962891.00","1306132.00","3269023.00","1211377.00","96304.00","1307681.00","849109.00","0.00","191613.00","802543.00","67703.00","0.00","1910968.00","0.00","--","50374.00","1961342.00","0.00","0.00","0.00","22.51"
"115/09/02","114","4","5871","中租-KY","710530345.00","265587060.00","976117405.00","633402906.00","147224167.00","780627073.00","18614211.00","--","45735689.00","117945304.00","146044.00","--","182441248.00","--","--","13049084.00","195490332.00","--","0.00","0.00","98.01"
"115/09/02","114","4","5906","台南-KY","906189.00","1013041.00","1919230.00","973587.00","275610.00","1249197.00","357414.00","--","87.00","220958.00","14682.00","--","593141.00","--","--","76892.00","670033.00","--","0.00","0.00","16.60"
"115/09/02","114","4","5907","大洋-KY","1468360.00","19790196.00","21258556.00","6206895.00","11232433.00","17439328.00","1955310.00","--","3656472.00","-890325.00","-902229.00","--","3819228.00","--","--","--","3819228.00","0.00","0.00","0.00","19.53"
"115/09/02","114","4","6108","競國","5104032.00","1441932.00","6545964.00","3068799.00","183473.00","3252272.00","1569943.00","--","411318.00","1376793.00","-47559.00","-16803.00","3293692.00","--","--","--","3293692.00","0.00","0.00","1154000.00","21.14"
"115/09/02","114","4","6112","邁達特","10736762.00","3533903.00","14270665.00","8209661.00","667357.00","8877018.00","1883573.00","--","1246172.00","1143651.00","33314.00","--","4306710.00","--","--","1086937.00","5393647.00","--","0.00","0.00","22.86"
"115/09/02","114","4","6115","鎰勝","6314758.00","2033339.00","8348097.00","2586097.00","465098.00","3051195.00","1876622.00","--","930848.00","2576076.00","-143050.00","0.00","5240496.00","--","--","56406.00","5296902.00","0.00","0.00","0.00","27.93"
"115/09/02","114","4","6116","彩晶","9649164.00","33443250.00","43092414.00","5667199.00","3408348.00","9075547.00","28586549.00","--","730116.00","2403183.00","2297019.00","0.00","34016867.00","--","--","0.00","34016867.00","0.00","0.00","0.00","11.90"
"115/09/02","114","4","6117","迎廣","2332818.00","3552921.00","5885739.00","1414965.00","2248876.00","3663841.00","925454.00","--","666795.00","668513.00","-43056.00","0.00","2217706.00","--","--","4192.00","2221898.00","0.00","2439.00","0.00","23.96"
"115/09/02","114","4","6120","達運","9703063.00","6394298.00","16097361.00","4970942.00","2316215.00","7287157.00","5989996.00","--","2769556.00","844896.00","-794244.00","--","8810204.00","--","--","--","8810204.00","--","0.00","0.00","14.71"
"115/09/02","114","4","6128","上福","3361578.00","3090416.00","6451994.00","2847952.00","833416.00","3681368.00","1275887.00","--","1213799.00","116144.00","164796.00","0.00","2770626.00","--","--","--","2770626.00","0.00","0.00","0.00","21.72"
"115/09/02","114","4","6133","金橋","1112070.00","1307626.00","2419696.00","791171.00","31821.00","822992.00","1170064.00","--","134050.00","361042.00","-68452.00","--","1596704.00","--","--","--","1596704.00","0.00","0.00","0.00","13.65"
"115/09/02","114","4","6136","富爾特","919395.00","2774836.00","3694231.00","313536.00","111999.00","425535.00","1155364.00","--","7836.00","453622.00","1559310.00","0.00","3176132.00","0.00","--","92564.00","3268696.00","0.00","0.00","0.00","27.49"
"115/09/02","114","4","6139","亞翔","76418651.00","6962766.00","83381417.00","55359322.00","1324669.00","56683991.00","2354945.00","--","4136844.00","12025290.00","946858.00","--","19463937.00","--","--","7233489.00","26697426.00","--","0.00","0.00","82.71"
"115/09/02","114","4","6141","柏承","1390837.00","3920688.00","5311525.00","3592494.00","1080934.00","4673428.00","1133540.00","--","536008.00","-817494.00","-185326.00","--","666728.00","--","--","-28631.00","638097.00","0.00","0.00","0.00","5.88"
"115/09/02","114","4","6142","友勁","1954071.00","2177938.00","4132009.00","807343.00","432334.00","1239677.00","3307792.00","--","1453.00","-267178.00","-149735.00","0.00","2892332.00","--","--","0.00","2892332.00","--","0.00","0.00","8.74"
"115/09/02","114","4","6152","百一","2292902.00","626596.00","2919498.00","1560910.00","91521.00","1652431.00","1677385.00","--","291899.00","-695744.00","-22175.00","--","1251365.00","--","--","15702.00","1267067.00","--","0.00","0.00","7.46"
"115/09/02","114","4","6153","嘉聯益","5077544.00","11043492.00","16121036.00","3338275.00","3651935.00","6990210.00","6361777.00","--","4652144.00","-2584782.00","701687.00","0.00","9130826.00","--","--","--","9130826.00","--","0.00","0.00","14.35"
"115/09/02","114","4","6155","鈞寶","1018782.00","1080041.00","2098823.00","496538.00","13910.00","510448.00","880239.00","--","218934.00","411901.00","77301.00","0.00","1588375.00","--","--","0.00","1588375.00","0.00","0.00","0.00","18.04"
"115/09/02","114","4","6164","華興","819165.00","620706.00","1439871.00","445632.00","69557.00","515189.00","800000.00","--","5581.00","199620.00","-89604.00","--","915597.00","--","--","9085.00","924682.00","--","0.00","0.00","11.44"
"115/09/02","114","4","6165","浪凡","1440036.00","1860886.00","3300922.00","832609.00","857170.00","1689779.00","777526.00","--","494414.00","457431.00","-13910.00","-156063.00","1559398.00","--","--","51745.00","1611143.00","0.00","0.00","3167000.00","20.91"
"115/09/02","114","4","6166","凌華","7648707.00","5189232.00","12837939.00","4828259.00","2387650.00","7215909.00","2177243.00","--","1321736.00","2222254.00","-116505.00","--","5604728.00","--","--","17302.00","5622030.00","--","0.00","0.00","25.74"
"115/09/02","114","4","6168","宏齊","2215803.00","1591682.00","3807485.00","587527.00","56331.00","643858.00","2060698.00","--","481008.00","240221.00","243260.00","-5521.00","3019666.00","--","--","143961.00","3163627.00","--","0.00","308000.00","14.68"
"115/09/02","114","4","6176","瑞儀","50699668.00","17728878.00","68428546.00","28639697.00","3916067.00","32555764.00","4650273.00","--","4726033.00","29737293.00","-2534416.00","-706401.00","35872782.00","--","--","--","35872782.00","0.00","0.00","4786000.00","77.94"
"115/09/02","114","4","6177","達麗","37714616.00","5003069.00","42717685.00","27601506.00","3853670.00","31455176.00","4718784.00","--","1496361.00","4713791.00","56102.00","--","10985038.00","--","--","277471.00","11262509.00","--","0.00","0.00","23.28"
"115/09/02","114","4","6183","關貿","2877235.00","1696633.00","4573868.00","1527241.00","219754.00","1746995.00","1500000.00","--","11.00","1390712.00","-63850.00","--","2826873.00","--","--","--","2826873.00","--","0.00","0.00","18.85"
"115/09/02","114","4","6184","大豐電","3821306.00","5386203.00","9207509.00","1910216.00","1369348.00","3279564.00","1621276.00","--","2662812.00","1070752.00","--","-436270.00","4918570.00","--","--","1009375.00","5927945.00","0.00","0.00","9919214.00","32.31"
"115/09/02","114","4","6189","豐藝","14271973.00","1236293.00","15508266.00","8323963.00","466766.00","8790729.00","2637797.00","--","1670854.00","1984218.00","-85243.00","--","6207626.00","--","--","509911.00","6717537.00","--","0.00","0.00","23.53"
"115/09/02","114","4","6191","精成科","32159783.00","28526067.00","60685850.00","25380206.00","8932960.00","34313166.00","4993030.00","--","5632047.00","13510426.00","2085605.00","0.00","26221108.00","--","--","151576.00","26372684.00","--","0.00","0.00","52.52"
"115/09/02","114","4","6192","巨路","10332303.00","1766344.00","12098647.00","4267174.00","310717.00","4577891.00","961558.00","--","111043.00","6527080.00","-79994.00","--","7519687.00","--","--","1069.00","7520756.00","--","0.00","0.00","78.20"
"115/09/02","114","4","6196","帆宣","46713616.00","10736640.00","57450256.00","37783902.00","3473437.00","41257339.00","2185935.00","--","4563061.00","9510344.00","-191755.00","--","16067585.00","--","--","125332.00","16192917.00","0.00","0.00","0.00","73.50"
"115/09/02","114","4","6197","佳必琪","6219997.00","2426217.00","8646214.00","2241624.00","1138205.00","3379829.00","1220859.00","--","437097.00","3093442.00","271442.00","--","5022840.00","--","--","243545.00","5266385.00","0.00","0.00","0.00","41.14"
"115/09/02","114","4","6201","亞弘電","2710668.00","868688.00","3579356.00","651140.00","111913.00","763053.00","892000.00","--","333357.00","1664807.00","-73861.00","--","2816303.00","--","--","0.00","2816303.00","--","0.00","0.00","31.57"
"115/09/02","114","4","6202","盛群","4512007.00","1051648.00","5563655.00","1230842.00","344789.00","1575631.00","2303882.00","--","250130.00","1417743.00","-52171.00","--","3919584.00","--","--","68440.00","3988024.00","0.00","0.00","0.00","17.01"
"115/09/02","114","4","6205","詮欣","2110909.00","1640442.00","3751351.00","355156.00","787990.00","1143146.00","822359.00","--","483902.00","1300684.00","64013.00","-73220.00","2597738.00","--","--","10467.00","2608205.00","0.00","0.00","1500000.00","32.18"
"115/09/02","114","4","6206","飛捷","4767843.00","1407297.00","6175140.00","916019.00","14359.00","930378.00","1430623.00","--","467407.00","3285050.00","-1161.00","--","5181919.00","--","--","62843.00","5244762.00","0.00","0.00","0.00","36.22"
"115/09/02","114","4","6209","今國光","2589452.00","2325267.00","4914719.00","1122010.00","639673.00","1761683.00","1756184.00","--","923230.00","586744.00","-113122.00","--","3153036.00","--","--","--","3153036.00","--","158800.00","0.00","17.98"
"115/09/02","114","4","6213","聯茂","25972248.00","12241085.00","38213333.00","13560663.00","3385640.00","16946303.00","3653516.00","--","9248735.00","8290035.00","74744.00","--","21267030.00","--","--","--","21267030.00","0.00","260000.00","0.00","58.52"
"115/09/02","114","4","6214","精誠","28770791.00","9300073.00","38070864.00","18044697.00","953023.00","18997720.00","2722431.00","--","8681003.00","7253775.00","-418808.00","0.00","18238401.00","--","--","834743.00","19073144.00","--","0.00","0.00","66.99"
"115/09/02","114","4","6215","和椿","1889996.00","757039.00","2647035.00","940515.00","100303.00","1040818.00","827897.00","--","102803.00","568484.00","107033.00","--","1606217.00","--","--","0.00","1606217.00","0.00","0.00","0.00","19.40"
"115/09/02","114","4","6216","居易","1638523.00","225609.00","1864132.00","116702.00","155.00","116857.00","969814.00","--","308156.00","469305.00","--","--","--","--","--","--","1747275.00","0.00","0.00","0.00","18.02"
"115/09/02","114","4","6224","聚鼎","2532228.00","1476817.00","4009045.00","1472774.00","340171.00","1812945.00","856453.00","--","528724.00","1062469.00","-215273.00","-48208.00","2184165.00","--","--","11935.00","2196100.00","0.00","0.00","1000000.00","25.80"
"115/09/02","114","4","6225","天瀚","81552.00","16312.00","97864.00","10248.00","1055.00","11303.00","278000.00","--","0.00","-185623.00","-5816.00","--","86561.00","--","--","--","86561.00","--","0.00","0.00","3.11"
"115/09/02","114","4","6226","光鼎","789305.00","1186438.00","1975743.00","690210.00","163512.00","853722.00","1155348.00","--","31753.00","-28140.00","-35171.00","0.00","1123790.00","--","--","-1769.00","1122021.00","0.00","0.00","0.00","9.73"
"115/09/02","114","4","6230","尼得科超眾","7926601.00","2304952.00","10231553.00","3659975.00","836450.00","4496425.00","863434.00","--","532389.00","4364128.00","-24823.00","--","5735128.00","--","--","--","5735128.00","--","0.00","0.00","66.42"
"115/09/02","114","4","6235","華孚","4653044.00","5687268.00","10340312.00","3541262.00","1807954.00","5349216.00","1999063.00","--","639220.00","2329350.00","23463.00","--","4991096.00","--","--","--","4991096.00","--","0.00","0.00","24.97"
"115/09/02","114","4","6239","力成","46364934.00","76798458.00","123163392.00","23776211.00","28112677.00","51888888.00","7591466.00","--","462395.00","49961089.00","-801332.00","-922841.00","56290777.00","--","--","14983727.00","71274504.00","--","0.00","20350000.00","76.19"
"115/09/02","114","4","6243","迅杰","996898.00","165262.00","1162160.00","97324.00","296592.00","393916.00","452688.00","--","279559.00","35997.00","0.00","--","--","--","--","--","768244.00","--","0.00","0.00","16.97"
"115/09/02","114","4","6257","矽格","20737889.00","22283736.00","43021625.00","9702354.00","8443292.00","18145646.00","4839123.00","--","1037732.00","14397462.00","1897101.00","-385473.00","21785945.00","--","--","3090034.00","24875979.00","0.00","0.00","5131000.00","45.50"
"115/09/02","114","4","6269","台郡","17908288.00","18269426.00","36177714.00","7710088.00","5475388.00","13185476.00","3231315.00","--","1032228.00","17572758.00","-305546.00","-168973.00","21361782.00","--","--","1630456.00","22992238.00","0.00","0.00","3300000.00","66.79"
"115/09/02","114","4","6271","同欣電","11215352.00","23140123.00","34355475.00","4185350.00","3435302.00","7620652.00","2090581.00","--","15117641.00","9480240.00","-6890.00","0.00","26681572.00","0.00","--","53251.00","26734823.00","0.00","0.00","0.00","127.63"
"115/09/02","114","4","6272","驊陞","2707802.00","1655458.00","4363260.00","1526765.00","716450.00","2243215.00","817640.00","--","456919.00","686648.00","-2738.00","--","1958469.00","--","--","161576.00","2120045.00","--","0.00","0.00","23.95"
"115/09/02","114","4","6277","宏正","3427441.00","3620965.00","7048406.00","1526661.00","621716.00","2148377.00","1194711.00","--","316963.00","3454945.00","-133302.00","--","4833317.00","--","--","66712.00","4900029.00","0.00","0.00","0.00","40.46"
"115/09/02","114","4","6278","台表科","36741977.00","14911482.00","51653459.00","24094526.00","4563260.00","28657786.00","2923984.00","--","2505974.00","17374899.00","167414.00","--","22972271.00","--","--","23402.00","22995673.00","0.00","0.00","0.00","78.56"
"115/09/02","114","4","6281","全國電","4839506.00","4170602.00","9010108.00","3388623.00","2730974.00","6119597.00","991729.00","--","437110.00","1461672.00","0.00","--","--","--","--","--","2890511.00","--","0.00","0.00","29.15"
"115/09/02","114","4","6282","康舒","27446407.00","23919062.00","51365469.00","19899810.00","8560756.00","28460566.00","8560291.00","--","10050898.00","3771074.00","223768.00","--","22606031.00","--","--","298872.00","22904903.00","--","0.00","0.00","26.41"
"115/09/02","114","4","6283","淳安","1832862.00","744171.00","2577033.00","585112.00","76073.00","661185.00","1489813.00","--","511531.00","-207001.00","-54488.00","-72075.00","1667780.00","--","--","248068.00","1915848.00","--","0.00","2114000.00","11.36"
"115/09/02","114","4","6285","啟��","58562878.00","16743736.00","75306614.00","37699898.00","3318181.00","41018079.00","4836637.00","--","11888764.00","14447951.00","3115183.00","--","34288535.00","--","--","--","34288535.00","356910.00","0.00","0.00","70.89"
"115/09/02","114","4","6405","悅城","582893.00","2096886.00","2679779.00","12655.00","834.00","13489.00","658000.00","--","447269.00","1225218.00","335803.00","--","--","--","--","--","2666290.00","0.00","0.00","0.00","40.52"
"115/09/02","114","4","6409","旭隼","12275768.00","4808081.00","17083849.00","6881495.00","649339.00","7530834.00","877036.00","--","1377293.00","7413230.00","-114544.00","0.00","9553015.00","--","--","--","9553015.00","--","0.00","0.00","108.92"
"115/09/02","114","4","6412","群電","25824346.00","7918794.00","33743140.00","18082605.00","383274.00","18465879.00","4007691.00","--","3236424.00","8576471.00","-543325.00","--","15277261.00","--","--","--","15277261.00","0.00","0.00","0.00","38.12"
"115/09/02","114","4","6414","樺漢","107446324.00","57719154.00","165165478.00","82730664.00","18245277.00","100975941.00","1458864.00","--","17161079.00","9425674.00","-320076.00","--","27725541.00","--","--","36463996.00","64189537.00","0.00","0.00","0.00","190.05"
"115/09/02","114","4","6415","矽力*-KY","25196166.00","18975070.00","44171236.00","3574385.00","2843606.00","6417991.00","971204.00","--","13882147.00","21902014.00","800892.00","-239746.00","37316511.00","--","--","436734.00","37753245.00","177784.00","0.00","595000.00","96.20"
"115/09/02","114","4","6416","瑞祺電通","4011358.00","1919404.00","5930762.00","1482189.00","725372.00","2207561.00","733485.00","--","1445196.00","1499802.00","-84020.00","--","3594463.00","--","--","128738.00","3723201.00","0.00","0.00","0.00","49.01"
"115/09/02","114","4","6426","統新","810570.00","209652.00","1020222.00","113076.00","3109.00","116185.00","385090.00","--","556542.00","-4583.00","-33012.00","--","904037.00","--","--","--","904037.00","--","0.00","0.00","23.48"
"115/09/02","114","4","6431","光麗-KY","463840.00","723494.00","1187334.00","342289.00","264723.00","607012.00","973988.00","--","274930.00","-637910.00","-33622.00","--","577386.00","--","--","2936.00","580322.00","--","0.00","0.00","5.93"
"115/09/02","114","4","6438","迅得","6057010.00","3619514.00","9676524.00","3409192.00","755716.00","4164908.00","822063.00","--","2825715.00","1647043.00","75545.00","--","5370366.00","--","--","141250.00","5511616.00","--","0.00","0.00","65.33"
"115/09/02","114","4","6442","光聖","10737757.00","2693810.00","13431567.00","3997316.00","2589544.00","6586860.00","780733.00","--","2391527.00","3310534.00","428518.00","-66481.00","6844831.00","--","--","-124.00","6844707.00","--","0.00","200000.00","87.90"
"115/09/02","114","4","6443","元晶","1567523.00","5057612.00","6625135.00","1217421.00","1765691.00","2983112.00","5127967.00","--","1702733.00","-3193820.00","2274.00","--","3639154.00","--","--","2869.00","3642023.00","--","0.00","0.00","7.10"
"115/09/02","114","4","6446","藥華藥","29043718.00","8367576.00","37411294.00","4680703.00","755260.00","5435963.00","3796294.00","--","24106248.00","7244488.00","-408750.00","-2762949.00","31975331.00","--","--","--","31975331.00","--","0.00","8469000.00","86.15"
"115/09/02","114","4","6449","鈺邦","4694950.00","3997477.00","8692427.00","3651425.00","145496.00","3796921.00","919185.00","--","1107002.00","2037661.00","775995.00","-40374.00","4799469.00","--","--","96037.00","4895506.00","0.00","0.00","1000000.00","52.79"
"115/09/02","114","4","6451","訊芯-KY","11836254.00","7306159.00","19142413.00","6601665.00","4867644.00","11469309.00","1074648.00","--","3229175.00","2610887.00","-278475.00","-108347.00","6527888.00","0.00","--","1145216.00","7673104.00","--","0.00","1291000.00","61.48"
"115/09/02","114","4","6456","GIS-KY","48523969.00","16521717.00","65045686.00","27925054.00","7421939.00","35346993.00","3379398.00","--","8197677.00","19458370.00","-1201292.00","-176665.00","29657488.00","--","--","41205.00","29698693.00","0.00","0.00","3864000.00","88.77"
"115/09/02","114","4","6464","台數科","1768378.00","16447556.00","18215934.00","2050102.00","7586387.00","9636489.00","1287815.00","--","3431908.00","3409425.00","2951.00","0.00","8132099.00","--","--","447346.00","8579445.00","0.00","0.00","0.00","63.15"
"115/09/02","114","4","6472","保瑞","19337605.00","25376582.00","44714187.00","13320926.00","13921072.00","27241998.00","1275830.00","--","6055815.00","8345987.00","-161946.00","-134287.00","15381399.00","--","--","2090790.00","17472189.00","--","219437.00","376400.00","120.92"
"115/09/02","114","4","6477","安集","1258003.00","6937934.00","8195937.00","1311883.00","3493853.00","4805736.00","1237872.00","--","1373220.00","612938.00","-31631.00","--","3192399.00","--","--","197802.00","3390201.00","--","0.00","0.00","25.79"
"115/09/02","114","4","6491","晶碩","6536007.00","9638320.00","16174327.00","3817766.00","620699.00","4438465.00","780000.00","--","4269544.00","6706667.00","-125061.00","--","11631150.00","--","--","104712.00","11735862.00","--","0.00","0.00","149.12"
"115/09/02","114","4","6504","南六","4909143.00","4891262.00","9800405.00","3746402.00","2608948.00","6355350.00","726000.00","--","453467.00","2581602.00","-316090.00","--","3444979.00","--","--","76.00","3445055.00","0.00","0.00","0.00","47.45"
"115/09/02","114","4","6505","台塑化","257046882.00","159414594.00","416461476.00","39297304.00","15919135.00","55216439.00","95259597.00","--","31424987.00","180615694.00","48491810.00","--","355792088.00","--","--","5452949.00","361245037.00","--","0.00","0.00","37.35"
"115/09/02","114","4","6515","穎崴","6426346.00","2617860.00","9044206.00","2524213.00","74684.00","2598897.00","360416.00","--","3343862.00","2935423.00","-194392.00","--","6445309.00","--","--","--","6445309.00","--","0.00","0.00","178.83"
"115/09/02","114","4","6525","捷敏-KY","4129242.00","2692316.00","6821558.00","1691538.00","435404.00","2126942.00","1290474.00","--","624536.00","2923346.00","-143740.00","--","4694616.00","--","--","--","4694616.00","--","0.00","0.00","36.38"
"115/09/02","114","4","6526","達發","18013142.00","10203947.00","28217089.00","5700396.00","837817.00","6538213.00","1675056.00","--","9885221.00","7489045.00","298334.00","--","19347656.00","--","--","2331220.00","21678876.00","--","0.00","0.00","115.50"
"115/09/02","114","4","6531","愛普*","12939212.00","1801060.00","14740272.00","2287583.00","88643.00","2376226.00","813762.00","--","6531614.00","4839548.00","57673.00","--","12242597.00","--","--","121449.00","12364046.00","--","1287.00","0.00","75.24"
"115/09/02","114","4","6533","晶心科","2174815.00","4218228.00","6393043.00","414097.00","1464112.00","1878209.00","506509.00","--","4209255.00","-207831.00","6901.00","--","4514834.00","--","--","--","4514834.00","--","0.00","0.00","89.14"
"115/09/02","114","4","6534","正瀚-創","871594.00","2702880.00","3574474.00","721513.00","166962.00","888475.00","1028000.00","--","718529.00","930119.00","9351.00","--","2685999.00","--","--","0.00","2685999.00","0.00","0.00","0.00","26.13"
"115/09/02","114","4","6541","泰福-KY","1497182.00","6463952.00","7961134.00","799660.00","1467492.00","2267152.00","2648634.00","--","18905627.00","-15636647.00","-223632.00","--","5693982.00","--","--","--","5693982.00","0.00","0.00","0.00","21.50"
"115/09/02","114","4","6550","北極星藥業-KY","3017353.00","5150576.00","8167929.00","585860.00","2285912.00","2871772.00","8598927.00","--","14732045.00","-18494894.00","460079.00","--","5296157.00","--","--","0.00","5296157.00","--","0.00","0.00","6.16"
"115/09/02","114","4","6552","易華電","1078055.00","2200387.00","3278442.00","1044612.00","532340.00","1576952.00","830000.00","--","625489.00","-428712.00","674713.00","--","--","--","--","--","1701490.00","--","0.00","0.00","20.50"
"115/09/02","114","4","6558","興能高","955233.00","777281.00","1732514.00","325887.00","30393.00","356280.00","937889.00","--","319631.00","158942.00","-40228.00","--","1376234.00","--","--","--","1376234.00","0.00","0.00","0.00","14.67"
"115/09/02","114","4","6573","虹揚-KY","650058.00","1157823.00","1807881.00","880047.00","230690.00","1110737.00","804993.00","--","0.00","-107124.00","-76970.00","--","620899.00","0.00","--","76245.00","697144.00","--","0.00","0.00","7.71"
"115/09/02","114","4","6579","研揚","7282873.00","7583473.00","14866346.00","2470160.00","486372.00","2956532.00","1694512.00","--","6463625.00","1679183.00","117867.00","--","9955187.00","--","--","1954627.00","11909814.00","0.00","0.00","0.00","58.75"
"115/09/02","114","4","6581","鋼聯","1052937.00","4368643.00","5421580.00","445311.00","489414.00","934725.00","1112709.00","--","999216.00","2374930.00","--","--","4486855.00","--","--","--","4486855.00","--","0.00","0.00","40.32"
"115/09/02","114","4","6582","申豐","507783.00","6030907.00","6538690.00","207508.00","8929.00","216437.00","1061741.00","--","749234.00","3667013.00","844265.00","--","6322253.00","--","--","--","6322253.00","--","0.00","0.00","59.55"
"115/09/02","114","4","6585","鼎基","1743906.00","3171236.00","4915142.00","840086.00","181643.00","1021729.00","721336.00","--","980472.00","2193730.00","-2125.00","--","3893413.00","--","--","--","3893413.00","0.00","0.00","0.00","53.98"
"115/09/02","114","4","6589","台康生技","4544207.00","6403832.00","10948039.00","1217338.00","1388737.00","2606075.00","3066460.00","--","6305226.00","-743310.00","19053.00","-305465.00","8341964.00","--","--","--","8341964.00","0.00","45750.00","4000000.00","27.56"
"115/09/02","114","4","6591","動力-KY","1917133.00","1607229.00","3524362.00","516286.00","757476.00","1273762.00","411225.00","--","1067515.00","758769.00","6903.00","--","2244412.00","--","--","6188.00","2250600.00","--","0.00","0.00","54.58"
"115/09/02","114","4","6592","和潤企業","301637976.00","27947517.00","329585493.00","276026176.00","10163061.00","286189237.00","7231505.00","--","17139974.00","14110138.00","4478.00","--","38486095.00","--","--","4910161.00","43396256.00","0.00","0.00","0.00","53.22"
"115/09/02","114","4","6598","ABC-KY","858461.00","154243.00","1012704.00","126546.00","242943.00","369489.00","1028111.00","--","37219.00","-417807.00","-4308.00","--","643215.00","--","--","--","643215.00","0.00","0.00","0.00","6.26"
"115/09/02","114","4","6605","帝寶","15012450.00","17824312.00","32836762.00","12022855.00","409872.00","12432727.00","1658164.00","--","2500187.00","15888304.00","-143627.00","--","19903028.00","--","--","501007.00","20404035.00","--","0.00","0.00","120.03"
"115/09/02","114","4","6606","建德工業","993023.00","1076669.00","2069692.00","251825.00","151413.00","403238.00","1103038.00","--","145298.00","436225.00","-62279.00","--","1622282.00","--","--","44172.00","1666454.00","0.00","0.00","0.00","14.71"
"115/09/02","114","4","6614","資拓宏宇","3286967.00","421369.00","3708336.00","2005485.00","90567.00","2096052.00","806605.00","--","324043.00","481636.00","--","--","1612284.00","--","--","--","1612284.00","--","0.00","0.00","19.99"
"115/09/02","114","4","6625","必應","1911498.00","1699878.00","3611376.00","1248611.00","468624.00","1717235.00","579724.00","--","671020.00","642021.00","-1095.00","--","1891670.00","--","--","2471.00","1894141.00","--","0.00","0.00","32.63"
"115/09/02","114","4","6641","基士德-KY","1237288.00","934014.00","2171302.00","671094.00","38394.00","709488.00","365000.00","--","660986.00","510992.00","-71273.00","0.00","1465705.00","--","--","-3891.00","1461814.00","--","0.00","0.00","40.16"
"115/09/02","114","4","6645","金萬林-創","417702.00","600017.00","1017719.00","339095.00","165746.00","504841.00","608640.00","--","35468.00","-148245.00","137.00","-5144.00","490856.00","--","--","22022.00","512878.00","0.00","0.00","240000.00","8.10"
"115/09/02","114","4","6655","科定","1636149.00","7124509.00","8760658.00","1978711.00","4241808.00","6220519.00","805718.00","--","17820.00","847427.00","1050392.00","-186211.00","2535146.00","--","--","4993.00","2540139.00","--","0.00","2014000.00","32.27"
"115/09/02","114","4","6657","華安","864431.00","84551.00","948982.00","43422.00","9287.00","52709.00","888080.00","--","534090.00","-489482.00","-66.00","-36349.00","896273.00","--","--","--","896273.00","--","0.00","830000.00","10.19"
"115/09/02","114","4","6658","聯策","1836539.00","1322476.00","3159015.00","1068512.00","694233.00","1762745.00","363700.00","--","539768.00","357749.00","53729.00","--","1314946.00","--","--","81324.00","1396270.00","--","0.00","0.00","36.15"
"115/09/02","114","4","6666","羅麗芬-KY","981400.00","1330477.00","2311877.00","522208.00","58823.00","581031.00","473880.00","--","830575.00","399091.00","-2093.00","--","1701453.00","--","--","29393.00","1730846.00","0.00","0.00","0.00","35.90"
"115/09/02","114","4","6668","中揚光","1280399.00","2355341.00","3635740.00","749718.00","733002.00","1482720.00","1071161.00","--","1275139.00","-198690.00","5410.00","--","2153020.00","--","--","0.00","2153020.00","--","0.00","0.00","20.10"
"115/09/02","114","4","6669","緯穎","306976861.00","31212463.00","338189324.00","179653598.00","33882964.00","213536562.00","1858408.00","--","37006591.00","83090797.00","2696966.00","--","124652762.00","--","--","--","124652762.00","0.00","0.00","0.00","670.75"
"115/09/02","114","4","6670","復盛應用","19778410.00","10508740.00","30287150.00","9311803.00","2274679.00","11586482.00","1393870.00","--","3814258.00","10696541.00","-361860.00","--","15542809.00","--","--","3157859.00","18700668.00","--","0.00","0.00","111.51"
"115/09/02","114","4","6671","三能-KY","1215105.00","1036373.00","2251478.00","411243.00","55607.00","466850.00","607500.00","--","648899.00","610494.00","-102318.00","--","1764575.00","--","--","20053.00","1784628.00","--","0.00","0.00","29.05"
"115/09/02","114","4","6672","騰輝電子-KY","3293988.00","1705913.00","4999901.00","928721.00","502852.00","1431573.00","714347.00","--","884861.00","2003411.00","-34296.00","--","3568323.00","--","--","5.00","3568328.00","--","0.00","0.00","49.95"
"115/09/02","114","4","6674","鋐寶科技","1039779.00","148942.00","1188721.00","269570.00","6868.00","276438.00","686977.00","--","318678.00","-76207.00","-17165.00","--","912283.00","--","--","--","912283.00","0.00","0.00","0.00","13.28"
"115/09/02","114","4","6689","伊雲谷","4874233.00","1178655.00","6052888.00","2798521.00","93389.00","2891910.00","680000.00","--","1867835.00","358838.00","64806.00","-9941.00","2961538.00","--","--","199440.00","3160978.00","0.00","0.00","200000.00","43.68"
"115/09/02","114","4","6691","洋基工程","18476113.00","1068752.00","19544865.00","11726491.00","225307.00","11951798.00","1214872.00","--","2006069.00","4516854.00","24388.00","-169116.00","7593067.00","--","--","0.00","7593067.00","--","0.00","890000.00","62.96"
"115/09/02","114","4","6695","芯鼎","1407041.00","442326.00","1849367.00","220433.00","73499.00","293932.00","964597.00","--","1055377.00","-459155.00","-5384.00","--","1555435.00","--","--","--","1555435.00","--","0.00","0.00","16.13"
"115/09/02","114","4","6698","旭暉應材","1365592.00","1509494.00","2875086.00","930112.00","62946.00","993058.00","663898.00","--","555896.00","-105369.00","-7711.00","-24187.00","1082527.00","--","--","799501.00","1882028.00","0.00","0.00","602000.00","16.45"
"115/09/02","114","4","6706","惠特","3686143.00","4055860.00","7742003.00","1521836.00","2384476.00","3906312.00","785489.00","--","1942766.00","1048598.00","58838.00","--","3835691.00","--","--","--","3835691.00","--","0.00","0.00","48.83"
"115/09/02","114","4","6715","嘉基","2667159.00","1912789.00","4579948.00","689784.00","357091.00","1046875.00","663645.00","--","1790958.00","1004702.00","24526.00","-38604.00","3445227.00","--","--","87846.00","3533073.00","--","0.00","324000.00","52.17"
"115/09/02","114","4","6719","力智","14592789.00","2236963.00","16829752.00","1041233.00","1696053.00","2737286.00","1054680.00","--","10524997.00","2557832.00","-45043.00","--","14092466.00","--","--","--","14092466.00","0.00","0.00","0.00","133.62"
"115/09/02","114","4","6722","輝創","2756824.00","2037752.00","4794576.00","2103766.00","502539.00","2606305.00","780000.00","--","764140.00","678161.00","-34030.00","--","2188271.00","--","--","--","2188271.00","0.00","0.00","0.00","28.05"
"115/09/02","114","4","6742","澤米","1091124.00","613257.00","1704381.00","395650.00","48260.00","443910.00","712679.00","--","598354.00","-21069.00","10724.00","-40217.00","1260471.00","--","--","--","1260471.00","--","0.00","773000.00","17.88"
"115/09/02","114","4","6743","安普新","4998185.00","4115598.00","9113783.00","5693906.00","747863.00","6441769.00","1500000.00","--","804881.00","858105.00","-305678.00","-185294.00","2672014.00","--","--","0.00","2672014.00","--","0.00","2500000.00","18.12"
"115/09/02","114","4","6753","龍德造船","6231685.00","4838088.00","11069773.00","4323946.00","2051814.00","6375760.00","1172395.00","--","1407176.00","2108428.00","6014.00","--","--","--","--","--","4694013.00","--","0.00","0.00","40.04"
"115/09/02","114","4","6754","匯僑設計","3504039.00","956408.00","4460447.00","1916953.00","214909.00","2131862.00","660000.00","--","687087.00","1065078.00","-83580.00","--","2328585.00","--","--","--","2328585.00","--","0.00","0.00","35.28"
"115/09/02","114","4","6756","威鋒電子","1568170.00","2309565.00","3877735.00","855575.00","108885.00","964460.00","699945.00","--","1598588.00","580072.00","-11402.00","--","2867203.00","--","--","46072.00","2913275.00","--","67000.00","0.00","40.99"
"115/09/02","114","4","6757","台灣虎航","11590749.00","14196502.00","25787251.00","9692187.00","8777105.00","18469292.00","4595300.00","--","1329.00","2721202.00","128.00","--","--","--","--","--","7317959.00","0.00","0.00","0.00","15.92"
"115/09/02","114","4","6768","志強-KY","13740292.00","8238826.00","21979118.00","4783683.00","2165430.00","6949113.00","2000951.00","--","8559970.00","4577451.00","-108367.00","--","15030005.00","--","--","0.00","15030005.00","--","0.00","0.00","75.11"
"115/09/02","114","4","6770","力積電","44147657.00","134537967.00","178685624.00","22785219.00","73900218.00","96685437.00","42258635.00","--","27949944.00","11796415.00","-4807.00","--","82000187.00","--","--","--","82000187.00","--","1473670.00","0.00","19.41"
"115/09/02","114","4","6771","平和環保-創","487909.00","900491.00","1388400.00","142126.00","354100.00","496226.00","311795.00","--","280156.00","290911.00","--","--","882862.00","--","--","9312.00","892174.00","--","0.00","0.00","28.32"
"115/09/02","114","4","6776","展�眥篕�","8365067.00","2785987.00","11151054.00","7630958.00","477021.00","8107979.00","915814.00","--","1016550.00","892717.00","-22322.00","--","2802759.00","--","--","240316.00","3043075.00","0.00","0.00","0.00","30.60"
"115/09/02","114","4","6781","AES-KY","20589176.00","4182500.00","24771676.00","7466089.00","504689.00","7970778.00","854188.00","--","6069940.00","9254877.00","621171.00","--","16800176.00","--","--","722.00","16800898.00","--","0.00","0.00","196.68"
"115/09/02","114","4","6782","視陽","2179046.00","3819761.00","5998807.00","1227506.00","330127.00","1557633.00","630000.00","--","1431007.00","2187712.00","173581.00","--","4422300.00","--","--","18874.00","4441174.00","0.00","0.00","0.00","70.20"
"115/09/02","114","4","6789","采鈺","13596074.00","8731208.00","22327282.00","3165465.00","738356.00","3903821.00","3182991.00","--","7459818.00","7899007.00","-118355.00","--","--","--","--","--","18423461.00","--","0.00","0.00","57.88"
"115/09/02","114","4","6790","永豐實","4769997.00","5701362.00","10471359.00","2632905.00","2064182.00","4697087.00","2671290.00","--","1190107.00","1960651.00","-47776.00","--","5774272.00","--","--","0.00","5774272.00","--","0.00","0.00","21.62"
"115/09/02","114","4","6792","詠業","1499649.00","454707.00","1954356.00","383209.00","46669.00","429878.00","478753.00","--","659704.00","539880.00","-67934.00","-85925.00","1524478.00","--","--","--","1524478.00","0.00","0.00","1000000.00","32.52"
"115/09/02","114","4","6794","向榮生技","787158.00","158854.00","946012.00","20728.00","59849.00","80577.00","636370.00","--","961006.00","-720201.00","-11740.00","--","--","--","--","--","865435.00","0.00","0.00","0.00","13.60"
"115/09/02","114","4","6796","晉弘","1027957.00","543747.00","1571704.00","455263.00","371076.00","826339.00","382340.00","--","299350.00","69526.00","-5851.00","--","745365.00","--","--","--","745365.00","0.00","0.00","0.00","19.49"
"115/09/02","114","4","6799","來頡","1699993.00","200693.00","1900686.00","243515.00","3393.00","246908.00","437016.00","--","590054.00","661453.00","-6320.00","-28425.00","1653778.00","--","--","--","1653778.00","3960.00","0.00","269000.00","38.08"
"115/09/02","114","4","6805","富世達","13493611.00","1184015.00","14677626.00","6833365.00","651664.00","7485029.00","685539.00","--","2473495.00","3924477.00","109086.00","--","7192597.00","--","--","--","7192597.00","--","0.00","0.00","104.92"
"115/09/02","114","4","6807","峰源-KY","2328315.00","1357138.00","3685453.00","1054264.00","24233.00","1078497.00","540000.00","--","1001612.00","845027.00","220317.00","--","2606956.00","--","--","--","2606956.00","0.00","0.00","0.00","48.28"
"115/09/02","114","4","6830","汎銓","1747914.00","4496779.00","6244693.00","1597840.00","1606207.00","3204047.00","517819.00","--","2033709.00","496061.00","-6943.00","--","3040646.00","--","--","--","3040646.00","--","0.00","0.00","58.72"
"115/09/02","114","4","6831","邁科","3664864.00","1353279.00","5018143.00","1979902.00","219908.00","2199810.00","675000.00","--","1631724.00","501719.00","9890.00","--","2818333.00","--","--","--","2818333.00","0.00","0.00","0.00","41.75"
"115/09/02","114","4","6834","天二科技","1196009.00","1033431.00","2229440.00","769746.00","25515.00","795261.00","884711.00","--","455675.00","115643.00","-21850.00","--","1434179.00","--","--","--","1434179.00","--","0.00","0.00","16.21"
"115/09/02","114","4","6835","圓裕","3069928.00","1043576.00","4113504.00","1188754.00","1068387.00","2257141.00","661723.00","--","487936.00","687326.00","33829.00","-18444.00","1852370.00","--","--","3993.00","1856363.00","--","0.00","444000.00","28.18"
"115/09/02","114","4","6838","台新藥","1515929.00","555305.00","2071234.00","166417.00","447647.00","614064.00","1509771.00","--","2279093.00","-2236504.00","-95741.00","--","1456619.00","--","--","551.00","1457170.00","0.00","0.00","0.00","9.65"
"115/09/02","114","4","6854","錼創科技-KY創","4375287.00","793332.00","5168619.00","436926.00","854143.00","1291069.00","1176786.00","--","8362763.00","-5819780.00","253959.00","-96178.00","3877550.00","--","--","--","3877550.00","0.00","0.00","608000.00","33.12"
"115/09/02","114","4","6861","睿生光電","2277979.00","300651.00","2578630.00","974007.00","148847.00","1122854.00","415992.00","--","455407.00","652951.00","-68574.00","--","1455776.00","--","--","--","1455776.00","--","0.00","0.00","35.00"
"115/09/02","114","4","6862","三集瑞-KY","2033569.00","2417150.00","4450719.00","1322720.00","143520.00","1466240.00","500000.00","--","1202283.00","1270216.00","11980.00","--","2984479.00","--","--","--","2984479.00","--","0.00","0.00","59.69"
"115/09/02","114","4","6863","永道-KY","4929827.00","4321898.00","9251725.00","2206209.00","1097046.00","3303255.00","748880.00","--","4277367.00","1039738.00","-118595.00","--","5947390.00","--","--","1080.00","5948470.00","--","0.00","0.00","79.42"
"115/09/02","114","4","6869","雲豹能源","5969346.00","9855069.00","15824415.00","5606966.00","4731956.00","10338922.00","1378300.00","--","3203641.00","817567.00","-19029.00","-533080.00","4847399.00","--","--","638094.00","5485493.00","0.00","0.00","4336000.00","36.31"
"115/09/02","114","4","6873","泓德能源","11425735.00","20769879.00","32195614.00","10074363.00","10265845.00","20340208.00","1426491.00","--","7171186.00","1683199.00","134748.00","--","10415624.00","--","--","1439782.00","11855406.00","0.00","776729.00","0.00","73.02"
"115/09/02","114","4","6885","全福生技","1208687.00","619054.00","1827741.00","66941.00","7143.00","74084.00","1332140.00","--","1364396.00","-1021138.00","-20379.00","--","1655019.00","--","--","98638.00","1753657.00","0.00","0.00","0.00","12.42"
"115/09/02","114","4","6887","寶綠特-KY","3629416.00","1075217.00","4704633.00","1721738.00","40784.00","1762522.00","741195.00","--","1343047.00","824310.00","33559.00","--","2942111.00","--","--","--","2942111.00","0.00","0.00","0.00","39.69"
"115/09/02","114","4","6890","來億-KY","22583048.00","13510920.00","36093968.00","5623394.00","5309020.00","10932414.00","2494000.00","--","15752613.00","7042358.00","-1122611.00","--","24166360.00","--","--","995194.00","25161554.00","0.00","0.00","0.00","96.90"
"115/09/02","114","4","6901","鑽石投資","3906337.00","5452326.00","9358663.00","68642.00","69146.00","137788.00","8527500.00","--","2886147.00","-2192772.00","--","--","--","--","--","--","9220875.00","--","0.00","0.00","10.81"
"115/09/02","114","4","6902","GOGOLOOK","1032336.00","257069.00","1289405.00","473997.00","115734.00","589731.00","353589.00","--","424397.00","-79529.00","1217.00","--","699674.00","--","--","--","699674.00","0.00","0.00","0.00","19.79"
"115/09/02","114","4","6906","現觀科","875465.00","23095.00","898560.00","158852.00","11634.00","170486.00","335374.00","--","461225.00","109808.00","3152.00","-181485.00","728074.00","--","--","--","728074.00","0.00","0.00","1300000.00","22.58"
"115/09/02","114","4","6908","宏�砦C戲-創","2692678.00","1350385.00","4043063.00","1914416.00","230805.00","2145221.00","350000.00","--","739812.00","67761.00","2628.00","--","1160201.00","0.00","--","737641.00","1897842.00","0.00","0.00","0.00","33.15"
"115/09/02","114","4","6909","創控","1132747.00","114969.00","1247716.00","163065.00","11454.00","174519.00","672222.00","--","233665.00","175839.00","-8529.00","--","--","--","--","--","1073197.00","0.00","0.00","0.00","15.96"
"115/09/02","114","4","6914","阜爾運通","2144291.00","8183868.00","10328159.00","2467384.00","4165511.00","6632895.00","662260.00","--","1640141.00","1391096.00","1767.00","--","3695264.00","--","--","--","3695264.00","--","0.00","0.00","55.80"
"115/09/02","114","4","6916","華凌","1255634.00","1183859.00","2439493.00","1094582.00","299989.00","1394571.00","675000.00","--","186303.00","166981.00","11579.00","--","1039863.00","--","--","5059.00","1044922.00","--","0.00","0.00","15.41"
"115/09/02","114","4","6918","愛派司","1187061.00","362938.00","1549999.00","198133.00","86313.00","284446.00","345710.00","--","600329.00","347546.00","7859.00","-38657.00","1262787.00","--","--","2766.00","1265553.00","0.00","0.00","438000.00","37.00"
"115/09/02","114","4","6919","康霈*","4991093.00","4483013.00","9474106.00","45494.00","18164.00","63658.00","776939.00","--","8752528.00","80042.00","-68540.00","-130521.00","9410448.00","--","--","--","9410448.00","0.00","0.00","901000.00","6.07"
"115/09/02","114","4","6921","嘉雨思-創","249893.00","127687.00","377580.00","89409.00","--","89409.00","318369.00","--","42915.00","-73113.00","0.00","--","--","--","--","--","288171.00","--","0.00","0.00","9.05"
"115/09/02","114","4","6923","中台","541995.00","3590297.00","4132292.00","487310.00","1047370.00","1534680.00","914880.00","--","1218081.00","508092.00","-43441.00","0.00","2597612.00","--","--","--","2597612.00","--","0.00","0.00","28.39"
"115/09/02","114","4","6924","榮惠-KY創","1011660.00","60644.00","1072304.00","475563.00","20871.00","496434.00","208500.00","--","146187.00","220708.00","14260.00","-13785.00","575870.00","--","--","--","575870.00","0.00","0.00","206000.00","27.90"
"115/09/02","114","4","6928","攸泰科技","2249795.00","399603.00","2649398.00","538806.00","72681.00","611487.00","860000.00","--","1106618.00","49000.00","22293.00","--","2037911.00","--","--","--","2037911.00","0.00","0.00","0.00","23.70"
"115/09/02","114","4","6931","青松健康","918589.00","1663108.00","2581697.00","233677.00","1178968.00","1412645.00","661522.00","--","392122.00","89548.00","671.00","--","1143863.00","--","--","25189.00","1169052.00","0.00","0.00","0.00","17.29"
"115/09/02","114","4","6933","AMAX-KY","3638688.00","356267.00","3994955.00","1530781.00","172946.00","1703727.00","423638.00","--","1393074.00","482056.00","-7540.00","--","2291228.00","--","--","--","2291228.00","0.00","0.00","0.00","54.08"
"115/09/02","114","4","6934","心誠鎂","287555.00","153634.00","441189.00","59769.00","93986.00","153755.00","327168.00","--","624154.00","-664117.00","229.00","--","287434.00","--","--","--","287434.00","0.00","0.00","0.00","8.79"
"115/09/02","114","4","6936","永鴻生技","992827.00","675169.00","1667996.00","295429.00","20328.00","315757.00","728040.00","--","182894.00","441305.00","--","--","--","--","--","--","1352239.00","0.00","0.00","0.00","18.57"
"115/09/02","114","4","6937","天虹","3005700.00","1571204.00","4576904.00","849127.00","230134.00","1079261.00","675763.00","--","1662938.00","1135580.00","6352.00","-31962.00","3448671.00","--","--","48972.00","3497643.00","0.00","0.00","180000.00","51.17"
"115/09/02","114","4","6944","兆聯實業","13109963.00","2374627.00","15484590.00","7022182.00","436008.00","7458190.00","766879.00","--","3132347.00","4096756.00","30418.00","--","8026400.00","--","--","--","8026400.00","0.00","0.00","0.00","104.66"
"115/09/02","114","4","6947","台鎔科技","882082.00","6618354.00","7500436.00","1480883.00","3827838.00","5308721.00","943333.00","--","776667.00","471715.00","--","--","2191715.00","--","--","--","2191715.00","--","0.00","0.00","23.23"
"115/09/02","114","4","6949","沛爾生醫-創","1331420.00","780805.00","2112225.00","308973.00","109296.00","418269.00","1143716.00","--","1910174.00","-1631199.00","--","-800.00","1421891.00","--","--","272065.00","1693956.00","0.00","1909644.00","40000.00","23.44"
"115/09/02","114","4","6951","青新-創","694610.00","930680.00","1625290.00","447062.00","28478.00","475540.00","460000.00","--","356695.00","333055.00","--","--","1149750.00","--","--","0.00","1149750.00","0.00","0.00","0.00","24.99"
"115/09/02","114","4","6952","大武山","719044.00","3114210.00","3833254.00","1135084.00","926755.00","2061839.00","683450.00","--","467110.00","326671.00","--","-49013.00","1428218.00","0.00","--","343197.00","1771415.00","0.00","0.00","1000000.00","21.21"
"115/09/02","114","4","6955","邦睿生技-創","650842.00","69032.00","719874.00","74732.00","3735.00","78467.00","248008.00","--","269742.00","123866.00","-209.00","--","641407.00","--","--","--","641407.00","0.00","0.00","0.00","25.86"
"115/09/02","114","4","6957","裕慶-KY","2679852.00","2478719.00","5158571.00","918271.00","1529783.00","2448054.00","555130.00","--","1265445.00","939264.00","1184.00","-120160.00","2640863.00","--","--","69654.00","2710517.00","0.00","0.00","684000.00","48.17"
"115/09/02","114","4","6958","日盛台駿","52010035.00","25742461.00","77752496.00","54726885.00","12716115.00","67443000.00","4932894.00","--","5229817.00","-118689.00","89422.00","--","10133444.00","--","--","176052.00","10309496.00","--","40000000.00","0.00","22.86"
"115/09/02","114","4","6962","奕力-KY","11415583.00","14202554.00","25618137.00","4938269.00","666514.00","5604783.00","4923966.00","--","5469650.00","9598894.00","20844.00","--","20013354.00","--","--","--","20013354.00","0.00","0.00","0.00","40.64"
"115/09/02","114","4","6965","中傑-KY","11179679.00","6290847.00","17470526.00","4767837.00","424890.00","5192727.00","1563360.00","--","5454416.00","5698229.00","-654066.00","--","12061939.00","--","--","215860.00","12277799.00","--","0.00","0.00","77.15"
"115/09/02","114","4","6969","成信實業*-創","281323.00","825591.00","1106914.00","310906.00","471052.00","781958.00","549197.00","--","654.00","-224895.00","--","--","324956.00","--","--","--","324956.00","0.00","0.00","0.00","8.52"
"115/09/02","114","4","6988","威力暘-創","768977.00","421671.00","1190648.00","251261.00","210569.00","461830.00","476000.00","--","309850.00","-63520.00","6488.00","0.00","728818.00","--","--","--","728818.00","--","0.00","0.00","15.31"
"115/09/02","114","4","6994","富威電力","3558313.00","3828154.00","7386467.00","2589101.00","1894158.00","4483259.00","738286.00","--","1383344.00","517628.00","306.00","-95624.00","2543940.00","--","--","359268.00","2903208.00","0.00","0.00","1802857.00","35.32"
"115/09/02","114","4","7610","聯友金屬-創","1730944.00","1293686.00","3024630.00","880562.00","532836.00","1413398.00","485855.00","--","843223.00","267649.00","-1095.00","--","1595632.00","--","--","15600.00","1611232.00","0.00","0.00","0.00","32.84"
"115/09/02","114","4","7631","聚賢研發-創","1276523.00","206549.00","1483072.00","478222.00","163916.00","642138.00","201420.00","--","338042.00","312829.00","-11357.00","--","840934.00","--","--","--","840934.00","--","0.00","0.00","41.75"
"115/09/02","114","4","7689","大鵬科CLMX","3295736.00","2317564.00","5613300.00","1867398.00","2160110.00","4027508.00","526887.00","--","311117.00","748182.00","-394.00","--","1585792.00","--","--","--","1585792.00","--","0.00","0.00","30.10"
"115/09/02","114","4","7705","三商餐飲","950710.00","2896284.00","3846994.00","1629069.00","671258.00","2300327.00","660673.00","--","540668.00","351981.00","-6700.00","--","1546622.00","--","--","45.00","1546667.00","0.00","0.00","0.00","23.41"
"115/09/02","114","4","7711","永擎","11440808.00","220816.00","11661624.00","6801495.00","7651.00","6809146.00","717342.00","--","3050320.00","1097519.00","-12703.00","--","4852478.00","--","--","0.00","4852478.00","--","0.00","0.00","67.65"
"115/09/02","114","4","7721","微程式","1090759.00","523601.00","1614360.00","141074.00","179070.00","320144.00","553700.00","--","623709.00","115970.00","837.00","--","1294216.00","--","--","--","1294216.00","0.00","0.00","0.00","23.37"
"115/09/02","114","4","7722","LINEPAY","18985696.00","1522957.00","20508653.00","8509193.00","1199893.00","9709086.00","680000.00","--","8524707.00","1601266.00","-6406.00","--","10799567.00","--","--","--","10799567.00","--","0.00","0.00","158.82"
"115/09/02","114","4","7730","暉盛-創","997348.00","291007.00","1288355.00","185452.00","110576.00","296028.00","367968.00","--","248516.00","375862.00","-19.00","0.00","992327.00","--","--","0.00","992327.00","--","0.00","0.00","26.97"
"115/09/02","114","4","7732","金興精密","1161177.00","1079548.00","2240725.00","364131.00","40776.00","404907.00","646800.00","--","748562.00","456760.00","16749.00","-33053.00","1835818.00","--","--","--","1835818.00","0.00","0.00","819000.00","28.75"
"115/09/02","114","4","7736","虎山","2700282.00","1610204.00","4310486.00","458739.00","226202.00","684941.00","760000.00","--","761854.00","2156081.00","-7002.00","-45388.00","3625545.00","--","--","--","3625545.00","--","0.00","425000.00","47.97"
"115/09/02","114","4","7740","熙特爾-創","7587299.00","1282402.00","8869701.00","7058189.00","274038.00","7332227.00","532000.00","--","522429.00","232171.00","-22181.00","--","1264419.00","--","--","273055.00","1537474.00","--","0.00","0.00","23.77"
"115/09/02","114","4","7749","意騰-KY","3488406.00","685065.00","4173471.00","383049.00","46420.00","429469.00","464857.00","--","2714020.00","570409.00","-5284.00","--","3744002.00","--","--","--","3744002.00","0.00","0.00","0.00","80.54"
"115/09/02","114","4","7750","新代","15135550.00","2524110.00","17659660.00","4974149.00","1312700.00","6286849.00","718430.00","--","5700929.00","4964206.00","-3629.00","-7125.00","11372811.00","--","--","--","11372811.00","--","0.00","95000.00","158.51"
"115/09/02","114","4","7760","享溫馨","349211.00","4096391.00","4445602.00","300762.00","2136803.00","2437565.00","600000.00","--","766930.00","641107.00","0.00","--","--","--","--","--","2008037.00","--","0.00","0.00","33.47"
"115/09/02","114","4","7765","中華資安","2481143.00","351529.00","2832672.00","746544.00","34282.00","780826.00","406808.00","--","1082526.00","561342.00","1170.00","--","--","--","--","--","2051846.00","--","2000.00","0.00","50.44"
"115/09/02","114","4","7768","頌勝科技","1845713.00","1784232.00","3629945.00","1046949.00","764016.00","1810965.00","600000.00","--","931191.00","254065.00","2100.00","--","1787356.00","--","--","31624.00","1818980.00","0.00","0.00","0.00","29.79"
"115/09/02","114","4","7769","鴻勁","70195329.00","3074739.00","73270068.00","15027873.00","211127.00","15239000.00","1799300.00","--","36179767.00","19908127.00","164807.00","-20933.00","58031068.00","--","--","--","58031068.00","--","0.00","27000.00","322.57"
"115/09/02","114","4","7780","大研生醫*","5863066.00","49585.00","5912651.00","446872.00","23075.00","469947.00","810024.00","--","4414952.00","187375.00","30353.00","--","5442704.00","--","--","--","5442704.00","0.00","0.00","0.00","6.72"
"115/09/02","114","4","7786","東方風能","4042237.00","11124559.00","15166796.00","3099946.00","2237670.00","5337616.00","1753614.00","--","4134112.00","3941454.00","--","--","--","--","--","--","9829180.00","0.00","0.00","0.00","56.05"
"115/09/02","114","4","7788","松川精密","6172536.00","4401614.00","10574150.00","2982353.00","1667878.00","4650231.00","797460.00","--","3593144.00","1516755.00","13773.00","--","5921132.00","--","--","2787.00","5923919.00","--","0.00","0.00","74.25"
"115/09/02","114","4","7791","皇家可口","1259725.00","2937733.00","4197458.00","423170.00","139022.00","562192.00","800000.00","--","699871.00","858658.00","1276737.00","--","3635266.00","--","--","0.00","3635266.00","--","0.00","0.00","45.44"
"115/09/02","114","4","7795","長廣","2268080.00","314364.00","2582444.00","700092.00","293275.00","993367.00","708285.00","--","600658.00","673934.00","-393800.00","--","1589077.00","--","--","--","1589077.00","--","0.00","0.00","22.44"
"115/09/02","114","4","7799","禾榮科","10552705.00","1025911.00","11578616.00","64775.00","24529.00","89304.00","1575480.00","--","10934084.00","-481666.00","-538586.00","--","--","--","--","--","11489312.00","0.00","36000.00","0.00","72.93"
"115/09/02","114","4","7803","雲象科技-創","590760.00","112456.00","703216.00","56300.00","38142.00","94442.00","888589.00","--","47680.00","-325870.00","-1625.00","0.00","608774.00","--","--","--","608774.00","0.00","0.00","0.00","6.85"
"115/09/02","114","4","7818","溢泰實業","8341680.00","6333599.00","14675279.00","4542607.00","2162667.00","6705274.00","1499460.00","--","953015.00","5227224.00","290306.00","--","7970005.00","--","--","0.00","7970005.00","--","0.00","0.00","53.15"
"115/09/02","114","4","7821","神數","6291910.00","540416.00","6832326.00","4384926.00","277202.00","4662128.00","1094133.00","--","594281.00","438101.00","43683.00","--","2170198.00","0.00","--","--","2170198.00","0.00","0.00","0.00","19.83"
"115/09/02","114","4","7822","倍利科","2417071.00","225496.00","2642567.00","1561890.00","50730.00","1612620.00","415608.00","--","20656.00","581838.00","0.00","--","1018102.00","--","--","11845.00","1029947.00","--","0.00","0.00","24.50"
"115/09/02","114","4","7823","奧義賽博-KY創","541330.00","59494.00","600824.00","250828.00","42418.00","293246.00","316289.00","--","7871.00","-25173.00","8591.00","--","307578.00","0.00","--","--","307578.00","--","0.00","0.00","9.72"
"115/09/02","114","4","7827","漢康-KY創","1081657.00","89941.00","1171598.00","302358.00","0.00","302358.00","1302057.00","--","2584454.00","-3105182.00","-115518.00","-73.00","665738.00","--","--","203502.00","869240.00","0.00","0.00","195360.00","5.12"
"115/09/02","114","4","7835","永悅健康-創","441277.00","238015.00","679292.00","385850.00","8159.00","394009.00","439444.00","--","161500.00","-288196.00","-30213.00","0.00","282535.00","--","--","2748.00","285283.00","0.00","0.00","0.00","6.43"
"115/09/02","114","4","7855","和運租車","4772657.00","57043878.00","61816535.00","40582376.00","14697920.00","55280296.00","1925279.00","--","50808.00","4372409.00","-57394.00","--","6291102.00","0.00","--","245137.00","6536239.00","--","0.00","0.00","32.68"
"115/09/02","114","4","8011","台通","2152531.00","5237018.00","7389549.00","1695239.00","1744759.00","3439998.00","1659219.00","--","1216219.00","372134.00","9918.00","0.00","3257490.00","--","--","692061.00","3949551.00","--","0.00","0.00","19.63"
"115/09/02","114","4","8016","矽創","15610988.00","6492732.00","22103720.00","5352389.00","305771.00","5658160.00","1201369.00","--","2060909.00","8812466.00","321590.00","-159839.00","12236495.00","--","--","4209065.00","16445560.00","--","0.00","1831000.00","103.43"
"115/09/02","114","4","8021","尖點","5211903.00","2753617.00","7965520.00","2120708.00","416996.00","2537704.00","1420425.00","--","1317507.00","2361338.00","-277795.00","0.00","4821475.00","--","--","606341.00","5427816.00","--","0.00","0.00","33.94"
"115/09/02","114","4","8028","昇陽半導體","2654657.00","9514277.00","12168934.00","1836228.00","5224838.00","7061066.00","1752831.00","--","1969058.00","1385979.00","--","--","--","--","--","--","5107868.00","0.00","0.00","0.00","29.14"
"115/09/02","114","4","8033","雷虎","1718828.00","1347313.00","3066141.00","676326.00","324388.00","1000714.00","1526298.00","--","772217.00","-450287.00","34841.00","--","1883069.00","--","--","182358.00","2065427.00","--","0.00","0.00","12.34"
"115/09/02","114","4","8039","台虹","9283312.00","5483884.00","14767196.00","3159492.00","686851.00","3846343.00","2629270.00","--","2532299.00","5586916.00","147515.00","--","10896000.00","--","--","24853.00","10920853.00","--","184000.00","0.00","41.44"
"115/09/02","114","4","8045","達運光電","1677434.00","876274.00","2553708.00","284208.00","256466.00","540674.00","950432.00","--","809804.00","263910.00","-11619.00","--","2012527.00","--","--","507.00","2013034.00","0.00","17000.00","0.00","21.18"
"115/09/02","114","4","8046","南電","23622645.00","37584753.00","61207398.00","7188753.00","7895751.00","15084504.00","6461655.00","--","18125648.00","22311393.00","-775802.00","--","46122894.00","--","--","--","46122894.00","0.00","0.00","0.00","71.38"
"115/09/02","114","4","8070","長華*","24701745.00","16200199.00","40901944.00","9083986.00","9203280.00","18287266.00","725648.00","--","6184845.00","4535328.00","7251711.00","-736628.00","17960904.00","--","--","4653774.00","22614678.00","--","0.00","21315929.00","25.50"
"115/09/02","114","4","8072","陞泰","1648208.00","995121.00","2643329.00","220962.00","34110.00","255072.00","800000.00","--","17561.00","1477693.00","3444.00","--","2298698.00","--","--","89559.00","2388257.00","--","0.00","0.00","28.73"
"115/09/02","114","4","8081","致新","8003639.00","3538527.00","11542166.00","1821335.00","308304.00","2129639.00","861721.00","--","1430805.00","5331920.00","557702.00","-50883.00","8131265.00","--","--","1281262.00","9412527.00","0.00","0.00","485433.00","94.90"
"115/09/02","114","4","8101","華冠","172035.00","396817.00","568852.00","220072.00","62112.00","282184.00","504262.00","--","120344.00","-350941.00","-16445.00","--","257220.00","--","--","29448.00","286668.00","--","3000000.00","0.00","5.20"
"115/09/02","114","4","8103","瀚荃","4620715.00","1299998.00","5920713.00","1610225.00","510252.00","2120477.00","784367.00","--","1050072.00","2126429.00","-84664.00","-79058.00","3797146.00","--","--","3090.00","3800236.00","--","0.00","1700000.00","49.48"
"115/09/02","114","4","8104","錸寶","3318671.00","5153700.00","8472371.00","1739800.00","3603077.00","5342877.00","1040582.00","--","1586496.00","237523.00","-56004.00","0.00","2808597.00","--","--","320897.00","3129494.00","--","0.00","0.00","26.99"
"115/09/02","114","4","8105","凌巨","5187917.00","5597654.00","10785571.00","2717909.00","229646.00","2947555.00","4415449.00","--","2618982.00","875672.00","-72087.00","--","7838016.00","--","--","--","7838016.00","--","0.00","0.00","17.75"
"115/09/02","114","4","8110","華東","7371331.00","9156581.00","16527912.00","2716830.00","1539798.00","4256628.00","5177399.00","--","648675.00","5320611.00","1211906.00","-91099.00","12267492.00","--","--","3792.00","12271284.00","--","0.00","5000000.00","23.93"
"115/09/02","114","4","8112","至上","82922861.00","1742339.00","84665200.00","48628816.00","15654235.00","64283051.00","5552917.00","--","7320388.00","6407299.00","-73622.00","-112193.00","19094789.00","--","--","1287360.00","20382149.00","--","0.00","3000000.00","34.57"
"115/09/02","114","4","8114","振樺電","11123075.00","8751089.00","19874164.00","4338110.00","700923.00","5039033.00","1075719.00","--","5152787.00","4214219.00","-123213.00","--","10319512.00","--","--","4515619.00","14835131.00","0.00","0.00","0.00","95.93"
"115/09/02","114","4","8131","福懋科","9443229.00","4473900.00","13917129.00","1179280.00","490717.00","1669997.00","4422222.00","--","2411686.00","5982629.00","-569405.00","--","--","--","--","--","12247132.00","0.00","0.00","0.00","27.69"
"115/09/02","114","4","8150","南茂","25147331.00","20205090.00","45352421.00","10467091.00","10876967.00","21344058.00","7045231.00","--","5879319.00","11061187.00","150741.00","-128115.00","24008363.00","--","--","--","24008363.00","0.00","0.00","4540000.00","34.30"
"115/09/02","114","4","8162","微矽電子-創","704309.00","1836345.00","2540654.00","359902.00","700076.00","1059978.00","687020.00","--","262422.00","534969.00","-3735.00","--","--","--","--","--","1480676.00","0.00","0.00","0.00","21.55"
"115/09/02","114","4","8163","達方","20633798.00","12452601.00","33086399.00","15021545.00","5338108.00","20359653.00","2800000.00","--","4105479.00","3588556.00","-304457.00","-89024.00","10100554.00","--","--","2626192.00","12726746.00","0.00","0.00","4000000.00","36.60"
"115/09/02","114","4","8201","無敵","505939.00","186527.00","692466.00","193165.00","38208.00","231373.00","623663.00","--","0.00","-215973.00","53403.00","--","461093.00","--","--","--","461093.00","--","0.00","0.00","7.39"
"115/09/02","114","4","8210","勤誠","16583214.00","6873141.00","23456355.00","10913574.00","1466073.00","12379647.00","1253192.00","--","1571586.00","8343857.00","-283783.00","--","10884852.00","--","--","191856.00","11076708.00","0.00","0.00","0.00","86.86"
"115/09/02","114","4","8213","志超","21921629.00","9429987.00","31351616.00","12444407.00","2058142.00","14502549.00","2712425.00","--","2875694.00","10903475.00","-285159.00","--","16206435.00","--","--","642632.00","16849067.00","0.00","0.00","0.00","59.75"
"115/09/02","114","4","8215","明基材","8831630.00","14387704.00","23219334.00","8314047.00","7348575.00","15662622.00","3206745.00","--","193709.00","1740543.00","-10395.00","--","5130602.00","--","--","2426110.00","7556712.00","0.00","0.00","0.00","16.00"
"115/09/02","114","4","8222","寶一","1111902.00","1057466.00","2169368.00","523569.00","744848.00","1268417.00","685735.00","--","53264.00","161952.00","0.00","--","--","--","--","--","900951.00","--","0.00","0.00","13.14"
"115/09/02","114","4","8249","菱光","4270868.00","6081568.00","10352436.00","2574660.00","161054.00","2735714.00","1378245.00","--","1114940.00","2343488.00","2875180.00","-95155.00","7616698.00","--","--","24.00","7616722.00","0.00","0.00","2837800.00","56.43"
"115/09/02","114","4","8261","富鼎","5671008.00","980521.00","6651529.00","712941.00","5727.00","718668.00","1188784.00","--","3015419.00","1800021.00","-71429.00","--","5932795.00","--","--","66.00","5932861.00","--","0.00","0.00","49.91"
"115/09/02","114","4","8271","宇瞻","7879573.00","1409194.00","9288767.00","4033603.00","102684.00","4136287.00","1281292.00","--","1115655.00","2711837.00","-76434.00","--","5032350.00","--","--","120130.00","5152480.00","--","0.00","0.00","39.28"
"115/09/02","114","4","8341","日友","1912459.00","8146107.00","10058566.00","1236456.00","3015108.00","4251564.00","1300000.00","--","2588427.00","1470294.00","-41290.00","--","5317431.00","--","--","489571.00","5807002.00","0.00","0.00","0.00","40.90"
"115/09/02","114","4","8367","建新國際","2094130.00","15406174.00","17500304.00","2764565.00","9965637.00","12730202.00","921720.00","--","802257.00","1733046.00","-14643.00","--","3442380.00","--","--","1327722.00","4770102.00","--","0.00","0.00","37.35"
"115/09/02","114","4","8374","羅昇","3214283.00","2136956.00","5351239.00","1755216.00","712780.00","2467996.00","1122505.00","--","379065.00","493756.00","-22194.00","--","1973132.00","--","--","910111.00","2883243.00","0.00","0.00","0.00","17.58"
"115/09/02","114","4","8404","百和興業-KY","7245085.00","12802939.00","20048024.00","7967730.00","4877875.00","12845605.00","4199338.00","--","1083355.00","2429213.00","-510054.00","--","7201852.00","--","--","567.00","7202419.00","--","0.00","0.00","17.15"
"115/09/02","114","4","8411","福貞-KY","5596211.00","7754801.00","13351012.00","4733775.00","2600344.00","7334119.00","2184043.00","--","2589878.00","1730201.00","-634450.00","--","5869672.00","--","--","147221.00","6016893.00","0.00","0.00","0.00","26.88"
"115/09/02","114","4","8422","可寧衛*","5088039.00","17203147.00","22291186.00","2401964.00","10371687.00","12773651.00","1200100.00","--","2477925.00","4779953.00","-14491.00","--","8443487.00","--","--","1074048.00","9517535.00","--","0.00","0.00","7.43"
"115/09/02","114","4","8429","金麗-KY","6240532.00","846793.00","7087325.00","115765.00","585852.00","701617.00","1857472.00","--","1617452.00","3298013.00","-387741.00","--","6385196.00","--","--","512.00","6385708.00","--","0.00","0.00","34.38"
"115/09/02","114","4","8438","昶昕","1306552.00","1764591.00","3071143.00","932545.00","220626.00","1153171.00","699430.00","--","620816.00","624255.00","-26529.00","--","1917972.00","--","--","--","1917972.00","--","0.00","0.00","27.42"
"115/09/02","114","4","8442","威宏-KY","5366731.00","1649643.00","7016374.00","2878771.00","367823.00","3246594.00","701698.00","--","1549858.00","1567616.00","-49392.00","--","3769780.00","--","--","--","3769780.00","0.00","0.00","0.00","53.72"
"115/09/02","114","4","8443","阿瘦","775516.00","821815.00","1597331.00","615927.00","314439.00","930366.00","668000.00","--","96222.00","-97257.00","0.00","--","666965.00","--","--","0.00","666965.00","0.00","0.00","0.00","9.98"
"115/09/02","114","4","8454","富邦媒","11030302.00","16018770.00","27049072.00","15118436.00","2140872.00","17259308.00","2649753.00","--","1723579.00","5498927.00","-166073.00","--","9706186.00","--","--","83578.00","9789764.00","--","0.00","0.00","36.63"
"115/09/02","114","4","8462","柏文","1977478.00","10010560.00","11988038.00","3204545.00","6409926.00","9614471.00","792921.00","--","779366.00","823313.00","-34394.00","0.00","2361206.00","--","--","12361.00","2373567.00","0.00","0.00","0.00","29.78"
"115/09/02","114","4","8463","潤泰材","3646441.00","6450299.00","10096740.00","3893924.00","3104453.00","6998377.00","1500000.00","--","746018.00","419097.00","-190056.00","--","2475059.00","--","--","623304.00","3098363.00","0.00","0.00","0.00","16.50"
"115/09/02","114","4","8464","億豐","25503679.00","14521160.00","40024839.00","6144432.00","3471780.00","9616212.00","2930202.00","--","4572007.00","22113743.00","387984.00","--","30003936.00","--","--","404691.00","30408627.00","--","0.00","0.00","102.40"
"115/09/02","114","4","8466","美吉吉-KY","3159818.00","3262598.00","6422416.00","1310086.00","2078895.00","3388981.00","798256.00","--","1596642.00","719341.00","-59354.00","-21450.00","3033435.00","--","--","0.00","3033435.00","--","0.00","380000.00","38.18"
"115/09/02","114","4","8467","波力-KY","2925107.00","1741677.00","4666784.00","1206246.00","592077.00","1798323.00","503736.00","--","931308.00","1671502.00","-186554.00","-45306.00","2874686.00","--","--","-6225.00","2868461.00","--","0.00","274000.00","57.38"
"115/09/02","114","4","8473","山林水","7235958.00","9456040.00","16691998.00","5053454.00","3429516.00","8482970.00","1810577.00","--","4541767.00","575804.00","-102474.00","--","6825674.00","--","--","1383354.00","8209028.00","0.00","0.00","0.00","37.70"
"115/09/02","114","4","8476","台境*","3356845.00","731649.00","4088494.00","2054096.00","195839.00","2249935.00","831132.00","--","452464.00","639153.00","-13362.00","-108372.00","1801015.00","--","--","37544.00","1838559.00","0.00","0.00","4952000.00","11.17"
"115/09/02","114","4","8478","東哥遊艇","12258428.00","3924288.00","16182716.00","3167809.00","3959730.00","7127539.00","939723.00","--","3307151.00","4583446.00","224857.00","0.00","9055177.00","--","--","--","9055177.00","--","0.00","0.00","96.36"
"115/09/02","114","4","8481","政伸","1405859.00","550052.00","1955911.00","206674.00","5889.00","212563.00","666019.00","--","146895.00","943557.00","-13123.00","--","1743348.00","--","--","--","1743348.00","--","0.00","0.00","26.18"
"115/09/02","114","4","8482","商億-KY","2208057.00","2473627.00","4681684.00","1510368.00","14068.00","1524436.00","1074440.00","--","1268739.00","1218389.00","-219886.00","-262436.00","3079246.00","--","--","78002.00","3157248.00","--","0.00","2361000.00","29.30"
"115/09/02","114","4","8487","愛爾達-創","922857.00","89056.00","1011913.00","294573.00","47110.00","341683.00","265350.00","--","215676.00","189204.00","--","--","--","--","--","--","670230.00","--","0.00","0.00","25.26"
"115/09/02","114","4","8488","吉源-KY","2566434.00","2591027.00","5157461.00","2787423.00","22993.00","2810416.00","735000.00","--","1694318.00","296286.00","-378559.00","--","2347045.00","--","--","--","2347045.00","0.00","0.00","0.00","31.93"
"115/09/02","114","4","8499","鼎炫-KY","9215711.00","6733425.00","15949136.00","2527117.00","1391968.00","3919085.00","411656.00","--","5179939.00","2636312.00","-24659.00","0.00","8203248.00","--","--","3826803.00","12030051.00","--","0.00","0.00","199.27"
"115/09/02","114","4","8926","台汽電","6824293.00","23970388.00","30794681.00","5847312.00","9172346.00","15019658.00","7302820.00","--","2785428.00","5734591.00","-47816.00","--","15775023.00","--","--","0.00","15775023.00","--","0.00","0.00","21.60"
"115/09/02","114","4","8940","新天地","472267.00","1685201.00","2157468.00","523359.00","775985.00","1299344.00","674910.00","--","127463.00","-40118.00","--","--","762255.00","--","--","95869.00","858124.00","--","0.00","0.00","11.29"
"115/09/02","114","4","8996","高力","5580159.00","2546899.00","8127058.00","3574698.00","375448.00","3950146.00","924829.00","--","1457247.00","1788778.00","120065.00","-118088.00","4172831.00","--","--","4081.00","4176912.00","--","0.00","500000.00","45.37"
"115/09/02","114","4","9802","鈺齊-KY","9037112.00","12698139.00","21735251.00","6538595.00","1410917.00","7949512.00","2009917.00","--","6605628.00","6124019.00","-970490.00","0.00","13769074.00","--","--","16665.00","13785739.00","--","0.00","0.00","68.51"
"115/09/02","114","4","9902","台火","610850.00","679256.00","1290106.00","52762.00","34053.00","86815.00","980496.00","--","49549.00","170598.00","0.00","0.00","1200643.00","--","--","2648.00","1203291.00","--","0.00","0.00","12.25"
"115/09/02","114","4","9904","寶成","161076170.00","194513901.00","355590071.00","85165274.00","46222704.00","131387978.00","29467872.00","--","4527218.00","121244583.00","-14341030.00","--","140898643.00","--","--","83303450.00","224202093.00","--","0.00","0.00","47.81"
"115/09/02","114","4","9905","大華","9510617.00","2104094.00","11614711.00","2698848.00","487802.00","3186650.00","3050000.00","--","24431.00","4427313.00","662380.00","0.00","8164124.00","--","--","263937.00","8428061.00","0.00","0.00","0.00","26.77"
"115/09/02","114","4","9906","欣巴巴","8853460.00","38899.00","8892359.00","5990297.00","1555918.00","7546215.00","903763.00","--","215153.00","227228.00","0.00","--","1346144.00","--","--","--","1346144.00","--","0.00","0.00","14.89"
"115/09/02","114","4","9907","統一實","14747683.00","19733946.00","34481629.00","6616578.00","5575640.00","12192218.00","15791453.00","--","233034.00","6599351.00","-1221435.00","--","21402403.00","--","--","887008.00","22289411.00","0.00","0.00","0.00","13.55"
"115/09/02","114","4","9908","大台北","7867321.00","13499741.00","21367062.00","2384298.00","3351578.00","5735876.00","5163580.00","--","129171.00","5980771.00","2865603.00","-17944.00","14121181.00","--","--","1510005.00","15631186.00","--","0.00","15493101.00","28.19"
"115/09/02","114","4","9910","豐泰","24626005.00","28064985.00","52690990.00","13769333.00","11096583.00","24865916.00","9874828.00","--","47170.00","16777388.00","-894893.00","--","25804493.00","--","--","2020581.00","27825074.00","--","0.00","0.00","26.13"
"115/09/02","114","4","9911","櫻花","6139450.00","5073059.00","11212509.00","3452556.00","737385.00","4189941.00","2223896.00","--","244418.00","4434815.00","36765.00","-21248.00","6918646.00","--","--","103922.00","7022568.00","--","0.00","2312932.00","31.44"
"115/09/02","114","4","9912","偉聯","407454.00","409745.00","817199.00","400397.00","20382.00","420779.00","541706.00","--","34055.00","-99940.00","-88179.00","0.00","387642.00","--","--","8778.00","396420.00","--","0.00","0.00","7.16"
"115/09/02","114","4","9914","美利達","16006720.00","19196287.00","35203007.00","11464275.00","3915434.00","15379709.00","2989838.00","--","1192078.00","15093671.00","117261.00","--","19392848.00","--","--","430450.00","19823298.00","--","0.00","0.00","64.86"
"115/09/02","114","4","9917","中保科","10663664.00","20198637.00","30862301.00","8833350.00","7829772.00","16663122.00","4511971.00","--","1201905.00","8346231.00","-207580.00","-215966.00","13636561.00","--","--","562618.00","14199179.00","0.00","0.00","7145805.00","30.71"
"115/09/02","114","4","9918","欣天然","2040522.00","3823236.00","5863758.00","1032526.00","1518101.00","2550627.00","1805375.00","--","87426.00","1467158.00","0.00","-46828.00","3313131.00","--","--","0.00","3313131.00","0.00","0.00","2527863.00","18.61"
"115/09/02","114","4","9919","康那香","2763321.00","3292696.00","6056017.00","1334194.00","2618411.00","3952605.00","1953628.00","--","26989.00","47345.00","75450.00","--","2103412.00","--","--","--","2103412.00","0.00","0.00","0.00","10.77"
"115/09/02","114","4","9921","巨大","45623375.00","24124712.00","69748087.00","24675162.00","8055913.00","32731075.00","3920654.00","--","4806157.00","26240654.00","-905479.00","--","34061986.00","--","--","2955026.00","37017012.00","--","0.00","0.00","86.88"
"115/09/02","114","4","9924","福興","4755925.00","4345722.00","9101647.00","1669485.00","344219.00","2013704.00","1507617.00","--","567114.00","5013741.00","-51946.00","--","7036526.00","--","--","51417.00","7087943.00","0.00","0.00","0.00","46.67"
"115/09/02","114","4","9925","新保","10227870.00","9763823.00","19991693.00","5140875.00","605494.00","5746369.00","3874896.00","--","158297.00","5943430.00","3106812.00","-39521.00","13043914.00","--","--","1201410.00","14245324.00","--","0.00","3283811.00","33.95"
"115/09/02","114","4","9926","新海","3686581.00","5163834.00","8850415.00","2333995.00","2287481.00","4621476.00","1795041.00","--","--","1735662.00","698236.00","--","4228939.00","--","--","--","4228939.00","--","0.00","0.00","23.56"
"115/09/02","114","4","9927","泰銘","5355940.00","1001902.00","6357842.00","416426.00","296043.00","712469.00","1200000.00","--","975330.00","3908352.00","-466659.00","--","5617023.00","--","--","28350.00","5645373.00","--","0.00","0.00","46.81"
"115/09/02","114","4","9928","中視","371677.00","5002848.00","5374525.00","1779636.00","1447088.00","3226724.00","707246.00","--","67856.00","1046304.00","326367.00","--","2147773.00","--","--","28.00","2147801.00","0.00","0.00","0.00","30.37"
"115/09/02","114","4","9929","秋雨","539352.00","1292861.00","1832213.00","359627.00","664295.00","1023922.00","1012800.00","--","4345.00","-65802.00","-170267.00","--","781076.00","--","--","27215.00","808291.00","--","0.00","0.00","7.71"
"115/09/02","114","4","9930","中聯資源","2942569.00","8553801.00","11496370.00","2262486.00","2406906.00","4669392.00","2485404.00","--","162398.00","4108189.00","-161784.00","--","6594207.00","--","--","232771.00","6826978.00","--","0.00","0.00","26.53"
"115/09/02","114","4","9931","欣高","2291372.00","4415563.00","6706935.00","2226043.00","1089309.00","3315352.00","1203693.00","--","30113.00","1385251.00","686671.00","--","3305728.00","--","--","85855.00","3391583.00","0.00","0.00","0.00","27.46"
"115/09/02","114","4","9933","中鼎","86321951.00","53738510.00","140060461.00","83438168.00","31105903.00","114544071.00","8944774.00","--","6592349.00","6784779.00","-2036042.00","-11835.00","20274025.00","--","--","5242365.00","25516390.00","73212.00","0.00","1383632.00","22.70"
"115/09/02","114","4","9934","成霖","9882249.00","5992010.00","15874259.00","6304706.00","3501393.00","9806099.00","4110170.00","--","997764.00","1156479.00","-196253.00","--","6068160.00","--","--","--","6068160.00","--","0.00","0.00","14.76"
"115/09/02","114","4","9935","慶豐富","3912246.00","3906852.00","7819098.00","2521003.00","2655894.00","5176897.00","1778389.00","--","111098.00","903433.00","-109533.00","-41186.00","2642201.00","--","--","--","2642201.00","--","0.00","1998000.00","15.03"
"115/09/02","114","4","9937","全國","852622.00","11173726.00","12026348.00","4275287.00","1927624.00","6202911.00","3090430.00","--","24067.00","2687094.00","21846.00","--","5823437.00","--","--","--","5823437.00","--","0.00","0.00","18.84"
"115/09/02","114","4","9938","百和","12792745.00","21366456.00","34159201.00","9882642.00","7334031.00","17216673.00","2979639.00","--","776009.00","9596596.00","-23075.00","--","13329169.00","--","--","3613359.00","16942528.00","--","0.00","0.00","44.73"
"115/09/02","114","4","9939","宏全","15366269.00","31430715.00","46796984.00","13850791.00","12376978.00","26227769.00","2957865.00","--","6825654.00","12280035.00","-1996338.00","--","20067216.00","--","--","501999.00","20569215.00","--","0.00","0.00","67.84"
"115/09/02","114","4","9940","信義","16724313.00","14161035.00","30885348.00","5485399.00","12357886.00","17843285.00","7368465.00","--","63983.00","5807904.00","-328448.00","--","12911904.00","--","--","130159.00","13042063.00","--","0.00","0.00","17.52"
"115/09/02","114","4","9941","裕融","234007289.00","50596998.00","284604287.00","234975853.00","8708003.00","243683856.00","6756363.00","--","14536252.00","19422684.00","-192316.00","--","40522983.00","--","--","397448.00","40920431.00","--","0.00","0.00","59.98"
"115/09/02","114","4","9942","茂順","3242134.00","2335184.00","5577318.00","783535.00","503844.00","1287379.00","831613.00","--","214743.00","3371318.00","-131893.00","--","4285781.00","--","--","4158.00","4289939.00","0.00","0.00","0.00","51.54"
"115/09/02","114","4","9943","好樂迪","1456894.00","4050748.00","5507642.00","648636.00","907482.00","1556118.00","1251715.00","--","284.00","2732656.00","-56022.00","0.00","3928633.00","--","--","22891.00","3951524.00","0.00","0.00","0.00","31.39"
"115/09/02","114","4","9944","新麗","2836957.00","2938207.00","5775164.00","1533635.00","772727.00","2306362.00","1059081.00","0.00","224504.00","2023470.00","70969.00","0.00","3378024.00","0.00","--","90778.00","3468802.00","--","0.00","0.00","31.90"
"115/09/02","114","4","9945","潤泰新","57602917.00","138634313.00","196237230.00","27985566.00","58491911.00","86477477.00","28442251.00","--","17821400.00","94004815.00","-38900846.00","-81449.00","101286171.00","--","--","8473582.00","109759753.00","0.00","0.00","9713457.00","35.73"
"115/09/02","114","4","9946","三發地產","15622885.00","1640332.00","17263217.00","6329685.00","4200272.00","10529957.00","3265542.00","--","35740.00","3352021.00","124905.00","-44948.00","6733260.00","--","--","--","6733260.00","0.00","0.00","2130000.00","20.75"
"115/09/02","114","4","9955","佳龍","478075.00","2341411.00","2819486.00","206399.00","1377391.00","1583790.00","1044358.00","--","991182.00","-768186.00","-31658.00","--","1235696.00","--","--","--","1235696.00","--","0.00","0.00","11.83"
"115/09/02","114","4","9958","世紀鋼","18778196.00","23053335.00","41831531.00","14778153.00","5686429.00","20464582.00","2468967.00","--","6279133.00","2432674.00","-69202.00","0.00","11111572.00","--","--","10255377.00","21366949.00","--","0.00","0.00","45.00"
