出表日期,年度,季別,公司代號,公司名稱,流動資產,非流動資產,資產總計,流動負債,非流動負債,負債總計,股本,權益─具證券性質之虛擬通貨,資本公積,保留盈餘,其他權益,庫藏股票,歸屬於母公司業主之權益合計,共同控制下前手權益,合併前非屬共同控制股權,非控制權益,權益總計,待註銷股本股數（單位：股）,預收股款（權益項下）之約當發行股數（單位：股）,母公司暨子公司所持有之母公司庫藏股股數（單位：股）,每股參考淨值
"115/08/27","114","4","1101","台泥","178163742.00","410671732.00","588835474.00","85947537.00","210182122.00","296129659.00","77511817.00","--","75293337.00","54358169.00","26382910.00","-1635644.00","231910589.00","--","--","60795226.00","292705815.00","--","0.00","58000000.00","30.14"
"115/08/27","114","4","1102","亞泥","95233368.00","228807091.00","324040459.00","59418487.00","61200112.00","120618599.00","35465629.00","--","8240767.00","126642400.00","9928497.00","--","180277293.00","--","--","23144567.00","203421860.00","--","0.00","0.00","50.83"
"115/08/27","114","4","1103","嘉泥","9277857.00","23339456.00","32617313.00","3586317.00","10307944.00","13894261.00","7902474.00","--","1457692.00","10314342.00","-459911.00","-1079060.00","18135537.00","--","--","587515.00","18723052.00","--","0.00","131491726.00","27.53"
"115/08/27","114","4","1104","環泥","7752690.00","23331108.00","31083798.00","4715235.00","1390335.00","6105570.00","6866818.00","--","119509.00","14947950.00","2247160.00","--","24181437.00","--","--","796791.00","24978228.00","--","0.00","0.00","35.21"
"115/08/27","114","4","1108","幸福","5709269.00","4453107.00","10162376.00","4056137.00","350472.00","4406609.00","4047380.00","--","22.00","1737848.00","-29545.00","--","5755705.00","--","--","62.00","5755767.00","--","0.00","0.00","14.22"
"115/08/27","114","4","1109","信大","5857661.00","5583477.00","11441138.00","1009921.00","149271.00","1159192.00","3411589.00","--","15962.00","5007238.00","-69910.00","--","8364879.00","--","--","1917067.00","10281946.00","0.00","0.00","0.00","24.52"
"115/08/27","114","4","1110","東泥","3180784.00","9880705.00","13061489.00","2228192.00","1188317.00","3416509.00","5720008.00","--","190941.00","2613006.00","952161.00","-8863.00","9467253.00","--","--","177727.00","9644980.00","--","0.00","1536865.00","16.60"
"115/08/27","114","4","1201","味全","6038693.00","11580744.00","17619437.00","6068848.00","3879835.00","9948683.00","5060629.00","--","49394.00","2733253.00","-180809.00","--","7662467.00","--","--","8287.00","7670754.00","0.00","0.00","0.00","15.14"
"115/08/27","114","4","1203","味王","4767257.00","5718941.00","10486198.00","1636386.00","1425335.00","3061721.00","2400000.00","--","56781.00","3764304.00","198185.00","-38464.00","6380806.00","--","--","1043671.00","7424477.00","0.00","0.00","2293865.00","26.84"
"115/08/27","114","4","1210","大成","32982839.00","43169542.00","76152381.00","36371849.00","4311732.00","40683581.00","8947673.00","--","4274788.00","12816296.00","1297958.00","-734821.00","26601894.00","--","--","8866906.00","35468800.00","--","0.00","58059471.00","31.79"
"115/08/27","114","4","1213","大飲","285471.00","496908.00","782379.00","73495.00","56630.00","130125.00","566226.00","--","21938.00","64235.00","-145.00","--","652254.00","--","--","--","652254.00","--","0.00","0.00","11.52"
"115/08/27","114","4","1215","卜蜂","9197955.00","22666815.00","31864770.00","9580121.00","9398384.00","18978505.00","2947901.00","--","37072.00","8226078.00","1229692.00","--","12440743.00","--","--","445522.00","12886265.00","0.00","0.00","0.00","42.20"
"115/08/27","114","4","1216","統一","237174040.00","500267230.00","737441270.00","271227631.00","255538488.00","526766119.00","56820154.00","--","2635231.00","79382407.00","-3055582.00","--","135782210.00","--","--","74892941.00","210675151.00","0.00","0.00","0.00","23.90"
"115/08/27","114","4","1217","愛之味","2692637.00","12902188.00","15594825.00","2825913.00","4181372.00","7007285.00","4945134.00","--","265762.00","1384730.00","1211660.00","--","7807286.00","--","--","780254.00","8587540.00","--","0.00","0.00","15.79"
"115/08/27","114","4","1218","泰山","4914267.00","9607689.00","14521956.00","1170610.00","376203.00","1546813.00","4999990.00","--","1033322.00","7171841.00","-35258.00","-203876.00","12966019.00","--","--","9124.00","12975143.00","--","0.00","13680042.00","26.66"
"115/08/27","114","4","1219","福壽","4884046.00","4761504.00","9645550.00","3164098.00","1884402.00","5048500.00","3412384.00","--","61767.00","1118787.00","-3002.00","0.00","4589936.00","--","--","7114.00","4597050.00","--","0.00","0.00","13.45"
"115/08/27","114","4","1220","台榮","2211176.00","1319895.00","3531071.00","791975.00","176775.00","968750.00","1770779.00","--","24880.00","553721.00","-354.00","-10881.00","2338145.00","--","--","224176.00","2562321.00","--","0.00","679000.00","13.25"
"115/08/27","114","4","1225","福懋油","4608376.00","3577590.00","8185966.00","2852511.00","904975.00","3757486.00","2422683.00","--","124579.00","1459770.00","-98335.00","--","3908697.00","--","--","519783.00","4428480.00","--","0.00","0.00","16.13"
"115/08/27","114","4","1227","佳格","17127067.00","10556795.00","27683862.00","8399246.00","428302.00","8827548.00","9150897.00","--","183259.00","9045696.00","199377.00","-21182.00","18558047.00","--","--","298267.00","18856314.00","0.00","0.00","6669471.00","20.43"
"115/08/27","114","4","1229","聯華","15946415.00","80402405.00","96348820.00","13468509.00","4342828.00","17811337.00","17959607.00","--","1164546.00","17919323.00","20290782.00","-136868.00","57197390.00","--","--","21340093.00","78537483.00","0.00","0.00","7238000.00","31.98"
"115/08/27","114","4","1231","聯華食","6163334.00","8809134.00","14972468.00","4230574.00","3473292.00","7703866.00","2984544.00","--","93840.00","4155336.00","16977.00","--","7250697.00","--","--","17905.00","7268602.00","--","0.00","0.00","24.29"
"115/08/27","114","4","1232","大統益","7157271.00","2819535.00","9976806.00","2657689.00","1196640.00","3854329.00","1599749.00","--","23784.00","4284141.00","-3728.00","--","5903946.00","--","--","218531.00","6122477.00","0.00","0.00","0.00","36.91"
"115/08/27","114","4","1233","天仁","710698.00","1489994.00","2200692.00","591785.00","251414.00","843199.00","905919.00","--","18184.00","499736.00","-67526.00","-1974.00","1354339.00","--","--","3154.00","1357493.00","0.00","0.00","43000.00","14.96"
"115/08/27","114","4","1234","黑松","9006138.00","14921121.00","23927259.00","2718002.00","2360448.00","5078450.00","4018711.00","--","186936.00","14545838.00","97324.00","--","18848809.00","--","--","--","18848809.00","--","0.00","0.00","46.90"
"115/08/27","114","4","1235","興泰","1107801.00","4453317.00","5561118.00","2345116.00","54925.00","2400041.00","1885778.00","--","365348.00","1101717.00","409945.00","-867600.00","2895188.00","--","--","265889.00","3161077.00","--","0.00","143117570.00","63.69"
"115/08/27","114","4","1236","宏亞","753408.00","2781730.00","3535138.00","554864.00","457387.00","1012251.00","866740.00","--","34205.00","1398856.00","223086.00","--","2522887.00","--","--","--","2522887.00","--","0.00","0.00","29.11"
"115/08/27","114","4","1256","鮮活果汁-KY","2229303.00","2670284.00","4899587.00","856987.00","85167.00","942154.00","357722.00","--","1402566.00","2185821.00","4291.00","--","3950400.00","--","--","7033.00","3957433.00","--","0.00","0.00","110.43"
"115/08/27","114","4","1301","台塑","155423904.00","402078104.00","557502008.00","75827629.00","118451950.00","194279579.00","63657408.00","0.00","11869342.00","197026032.00","90669647.00","0.00","363222429.00","0.00","--","0.00","363222429.00","--","0.00","0.00","57.06"
"115/08/27","114","4","1303","南亞","177835621.00","432762844.00","610598465.00","134700304.00","104099196.00","238799500.00","79308216.00","--","27130602.00","230145038.00","19081982.00","--","355665838.00","--","--","16133127.00","371798965.00","0.00","0.00","0.00","44.85"
"115/08/27","114","4","1304","台聚","23433699.00","39822166.00","63255865.00","12376483.00","15425064.00","27801547.00","11887635.00","--","501471.00","6027462.00","-429878.00","-475606.00","17511084.00","--","--","17943234.00","35454318.00","--","0.00","116465574.00","16.33"
"115/08/27","114","4","1305","華夏","4401466.00","13025663.00","17427129.00","4029423.00","5159364.00","9188787.00","5810505.00","--","21077.00","1875473.00","18876.00","--","7725931.00","--","--","512411.00","8238342.00","--","0.00","0.00","13.30"
"115/08/27","114","4","1307","三芳","9192581.00","8221629.00","17414210.00","4541880.00","2798307.00","7340187.00","3978181.00","--","151079.00","5875914.00","68849.00","--","10074023.00","--","--","--","10074023.00","--","0.00","0.00","25.32"
"115/08/27","114","4","1308","亞聚","2653267.00","9053142.00","11706409.00","872781.00","597222.00","1470003.00","5937438.00","--","38968.00","4521947.00","-261947.00","--","10236406.00","--","--","--","10236406.00","0.00","0.00","0.00","17.24"
"115/08/27","114","4","1309","台達化","5302070.00","3266863.00","8568933.00","2362679.00","452455.00","2815134.00","3975868.00","--","3954.00","1744682.00","29295.00","--","5753799.00","--","--","--","5753799.00","--","0.00","0.00","14.47"
"115/08/27","114","4","1310","台苯","1955075.00","8006685.00","9961760.00","2188966.00","244858.00","2433824.00","5278698.00","--","129839.00","-28980.00","2020980.00","--","7400537.00","--","--","127399.00","7527936.00","--","0.00","0.00","14.02"
"115/08/27","114","4","1312","國喬","16954469.00","49566572.00","66521041.00","14564736.00","19776348.00","34341084.00","11266203.00","--","1075842.00","16036295.00","537239.00","-49858.00","28865721.00","--","--","3314236.00","32179957.00","0.00","0.00","1776000.00","25.66"
"115/08/27","114","4","1313","聯成","16684685.00","36825230.00","53509915.00","6965324.00","17114069.00","24079393.00","13308461.00","--","1142455.00","902271.00","14077335.00","0.00","29430522.00","--","--","--","29430522.00","--","0.00","0.00","22.11"
"115/08/27","114","4","1314","中石化","57800566.00","71539685.00","129340251.00","27880645.00","25138243.00","53018888.00","37848502.00","--","1582006.00","37612091.00","-777602.00","--","76264997.00","--","--","56366.00","76321363.00","0.00","0.00","0.00","20.15"
"115/08/27","114","4","1315","達新","6862976.00","3950006.00","10812982.00","442030.00","212252.00","654282.00","990990.00","--","256341.00","7733281.00","1229057.00","-83230.00","10126439.00","--","--","32261.00","10158700.00","0.00","0.00","3572068.00","106.01"
"115/08/27","114","4","1316","上曜","17505237.00","7314559.00","24819796.00","10225887.00","1122295.00","11348182.00","3685312.00","--","1002197.00","-483221.00","73.00","-56929.00","4147432.00","--","--","9324182.00","13471614.00","0.00","0.00","36909058.00","12.51"
"115/08/27","114","4","1319","東陽","13192140.00","25399976.00","38592116.00","6957545.00","2949745.00","9907290.00","5914771.00","--","4151718.00","17911844.00","87435.00","--","28065768.00","--","--","619058.00","28684826.00","--","0.00","0.00","47.45"
"115/08/27","114","4","1321","大洋","1974726.00","9407584.00","11382310.00","1045267.00","4645162.00","5690429.00","2272283.00","--","24018.00","3358872.00","72897.00","-36189.00","5691881.00","--","--","--","5691881.00","0.00","0.00","6542716.00","25.79"
"115/08/27","114","4","1323","永裕","2542306.00","2152156.00","4694462.00","550247.00","1580473.00","2130720.00","912745.00","--","42557.00","1674188.00","-65748.00","0.00","2563742.00","--","--","0.00","2563742.00","0.00","0.00","0.00","28.09"
"115/08/27","114","4","1324","地球","656465.00","425804.00","1082269.00","160578.00","29140.00","189718.00","751219.00","--","867.00","157581.00","-17116.00","0.00","892551.00","--","--","0.00","892551.00","0.00","0.00","0.00","11.88"
"115/08/27","114","4","1325","恆大","1664139.00","1096680.00","2760819.00","43652.00","51592.00","95244.00","852812.00","--","3626.00","1715451.00","17353.00","--","2589242.00","--","--","76333.00","2665575.00","0.00","0.00","0.00","30.36"
"115/08/27","114","4","1326","台化","188580084.00","350361902.00","538941986.00","90058494.00","67781615.00","157840109.00","58611863.00","--","9291029.00","183089007.00","95198556.00","-323952.00","345866503.00","--","--","35235374.00","381101877.00","0.00","0.00","12169610.00","59.13"
"115/08/27","114","4","1337","再生-KY","1924357.00","4410268.00","6334625.00","2209157.00","457368.00","2666525.00","2689547.00","--","1984504.00","-704796.00","-301155.00","--","3668100.00","--","--","--","3668100.00","--","0.00","0.00","13.64"
"115/08/27","114","4","1338","廣華-KY","5216339.00","8433660.00","13649999.00","3840285.00","3600777.00","7441062.00","838400.00","--","2787090.00","2728825.00","-439993.00","-92080.00","5822242.00","--","--","386695.00","6208937.00","0.00","0.00","3081000.00","72.09"
"115/08/27","114","4","1339","昭輝","1464571.00","3539973.00","5004544.00","683649.00","215231.00","898880.00","741239.00","--","1193369.00","2218499.00","-120743.00","--","4032364.00","--","--","73300.00","4105664.00","0.00","0.00","0.00","54.40"
"115/08/27","114","4","1340","勝悅-KY","783215.00","2157972.00","2941187.00","99407.00","234555.00","333962.00","1529229.00","--","2540814.00","-933124.00","-529694.00","--","2607225.00","0.00","--","0.00","2607225.00","--","0.00","0.00","17.05"
"115/08/27","114","4","1341","富林-KY","1656347.00","583020.00","2239367.00","918167.00","29879.00","948046.00","528506.00","--","255892.00","859769.00","-352846.00","--","1291321.00","--","--","--","1291321.00","--","0.00","0.00","24.43"
"115/08/27","114","4","1342","八貫","2237590.00","1343504.00","3581094.00","734050.00","450636.00","1184686.00","780009.00","--","675743.00","949654.00","-8998.00","--","--","--","--","--","2396408.00","--","0.00","0.00","30.72"
"115/08/27","114","4","1402","遠東新","156998408.00","513916536.00","670914944.00","149777639.00","206096565.00","355874204.00","53528751.00","--","13259448.00","156441041.00","6185938.00","-25063.00","229390115.00","--","--","85650625.00","315040740.00","--","0.00","779000.00","42.86"
"115/08/27","114","4","1410","南染","641940.00","669455.00","1311395.00","40943.00","178586.00","219529.00","620000.00","--","23095.00","416047.00","-3381.00","--","1055761.00","--","--","36105.00","1091866.00","0.00","0.00","0.00","17.03"
"115/08/27","114","4","1413","宏洲","933881.00","1792268.00","2726149.00","733949.00","859890.00","1593839.00","1321124.00","--","0.00","-180111.00","-8703.00","--","--","--","--","--","1132310.00","--","0.00","0.00","8.57"
"115/08/27","114","4","1414","東和","907402.00","3286239.00","4193641.00","605327.00","677230.00","1282557.00","1980000.00","--","0.00","1077775.00","-146691.00","--","2911084.00","--","--","--","2911084.00","0.00","0.00","0.00","14.70"
"115/08/27","114","4","1416","廣豐","1210158.00","4886731.00","6096889.00","540240.00","1104103.00","1644343.00","1853422.00","--","50060.00","1791790.00","685188.00","--","4380460.00","--","--","72086.00","4452546.00","0.00","0.00","0.00","23.63"
"115/08/27","114","4","1417","嘉裕","1669074.00","1141791.00","2810865.00","360135.00","108496.00","468631.00","1899419.00","--","--","294914.00","147901.00","--","2342234.00","--","--","--","2342234.00","--","0.00","0.00","12.33"
"115/08/27","114","4","1418","東華","1641640.00","3954147.00","5595787.00","3684076.00","680083.00","4364159.00","568343.00","--","8008.00","-814845.00","1550457.00","-80333.00","1231630.00","--","--","-2.00","1231628.00","0.00","0.00","2522865.00","22.68"
"115/08/27","114","4","1419","新紡","6546559.00","18624848.00","25171407.00","4960145.00","2690900.00","7651045.00","3000413.00","--","70538.00","6048309.00","8414276.00","-13174.00","17520362.00","--","--","--","17520362.00","--","0.00","803829.00","58.55"
"115/08/27","114","4","1423","利華","1282319.00","2634251.00","3916570.00","46331.00","200234.00","246565.00","996480.00","--","106111.00","1133026.00","1434388.00","--","--","--","--","--","3670005.00","--","0.00","0.00","36.83"
"115/08/27","114","4","1432","大魯閣","2164406.00","2193467.00","4357873.00","1630072.00","882260.00","2512332.00","1080000.00","--","296196.00","374017.00","-84534.00","--","1665679.00","--","--","179862.00","1845541.00","0.00","0.00","--","15.42"
"115/08/27","114","4","1434","福懋","14605708.00","42532655.00","57138363.00","5330155.00","9469887.00","14800042.00","16846646.00","--","955115.00","19825464.00","4730160.00","-19064.00","42338321.00","--","--","--","42338321.00","0.00","0.00","2193228.00","25.16"
"115/08/27","114","4","1435","中福","371184.00","805007.00","1176191.00","6029.00","177807.00","183836.00","1397801.00","--","125137.00","-226330.00","-304253.00","0.00","--","--","--","--","992355.00","--","0.00","0.00","7.10"
"115/08/27","114","4","1436","華友聯","19855302.00","1817725.00","21673027.00","9075258.00","5658143.00","14733401.00","1941518.00","--","1237193.00","3303206.00","18678.00","--","6500595.00","--","--","439031.00","6939626.00","--","0.00","0.00","33.48"
"115/08/27","114","4","1437","勤益控","2323637.00","11372831.00","13696468.00","1260687.00","4169211.00","5429898.00","2033713.00","--","412458.00","5420532.00","444305.00","-46289.00","8264719.00","--","--","1851.00","8266570.00","0.00","0.00","1381000.00","40.92"
"115/08/27","114","4","1438","三地開發","13638583.00","794818.00","14433401.00","10086560.00","1206082.00","11292642.00","1112058.00","--","1710226.00","324493.00","-6018.00","--","--","--","--","--","3140759.00","--","0.00","0.00","28.24"
"115/08/27","114","4","1439","雋揚","3426946.00","2474062.00","5901008.00","1950937.00","499931.00","2450868.00","920000.00","--","228875.00","1982141.00","-172338.00","--","2958678.00","--","--","491462.00","3450140.00","--","0.00","0.00","32.16"
"115/08/27","114","4","1440","南紡","12765921.00","33096098.00","45862019.00","9887912.00","7962161.00","17850073.00","16568159.00","--","69088.00","10987210.00","38154.00","--","27662611.00","--","--","349335.00","28011946.00","0.00","0.00","0.00","16.70"
"115/08/27","114","4","1441","大東","674911.00","722305.00","1397216.00","661796.00","271780.00","933576.00","717444.00","--","26394.00","-214957.00","-65241.00","--","463640.00","--","--","0.00","463640.00","0.00","0.00","0.00","6.46"
"115/08/27","114","4","1442","名軒","13018226.00","1275253.00","14293479.00","1878095.00","4411782.00","6289877.00","3662113.00","--","991852.00","3332758.00","16879.00","--","8003602.00","--","--","--","8003602.00","--","0.00","0.00","21.86"
"115/08/27","114","4","1443","立益物流","626572.00","7296506.00","7923078.00","2621356.00","3443688.00","6065044.00","1353430.00","--","701.00","180073.00","763009.00","--","2297213.00","--","--","-439179.00","1858034.00","0.00","0.00","0.00","16.97"
"115/08/27","114","4","1444","力麗","6197955.00","13337396.00","19535351.00","6490855.00","2203065.00","8693920.00","9955950.00","--","119259.00","22201.00","-481829.00","-28470.00","9587111.00","--","--","1254320.00","10841431.00","--","0.00","11204989.00","9.74"
"115/08/27","114","4","1445","大宇","750113.00","3720365.00","4470478.00","365055.00","1981811.00","2346866.00","1306660.00","--","1623.00","720285.00","95044.00","--","2123612.00","--","--","--","2123612.00","--","0.00","0.00","16.25"
"115/08/27","114","4","1446","宏和","2778373.00","411643.00","3190016.00","414187.00","2959.00","417146.00","1377095.00","--","6584.00","1366418.00","22773.00","0.00","2772870.00","--","--","0.00","2772870.00","0.00","0.00","0.00","20.14"
"115/08/27","114","4","1447","力鵬","7299757.00","8619718.00","15919475.00","5683340.00","1967962.00","7651302.00","9100712.00","--","219160.00","-572912.00","-959556.00","-287142.00","7500262.00","--","--","767911.00","8268173.00","--","0.00","66529106.00","8.89"
"115/08/27","114","4","1449","佳和","3082270.00","4933723.00","8015993.00","2911490.00","2180215.00","5091705.00","1271146.00","--","135020.00","239195.00","622228.00","--","2267589.00","--","--","656699.00","2924288.00","--","0.00","0.00","17.84"
"115/08/27","114","4","1451","年興","5396609.00","3295979.00","8692588.00","971328.00","354513.00","1325841.00","1980000.00","--","419716.00","5474772.00","-507741.00","--","7366747.00","--","--","--","7366747.00","--","0.00","0.00","37.21"
"115/08/27","114","4","1452","宏益","1988026.00","851159.00","2839185.00","92319.00","48354.00","140673.00","1326414.00","--","156172.00","962354.00","253572.00","--","2698512.00","--","--","--","2698512.00","--","0.00","0.00","20.34"
"115/08/27","114","4","1453","大將","2745710.00","185457.00","2931167.00","1318470.00","158319.00","1476789.00","1132431.00","--","2762.00","305775.00","--","--","1440968.00","--","--","13410.00","1454378.00","--","0.00","0.00","12.72"
"115/08/27","114","4","1454","台富","1015586.00","969368.00","1984954.00","596382.00","11094.00","607476.00","1298338.00","--","70540.00","97174.00","-11542.00","-77032.00","1377478.00","--","--","0.00","1377478.00","--","0.00","7714103.00","11.28"
"115/08/27","114","4","1455","集盛","2707130.00","6480621.00","9187751.00","1592562.00","1795806.00","3388368.00","5316884.00","--","346544.00","71857.00","64098.00","--","5799383.00","--","--","--","5799383.00","--","0.00","0.00","10.91"
"115/08/27","114","4","1456","怡華","10181851.00","3098081.00","13279932.00","8359893.00","2983360.00","11343253.00","937200.00","--","18377.00","981102.00","--","--","1936679.00","--","--","--","1936679.00","0.00","0.00","0.00","20.66"
"115/08/27","114","4","1457","宜進","2866869.00","14303725.00","17170594.00","2136882.00","6192765.00","8329647.00","3167300.00","--","523799.00","2054720.00","3610.00","-349848.00","5399581.00","--","--","3441366.00","8840947.00","0.00","0.00","83211323.00","23.12"
"115/08/27","114","4","1459","聯發","1866258.00","2811543.00","4677801.00","1068236.00","92693.00","1160929.00","3586289.00","--","297733.00","325008.00","-166099.00","-528645.00","3514286.00","--","--","2586.00","3516872.00","--","0.00","41144531.00","11.07"
"115/08/27","114","4","1460","宏遠","5790576.00","5542867.00","11333443.00","4588588.00","1044520.00","5633108.00","6946434.00","--","115943.00","-1054724.00","25513.00","-332836.00","5700330.00","--","--","5.00","5700335.00","--","0.00","20177533.00","8.45"
"115/08/27","114","4","1463","強盛新","1954893.00","1181614.00","3136507.00","284977.00","120051.00","405028.00","1732684.00","--","414531.00","453111.00","26056.00","-22714.00","2603668.00","--","--","127811.00","2731479.00","0.00","0.00","1676795.00","15.17"
"115/08/27","114","4","1464","得力","8473805.00","8513050.00","16986855.00","7348347.00","3888547.00","11236894.00","4255757.00","--","626253.00","877520.00","-534764.00","-27472.00","5197294.00","--","--","552667.00","5749961.00","--","0.00","2548653.00","12.29"
"115/08/27","114","4","1465","偉全","1139539.00","608983.00","1748522.00","121303.00","54546.00","175849.00","1036073.00","--","300311.00","250804.00","-14515.00","--","--","--","--","--","1572673.00","--","0.00","0.00","15.18"
"115/08/27","114","4","1466","聚隆","1657402.00","2025182.00","3682584.00","475079.00","1570378.00","2045457.00","1111573.00","--","640355.00","-196763.00","-8920.00","0.00","1546245.00","0.00","--","90882.00","1637127.00","0.00","0.00","0.00","13.91"
"115/08/27","114","4","1467","南緯","4578322.00","4147465.00","8725787.00","3578879.00","2172282.00","5751161.00","2336247.00","--","253064.00","170652.00","172317.00","-26145.00","2906135.00","--","--","68491.00","2974626.00","0.00","0.00","2950000.00","12.60"
"115/08/27","114","4","1468","昶和","2032207.00","1217622.00","3249829.00","1351383.00","411461.00","1762844.00","1604053.00","--","26753.00","-302819.00","84495.00","--","1412482.00","--","--","74503.00","1486985.00","--","0.00","0.00","8.81"
"115/08/27","114","4","1470","大統新創","615402.00","544939.00","1160341.00","139266.00","7586.00","146852.00","857670.00","--","7317.00","149477.00","-975.00","--","1013489.00","--","--","--","1013489.00","--","0.00","0.00","11.82"
"115/08/27","114","4","1471","首利","1390230.00","287370.00","1677600.00","88101.00","39375.00","127476.00","1504145.00","--","0.00","-146209.00","88615.00","--","1446551.00","--","--","103573.00","1550124.00","0.00","0.00","0.00","9.62"
"115/08/27","114","4","1472","三洋實業","4437949.00","983755.00","5421704.00","2196862.00","926792.00","3123654.00","524881.00","--","837670.00","915265.00","20234.00","--","2298050.00","--","--","--","2298050.00","--","0.00","0.00","43.78"
"115/08/27","114","4","1473","台南","2903713.00","2413788.00","5317501.00","1257488.00","259934.00","1517422.00","1461535.00","--","824543.00","1501873.00","12128.00","--","3800079.00","--","--","--","3800079.00","0.00","0.00","0.00","26.00"
"115/08/27","114","4","1474","弘裕","2006787.00","1672323.00","3679110.00","879040.00","631508.00","1510548.00","1298970.00","--","66368.00","842038.00","-56802.00","--","2150574.00","--","--","17988.00","2168562.00","--","0.00","0.00","16.56"
"115/08/27","114","4","1475","業旺","1912116.00","390897.00","2303013.00","604019.00","145978.00","749997.00","660168.00","--","194851.00","694148.00","3849.00","--","1553016.00","--","--","--","1553016.00","0.00","0.00","0.00","23.52"
"115/08/27","114","4","1476","儒鴻","21367075.00","13669838.00","35036913.00","5262865.00","136911.00","5399776.00","2743671.00","--","3769803.00","22937042.00","186621.00","--","29637137.00","--","--","--","29637137.00","--","0.00","0.00","108.02"
"115/08/27","114","4","1477","聚陽","15904934.00","7999478.00","23904412.00","8564692.00","1165567.00","9730259.00","2466937.00","--","6166333.00","5349754.00","61908.00","--","14044932.00","--","--","129221.00","14174153.00","0.00","0.00","0.00","56.93"
"115/08/27","114","4","1503","士電","29162806.00","31374606.00","60537412.00","20937747.00","2480883.00","23418630.00","5209722.00","--","2797585.00","22874944.00","5410338.00","--","36292589.00","--","--","826193.00","37118782.00","--","0.00","0.00","69.66"
"115/08/27","114","4","1504","東元","59471403.00","85104475.00","144575878.00","29544930.00","16667315.00","46212245.00","23764407.00","--","24170487.00","35966938.00","8362965.00","-636762.00","91628035.00","--","--","6735598.00","98363633.00","0.00","0.00","31636000.00","39.08"
"115/08/27","114","4","1506","正道","908954.00","2387652.00","3296606.00","335759.00","91156.00","426915.00","3003885.00","--","424736.00","-493015.00","-143749.00","--","2791857.00","--","--","77834.00","2869691.00","--","0.00","0.00","9.29"
"115/08/27","114","4","1512","瑞利","1188252.00","1647751.00","2836003.00","498929.00","1682867.00","2181796.00","981835.00","--","--","-881287.00","553659.00","--","654207.00","--","--","--","654207.00","0.00","0.00","0.00","6.66"
"115/08/27","114","4","1513","中興電","23017239.00","24681551.00","47698790.00","20897672.00","5914761.00","26812433.00","5031125.00","--","3067425.00","9445587.00","3249160.00","-116880.00","20676417.00","--","--","209940.00","20886357.00","0.00","0.00","9038676.00","41.85"
"115/08/27","114","4","1514","亞力","10327337.00","2952503.00","13279840.00","5435380.00","1437302.00","6872682.00","2731085.00","--","1113619.00","2546329.00","-26289.00","-30866.00","6333878.00","--","--","73280.00","6407158.00","0.00","0.00","2238551.00","23.38"
"115/08/27","114","4","1515","力山","4071275.00","4201583.00","8272858.00","3678474.00","606400.00","4284874.00","1814735.00","--","586.00","2268811.00","-122146.00","--","3961986.00","--","--","25998.00","3987984.00","--","0.00","0.00","21.83"
"115/08/27","114","4","1516","川飛","144148.00","64760.00","208908.00","2226.00","2.00","2228.00","400082.00","--","20185.00","-207565.00","-6022.00","--","--","--","--","--","206680.00","--","0.00","0.00","5.17"
"115/08/27","114","4","1517","利奇","2899060.00","1320524.00","4219584.00","532681.00","174886.00","707567.00","2200000.00","--","68150.00","1185532.00","-39121.00","0.00","3414561.00","--","--","97456.00","3512017.00","--","0.00","0.00","15.52"
"115/08/27","114","4","1519","華城","21541017.00","6669746.00","28210763.00","13013734.00","4376841.00","17390575.00","3158808.00","--","133747.00","7413374.00","-122758.00","--","10583171.00","--","--","237017.00","10820188.00","--","0.00","0.00","33.50"
"115/08/27","114","4","1521","大億","2026961.00","965434.00","2992395.00","1023685.00","103369.00","1127054.00","762300.00","--","61412.00","1041629.00","0.00","--","1865341.00","--","--","--","1865341.00","0.00","0.00","0.00","24.47"
"115/08/27","114","4","1522","堤維西","18742361.00","20454276.00","39196637.00","17556451.00","11132708.00","28689159.00","3428979.00","--","2620090.00","3936628.00","75463.00","-5996.00","10055164.00","--","--","452314.00","10507478.00","0.00","0.00","939707.00","29.40"
"115/08/27","114","4","1524","耿鼎","1654931.00","3544240.00","5199171.00","830393.00","1352993.00","2183386.00","1653104.00","--","1089.00","1329359.00","32233.00","0.00","--","0.00","0.00","--","3015785.00","0.00","0.00","0.00","18.24"
"115/08/27","114","4","1525","江申","2140325.00","3566014.00","5706339.00","378557.00","304703.00","683260.00","734001.00","--","1251.00","4548503.00","-260676.00","--","5023079.00","--","--","--","5023079.00","--","0.00","0.00","68.43"
"115/08/27","114","4","1526","日馳","1463670.00","864253.00","2327923.00","748144.00","216826.00","964970.00","600000.00","--","95120.00","645764.00","22069.00","--","1362953.00","--","--","--","1362953.00","--","0.00","0.00","22.72"
"115/08/27","114","4","1527","鑽全","3695594.00","1659924.00","5355518.00","487925.00","46385.00","534310.00","1385706.00","--","26932.00","3400631.00","7939.00","--","--","--","--","--","4821208.00","--","0.00","0.00","34.79"
"115/08/27","114","4","1528","恩德","3396560.00","1840454.00","5237014.00","2432244.00","601239.00","3033483.00","1913310.00","--","199445.00","123193.00","-80692.00","--","2155256.00","--","--","48275.00","2203531.00","--","0.00","0.00","11.26"
"115/08/27","114","4","1529","樂事綠能","826397.00","2348378.00","3174775.00","404907.00","889084.00","1293991.00","1550951.00","--","63962.00","207518.00","-9367.00","0.00","1813064.00","0.00","--","67720.00","1880784.00","--","0.00","0.00","11.69"
"115/08/27","114","4","1530","亞崴","3189044.00","2471210.00","5660254.00","2089391.00","289330.00","2378721.00","945942.00","--","95389.00","2155759.00","-4555.00","0.00","3192535.00","--","--","88998.00","3281533.00","0.00","0.00","0.00","33.75"
"115/08/27","114","4","1531","高林股","2917240.00","1365069.00","4282309.00","391969.00","289155.00","681124.00","1821081.00","--","199365.00","1689294.00","-108555.00","0.00","3601185.00","--","--","--","3601185.00","0.00","0.00","0.00","19.77"
"115/08/27","114","4","1532","勤美","35099754.00","18339712.00","53439466.00","24710303.00","9444362.00","34154665.00","4226043.00","--","2533890.00","8288561.00","187208.00","-163070.00","15072632.00","--","--","4212169.00","19284801.00","0.00","0.00","6341000.00","36.21"
"115/08/27","114","4","1533","車王電","5676783.00","3522903.00","9199686.00","3809764.00","2615398.00","6425162.00","985475.00","--","364174.00","1164065.00","-221349.00","--","2292365.00","--","--","482159.00","2774524.00","0.00","0.00","0.00","23.26"
"115/08/27","114","4","1535","中宇","4818792.00","2446188.00","7264980.00","3195050.00","247805.00","3442855.00","1237426.00","--","630995.00","2086398.00","-132694.00","--","3822125.00","--","--","--","3822125.00","--","0.00","0.00","30.89"
"115/08/27","114","4","1536","和大","5857162.00","15642871.00","21500033.00","6591229.00","7070296.00","13661525.00","2789595.00","--","3896011.00","1081484.00","-88534.00","0.00","7678556.00","--","--","159952.00","7838508.00","--","0.00","0.00","27.53"
"115/08/27","114","4","1537","廣隆","4752772.00","1047862.00","5800634.00","1027536.00","380826.00","1408362.00","820628.00","--","701478.00","2750500.00","119666.00","--","4392272.00","--","--","--","4392272.00","0.00","0.00","0.00","53.52"
"115/08/27","114","4","1538","正峰","115223.00","141460.00","256683.00","92984.00","24765.00","117749.00","323000.00","--","66.00","-138784.00","-46060.00","--","138222.00","--","--","712.00","138934.00","0.00","0.00","0.00","4.28"
"115/08/27","114","4","1539","巨庭","997392.00","1150715.00","2148107.00","366534.00","184659.00","551193.00","653700.00","--","0.00","940147.00","3067.00","--","1596914.00","--","--","0.00","1596914.00","0.00","0.00","0.00","24.43"
"115/08/27","114","4","1540","喬福","1309378.00","330980.00","1640358.00","156311.00","4808.00","161119.00","854736.00","--","154252.00","470251.00","--","--","--","--","--","--","1479239.00","0.00","0.00","0.00","17.31"
"115/08/27","114","4","1541","錩泰","1961236.00","1219804.00","3181040.00","641394.00","425126.00","1066520.00","788000.00","--","1364.00","1322123.00","3033.00","--","2114520.00","--","--","--","2114520.00","0.00","0.00","0.00","26.83"
"115/08/27","114","4","1558","伸興","6334973.00","6663665.00","12998638.00","3335058.00","1109055.00","4444113.00","665356.00","--","1890261.00","3159772.00","-361771.00","-182045.00","5171573.00","--","--","3382952.00","8554525.00","--","0.00","1811000.00","79.90"
"115/08/27","114","4","1560","中砂","5481904.00","7776107.00","13258011.00","2182088.00","2587313.00","4769401.00","1472919.00","--","1688223.00","5016716.00","-33248.00","--","8144610.00","--","--","344000.00","8488610.00","--","0.00","0.00","55.30"
"115/08/27","114","4","1563","巧新","10436980.00","7785636.00","18222616.00","4564483.00","4878952.00","9443435.00","2307821.00","--","2416881.00","4555877.00","-5912.00","-540493.00","8734174.00","--","--","45007.00","8779181.00","--","0.00","9044000.00","39.39"
"115/08/27","114","4","1568","倉佑","894514.00","1485807.00","2380321.00","313555.00","40075.00","353630.00","1030865.00","0.00","159517.00","703779.00","4383.00","0.00","1898544.00","0.00","--","128147.00","2026691.00","--","0.00","0.00","18.42"
"115/08/27","114","4","1582","信錦","9570569.00","3349397.00","12919966.00","4764142.00","532554.00","5296696.00","1442686.00","--","3376992.00","2894353.00","-460011.00","--","7254020.00","--","--","369250.00","7623270.00","--","0.00","0.00","50.28"
"115/08/27","114","4","1583","程泰","9136545.00","5056118.00","14192663.00","5651833.00","1337230.00","6989063.00","1094004.00","--","324027.00","4244077.00","-6772.00","0.00","5655336.00","--","--","1548264.00","7203600.00","0.00","0.00","0.00","51.69"
"115/08/27","114","4","1587","吉茂","2317835.00","1394565.00","3712400.00","1900444.00","241048.00","2141492.00","800556.00","--","546969.00","251170.00","-27787.00","0.00","1570908.00","--","--","--","1570908.00","0.00","0.00","0.00","19.62"
"115/08/27","114","4","1590","亞德客-KY","25047260.00","32492924.00","57540184.00","4630058.00","322769.00","4952827.00","2000000.00","--","14847244.00","35572071.00","161863.00","--","52581178.00","--","--","6179.00","52587357.00","--","0.00","0.00","262.91"
"115/08/27","114","4","1597","直得","1860766.00","2232508.00","4093274.00","749056.00","935913.00","1684969.00","892619.00","--","446121.00","1220834.00","-3699.00","-147570.00","2408305.00","--","--","--","2408305.00","0.00","0.00","2000000.00","27.60"
"115/08/27","114","4","1598","岱宇","4143200.00","6083805.00","10227005.00","3662516.00","2096808.00","5759324.00","1791420.00","--","2877117.00","-17479.00","-78943.00","-440250.00","4131865.00","--","--","335816.00","4467681.00","0.00","0.00","12826000.00","24.84"
"115/08/27","114","4","1603","華電","7686608.00","4482428.00","12169036.00","3836922.00","752918.00","4589840.00","1916880.00","--","654215.00","6582783.00","568569.00","-2244172.00","7478275.00","--","--","100921.00","7579196.00","--","0.00","32841809.00","47.08"
"115/08/27","114","4","1604","聲寶","3895246.00","14953699.00","18848945.00","3298315.00","6501102.00","9799417.00","3842000.00","--","269419.00","5405749.00","-121417.00","-777873.00","8617878.00","--","--","431650.00","9049528.00","--","0.00","20431605.00","23.69"
"115/08/27","114","4","1605","華新","84873079.00","218543967.00","303417046.00","53099355.00","74220423.00","127319778.00","44313329.00","--","37354983.00","60375913.00","23809009.00","--","165853234.00","--","--","10244034.00","176097268.00","--","0.00","0.00","37.43"
"115/08/27","114","4","1608","華榮","8873080.00","7660822.00","16533902.00","4854450.00","956735.00","5811185.00","6327735.00","--","436138.00","3804378.00","-20713.00","-968671.00","9578867.00","--","--","1143850.00","10722717.00","--","0.00","208563824.00","22.58"
"115/08/27","114","4","1609","大亞","26660230.00","36382912.00","63043142.00","21167203.00","22116904.00","43284107.00","7852619.00","0.00","2334684.00","6070147.00","871007.00","-12787.00","17115670.00","0.00","--","2643365.00","19759035.00","--","0.00","2317419.00","21.86"
"115/08/27","114","4","1611","中電","1869490.00","3289520.00","5159010.00","779564.00","176051.00","955615.00","3227358.00","--","8681.00","823951.00","143405.00","--","4203395.00","--","--","--","4203395.00","--","0.00","0.00","13.02"
"115/08/27","114","4","1612","宏泰","5271507.00","4413235.00","9684742.00","1036208.00","165500.00","1201708.00","3160801.00","--","200074.00","4707926.00","412884.00","--","8481685.00","--","--","1349.00","8483034.00","--","0.00","0.00","26.83"
"115/08/27","114","4","1614","三洋電","2497272.00","4460390.00","6957662.00","747536.00","465307.00","1212843.00","2691134.00","--","309456.00","2654745.00","176898.00","-132298.00","5699935.00","--","--","44884.00","5744819.00","0.00","0.00","10182744.00","22.01"
"115/08/27","114","4","1615","大山","3729062.00","2499406.00","6228468.00","1625504.00","189380.00","1814884.00","1966637.00","--","0.00","2118979.00","327968.00","--","4413584.00","--","--","--","4413584.00","--","0.00","0.00","22.44"
"115/08/27","114","4","1616","億泰","3335639.00","940681.00","4276320.00","2046933.00","11536.00","2058469.00","1941485.00","--","10869.00","340772.00","9802.00","-85077.00","2217851.00","--","--","--","2217851.00","--","0.00","4654499.00","11.70"
"115/08/27","114","4","1617","榮星","2230812.00","1139091.00","3369903.00","953574.00","75710.00","1029284.00","1695147.00","--","257098.00","479670.00","-98471.00","0.00","2333444.00","--","--","7175.00","2340619.00","0.00","0.00","0.00","13.77"
"115/08/27","114","4","1618","合機","3927364.00","4512847.00","8440211.00","1769413.00","76553.00","1845966.00","1926917.00","--","100026.00","3441845.00","1125457.00","--","6594245.00","--","--","--","6594245.00","--","0.00","0.00","34.22"
"115/08/27","114","4","1623","大東電","5520830.00","1597999.00","7118829.00","3027703.00","1149461.00","4177164.00","600000.00","--","713485.00","1576476.00","51704.00","--","--","--","--","--","2941665.00","0.00","0.00","0.00","49.03"
"115/08/27","114","4","1626","艾美特-KY","5141070.00","3018418.00","8159488.00","5122819.00","271849.00","5394668.00","1498217.00","--","1198630.00","356447.00","-288474.00","--","2764820.00","--","--","--","2764820.00","0.00","0.00","0.00","18.45"
"115/08/27","114","4","1702","南僑","15563908.00","17874783.00","33438691.00","9367567.00","8544727.00","17912294.00","2941330.00","--","5246342.00","4364686.00","-31685.00","-530114.00","11990559.00","--","--","3535838.00","15526397.00","--","0.00","46041259.00","48.33"
"115/08/27","114","4","1707","葡萄王","5660778.00","10077511.00","15738289.00","3421232.00","250672.00","3671904.00","1481374.00","--","2881504.00","6002887.00","-23936.00","--","10341829.00","--","--","1724556.00","12066385.00","--","0.00","0.00","69.81"
"115/08/27","114","4","1708","東鹼","3350707.00","9154368.00","12505075.00","2990243.00","2132187.00","5122430.00","2490017.00","--","70636.00","4779120.00","42872.00","--","7382645.00","--","--","--","7382645.00","--","0.00","0.00","29.65"
"115/08/27","114","4","1709","和益","5555236.00","6566601.00","12121837.00","1930579.00","977933.00","2908512.00","4770163.00","--","76141.00","3342205.00","759820.00","--","8948329.00","--","--","264996.00","9213325.00","--","0.00","0.00","18.76"
"115/08/27","114","4","1710","東聯","5346664.00","27006618.00","32353282.00","9356738.00","11536923.00","20893661.00","8857031.00","--","1091942.00","3149264.00","-3773068.00","-118460.00","9206709.00","--","--","2252912.00","11459621.00","--","0.00","8675554.00","10.50"
"115/08/27","114","4","1711","永光","6178440.00","6615425.00","12793865.00","3098776.00","1259510.00","4358286.00","5477522.00","--","475236.00","2295102.00","-70591.00","--","8177269.00","--","--","258310.00","8435579.00","0.00","0.00","0.00","14.93"
"115/08/27","114","4","1712","興農","7899784.00","7470880.00","15370664.00","5027494.00","1714722.00","6742216.00","4204926.00","--","465767.00","4048173.00","-152051.00","--","8566815.00","--","--","61633.00","8628448.00","--","0.00","0.00","20.37"
"115/08/27","114","4","1713","國化","641607.00","3332740.00","3974347.00","81575.00","84079.00","165654.00","1509517.00","--","92930.00","2022207.00","184039.00","0.00","--","--","--","--","3808693.00","--","0.00","0.00","25.23"
"115/08/27","114","4","1714","和桐","16759358.00","8239673.00","24999031.00","5169129.00","2576977.00","7746106.00","9918248.00","--","121347.00","3533836.00","-1303247.00","-78973.00","12191211.00","--","--","5061714.00","17252925.00","0.00","0.00","10141558.00","12.42"
"115/08/27","114","4","1717","長興","30561280.00","29593502.00","60154782.00","17003719.00","14924867.00","31928586.00","11722455.00","--","872321.00","15367419.00","-286445.00","0.00","27675750.00","--","--","550446.00","28226196.00","--","0.00","0.00","23.61"
"115/08/27","114","4","1720","生達","5461464.00","6334439.00","11795903.00","2156966.00","352128.00","2509094.00","1786961.00","--","301112.00","4142763.00","-106191.00","--","6124645.00","--","--","3162164.00","9286809.00","0.00","0.00","0.00","34.27"
"115/08/27","114","4","1721","三晃","1513669.00","1567707.00","3081376.00","795298.00","638748.00","1434046.00","1848841.00","--","42255.00","-240557.00","-3209.00","--","1647330.00","--","--","--","1647330.00","--","0.00","0.00","8.91"
"115/08/27","114","4","1722","台肥","8513218.00","73011416.00","81524634.00","2675577.00","24574364.00","27249941.00","9800000.00","--","2246165.00","38163060.00","4065468.00","0.00","54274693.00","0.00","--","0.00","54274693.00","0.00","0.00","0.00","55.38"
"115/08/27","114","4","1723","中碳","3617713.00","7825246.00","11442959.00","1979836.00","1644844.00","3624680.00","2369044.00","--","989006.00","4885235.00","-307368.00","-117638.00","7818279.00","--","--","--","7818279.00","--","0.00","4753537.00","33.68"
"115/08/27","114","4","1725","元禎","7752697.00","1047014.00","8799711.00","2081515.00","80556.00","2162071.00","1818300.00","--","2287.00","1370916.00","3446136.00","0.00","6637639.00","--","--","1.00","6637640.00","--","0.00","0.00","36.50"
"115/08/27","114","4","1726","永記","8224222.00","3883461.00","12107683.00","1506050.00","172209.00","1678259.00","1620000.00","--","109964.00","8942222.00","-242762.00","--","10429424.00","--","--","--","10429424.00","--","0.00","0.00","64.38"
"115/08/27","114","4","1727","中華化","1040290.00","2472673.00","3512963.00","971021.00","447919.00","1418940.00","1280196.00","--","420275.00","393552.00","0.00","--","--","--","--","--","2094023.00","--","0.00","0.00","16.36"
"115/08/27","114","4","1730","花仙子","1817433.00","957956.00","2775389.00","541492.00","43479.00","584971.00","632339.00","--","234657.00","1194732.00","-7989.00","--","2053739.00","--","--","136679.00","2190418.00","--","0.00","0.00","32.48"
"115/08/27","114","4","1731","美吾華","1209501.00","2027939.00","3237440.00","433201.00","641308.00","1074509.00","1329152.00","--","192289.00","687681.00","-46191.00","--","2162931.00","--","--","--","2162931.00","--","0.00","0.00","16.27"
"115/08/27","114","4","1732","毛寶","437499.00","233915.00","671414.00","141013.00","27712.00","168725.00","424439.00","--","2704.00","78218.00","-2672.00","--","502689.00","--","--","--","502689.00","0.00","0.00","0.00","11.84"
"115/08/27","114","4","1733","五鼎","1673598.00","742207.00","2415805.00","432046.00","113269.00","545315.00","999502.00","--","68368.00","791234.00","10612.00","--","1869716.00","--","--","774.00","1870490.00","--","0.00","0.00","18.71"
"115/08/27","114","4","1734","杏輝","2529232.00","3623818.00","6153050.00","1011481.00","1426392.00","2437873.00","1901968.00","--","924140.00","713016.00","-95251.00","--","3443873.00","--","--","271304.00","3715177.00","--","0.00","0.00","18.11"
"115/08/27","114","4","1735","日勝化","1517715.00","1437660.00","2955375.00","1240848.00","162131.00","1402979.00","993880.00","--","98017.00","464527.00","-4028.00","--","1552396.00","--","--","--","1552396.00","--","0.00","0.00","15.62"
"115/08/27","114","4","1736","喬山","34531272.00","15603070.00","50134342.00","25188494.00","11208213.00","36396707.00","3033946.00","--","449167.00","11860841.00","-1614366.00","0.00","13729588.00","--","--","8047.00","13737635.00","--","0.00","0.00","45.25"
"115/08/27","114","4","1737","臺鹽","2756224.00","5506337.00","8262561.00","959885.00","488908.00","1448793.00","2000000.00","--","2490850.00","2325311.00","-2393.00","--","6813768.00","--","--","0.00","6813768.00","--","0.00","0.00","34.07"
"115/08/27","114","4","1752","南光","1492605.00","2330766.00","3823371.00","1064790.00","268909.00","1333699.00","1009885.00","--","245012.00","1229276.00","-35.00","--","2484138.00","--","--","5534.00","2489672.00","0.00","0.00","0.00","24.60"
"115/08/27","114","4","1760","寶齡富錦","1466825.00","1759862.00","3226687.00","1009777.00","262248.00","1272025.00","857391.00","--","770859.00","347646.00","-21234.00","--","1954662.00","--","--","--","1954662.00","0.00","0.00","0.00","22.80"
"115/08/27","114","4","1762","中化生","1058883.00","3258470.00","4317353.00","356706.00","873307.00","1230013.00","769180.00","--","331763.00","2042230.00","-55833.00","0.00","3087340.00","--","--","--","3087340.00","0.00","0.00","0.00","40.14"
"115/08/27","114","4","1773","勝一","3934262.00","13114741.00","17049003.00","3255701.00","2405180.00","5660881.00","3000000.00","--","103724.00","8121572.00","9881.00","0.00","11235177.00","--","--","152945.00","11388122.00","--","0.00","0.00","37.45"
"115/08/27","114","4","1776","展宇","1036124.00","430136.00","1466260.00","322697.00","217924.00","540621.00","601070.00","--","13104.00","321567.00","-70060.00","--","865681.00","--","--","59958.00","925639.00","--","0.00","0.00","14.40"
"115/08/27","114","4","1783","和康生","1121464.00","771678.00","1893142.00","349109.00","6434.00","355543.00","896881.00","--","331294.00","534500.00","-225076.00","--","1537599.00","--","--","--","1537599.00","0.00","8000.00","0.00","17.14"
"115/08/27","114","4","1786","科妍","1427168.00","1242411.00","2669579.00","174648.00","514697.00","689345.00","748276.00","--","960310.00","272472.00","-824.00","--","1980234.00","--","--","--","1980234.00","--","0.00","0.00","26.46"
"115/08/27","114","4","1789","神隆","5490721.00","6367004.00","11857725.00","709843.00","623145.00","1332988.00","7907392.00","--","1294689.00","1310341.00","12315.00","--","10524737.00","--","--","--","10524737.00","0.00","0.00","0.00","13.31"
"115/08/27","114","4","1795","美時","26452718.00","79701213.00","106153931.00","16878826.00","65495249.00","82374075.00","2668738.00","--","7641635.00","15903639.00","-1609996.00","-824160.00","23779856.00","--","--","--","23779856.00","0.00","0.00","4064000.00","90.48"
"115/08/27","114","4","1802","台玻","37342131.00","53483194.00","90825325.00","29082191.00","11418223.00","40500414.00","29080608.00","--","1895238.00","18884134.00","-2259511.00","--","47600469.00","--","--","2724442.00","50324911.00","--","0.00","0.00","16.37"
"115/08/27","114","4","1805","寶徠","1768999.00","233299.00","2002298.00","348676.00","26902.00","375578.00","1349705.00","--","227353.00","58089.00","-8427.00","0.00","1626720.00","--","--","0.00","1626720.00","0.00","0.00","0.00","12.05"
"115/08/27","114","4","1806","冠軍","4330414.00","3844433.00","8174847.00","1390064.00","1518391.00","2908455.00","3904039.00","--","157999.00","871355.00","379591.00","-46592.00","5266392.00","--","--","0.00","5266392.00","0.00","0.00","3887000.00","13.63"
"115/08/27","114","4","1808","潤隆","51396465.00","4942541.00","56339006.00","33648207.00","9846193.00","43494400.00","8930317.00","--","26736.00","3600236.00","287317.00","--","12844606.00","--","--","--","12844606.00","--","0.00","0.00","14.38"
"115/08/27","114","4","1809","中釉","2089338.00","2422387.00","4511725.00","1079464.00","126963.00","1206427.00","1670419.00","--","128560.00","1251022.00","-120542.00","--","2929459.00","--","--","375839.00","3305298.00","--","0.00","0.00","17.54"
"115/08/27","114","4","1810","和成","4216289.00","6154628.00","10370917.00","2667217.00","760591.00","3427808.00","3023037.00","--","17046.00","3195572.00","637896.00","-4781.00","6868770.00","--","--","74339.00","6943109.00","--","0.00","445484.00","22.75"
"115/08/27","114","4","1817","凱撒衛","1821945.00","1107401.00","2929346.00","379832.00","257885.00","637717.00","726000.00","--","282857.00","1518415.00","-280576.00","0.00","2246696.00","--","--","44933.00","2291629.00","--","0.00","0.00","30.95"
"115/08/27","114","4","1903","士紙","3677394.00","6882664.00","10560058.00","3265805.00","1768376.00","5034181.00","2600391.00","--","0.00","452882.00","2472604.00","--","5525877.00","--","--","--","5525877.00","--","0.00","0.00","21.25"
"115/08/27","114","4","1904","正隆","23055877.00","48927418.00","71983295.00","18646952.00","23302662.00","41949614.00","11082745.00","--","1166581.00","17970824.00","-916025.00","--","29304125.00","--","--","729556.00","30033681.00","--","0.00","0.00","26.44"
"115/08/27","114","4","1905","華紙","20212472.00","20228875.00","40441347.00","17573778.00","4280428.00","21854206.00","11028353.00","--","168505.00","2194273.00","2737703.00","0.00","16128834.00","--","--","2458307.00","18587141.00","--","0.00","0.00","14.62"
"115/08/27","114","4","1906","寶隆","453824.00","5091277.00","5545101.00","2423401.00","329120.00","2752521.00","1510000.00","--","18303.00","2617734.00","-1353457.00","--","--","--","--","--","2792580.00","--","0.00","0.00","18.49"
"115/08/27","114","4","1907","永豐餘","66203247.00","106054775.00","172258022.00","44107917.00","36199796.00","80307713.00","16603715.00","--","3977862.00","24372050.00","30130426.00","--","75084053.00","--","--","16866256.00","91950309.00","--","0.00","0.00","45.22"
"115/08/27","114","4","1909","榮成","13704223.00","55049001.00","68753224.00","21698245.00","26728298.00","48426543.00","13276857.00","--","4346976.00","4756869.00","-1871705.00","-214615.00","20294382.00","--","--","32299.00","20326681.00","--","0.00","21929000.00","15.54"
"115/08/27","114","4","2002","中鋼","177774877.00","496072096.00","673846973.00","128948463.00","214979505.00","343927968.00","157731290.00","--","41189617.00","108837625.00","-2006778.00","-13118233.00","292633521.00","--","--","37285484.00","329919005.00","--","0.00","674286000.00","19.38"
"115/08/27","114","4","2006","東和鋼鐵","28467305.00","23529904.00","51997209.00","15662886.00","1871977.00","17534863.00","7302138.00","--","7745045.00","19702932.00","-404143.00","--","34345972.00","--","--","116374.00","34462346.00","--","0.00","0.00","47.04"
"115/08/27","114","4","2007","燁興","1876532.00","10472130.00","12348662.00","4580634.00","3542480.00","8123114.00","5306516.00","--","295447.00","-1381384.00","4969.00","0.00","--","--","--","--","4225548.00","0.00","0.00","0.00","7.96"
"115/08/27","114","4","2008","高興昌","2301331.00","5933051.00","8234382.00","1904280.00","2589992.00","4494272.00","1908523.00","--","0.00","1337296.00","494291.00","--","--","--","--","--","3740110.00","--","0.00","0.00","19.60"
"115/08/27","114","4","2009","第一銅","2322911.00","9302311.00","11625222.00","1642828.00","268480.00","1911308.00","3596222.00","--","0.00","575333.00","5542359.00","--","--","--","--","--","9713914.00","--","0.00","0.00","27.01"
"115/08/27","114","4","2010","春源","15483042.00","8741162.00","24224204.00","8773415.00","2151660.00","10925075.00","6476554.00","--","177964.00","6477085.00","-219454.00","--","12912149.00","--","--","386980.00","13299129.00","--","0.00","0.00","19.94"
"115/08/27","114","4","2012","春雨","6952881.00","4594046.00","11546927.00","3031476.00","3927135.00","6958611.00","3021627.00","--","559704.00","1176028.00","-618523.00","-267195.00","3871641.00","--","--","716675.00","4588316.00","0.00","0.00","23430173.00","13.89"
"115/08/27","114","4","2013","中鋼構","10548110.00","4411655.00","14959765.00","8601098.00","681890.00","9282988.00","2000000.00","--","1383331.00","2457171.00","-163725.00","--","5676777.00","--","--","--","5676777.00","--","0.00","0.00","28.38"
"115/08/27","114","4","2014","中鴻","8290243.00","18595909.00","26886152.00","5650496.00","9124303.00","14774799.00","14355444.00","--","903.00","-951605.00","-1293389.00","--","12111353.00","--","--","--","12111353.00","--","0.00","0.00","8.44"
"115/08/27","114","4","2015","豐興","11548041.00","14292570.00","25840611.00","2536259.00","691533.00","3227792.00","5815994.00","--","455825.00","16538652.00","-210712.00","--","22599759.00","--","--","13060.00","22612819.00","--","0.00","0.00","38.86"
"115/08/27","114","4","2017","官田鋼","3983505.00","9668579.00","13652084.00","3733834.00","3486456.00","7220290.00","4468747.00","--","575758.00","-106110.00","70690.00","-269970.00","4739115.00","--","--","1692679.00","6431794.00","--","0.00","19752931.00","11.10"
"115/08/27","114","4","2020","美亞","6068622.00","3027225.00","9095847.00","3860353.00","747515.00","4607868.00","2670313.00","--","281622.00","1512738.00","10548.00","--","4475221.00","--","--","12758.00","4487979.00","--","0.00","0.00","16.76"
"115/08/27","114","4","2022","聚亨","5549318.00","4910123.00","10459441.00","2938695.00","545396.00","3484091.00","3371682.00","--","116094.00","-156343.00","102603.00","--","3434036.00","--","--","3541314.00","6975350.00","--","0.00","0.00","10.18"
"115/08/27","114","4","2023","燁輝","25487563.00","74038029.00","99525592.00","26675770.00","39750028.00","66425798.00","19032402.00","--","4389944.00","10168246.00","-507039.00","-363358.00","32720195.00","--","--","379599.00","33099794.00","0.00","0.00","24535000.00","17.42"
"115/08/27","114","4","2024","志聯","720313.00","933875.00","1654188.00","335318.00","204118.00","539436.00","975000.00","--","10708.00","129044.00","0.00","--","--","0.00","0.00","--","1114752.00","--","0.00","0.00","11.43"
"115/08/27","114","4","2025","千興","1404077.00","757400.00","2161477.00","716466.00","1647.00","718113.00","1726605.00","--","--","-288434.00","5193.00","--","--","--","--","--","1443364.00","--","0.00","0.00","8.36"
"115/08/27","114","4","2027","大成鋼","88298240.00","65218607.00","153516847.00","23666446.00","41334017.00","65000463.00","25842606.00","--","26560017.00","23031556.00","3140379.00","-3530662.00","75043896.00","--","--","13472488.00","88516384.00","--","0.00","232022155.00","31.90"
"115/08/27","114","4","2028","威致","3764551.00","4561889.00","8326440.00","1905395.00","1692842.00","3598237.00","3257148.00","--","--","1170123.00","341643.00","-40711.00","--","--","--","--","4728203.00","--","0.00","1693000.00","14.59"
"115/08/27","114","4","2029","盛餘","8161293.00","3158366.00","11319659.00","1065228.00","99665.00","1164893.00","3211800.00","--","1557969.00","5298480.00","7105.00","--","10075354.00","--","--","79412.00","10154766.00","0.00","0.00","0.00","31.37"
"115/08/27","114","4","2030","彰源","6140418.00","5302659.00","11443077.00","3873566.00","2667342.00","6540908.00","2805260.00","--","463471.00","1766738.00","-57381.00","-75919.00","4902169.00","--","--","--","4902169.00","--","0.00","4560000.00","17.76"
"115/08/27","114","4","2031","新光鋼","15194770.00","13523411.00","28718181.00","8917653.00","7343654.00","16261307.00","3211463.00","--","943445.00","6836001.00","746541.00","--","11737450.00","--","--","719424.00","12456874.00","--","0.00","0.00","36.55"
"115/08/27","114","4","2032","新鋼","1246171.00","918276.00","2164447.00","270992.00","140895.00","411887.00","1305215.00","--","107011.00","332075.00","8259.00","--","--","--","--","--","1752560.00","0.00","0.00","0.00","13.43"
"115/08/27","114","4","2033","佳大","434611.00","800430.00","1235041.00","159502.00","19008.00","178510.00","806945.00","--","18038.00","159582.00","71966.00","0.00","--","--","--","--","1056531.00","0.00","0.00","0.00","13.09"
"115/08/27","114","4","2034","允強","9325225.00","12613669.00","21938894.00","8193972.00","4064366.00","12258338.00","5289956.00","--","2024787.00","1492669.00","873144.00","--","9680556.00","--","--","--","9680556.00","--","0.00","0.00","18.49"
"115/08/27","114","4","2038","海光","4171238.00","5477588.00","9648826.00","2871802.00","2788026.00","5659828.00","1941343.00","--","396008.00","458031.00","991124.00","--","3786506.00","--","--","202492.00","3988998.00","--","0.00","0.00","19.50"
"115/08/27","114","4","2049","上銀","19863891.00","34312105.00","54175996.00","8529746.00","8172630.00","16702376.00","3537923.00","--","7479735.00","25162811.00","1165297.00","--","37345766.00","--","--","127854.00","37473620.00","--","0.00","0.00","105.56"
"115/08/27","114","4","2059","川湖","29989968.00","5093468.00","35083436.00","5366945.00","1690532.00","7057477.00","952971.00","--","796691.00","26263649.00","12648.00","--","28025959.00","--","--","--","28025959.00","--","0.00","0.00","294.09"
"115/08/27","114","4","2062","橋椿","5131012.00","6116284.00","11247296.00","2338428.00","1299723.00","3638151.00","1999942.00","--","1911126.00","3879802.00","-183545.00","--","7607325.00","--","--","1820.00","7609145.00","--","0.00","0.00","38.04"
"115/08/27","114","4","2069","運錩","3773280.00","5244365.00","9017645.00","3516342.00","1341671.00","4858013.00","1663868.00","--","1243130.00","1350884.00","-98250.00","0.00","4159632.00","--","--","--","4159632.00","--","0.00","0.00","25.00"
"115/08/27","114","4","2072","世紀風電","11977889.00","12341306.00","24319195.00","3018213.00","1609778.00","4627991.00","1700000.00","--","14930416.00","3058388.00","--","--","19688804.00","--","--","2400.00","19691204.00","--","0.00","0.00","115.82"
"115/08/27","114","4","2101","南港","42473461.00","11806786.00","54280247.00","26917183.00","14696591.00","41613774.00","7339349.00","--","293222.00","4981547.00","290498.00","-238143.00","12666473.00","--","--","0.00","12666473.00","--","0.00","5807595.00","17.40"
"115/08/27","114","4","2102","泰豐","3443464.00","8841744.00","12285208.00","319673.00","2317971.00","2637644.00","4733292.00","--","164214.00","160238.00","4772855.00","-183035.00","9647564.00","--","--","--","9647564.00","--","0.00","13755607.00","20.99"
"115/08/27","114","4","2103","台橡","19733163.00","23525768.00","43258931.00","10542917.00","11204152.00","21747069.00","8257099.00","--","57766.00","9387027.00","2253334.00","--","19955226.00","--","--","1556636.00","21511862.00","--","0.00","0.00","24.17"
"115/08/27","114","4","2104","國際中橡","22159863.00","27025721.00","49185584.00","16268325.00","7409339.00","23677664.00","9847336.00","--","9237013.00","3818417.00","1519439.00","-290088.00","24132117.00","--","--","1375803.00","25507920.00","--","0.00","14734663.00","24.88"
"115/08/27","114","4","2105","正新","70082889.00","72798635.00","142881524.00","21964566.00","33382245.00","55346811.00","32414155.00","--","116376.00","58558675.00","-4108122.00","--","86981084.00","--","--","553629.00","87534713.00","0.00","0.00","0.00","26.83"
"115/08/27","114","4","2106","建大","24410111.00","21083012.00","45493123.00","8994066.00","16940067.00","25934133.00","9548900.00","--","41.00","10525370.00","-515321.00","--","19558990.00","--","--","--","19558990.00","--","0.00","0.00","20.48"
"115/08/27","114","4","2107","厚生","10661095.00","4753734.00","15414829.00","1455890.00","475984.00","1931874.00","3035934.00","--","449745.00","9044961.00","952315.00","--","13482955.00","--","--","--","13482955.00","--","0.00","0.00","44.41"
"115/08/27","114","4","2108","南帝","13777847.00","4579736.00","18357583.00","1290712.00","586703.00","1877415.00","4924167.00","--","51421.00","9325274.00","135787.00","--","14436649.00","--","--","2043519.00","16480168.00","0.00","0.00","0.00","29.32"
"115/08/27","114","4","2109","華豐","4988886.00","3565634.00","8554520.00","2018384.00","1308089.00","3326473.00","2793492.00","--","83501.00","582208.00","42027.00","--","3501228.00","--","--","1726819.00","5228047.00","0.00","0.00","0.00","12.53"
"115/08/27","114","4","2114","鑫永銓","2361037.00","1444482.00","3805519.00","402549.00","231336.00","633885.00","779918.00","--","268039.00","2123677.00","--","--","--","--","--","--","3171634.00","0.00","0.00","0.00","40.67"
"115/08/27","114","4","2115","六暉-KY","2268512.00","2372790.00","4641302.00","715434.00","685278.00","1400712.00","1043732.00","--","394003.00","2098229.00","-313925.00","--","3222039.00","--","--","18551.00","3240590.00","0.00","0.00","0.00","30.87"
"115/08/27","114","4","2201","裕隆","257376995.00","109569557.00","366946552.00","257086727.00","15956432.00","273043159.00","10700013.00","--","16093643.00","35595757.00","1232454.00","-376301.00","63245566.00","--","--","30657827.00","93903393.00","--","0.00","7526431.00","59.53"
"115/08/27","114","4","2204","中華","14331334.00","39709878.00","54041212.00","11151762.00","1136525.00","12288287.00","5536203.00","--","7458794.00","24982900.00","-88877.00","--","37889020.00","--","--","3863905.00","41752925.00","--","0.00","0.00","68.44"
"115/08/27","114","4","2206","三陽工業","35774386.00","61363804.00","97138190.00","23537929.00","31298083.00","54836012.00","7836756.00","--","1717409.00","17902162.00","-1005652.00","-132816.00","26317859.00","--","--","15984319.00","42302178.00","0.00","0.00","5332452.00","33.81"
"115/08/27","114","4","2208","台船","26999483.00","19418042.00","46417525.00","23693987.00","15585088.00","39279075.00","12745394.00","--","0.00","-5637910.00","74119.00","--","7181603.00","--","--","-43153.00","7138450.00","0.00","0.00","0.00","5.63"
"115/08/27","114","4","2211","長榮鋼","15725713.00","23726153.00","39451866.00","5974392.00","2522714.00","8497106.00","4170915.00","--","1319807.00","13578273.00","8251502.00","--","27320497.00","--","--","3634263.00","30954760.00","--","0.00","0.00","65.50"
"115/08/27","114","4","2227","裕日車","7115242.00","15729080.00","22844322.00","1669310.00","3083873.00","4753183.00","3000000.00","--","5988968.00","10068246.00","-966075.00","--","18091139.00","--","--","--","18091139.00","--","0.00","0.00","60.30"
"115/08/27","114","4","2228","劍麟","3742265.00","2992707.00","6734972.00","740475.00","965979.00","1706454.00","797797.00","--","1199549.00","3179939.00","-148767.00","--","5028518.00","--","--","--","5028518.00","0.00","0.00","0.00","63.03"
"115/08/27","114","4","2231","為升","6048231.00","4884907.00","10933138.00","3886429.00","2601755.00","6488184.00","1359319.00","--","409024.00","1608127.00","-8933.00","0.00","3367537.00","--","--","1077417.00","4444954.00","0.00","0.00","0.00","24.77"
"115/08/27","114","4","2233","宇隆","3292592.00","3331979.00","6624571.00","2092941.00","566553.00","2659494.00","602881.00","--","818217.00","2645442.00","-105796.00","--","3960744.00","--","--","4333.00","3965077.00","--","0.00","0.00","65.70"
"115/08/27","114","4","2236","百達-KY","5239510.00","2790843.00","8030353.00","3609647.00","2114590.00","5724237.00","614017.00","--","1247857.00","479427.00","-151012.00","--","2190289.00","--","--","115827.00","2306116.00","--","0.00","0.00","35.67"
"115/08/27","114","4","2237","華德動能-創","2897137.00","665322.00","3562459.00","2028180.00","310379.00","2338559.00","1217729.00","--","17089.00","28240.00","-39158.00","--","1223900.00","--","--","0.00","1223900.00","0.00","0.00","0.00","10.05"
"115/08/27","114","4","2239","英利-KY","18804515.00","17045957.00","35850472.00","12149524.00","6241660.00","18391184.00","1203466.00","--","9372102.00","1998472.00","-1076876.00","-64027.00","11433137.00","--","--","6026151.00","17459288.00","0.00","0.00","1874000.00","96.50"
"115/08/27","114","4","2241","艾姆勒","834871.00","1448965.00","2283836.00","375711.00","390397.00","766108.00","1046023.00","--","1094433.00","-803885.00","5916.00","--","1342487.00","--","--","175241.00","1517728.00","0.00","0.00","0.00","12.83"
"115/08/27","114","4","2243","宏旭-KY","2765574.00","615643.00","3381217.00","2402303.00","171821.00","2574124.00","693736.00","--","622308.00","-472076.00","-36875.00","--","807093.00","--","--","--","807093.00","0.00","0.00","0.00","11.63"
"115/08/27","114","4","2247","汎德永業","11616737.00","10149817.00","21766554.00","4210273.00","4708795.00","8919068.00","807087.00","--","4354675.00","7651873.00","33851.00","--","12847486.00","--","--","--","12847486.00","--","0.00","0.00","159.18"
"115/08/27","114","4","2248","華勝-KY","2384081.00","642757.00","3026838.00","1336121.00","29339.00","1365460.00","476000.00","--","492853.00","695749.00","-3224.00","--","1661378.00","--","--","--","1661378.00","--","0.00","0.00","34.90"
"115/08/27","114","4","2250","IKKA-KY","2590251.00","977431.00","3567682.00","1062900.00","399413.00","1462313.00","363882.00","--","1110072.00","782796.00","-151381.00","--","2105369.00","0.00","--","0.00","2105369.00","0.00","0.00","0.00","57.86"
"115/08/27","114","4","2254","巨鎧精密-創","201177.00","1976753.00","2177930.00","645101.00","432414.00","1077515.00","639077.00","--","288799.00","-53391.00","235872.00","-9942.00","1100415.00","--","--","--","1100415.00","0.00","0.00","153000.00","17.26"
"115/08/27","114","4","2258","鴻華先進-創","3645474.00","13312798.00","16958272.00","2480815.00","1089238.00","3570053.00","17493813.00","--","6076409.00","-10181151.00","-852.00","--","13388219.00","--","--","--","13388219.00","0.00","1125100.00","0.00","7.65"
"115/08/27","114","4","2301","光寶科","164020954.00","41666429.00","205687383.00","109597232.00","6111358.00","115708590.00","23167758.00","--","21560557.00","49832936.00","-2012223.00","-2726963.00","89822065.00","--","--","156728.00","89978793.00","--","0.00","47004221.00","39.57"
"115/08/27","114","4","2302","麗正","1022283.00","1583857.00","2606140.00","724922.00","73064.00","797986.00","1663029.00","--","9.00","264669.00","-119553.00","--","1808154.00","--","--","0.00","1808154.00","--","0.00","0.00","10.87"
"115/08/27","114","4","2303","聯電","204783258.00","374212751.00","578996009.00","87598137.00","111542432.00","199140569.00","125881563.00","--","15409600.00","232882973.00","5594129.00","--","379768265.00","--","--","87175.00","379855440.00","--","0.00","0.00","30.17"
"115/08/27","114","4","2305","全友","1578520.00","1458642.00","3037162.00","314984.00","319017.00","634001.00","2056608.00","--","0.00","13231.00","268182.00","-49781.00","2288240.00","--","--","114921.00","2403161.00","0.00","0.00","2934365.00","11.29"
"115/08/27","114","4","2308","台達電","395780787.00","243837813.00","639618600.00","209664989.00","104564608.00","314229597.00","25975433.00","--","55072097.00","183526435.00","3484011.00","--","268057976.00","--","--","57331027.00","325389003.00","0.00","0.00","0.00","103.20"
"115/08/27","114","4","2312","金寶","77113479.00","41087354.00","118200833.00","65372240.00","16215882.00","81588122.00","15054852.00","--","1828266.00","3126079.00","2718648.00","0.00","22727845.00","--","--","13884866.00","36612711.00","--","0.00","0.00","15.10"
"115/08/27","114","4","2313","華通","50935396.00","39561637.00","90497033.00","30575905.00","12058458.00","42634363.00","11918206.00","--","1060226.00","34157929.00","726309.00","--","47862670.00","--","--","--","47862670.00","0.00","0.00","0.00","40.16"
"115/08/27","114","4","2314","台揚","1858834.00","1444447.00","3303281.00","2584267.00","583535.00","3167802.00","1061264.00","--","1092095.00","-1728751.00","-289129.00","--","135479.00","--","--","--","135479.00","--","0.00","0.00","1.28"
"115/08/27","114","4","2316","楠梓電","6806002.00","11620029.00","18426031.00","2875394.00","2974844.00","5850238.00","1827405.00","--","659646.00","10319588.00","-137829.00","-93017.00","12575793.00","--","--","--","12575793.00","--","0.00","1306059.00","69.31"
"115/08/27","114","4","2317","鴻海","3961827499.00","1142844724.00","5104672223.00","2710848518.00","423060350.00","3133908868.00","140034032.00","--","226699123.00","1459373480.00","-53319814.00","-15194.00","1772771627.00","--","--","197991728.00","1970763355.00","0.00","0.00","1483078.00","126.96"
"115/08/27","114","4","2321","東訊","641162.00","584711.00","1225873.00","398879.00","382835.00","781714.00","302719.00","--","0.00","-137169.00","27112.00","0.00","192662.00","--","--","251497.00","444159.00","0.00","0.00","0.00","6.36"
"115/08/27","114","4","2323","中環","18093228.00","10728972.00","28822200.00","5354215.00","3880668.00","9234883.00","10893483.00","--","6432218.00","1733284.00","191661.00","--","19250646.00","--","--","336671.00","19587317.00","0.00","0.00","0.00","17.67"
"115/08/27","114","4","2324","仁寶","360805145.00","78102132.00","438907277.00","268621676.00","22608693.00","291230369.00","44071466.00","--","3681169.00","78307765.00","6628737.00","-881247.00","131807890.00","--","--","15869018.00","147676908.00","--","0.00","50017431.00","30.25"
"115/08/27","114","4","2327","國巨*","165345817.00","225443338.00","390789155.00","136079356.00","80713247.00","216792603.00","5182415.00","--","47868090.00","114140896.00","5717142.00","-2030720.00","170877823.00","--","--","3118729.00","173996552.00","--","0.00","16568120.00","83.10"
"115/08/27","114","4","2328","廣宇","17403062.00","6653669.00","24056731.00","6306505.00","496795.00","6803300.00","5183462.00","--","1503606.00","9183576.00","-957155.00","--","14913489.00","--","--","2339942.00","17253431.00","0.00","0.00","0.00","28.77"
"115/08/27","114","4","2329","華泰","10681781.00","10032449.00","20714230.00","7939025.00","1621007.00","9560032.00","6590043.00","--","375146.00","4621252.00","-432243.00","--","11154198.00","--","--","--","11154198.00","0.00","0.00","0.00","16.93"
"115/08/27","114","4","2330","台積電","3817130817.00","4115893061.00","7933023878.00","1458019289.00","1014209306.00","2472228595.00","259325245.00","--","73445601.00","5103501560.00","-16676412.00","0.00","5419595994.00","--","--","41199289.00","5460795283.00","--","0.00","0.00","208.99"
"115/08/27","114","4","2331","精英","15274125.00","7577041.00","22851166.00","11164258.00","911748.00","12076006.00","5574030.00","--","5437323.00","1910418.00","-2155996.00","--","10765775.00","--","--","9385.00","10775160.00","0.00","0.00","0.00","19.31"
"115/08/27","114","4","2332","友訊","10421882.00","5401627.00","15823509.00","4251770.00","818449.00","5070219.00","6022424.00","--","1349634.00","2524090.00","-1517707.00","-82823.00","8295618.00","--","--","2457672.00","10753290.00","0.00","0.00","5434069.00","13.90"
"115/08/27","114","4","2337","旺宏","29425027.00","49075358.00","78500385.00","12403846.00","20288938.00","32692784.00","19310828.00","--","1471888.00","20129654.00","5049176.00","-159061.00","45802485.00","--","--","5116.00","45807601.00","--","73734642.00","1956619.00","23.74"
"115/08/27","114","4","2338","光罩","5276718.00","12203379.00","17480097.00","8309868.00","4824084.00","13133952.00","3168492.00","--","2305149.00","-320925.00","18396.00","-891759.00","4279353.00","--","--","66792.00","4346145.00","--","0.00","39816440.00","15.45"
"115/08/27","114","4","2340","台亞","5589526.00","9111282.00","14700808.00","3985559.00","3649181.00","7634740.00","4386228.00","--","1810974.00","424039.00","-41078.00","-23172.00","6556991.00","--","--","509077.00","7066068.00","--","0.00","754543.00","14.97"
"115/08/27","114","4","2342","茂矽","1526630.00","1621960.00","3148590.00","511057.00","280251.00","791308.00","1575247.00","--","601082.00","250864.00","-90702.00","--","2336491.00","--","--","20791.00","2357282.00","0.00","0.00","0.00","14.83"
"115/08/27","114","4","2344","華邦電","73191129.00","119000938.00","192192067.00","46615224.00","31446712.00","78061936.00","45000002.00","--","13751860.00","31692818.00","17491287.00","--","107935967.00","--","--","6194164.00","114130131.00","--","0.00","0.00","23.99"
"115/08/27","114","4","2345","智邦","121067470.00","22163609.00","143231079.00","82183538.00","3412358.00","85595896.00","5611179.00","--","915072.00","47196377.00","3867901.00","-50999.00","57539530.00","--","--","95653.00","57635183.00","--","0.00","2209867.00","102.95"
"115/08/27","114","4","2347","聯強","177512804.00","39910391.00","217423195.00","117635002.00","16555148.00","134190150.00","16679470.00","--","13482574.00","56754973.00","-6724727.00","--","80192290.00","--","--","3040755.00","83233045.00","0.00","0.00","0.00","48.08"
"115/08/27","114","4","2348","海悅","35452905.00","12484272.00","47937177.00","14435262.00","22984351.00","37419613.00","1818989.00","--","1353898.00","4738860.00","439515.00","-10295.00","8340967.00","--","--","2176597.00","10517564.00","0.00","0.00","164000.00","45.90"
"115/08/27","114","4","2349","錸德","7640582.00","10593741.00","18234323.00","3540835.00","5299936.00","8840771.00","6936797.00","--","1291197.00","-2023999.00","-807557.00","--","5396438.00","--","--","3997114.00","9393552.00","0.00","0.00","0.00","7.78"
"115/08/27","114","4","2351","順德","7068335.00","5668094.00","12736429.00","3268823.00","2190130.00","5458953.00","1821403.00","--","579533.00","4655688.00","-95403.00","--","6961221.00","--","--","316255.00","7277476.00","0.00","0.00","0.00","38.22"
"115/08/27","114","4","2352","佳世達","119192644.00","85997394.00","205190038.00","101781398.00","42977551.00","144758949.00","15805065.00","--","2458323.00","16507840.00","-6252289.00","--","28518939.00","--","--","31912150.00","60431089.00","--","0.00","0.00","18.04"
"115/08/27","114","4","2353","宏��","173578255.00","81035406.00","254613661.00","126925047.00","29450867.00","156375914.00","30478538.00","--","27963060.00","18424400.00","1446925.00","-2712774.00","75600149.00","--","--","22637598.00","98237747.00","0.00","0.00","41646290.00","25.15"
"115/08/27","114","4","2354","鴻準","124644080.00","33977941.00","158622021.00","50394844.00","1427830.00","51822674.00","14144852.00","--","7594524.00","94457953.00","-8911924.00","--","107285405.00","--","--","-486058.00","106799347.00","0.00","0.00","0.00","75.85"
"115/08/27","114","4","2355","敬鵬","13238316.00","10928207.00","24166523.00","5620563.00","1275430.00","6895993.00","3974954.00","--","1580768.00","11607434.00","106611.00","--","17269767.00","--","--","763.00","17270530.00","0.00","0.00","0.00","43.45"
"115/08/27","114","4","2356","英業達","271453681.00","60218434.00","331672115.00","236313671.00","18910385.00","255224056.00","35874751.00","--","2892430.00","38508122.00","-1098291.00","--","76177012.00","--","--","271047.00","76448059.00","0.00","0.00","0.00","21.23"
"115/08/27","114","4","2357","華碩","453833805.00","177822914.00","631656719.00","307346983.00","26746539.00","334093522.00","7427603.00","--","17376367.00","202003902.00","41489046.00","--","268296918.00","--","--","29266279.00","297563197.00","--","--","--","361.22"
"115/08/27","114","4","2359","所羅門","8026928.00","2074617.00","10101545.00","3558783.00","271664.00","3830447.00","1714711.00","--","911351.00","3283995.00","-135037.00","-6042.00","5768978.00","--","--","502120.00","6271098.00","0.00","0.00","100432.00","33.66"
"115/08/27","114","4","2360","致茂","26125666.00","21024386.00","47150052.00","9159193.00","5428288.00","14587481.00","4252457.00","--","4212580.00","22825134.00","638429.00","-30868.00","31897732.00","--","--","664839.00","32562571.00","--","0.00","1654579.00","75.30"
"115/08/27","114","4","2362","藍天","19627723.00","81182285.00","100810008.00","15388220.00","42064128.00","57452348.00","6222630.00","--","124905.00","40531589.00","-2648022.00","-873442.00","43357660.00","--","--","--","43357660.00","0.00","0.00","44263265.00","75.01"
"115/08/27","114","4","2363","矽統","4604660.00","15847267.00","20451927.00","1386634.00","652524.00","2039158.00","5149882.00","--","1805591.00","5021959.00","6318923.00","--","18296355.00","--","--","116414.00","18412769.00","--","0.00","1.00","35.53"
"115/08/27","114","4","2364","倫飛","923044.00","594476.00","1517520.00","651004.00","55948.00","706952.00","523897.00","--","35.00","286659.00","29279.00","0.00","839870.00","--","--","-29302.00","810568.00","0.00","0.00","0.00","16.03"
"115/08/27","114","4","2365","昆盈","1762559.00","1777400.00","3539959.00","190105.00","256886.00","446991.00","2215285.00","--","227517.00","1198507.00","-591390.00","--","3049919.00","--","--","43049.00","3092968.00","--","0.00","0.00","13.77"
"115/08/27","114","4","2367","燿華","8204863.00","16594010.00","24798873.00","8046250.00","3894402.00","11940652.00","7062532.00","--","4046665.00","1722723.00","26301.00","0.00","12858221.00","--","--","--","12858221.00","0.00","0.00","0.00","18.21"
"115/08/27","114","4","2368","金像電","56337465.00","19408883.00","75746348.00","27553834.00","14711355.00","42265189.00","5105289.00","--","7638945.00","20356883.00","472796.00","-92754.00","33481159.00","--","--","--","33481159.00","--","5398949.00","5151375.00","66.25"
"115/08/27","114","4","2369","菱生","3828563.00","3767989.00","7596552.00","1607142.00","1010915.00","2618057.00","3801023.00","--","1042313.00","158115.00","-23823.00","-176415.00","4801213.00","--","--","177282.00","4978495.00","--","0.00","5658911.00","12.82"
"115/08/27","114","4","2371","大同","73223464.00","72619296.00","145842760.00","32644265.00","59049525.00","91693790.00","21508349.00","--","3791183.00","18700293.00","4485192.00","-2215590.00","46269427.00","--","--","7879543.00","54148970.00","0.00","0.00","104778243.00","22.61"
"115/08/27","114","4","2373","震旦行","9686592.00","8136997.00","17823589.00","4766622.00","4275936.00","9042558.00","2362025.00","--","1963831.00","4169821.00","-226905.00","-791826.00","7476946.00","--","--","1304085.00","8781031.00","--","0.00","12496797.00","33.42"
"115/08/27","114","4","2374","佳能","6190023.00","6198982.00","12389005.00","4051749.00","31599.00","4083348.00","3245791.00","--","1410209.00","3281877.00","94189.00","-36.00","8032030.00","--","--","273627.00","8305657.00","--","0.00","3600.00","24.75"
"115/08/27","114","4","2375","凱美","6530483.00","8024809.00","14555292.00","4063675.00","620381.00","4684056.00","1086753.00","--","4732931.00","4221778.00","-170226.00","--","9871236.00","--","--","--","9871236.00","0.00","0.00","0.00","90.83"
"115/08/27","114","4","2376","技嘉","144263268.00","11862328.00","156125596.00","84483661.00","10442732.00","94926393.00","6698889.00","--","14018015.00","37995456.00","387800.00","--","59100160.00","--","--","2099043.00","61199203.00","0.00","0.00","0.00","88.22"
"115/08/27","114","4","2377","微星","108601380.00","12353226.00","120954606.00","58874927.00","7477290.00","66352217.00","8448562.00","--","806619.00","45614913.00","-267705.00","--","54602389.00","--","--","--","54602389.00","0.00","0.00","0.00","64.63"
"115/08/27","114","4","2379","瑞昱","97357079.00","32546284.00","129903363.00","74755910.00","2935367.00","77691277.00","5155126.00","--","1623486.00","42615429.00","2808327.00","--","52202368.00","--","--","9718.00","52212086.00","0.00","0.00","0.00","101.26"
"115/08/27","114","4","2380","虹光","1691964.00","801131.00","2493095.00","1661275.00","271307.00","1932582.00","2169341.00","--","109311.00","-1682987.00","-30233.00","-6669.00","558763.00","--","--","1750.00","560513.00","0.00","0.00","195879.00","2.58"
"115/08/27","114","4","2382","廣達","1232064478.00","111047265.00","1343111743.00","1014155284.00","73211959.00","1087367243.00","38626274.00","--","21155830.00","185322339.00","-1194320.00","-333094.00","243577029.00","--","--","12167471.00","255744500.00","0.00","0.00","8108885.00","63.19"
"115/08/27","114","4","2383","台光電","73979669.00","33932867.00","107912536.00","46230740.00","11246591.00","57477331.00","3583211.00","--","11521350.00","34744370.00","606572.00","--","50455503.00","--","--","-20298.00","50435205.00","0.00","0.00","0.00","140.81"
"115/08/27","114","4","2385","群光","73393667.00","27601558.00","100995225.00","48018775.00","690281.00","48709056.00","7600532.00","--","10671582.00","26822817.00","-488408.00","-273574.00","44332949.00","--","--","7953220.00","52286169.00","0.00","0.00","32363233.00","60.92"
"115/08/27","114","4","2387","精元","15452098.00","4680254.00","20132352.00","7769264.00","688666.00","8457930.00","1952510.00","--","133022.00","9169542.00","-625050.00","-23737.00","10606287.00","--","--","1068135.00","11674422.00","0.00","0.00","1730000.00","54.81"
"115/08/27","114","4","2388","威盛","24740041.00","11201582.00","35941623.00","11582795.00","1565451.00","13148246.00","5559083.00","--","7296114.00","7912427.00","584767.00","--","21352391.00","--","--","1440986.00","22793377.00","--","115000.00","0.00","38.42"
"115/08/27","114","4","2390","云辰","1619457.00","1087642.00","2707099.00","372898.00","11713.00","384611.00","1926194.00","--","616926.00","-175971.00","-44661.00","--","2322488.00","--","--","0.00","2322488.00","--","0.00","0.00","12.06"
"115/08/27","114","4","2392","正崴","65959979.00","56078009.00","122037988.00","75701520.00","21446288.00","97147808.00","5123269.00","--","11379482.00","7954261.00","-1824118.00","-622774.00","22010120.00","--","--","2880060.00","24890180.00","0.00","0.00","49503000.00","47.56"
"115/08/27","114","4","2393","億光","19640764.00","9958470.00","29599234.00","8166316.00","923002.00","9089318.00","4433931.00","--","8818972.00","7346684.00","-628505.00","--","19971082.00","--","--","538834.00","20509916.00","--","0.00","0.00","45.04"
"115/08/27","114","4","2395","研華","42495527.00","33221997.00","75717524.00","16517343.00","4150916.00","20668259.00","8658303.00","--","12057154.00","33162960.00","1069064.00","--","54947481.00","--","--","101784.00","55049265.00","--","640500.00","0.00","63.46"
"115/08/27","114","4","2397","友通","7367275.00","4988802.00","12356077.00","4635956.00","2018181.00","6654137.00","1144889.00","--","898872.00","1432841.00","-73691.00","--","3402911.00","--","--","2299029.00","5701940.00","0.00","0.00","0.00","29.72"
"115/08/27","114","4","2399","映泰","2136029.00","489373.00","2625402.00","381020.00","43592.00","424612.00","1781000.00","--","66778.00","338618.00","14394.00","--","2200790.00","--","--","--","2200790.00","--","0.00","0.00","12.36"
"115/08/27","114","4","2401","凌陽","8324345.00","5675115.00","13999460.00","1850364.00","1557518.00","3407882.00","5919949.00","--","1136189.00","1716444.00","-497699.00","-63401.00","8211482.00","--","--","2380096.00","10591578.00","--","0.00","3559996.00","13.95"
"115/08/27","114","4","2402","毅嘉","8972307.00","6418638.00","15390945.00","5278001.00","2705995.00","7983996.00","3075366.00","--","2312152.00","1988856.00","30575.00","0.00","7406949.00","--","--","--","7406949.00","--","0.00","0.00","24.08"
"115/08/27","114","4","2404","漢唐","74746288.00","4076674.00","78822962.00","58888523.00","1066994.00","59955517.00","1905867.00","--","592369.00","15920502.00","531271.00","-325240.00","18624769.00","--","--","242676.00","18867445.00","0.00","0.00","2000000.00","98.76"
"115/08/27","114","4","2405","輔信","1874890.00","2514517.00","4389407.00","663492.00","131373.00","794865.00","3434273.00","--","36688.00","57415.00","-44553.00","--","3483823.00","--","--","110719.00","3594542.00","--","0.00","0.00","10.14"
"115/08/27","114","4","2406","國碩","6275187.00","10191364.00","16466551.00","3048608.00","5037416.00","8086024.00","3509057.00","--","351158.00","-154388.00","-137630.00","--","3568197.00","--","--","4812330.00","8380527.00","--","0.00","0.00","10.17"
"115/08/27","114","4","2408","南亞科","108540791.00","99911927.00","208452718.00","19019912.00","18894450.00","37914362.00","30986279.00","--","33080785.00","104101855.00","2230933.00","--","170399852.00","--","--","138504.00","170538356.00","0.00","0.00","0.00","54.99"
"115/08/27","114","4","2409","友達","138128946.00","243894101.00","382023047.00","123527758.00","94654739.00","218182497.00","75470990.00","--","45872842.00","34863188.00","-4207576.00","0.00","151999444.00","0.00","--","11841106.00","163840550.00","--","0.00","0.00","20.14"
"115/08/27","114","4","2412","中華電","117371085.00","418500866.00","535871951.00","78942022.00","56139853.00","135081875.00","77574465.00","--","172450886.00","135212191.00","1020169.00","--","386257711.00","--","--","14532365.00","400790076.00","--","0.00","0.00","49.79"
"115/08/27","114","4","2413","環科","2711573.00","1451200.00","4162773.00","1090703.00","1057679.00","2148382.00","1273592.00","--","420995.00","728344.00","-408916.00","0.00","2014015.00","--","--","376.00","2014391.00","--","0.00","0.00","15.81"
"115/08/27","114","4","2414","精技","8554500.00","1789238.00","10343738.00","5726326.00","225693.00","5952019.00","1617358.00","--","296159.00","1321709.00","-7705.00","--","3227521.00","--","--","1164198.00","4391719.00","--","0.00","0.00","19.96"
"115/08/27","114","4","2415","錩新","8277257.00","1617897.00","9895154.00","6102484.00","704053.00","6806537.00","900000.00","--","213854.00","618658.00","-39337.00","--","1693175.00","--","--","1395442.00","3088617.00","--","0.00","0.00","18.81"
"115/08/27","114","4","2417","圓剛","3357762.00","2355370.00","5713132.00","1494716.00","323125.00","1817841.00","1572939.00","--","741182.00","1097767.00","-7003.00","-639104.00","2765781.00","0.00","--","1129510.00","3895291.00","0.00","0.00","27193600.00","21.26"
"115/08/27","114","4","2419","仲琦","8866618.00","2127429.00","10994047.00","4486510.00","398941.00","4885451.00","3213172.00","--","1153471.00","184553.00","190586.00","--","4741782.00","--","--","1366814.00","6108596.00","0.00","0.00","0.00","14.76"
"115/08/27","114","4","2420","新巨","2273025.00","3336345.00","5609370.00","628254.00","985192.00","1613446.00","1526487.00","--","138051.00","2312051.00","830.00","--","3977419.00","--","--","18505.00","3995924.00","--","0.00","0.00","26.06"
"115/08/27","114","4","2421","建準","13193298.00","4233230.00","17426528.00","7189031.00","1350410.00","8539441.00","2734437.00","--","1518788.00","4956126.00","-244321.00","-77943.00","8887087.00","0.00","--","0.00","8887087.00","--","0.00","904000.00","32.61"
"115/08/27","114","4","2423","固緯","2422190.00","1315827.00","3738017.00","653183.00","121118.00","774301.00","1450472.00","--","4157.00","1632956.00","-123869.00","--","2963716.00","--","--","--","2963716.00","0.00","0.00","0.00","20.43"
"115/08/27","114","4","2424","隴華","234968.00","258559.00","493527.00","117963.00","41618.00","159581.00","595850.00","--","11760.00","-298679.00","2020.00","--","310951.00","--","--","22995.00","333946.00","0.00","0.00","0.00","5.22"
"115/08/27","114","4","2425","承啟","4854743.00","181412.00","5036155.00","2071475.00","92174.00","2163649.00","964988.00","--","100.00","1439521.00","18679.00","--","2423288.00","--","--","449218.00","2872506.00","0.00","0.00","0.00","25.11"
"115/08/27","114","4","2426","鼎元","2591456.00","2042868.00","4634324.00","782298.00","82309.00","864607.00","3006223.00","--","266729.00","532250.00","-35485.00","--","3769717.00","--","--","0.00","3769717.00","--","0.00","0.00","12.54"
"115/08/27","114","4","2427","三商電","4717654.00","2300630.00","7018284.00","2260935.00","1466936.00","3727871.00","1979996.00","--","343523.00","903361.00","63533.00","--","3290413.00","--","--","0.00","3290413.00","--","0.00","0.00","16.62"
"115/08/27","114","4","2428","興勤","10614414.00","5962499.00","16576913.00","2870001.00","2425924.00","5295925.00","1281127.00","--","352907.00","9553162.00","-13137.00","--","11174059.00","--","--","106929.00","11280988.00","--","0.00","0.00","87.22"
"115/08/27","114","4","2429","銘旺科","487995.00","1261454.00","1749449.00","419354.00","546590.00","965944.00","855000.00","--","451199.00","-522015.00","-13214.00","--","770970.00","--","--","12535.00","783505.00","--","0.00","0.00","9.02"
"115/08/27","114","4","2430","燦坤","3652551.00","9173151.00","12825702.00","4237975.00","4179175.00","8417150.00","1168000.00","--","1250840.00","2060970.00","-71258.00","--","4408552.00","--","--","--","4408552.00","--","0.00","0.00","37.74"
"115/08/27","114","4","2431","聯昌","1000795.00","295722.00","1296517.00","184661.00","24404.00","209065.00","1109270.00","--","159338.00","-132931.00","-48225.00","--","1087452.00","--","--","--","1087452.00","0.00","0.00","0.00","9.80"
"115/08/27","114","4","2432","倚天酷��-創","1488076.00","212311.00","1700387.00","488430.00","26470.00","514900.00","618600.00","--","422373.00","254064.00","-109550.00","--","1185487.00","0.00","--","--","1185487.00","0.00","0.00","0.00","19.16"
"115/08/27","114","4","2433","互盛電","3711568.00","3618875.00","7330443.00","1790249.00","1435977.00","3226226.00","1444960.00","--","42643.00","1535358.00","324297.00","--","3347258.00","--","--","756959.00","4104217.00","--","0.00","0.00","23.17"
"115/08/27","114","4","2434","統懋","159774.00","543748.00","703522.00","113831.00","118235.00","232066.00","370000.00","--","101419.00","6014.00","-5977.00","--","471456.00","--","--","--","471456.00","--","0.00","0.00","12.74"
"115/08/27","114","4","2436","偉詮電","4705956.00","1426871.00","6132827.00","1818570.00","160453.00","1979023.00","1999281.00","--","1398157.00","979265.00","-40597.00","-193745.00","4142361.00","--","--","11443.00","4153804.00","0.00","0.00","2822000.00","21.02"
"115/08/27","114","4","2438","翔耀","723861.00","1080438.00","1804299.00","766653.00","473370.00","1240023.00","651956.00","--","77328.00","-334426.00","-52604.00","-17920.00","324334.00","--","--","239942.00","564276.00","--","0.00","3000000.00","5.21"
"115/08/27","114","4","2439","美律","31548152.00","13246417.00","44794569.00","20331321.00","5375423.00","25706744.00","2538269.00","--","8480217.00","7310841.00","-780006.00","--","17549321.00","--","--","1538504.00","19087825.00","0.00","0.00","0.00","69.14"
"115/08/27","114","4","2440","太空梭","2005592.00","822297.00","2827889.00","1165031.00","86333.00","1251364.00","1391173.00","--","5109.00","-225873.00","406116.00","--","1576525.00","--","--","--","1576525.00","--","0.00","0.00","11.33"
"115/08/27","114","4","2441","超豐","11474881.00","16554121.00","28029002.00","3589259.00","285715.00","3874974.00","5688459.00","--","2775.00","17091073.00","1369887.00","--","24152194.00","--","--","1834.00","24154028.00","--","0.00","0.00","42.46"
"115/08/27","114","4","2442","新美齊","23091884.00","2335974.00","25427858.00","16312790.00","1307400.00","17620190.00","2752321.00","--","211611.00","3279726.00","-56842.00","--","6186816.00","--","--","1620852.00","7807668.00","0.00","0.00","0.00","22.48"
"115/08/27","114","4","2444","兆勁","1064055.00","761072.00","1825127.00","546837.00","482157.00","1028994.00","1015696.00","--","142333.00","-356565.00","-10331.00","0.00","791133.00","0.00","--","5000.00","796133.00","--","0.00","0.00","7.79"
"115/08/27","114","4","2449","京元電子","28919291.00","72258660.00","101177951.00","15919138.00","34821064.00","50740202.00","12227451.00","--","5080949.00","28247357.00","4873563.00","--","50429320.00","--","--","8429.00","50437749.00","--","0.00","0.00","41.24"
"115/08/27","114","4","2450","神腦","7103734.00","3589800.00","10693534.00","3889511.00","355212.00","4244723.00","2582527.00","--","738199.00","3148517.00","-29116.00","--","6440127.00","--","--","8684.00","6448811.00","--","0.00","0.00","24.94"
"115/08/27","114","4","2451","創見","19684473.00","6541755.00","26226228.00","2972836.00","232432.00","3205268.00","4307017.00","--","2757673.00","15975162.00","-18892.00","--","23020960.00","--","--","--","23020960.00","0.00","0.00","0.00","53.45"
"115/08/27","114","4","2453","凌群","3781670.00","728922.00","4510592.00","2187001.00","76763.00","2263764.00","1000000.00","--","2245.00","1196124.00","37663.00","0.00","2236032.00","--","--","10796.00","2246828.00","0.00","0.00","0.00","22.36"
"115/08/27","114","4","2454","聯發科","397456191.00","346328614.00","743784805.00","303349808.00","31239976.00","334589784.00","16039122.00","--","34599724.00","319539036.00","30479076.00","-55970.00","400600988.00","--","--","8594033.00","409195021.00","--","0.00","7794085.00","250.98"
"115/08/27","114","4","2455","全新","2306884.00","2369771.00","4676655.00","778315.00","603644.00","1381959.00","1849059.00","--","29756.00","1462081.00","-46200.00","0.00","--","--","--","--","3294696.00","0.00","0.00","0.00","17.82"
"115/08/27","114","4","2457","飛宏","8312648.00","5660547.00","13973195.00","4665927.00","335192.00","5001119.00","4247724.00","--","4485122.00","465123.00","-225893.00","0.00","8972076.00","--","--","0.00","8972076.00","--","0.00","0.00","21.12"
"115/08/27","114","4","2458","義隆","8009641.00","7562055.00","15571696.00","3158020.00","1958154.00","5116174.00","3038804.00","0.00","1182307.00","6995705.00","-67318.00","-833375.00","10316123.00","0.00","--","139399.00","10455522.00","--","0.00","17557199.00","36.03"
"115/08/27","114","4","2459","敦吉","6557073.00","2811285.00","9368358.00","2340221.00","923269.00","3263490.00","1055956.00","--","181895.00","4318561.00","162240.00","--","5718652.00","--","--","386216.00","6104868.00","--","0.00","0.00","54.16"
"115/08/27","114","4","2460","建通","2840097.00","2132473.00","4972570.00","2950090.00","513182.00","3463272.00","1692000.00","--","295035.00","-396815.00","-80922.00","0.00","1509298.00","--","--","--","1509298.00","--","0.00","0.00","8.92"
"115/08/27","114","4","2461","光群雷","3996097.00","4011178.00","8007275.00","2973339.00","1236897.00","4210236.00","1743139.00","--","786103.00","746492.00","-222986.00","-49556.00","3003192.00","--","--","793847.00","3797039.00","--","0.00","2864000.00","17.52"
"115/08/27","114","4","2462","良得電","3313782.00","2546984.00","5860766.00","1878766.00","312046.00","2190812.00","1507844.00","--","591248.00","1371735.00","-194600.00","--","3276227.00","--","--","393727.00","3669954.00","0.00","0.00","0.00","21.73"
"115/08/27","114","4","2464","盟立","7567897.00","3727009.00","11294906.00","5850293.00","438942.00","6289235.00","2064512.00","--","1033553.00","1901580.00","-57385.00","--","4942260.00","--","--","63411.00","5005671.00","0.00","0.00","0.00","23.94"
"115/08/27","114","4","2465","麗臺","1148105.00","351157.00","1499262.00","356865.00","55795.00","412660.00","939460.00","--","363622.00","-218438.00","1958.00","--","1086602.00","--","--","0.00","1086602.00","0.00","0.00","0.00","11.57"
"115/08/27","114","4","2466","冠西電","833715.00","3449114.00","4282829.00","727498.00","1547922.00","2275420.00","1734587.00","--","303838.00","213697.00","-244713.00","--","2007409.00","--","--","--","2007409.00","--","0.00","0.00","11.57"
"115/08/27","114","4","2467","志聖","6800510.00","8512698.00","15313208.00","5060637.00","3263911.00","8324548.00","1567553.00","--","588506.00","1643995.00","2993610.00","-253897.00","6539767.00","--","--","448893.00","6988660.00","0.00","0.00","4468143.00","42.94"
"115/08/27","114","4","2468","華經","1741531.00","649792.00","2391323.00","1088958.00","27107.00","1116065.00","699612.00","--","62361.00","514262.00","-977.00","--","1275258.00","--","--","--","1275258.00","--","0.00","0.00","18.23"
"115/08/27","114","4","2471","資通","1295804.00","247056.00","1542860.00","522569.00","72129.00","594698.00","472539.00","--","156500.00","319396.00","-3985.00","--","944450.00","--","--","3712.00","948162.00","0.00","0.00","0.00","19.99"
"115/08/27","114","4","2472","立隆電","11369259.00","6838396.00","18207655.00","3623303.00","786802.00","4410105.00","1647351.00","--","2057664.00","5388533.00","-616.00","--","9092932.00","--","--","4704618.00","13797550.00","0.00","0.00","0.00","55.20"
"115/08/27","114","4","2474","可成","114372320.00","113645300.00","228017620.00","74443113.00","7379295.00","81822408.00","5921691.00","--","15576725.00","126087934.00","-3854876.00","-886617.00","142844857.00","--","--","3350355.00","146195212.00","--","0.00","4301000.00","242.99"
"115/08/27","114","4","2476","鉅祥","8925111.00","4209700.00","13134811.00","2387447.00","1183345.00","3570792.00","2177532.00","--","1253983.00","5282352.00","167368.00","--","8881235.00","--","--","682784.00","9564019.00","--","1132296.00","0.00","40.79"
"115/08/27","114","4","2477","美隆電","5445408.00","2859571.00","8304979.00","2212048.00","1561025.00","3773073.00","1585732.00","--","6284.00","2605683.00","-727.00","--","4196972.00","--","--","334934.00","4531906.00","--","0.00","0.00","26.47"
"115/08/27","114","4","2478","大毅","5764957.00","4426492.00","10191449.00","2141501.00","916036.00","3057537.00","1447313.00","--","1525472.00","4426849.00","-298367.00","-87880.00","7013387.00","--","--","120525.00","7133912.00","--","0.00","2000000.00","49.14"
"115/08/27","114","4","2480","敦陽科","6891371.00","1172202.00","8063573.00","4476730.00","66540.00","4543270.00","1063603.00","--","166514.00","2288424.00","1762.00","0.00","3520303.00","--","--","0.00","3520303.00","0.00","0.00","0.00","33.10"
"115/08/27","114","4","2481","強茂","15762527.00","13756765.00","29519292.00","7518948.00","5873006.00","13391954.00","3821149.00","--","6136024.00","5121319.00","-405934.00","--","14672558.00","--","--","1454780.00","16127338.00","--","0.00","0.00","38.40"
"115/08/27","114","4","2482","連宇","941994.00","376946.00","1318940.00","209354.00","22706.00","232060.00","778827.00","--","147988.00","186871.00","-27114.00","--","1086572.00","--","--","308.00","1086880.00","--","0.00","0.00","13.95"
"115/08/27","114","4","2483","百容","1456840.00","2703619.00","4160459.00","965391.00","628672.00","1594063.00","1078898.00","--","227137.00","1137331.00","119114.00","-9223.00","2553257.00","--","--","13139.00","2566396.00","--","0.00","473000.00","23.77"
"115/08/27","114","4","2484","希華","2364436.00","2313962.00","4678398.00","576955.00","324270.00","901225.00","1594210.00","--","722762.00","1386045.00","68280.00","--","3771297.00","--","--","5876.00","3777173.00","--","0.00","0.00","23.66"
"115/08/27","114","4","2485","兆赫","3949738.00","2592636.00","6542374.00","1202994.00","54597.00","1257591.00","3176890.00","--","549692.00","1501390.00","-111512.00","--","5116460.00","--","--","168323.00","5284783.00","0.00","0.00","0.00","16.11"
"115/08/27","114","4","2486","一詮","5630982.00","6757211.00","12388193.00","2588176.00","4317741.00","6905917.00","2339586.00","--","2883445.00","255347.00","-136567.00","-154397.00","5187414.00","--","--","294862.00","5482276.00","0.00","0.00","2000000.00","22.36"
"115/08/27","114","4","2488","漢平","2933990.00","871532.00","3805522.00","756715.00","241074.00","997789.00","799994.00","--","34071.00","2020808.00","-47140.00","--","2807733.00","--","--","--","2807733.00","0.00","0.00","0.00","35.10"
"115/08/27","114","4","2489","瑞軒","16434206.00","5057609.00","21491815.00","7552491.00","398845.00","7951336.00","6100000.00","--","2261663.00","5257566.00","-242158.00","--","13377071.00","--","--","163408.00","13540479.00","0.00","0.00","0.00","21.93"
"115/08/27","114","4","2491","吉祥全","1543893.00","136915.00","1680808.00","305505.00","42093.00","347598.00","820080.00","--","82271.00","26923.00","0.00","--","929274.00","--","--","403936.00","1333210.00","0.00","0.00","0.00","11.33"
"115/08/27","114","4","2492","華新科","33441880.00","70984812.00","104426692.00","22283858.00","19352865.00","41636723.00","4858048.00","--","3137789.00","38521047.00","5757026.00","-236380.00","52037530.00","--","--","10752439.00","62789969.00","--","0.00","1000000.00","107.34"
"115/08/27","114","4","2493","揚博","4108617.00","1282559.00","5391176.00","1978485.00","167206.00","2145691.00","1267965.00","--","322023.00","1547035.00","108462.00","--","3245485.00","--","--","--","3245485.00","0.00","0.00","0.00","25.60"
"115/08/27","114","4","2495","普安","6600242.00","766774.00","7367016.00","2712130.00","67248.00","2779378.00","2735515.00","--","88876.00","1748696.00","14551.00","--","4587638.00","--","--","0.00","4587638.00","0.00","0.00","0.00","16.77"
"115/08/27","114","4","2496","卓越","504403.00","983839.00","1488242.00","519648.00","76658.00","596306.00","191004.00","--","295443.00","400267.00","72.00","0.00","886786.00","--","--","5150.00","891936.00","--","0.00","0.00","46.43"
"115/08/27","114","4","2497","怡利電","2849235.00","1490025.00","4339260.00","1728699.00","255232.00","1983931.00","1180877.00","--","441082.00","685238.00","48132.00","0.00","2355329.00","--","--","--","2355329.00","--","0.00","0.00","19.95"
"115/08/27","114","4","2498","宏達電","14429472.00","24025237.00","38454709.00","9463557.00","2394461.00","11858018.00","8360211.00","--","16340444.00","5179943.00","-3283907.00","--","26596691.00","--","--","--","26596691.00","--","0.00","0.00","31.81"
"115/08/27","114","4","2501","國建","66487782.00","24402972.00","90890754.00","42769891.00","15244228.00","58014119.00","11595611.00","--","170920.00","16829076.00","2102827.00","--","30698434.00","--","--","2178201.00","32876635.00","--","0.00","0.00","26.47"
"115/08/27","114","4","2504","國產","13278348.00","33379405.00","46657753.00","9036351.00","9287222.00","18323573.00","11800000.00","--","1228298.00","14051277.00","9046.00","-4789.00","27083832.00","--","--","1250348.00","28334180.00","--","0.00","3116108.00","23.01"
"115/08/27","114","4","2505","國揚","19969135.00","2744763.00","22713898.00","11519368.00","129273.00","11648641.00","3800000.00","--","627683.00","6542120.00","-74970.00","--","10894833.00","--","--","170424.00","11065257.00","0.00","0.00","0.00","28.67"
"115/08/27","114","4","2506","太設","8910912.00","5731347.00","14642259.00","4281389.00","639663.00","4921052.00","3870000.00","--","409909.00","2909809.00","802482.00","-193207.00","7798993.00","--","--","1922214.00","9721207.00","--","0.00","25443994.00","21.57"
"115/08/27","114","4","2509","全坤建","10903527.00","2728454.00","13631981.00","8939337.00","487278.00","9426615.00","2245505.00","--","541438.00","1171013.00","-45597.00","--","3912359.00","--","--","293007.00","4205366.00","0.00","0.00","0.00","17.42"
"115/08/27","114","4","2511","太子","21016716.00","26130742.00","47147458.00","5388669.00","15814414.00","21203083.00","16233261.00","--","2260513.00","5606767.00","1655615.00","-1003.00","25755153.00","--","--","189222.00","25944375.00","0.00","0.00","655424.00","15.87"
"115/08/27","114","4","2514","龍邦","14975640.00","23930768.00","38906408.00","10114651.00","7791597.00","17906248.00","3947293.00","--","224909.00","9286359.00","-157738.00","-614333.00","12686490.00","--","--","8313670.00","21000160.00","--","0.00","36608592.00","35.43"
"115/08/27","114","4","2515","中工","58648089.00","9084386.00","67732475.00","27405802.00","17598907.00","45004709.00","16079041.00","--","96532.00","7960980.00","-1537754.00","--","22598799.00","--","--","128967.00","22727766.00","--","0.00","0.00","14.05"
"115/08/27","114","4","2516","新建","6352023.00","1621664.00","7973687.00","5792253.00","130165.00","5922418.00","2262785.00","--","13156.00","-314420.00","89748.00","--","2051269.00","--","--","--","2051269.00","0.00","0.00","0.00","9.07"
"115/08/27","114","4","2520","冠德","52646088.00","12195644.00","64841732.00","28246463.00","7050170.00","35296633.00","6094871.00","--","1530269.00","16918197.00","-28453.00","-98702.00","24416182.00","--","--","5128917.00","29545099.00","--","0.00","13865008.00","40.99"
"115/08/27","114","4","2524","京城","39056675.00","843330.00","39900005.00","14280257.00","4593303.00","18873560.00","3659835.00","--","34228.00","17332382.00","0.00","0.00","21026445.00","--","--","--","21026445.00","0.00","0.00","0.00","57.45"
"115/08/27","114","4","2527","宏璟","15908455.00","17067193.00","32975648.00","12029188.00","3430977.00","15460165.00","2703060.00","--","388635.00","4289438.00","10225281.00","-455812.00","17150602.00","--","--","364881.00","17515483.00","--","0.00","8547695.00","65.52"
"115/08/27","114","4","2528","皇普","21655367.00","804663.00","22460030.00","11484102.00","3085585.00","14569687.00","4340264.00","--","1634607.00","1915472.00","0.00","--","--","--","--","--","7890343.00","--","0.00","0.00","18.18"
"115/08/27","114","4","2530","華建","30448102.00","249673.00","30697775.00","19069681.00","1324008.00","20393689.00","8412557.00","--","1030625.00","638398.00","4167.00","--","10085747.00","--","--","218339.00","10304086.00","--","0.00","0.00","12.01"
"115/08/27","114","4","2534","宏盛","16900057.00","14712012.00","31612069.00","12593972.00","3963118.00","16557090.00","4742280.00","--","2342166.00","7988496.00","27859.00","-45822.00","15054979.00","--","--","--","15054979.00","--","0.00","1227150.00","31.83"
"115/08/27","114","4","2535","達欣工","28254874.00","2266807.00","30521681.00","15959429.00","3879598.00","19839027.00","2707940.00","--","2418002.00","5362667.00","-24473.00","-124076.00","10340060.00","--","--","342594.00","10682654.00","--","0.00","10902228.00","39.79"
"115/08/27","114","4","2536","宏普","37845988.00","3376111.00","41222099.00","23856833.00","3781444.00","27638277.00","3328087.00","--","2042348.00","7288191.00","0.00","0.00","12658626.00","0.00","--","925196.00","13583822.00","--","0.00","0.00","38.04"
"115/08/27","114","4","2537","聯上發","17978310.00","545814.00","18524124.00","13249063.00","840698.00","14089761.00","3005579.00","--","564882.00","863902.00","0.00","--","--","--","--","--","4434363.00","--","0.00","0.00","14.75"
"115/08/27","114","4","2538","基泰","16829892.00","904176.00","17734068.00","11962744.00","54349.00","12017093.00","4450255.00","--","58597.00","1406576.00","-198453.00","--","5716975.00","--","--","0.00","5716975.00","--","0.00","0.00","12.85"
"115/08/27","114","4","2539","櫻花建","32382031.00","98743.00","32480774.00","12339423.00","2231096.00","14570519.00","11931025.00","--","95361.00","5883869.00","0.00","--","17910255.00","--","--","0.00","17910255.00","--","0.00","0.00","15.01"
"115/08/27","114","4","2540","愛山林","54428386.00","5895997.00","60324383.00","38275613.00","5621972.00","43897585.00","9448741.00","--","5578596.00","1399461.00","0.00","0.00","16426798.00","--","--","0.00","16426798.00","--","0.00","0.00","17.39"
"115/08/27","114","4","2542","興富發","250721466.00","25482562.00","276204028.00","187440800.00","25740435.00","213181235.00","21730835.00","0.00","9318055.00","22671543.00","368.00","-966562.00","52754239.00","0.00","--","10268554.00","63022793.00","0.00","0.00","61145835.00","24.98"
"115/08/27","114","4","2543","皇昌","9788164.00","10643259.00","20431423.00","8268691.00","1835501.00","10104192.00","5323839.00","--","3298326.00","1458354.00","0.00","-143139.00","9937380.00","--","--","389851.00","10327231.00","--","0.00","2359000.00","18.75"
"115/08/27","114","4","2545","皇翔","41540903.00","18776724.00","60317627.00","26045697.00","19333321.00","45379018.00","3797348.00","--","1532566.00","9608695.00","--","--","14938609.00","--","--","--","14938609.00","--","0.00","0.00","39.34"
"115/08/27","114","4","2546","根基","14234292.00","945046.00","15179338.00","8807137.00","338839.00","9145976.00","1305242.00","--","519017.00","3986523.00","222360.00","--","6033142.00","--","--","220.00","6033362.00","0.00","0.00","0.00","46.22"
"115/08/27","114","4","2547","日勝生","19937389.00","43545604.00","63482993.00","20797462.00","27281574.00","48079036.00","10350946.00","--","396180.00","3532964.00","-3984.00","--","14276106.00","--","--","1127851.00","15403957.00","--","0.00","0.00","13.79"
"115/08/27","114","4","2548","華固","51759382.00","2497699.00","54257081.00","23397185.00","8437311.00","31834496.00","3197187.00","--","820040.00","18363152.00","35743.00","-850.00","22415272.00","--","--","7313.00","22422585.00","0.00","0.00","201378.00","70.15"
"115/08/27","114","4","2597","潤弘","15091227.00","11849801.00","26941028.00","11681090.00","4231251.00","15912341.00","3107160.00","--","846204.00","4553116.00","559811.00","--","9066291.00","--","--","1962396.00","11028687.00","0.00","0.00","0.00","29.18"
"115/08/27","114","4","2601","益航","3094638.00","8686658.00","11781296.00","3096129.00","1238224.00","4334353.00","8247761.00","--","355902.00","-1699874.00","460686.00","--","7364475.00","0.00","--","82468.00","7446943.00","--","0.00","0.00","8.93"
"115/08/27","114","4","2603","長榮","233728195.00","660603981.00","894332176.00","146353474.00","161754971.00","308108445.00","21650430.00","--","20344716.00","502181391.00","19641592.00","--","563818129.00","--","--","22405602.00","586223731.00","0.00","0.00","0.00","260.42"
"115/08/27","114","4","2605","新興","8763500.00","13250534.00","22014034.00","4534891.00","13078.00","4547969.00","5853533.00","--","165886.00","11920296.00","-473650.00","--","17466065.00","--","--","--","17466065.00","--","0.00","0.00","29.84"
"115/08/27","114","4","2606","裕民","27640910.00","59780111.00","87421021.00","15340876.00","33200800.00","48541676.00","8450557.00","--","115845.00","26398568.00","3914375.00","--","38879345.00","--","--","0.00","38879345.00","--","0.00","0.00","46.01"
"115/08/27","114","4","2607","榮運","14577750.00","27730430.00","42308180.00","4617585.00","6826235.00","11443820.00","5335705.00","--","4268891.00","16579901.00","4345212.00","--","30529709.00","--","--","334651.00","30864360.00","0.00","0.00","0.00","57.22"
"115/08/27","114","4","2608","嘉里大榮","3956471.00","20633774.00","24590245.00","3376824.00","8009397.00","11386221.00","4670005.00","--","2308.00","7743308.00","82491.00","--","12498112.00","--","--","705912.00","13204024.00","--","0.00","0.00","26.76"
"115/08/27","114","4","2609","陽明","207161946.00","247066424.00","454228370.00","44069017.00","83557400.00","127626417.00","34921043.00","--","27975030.00","263161704.00","-207107.00","--","325850670.00","--","--","751283.00","326601953.00","--","0.00","0.00","93.31"
"115/08/27","114","4","2610","華航","86902257.00","267921660.00","354823917.00","95442655.00","156841044.00","252283699.00","60853733.00","--","5892301.00","31098554.00","-229921.00","-30875.00","97583792.00","--","--","4956426.00","102540218.00","--","0.00","2074628.00","16.04"
"115/08/27","114","4","2611","志信","2694260.00","1332399.00","4026659.00","379894.00","747868.00","1127762.00","1890023.00","--","41258.00","809184.00","-25653.00","--","2714812.00","--","--","184085.00","2898897.00","--","0.00","0.00","14.36"
"115/08/27","114","4","2612","中航","3946712.00","22374642.00","26321354.00","2854224.00","9939572.00","12793796.00","1974846.00","--","53412.00","11449974.00","29750.00","0.00","13507982.00","0.00","--","19576.00","13527558.00","0.00","0.00","0.00","68.40"
"115/08/27","114","4","2613","中櫃","1651175.00","8565829.00","10217004.00","1459889.00","5442896.00","6902785.00","1484235.00","--","150466.00","2104832.00","36838.00","-476647.00","3299724.00","--","--","14495.00","3314219.00","0.00","0.00","11146894.00","24.04"
"115/08/27","114","4","2614","東森","5019894.00","16279749.00","21299643.00","4067819.00","10834725.00","14902544.00","3272650.00","--","0.00","1083409.00","-58172.00","--","4297887.00","--","--","2099212.00","6397099.00","--","0.00","0.00","13.13"
"115/08/27","114","4","2615","萬海","142303955.00","266949711.00","409253666.00","32671631.00","100834877.00","133506508.00","28061464.00","--","1271775.00","231620487.00","14363481.00","--","275317207.00","--","--","429951.00","275747158.00","--","0.00","0.00","98.11"
"115/08/27","114","4","2616","山隆","2431173.00","5976398.00","8407571.00","3322690.00","2400749.00","5723439.00","1372818.00","--","589896.00","300503.00","396313.00","-31863.00","2627667.00","--","--","56465.00","2684132.00","0.00","0.00","1353454.00","19.33"
"115/08/27","114","4","2617","台航","3748743.00","22659811.00","26408554.00","1877823.00","6690840.00","8568663.00","4172945.00","--","334382.00","11070579.00","2261985.00","--","17839891.00","--","--","--","17839891.00","--","0.00","0.00","42.75"
"115/08/27","114","4","2618","長榮航","105401646.00","259420131.00","364821777.00","84880608.00","132721285.00","217601893.00","54004443.00","--","12798994.00","70860717.00","633507.00","--","138297661.00","--","--","8922223.00","147219884.00","--","0.00","0.00","25.61"
"115/08/27","114","4","2630","亞航","4514684.00","1202186.00","5716870.00","1757194.00","410848.00","2168042.00","2094382.00","--","1090004.00","362368.00","2074.00","--","3548828.00","--","--","--","3548828.00","--","0.00","0.00","16.94"
"115/08/27","114","4","2633","台灣高鐵","25552617.00","355249899.00","380802516.00","26373772.00","281655981.00","308029753.00","56282930.00","--","172981.00","16316852.00","--","--","--","--","--","--","72772763.00","0.00","0.00","0.00","12.93"
"115/08/27","114","4","2634","漢翔","39979601.00","13945028.00","53924629.00","28776839.00","7305226.00","36082065.00","9418671.00","--","18251.00","8386180.00","19462.00","--","17842564.00","--","--","--","17842564.00","--","0.00","0.00","18.94"
"115/08/27","114","4","2636","台驊控股","19848630.00","2672694.00","22521324.00","11769797.00","701039.00","12470836.00","1418352.00","--","2652819.00","5871926.00","263239.00","-364768.00","9841568.00","--","--","208920.00","10050488.00","0.00","0.00","4874000.00","71.86"
"115/08/27","114","4","2637","慧洋-KY","7784787.00","73449028.00","81233815.00","7967943.00","25068058.00","33036001.00","7464092.00","--","34548.00","32954087.00","7745087.00","0.00","48197814.00","--","--","--","48197814.00","0.00","0.00","0.00","64.57"
"115/08/27","114","4","2642","宅配通","1322025.00","2722665.00","4044690.00","876222.00","1116186.00","1992408.00","954670.00","--","300082.00","338295.00","459235.00","--","2052282.00","--","--","--","2052282.00","0.00","0.00","0.00","21.50"
"115/08/27","114","4","2645","長榮航太","12675307.00","10848287.00","23523594.00","4250327.00","5711905.00","9962232.00","3745709.00","--","2138093.00","7652013.00","25547.00","--","--","--","--","--","13561362.00","0.00","0.00","0.00","36.21"
"115/08/27","114","4","2646","星宇航空","22330402.00","114967158.00","137297560.00","20168535.00","85732737.00","105901272.00","30087350.00","--","2044685.00","272608.00","-1008355.00","--","--","--","--","--","31396288.00","--","0.00","0.00","10.44"
"115/08/27","114","4","2701","萬企","1978649.00","7659174.00","9637823.00","147300.00","1126879.00","1274179.00","4499678.00","--","--","2959759.00","904207.00","--","--","--","--","--","8363644.00","--","0.00","0.00","18.59"
"115/08/27","114","4","2702","華園","2444654.00","4235955.00","6680609.00","1154275.00","2292196.00","3446471.00","1566133.00","--","2169.00","1609602.00","56234.00","--","3234138.00","--","--","--","3234138.00","0.00","0.00","0.00","20.65"
"115/08/27","114","4","2704","國賓","21353171.00","11922746.00","33275917.00","3724454.00","3945873.00","7670327.00","3669234.00","--","2996851.00","6102085.00","12832805.00","0.00","25600975.00","--","--","4615.00","25605590.00","0.00","0.00","0.00","69.77"
"115/08/27","114","4","2705","六福","570337.00","15224619.00","15794956.00","4901798.00","5865759.00","10767557.00","1913128.00","--","31372.00","-304564.00","3387463.00","--","5027399.00","--","--","--","5027399.00","--","0.00","0.00","26.28"
"115/08/27","114","4","2706","第一店","3074540.00","8584850.00","11659390.00","136564.00","1399567.00","1536131.00","4999984.00","--","76031.00","3800836.00","1246408.00","--","--","--","--","--","10123259.00","0.00","0.00","0.00","20.25"
"115/08/27","114","4","2707","晶華","3838331.00","6366022.00","10204353.00","2651433.00","3207568.00","5859001.00","1274032.00","--","222383.00","2925046.00","-281476.00","--","4139985.00","--","--","205367.00","4345352.00","0.00","0.00","0.00","32.50"
"115/08/27","114","4","2712","遠雄來","98969.00","1575254.00","1674223.00","336436.00","311495.00","647931.00","1050000.00","--","108392.00","-132100.00","--","--","--","--","--","--","1026292.00","0.00","0.00","0.00","9.77"
"115/08/27","114","4","2722","夏都","774919.00","2826756.00","3601675.00","499111.00","507484.00","1006595.00","1431697.00","--","593410.00","428878.00","-91303.00","--","2362682.00","--","--","232398.00","2595080.00","--","0.00","0.00","16.50"
"115/08/27","114","4","2723","美食-KY","6194990.00","11241867.00","17436857.00","4990723.00","2348218.00","7338941.00","1800000.00","--","2376605.00","6191862.00","-282524.00","--","10085943.00","--","--","11973.00","10097916.00","--","0.00","0.00","56.03"
"115/08/27","114","4","2727","王品","8369989.00","9019638.00","17389627.00","8100771.00","4244724.00","12345495.00","844511.00","--","1910299.00","2291791.00","-79628.00","-259879.00","4707094.00","--","--","337038.00","5044132.00","--","0.00","1592000.00","56.81"
"115/08/27","114","4","2731","雄獅","9795356.00","2728816.00","12524172.00","6441090.00","848400.00","7289490.00","932777.00","--","1514869.00","2622736.00","-115124.00","--","4955258.00","--","--","279424.00","5234682.00","--","0.00","0.00","53.12"
"115/08/27","114","4","2739","寒舍","1666434.00","10166871.00","11833305.00","2432061.00","7787606.00","10219667.00","915260.00","--","423489.00","269601.00","5288.00","--","1613638.00","--","--","--","1613638.00","0.00","0.00","0.00","17.63"
"115/08/27","114","4","2748","雲品","2454732.00","2531947.00","4986679.00","1343223.00","605048.00","1948271.00","1057787.00","--","1236779.00","666811.00","77031.00","--","3038408.00","--","--","--","3038408.00","--","0.00","0.00","28.72"
"115/08/27","114","4","2753","八方雲集","2999198.00","5227192.00","8226390.00","1748520.00","2324654.00","4073174.00","666448.00","--","1076754.00","2048567.00","7727.00","--","3799496.00","--","--","353720.00","4153216.00","--","0.00","0.00","57.01"
"115/08/27","114","4","2762","世界健身-KY","1868871.00","16866554.00","18735425.00","6262554.00","9580276.00","15842830.00","1125000.00","--","1837117.00","278247.00","-3553.00","-344216.00","2892595.00","--","--","--","2892595.00","0.00","0.00","3278000.00","26.48"
"115/08/27","114","4","2901","欣欣","495575.00","584789.00","1080364.00","64539.00","131509.00","196048.00","730433.00","--","503.00","153380.00","0.00","0.00","--","--","--","--","884316.00","0.00","0.00","0.00","12.11"
"115/08/27","114","4","2903","遠百","26668021.00","113883407.00","140551428.00","47115123.00","57072545.00","104187668.00","14169406.00","--","3343600.00","8654899.00","5036349.00","-97110.00","31107144.00","--","--","5256616.00","36363760.00","--","0.00","8207004.00","22.08"
"115/08/27","114","4","2904","匯僑","213569.00","1579033.00","1792602.00","221546.00","281518.00","503064.00","778344.00","--","87206.00","412798.00","10757.00","--","1289105.00","--","--","433.00","1289538.00","0.00","0.00","0.00","16.56"
"115/08/27","114","4","2906","高林","5538510.00","7560795.00","13099305.00","4158760.00","2380623.00","6539383.00","2091167.00","--","294047.00","1103996.00","-168201.00","--","3321009.00","--","--","3238913.00","6559922.00","0.00","0.00","0.00","15.88"
"115/08/27","114","4","2908","特力","17951609.00","20462634.00","38414243.00","14516718.00","15125719.00","29642437.00","5098875.00","--","195060.00","1859516.00","-166964.00","0.00","6986487.00","--","--","1785319.00","8771806.00","--","0.00","0.00","13.70"
"115/08/27","114","4","2910","統領","1044583.00","5328213.00","6372796.00","658706.00","2956290.00","3614996.00","1754030.00","--","0.00","1062721.00","-58951.00","0.00","2757800.00","--","--","0.00","2757800.00","0.00","0.00","0.00","15.72"
"115/08/27","114","4","2911","麗嬰房","1840376.00","848780.00","2689156.00","1349425.00","470798.00","1820223.00","1051260.00","--","202524.00","-333409.00","-144043.00","--","776332.00","--","--","92601.00","868933.00","--","0.00","0.00","7.38"
"115/08/27","114","4","2912","統一超","94547458.00","198083170.00","292630628.00","120598789.00","119105276.00","239704065.00","10396223.00","--","91958.00","31293729.00","779527.00","--","42561437.00","--","--","10365126.00","52926563.00","--","0.00","0.00","40.94"
"115/08/27","114","4","2913","農林","1191679.00","20143190.00","21334869.00","585338.00","8330232.00","8915570.00","7900000.00","--","2197948.00","2371840.00","-50489.00","--","--","--","--","--","12419299.00","--","0.00","0.00","15.72"
"115/08/27","114","4","2915","潤泰全","5600366.00","113201006.00","118801372.00","1344090.00","11917986.00","13262076.00","11043188.00","--","28311688.00","105203144.00","-41037611.00","-552479.00","102967930.00","--","--","2571366.00","105539296.00","0.00","0.00","36593388.00","96.44"
"115/08/27","114","4","2923","鼎固-KY","44513221.00","72952929.00","117466150.00","16588209.00","54246423.00","70834632.00","17402970.00","--","192146.00","29813380.00","-3153799.00","--","44254697.00","--","--","2376821.00","46631518.00","--","0.00","0.00","25.43"
"115/08/27","114","4","2929","淘帝-KY","3567150.00","225424.00","3792574.00","742339.00","309364.00","1051703.00","1094938.00","--","1517887.00","526995.00","-398949.00","0.00","2740871.00","--","--","--","2740871.00","--","0.00","0.00","25.03"
"115/08/27","114","4","2939","永邑-KY","625116.00","189720.00","814836.00","40673.00","211545.00","252218.00","455487.00","--","334206.00","-221313.00","-5762.00","--","562618.00","--","--","0.00","562618.00","--","0.00","0.00","12.35"
"115/08/27","114","4","2945","三商家購","2274355.00","4024936.00","6299291.00","2482130.00","1647124.00","4129254.00","675000.00","--","1055235.00","262940.00","0.00","--","1993175.00","--","--","176862.00","2170037.00","0.00","0.00","0.00","29.53"
"115/08/27","114","4","3002","歐格","1634475.00","259722.00","1894197.00","174504.00","302388.00","476892.00","1020000.00","--","26555.00","239864.00","-936.00","-507.00","1284976.00","--","--","132329.00","1417305.00","--","0.00","41000.00","12.60"
"115/08/27","114","4","3003","健和興","6326376.00","1809604.00","8135980.00","1165643.00","401219.00","1566862.00","1556549.00","--","27281.00","5016488.00","-116073.00","--","6484245.00","--","--","84873.00","6569118.00","--","0.00","0.00","41.66"
"115/08/27","114","4","3004","豐達科","3981584.00","4076201.00","8057785.00","2489761.00","1928988.00","4418749.00","642584.00","--","1269878.00","1709707.00","16867.00","--","3639036.00","0.00","--","0.00","3639036.00","0.00","0.00","0.00","56.63"
"115/08/27","114","4","3005","神基","33148454.00","16998796.00","50147250.00","15938806.00","4897476.00","20836282.00","6224787.00","--","4128578.00","14799802.00","943101.00","--","26096268.00","--","--","3214700.00","29310968.00","0.00","0.00","0.00","41.92"
"115/08/27","114","4","3006","晶豪科","14293602.00","2503350.00","16796952.00","5541652.00","1091764.00","6633416.00","2861722.00","--","510673.00","7147009.00","-69220.00","-163122.00","10287062.00","--","--","-123526.00","10163536.00","--","0.00","14000000.00","37.80"
"115/08/27","114","4","3008","大立光","154285459.00","66501561.00","220787020.00","29748503.00","170572.00","29919075.00","1334682.00","--","1564701.00","185818052.00","1772969.00","-1623219.00","188867185.00","--","--","2000760.00","190867945.00","0.00","0.00","670000.00","1422.21"
"115/08/27","114","4","3010","華立","38075098.00","18804028.00","56879126.00","23024890.00","7820069.00","30844959.00","2594368.00","--","3847560.00","15734162.00","1701482.00","--","23877572.00","--","--","2156595.00","26034167.00","--","0.00","0.00","92.04"
"115/08/27","114","4","3011","今皓","683072.00","1935934.00","2619006.00","400644.00","877361.00","1278005.00","1251468.00","--","26483.00","-244688.00","290394.00","--","1323657.00","--","--","17344.00","1341001.00","--","0.00","0.00","10.58"
"115/08/27","114","4","3013","晟銘電","6020737.00","3613008.00","9633745.00","3677621.00","754793.00","4432414.00","2051389.00","--","765025.00","2345995.00","38922.00","0.00","5201331.00","--","--","0.00","5201331.00","--","0.00","0.00","25.36"
"115/08/27","114","4","3014","聯陽","6625431.00","2535126.00","9160557.00","1970064.00","132909.00","2102973.00","1660201.00","--","1650089.00","3748469.00","-845.00","-330.00","7057584.00","--","--","0.00","7057584.00","0.00","0.00","33000.00","42.52"
"115/08/27","114","4","3015","全漢","10984153.00","8170156.00","19154309.00","5616906.00","585581.00","6202487.00","1872620.00","--","862067.00","5890546.00","3900833.00","0.00","12526066.00","--","--","425756.00","12951822.00","0.00","0.00","0.00","66.89"
"115/08/27","114","4","3016","嘉晶","3891214.00","3011833.00","6903047.00","1046902.00","916505.00","1963407.00","2885418.00","--","1650774.00","406225.00","-2777.00","--","4939640.00","--","--","--","4939640.00","0.00","0.00","0.00","17.12"
"115/08/27","114","4","3017","奇鋐","126176263.00","33960262.00","160136525.00","97495418.00","12076466.00","109571884.00","3982728.00","--","2728481.00","38534463.00","-644905.00","--","44600767.00","--","--","5963874.00","50564641.00","--","1466050.00","0.00","113.73"
"115/08/27","114","4","3018","隆銘綠能","987133.00","263540.00","1250673.00","677678.00","10795.00","688473.00","753777.00","--","6959.00","-181505.00","-17031.00","--","562200.00","--","--","0.00","562200.00","0.00","0.00","0.00","7.46"
"115/08/27","114","4","3019","亞光","23388151.00","4019971.00","27408122.00","9644294.00","355706.00","10000000.00","2792439.00","--","5486514.00","6617965.00","-23437.00","--","14873481.00","--","--","2534641.00","17408122.00","0.00","0.00","0.00","53.26"
"115/08/27","114","4","3021","鴻名","2488620.00","752488.00","3241108.00","1449182.00","137739.00","1586921.00","948900.00","--","7661.00","713191.00","-75025.00","0.00","1594727.00","--","--","59460.00","1654187.00","0.00","0.00","0.00","16.81"
"115/08/27","114","4","3022","威強電","9653287.00","5464629.00","15117916.00","2591917.00","1146545.00","3738462.00","1765978.00","--","1134964.00","8765866.00","-476503.00","--","11190305.00","--","--","189149.00","11379454.00","0.00","0.00","0.00","63.37"
"115/08/27","114","4","3023","信邦","25801676.00","6187458.00","31989134.00","14635272.00","866462.00","15501734.00","2400690.00","--","3470929.00","10602783.00","-267480.00","--","16206922.00","--","--","280478.00","16487400.00","--","0.00","0.00","67.51"
"115/08/27","114","4","3024","憶聲","2435801.00","2312628.00","4748429.00","1656786.00","104551.00","1761337.00","2771575.00","--","1602.00","661516.00","-447601.00","--","2987092.00","--","--","--","2987092.00","0.00","0.00","0.00","10.78"
"115/08/27","114","4","3025","星通","1026797.00","259069.00","1285866.00","357054.00","42468.00","399522.00","567365.00","--","43953.00","277879.00","-2853.00","--","886344.00","--","--","--","886344.00","--","0.00","0.00","15.62"
"115/08/27","114","4","3026","禾伸堂","11723733.00","4464699.00","16188432.00","4931619.00","857495.00","5789114.00","1658903.00","--","3159439.00","5442381.00","-112953.00","--","10147770.00","--","--","251548.00","10399318.00","--","0.00","0.00","61.17"
"115/08/27","114","4","3027","盛達","1380804.00","1466719.00","2847523.00","457796.00","95009.00","552805.00","1301184.00","--","704643.00","202322.00","-38885.00","-24677.00","2144587.00","--","--","150131.00","2294718.00","--","17800.00","1126000.00","16.63"
"115/08/27","114","4","3028","增你強","22219969.00","1210094.00","23430063.00","16929039.00","198683.00","17127722.00","2372412.00","--","1345992.00","2291644.00","292293.00","--","6302341.00","--","--","--","6302341.00","0.00","0.00","0.00","26.57"
"115/08/27","114","4","3029","零壹","12391437.00","2767154.00","15158591.00","7162448.00","989992.00","8152440.00","1670052.00","--","2210623.00","1829137.00","39135.00","--","5748947.00","--","--","1257204.00","7006151.00","--","0.00","0.00","34.42"
"115/08/27","114","4","3030","德律","7736336.00","4420018.00","12156354.00","2242068.00","310388.00","2552456.00","2362160.00","--","70742.00","7199058.00","-28062.00","--","9603898.00","--","--","--","9603898.00","0.00","0.00","0.00","40.66"
"115/08/27","114","4","3031","佰鴻","1977816.00","1564905.00","3542721.00","439112.00","99866.00","538978.00","1732032.00","--","439039.00","804344.00","-52201.00","0.00","2923214.00","--","--","80529.00","3003743.00","--","0.00","0.00","16.88"
"115/08/27","114","4","3032","偉訓","11873621.00","8522306.00","20395927.00","14453591.00","2522068.00","16975659.00","1132856.00","--","637189.00","682833.00","38218.00","0.00","2491096.00","--","--","929172.00","3420268.00","--","0.00","0.00","21.99"
"115/08/27","114","4","3033","威健","43362938.00","792038.00","44154976.00","30024444.00","3415348.00","33439792.00","4802812.00","--","2665769.00","3125552.00","121051.00","--","10715184.00","--","--","--","10715184.00","--","0.00","0.00","22.31"
"115/08/27","114","4","3034","聯詠","73540335.00","23825674.00","97366009.00","19851367.00","9775395.00","29626762.00","6085115.00","--","2375054.00","57297565.00","1981513.00","--","67739247.00","--","--","--","67739247.00","--","0.00","0.00","111.32"
"115/08/27","114","4","3035","智原","11200551.00","7731695.00","18932246.00","4684523.00","718923.00","5403446.00","2605503.00","--","4325263.00","5165720.00","959874.00","--","13056360.00","--","--","472440.00","13528800.00","0.00","0.00","0.00","50.11"
"115/08/27","114","4","3036","文曄","464077827.00","63482363.00","527560190.00","369977067.00","39644816.00","409621883.00","14004308.00","--","66447413.00","38948814.00","-1737516.00","--","117663019.00","--","--","275288.00","117938307.00","0.00","0.00","0.00","84.07"
"115/08/27","114","4","3037","欣興","105297620.00","150493992.00","255791612.00","75454571.00","73329964.00","148784535.00","17003031.00","--","16271023.00","66376818.00","1037660.00","-119230.00","100569302.00","--","--","6437775.00","107007077.00","0.00","14715771.00","1001935.00","65.16"
"115/08/27","114","4","3038","全台","2961205.00","926774.00","3887979.00","740044.00","528085.00","1268129.00","1574076.00","--","82045.00","1205658.00","-120826.00","-159396.00","2581557.00","--","--","38293.00","2619850.00","0.00","0.00","10394388.00","17.56"
"115/08/27","114","4","3040","遠見","1183890.00","798206.00","1982096.00","46778.00","383539.00","430317.00","661271.00","--","148429.00","811930.00","-69851.00","--","1551779.00","--","--","--","1551779.00","--","0.00","0.00","23.47"
"115/08/27","114","4","3041","揚智","1660876.00","2280723.00","3941599.00","1308020.00","1170849.00","2478869.00","1402237.00","--","421820.00","-433126.00","14939.00","0.00","1405870.00","--","--","56860.00","1462730.00","--","0.00","0.00","10.03"
"115/08/27","114","4","3042","晶技","12948729.00","8870774.00","21819503.00","4069338.00","1713370.00","5782708.00","3429930.00","--","4622037.00","8605888.00","-474100.00","-264017.00","15919738.00","--","--","117057.00","16036795.00","--","0.00","3000000.00","46.82"
"115/08/27","114","4","3043","科風","809746.00","1048383.00","1858129.00","982628.00"1384.00","--","517440.00","-862960.00","-345520.00","0.00","-345520.00","--","--","-345520.00","-290041.00","--","-635561.00","--","--","--","--","--","--","-0.11"
"115/08/27","115","2","2701","萬企","128931.00","25711.00","--","--","103220.00","--","--","103220.00","17819.00","--","85401.00","78440.00","163841.00","32512.00","131329.00","--","--","131329.00","109803.00","--","241132.00","--","--","--","--","--","--","0.29"
"115/08/27","115","2","2702","華園","738866.00","80328.00","--","--","658538.00","--","--","658538.00","582299.00","--","76239.00","-27536.00","48703.00","541.00","48162.00","--","--","48162.00","24143.00","--","72305.00","48162.00","--","--","72305.00","--","--","0.31"
"115/08/27","115","2","2704","國賓","705490.00","493309.00","--","--","212181.00","--","--","212181.00","190685.00","--","21496.00","802436.00","823932.00","211941.00","611991.00","--","--","611991.00","6540294.00","--","7152285.00","611688.00","--","303.00","7151982.00","--","303.00","1.67"
"115/08/27","115","2","2705","六福","1037572.00","751671.00","--","--","285901.00","--","--","285901.00","289998.00","--","-4097.00","-82299.00","-86396.00","0.00","-86396.00","--","--","-86396.00","444.00","--","-85952.00","-86396.00","--","--","-85952.00","--","--","-0.45"
"115/08/27","115","2","2706","第一店","178161.00","42143.00","--","--","136018.00","--","--","136018.00","15970.00","--","120048.00","101592.00","221640.00","45374.00","176266.00","--","--","176266.00","150959.00","--","327225.00","--","--","--","--","--","--","0.35"
"115/08/27","115","2","2707","晶華","3610518.00","2353886.00","--","--","1256632.00","--","--","1256632.00","271832.00","--","984800.00","399776.00","1384576.00","275434.00","1109142.00","--","--","1109142.00","19638.00","--","1128780.00","1098842.00","--","10300.00","1118480.00","--","10300.00","8.62"
"115/08/27","115","2","2712","遠雄來","257541.00","212117.00","--","--","45424.00","--","--","45424.00","69176.00","--","-23752.00","1837.00","-21915.00","127.00","-22042.00","--","--","-22042.00","--","--","-22042.00","--","--","--","--","--","--","-0.21"
"115/08/27","115","2","2722","夏都","278754.00","202266.00","--","--","76488.00","--","--","76488.00","132953.00","-3.00","-56468.00","-1543.00","-58011.00","606.00","-58617.00","--","--","-58617.00","310544.00","--","251927.00","-50267.00","--","-8350.00","117586.00","--","134341.00","-0.35"
"115/08/27","115","2","2727","王品","12917657.00","6765165.00","--","--","6152492.00","--","--","6152492.00","5113852.00","--","1038640.00","-11360.00","1027280.00","201486.00","825794.00","--","--","825794.00","77574.00","--","903368.00","816918.00","--","8876.00","879756.00","--","23612.00","9.86"
"115/08/27","115","2","2731","雄獅","16461055.00","13971962.00","--","--","2489093.00","--","--","2489093.00","1759276.00","--","729817.00","135814.00","865631.00","178076.00","687555.00","--","--","687555.00","-2171.00","--","685384.00","678347.00","--","9208.00","677145.00","--","8239.00","7.27"
"115/08/27","115","2","2739","寒舍","2691736.00","1604479.00","--","--","1087257.00","--","--","1087257.00","790015.00","44101.00","341343.00","-38773.00","302570.00","52308.00","250262.00","--","--","250262.00","9127.00","--","259389.00","250262.00","--","--","259389.00","--","--","2.73"
"115/08/27","115","2","2748","雲品","1312985.00","894939.00","--","--","418046.00","--","--","418046.00","266840.00","--","151206.00","68.00","151274.00","30514.00","120760.00","--","--","120760.00","-20144.00","--","100616.00","120760.00","--","--","100616.00","--","--","1.14"
"115/08/27","115","2","2753","八方雲集","4596176.00","2940028.00","--","--","1656148.00","--","--","1656148.00","1099776.00","--","556372.00","-5702.00","550670.00","114433.00","436237.00","--","--","436237.00","13374.00","--","449611.00","466992.00","--","-30755.00","475167.00","--","-25556.00","7.01"
"115/08/27","115","2","2901","欣欣","66647.00","8661.00","--","--","57986.00","--","--","57986.00","46072.00","--","11914.00","8067.00","19981.00","3996.00","15985.00","--","--","15985.00","0.00","--","15985.00","--","--","--","--","--","--","0.22"
"115/08/27","115","2","2903","遠百","15962920.00","6522652.00","--","--","9440268.00","--","--","9440268.00","7196885.00","--","2243383.00","-806778.00","1436605.00","610549.00","826056.00","--","--","826056.00","-101556.00","--","724500.00","777526.00","--","48530.00","699585.00","--","24915.00","0.55"
"115/08/27","115","2","2904","匯僑","207979.00","155740.00","--","--","52239.00","--","--","52239.00","43560.00","--","8679.00","398.00","9077.00","-1942.00","11019.00","--","--","11019.00","4019.00","--","15038.00","11022.00","--","-3.00","15041.00","--","-3.00","0.14"
"115/08/27","115","2","2906","高林","4304162.00","2986851.00","--","--","1317311.00","--","--","1317311.00","1187444.00","--","129867.00","156702.00","286569.00","76745.00","209824.00","--","--","209824.00","118781.00","--","328605.00","101888.00","--","107936.00","214069.00","--","114536.00","0.49"
"115/08/27","115","2","2908","特力","17875548.00","12336519.00","--","--","5539029.00","--","--","5539029.00","5035981.00","--","503048.00","196884.00","699932.00","139158.00","560774.00","--","--","560774.00","135330.00","--","696104.00","517831.00","--","42943.00","643979.00","--","52125.00","1.02"
"115/08/27","115","2","2910","統領","279786.00","37891.00","--","--","241895.00","0.00","0.00","241895.00","88680.00","--","153215.00","50615.00","203830.00","25042.00","178788.00","--","--","178788.00","13504.00","--","192292.00","178788.00","--","0.00","192292.00","--","0.00","1.02"
"115/08/27","115","2","2911","麗嬰房","859389.00","494036.00","--","--","365353.00","--","--","365353.00","506807.00","--","-141454.00","124334.00","-17120.00","-10359.00","-6761.00","--","--","-6761.00","556276.00","--","549515.00","-17455.00","--","10694.00","539029.00","--","10486.00","-0.17"
"115/08/27","115","2","2912","統一超","180703389.00","118211845.00","--","--","62491544.00","--","--","62491544.00","54873023.00","--","7618521.00","1710046.00","9328567.00","2009375.00","7319192.00","--","--","7319192.00","1430421.00","--","8749613.00","6265139.00","--","1054053.00","7772692.00","--","976921.00","6.03"
"115/08/27","115","2","2913","農林","220707.00","140452.00","--","--","80255.00","--","--","80255.00","97224.00","--","-16969.00","-62827.00","-79796.00","-26.00","-79770.00","--","--","-79770.00","--","--","-79770.00","--","--","--","--","--","--","-0.10"
"115/08/27","115","2","2915","潤泰全","985891.00","519152.00","--","--","466739.00","--","--","466739.00","399388.00","--","67351.00","9433440.00","9500791.00","61911.00","9438880.00","--","--","9438880.00","62097593.00","--","71536473.00","9349119.00","--","89761.00","71780292.00","--","-243819.00","8.96"
"115/08/27","115","2","2923","鼎固-KY","4272973.00","1976098.00","--","--","2296875.00","--","--","2296875.00","326143.00","-1369450.00","601282.00","38328.00","639610.00","480140.00","159470.00","--","--","159470.00","2459119.00","--","2618589.00","-197917.00","--","357387.00","2261202.00","--","357387.00","-0.11"
"115/08/27","115","2","2945","三商家購","8915469.00","6527606.00","--","--","2387863.00","--","--","2387863.00","2324497.00","--","63366.00","-15909.00","47457.00","11525.00","35932.00","--","--","35932.00","--","--","35932.00","38341.00","--","-2409.00","38341.00","--","-2409.00","0.57"
"115/08/27","115","2","3002","歐格","413953.00","377951.00","--","--","36002.00","--","--","36002.00","81886.00","--","-45884.00","31755.00","-14129.00","-6360.00","-7769.00","--","--","-7769.00","35059.00","--","27290.00","3323.00","--","-11092.00","33339.00","--","-6049.00","0.03"
"115/08/27","115","2","3003","健和興","2876806.00","2198400.00","--","--","678406.00","--","--","678406.00","389378.00","--","289028.00","54696.00","343724.00","105647.00","238077.00","--","--","238077.00","28419.00","--","266496.00","226716.00","--","11361.00","258675.00","--","7821.00","1.46"
"115/08/27","115","2","3004","豐達科","2590139.00","1964615.00","--","--","625524.00","--","--","625524.00","284602.00","--","340922.00","-26399.00","314523.00","56160.00","258363.00","--","--","258363.00","33968.00","--","292331.00","258363.00","--","0.00","292331.00","--","0.00","4.01"
"115/08/27","115","2","3005","神基","20820908.00","14281823.00","--","--","6539085.00","--","--","6539085.00","3345561.00","--","3193524.00","241830.00","3435354.00","598871.00","2836483.00","--","--","2836483.00","901152.00","--","3737635.00","2660369.00","--","176114.00","3506603.00","--","231032.00","4.27"
"115/08/27","115","2","3006","晶豪科","21213118.00","8179056.00","--","--","13034062.00","--","--","13034062.00","3606465.00","--","9427597.00","257265.00","9684862.00","1715907.00","7968955.00","--","--","7968955.00","9329.00","--","7978284.00","7971616.00","--","-2661.00","7980945.00","--","-2661.00","27.58"
"115/08/27","115","2","3008","大立光","29208838.00","14776335.00","--","--","14432503.00","--","--","14432503.00","3472280.00","--","10960223.00","2426892.00","13387115.00","2485095.00","10902020.00","--","--","10902020.00","3538009.00","--","14440029.00","10793182.00","--","108838.00","14327893.00","--","112136.00","82.35"
"115/08/27","115","2","3010","華立","45683039.00","41917374.00","--","--","3765665.00","--","--","3765665.00","1919796.00","--","1845869.00","412930.00","2258799.00","512040.00","1746759.00","--","--","1746759.00","3374932.00","--","5121691.00","1539553.00","--","207206.00","4860541.00","--","261150.00","5.93"
"115/08/27","115","2","3011","今皓","267668.00","255662.00","--","--","12006.00","--","--","12006.00","195829.00","--","-183823.00","-26825.00","-210648.00","-12728.00","-197920.00","--","--","-197920.00","161006.00","--","-36914.00","-195726.00","--","-2194.00","-54095.00","--","17181.00","-1.56"
"115/08/27","115","2","3013","晟銘電","6147745.00","4867708.00","--","--","1280037.00","--","--","1280037.00","459381.00","--","820656.00","-62033.00","758623.00","187719.00","570904.00","--","--","570904.00","25738.00","--","596642.00","570904.00","--","0.00","596642.00","--","0.00","2.78"
"115/08/27","115","2","3014","聯陽","3569479.00","1527287.00","--","--","2042192.00","--","--","2042192.00","1025487.00","--","1016705.00","90731.00","1107436.00","160450.00","946986.00","--","--","946986.00","652743.00","--","1599729.00","946986.00","--","0.00","1599729.00","--","0.00","5.88"
"115/08/27","115","2","3015","全漢","6284874.00","5143756.00","--","--","1141118.00","--","1245.00","1142363.00","1106854.00","--","35509.00","236309.00","271818.00","46816.00","225002.00","--","--","225002.00","2691231.00","--","2916233.00","202351.00","--","22651.00","2892899.00","--","23334.00","1.08"
"115/08/27","115","2","3016","嘉晶","2367626.00","1872478.00","--","--","495148.00","--","--","495148.00","161459.00","--","333689.00","20827.00","354516.00","66187.00","288329.00","--","--","288329.00","-180.00","--","288149.00","288329.00","--","--","288149.00","--","--","1.00"
"115/08/27","115","2","3017","奇鋐","98158910.00","67562811.00","--","--","30596099.00","--","--","30596099.00","5099450.00","--","25496649.00","417441.00","25914090.00","6961196.00","18952894.00","--","--","18952894.00","1457445.00","--","20410339.00","17482966.00","--","1469928.00","18733276.00","--","1677063.00","44.54"
"115/08/27","115","2","3018","隆銘綠能","155900.00","181884.00","--","--","-25984.00","--","--","-25984.00","75901.00","--","-101885.00","-61312.00","-163197.00","238.00","-163435.00","--","--","-163435.00","-437.00","--","-163872.00","-163435.00","--","0.00","-163872.00","--","0.00","-2.17"
"115/08/27","115","2","3019","亞光","14237685.00","11687129.00","--","--","2550556.00","--","--","2550556.00","1261412.00","--","1289144.00","-59328.00","1229816.00","252513.00","977303.00","--","--","977303.00","514320.00","--","1491623.00","830887.00","--","146416.00","1274673.00","--","216950.00","2.98"
"115/08/27","115","2","3021","鴻名","1469618.00","1175223.00","--","--","294395.00","--","--","294395.00","207295.00","--","87100.00","-9833.00","77267.00","38563.00","38704.00","--","--","38704.00","11554.00","--","50258.00","43756.00","--","-5052.00","57400.00","--","-7142.00","0.46"
"115/08/27","115","2","3022","威強電","4081564.00","2943764.00","--","--","1137800.00","334.00","82.00","1137548.00","873453.00","--","264095.00","316138.00","580233.00","-3426.00","583659.00","--","--","583659.00","257669.00","--","841328.00","581707.00","--","1952.00","839376.00","--","1952.00","3.29"
"115/08/27","115","2","3023","信邦","17311456.00","13065616.00","--","--","4245840.00","--","--","4245840.00","2350784.00","--","1895056.00","309943.00","2204999.00","432017.00","1772982.00","--","--","1772982.00","589453.00","--","2362435.00","1768440.00","--","4542.00","2353078.00","--","9357.00","7.37"
"115/08/27","115","2","3024","憶聲","460391.00","332572.00","--","--","127819.00","--","--","127819.00","124796.00","--","3023.00","18380.00","21403.00","6169.00","15234.00","--","--","15234.00","61639.00","--","76873.00","15234.00","--","--","76873.00","--","--","0.05"
"115/08/27","115","2","3025","星通","258581.00","92710.00","--","--","165871.00","--","--","165871.00","121961.00","--","43910.00","27190.00","71100.00","-208.00","71308.00","--","--","71308.00","-9.00","--","71299.00","71308.00","--","0.00","71299.00","--","0.00","1.26"
"115/08/27","115","2","3026","禾伸堂","7715738.00","5765963.00","--","--","1949775.00","--","--","1949775.00","839915.00","--","1109860.00","221249.00","1331109.00","263189.00","1067920.00","--","--","1067920.00","29891.00","--","1097811.00","1116406.00","--","-48486.00","1146367.00","--","-48556.00","6.73"
"115/08/27","115","2","3027","盛達","702374.00","532457.00","--","--","169917.00","6636.00","--","163281.00","195872.00","--","-32591.00","25825.00","-6766.00","9250.00","-16016.00","--","--","-16016.00","2919.00","--","-13097.00","-7376.00","--","-8640.00","-4537.00","--","-8560.00","-0.06"
"115/08/27","115","2","3028","增你強","37224984.00","34140715.00","--","--","3084269.00","--","--","3084269.00","1355908.00","--","1728361.00","-180264.00","1548097.00","304761.00","1243336.00","--","--","1243336.00","419558.00","--","1662894.00","1243336.00","--","--","1662894.00","--","--","5.24"
"115/08/27","115","2","3029","零壹","14119278.00","12377431.00","--","--","1741847.00","--","--","1741847.00","849091.00","--","892756.00","67607.00","960363.00","195597.00","764766.00","--","--","764766.00","-29243.00","--","735523.00","604049.00","--","160717.00","574413.00","--","161110.00","3.63"
"115/08/27","115","2","3030","德律","5387967.00","2186726.00","--","--","3201241.00","--","--","3201241.00","1121996.00","--","2079245.00","77914.00","2157159.00","418649.00","1738510.00","--","--","1738510.00","44029.00","--","1782539.00","1738510.00","--","--","1782539.00","--","--","7.36"
"115/08/27","115","2","3031","佰鴻","642458.00","463136.00","--","--","179322.00","--","--","179322.00","119815.00","--","59507.00","56694.00","116201.00","19387.00","96814.00","--","--","96814.00","47547.00","--","144361.00","98137.00","--","-1323.00","142254.00","--","2107.00","0.57"
"115/08/27","115","2","3032","偉訓","5548893.00","4235540.00","--","--","1313353.00","--","--","1313353.00","763709.00","--","549644.00","-189927.00","359717.00","114577.00","245140.00","--","--","245140.00","296584.00","--","541724.00","209643.00","--","35497.00","425716.00","--","116008.00","1.85"
"115/08/27","115","2","3033","威健","68486502.00","64203747.00","--","--","4282755.00","--","--","4282755.00","1785071.00","--","2497684.00","-313925.00","2183759.00","537963.00","1645796.00","--","--","1645796.00","118312.00","--","1764108.00","1645796.00","--","--","1764108.00","--","--","3.38"
"115/08/27","115","2","3034","聯詠","51805401.00","30608699.00","--","--","21196702.00","--","--","21196702.00","10703223.00","--","10493479.00","1677619.00","12171098.00","2076126.00","10094972.00","0.00","--","10094972.00","5122605.00","--","15217577.00","10094972.00","--","0.00","15217577.00","--","0.00","16.59"
"115/08/27","115","2","3035","智原","5902036.00","3179056.00","--","--","2722980.00","--","--","2722980.00","2356474.00","--","366506.00","194416.00","560922.00","140315.00","420607.00","--","--","420607.00","4153884.00","--","4574491.00","302262.00","--","118345.00","4436480.00","--","138011.00","1.16"
"115/08/27","115","2","3036","文曄","1084966618.00","1047780275.00","--","--","37186343.00","--","--","37186343.00","14248921.00","--","22937422.00","-1687896.00","21249526.00","4529234.00","16720292.00","--","--","16720292.00","6329259.00","--","23049551.00","16722070.00","--","-1778.00","23040758.00","--","8793.00","13.00"
"115/08/27","115","2","3037","欣興","80336273.00","62972093.00","--","--","17364180.00","--","--","17364180.00","7999167.00","42773.00","9407786.00","12466846.00","21874632.00","3151507.00","18723125.00","--","--","18723125.00","1392075.00","--","20115200.00","18157914.00","--","565211.00","19355632.00","--","759568.00","11.70"
"115/08/27","115","2","3038","全台","1448820.00","1132254.00","--","--","316566.00","--","--","316566.00","264087.00","2993.00","55472.00","44979.00","100451.00","8096.00","92355.00","--","--","92355.00","136755.00","--","229110.00","92355.00","--","0.00","229030.00","--","80.00","0.64"
"115/08/27","115","2","3040","遠見","65783.00","26006.00","--","--","39777.00","--","--","39777.00","33893.00","--","5884.00","2012.00","7896.00","14182.00","-6286.00","--","--","-6286.00","32317.00","--","26031.00","-6286.00","--","--","26031.00","--","--","-0.10"
"115/08/27","115","2","3041","揚智","829827.00","405787.00","--","--","424040.00","--","--","424040.00","580471.00","-2128.00","-158559.00","-12707.00","-171266.00","-3312.00","-167954.00","--","--","-167954.00","16313.00","--","-151641.00","-96973.00","--","-70981.00","-88504.00","--","-63137.00","-0.69"
"115/08/27","115","2","3042","晶技","7037996.00","4733718.00","--","--","2304278.00","--","--","2304278.00","1178383.00","--","1125895.00","97421.00","1223316.00","214527.00","1008789.00","--","--","1008789.00","460525.00","--","1469314.00","1005706.00","--","3083.00","1470677.00","--","-1363.00","2.96"
"115/08/27","115","2","3043","科風","443864.00","333842.00","--","--","110022.00","--","--","110022.00","101339.00","--","8683.00","10557.00","19240.00","1755.00","17485.00","--","--","17485.00","-98789.00","--","-81304.00","19169.00","--","-1684.00","-77626.00","--","-3678.00","0.49"
"115/08/27","115","2","3044","健鼎","45821630.00","32783947.00","--","--","13037683.00","--","--","13037683.00","3607233.00","--","9430450.00","357300.00","9787750.00","2945021.00","6842729.00","--","--","6842729.00","1463493.00","--","8306222.00","6842643.00","--","86.00","8306136.00","--","86.00","13.02"
"115/08/27","115","2","3045","台灣大","99210679.00","77521993.00","--","--","21688686.00","--","--","21688686.00","10231352.00","594613.00","12051947.00","-334097.00","11717850.00","2280895.00","9436955.00","--","--","9436955.00","62990.00","--","9499945.00","8685140.00","--","751815.00","8761804.00","--","738141.00","2.86"
"115/08/27","115","2","3046","建��","4291920.00","3918152.00","--","--","373768.00","--","--","373768.00","139856.00","--","233912.00","25629.00","259541.00","44511.00","215030.00","--","--","215030.00","24539.00","--","239569.00","215592.00","--","-562.00","239934.00","--","-365.00","2.75"
"115/08/27","115","2","3047","訊舟","1542782.00","1153667.00","--","--","389115.00","--","--","389115.00","542836.00","--","-153721.00","34032.00","-119689.00","13721.00","-133410.00","--","--","-133410.00","24985.00","--","-108425.00","-68673.00","--","-64737.00","-42203.00","--","-66222.00","-0.31"
"115/08/27","115","2","3048","益登","73004165.00","69946420.00","--","--","3057745.00","--","--","3057745.00","1415061.00","--","1642684.00","-571981.00","1070703.00","221867.00","848836.00","--","--","848836.00","1198468.00","--","2047304.00","848836.00","--","--","2047304.00","--","--","3.15"
"115/08/27","115","2","3049","精金","198992.00","110160.00","--","--","88832.00","--","--","88832.00","74362.00","--","14470.00","746116.00","760586.00","65581.00","695005.00","-65206.00","--","629799.00","770110.00","--","1399909.00","401666.00","--","228133.00","1152747.00","--","247162.00","0.51"
"115/08/27","115","2","3050","鈺德","582184.00","396898.00","--","--","185286.00","--","--","185286.00","203648.00","--","-18362.00","87962.00","69600.00","11277.00","58323.00","0.00","--","58323.00","-19732.00","--","38591.00","48456.00","0.00","9867.00","36395.00","0.00","2196.00","0.31"
"115/08/27","115","2","3051","力特","935499.00","612611.00","--","--","322888.00","--","--","322888.00","159207.00","--","163681.00","33176.00","196857.00","23561.00","173296.00","--","--","173296.00","783.00","--","174079.00","173296.00","--","--","174079.00","--","--","1.05"
"115/08/27","115","2","3052","夆典","1909647.00","1726707.00","--","--","182940.00","--","--","182940.00","86241.00","--","96699.00","25751.00","122450.00","-19139.00","141589.00","--","--","141589.00","-312.00","--","141277.00","139781.00","--","1808.00","139477.00","--","1800.00","0.69"
"115/08/27","115","2","3054","立萬利","339319.00","156421.00","--","--","182898.00","--","--","182898.00","53920.00","--","128978.00","125660.00","254638.00","20655.00","233983.00","--","--","233983.00","312454.00","--","546437.00","233983.00","--","--","546437.00","--","--","2.90"
"115/08/27","115","2","3055","蔚華科","246507.00","168191.00","--","--","78316.00","--","--","78316.00","205349.00","0.00","-127033.00","112877.00","-14156.00","-7095.00","-7061.00","--","--","-7061.00","-3434.00","--","-10495.00","-3745.00","--","-3316.00","-7179.00","--","-3316.00","-0.03"
"115/08/27","115","2","3056","富華新","525881.00","441230.00","--","--","84651.00","--","--","84651.00","134594.00","--","-49943.00","45695.00","-4248.00","18562.00","-22810.00","--","--","-22810.00","--","--","-22810.00","-22810.00","--","--","-22810.00","--","--","-0.05"
"115/08/27","115","2","3057","喬鼎","292482.00","163297.00","--","--","129185.00","--","--","129185.00","158258.00","--","-29073.00","-577.00","-29650.00","413.00","-30063.00","--","--","-30063.00","344.00","--","-29719.00","-30019.00","--","-44.00","-29678.00","--","-41.00","-0.46"
"115/08/27","115","2","3058","立德","1640138.00","1420174.00","--","--","219964.00","0.00","0.00","219964.00","301324.00","--","-81360.00","54248.00","-27112.00","5745.00","-32857.00","--","--","-32857.00","52361.00","--","19504.00","-28337.00","--","-4520.00","23995.00","--","-4491.00","-0.14"
"115/08/27","115","2","3059","華晶科","4380242.00","3269930.00","--","--","1110312.00","--","--","1110312.00","827359.00","--","282953.00","111842.00","394795.00","87118.00","307677.00","--","--","307677.00","275080.00","--","582757.00","195859.00","--","111818.00","469252.00","--","113505.00","0.64"
"115/08/27","115","2","3060","銘異","2245627.00","1902053.00","--","--","343574.00","--","--","343574.00","237414.00","--","106160.00","23954.00","130114.00","30123.00","99991.00","--","--","99991.00","31850.00","--","131841.00","93759.00","--","6232.00","125707.00","--","6134.00","0.68"
"115/08/27","115","2","3062","建漢","2001161.00","1949512.00","--","--","51649.00","--","--","51649.00","341746.00","--","-290097.00","-4117.00","-294214.00","-6688.00","-287526.00","--","--","-287526.00","22840.00","--","-264686.00","-287526.00","--","--","-264686.00","--","--","-0.88"
"115/08/27","115","2","3090","日電貿","9646164.00","7822199.00","--","--","1823965.00","--","--","1823965.00","655225.00","--","1168740.00","483307.00","1652047.00","240553.00","1411494.00","--","--","1411494.00","4728779.00","--","6140273.00","1388160.00","--","23334.00","6115602.00","--","24671.00","4.91"
"115/08/27","115","2","3092","鴻碩","831202.00","747272.00","--","--","83930.00","--","--","83930.00","292250.00","-3571.00","-211891.00","-3246.00","-215137.00","23476.00","-238613.00","--","--","-238613.00","35217.00","--","-203396.00","-233422.00","--","-5191.00","-198205.00","--","-5191.00","-2.19"
"115/08/27","115","2","3094","聯傑","110894.00","28121.00","--","--","82773.00","--","--","82773.00","68869.00","--","13904.00","22913.00","36817.00","4339.00","32478.00","--","--","32478.00","1546.00","--","34024.00","32478.00","--","--","34024.00","--","--","0.39"
"115/08/27","115","2","3130","一零四","1409168.00","179680.00","--","--","1229488.00","--","--","1229488.00","912722.00","--","316766.00","51414.00","368180.00","49691.00","318489.00","--","--","318489.00","24237.00","--","342726.00","318489.00","--","--","342726.00","--","--","9.60"
"115/08/27","115","2","3135","凌航","11262486.00","8744150.00","--","--","2518336.00","--","--","2518336.00","231357.00","--","2286979.00","-8870.00","2278109.00","456360.00","1821749.00","--","--","1821749.00","--","--","1821749.00","--","--","--","--","--","--","20.87"
"115/08/27","115","2","3138","耀登","844886.00","478198.00","--","--","366688.00","--","--","366688.00","359939.00","--","6749.00","12571.00","19320.00","-1533.00","20853.00","--","--","20853.00","37919.00","--","58772.00","21417.00","--","-564.00","59336.00","--","-564.00","0.41"
"115/08/27","115","2","3149","正達","1144409.00","1186726.00","--","--","-42317.00","--","--","-42317.00","157759.00","--","-200076.00","7871.00","-192205.00","0.00","-192205.00","--","--","-192205.00","3854.00","--","-188351.00","-192205.00","--","--","-188351.00","--","--","-0.85"
"115/08/27","115","2","3150","鈺寶-創","169770.00","93712.00","--","--","76058.00","--","--","76058.00","78901.00","--","-2843.00","3817.00","974.00","-379.00","1353.00","--","--","1353.00","2628.00","--","3981.00","--","--","--","--","--","--","0.03"
"115/08/27","115","2","3164","景岳","192502.00","83165.00","--","--","109337.00","--","--","109337.00","101821.00","--","7516.00","15426.00","22942.00","8280.00","14662.00","--","--","14662.00","33577.00","--","48239.00","19690.00","--","-5028.00","48230.00","--","9.00","0.23"
"115/08/27","115","2","3167","大量","4805427.00","2717545.00","--","--","2087882.00","--","--","2087882.00","911553.00","--","1176329.00","25121.00","1201450.00","376245.00","825205.00","--","--","825205.00","99514.00","--","924719.00","825239.00","--","-34.00","924753.00","--","-34.00","9.26"
"115/08/27","115","2","3168","眾福科","1889565.00","1456051.00","--","--","433514.00","0.00","324.00","433838.00","287548.00","--","146290.00","-56.00","146234.00","8848.00","137386.00","--","--","137386.00","23432.00","--","160818.00","107444.00","--","29942.00","131344.00","--","29474.00","1.43"
"115/08/27","115","2","3189","景碩","23601219.00","17990900.00","--","--","5610319.00","--","--","5610319.00","3041042.00","--","2569277.00","179497.00","2748774.00","189528.00","2559246.00","--","--","2559246.00","125159.00","--","2684405.00","1859785.00","--","699461.00","1965869.00","--","718536.00","3.74"
"115/08/27","115","2","3209","全科","34331720.00","32575391.00","--","--","1756329.00","--","--","1756329.00","742531.00","--","1013798.00","96188.00","1109986.00","344111.00","765875.00","--","--","765875.00","46736.00","--","812611.00","771271.00","--","-5396.00","818007.00","--","-5396.00","3.28"
"115/08/27","115","2","3229","晟鈦","755934.00","656273.00","--","--","99661.00","--","--","99661.00","32997.00","--","66664.00","15173.00","81837.00","-437.00","82274.00","--","--","82274.00","--","--","82274.00","82274.00","--","0.00","82274.00","--","0.00","1.28"
"115/08/27","115","2","3231","緯創","1741745642.00","1646988066.00","--","--","94757576.00","--","--","94757576.00","32173027.00","--","62584549.00","-7992733.00","54591816.00","12826863.00","41764953.00","--","--","41764953.00","6033415.00","--","47798368.00","24458222.00","--","17306731.00","29461235.00","--","18337133.00","7.78"
"115/08/27","115","2","3257","虹冠電","302276.00","173398.00","--","--","128878.00","--","--","128878.00","115086.00","--","13792.00","51794.00","65586.00","14097.00","51489.00","--","--","51489.00","14617.00","--","66106.00","51629.00","--","-140.00","66246.00","--","-140.00","0.65"
"115/08/27","115","2","3266","昇陽","1024116.00","848726.00","--","--","175390.00","--","--","175390.00","130869.00","--","44521.00","6419.00","50940.00","18732.00","32208.00","--","--","32208.00","0.00","--","32208.00","26621.00","--","5587.00","26621.00","--","5587.00","0.08"
"115/08/27","115","2","3296","勝德","821179.00","685096.00","--","--","136083.00","--","--","136083.00","151085.00","--","-15002.00","-1648.00","-16650.00","3104.00","-19754.00","--","--","-19754.00","41163.00","--","21409.00","-19754.00","--","--","21409.00","--","--","-0.20"
"115/08/27","115","2","3305","昇貿","7960699.00","6484064.00","--","--","1476635.00","--","--","1476635.00","562007.00","--","914628.00","-113053.00","801575.00","262559.00","539016.00","--","--","539016.00","97311.00","--","636327.00","537541.00","--","1475.00","634852.00","--","1475.00","3.84"
"115/08/27","115","2","3308","聯德","3132.00","1167.00","--","--","1965.00","--","--","1965.00","23821.00","--","-21856.00","56963.00","35107.00","4499.00","30608.00","--","--","30608.00","7663.00","--","38271.00","30608.00","--","--","38271.00","--","--","0.51"
"115/08/27","115","2","3311","閎暉","1184848.00","1054313.00","--","--","130535.00","--","--","130535.00","134644.00","--","-4109.00","90462.00","86353.00","1921.00","84432.00","--","--","84432.00","-7483.00","--","76949.00","84432.00","--","--","76949.00","--","--","0.84"
"115/08/27","115","2","3312","弘憶股","12216684.00","11576858.00","--","--","639826.00","--","--","639826.00","295920.00","--","343906.00","52945.00","396851.00","60390.00","336461.00","--","--","336461.00","12379.00","--","348840.00","336461.00","--","0.00","348840.00","--","0.00","1.84"
"115/08/27","115","2","3321","同泰","1133355.00","1037155.00","--","--","96200.00","--","--","96200.00","152966.00","--","-56766.00","-7471.00","-64237.00","3297.00","-67534.00","--","--","-67534.00","20973.00","--","-46561.00","-67534.00","--","--","-46561.00","--","--","-0.78"
"115/08/27","115","2","3338","泰碩","1887922.00","1550672.00","--","--","337250.00","--","--","337250.00","287163.00","--","50087.00","-3916.00","46171.00","5891.00","40280.00","--","--","40280.00","47665.00","--","87945.00","40280.00","--","--","87945.00","--","--","0.46"
"115/08/27","115","2","3346","麗清","3613739.00","3271135.00","--","--","342604.00","--","--","342604.00","488561.00","25.00","-145932.00","44576.00","-101356.00","1802.00","-103158.00","--","--","-103158.00","121569.00","--","18411.00","-103158.00","--","--","18411.00","--","--","-0.86"
"115/08/27","115","2","3356","奇偶","561321.00","287924.00","--","--","273397.00","--","--","273397.00","256911.00","--","16486.00","639710.00","656196.00","33089.00","623107.00","--","--","623107.00","4210.00","--","627317.00","623430.00","--","-323.00","627614.00","--","-297.00","7.80"
"115/08/27","115","2","3376","新日興","4984069.00","4390607.00","--","--","593462.00","--","--","593462.00","685408.00","--","-91946.00","177916.00","85970.00","-5670.00","91640.00","--","--","91640.00","42417.00","--","134057.00","91640.00","--","--","134057.00","--","--","0.47"
"115/08/27","115","2","3380","明泰","10480123.00","8588899.00","--","--","1891224.00","--","--","1891224.00","1952451.00","--","-61227.00","99293.00","38066.00","8347.00","29719.00","--","--","29719.00","270870.00","--","300589.00","60957.00","--","-31238.00","320124.00","--","-19535.00","0.11"
"115/08/27","115","2","3406","玉晶光","11823117.00","7877983.00","--","--","3945134.00","--","--","3945134.00","1784870.00","--","2160264.00","-103336.00","2056928.00","471642.00","1585286.00","--","--","1585286.00","888458.00","--","2473744.00","1577080.00","--","8206.00","2467715.00","--","6029.00","13.99"
"115/08/27","115","2","3413","京鼎","11861137.00","9131392.00","--","--","2729745.00","--","--","2729745.00","1233264.00","--","1496481.00","-42114.00","1454367.00","381073.00","1073294.00","--","--","1073294.00","167864.00","--","1241158.00","983884.00","--","89410.00","1149046.00","--","92112.00","8.89"
"115/08/27","115","2","3416","融程電","2123231.00","1304786.00","--","--","818445.00","--","--","818445.00","444656.00","--","373789.00","40229.00","414018.00","69734.00","344284.00","--","--","344284.00","126330.00","--","470614.00","344640.00","--","-356.00","470918.00","--","-304.00","4.28"
"115/08/27","115","2","3419","譁裕","898415.00","786949.00","--","--","111466.00","--","--","111466.00","204736.00","-499.00","-93769.00","5026.00","-88743.00","0.00","-88743.00","--","--","-88743.00","17010.00","--","-71733.00","-88743.00","--","--","-71733.00","--","--","-0.74"
"115/08/27","115","2","3432","台端","145764.00","122038.00","--","--","23726.00","--","--","23726.00","40420.00","--","-16694.00","-485.00","-17179.00","0.00","-17179.00","--","--","-17179.00","3666.00","--","-13513.00","-17179.00","--","--","-13513.00","--","--","-0.41"
"115/08/27","115","2","3437","榮創","703897.00","695249.00","--","--","8648.00","--","--","8648.00","209442.00","--","-200794.00","39191.00","-161603.00","7265.00","-168868.00","--","--","-168868.00","349293.00","--","180425.00","-180893.00","--","12025.00","165973.00","--","14452.00","-1.25"
"115/08/27","115","2","3443","創意","25344369.00","19237045.00","--","--","6107324.00","--","--","6107324.00","2606800.00","--","3500524.00","180169.00","3680693.00","479196.00","3201497.00","--","--","3201497.00","31252.00","--","3232749.00","3201497.00","--","--","3232749.00","--","--","23.89"
"115/08/27","115","2","3447","展達","1678251.00","1522092.00","--","--","156159.00","--","--","156159.00","165709.00","--","-9550.00","47047.00","37497.00","6630.00","30867.00","--","--","30867.00","4289.00","--","35156.00","30867.00","--","--","35156.00","--","--","0.40"
"115/08/27","115","2","3450","聯鈞","5063522.00","3582305.00","--","--","1481217.00","--","--","1481217.00","558934.00","--","922283.00","42268.00","964551.00","284598.00","679953.00","--","--","679953.00","151535.00","--","831488.00","405553.00","--","274400.00","474396.00","--","357092.00","2.78"
"115/08/27","115","2","3481","群創","130344196.00","111449945.00","--","--","18894251.00","--","--","18894251.00","15762390.00","--","3131861.00","1081957.00","4213818.00","-2232103.00","6445921.00","--","--","6445921.00","5431607.00","--","11877528.00","6161018.00","--","284903.00","11542169.00","--","335359.00","0.77"
"115/08/27","115","2","3494","誠研","499914.00","430839.00","--","--","69075.00","--","--","69075.00","92844.00","--","-23769.00","-31781.00","-55550.00","0.00","-55550.00","--","--","-55550.00","515.00","--","-55035.00","-51978.00","--","-3572.00","-51463.00","--","-3572.00","-0.55"
"115/08/27","115","2","3501","維熹","2620394.00","2162994.00","--","--","457400.00","--","--","457400.00","321299.00","--","136101.00","-22305.00","113796.00","28464.00","85332.00","--","--","85332.00","233145.00","--","318477.00","85332.00","--","--","318477.00","--","--","0.72"
"115/08/27","115","2","3504","揚明光","1423232.00","1177005.00","--","--","246227.00","--","--","246227.00","268593.00","--","-22366.00","30405.00","8039.00","-3082.00","11121.00","--","--","11121.00","39531.00","--","50652.00","11121.00","--","--","50652.00","--","0.00","0.10"
"115/08/27","115","2","3515","華擎","23475447.00","19458542.00","--","--","4016905.00","--","--","4016905.00","2129092.00","--","1887813.00","85239.00","1973052.00","325230.00","1647822.00","--","--","1647822.00","82327.00","--","1730149.00","876501.00","--","771321.00","958817.00","--","771332.00","7.10"
"115/08/27","115","2","3518","柏騰","115321.00","141645.00","--","--","-26324.00","--","--","-26324.00","98448.00","--","-124772.00","419840.00","295068.00","11469.00","283599.00","-3999.00","--","279600.00","27583.00","--","307183.00","279600.00","--","--","307183.00","--","--","2.78"
"115/08/27","115","2","3528","安馳","6702604.00","5864613.00","--","--","837991.00","--","--","837991.00","266155.00","--","571836.00","-118333.00","453503.00","87991.00","365512.00","--","--","365512.00","71820.00","--","437332.00","--","--","--","--","--","--","5.48"
"115/08/27","115","2","3530","晶相光","1140324.00","886225.00","--","--","254099.00","--","--","254099.00","177031.00","--","77068.00","23458.00","100526.00","16857.00","83669.00","--","--","83669.00","2999.00","--","86668.00","83669.00","--","--","86668.00","--","--","1.08"
"115/08/27","115","2","3532","台勝科","6918905.00","6642344.00","--","--","276561.00","--","--","276561.00","286283.00","--","-9722.00","-12051.00","-21773.00","-1499.00","-20274.00","--","--","-20274.00","-5543.00","--","-25817.00","-20274.00","--","--","-25817.00","--","--","-0.05"
"115/08/27","115","2","3533","嘉澤","18896408.00","9924040.00","--","--","8972368.00","--","--","8972368.00","4161174.00","--","4811194.00","789916.00","5601110.00","1196213.00","4404897.00","--","--","4404897.00","1102122.00","--","5507019.00","4380989.00","--","23908.00","5477185.00","--","29834.00","39.04"
"115/08/27","115","2","3535","晶彩科","528731.00","289166.00","--","--","239565.00","--","--","239565.00","164920.00","--","74645.00","13302.00","87947.00","-515.00","88462.00","--","--","88462.00","1181.00","--","89643.00","88462.00","--","--","89643.00","--","--","1.12"
"115/08/27","115","2","3543","州巧","1663462.00","1487961.00","--","--","175501.00","--","--","175501.00","278604.00","--","-103103.00","57932.00","-45171.00","18594.00","-63765.00","--","--","-63765.00","76268.00","--","12503.00","-58619.00","--","-5146.00","10831.00","--","1672.00","-0.54"
"115/08/27","115","2","3545","敦泰","5228560.00","4045919.00","--","--","1182641.00","--","--","1182641.00","1492404.00","--","-309763.00","382954.00","73191.00","-63189.00","136380.00","--","--","136380.00","292907.00","--","429287.00","136380.00","--","0.00","429347.00","--","-60.00","0.64"
"115/08/27","115","2","3550","聯穎","2217952.00","1824345.00","--","--","393607.00","--","--","393607.00","319621.00","--","73986.00","13296.00","87282.00","16709.00","70573.00","--","--","70573.00","128936.00","--","199509.00","72321.00","--","-1748.00","201088.00","--","-1579.00","0.67"
"115/08/27","115","2","3557","嘉威","2395301.00","1544499.00","--","--","850802.00","--","--","850802.00","714339.00","--","136463.00","-60512.00","75951.00","18913.00","57038.00","--","--","57038.00","38695.00","--","95733.00","57038.00","--","--","95733.00","--","--","0.68"
"115/08/27","115","2","3563","牧德","1910611.00","754907.00","--","--","1155704.00","--","--","1155704.00","412800.00","--","742904.00","59653.00","802557.00","169991.00","632566.00","--","--","632566.00","13523.00","--","646089.00","626830.00","--","5736.00","638438.00","--","7651.00","9.80"
"115/08/27","115","2","3576","聯合再生","1278115.00","1567289.00","--","--","-289174.00","--","--","-289174.00","424494.00","--","-713668.00","2241554.00","1527886.00","11467.00","1516419.00","--","--","1516419.00","165576.00","--","1681995.00","1515947.00","--","472.00","1681522.00","--","473.00","0.93"
"115/08/27","115","2","3583","辛耘","6115365.00","3861812.00","--","--","2253553.00","--","2736.00","2256289.00","1348693.00","--","907596.00","50136.00","957732.00","198797.00","758935.00","--","--","758935.00","2745252.00","--","3504187.00","739005.00","--","19930.00","3486988.00","--","17199.00","9.16"
"115/08/27","115","2","3588","通嘉","831442.00","538870.00","--","--","292572.00","--","--","292572.00","229834.00","--","62738.00","14412.00","77150.00","16285.00","60865.00","--","--","60865.00","18088.00","--","78953.00","60865.00","--","--","78953.00","--","--","1.00"
"115/08/27","115","2","3591","艾笛森","1271933.00","1000101.00","--","--","271832.00","--","--","271832.00","225654.00","--","46178.00","2006.00","48184.00","15689.00","32495.00","--","--","32495.00","59144.00","--","91639.00","22758.00","--","9737.00","78455.00","--","13184.00","0.16"
"115/08/27","115","2","3592","瑞鼎","12258456.00","8950238.00","--","--","3308218.00","--","--","3308218.00","2667199.00","--","641019.00","88448.00","729467.00","95896.00","633571.00","--","--","633571.00","342755.00","--","976326.00","633571.00","--","--","976326.00","--","--","8.35"
"115/08/27","115","2","3593","力銘","329421.00","356172.00","--","--","-26751.00","--","--","-26751.00","57934.00","--","-84685.00","-4729.00","-89414.00","-1291.00","-88123.00","--","--","-88123.00","4620.00","--","-83503.00","-88123.00","--","--","-83503.00","--","--","-1.45"
"115/08/27","115","2","3596","智易","26666428.00","22621828.00","--","--","4044600.00","--","--","4044600.00","2293787.00","--","1750813.00","132475.00","1883288.00","451237.00","1432051.00","--","--","1432051.00","61948.00","--","1493999.00","1432548.00","--","-497.00","1494129.00","--","-130.00","6.50"
"115/08/27","115","2","3605","宏致","6171890.00","4619022.00","--","--","1552868.00","--","--","1552868.00","1159405.00","--","393463.00","8217.00","401680.00","93240.00","308440.00","--","--","308440.00","246324.00","--","554764.00","308425.00","--","15.00","554738.00","--","26.00","1.89"
"115/08/27","115","2","3607","谷崧","1431961.00","1234555.00","--","--","197406.00","--","--","197406.00","204587.00","--","-7181.00","15456.00","8275.00","79.00","8196.00","--","--","8196.00","63339.00","--","71535.00","8196.00","--","--","71535.00","--","--","0.07"
"115/08/27","115","2","3617","碩天","6270783.00","2591660.00","--","--","3679123.00","--","--","3679123.00","2279720.00","--","1399403.00","33220.00","1432623.00","356701.00","1075922.00","--","--","1075922.00","120601.00","--","1196523.00","1047144.00","--","28778.00","1166987.00","--","29536.00","11.12"
"115/08/27","115","2","3622","洋華","785134.00","489810.00","--","--","295324.00","--","--","295324.00","125417.00","--","169907.00","45163.00","215070.00","37418.00","177652.00","--","--","177652.00","415559.00","--","593211.00","166446.00","--","11206.00","582005.00","--","11206.00","1.10"
"115/08/27","115","2","3645","達邁","1244699.00","774591.00","--","--","470108.00","--","--","470108.00","205482.00","--","264626.00","15683.00","280309.00","79467.00","200842.00","--","--","200842.00","2878.00","--","203720.00","208372.00","--","-7530.00","211250.00","--","-7530.00","1.52"
"115/08/27","115","2","3652","精聯","1381656.00","903817.00","--","--","477839.00","--","--","477839.00","382129.00","--","95710.00","8805.00","104515.00","19877.00","84638.00","--","--","84638.00","1814.00","--","86452.00","84460.00","--","178.00","86334.00","--","118.00","1.12"
"115/08/27","115","2","3653","健策","12579732.00","6958191.00","--","--","5621541.00","--","--","5621541.00","1175790.00","--","4445751.00","170723.00","4616474.00","883229.00","3733245.00","--","--","3733245.00","220921.00","--","3954166.00","3716689.00","--","16556.00","3927905.00","--","26261.00","25.33"
"115/08/27","115","2","3661","世芯-KY","11826622.00","7063749.00","--","--","4762873.00","--","--","4762873.00","1748583.00","--","3014290.00","804662.00","3818952.00","753895.00","3065057.00","--","--","3065057.00","613992.00","--","3679049.00","3066460.00","--","-1403.00","3680452.00","--","-1403.00","37.57"
"115/08/27","115","2","3665","貿聯-KY","44144837.00","30988800.00","--","--","13156037.00","--","--","13156037.00","6037734.00","--","7118303.00","-177710.00","6940593.00","1686093.00","5254500.00","--","--","5254500.00","568254.00","--","5822754.00","5255609.00","--","-1109.00","5823907.00","--","-1153.00","26.94"
"115/08/27","115","2","3669","圓展","1402225.00","547092.00","--","--","855133.00","--","--","855133.00","709276.00","--","145857.00","10166.00","156023.00","25782.00","130241.00","--","--","130241.00","155794.00","--","286035.00","130241.00","--","--","286035.00","--","--","1.40"
"115/08/27","115","2","3679","新至陞","2081417.00","1459389.00","--","--","622028.00","--","--","622028.00","252356.00","--","369672.00","20560.00","390232.00","127114.00","263118.00","--","--","263118.00","156110.00","--","419228.00","263118.00","--","--","419228.00","--","--","4.18"
"115/08/27","115","2","3686","達能","44879.00","44764.00","--","--","115.00","--","--","115.00","12194.00","--","-12079.00","2392.00","-9687.00","0.00","-9687.00","--","--","-9687.00","--","--","-9687.00","-9687.00","--","--","-9687.00","--","--","-0.13"
"115/08/27","115","2","3694","海華","5908275.00","5059667.00","--","--","848608.00","--","--","848608.00","603752.00","--","244856.00","52306.00","297162.00","18692.00","278470.00","--","--","278470.00","47722.00","--","326192.00","278470.00","--","--","326192.00","--","--","1.82"
"115/08/27","115","2","3701","大眾控","4055854.00","3569773.00","--","--","486081.00","--","--","486081.00","837196.00","--","-351115.00","-79880.00","-430995.00","-62951.00","-368044.00","--","--","-368044.00","263966.00","--","-104078.00","-303515.00","--","-64529.00","-73914.00","--","-30164.00","-1.28"
"115/08/27","115","2","3702","大聯大","772711078.00","738311086.00","--","--","34399992.00","--","--","34399992.00","13975474.00","--","20424518.00","-1922802.00","18501716.00","3975081.00","14526635.00","--","--","14526635.00","2963524.00","--","17490159.00","14168686.00","--","357949.00","17106806.00","--","383353.00","8.42"
"115/08/27","115","2","3703","欣陸","13786035.00","11804722.00","--","--","1981313.00","--","--","1981313.00","1235425.00","--","745888.00","-68404.00","677484.00","184884.00","492600.00","--","--","492600.00","-27954.00","--","464646.00","471743.00","--","20857.00","437958.00","--","26688.00","0.57"
"115/08/27","115","2","3704","合勤控","15061489.00","11472573.00","--","--","3588916.00","--","--","3588916.00","2766730.00","--","822186.00","1590.00","823776.00","177140.00","646636.00","--","--","646636.00","51979.00","--","698615.00","630525.00","--","16111.00","682675.00","--","15940.00","1.55"
"115/08/27","115","2","3705","永信","3770546.00","2095303.00","--","--","1675243.00","--","--","1675243.00","1096362.00","--","578881.00","47550.00","626431.00","154789.00","471642.00","--","--","471642.00","53.00","--","471695.00","434857.00","--","36785.00","433181.00","--","38514.00","1.63"
"115/08/27","115","2","3706","神達","72818194.00","66137282.00","--","--","6680912.00","--","--","6680912.00","3797756.00","--","2883156.00","1118153.00","4001309.00","427235.00","3574074.00","--","--","3574074.00","7091962.00","--","10666036.00","3422109.00","--","151965.00","10496948.00","--","169088.00","2.58"
"115/08/27","115","2","3708","上緯投控","587942.00","473836.00","--","--","114106.00","--","--","114106.00","160024.00","--","-45918.00","159155.00","113237.00","208188.00","-94951.00","0.00","--","-94951.00","8581483.00","--","8486532.00","-81797.00","--","-13154.00","8497824.00","--","-11292.00","-0.87"
"115/08/27","115","2","3711","日月光投控","364725674.00","289757480.00","--","--","74968194.00","--","--","74968194.00","36341650.00","--","38626544.00","5234698.00","43861242.00","7801809.00","36059433.00","--","--","36059433.00","27513820.00","--","63573253.00","35199641.00","--","859792.00","61781509.00","--","1791744.00","8.04"
"115/08/27","115","2","3712","永崴投控","9520436.00","7915210.00","--","--","1605226.00","1245.00","2162.00","1606143.00","769504.00","--","836639.00","98928.00","935567.00","1006450.00","-70883.00","--","--","-70883.00","83147.00","--","12264.00","519172.00","--","-590055.00","695825.00","--","-683561.00","2.11"
"115/08/27","115","2","3714","富采","11569048.00","10298513.00","--","--","1270535.00","--","--","1270535.00","1975693.00","20067.00","-685091.00","1819776.00","1134685.00","17519.00","1117166.00","--","--","1117166.00","1496647.00","--","2613813.00","1095834.00","--","21332.00","2548717.00","--","65096.00","1.49"
"115/08/27","115","2","3715","定穎投控","12500258.00","10629670.00","--","--","1870588.00","--","--","1870588.00","1672509.00","--","198079.00","-935887.00","-737808.00","-195560.00","-542248.00","--","--","-542248.00","49477.00","--","-492771.00","-439076.00","--","-103172.00","-396472.00","--","-96299.00","-1.55"
"115/08/27","115","2","3716","中化控股","4228916.00","2540693.00","--","--","1688223.00","--","--","1688223.00","1398322.00","--","289901.00","163738.00","453639.00","78895.00","374744.00","--","--","374744.00","21612.00","--","396356.00","375527.00","--","-783.00","397139.00","--","-783.00","3.02"
"115/08/27","115","2","3717","聯嘉投控","3532488.00","2843234.00","--","--","689254.00","--","--","689254.00","416517.00","--","272737.00","-16052.00","256685.00","16675.00","240010.00","--","--","240010.00","44823.00","--","284833.00","240018.00","--","-8.00","284841.00","--","-8.00","1.15"
"115/08/27","115","2","4104","佳醫","4729202.00","3712310.00","--","--","1016892.00","44875.00","41969.00","1013986.00","640086.00","--","373900.00","338007.00","711907.00","129841.00","582066.00","--","--","582066.00","-176347.00","--","405719.00","513677.00","--","68389.00","405033.00","--","686.00","2.77"
"115/08/27","115","2","4106","雃博","1257114.00","636118.00","--","--","620996.00","--","--","620996.00","487611.00","--","133385.00","4688.00","138073.00","27718.00","110355.00","--","--","110355.00","-7885.00","--","102470.00","110355.00","--","0.00","102470.00","--","0.00","1.09"
"115/08/27","115","2","4108","懷特","70428.00","44683.00","--","--","25745.00","--","--","25745.00","97850.00","--","-72105.00","24990.00","-47115.00","12.00","-47127.00","--","--","-47127.00","106340.00","--","59213.00","-21613.00","--","-25514.00","70098.00","--","-10885.00","-0.11"
"115/08/27","115","2","4119","旭富","648663.00","511469.00","--","--","137194.00","--","--","137194.00","94708.00","--","42486.00","-26495.00","15991.00","8728.00","7263.00","--","--","7263.00","-11907.00","--","-4644.00","7263.00","--","--","-4644.00","--","--","0.06"
"115/08/27","115","2","4133","亞諾法","176232.00","84728.00","--","--","91504.00","--","--","91504.00","74112.00","--","17392.00","9217.00","26609.00","3761.00","22848.00","--","--","22848.00","653.00","--","23501.00","22848.00","--","--","23501.00","--","--","0.38"
"115/08/27","115","2","4142","國光生","149074.00","286462.00","--","--","-137388.00","--","--","-137388.00","234545.00","--","-371933.00","-1483.00","-373416.00","0.00","-373416.00","--","--","-373416.00","25319.00","--","-348097.00","-345777.00","--","-27639.00","-319947.00","--","-28150.00","-0.82"
"115/08/27","115","2","4155","訊映","819907.00","567058.00","--","--","252849.00","--","--","252849.00","141083.00","--","111766.00","26985.00","138751.00","26124.00","112627.00","--","--","112627.00","-5064.00","--","107563.00","103514.00","--","9113.00","99913.00","--","7650.00","0.74"
"115/08/27","115","2","4164","承業醫","2338249.00","1768738.00","--","--","569511.00","--","--","569511.00","397136.00","--","172375.00","-37943.00","134432.00","34510.00","99922.00","--","--","99922.00","7062.00","--","106984.00","88784.00","--","11138.00","95738.00","--","11246.00","0.45"
"115/08/27","115","2","4169","泰宗","353979.00","191471.00","--","--","162508.00","--","--","162508.00","200849.00","--","-38341.00","3572.00","-34769.00","49.00","-34818.00","--","--","-34818.00","-37672.00","--","-72490.00","-34818.00","--","--","-72490.00","--","--","-0.55"
"115/08/27","115","2","4195","基米-創","320093.00","237250.00","--","--","82843.00","--","--","82843.00","166943.00","--","-84100.00","57560.00","-26540.00","613.00","-27153.00","--","--","-27153.00","384.00","--","-26769.00","-10393.00","--","-16760.00","-10009.00","--","-16760.00","-0.14"
"115/08/27","115","2","4306","炎洲","7225960.00","5951890.00","--","--","1274070.00","--","--","1274070.00","828885.00","--","445185.00","297088.00","742273.00","173522.00","568751.00","--","--","568751.00","1283446.00","--","1852197.00","504545.00","--","64206.00","1771970.00","--","80227.00","0.77"
"115/08/27","115","2","4414","如興","7145338.00","5995795.00","--","--","1149543.00","--","--","1149543.00","1201729.00","--","-52186.00","-197534.00","-249720.00","28654.00","-278374.00","--","--","-278374.00","20954.00","--","-257420.00","-283180.00","--","4806.00","-263301.00","--","5881.00","-1.07"
"115/08/27","115","2","4426","利勤","436961.00","462104.00","--","--","-25143.00","--","--","-25143.00","89708.00","--","-114851.00","439.00","-114412.00","20889.00","-135301.00","--","--","-135301.00","4634.00","--","-130667.00","-135301.00","--","0.00","-130667.00","--","0.00","-0.78"
"115/08/27","115","2","4438","廣越","7939775.00","6866793.00","--","--","1072982.00","--","--","1072982.00","886003.00","--","186979.00","266975.00","453954.00","86879.00","367075.00","--","--","367075.00","162945.00","--","530020.00","282249.00","--","84826.00","425225.00","--","104795.00","2.51"
"115/08/27","115","2","4439","冠星-KY","4147280.00","3374680.00","--","--","772600.00","--","--","772600.00","481981.00","--","290619.00","-23883.00","266736.00","57086.00","209650.00","--","--","209650.00","69496.00","--","279146.00","209650.00","--","--","279146.00","--","--","5.53"
"115/08/27","115","2","4440","宜新實業","533301.00","431992.00","--","--","101309.00","--","--","101309.00","19498.00","--","81811.00","11678.00","93489.00","14340.00","79149.00","--","--","79149.00","890.00","--","80039.00","--","--","--","--","--","--","1.17"
"115/08/27","115","2","4441","振大環球","3790065.00","2798562.00","--","--","991503.00","--","--","991503.00","323573.00","--","667930.00","113576.00","781506.00","161585.00","619921.00","--","--","619921.00","34501.00","--","654422.00","619293.00","--","628.00","653697.00","--","725.00","9.08"
"115/08/27","115","2","4526","東台","2626364.00","2219851.00","--","--","406513.00","0.00","248.00","406761.00","663082.00","--","-256321.00","21420.00","-234901.00","27715.00","-262616.00","--","--","-262616.00","730907.00","--","468291.00","-256862.00","--","-5754.00","474509.00","--","-6218.00","-1.02"
"115/08/27","115","2","4532","瑞智","12356155.00","10620483.00","--","--","1735672.00","--","--","1735672.00","1029656.00","--","706016.00","57036.00","763052.00","243552.00","519500.00","--","--","519500.00","541881.00","--","1061381.00","489758.00","--","29742.00","986145.00","--","75236.00","1.01"
"115/08/27","115","2","4536","拓凱","4871075.00","3277212.00","--","--","1593863.00","--","--","1593863.00","803406.00","--","790457.00","51272.00","841729.00","200584.00","641145.00","--","--","641145.00","161960.00","--","803105.00","595274.00","--","45871.00","739799.00","--","63306.00","6.55"
"115/08/27","115","2","4540","全球傳動","1618341.00","1335853.00","--","--","282488.00","--","--","282488.00","275149.00","--","7339.00","69144.00","76483.00","47697.00","28786.00","--","--","28786.00","13791.00","--","42577.00","28786.00","--","--","42577.00","--","--","0.25"
"115/08/27","115","2","4545","銘鈺","1130077.00","944054.00","--","--","186023.00","--","--","186023.00","163179.00","--","22844.00","15026.00","37870.00","1652.00","36218.00","--","--","36218.00","15313.00","--","51531.00","36218.00","--","--","51531.00","--","--","0.47"
"115/08/27","115","2","4551","智伸科","4554705.00","3460023.00","--","--","1094682.00","--","--","1094682.00","438742.00","--","655940.00","38636.00","694576.00","144704.00","549872.00","--","--","549872.00","229949.00","--","779821.00","549872.00","--","--","779821.00","--","--","4.77"
"115/08/27","115","2","4555","氣立","897957.00","613518.00","--","--","284439.00","--","--","284439.00","239926.00","--","44513.00","16647.00","61160.00","5838.00","55322.00","--","--","55322.00","72229.00","--","127551.00","48033.00","--","7289.00","115521.00","--","12030.00","0.69"
"115/08/27","115","2","4562","穎漢","326079.00","184749.00","--","--","141330.00","--","--","141330.00","164605.00","--","-23275.00","21691.00","-1584.00","1944.00","-3528.00","--","--","-3528.00","7271.00","--","3743.00","-3089.00","--","-439.00","4523.00","--","-780.00","-0.04"
"115/08/27","115","2","4564","元翎","386878.00","487605.00","--","--","-100727.00","--","--","-100727.00","76182.00","--","-176909.00","7447.00","-169462.00","-4383.00","-165079.00","--","--","-165079.00","429.00","--","-164650.00","-165079.00","--","--","-164650.00","--","--","-0.71"
"115/08/27","115","2","4566","時碩工業","2822215.00","2167260.00","--","--","654955.00","--","--","654955.00","534648.00","--","120307.00","21287.00","141594.00","32274.00","109320.00","--","--","109320.00","69272.00","--","178592.00","109160.00","--","160.00","178760.00","--","-168.00","0.99"
"115/08/27","115","2","4572","駐龍","374995.00","247135.00","--","--","127860.00","--","--","127860.00","47505.00","--","80355.00","13126.00","93481.00","19046.00","74435.00","--","--","74435.00","--","--","74435.00","74435.00","--","--","74435.00","--","--","1.86"
"115/08/27","115","2","4576","大銀微系統","1878532.00","1165234.00","--","--","713298.00","--","--","713298.00","387394.00","--","325904.00","-15939.00","309965.00","55358.00","254607.00","--","--","254607.00","83711.00","--","338318.00","230178.00","--","24429.00","284543.00","--","53775.00","1.92"
"115/08/27","115","2","4581","光隆精密-KY","596424.00","399728.00","--","--","196696.00","--","--","196696.00","92813.00","--","103883.00","-19632.00","84251.00","15346.00","68905.00","--","--","68905.00","42734.00","--","111639.00","68924.00","--","-19.00","111634.00","--","5.00","2.03"
"115/08/27","115","2","4582","聚恆-創","966567.00","757202.00","--","--","209365.00","3963.00","6127.00","211529.00","127006.00","--","84523.00","27767.00","112290.00","32434.00","79856.00","--","--","79856.00","-193.00","--","79663.00","79973.00","--","-117.00","79780.00","--","-117.00","1.16"
"115/08/27","115","2","4583","台灣精銳","1760772.00","838107.00","--","--","922665.00","--","--","922665.00","316558.00","--","606107.00","83620.00","689727.00","143641.00","546086.00","--","--","546086.00","--","--","546086.00","546086.00","--","--","546086.00","--","--","6.81"
"115/08/27","115","2","4585","達明","995617.00","486720.00","--","--","508897.00","--","--","508897.00","442051.00","--","66846.00","147837.00","214683.00","23452.00","191231.00","--","--","191231.00","23491.00","--","214722.00","191231.00","--","--","214722.00","--","--","1.83"
"115/08/27","115","2","4588","玖鼎電力","433215.00","288692.00","--","--","144523.00","--","--","144523.00","63459.00","--","81064.00","-7638.00","73426.00","14823.00","58603.00","--","--","58603.00","--","--","58603.00","--","--","--","--","--","--","1.36"
"115/08/27","115","2","4590","富田-創","569391.00","388041.00","--","--","181350.00","--","--","181350.00","207580.00","--","-26230.00","151955.00","125725.00","13048.00","112677.00","--","--","112677.00","-223.00","--","112454.00","--","--","--","--","--","--","2.07"
"115/08/27","115","2","4720","德淵","1975800.00","1578001.00","--","--","397799.00","-211.00","--","398010.00","372832.00","--","25178.00","8538.00","33716.00","16303.00","17413.00","--","--","17413.00","34310.00","--","51723.00","15370.00","--","2043.00","47554.00","--","4169.00","0.13"
"115/08/27","115","2","4722","國精化","1927958.00","1576828.00","--","--","351130.00","--","--","351130.00","197762.00","--","153368.00","25728.00","179096.00","47398.00","131698.00","--","--","131698.00","19295.00","--","150993.00","131698.00","--","--","150993.00","--","--","1.29"
"115/08/27","115","2","4736","泰博","2122043.00","1156344.00","--","--","965699.00","--","--","965699.00","550968.00","--","414731.00","1300952.00","1715683.00","112109.00","1603574.00","--","--","1603574.00","292806.00","--","1896380.00","1574590.00","--","28984.00","1867451.00","--","28929.00","16.60"
"115/08/27","115","2","4737","華廣","831895.00","550631.00","--","--","281264.00","--","--","281264.00","422237.00","--","-140973.00","-24506.00","-165479.00","-33410.00","-132069.00","--","--","-132069.00","-26483.00","--","-158552.00","-133362.00","--","1293.00","-159896.00","--","1344.00","-1.77"
"115/08/27","115","2","4739","康普","5510938.00","4589754.00","--","--","921184.00","--","--","921184.00","229219.00","--","691965.00","-31838.00","660127.00","145453.00","514674.00","--","--","514674.00","-1090.00","--","513584.00","434254.00","--","80420.00","451399.00","--","62185.00","3.51"
"115/08/27","115","2","4746","台耀","2175062.00","1283923.00","--","--","891139.00","--","--","891139.00","654228.00","--","236911.00","-212175.00","24736.00","62365.00","-37629.00","--","--","-37629.00","24149.00","--","-13480.00","4276.00","--","-41905.00","29953.00","--","-43433.00","0.04"
"115/08/27","115","2","4755","三福化","2371319.00","1823187.00","--","--","548132.00","--","--","548132.00","292603.00","--","255529.00","32464.00","287993.00","77859.00","210134.00","--","--","210134.00","1513715.00","--","1723849.00","234551.00","--","-24417.00","1748266.00","--","-24417.00","2.33"
"115/08/27","115","2","4764","雙鍵","1755748.00","1285320.00","--","--","470428.00","--","--","470428.00","211676.00","0.00","258752.00","-8929.00","249823.00","56019.00","193804.00","--","--","193804.00","105238.00","--","299042.00","193051.00","--","753.00","298376.00","--","666.00","2.26"
"115/08/27","115","2","4766","南寶","12419471.00","8230843.00","--","--","4188628.00","--","--","4188628.00","2116185.00","--","2072443.00","313576.00","2386019.00","601957.00","1784062.00","--","--","1784062.00","918198.00","--","2702260.00","1666682.00","--","117380.00","2565779.00","--","136481.00","13.82"
"115/08/27","115","2","4770","上品","2363145.00","1528495.00","--","--","834650.00","--","--","834650.00","324576.00","--","510074.00","43568.00","553642.00","103131.00","450511.00","--","--","450511.00","183784.00","--","634295.00","450511.00","--","--","634295.00","--","--","5.63"
"115/08/27","115","2","4771","望隼","2226792.00","1284405.00","--","--","942387.00","--","--","942387.00","274046.00","--","668341.00","18453.00","686794.00","135721.00","551073.00","--","--","551073.00","72862.00","--","623935.00","492776.00","--","58297.00","548526.00","--","75409.00","8.40"
"115/08/27","115","2","4807","日成-KY","1260941.00","980429.00","--","--","280512.00","--","--","280512.00","160718.00","--","119794.00","4645.00","124439.00","35368.00","89071.00","--","--","89071.00","-41439.00","--","47632.00","88398.00","--","673.00","50615.00","--","-2983.00","2.00"
"115/08/27","115","2","4904","遠傳","56468411.00","38199488.00","--","--","18268923.00","--","--","18268923.00","8990889.00","645777.00","9923811.00","-49791.00","9874020.00","1974804.00","7899216.00","--","--","7899216.00","-34455.00","--","7864761.00","7717642.00","--","181574.00","7698761.00","--","166000.00","2.14"
"115/08/27","115","2","4906","正文","6725001.00","5963642.00","--","--","761359.00","--","--","761359.00","1082132.00","--","-320773.00","122885.00","-197888.00","-35379.00","-162509.00","--","--","-162509.00","-449870.00","--","-612379.00","-181532.00","--","19023.00","-631484.00","--","19105.00","-0.42"
"115/08/27","115","2","4912","聯德控股-KY","3613611.00","2884411.00","--","--","729200.00","--","--","729200.00","511301.00","--","217899.00","15922.00","233821.00","43853.00","189968.00","--","--","189968.00","175201.00","--","365169.00","186066.00","--","3902.00","359736.00","--","5433.00","2.85"
"115/08/27","115","2","4915","致伸","33130159.00","28043564.00","--","--","5086595.00","--","--","5086595.00","3752305.00","--","1334290.00","150161.00","1484451.00","304219.00","1180232.00","--","--","1180232.00","700377.00","--","1880609.00","1180232.00","--","--","1880609.00","--","--","2.55"
"115/08/27","115","2","4916","事欣科","2434357.00","1934919.00","--","--","499438.00","--","--","499438.00","276972.00","--","222466.00","566920.00","789386.00","123114.00","666272.00","--","--","666272.00","-70052.00","--","596220.00","674292.00","--","-8020.00","604240.00","--","-8020.00","5.45"
"115/08/27","115","2","4919","新唐","15929419.00","9767544.00","--","--","6161875.00","--","--","6161875.00","6606744.00","--","-444869.00","495493.00","50624.00","292441.00","-241817.00","--","--","-241817.00","23223.00","--","-218594.00","-241817.00","--","--","-218594.00","--","--","-0.57"
"115/08/27","115","2","4927","泰鼎-KY","5699856.00","6218222.00","--","--","-518366.00","--","--","-518366.00","781833.00","--","-1300199.00","-150882.00","-1451081.00","0.00","-1451081.00","--","--","-1451081.00","-220268.00","--","-1671349.00","-1446718.00","--","-4363.00","-1666303.00","--","-5046.00","-5.46"
"115/08/27","115","2","4930","燦星網","2731514.00","2508526.00","--","--","222988.00","--","--","222988.00","435231.00","--","-212243.00","-7590.00","-219833.00","-45550.00","-174283.00","--","--","-174283.00","233390.00","--","59107.00","-96170.00","--","-78113.00","10566.00","--","48541.00","-1.20"
"115/08/27","115","2","4934","太極","91257.00","138822.00","--","--","-47565.00","--","--","-47565.00","156104.00","--","-203669.00","34782.00","-168887.00","1167.00","-170054.00","--","--","-170054.00","29498.00","--","-140556.00","-83200.00","--","-86854.00","-53702.00","--","-86854.00","-0.37"
"115/08/27","115","2","4938","和碩","518553263.00","495595744.00","--","--","22957519.00","--","--","22957519.00","15930516.00","--","7027003.00","4182144.00","11209147.00","2036184.00","9172963.00","--","--","9172963.00","3792000.00","--","12964963.00","6049084.00","--","3123879.00","9692539.00","--","3272424.00","2.26"
"115/08/27","115","2","4942","嘉彰","2705762.00","2193954.00","--","--","511808.00","--","--","511808.00","387844.00","--","123964.00","11534.00","135498.00","25778.00","109720.00","--","--","109720.00","319606.00","--","429326.00","109966.00","--","-246.00","429572.00","--","-246.00","0.77"
"115/08/27","115","2","4943","康控-KY","1113503.00","1178569.00","--","--","-65066.00","--","--","-65066.00","202872.00","--","-267938.00","-5334.00","-273272.00","-64492.00","-208780.00","--","--","-208780.00","22668.00","--","-186112.00","-170153.00","--","-38627.00","-151225.00","--","-34887.00","-1.34"
"115/08/27","115","2","4949","有成精密","1744012.00","1080930.00","--","--","663082.00","0.00","--","663082.00","436814.00","--","226268.00","9485.00","235753.00","55177.00","180576.00","--","--","180576.00","13427.00","--","194003.00","180576.00","--","--","194003.00","--","--","2.67"
"115/08/27","115","2","4952","凌通","1419349.00","872977.00","--","--","546372.00","--","--","546372.00","363256.00","-5.00","183111.00","15649.00","198760.00","15434.00","183326.00","--","--","183326.00","25157.00","--","208483.00","183326.00","--","--","208483.00","--","--","1.68"
"115/08/27","115","2","4956","光鋐","723542.00","597681.00","--","--","125861.00","--","--","125861.00","105936.00","-208.00","19717.00","14248.00","33965.00","5895.00","28070.00","--","--","28070.00","42072.00","--","70142.00","28070.00","--","--","70142.00","--","--","0.28"
"115/08/27","115","2","4958","臻鼎-KY","89158843.00","69161054.00","--","--","19997789.00","--","--","19997789.00","13733254.00","--","6264535.00","1067004.00","7331539.00","1557249.00","5774290.00","--","--","5774290.00","9953587.00","--","15727877.00","3817180.00","--","1957110.00","10853548.00","--","4874329.00","3.55"
"115/08/27","115","2","4960","誠美材","3871059.00","3889350.00","--","--","-18291.00","--","--","-18291.00","471338.00","--","-489629.00","152161.00","-337468.00","648.00","-338116.00","--","--","-338116.00","65441.00","--","-272675.00","-338116.00","--","--","-272675.00","--","--","-0.60"
"115/08/27","115","2","4961","天鈺","9887088.00","7188502.00","--","--","2698586.00","--","--","2698586.00","1910449.00","--","788137.00","244797.00","1032934.00","140065.00","892869.00","--","--","892869.00","569540.00","--","1462409.00","608320.00","--","284549.00","954768.00","--","507641.00","5.07"
"115/08/27","115","2","4967","十銓","16633210.00","9949597.00","--","--","6683613.00","--","--","6683613.00","705226.00","--","5978387.00","-35399.00","5942988.00","1236639.00","4706349.00","--","--","4706349.00","1573.00","--","4707922.00","4706349.00","--","--","4707922.00","--","--","53.44"
"115/08/27","115","2","4968","立積","1907539.00","1265137.00","--","--","642402.00","--","--","642402.00","580055.00","--","62347.00","42769.00","105116.00","12727.00","92389.00","--","--","92389.00","2809.00","--","95198.00","92389.00","--","--","95198.00","--","--","1.00"
"115/08/27","115","2","4976","佳凌","528620.00","698881.00","--","--","-170261.00","--","--","-170261.00","97037.00","--","-267298.00","20026.00","-247272.00","-21655.00","-225617.00","--","--","-225617.00","0.00","--","-225617.00","--","--","--","--","--","--","-1.63"
"115/08/27","115","2","4989","榮科","2049930.00","2043057.00","--","--","6873.00","--","--","6873.00","111594.00","--","-104721.00","10564.00","-94157.00","-1834.00","-92323.00","--","--","-92323.00","-4323.00","--","-96646.00","-92323.00","--","--","-96646.00","--","--","-0.67"
"115/08/27","115","2","4994","傳奇","602464.00","195434.00","--","--","407030.00","--","--","407030.00","345127.00","--","61903.00","-9001.00","52902.00","7362.00","45540.00","--","--","45540.00","98.00","--","45638.00","45540.00","--","--","45638.00","--","--","0.69"
"115/08/27","115","2","4999","鑫禾","820128.00","741179.00","--","--","78949.00","--","--","78949.00","177711.00","--","-98762.00","7919.00","-90843.00","-235.00","-90608.00","--","--","-90608.00","32358.00","--","-58250.00","-90608.00","--","--","-58250.00","--","--","-1.23"
"115/08/27","115","2","5007","三星","3133113.00","2249686.00","--","--","883427.00","--","--","883427.00","264152.00","--","619275.00","50990.00","670265.00","131038.00","539227.00","--","--","539227.00","4541.00","--","543768.00","535467.00","--","3760.00","537846.00","--","5922.00","1.82"
"115/08/27","115","2","5203","訊連","1113464.00","167577.00","--","--","945887.00","--","--","945887.00","849334.00","--","96553.00","78550.00","175103.00","43429.00","131674.00","--","--","131674.00","23014.00","--","154688.00","131674.00","--","--","154688.00","--","--","1.66"
"115/08/27","115","2","5222","全訊","406260.00","203179.00","--","--","203081.00","--","--","203081.00","135241.00","--","67840.00","5448.00","73288.00","16620.00","56668.00","--","--","56668.00","565320.00","--","621988.00","--","--","--","--","--","--","0.63"
"115/08/27","115","2","5225","東科-KY","4999304.00","4342266.00","--","--","657038.00","--","--","657038.00","526383.00","--","130655.00","47844.00","178499.00","27378.00","151121.00","--","--","151121.00","68292.00","--","219413.00","151121.00","--","--","219413.00","--","--","1.92"
"115/08/27","115","2","5234","達興材料","2483006.00","1415299.00","--","--","1067707.00","--","--","1067707.00","568836.00","--","498871.00","31495.00","530366.00","74519.00","455847.00","--","--","455847.00","-433.00","--","455414.00","455847.00","--","--","455414.00","--","--","4.44"
"115/08/27","115","2","5236","凌陽創新","1167421.00","459927.00","--","--","707494.00","--","--","707494.00","319948.00","--","387546.00","24593.00","412139.00","60609.00","351530.00","--","--","351530.00","--","--","351530.00","--","--","--","--","--","--","5.86"
"115/08/27","115","2","5244","弘凱","376452.00","283669.00","--","--","92783.00","--","--","92783.00","155678.00","--","-62895.00","12894.00","-50001.00","-482.00","-49519.00","--","--","-49519.00","55181.00","--","5662.00","-49519.00","--","--","5662.00","--","--","-0.73"
"115/08/27","115","2","5258","虹堡","3959526.00","2775642.00","--","--","1183884.00","--","--","1183884.00","1047522.00","--","136362.00","15910.00","152272.00","72249.00","80023.00","--","--","80023.00","8220.00","--","88243.00","53054.00","--","26969.00","60062.00","--","28181.00","0.48"
"115/08/27","115","2","5269","祥碩","6220554.00","3072553.00","--","--","3148001.00","11293.00","9220.00","3145928.00","1689653.00","--","1456275.00","2665188.00","4121463.00","250189.00","3871274.00","--","--","3871274.00","871932.00","--","4743206.00","3871274.00","--","--","4743206.00","--","--","52.07"
"115/08/27","115","2","5283","禾聯碩","3333175.00","2223891.00","--","--","1109284.00","--","--","1109284.00","867156.00","--","242128.00","76021.00","318149.00","64425.00","253724.00","--","--","253724.00","-3799.00","--","249925.00","253724.00","--","--","249925.00","--","--","2.90"
"115/08/27","115","2","5284","jpp-KY","2369813.00","1425690.00","--","--","944123.00","--","--","944123.00","375073.00","--","569050.00","3187.00","572237.00","125151.00","447086.00","--","--","447086.00","-148348.00","--","298738.00","451807.00","--","-4721.00","303691.00","--","-4953.00","8.54"
"115/08/27","115","2","5285","界霖","2981953.00","2441875.00","--","--","540078.00","--","--","540078.00","248786.00","--","291292.00","-8307.00","282985.00","77671.00","205314.00","--","--","205314.00","69448.00","--","274762.00","205314.00","--","--","274762.00","--","--","2.01"
"115/08/27","115","2","5288","豐祥-KY","4471477.00","3417667.00","--","--","1053810.00","--","-7.00","1053803.00","409115.00","--","644688.00","95386.00","740074.00","186236.00","553838.00","--","--","553838.00","56522.00","--","610360.00","557317.00","--","-3479.00","613729.00","--","-3369.00","8.03"
"115/08/27","115","2","5292","華懋","1275985.00","948399.00","--","--","327586.00","--","--","327586.00","90475.00","--","237111.00","34299.00","271410.00","58481.00","212929.00","--","--","212929.00","7353.00","--","220282.00","212929.00","--","--","220282.00","--","--","4.60"
"115/08/27","115","2","5306","桂盟","2777067.00","1604942.00","--","--","1172125.00","--","--","1172125.00","539663.00","-1113.00","631349.00","33983.00","665332.00","168302.00","497030.00","--","--","497030.00","357838.00","--","854868.00","497063.00","--","-33.00","854899.00","--","-31.00","3.94"
"115/08/27","115","2","5388","中磊","37262555.00","32451954.00","--","--","4810601.00","--","--","4810601.00","3642826.00","--","1167775.00","-177389.00","990386.00","214330.00","776056.00","--","--","776056.00","196397.00","--","972453.00","774796.00","--","1260.00","970864.00","--","1589.00","2.59"
"115/08/27","115","2","5434","崇越","39362103.00","34033796.00","--","--","5328307.00","-260.00","--","5328567.00","2414452.00","--","2914115.00","848221.00","3762336.00","885509.00","2876827.00","--","--","2876827.00","1418158.00","--","4294985.00","2858045.00","--","18782.00","4275895.00","--","19090.00","14.79"
"115/08/27","115","2","5469","瀚宇博","32539077.00","27460417.00","--","--","5078660.00","--","--","5078660.00","2685515.00","--","2393145.00","269830.00","2662975.00","1026596.00","1636379.00","--","--","1636379.00","32303110.00","--","33939489.00","993845.00","--","642534.00","26854586.00","--","7084903.00","2.05"
"115/08/27","115","2","5471","松翰","1708141.00","996807.00","--","--","711334.00","--","--","711334.00","537047.00","--","174287.00","61365.00","235652.00","33883.00","201769.00","--","--","201769.00","26595.00","--","228364.00","201769.00","--","--","228364.00","--","--","1.20"
"115/08/27","115","2","5484","慧友","447204.00","377298.00","--","--","69906.00","--","--","69906.00","102341.00","--","-32435.00","90311.00","57876.00","57.00","57819.00","--","--","57819.00","794.00","--","58613.00","57819.00","--","--","58613.00","--","--","0.87"
"115/08/27","115","2","5515","建國","4019401.00","3241066.00","--","--","778335.00","--","--","778335.00","273360.00","--","504975.00","902088.00","1407063.00","181972.00","1225091.00","--","--","1225091.00","32933.00","--","1258024.00","1225091.00","--","--","1258024.00","--","--","6.08"
"115/08/27","115","2","5519","隆大","1129296.00","788402.00","--","--","340894.00","--","--","340894.00","122611.00","--","218283.00","12837.00","231120.00","55050.00","176070.00","--","--","176070.00","386.00","--","176456.00","176070.00","--","--","176456.00","--","--","0.76"
"115/08/27","115","2","5521","工信","5420687.00","4961883.00","--","--","458804.00","--","--","458804.00","191377.00","--","267427.00","21214.00","288641.00","5580.00","283061.00","--","--","283061.00","6280.00","--","289341.00","283061.00","--","--","289341.00","--","--","0.58"
"115/08/27","115","2","5522","遠雄","8531058.00","5505328.00","--","--","3025730.00","--","3635.00","3029365.00","1006372.00","--","2022993.00","-14647.00","2008346.00","451032.00","1557314.00","--","--","1557314.00","-89123.00","--","1468191.00","1557314.00","--","--","1468191.00","--","--","1.99"
"115/08/27","115","2","5525","順天","3884131.00","2570970.00","--","--","1313161.00","--","--","1313161.00","298977.00","--","1014184.00","-23543.00","990641.00","273646.00","716995.00","--","--","716995.00","--","--","716995.00","717114.00","--","-119.00","717114.00","--","-119.00","2.33"
"115/08/27","115","2","5531","鄉林","323105.00","270425.00","--","--","52680.00","--","--","52680.00","480864.00","--","-428184.00","195697.00","-232487.00","-13806.00","-218681.00","--","--","-218681.00","103594.00","--","-115087.00","-118594.00","--","-100087.00","-2343.00","--","-112744.00","-0.12"
"115/08/27","115","2","5533","皇鼎","710094.00","510308.00","--","--","199786.00","--","--","199786.00","88521.00","--","111265.00","24363.00","135628.00","23774.00","111854.00","--","--","111854.00","--","--","111854.00","111854.00","--","--","111854.00","--","--","0.39"
"115/08/27","115","2","5534","長虹","2321400.00","1660696.00","--","--","660704.00","0.00","--","660704.00","255603.00","--","405101.00","3308.00","408409.00","84736.00","323673.00","--","--","323673.00","0.00","--","323673.00","319920.00","--","3753.00","319920.00","--","3753.00","1.05"
"115/08/27","115","2","5607","遠雄港","2583659.00","1214956.00","--","--","1368703.00","--","--","1368703.00","184191.00","--","1184512.00","-173298.00","1011214.00","203337.00","807877.00","--","--","807877.00","--","--","807877.00","807877.00","--","--","807877.00","--","--","2.18"
"115/08/27","115","2","5608","四維航","1621931.00","1323147.00","--","--","298784.00","--","--","298784.00","157681.00","--","141103.00","-72215.00","68888.00","-18300.00","87188.00","--","--","87188.00","178072.00","--","265260.00","122973.00","--","-35785.00","301045.00","--","-35785.00","0.32"
"115/08/27","115","2","5706","鳳凰","1530809.00","1325232.00","--","--","205577.00","--","--","205577.00","126683.00","372.00","79266.00","109950.00","189216.00","36433.00","152783.00","0.00","--","152783.00","88254.00","--","241037.00","150568.00","--","2215.00","237793.00","--","3244.00","1.79"
"115/08/27","115","2","5906","台南-KY","827288.00","375550.00","--","--","451738.00","--","--","451738.00","442998.00","-1257.00","7483.00","-5350.00","2133.00","6225.00","-4092.00","--","--","-4092.00","-64511.00","--","-68603.00","397.00","--","-4489.00","-64114.00","--","-4489.00","0.01"
"115/08/27","115","2","6108","競國","2413390.00","2328989.00","--","--","84401.00","--","--","84401.00","278477.00","--","-194076.00","269265.00","75189.00","25338.00","49851.00","--","--","49851.00","74105.00","--","123956.00","49851.00","--","--","123956.00","--","--","0.32"
"115/08/27","115","2","6112","邁達特","12570260.00","10764804.00","--","--","1805456.00","--","--","1805456.00","1348995.00","--","456461.00","26870.00","483331.00","114130.00","369201.00","--","--","369201.00","-6204.00","--","362997.00","348525.00","--","20676.00","335392.00","--","27605.00","1.85"
"115/08/27","115","2","6115","鎰勝","4021415.00","3422204.00","--","--","599211.00","--","--","599211.00","235116.00","--","364095.00","13405.00","377500.00","103784.00","273716.00","--","--","273716.00","130987.00","--","404703.00","276925.00","--","-3209.00","407912.00","--","-3209.00","1.48"
"115/08/27","115","2","6116","彩晶","6085329.00","6282570.00","--","--","-197241.00","--","--","-197241.00","730233.00","--","-927474.00","883035.00","-44439.00","1370.00","-45809.00","--","--","-45809.00","3302101.00","--","3256292.00","-45809.00","--","--","3256292.00","--","--","-0.02"
"115/08/27","115","2","6117","迎廣","1647214.00","1085594.00","--","--","561620.00","--","--","561620.00","325606.00","--","236014.00","4200.00","240214.00","72306.00","167908.00","--","--","167908.00","14036.00","--","181944.00","167969.00","--","-61.00","182005.00","--","-61.00","1.81"
"115/08/27","115","2","6120","達運","8756244.00","8423120.00","--","--","333124.00","--","--","333124.00","646131.00","--","-313007.00","1230815.00","917808.00","64583.00","853225.00","--","--","853225.00","402785.00","--","1256010.00","853225.00","--","--","1256010.00","--","--","1.42"
"115/08/27","115","2","6128","上福","2618075.00","1540547.00","--","--","1077528.00","--","--","1077528.00","936938.00","--","140590.00","-33124.00","107466.00","23370.00","84096.00","--","--","84096.00","27786.00","--","111882.00","84096.00","--","0.00","111882.00","--","0.00","0.66"
"115/08/27","115","2","6133","金橋","693708.00","517160.00","--","--","176548.00","--","--","176548.00","96708.00","--","79840.00","-3936.00","75904.00","17604.00","58300.00","--","--","58300.00","-11848.00","--","46452.00","58300.00","--","--","46452.00","--","--","0.50"
"115/08/27","115","2","6136","富爾特","334055.00","235181.00","--","--","98874.00","--","--","98874.00","117218.00","--","-18344.00","12357.00","-5987.00","4218.00","-10205.00","--","--","-10205.00","1465145.00","--","1454940.00","-4948.00","--","-5257.00","1459937.00","--","-4997.00","-0.04"
"115/08/27","115","2","6139","亞翔","45982606.00","36710734.00","--","--","9271872.00","--","--","9271872.00","909471.00","--","8362401.00","1548484.00","9910885.00","1968205.00","7942680.00","--","--","7942680.00","670425.00","--","8613105.00","6104555.00","--","1838125.00","6638359.00","--","1974746.00","25.91"
"115/08/27","115","2","6141","柏承","1090986.00","976886.00","--","--","114100.00","--","--","114100.00","209969.00","--","-95869.00","-71766.00","-167635.00","30421.00","-198056.00","--","--","-198056.00","-18878.00","--","-216934.00","-139318.00","--","-58738.00","-155712.00","--","-61222.00","-1.23"
"115/08/27","115","2","6142","友勁","921198.00","821936.00","--","--","99262.00","--","--","99262.00","166626.00","--","-67364.00","-26593.00","-93957.00","0.00","-93957.00","--","--","-93957.00","21165.00","--","-72792.00","-93957.00","--","0.00","-72792.00","--","0.00","-0.28"
"115/08/27","115","2","6152","百一","956530.00","698962.00","--","--","257568.00","--","--","257568.00","273040.00","--","-15472.00","61031.00","45559.00","0.00","45559.00","--","--","45559.00","33927.00","--","79486.00","45107.00","--","452.00","79034.00","--","452.00","0.27"
"115/08/27","115","2","6153","嘉聯益","2730910.00","2863942.00","--","--","-133032.00","--","--","-133032.00","526667.00","--","-659699.00","111342.00","-548357.00","1794.00","-550151.00","--","--","-550151.00","-28818.00","--","-578969.00","-550151.00","--","--","-578969.00","--","--","-0.86"
"115/08/27","115","2","6155","鈞寶","373725.00","272985.00","--","--","100740.00","--","--","100740.00","67542.00","--","33198.00","47661.00","80859.00","8984.00","71875.00","--","--","71875.00","16566.00","--","88441.00","71875.00","--","0.00","88441.00","--","0.00","0.82"
"115/08/27","115","2","6164","華興","398491.00","271637.00","--","--","126854.00","--","--","126854.00","123424.00","--","3430.00","15022.00","18452.00","5489.00","12963.00","--","--","12963.00","23420.00","--","36383.00","12758.00","--","205.00","35759.00","--","624.00","0.16"
"115/08/27","115","2","6165","浪凡","1722724.00","1204716.00","--","--","518008.00","--","--","518008.00","316174.00","--","201834.00","-16182.00","185652.00","43328.00","142324.00","--","--","142324.00","4536.00","--","146860.00","140934.00","--","1390.00","145470.00","--","1390.00","1.91"
"115/08/27","115","2","6166","凌華","7903289.00","5172648.00","--","--","2730641.00","--","0.00","2730641.00","1831047.00","--","899594.00","18444.00","918038.00","251031.00","667007.00","--","--","667007.00","107347.00","--","774354.00","679887.00","--","-12880.00","786989.00","--","-12635.00","3.12"
"115/08/27","115","2","6168","宏齊","1084715.00","823040.00","--","--","261675.00","-366.00","--","262041.00","266224.00","--","-4183.00","44349.00","40166.00","-687.00","40853.00","--","--","40853.00","566957.00","--","607810.00","35075.00","--","5778.00","564361.00","--","43449.00","0.17"
"115/08/27","115","2","6176","瑞儀","23124544.00","18057856.00","--","--","5066688.00","--","--","5066688.00","2857818.00","130950.00","2339820.00","-111390.00","2228430.00","936526.00","1291904.00","--","--","1291904.00","732413.00","--","2024317.00","1291904.00","--","--","2024317.00","--","--","2.81"
"115/08/27","115","2","6177","達麗","8310140.00","4745922.00","--","--","3564218.00","--","--","3564218.00","600431.00","--","2963787.00","-5802.00","2957985.00","571155.00","2386830.00","--","--","2386830.00","29735.00","--","2416565.00","2375830.00","--","11000.00","2405565.00","--","11000.00","5.03"
"115/08/27","115","2","6183","關貿","1359348.00","734830.00","--","--","624518.00","--","--","624518.00","222727.00","-371.00","401420.00","27329.00","428749.00","66807.00","361942.00","--","--","361942.00","30027.00","--","391969.00","361942.00","--","--","391969.00","--","--","2.41"
"115/08/27","115","2","6184","大豐電","1096635.00","505827.00","--","--","590808.00","--","--","590808.00","259677.00","--","331131.00","30769.00","361900.00","70411.00","291489.00","--","--","291489.00","18676.00","--","310165.00","229580.00","--","61909.00","240817.00","--","69348.00","1.51"
"115/08/27","115","2","6189","豐藝","14965914.00","13583784.00","--","--","1382130.00","--","--","1382130.00","665686.00","--","716444.00","30049.00","746493.00","144267.00","602226.00","--","--","602226.00","7225.00","--","609451.00","531006.00","--","71220.00","537320.00","--","72131.00","2.01"
"115/08/27","115","2","6191","精成科","19292828.00","16230958.00","--","--","3061870.00","--","--","3061870.00","1596488.00","--","1465382.00","465929.00","1931311.00","781828.00","1149483.00","--","--","1149483.00","10682032.00","--","11831515.00","1157141.00","--","-7658.00","11838307.00","--","-6792.00","2.32"
"115/08/27","115","2","6192","巨路","3849908.00","2557491.00","--","--","1292417.00","--","--","1292417.00","634534.00","--","657883.00","46423.00","704306.00","194904.00","509402.00","--","--","509402.00","63585.00","--","572987.00","509989.00","--","-587.00","573565.00","--","-578.00","5.30"
"115/08/27","115","2","6196","帆宣","35508124.00","30715150.00","--","--","4792974.00","--","--","4792974.00","1721644.00","--","3071330.00","526893.00","3598223.00","697375.00","2900848.00","--","--","2900848.00","78072.00","--","2978920.00","2913486.00","--","-12638.00","2990925.00","--","-12005.00","13.26"
"115/08/27","115","2","6197","佳必琪","4534628.00","2907208.00","--","--","1627420.00","--","--","1627420.00","594869.00","--","1032551.00","82266.00","1114817.00","225898.00","888919.00","--","--","888919.00","450481.00","--","1339400.00","855813.00","--","33106.00","1310705.00","--","28695.00","7.00"
"115/08/27","115","2","6201","亞弘電","1507800.00","1153855.00","--","--","353945.00","--","--","353945.00","190357.00","--","163588.00","964.00","164552.00","29062.00","135490.00","--","--","135490.00","16608.00","--","152098.00","135490.00","--","--","152098.00","--","--","1.52"
"115/08/27","115","2","6202","盛群","1808704.00","1038806.00","--","--","769898.00","3666.00","--","766232.00","562613.00","--","203619.00","64775.00","268394.00","44028.00","224366.00","--","--","224366.00","68135.00","--","292501.00","216181.00","--","8185.00","281812.00","--","10689.00","0.94"
"115/08/27","115","2","6205","詮欣","665770.00","416375.00","--","--","249395.00","--","--","249395.00","188287.00","--","61108.00","51130.00","112238.00","17681.00","94557.00","--","--","94557.00","50123.00","--","144680.00","93957.00","--","600.00","143934.00","--","746.00","1.16"
"115/08/27","115","2","6206","飛捷","3391835.00","1848799.00","--","--","1543036.00","--","--","1543036.00","537518.00","--","1005518.00","31182.00","1036700.00","199063.00","837637.00","--","--","837637.00","8228.00","--","845865.00","847710.00","--","-10073.00","855839.00","--","-9974.00","5.93"
"115/08/27","115","2","6209","今國光","2414494.00","1736974.00","--","--","677520.00","--","--","677520.00","354774.00","--","322746.00","37640.00","360386.00","85777.00","274609.00","--","--","274609.00","116604.00","--","391213.00","274609.00","--","--","391213.00","--","--","1.53"
"115/08/27","115","2","6213","聯茂","20673078.00","17089749.00","--","--","3583329.00","--","--","3583329.00","1311037.00","--","2272292.00","44935.00","2317227.00","723343.00","1593884.00","--","--","1593884.00","808307.00","--","2402191.00","1593884.00","--","--","2402191.00","--","--","4.39"
"115/08/27","115","2","6214","精誠","27367791.00","22285547.00","--","--","5082244.00","--","--","5082244.00","3915125.00","--","1167119.00","979802.00","2146921.00","349857.00","1797064.00","--","--","1797064.00","57709.00","--","1854773.00","1673093.00","--","123971.00","1730302.00","--","124471.00","6.15"
"115/08/27","115","2","6215","和椿","1675306.00","1219090.00","--","--","456216.00","--","--","456216.00","270319.00","--","185897.00","17298.00","203195.00","43922.00","159273.00","--","--","159273.00","15697.00","--","174970.00","159273.00","--","0.00","174970.00","--","0.00","1.92"
"115/08/27","115","2","6216","居易","284856.00","163034.00","--","--","121822.00","--","--","121822.00","145459.00","--","-23637.00","18731.00","-4906.00","8633.00","-13539.00","--","--","-13539.00","--","--","-13539.00","--","--","--","--","--","--","-0.14"
"115/08/27","115","2","6224","聚鼎","1476301.00","978879.00","--","--","497422.00","--","--","497422.00","392448.00","--","104974.00","40764.00","145738.00","36311.00","109427.00","--","--","109427.00","56109.00","--","165536.00","116224.00","--","-6797.00","171558.00","--","-6022.00","1.37"
"115/08/27","115","2","6225","天瀚","26757.00","14662.00","--","--","12095.00","--","--","12095.00","20581.00","--","-8486.00","5990.00","-2496.00","0.00","-2496.00","--","--","-2496.00","1009.00","--","-1487.00","-2496.00","0.00","0.00","-1487.00","0.00","0.00","-0.09"
"115/08/27","115","2","6226","光鼎","326898.00","226840.00","--","--","100058.00","--","--","100058.00","113496.00","--","-13438.00","23435.00","9997.00","6418.00","3579.00","0.00","--","3579.00","126712.00","--","130291.00","3579.00","--","0.00","130291.00","--","0.00","0.03"
"115/08/27","115","2","6230","尼得科超眾","4678093.00","3866037.00","--","--","812056.00","--","--","812056.00","780196.00","--","31860.00","-196448.00","-164588.00","-7761.00","-156827.00","--","--","-156827.00","228415.00","--","71588.00","-156827.00","--","--","71588.00","--","--","-1.82"
"115/08/27","115","2","6235","華孚","3231976.00","2438855.00","--","--","793121.00","--","--","793121.00","604724.00","--","188397.00","-64349.00","124048.00","43800.00","80248.00","--","--","80248.00","195479.00","--","275727.00","80248.00","--","--","275727.00","--","--","0.40"
"115/08/27","115","2","6239","力成","44429999.00","35254988.00","--","--","9175011.00","--","--","9175011.00","2883720.00","--","6291291.00","526950.00","6818241.00","1581742.00","5236499.00","--","--","5236499.00","157579.00","--","5394078.00","4063013.00","--","1173486.00","4253548.00","--","1140530.00","5.50"
"115/08/27","115","2","6243","迅杰","168376.00","82842.00","--","--","85534.00","--","--","85534.00","141876.00","--","-56342.00","11916.00","-44426.00","1698.00","-46124.00","--","--","-46124.00","--","--","-46124.00","--","--","--","--","--","--","-1.02"
"115/08/27","115","2","6257","矽格","11174473.00","7485101.00","--","--","3689372.00","--","--","3689372.00","997267.00","--","2692105.00","263402.00","2955507.00","475480.00","2480027.00","--","--","2480027.00","3462428.00","--","5942455.00","2225873.00","--","254154.00","5693779.00","--","248676.00","4.65"
"115/08/27","115","2","6269","台郡","10847066.00","10692495.00","--","--","154571.00","--","--","154571.00","1854929.00","--","-1700358.00","80323.00","-1620035.00","-275578.00","-1344457.00","--","--","-1344457.00","521741.00","--","-822716.00","-1364721.00","--","20264.00","-843451.00","--","20735.00","-4.27"
"115/08/27","115","2","6271","同欣電","5972201.00","4203418.00","--","--","1768783.00","--","--","1768783.00","803486.00","--","965297.00","152255.00","1117552.00","201723.00","915829.00","0.00","--","915829.00","249542.00","--","1165371.00","914329.00","0.00","1500.00","1164166.00","0.00","1205.00","4.37"
"115/08/27","115","2","6272","驊陞","1567070.00","1239255.00","--","--","327815.00","--","--","327815.00","313251.00","--","14564.00","-8058.00","6506.00","-2734.00","9240.00","--","--","9240.00","62761.00","--","72001.00","10748.00","--","-1508.00","66844.00","--","5157.00","0.13"
"115/08/27","115","2","6277","宏正","2635317.00","1018500.00","--","--","1616817.00","--","--","1616817.00","1208339.00","--","408478.00","-4162.00","404316.00","99781.00","304535.00","--","--","304535.00","-26477.00","--","278058.00","298698.00","--","5837.00","273688.00","--","4370.00","2.50"
"115/08/27","115","2","6278","台表科","25785584.00","22806019.00","--","--","2979565.00","--","--","2979565.00","1437771.00","--","1541794.00","162396.00","1704190.00","275688.00","1428502.00","--","--","1428502.00","682538.00","--","2111040.00","1427118.00","--","1384.00","2111761.00","--","-721.00","4.93"
"115/08/27","115","2","6281","全國電","9673563.00","7727186.00","--","--","1946377.00","--","--","1946377.00","1670634.00","--","275743.00","7441.00","283184.00","59182.00","224002.00","--","--","224002.00","--","--","224002.00","--","--","--","--","--","--","2.26"
"115/08/27","115","2","6282","康舒","18095950.00","13982105.00","--","--","4113845.00","--","--","4113845.00","3722802.00","--","391043.00","64113.00","455156.00","149867.00","305289.00","0.00","--","305289.00","514363.00","--","819652.00","312697.00","--","-7408.00","814292.00","--","5360.00","0.37"
"115/08/27","115","2","6283","淳安","871970.00","803441.00","--","--","68529.00","--","--","68529.00","181936.00","--","-113407.00","23406.00","-90001.00","-4611.00","-85390.00","--","--","-85390.00","59667.00","--","-25723.00","-77051.00","--","-8339.00","-28572.00","--","2849.00","-0.53"
"115/08/27","115","2","6285","啟��","68594467.00","59456233.00","--","--","9138234.00","--","--","9138234.00","5707587.00","--","3430647.00","22453.00","3453100.00","691456.00","2761644.00","--","--","2761644.00","629485.00","--","3391129.00","2761644.00","--","--","3391129.00","--","--","5.75"
"115/08/27","115","2","6405","悅城","248.00","22169.00","--","--","-21921.00","--","--","-21921.00","29588.00","--","-51509.00","59912.00","8403.00","984.00","7419.00","--","--","7419.00","637779.00","--","645198.00","--","--","--","--","--","--","0.11"
"115/08/27","115","2","6409","旭隼","9759001.00","7257644.00","--","--","2501357.00","--","--","2501357.00","733522.00","--","1767835.00","-464791.00","1303044.00","199321.00","1103723.00","--","--","1103723.00","513358.00","--","1617081.00","1103723.00","--","--","1617081.00","--","--","12.58"
"115/08/27","115","2","6412","群電","16227361.00","13883596.00","--","--","2343765.00","--","--","2343765.00","1813730.00","--","530035.00","799791.00","1329826.00","111278.00","1218548.00","--","--","1218548.00","434684.00","--","1653232.00","1218548.00","--","--","1653232.00","--","--","3.04"
"115/08/27","115","2","6414","樺漢","85491428.00","68680532.00","--","--","16810896.00","--","--","16810896.00","12133695.00","--","4677201.00","1196414.00","5873615.00","1252113.00","4621502.00","0.00","--","4621502.00","10448.00","--","4631950.00","1802674.00","--","2818828.00","2074486.00","--","2557464.00","12.31"
"115/08/27","115","2","6416","瑞祺電通","2391053.00","1797160.00","--","--","593893.00","--","--","593893.00","319073.00","--","274820.00","7964.00","282784.00","69838.00","212946.00","--","--","212946.00","-2812.00","--","210134.00","212871.00","--","75.00","212821.00","--","-2687.00","2.90"
"115/08/27","115","2","6426","統新","362047.00","184402.00","--","--","177645.00","--","--","177645.00","83251.00","--","94394.00","13721.00","108115.00","-5928.00","114043.00","--","--","114043.00","-133.00","--","113910.00","114043.00","--","--","113910.00","--","--","2.96"
"115/08/27","115","2","6438","迅得","3568453.00","2635907.00","--","--","932546.00","--","--","932546.00","531528.00","--","401018.00","-6315.00","394703.00","90783.00","303920.00","--","--","303920.00","826307.00","--","1130227.00","311265.00","--","-7345.00","1138478.00","--","-8251.00","3.79"
"115/08/27","115","2","6442","光聖","6386649.00","2586444.00","--","--","3800205.00","--","--","3800205.00","1905988.00","--","1894217.00","78331.00","1972548.00","475907.00","1496641.00","--","--","1496641.00","-2052184.00","--","-555543.00","1497178.00","--","-537.00","-555006.00","--","-537.00","19.07"
"115/08/27","115","2","6443","元晶","673833.00","837404.00","--","--","-163571.00","-1877.00","-213.00","-161907.00","135934.00","-480.00","-298321.00","-4674.00","-302995.00","3804.00","-306799.00","--","--","-306799.00","2524.00","--","-304275.00","-306789.00","--","-10.00","-304265.00","--","-10.00","-0.60"
"115/08/27","115","2","6446","藥華藥","11976809.00","1016735.00","--","--","10960074.00","--","--","10960074.00","5717584.00","--","5242490.00","291693.00","5534183.00","854592.00","4679591.00","--","--","4679591.00","230323.00","--","4909914.00","4679591.00","--","--","4909914.00","--","--","11.35"
"115/08/27","115","2","6449","鈺邦","2498324.00","1612390.00","--","--","885934.00","--","--","885934.00","453082.00","--","432852.00","51362.00","484214.00","116994.00","367220.00","--","--","367220.00","2018927.00","--","2386147.00","390212.00","--","-22992.00","2409139.00","--","-22992.00","4.42"
"115/08/27","115","2","6456","GIS-KY","26579610.00","25428905.00","--","--","1150705.00","--","--","1150705.00","2275085.00","--","-1124380.00","373494.00","-750886.00","506301.00","-1257187.00","--","--","-1257187.00","1170525.00","--","-86662.00","-1256911.00","--","-276.00","-87234.00","--","572.00","-3.76"
"115/08/27","115","2","6464","台數科","2145010.00","1063489.00","--","--","1081521.00","--","--","1081521.00","486739.00","--","594782.00","-80049.00","514733.00","116379.00","398354.00","--","--","398354.00","-7775.00","--","390579.00","389361.00","--","8993.00","383444.00","--","7135.00","2.91"
"115/08/27","115","2","6472","保瑞","9890685.00","6017832.00","--","--","3872853.00","--","--","3872853.00","2477606.00","--","1395247.00","-360992.00","1034255.00","379841.00","654414.00","-24974.00","--","629440.00","55253.00","--","684693.00","581601.00","--","47839.00","655092.00","--","29601.00","4.56"
"115/08/27","115","2","6477","安集","449527.00","302844.00","--","--","146683.00","--","--","146683.00","58149.00","--","88534.00","-53876.00","34658.00","11182.00","23476.00","--","--","23476.00","-11011.00","--","12465.00","18500.00","--","4976.00","7630.00","--","4835.00","0.15"
"115/08/27","115","2","6491","晶碩","4000172.00","1874215.00","--","--","2125957.00","--","--","2125957.00","998580.00","--","1127377.00","88853.00","1216230.00","189269.00","1026961.00","--","--","1026961.00","20186.00","--","1047147.00","1016521.00","--","10440.00","1035414.00","--","11733.00","13.13"
"115/08/27","115","2","6504","南六","3329596.00","2883490.00","--","--","446106.00","--","--","446106.00","345630.00","--","100476.00","-60013.00","40463.00","39495.00","968.00","--","--","968.00","98852.00","--","99820.00","987.00","--","-19.00","99836.00","--","-16.00","0.01"
"115/08/27","115","2","6505","台塑化","344972366.00","292351170.00","--","--","52621196.00","--","--","52621196.00","5223969.00","--","47397227.00","4187977.00","51585204.00","10403336.00","41181868.00","--","--","41181868.00","101424223.00","--","142606091.00","41185628.00","--","-3760.00","142550278.00","--","55813.00","4.32"
"115/08/27","115","2","6515","穎崴","6503650.00","3871464.00","--","--","2632186.00","--","--","2632186.00","1030333.00","--","1601853.00","119804.00","1721657.00","350887.00","1370770.00","--","--","1370770.00","66207.00","--","1436977.00","1370770.00","--","--","1436977.00","--","--","38.24"
"115/08/27","115","2","6525","捷敏-KY","3008421.00","2176200.00","--","--","832221.00","--","--","832221.00","194378.00","--","637843.00","-6580.00","631263.00","136122.00","495141.00","--","--","495141.00","168747.00","--","663888.00","495141.00","--","--","663888.00","--","--","3.84"
"115/08/27","115","2","6526","達發","11744071.00","5650115.00","--","--","6093956.00","--","--","6093956.00","4334729.00","--","1759227.00","162741.00","1921968.00","289981.00","1631987.00","--","--","1631987.00","137745.00","--","1769732.00","1628149.00","--","3838.00","1765894.00","--","3838.00","9.72"
"115/08/27","115","2","6531","愛普*","4462828.00","2333634.00","--","--","2129194.00","--","--","2129194.00","815273.00","--","1313921.00","346663.00","1660584.00","333439.00","1327145.00","--","--","1327145.00","47884.00","--","1375029.00","1357389.00","--","-30244.00","1404021.00","--","-28992.00","8.33"
"115/08/27","115","2","6533","晶心科","892623.00","1156.00","--","--","891467.00","--","--","891467.00","1198446.00","--","-306979.00","9703.00","-297276.00","-63390.00","-233886.00","--","--","-233886.00","3390.00","--","-230496.00","-233886.00","--","--","-230496.00","--","--","-4.62"
"115/08/27","115","2","6534","正瀚-創","1328929.00","189625.00","--","--","1139304.00","--","--","1139304.00","450410.00","--","688894.00","9947.00","698841.00","121015.00","577826.00","--","--","577826.00","4205.00","--","582031.00","577826.00","--","0.00","582031.00","--","0.00","5.65"
"115/08/27","115","2","6541","泰福-KY","353270.00","845728.00","--","--","-492458.00","--","--","-492458.00","274847.00","--","-767305.00","-3919.00","-771224.00","28.00","-771252.00","--","--","-771252.00","38959.00","--","-732293.00","-771252.00","--","--","-732293.00","--","--","-2.91"
"115/08/27","115","2","6552","易華電","576929.00","630541.00","--","--","-53612.00","--","--","-53612.00","78953.00","--","-132565.00","56736.00","-75829.00","-807.00","-75022.00","--","--","-75022.00","1033405.00","--","958383.00","--","--","--","--","--","--","-0.90"
"115/08/27","115","2","6558","興能高","518067.00","460368.00","--","--","57699.00","--","--","57699.00","140255.00","--","-82556.00","10030.00","-72526.00","-1471.00","-71055.00","--","--","-71055.00","24778.00","--","-46277.00","-71055.00","--","--","-46277.00","--","--","-0.76"
"115/08/27","115","2","6579","研揚","5227560.00","3422946.00","--","--","1804614.00","--","--","1804614.00","1271525.00","--","533089.00","511974.00","1045063.00","148986.00","896077.00","--","--","896077.00","55226.00","--","951303.00","773376.00","--","122701.00","824422.00","--","126881.00","6.15"
"115/08/27","115","2","6581","鋼聯","1282106.00","534615.00","--","--","747491.00","--","--","747491.00","132724.00","--","614767.00","-4482.00","610285.00","124199.00","486086.00","--","--","486086.00","--","--","486086.00","486086.00","--","--","486086.00","--","--","4.37"
"115/08/27","115","2","6582","申豐","260740.00","255124.00","--","--","5616.00","--","--","5616.00","58567.00","--","-52951.00","46124.00","-6827.00","-5573.00","-1254.00","--","--","-1254.00","543344.00","--","542090.00","-1254.00","--","--","542090.00","--","--","-0.01"
"115/08/27","115","2","6585","鼎基","1657000.00","1039138.00","--","--","617862.00","--","--","617862.00","203057.00","--","414805.00","30238.00","445043.00","98411.00","346632.00","--","--","346632.00","7900.00","--","354532.00","346632.00","--","--","354532.00","--","--","4.81"
"115/08/27","115","2","6589","台康生技","620746.00","417926.00","--","--","202820.00","--","--","202820.00","612180.00","--","-409360.00","73539.00","-335821.00","378.00","-336199.00","--","--","-336199.00","-46949.00","--","-383148.00","-336199.00","--","--","-383148.00","--","--","-1.12"
"115/08/27","115","2","6591","動力-KY","544167.00","415946.00","--","--","128221.00","--","--","128221.00","162279.00","--","-34058.00","49660.00","15602.00","-13457.00","29059.00","--","--","29059.00","46071.00","--","75130.00","30178.00","--","-1119.00","76249.00","--","-1119.00","0.73"
"115/08/27","115","2","6592","和潤企業","11564100.00","4436223.00","--","--","7127877.00","--","--","7127877.00","4833376.00","--","2294501.00","193344.00","2487845.00","597315.00","1890530.00","--","--","1890530.00","4181.00","--","1894711.00","1857210.00","--","33320.00","1695678.00","--","199033.00","2.22"
"115/08/27","115","2","6598","ABC-KY","427226.00","138614.00","--","--","288612.00","--","--","288612.00","245549.00","--","43063.00","6151.00","49214.00","183.00","49031.00","--","--","49031.00","8036.00","--","57067.00","49031.00","--","--","57067.00","--","--","0.48"
"115/08/27","115","2","6605","帝寶","9610386.00","6546983.00","--","--","3063403.00","--","--","3063403.00","1458473.00","--","1604930.00","66023.00","1670953.00","389061.00","1281892.00","--","--","1281892.00","5428.00","--","1287320.00","1278602.00","--","3290.00","1263298.00","--","24022.00","7.71"
"115/08/27","115","2","6606","建德工業","484805.00","274474.00","--","--","210331.00","--","--","210331.00","66744.00","--","143587.00","6962.00","150549.00","61081.00","89468.00","-195.00","--","89273.00","50908.00","--","140181.00","90127.00","--","-854.00","139966.00","--","215.00","0.82"
"115/08/27","115","2","6614","資拓宏宇","2489421.00","2195651.00","--","--","293770.00","--","--","293770.00","248984.00","--","44786.00","7255.00","52041.00","9301.00","42740.00","--","--","42740.00","--","--","42740.00","42740.00","--","--","42740.00","--","--","0.53"
"115/08/27","115","2","6625","必應","2158509.00","1641395.00","--","--","517114.00","--","--","517114.00","139014.00","--","378100.00","22842.00","400942.00","132475.00","268467.00","--","--","268467.00","21944.00","--","290411.00","267783.00","--","684.00","289727.00","--","684.00","4.63"
"115/08/27","115","2","6641","基士德-KY","943519.00","647246.00","--","--","296273.00","--","--","296273.00","319595.00","--","-23322.00","16471.00","-6851.00","-10547.00","3696.00","--","--","3696.00","49976.00","--","53672.00","6958.00","--","-3262.00","57239.00","--","-3567.00","0.19"
"115/08/27","115","2","6645","金萬林-創","278377.00","236739.00","--","--","41638.00","--","--","41638.00","118745.00","--","-77107.00","-1912.00","-79019.00","375.00","-79394.00","--","--","-79394.00","172.00","--","-79222.00","-76321.00","--","-3073.00","-76149.00","--","-3073.00","-1.26"
"115/08/27","115","2","6655","科定","1507518.00","762369.00","--","--","745149.00","--","--","745149.00","509273.00","--","235876.00","23085.00","258961.00","51666.00","207295.00","--","--","207295.00","902042.00","--","1109337.00","206110.00","--","1185.00","1108468.00","--","869.00","2.62"
"115/08/27","115","2","6657","華安","3243.00","911.00","--","--","2332.00","--","--","2332.00","194173.00","--","-191841.00","7030.00","-184811.00","--","-184811.00","--","--","-184811.00","62.00","--","-184749.00","-184811.00","--","--","-184749.00","--","--","-2.10"
"115/08/27","115","2","6658","聯策","1324146.00","1011853.00","--","--","312293.00","--","--","312293.00","174427.00","--","137866.00","6597.00","144463.00","38434.00","106029.00","--","--","106029.00","41519.00","--","147548.00","110931.00","--","-4902.00","152450.00","--","-4902.00","3.05"
"115/08/27","115","2","6666","羅麗芬-KY","667408.00","207121.00","--","--","460287.00","--","--","460287.00","308429.00","--","151858.00","13026.00","164884.00","34140.00","130744.00","--","--","130744.00","71355.00","--","202099.00","139588.00","--","-8844.00","210094.00","--","-7995.00","2.95"
"115/08/27","115","2","6668","中揚光","586221.00","502996.00","--","--","83225.00","--","--","83225.00","180112.00","--","-96887.00","7817.00","-89070.00","476.00","-89546.00","--","--","-89546.00","166297.00","--","76751.00","-89339.00","--","-207.00","76722.00","--","29.00","-0.83"
"115/08/27","115","2","6669","緯穎","554660326.00","508016209.00","--","--","46644117.00","--","--","46644117.00","8967941.00","--","37676176.00","-768187.00","36907989.00","7824482.00","29083507.00","--","--","29083507.00","1767192.00","--","30850699.00","29083507.00","--","--","30850699.00","--","--","156.38"
"115/08/27","115","2","6670","復盛應用","16543124.00","12438111.00","--","--","4105013.00","--","--","4105013.00","1582748.00","--","2522265.00","29364.00","2551629.00","601016.00","1950613.00","--","--","1950613.00","368391.00","--","2319004.00","1826406.00","--","124207.00","2164010.00","--","154994.00","13.10"
"115/08/27","115","2","6672","騰輝電子-KY","2859714.00","1855224.00","--","--","1004490.00","--","--","1004490.00","588354.00","--","416136.00","8192.00","424328.00","66859.00","357469.00","--","--","357469.00","110344.00","--","467813.00","357470.00","--","-1.00","467814.00","--","-1.00","4.75"
"115/08/27","115","2","6674","鋐寶科技","217063.00","189308.00","--","--","27755.00","--","--","27755.00","151338.00","--","-123583.00","-4386.00","-127969.00","5000.00","-132969.00","--","--","-132969.00","-150.00","--","-133119.00","-132969.00","--","--","-133119.00","--","--","-1.97"
"115/08/27","115","2","6689","伊雲谷","6120700.00","5536007.00","--","--","584693.00","--","--","584693.00","544913.00","--","39780.00","26165.00","65945.00","11820.00","54125.00","--","--","54125.00","19576.00","--","73701.00","48464.00","--","5661.00","67651.00","--","6050.00","0.71"
"115/08/27","115","2","6691","洋基工程","18111362.00","14807058.00","--","--","3304304.00","--","--","3304304.00","365881.00","--","2938423.00","15970.00","2954393.00","637678.00","2316715.00","--","--","2316715.00","37539.00","--","2354254.00","2316715.00","--","--","2354254.00","--","--","17.46"
"115/08/27","115","2","6695","芯鼎","507145.00","316561.00","--","--","190584.00","--","--","190584.00","373706.00","--","-183122.00","56338.00","-126784.00","--","-126784.00","--","--","-126784.00","--","--","-126784.00","-126784.00","--","--","-126784.00","--","--","-1.28"
"115/08/27","115","2","6698","旭暉應材","327242.00","344673.00","--","--","-17431.00","--","--","-17431.00","125570.00","--","-143001.00","5625.00","-137376.00","-5076.00","-132300.00","--","--","-132300.00","17722.00","--","-114578.00","-85277.00","--","-47023.00","-72289.00","--","-42289.00","-1.30"
"115/08/27","115","2","6706","惠特","337458.00","365958.00","--","--","-28500.00","0.00","0.00","-28500.00","258218.00","--","-286718.00","47840.00","-238878.00","-14948.00","-223930.00","--","--","-223930.00","74926.00","--","-149004.00","-223930.00","--","--","-149004.00","--","--","-2.85"
"115/08/27","115","2","6715","嘉基","921018.00","621423.00","--","--","299595.00","--","--","299595.00","237241.00","--","62354.00","11055.00","73409.00","29845.00","43564.00","--","--","43564.00","5210.00","--","48774.00","59528.00","--","-15964.00","64738.00","--","-15964.00","0.89"
"115/08/27","115","2","6719","力智","2100786.00","1257329.00","--","--","843457.00","--","--","843457.00","468413.00","--","375044.00","160611.00","535655.00","92690.00","442965.00","--","--","442965.00","55994.00","--","498959.00","442965.00","--","--","498959.00","--","--","4.20"
"115/08/27","115","2","6722","輝創","2413123.00","1893961.00","--","--","519162.00","601.00","--","518561.00","460393.00","--","58168.00","41227.00","99395.00","29285.00","70110.00","--","--","70110.00","7786.00","--","77896.00","70110.00","--","--","77896.00","--","--","0.80"
"115/08/27","115","2","6742","澤米","180916.00","203118.00","--","--","-22202.00","--","--","-22202.00","48289.00","--","-70491.00","6897.00","-63594.00","-1970.00","-61624.00","--","--","-61624.00","1333.00","--","-60291.00","-61624.00","--","--","-60291.00","--","--","-0.87"
"115/08/27","115","2","6743","安普新","2441106.00","2011996.00","--","--","429110.00","--","--","429110.00","327144.00","--","101966.00","-64003.00","37963.00","37834.00","129.00","--","--","129.00","51092.00","--","51221.00","129.00","--","0.00","51221.00","--","0.00","0.00"
"115/08/27","115","2","6753","龍德造船","2849125.00","1732688.00","--","--","1116437.00","--","--","1116437.00","142125.00","--","974312.00","1648.00","975960.00","208337.00","767623.00","--","--","767623.00","2639.00","--","770262.00","--","--","--","--","--","--","6.55"
"115/08/27","115","2","6754","匯僑設計","1394388.00","1077532.00","--","--","316856.00","--","--","316856.00","275738.00","--","41118.00","11046.00","52164.00","6548.00","45616.00","--","--","45616.00","31731.00","--","77347.00","45616.00","--","--","77347.00","--","--","0.69"
"115/08/27","115","2","6756","威鋒電子","948111.00","527655.00","--","--","420456.00","--","--","420456.00","453974.00","--","-33518.00","122563.00","89045.00","16836.00","72209.00","--","--","72209.00","131210.00","--","203419.00","86621.00","--","-14412.00","216010.00","--","-12591.00","1.24"
"115/08/27","115","2","6757","台灣虎航","10324864.00","7298684.00","--","--","3026180.00","--","--","3026180.00","908819.00","--","2117361.00","-17824.00","2099537.00","421374.00","1678163.00","--","--","1678163.00","1566.00","--","1679729.00","--","--","--","--","--","--","3.65"
"115/08/27","115","2","6768","志強-KY","10786046.00","8976853.00","--","--","1809193.00","--","--","1809193.00","1170034.00","--","639159.00","96627.00","735786.00","201711.00","534075.00","--","--","534075.00","176498.00","--","710573.00","534075.00","--","--","710573.00","--","--","2.67"
"115/08/27","115","2","6770","力積電","30862646.00","24585508.00","--","--","6277138.00","--","--","6277138.00","4837192.00","16470247.00","17910193.00","309699.00","18219892.00","697542.00","17522350.00","--","--","17522350.00","34578.00","--","17556928.00","17522350.00","--","--","17556928.00","--","--","4.08"
"115/08/27","115","2","6771","平和環保-創","277707.00","147692.00","--","--","130015.00","--","--","130015.00","58351.00","--","71664.00","-12324.00","59340.00","13597.00","45743.00","--","--","45743.00","0.00","--","45743.00","45903.00","--","-160.00","45903.00","--","-160.00","1.47"
"115/08/27","115","2","6776","展�眥篕�","18872616.00","17405764.00","--","--","1466852.00","--","--","1466852.00","1090470.00","--","376382.00","-43631.00","332751.00","84900.00","247851.00","--","--","247851.00","43997.00","--","291848.00","218892.00","5392.00","23567.00","249901.00","6924.00","35023.00","2.45"
"115/08/27","115","2","6782","視陽","2496453.00","1314855.00","--","--","1181598.00","--","--","1181598.00","456876.00","--","724722.00","-21955.00","702767.00","169216.00","533551.00","--","--","533551.00","13109.00","--","546660.00","532601.00","--","950.00","545710.00","--","950.00","8.45"
"115/08/27","115","2","6789","采鈺","4790531.00","3287962.00","--","--","1502569.00","--","--","1502569.00","742297.00","247687.00","1007959.00","76053.00","1084012.00","147865.00","936147.00","--","--","936147.00","--","--","936147.00","--","--","--","--","--","--","2.95"
"115/08/27","115","2","6790","永豐實","5356690.00","3855081.00","--","--","1501609.00","--","--","1501609.00","1026048.00","--","475561.00","38274.00","513835.00","106696.00","407139.00","--","--","407139.00","114524.00","--","521663.00","407139.00","--","0.00","521663.00","--","0.00","1.52"
"115/08/27","115","2","6792","詠業","716906.00","461225.00","--","--","255681.00","--","--","255681.00","166462.00","--","89219.00","5741.00","94960.00","16433.00","78527.00","--","--","78527.00","101065.00","--","179592.00","78527.00","--","--","179592.00","--","--","1.68"
"115/08/27","115","2","6794","向榮生技","10873.00","4124.00","--","--","6749.00","--","--","6749.00","62277.00","--","-55528.00","7403.00","-48125.00","--","-48125.00","--","--","-48125.00","--","--","-48125.00","--","--","--","--","--","--","-0.76"
"115/08/27","115","2","6796","晉弘","308894.00","193822.00","--","--","115072.00","--","--","115072.00","143977.00","--","-28905.00","4291.00","-24614.00","-3016.00","-21598.00","--","--","-21598.00","480.00","--","-21118.00","-21598.00","--","--","-21118.00","--","--","-0.54"
"115/08/27","115","2","6799","來頡","503896.00","271014.00","--","--","232882.00","--","--","232882.00","124969.00","--","107913.00","19384.00","127297.00","22896.00","104401.00","--","--","104401.00","-235.00","--","104166.00","104401.00","--","--","104166.00","--","--","2.41"
"115/08/27","115","2","6805","富世達","7923593.00","5298555.00","--","--","2625038.00","--","--","2625038.00","461334.00","--","2163704.00","77055.00","2240759.00","474358.00","1766401.00","--","--","1766401.00","249169.00","--","2015570.00","1766401.00","--","--","2015570.00","--","--","25.77"
"115/08/27","115","2","6807","峰源-KY","1719913.00","1447160.00","--","--","272753.00","--","--","272753.00","242788.00","--","29965.00","51037.00","81002.00","39374.00","41628.00","--","--","41628.00","-4165.00","--","37463.00","41628.00","--","--","37463.00","--","--","0.77"
"115/08/27","115","2","6830","汎銓","1213881.00","930413.00","--","--","283468.00","--","--","283468.00","276183.00","--","7285.00","-16418.00","-9133.00","4118.00","-13251.00","--","--","-13251.00","45844.00","--","32593.00","-13251.00","--","--","32593.00","--","--","-0.25"
"115/08/27","115","2","6831","邁科","1901151.00","1520982.00","--","--","380169.00","--","--","380169.00","211770.00","--","168399.00","-21731.00","146668.00","34513.00","112155.00","--","--","112155.00","16942.00","--","129097.00","112155.00","--","--","129097.00","--","--","1.66"
"115/08/27","115","2","6834","天二科技","1003495.00","742548.00","--","--","260947.00","--","--","260947.00","152107.00","--","108840.00","54431.00","163271.00","21906.00","141365.00","--","--","141365.00","2784.00","--","144149.00","141365.00","--","--","144149.00","--","--","1.60"
"115/08/27","115","2","6835","圓裕","1174128.00","984796.00","--","--","189332.00","--","--","189332.00","193732.00","--","-4400.00","-8506.00","-12906.00","2271.00","-15177.00","--","--","-15177.00","-11976.00","--","-27153.00","-15183.00","--","6.00","-26965.00","--","-188.00","-0.23"
"115/08/27","115","2","6838","台新藥","48448.00","13599.00","--","--","34849.00","--","--","34849.00","121189.00","--","-86340.00","5968.00","-80372.00","2502.00","-82874.00","--","--","-82874.00","-2561.00","--","-85435.00","-82896.00","--","22.00","-85439.00","--","4.00","-0.55"
"115/08/27","115","2","6854","錼創科技-KY創","286923.00","374017.00","--","--","-87094.00","--","--","-87094.00","465024.00","--","-552118.00","98957.00","-453161.00","33013.00","-486174.00","--","--","-486174.00","17390.00","--","-468784.00","-486174.00","--","--","-468784.00","--","--","-4.13"
"115/08/27","115","2","6861","睿生光電","1548068.00","1124288.00","--","--","423780.00","--","--","423780.00","240889.00","--","182891.00","39866.00","222757.00","38000.00","184757.00","--","--","184757.00","565.00","--","185322.00","184757.00","--","--","185322.00","--","--","4.44"
"115/08/27","115","2","6862","三集瑞-KY","911645.00","603956.00","--","--","307689.00","--","--","307689.00","187843.00","--","119846.00","4297.00","124143.00","40040.00","84103.00","--","--","84103.00","8848.00","--","92951.00","84103.00","--","--","92951.00","--","--","1.68"
"115/08/27","115","2","6863","永道-KY","2682365.00","2083666.00","--","--","598699.00","--","--","598699.00","340707.00","--","257992.00","-10917.00","247075.00","102291.00","144784.00","--","--","144784.00","242298.00","--","387082.00","144715.00","--","69.00","386976.00","--","106.00","1.93"
"115/08/27","115","2","6869","雲豹能源","3497941.00","2928866.00","--","--","569075.00","8295.00","9469.00","570249.00","461447.00","--","108802.00","-321475.00","-212673.00","3204.00","-215877.00","--","--","-215877.00","-25942.00","--","-241819.00","-252522.00","--","36645.00","-269726.00","--","27907.00","-1.89"
"115/08/27","115","2","6873","泓德能源","3077835.00","2153569.00","--","--","924266.00","166177.00","--","758089.00","646050.00","--","112039.00","-274371.00","-162332.00","56707.00","-219039.00","--","--","-219039.00","6811.00","--","-212228.00","-188631.00","--","-30408.00","-212471.00","--","243.00","-1.32"
"115/08/27","115","2","6885","全福生技","6790.00","7956.00","--","--","-1166.00","--","--","-1166.00","168188.00","--","-169354.00","-34533.00","-203887.00","33.00","-203920.00","--","--","-203920.00","27617.00","--","-176303.00","-182714.00","--","-21206.00","-155017.00","--","-21286.00","-1.39"
"115/08/27","115","2","6890","來億-KY","17901059.00","15192236.00","--","--","2708823.00","--","--","2708823.00","1325783.00","--","1383040.00","47939.00","1430979.00","313658.00","1117321.00","--","--","1117321.00","66582.00","--","1183903.00","1130512.00","--","-13191.00","1184472.00","--","-569.00","4.53"
"115/08/27","115","2","6901","鑽石投資","3129314.00","--","--","--","3129314.00","--","--","3129314.00","73605.00","--","3055709.00","26826.00","3082535.00","0.00","3082535.00","--","--","3082535.00","--","--","3082535.00","--","--","--","--","--","--","3.62"
"115/08/27","115","2","6902","GOGOLOOK","612824.00","65327.00","--","--","547497.00","--","--","547497.00","428900.00","--","118597.00","2703.00","121300.00","3673.00","117627.00","--","--","117627.00","-3304.00","--","114323.00","117627.00","--","--","114323.00","--","--","3.33"
"115/08/27","115","2","6906","現觀科","149922.00","22513.00","--","--","127409.00","--","--","127409.00","113943.00","--","13466.00","14381.00","27847.00","3494.00","24353.00","--","--","24353.00","398.00","--","24751.00","24353.00","--","--","24751.00","--","--","0.76"
"115/08/27","115","2","6908","宏�砦C戲-創","2350091.00","2025151.00","--","--","324940.00","--","--","324940.00","317782.00","--","7158.00","-25117.00","-17959.00","3121.00","-21080.00","--","--","-21080.00","48790.00","--","27710.00","16314.00","--","-37394.00","45775.00","--","-18065.00","0.45"
"115/08/27","115","2","6909","創控","203269.00","87209.00","--","--","116060.00","--","--","116060.00","109899.00","--","6161.00","5440.00","11601.00","447.00","11154.00","--","--","11154.00","--","--","11154.00","--","--","--","--","--","--","0.17"
"115/08/27","115","2","6914","阜爾運通","2934928.00","2304871.00","--","--","630057.00","--","--","630057.00","194129.00","--","435928.00","-54065.00","381863.00","73815.00","308048.00","--","--","308048.00","1141.00","--","309189.00","308048.00","--","--","309189.00","--","--","4.65"
"115/08/27","115","2","6916","華凌","1141208.00","878518.00","--","--","262690.00","--","--","262690.00","281490.00","--","-18800.00","-8793.00","-27593.00","-3126.00","-24467.00","--","--","-24467.00","30484.00","--","6017.00","-24975.00","--","508.00","5478.00","--","539.00","-0.37"
"115/08/27","115","2","6918","愛派司","462323.00","155779.00","--","--","306544.00","--","--","306544.00","192408.00","--","114136.00","12201.00","126337.00","22654.00","103683.00","--","--","103683.00","9061.00","--","112744.00","103399.00","--","284.00","112460.00","--","284.00","3.03"
"115/08/27","115","2","6919","康霈*","3568.00","1240.00","--","--","2328.00","--","--","2328.00","511244.00","--","-508916.00","178646.00","-330270.00","0.00","-330270.00","--","--","-330270.00","-42632.00","--","-372902.00","-330270.00","--","--","-372902.00","--","--","-0.21"
"115/08/27","115","2","6921","嘉雨思-創","45036.00","24085.00","--","--","20951.00","--","--","20951.00","46247.00","--","-25296.00","2154.00","-23142.00","0.00","-23142.00","--","--","-23142.00","--","--","-23142.00","--","--","--","--","--","--","-0.73"
"115/08/27","115","2","6923","中台","671537.00","422085.00","--","--","249452.00","--","--","249452.00","45598.00","1257.00","205111.00","50170.00","255281.00","38850.00","216431.00","--","--","216431.00","-15945.00","--","200486.00","216431.00","--","--","200486.00","--","--","2.37"
"115/08/27","115","2","6924","榮惠-KY創","986992.00","742544.00","--","--","244448.00","--","--","244448.00","124567.00","--","119881.00","-4861.00","115020.00","26058.00","88962.00","--","--","88962.00","-3120.00","--","85842.00","88962.00","--","--","85842.00","--","--","4.31"
"115/08/27","115","2","6928","攸泰科技","941716.00","674460.00","--","--","267256.00","--","--","267256.00","318440.00","--","-51184.00","15368.00","-35816.00","-6399.00","-29417.00","--","--","-29417.00","4044.00","--","-25373.00","-29417.00","--","--","-25373.00","--","--","-0.34"
"115/08/27","115","2","6931","青松健康","630374.00","531022.00","--","--","99352.00","--","--","99352.00","53115.00","1342.00","47579.00","154648.00","202227.00","16476.00","185751.00","--","--","185751.00","-530.00","--","185221.00","177428.00","--","8323.00","176898.00","--","8323.00","2.68"
"115/08/27","115","2","6934","心誠鎂","19814.00","52681.00","--","--","-32867.00","--","--","-32867.00","64821.00","--","-97688.00","2242.00","-95446.00","-12.00","-95434.00","--","--","-95434.00","-61.00","--","-95495.00","-95434.00","--","--","-95495.00","--","--","-2.69"
"115/08/27","115","2","6936","永鴻生技","744081.00","465930.00","--","--","278151.00","--","--","278151.00","174190.00","--","103961.00","420.00","104381.00","21239.00","83142.00","--","--","83142.00","--","--","83142.00","--","--","--","--","--","--","1.14"
"115/08/27","115","2","6937","天虹","1300864.00","758326.00","--","--","542538.00","--","--","542538.00","351725.00","--","190813.00","14014.00","204827.00","38782.00","166045.00","--","--","166045.00","11628.00","--","177673.00","170984.00","--","-4939.00","182612.00","--","-4939.00","2.54"
"115/08/27","115","2","6944","兆聯實業","9787323.00","7064473.00","--","--","2722850.00","--","--","2722850.00","452567.00","--","2270283.00","29161.00","2299444.00","654224.00","1645220.00","--","--","1645220.00","20469.00","--","1665689.00","1645220.00","--","--","1665689.00","--","--","16.50"
"115/08/27","115","2","6947","台鎔科技","852914.00","529479.00","--","--","323435.00","--","--","323435.00","98370.00","--","225065.00","-71777.00","153288.00","17855.00","135433.00","--","--","135433.00","--","--","135433.00","135433.00","--","--","135433.00","--","--","1.44"
"115/08/27","115","2","6949","沛爾生醫-創","15318.00","18321.00","--","--","-3003.00","--","--","-3003.00","195043.00","--","-198046.00","10441.00","-187605.00","0.00","-187605.00","--","--","-187605.00","322.00","--","-187283.00","-165484.00","--","-22121.00","-165162.00","--","-22121.00","-2.54"
"115/08/27","115","2","6951","青新-創","441516.00","176713.00","--","--","264803.00","--","--","264803.00","84072.00","--","180731.00","2973.00","183704.00","36433.00","147271.00","--","--","147271.00","--","--","147271.00","147271.00","--","--","147271.00","--","--","2.83"
"115/08/27","115","2","6952","大武山","1140330.00","980030.00","67036.00","--","227336.00","--","--","227336.00","181623.00","--","45713.00","-4349.00","41364.00","4071.00","37293.00","--","--","37293.00","--","--","37293.00","35820.00","0.00","1473.00","35820.00","0.00","1473.00","0.53"
"115/08/27","115","2","6955","邦睿生技-創","176715.00","39817.00","--","--","136898.00","--","--","136898.00","80919.00","--","55979.00","4762.00","60741.00","8403.00","52338.00","--","--","52338.00","172.00","--","52510.00","52338.00","--","0.00","52510.00","--","0.00","2.11"
"115/08/27","115","2","6958","日盛台駿","5095330.00","3659686.00","--","--","1435644.00","--","--","1435644.00","1156676.00","--","278968.00","24016.00","302984.00","116509.00","186475.00","--","--","186475.00","150861.00","--","337336.00","185793.00","--","682.00","343350.00","--","-6014.00","0.46"
"115/08/27","115","2","6962","奕力-KY","8720612.00","7162931.00","--","--","1557681.00","--","--","1557681.00","1693051.00","--","-135370.00","174806.00","39436.00","-253958.00","293394.00","--","--","293394.00","81396.00","--","374790.00","293394.00","--","--","374790.00","--","--","0.61"
"115/08/27","115","2","6969","成信實業*-創","145313.00","97246.00","--","--","48067.00","215.00","253.00","48105.00","41806.00","--","6299.00","-8175.00","-1876.00","0.00","-1876.00","--","--","-1876.00","--","--","-1876.00","-1876.00","0.00","0.00","-1876.00","0.00","0.00","-0.04"
"115/08/27","115","2","6988","威力暘-創","359857.00","253763.00","--","--","106094.00","--","--","106094.00","114544.00","--","-8450.00","-737.00","-9187.00","351.00","-9538.00","--","--","-9538.00","15516.00","--","5978.00","-9538.00","--","--","5978.00","--","--","-0.20"
"115/08/27","115","2","6994","富威電力","1420411.00","1209202.00","--","--","211209.00","27848.00","1638.00","184999.00","119724.00","--","65275.00","-52514.00","12761.00","23139.00","-10378.00","--","--","-10378.00","474.00","--","-9904.00","-6359.00","--","-4019.00","-6117.00","--","-3787.00","-0.09"
"115/08/27","115","2","7610","聯友金屬-創","2929338.00","883685.00","--","--","2045653.00","--","--","2045653.00","193501.00","--","1852152.00","2018.00","1854170.00","381847.00","1472323.00","--","--","1472323.00","--","--","1472323.00","1471307.00","--","1016.00","1471307.00","--","1016.00","25.37"
"115/08/27","115","2","7631","聚賢研發-創","899750.00","631426.00","--","--","268324.00","--","--","268324.00","91618.00","--","176706.00","303.00","177009.00","50781.00","126228.00","--","--","126228.00","2012.00","--","128240.00","126228.00","--","--","128240.00","--","--","6.26"
"115/08/27","115","2","7689","大鵬科CLMX","2956346.00","2047144.00","--","--","909202.00","--","--","909202.00","452089.00","--","457113.00","-19812.00","437301.00","92735.00","344566.00","--","--","344566.00","54.00","--","344620.00","344566.00","--","--","344620.00","--","--","6.51"
"115/08/27","115","2","7705","三商餐飲","3267465.00","2118585.00","--","--","1148880.00","--","--","1148880.00","1080944.00","--","67936.00","-824.00","67112.00","7849.00","59263.00","--","--","59263.00","-244.00","--","59019.00","59269.00","--","-6.00","59025.00","--","-6.00","0.90"
"115/08/27","115","2","7711","永擎","15711594.00","13318364.00","--","--","2393230.00","--","--","2393230.00","880568.00","--","1512662.00","-25097.00","1487565.00","262640.00","1224925.00","--","--","1224925.00","1.00","--","1224926.00","1224925.00","--","--","1224926.00","--","--","17.44"
"115/08/27","115","2","7721","微程式","328376.00","125632.00","--","--","202744.00","--","--","202744.00","158953.00","--","43791.00","2119.00","45910.00","9314.00","36596.00","--","--","36596.00","13656.00","--","50252.00","36596.00","--","--","50252.00","--","--","0.66"
"115/08/27","115","2","7722","LINEPAY","4227205.00","3201039.00","--","--","1026166.00","--","--","1026166.00","755391.00","--","270775.00","140607.00","411382.00","115759.00","295623.00","--","--","295623.00","-8449.00","--","287174.00","295623.00","--","--","287174.00","--","--","4.35"
"115/08/27","115","2","7730","暉盛-創","191025.00","104004.00","--","--","87021.00","--","--","87021.00","69518.00","--","17503.00","7970.00","25473.00","5087.00","20386.00","--","--","20386.00","-139.00","--","20247.00","20386.00","--","0.00","20247.00","--","0.00","0.55"
"115/08/27","115","2","7732","金興精密","533138.00","392636.00","--","--","140502.00","--","--","140502.00","90194.00","--","50308.00","25656.00","75964.00","12780.00","63184.00","--","--","63184.00","-25879.00","--","37305.00","63184.00","--","--","37305.00","--","--","0.99"
"115/08/27","115","2","7736","虎山","722156.00","518071.00","--","--","204085.00","--","--","204085.00","83381.00","--","120704.00","87548.00","208252.00","24994.00","183258.00","--","--","183258.00","-16685.00","--","166573.00","183258.00","--","--","166573.00","--","--","2.42"
"115/08/27","115","2","7740","熙特爾-創","7274083.00","6590354.00","--","--","683729.00","--","--","683729.00","177717.00","--","506012.00","-41377.00","464635.00","82977.00","381658.00","--","--","381658.00","-11944.00","--","369714.00","348169.00","--","33489.00","336225.00","--","33489.00","5.80"
"115/08/27","115","2","7750","新代","13124660.00","7110428.00","--","--","6014232.00","--","--","6014232.00","2370537.00","--","3643695.00","264388.00","3908083.00","938589.00","2969494.00","--","--","2969494.00","239514.00","--","3209008.00","2969494.00","--","--","3209008.00","--","--","42.53"
"115/08/27","115","2","7760","享溫馨","657531.00","404507.00","--","--","253024.00","--","--","253024.00","207737.00","--","45287.00","-10444.00","34843.00","887.00","33956.00","--","--","33956.00","--","--","33956.00","--","--","--","--","--","--","0.55"
"115/08/27","115","2","7765","中華資安","1181763.00","638567.00","--","--","543196.00","--","--","543196.00","251316.00","--","291880.00","21262.00","313142.00","62640.00","250502.00","--","--","250502.00","5410.00","--","255912.00","--","--","--","--","--","--","6.16"
"115/08/27","115","2","7768","頌勝科技","1129571.00","520665.00","--","--","608906.00","--","--","608906.00","399202.00","--","209704.00","81646.00","291350.00","72515.00","218835.00","--","--","218835.00","10672.00","--","229507.00","213974.00","--","4861.00","223339.00","--","6168.00","3.32"
"115/08/27","115","2","7769","鴻勁","24518966.00","10750662.00","--","--","13768304.00","--","--","13768304.00","1722048.00","--","12046256.00","644391.00","12690647.00","2590130.00","10100517.00","--","--","10100517.00","177209.00","--","10277726.00","10100510.00","--","7.00","10277719.00","--","7.00","56.14"
"115/08/27","115","2","7780","大研生醫*","1080185.00","418901.00","--","--","661284.00","--","--","661284.00","474142.00","--","187142.00","122936.00","310078.00","79184.00","230894.00","--","--","230894.00","94232.00","--","325126.00","230894.00","--","--","325126.00","--","--","0.29"
"115/08/27","115","2","7786","東方風能","6066813.00","4759539.00","--","--","1307274.00","--","--","1307274.00","170474.00","--","1136800.00","-14801.00","1121999.00","257860.00","864139.00","--","--","864139.00","-143.00","--","863996.00","864139.00","--","--","863996.00","--","--","4.92"
"115/08/27","115","2","7788","松川精密","4117008.00","2917248.00","--","--","1199760.00","--","--","1199760.00","683318.00","--","516442.00","69047.00","585489.00","147119.00","438370.00","--","--","438370.00","53464.00","--","491834.00","440369.00","--","-1999.00","487794.00","--","4040.00","5.52"
"115/08/27","115","2","7791","皇家可口","1160131.00","754512.00","--","--","405619.00","--","--","405619.00","277868.00","--","127751.00","78694.00","206445.00","-10056.00","216501.00","--","--","216501.00","-353906.00","--","-137405.00","--","--","--","--","--","--","2.71"
"115/08/27","115","2","7795","長廣","890198.00","520469.00","--","--","369729.00","--","--","369729.00","230541.00","--","139188.00","6660.00","145848.00","76786.00","69062.00","--","--","69062.00","-24259.00","--","44803.00","69062.00","--","--","44803.00","--","--","0.88"
"115/08/27","115","2","7799","禾榮科","3389.00","10998.00","--","--","-7609.00","--","--","-7609.00","223234.00","--","-230843.00","65846.00","-164997.00","--","-164997.00","--","--","-164997.00","-170390.00","--","-335387.00","-164997.00","--","--","-335387.00","--","--","-1.05"
"115/08/27","115","2","7803","雲象科技-創","32034.00","17632.00","--","--","14402.00","--","--","14402.00","172825.00","--","-158423.00","4854.00","-153569.00","0.00","-153569.00","--","--","-153569.00","-2563.00","--","-156132.00","-153569.00","--","--","-156132.00","--","--","-1.70"
"115/08/27","115","2","7818","溢泰實業","5788627.00","4171448.00","--","--","1617179.00","--","--","1617179.00","1380443.00","--","236736.00","126152.00","362888.00","107762.00","255126.00","--","--","255126.00","215228.00","--","470354.00","255126.00","--","0.00","470354.00","--","0.00","1.65"
"115/08/27","115","2","7821","神數","4795023.00","3775782.00","--","--","1019241.00","--","--","1019241.00","855107.00","--","164134.00","19325.00","183459.00","33062.00","150397.00","--","--","150397.00","7555.00","--","157952.00","150397.00","0.00","--","157952.00","0.00","--","1.32"
"115/08/27","115","2","7822","倍利科","1419287.00","575975.00","--","--","843312.00","--","--","843312.00","310234.00","--","533078.00","24143.00","557221.00","116064.00","441157.00","--","--","441157.00","--","--","441157.00","442360.00","--","-1203.00","442360.00","--","-1203.00","10.12"
"115/08/27","115","2","7835","永悅健康-創","207475.00","145051.00","--","--","62424.00","--","--","62424.00","173224.00","--","-110800.00","7001.00","-103799.00","2030.00","-105829.00","0.00","--","-105829.00","-396.00","--","-106225.00","-106185.00","--","356.00","-106542.00","--","317.00","-2.42"
"115/08/27","115","2","7855","和運租車","15215795.00","13385668.00","--","--","1830127.00","--","--","1830127.00","1395383.00","--","434744.00","239523.00","674267.00","173940.00","500327.00","--","--","500327.00","159185.00","--","659512.00","498527.00","--","1800.00","657712.00","--","1800.00","2.59"
"115/08/27","115","2","8011","台通","834838.00","664661.00","--","--","170177.00","--","--","170177.00","111567.00","--","58610.00","-11691.00","46919.00","3734.00","43185.00","--","--","43185.00","1489.00","--","44674.00","32159.00","--","11026.00","33550.00","--","11124.00","0.19"
"115/08/27","115","2","8016","矽創","11580606.00","7732917.00","--","--","3847689.00","--","--","3847689.00","2206333.00","667.00","1642023.00","369928.00","2011951.00","277026.00","1734925.00","--","--","1734925.00","1035891.00","--","2770816.00","1445230.00","--","289695.00","2399481.00","--","371335.00","12.28"
"115/08/27","115","2","8021","尖點","3165595.00","1912667.00","--","--","1252928.00","--","--","1252928.00","478586.00","7881.00","782223.00","5909.00","788132.00","236034.00","552098.00","--","--","552098.00","327534.00","--","879632.00","470734.00","--","81364.00","783898.00","--","95734.00","3.25"
"115/08/27","115","2","8028","昇陽半導體","2730311.00","1699959.00","--","--","1030352.00","--","--","1030352.00","327864.00","--","702488.00","-11469.00","691019.00","96298.00","594721.00","--","--","594721.00","--","--","594721.00","--","--","--","--","--","--","3.32"
"115/08/27","115","2","8033","雷虎","838890.00","530752.00","--","--","308138.00","--","--","308138.00","310316.00","--","-2178.00","98247.00","96069.00","-370.00","96439.00","--","--","96439.00","-25411.00","--","71028.00","95982.00","--","457.00","70600.00","--","428.00","0.62"
"115/08/27","115","2","8039","台虹","5111593.00","3955859.00","--","--","1155734.00","--","--","1155734.00","836427.00","--","319307.00","211139.00","530446.00","114004.00","416442.00","--","--","416442.00","381413.00","--","797855.00","411845.00","--","4597.00","794347.00","--","3508.00","1.56"
"115/08/27","115","2","8045","達運光電","917730.00","670282.00","--","--","247448.00","--","--","247448.00","216218.00","--","31230.00","1907.00","33137.00","9731.00","23406.00","--","--","23406.00","2611.00","--","26017.00","23715.00","--","-309.00","26336.00","--","-319.00","0.25"
"115/08/27","115","2","8046","南電","24752716.00","19621661.00","--","--","5131055.00","--","--","5131055.00","879450.00","--","4251605.00","322224.00","4573829.00","1003419.00","3570410.00","--","--","3570410.00","859921.00","--","4430331.00","3570410.00","--","--","4430331.00","--","--","5.53"
"115/08/27","115","2","8070","長華*","11551609.00","9375090.00","--","--","2176519.00","--","--","2176519.00","789677.00","--","1386842.00","373572.00","1760414.00","326601.00","1433813.00","--","--","1433813.00","9823459.00","--","11257272.00","912291.00","--","521522.00","10115297.00","--","1141975.00","1.30"
"115/08/27","115","2","8072","陞泰","742809.00","619400.00","--","--","123409.00","--","--","123409.00","77374.00","--","46035.00","36596.00","82631.00","18180.00","64451.00","--","--","64451.00","7692.00","--","72143.00","55134.00","--","9317.00","62484.00","--","9659.00","0.69"
"115/08/27","115","2","8081","致新","4348946.00","2608390.00","--","--","1740556.00","--","--","1740556.00","918407.00","--","822149.00","91627.00","913776.00","114441.00","799335.00","--","--","799335.00","954557.00","--","1753892.00","781950.00","--","17385.00","1365865.00","--","388027.00","9.13"
"115/08/27","115","2","8101","華冠","186766.00","175722.00","--","--","11044.00","--","--","11044.00","77467.00","114.00","-66309.00","-11272.00","-77581.00","-1091.00","-76490.00","--","--","-76490.00","2157.00","--","-74333.00","-74313.00","--","-2177.00","-70595.00","--","-3738.00","-1.46"
"115/08/27","115","2","8103","瀚荃","2007554.00","1255984.00","--","--","751570.00","--","--","751570.00","444074.00","--","307496.00","-20299.00","287197.00","73660.00","213537.00","--","--","213537.00","165439.00","--","378976.00","214166.00","--","-629.00","379675.00","--","-699.00","2.75"
"115/08/27","115","2","8104","錸寶","1265867.00","1018569.00","--","--","247298.00","--","--","247298.00","239223.00","--","8075.00","-36966.00","-28891.00","4041.00","-32932.00","--","--","-32932.00","220582.00","--","187650.00","-22310.00","--","-10622.00","196878.00","--","-9228.00","-0.21"
"115/08/27","115","2","8105","凌巨","4227176.00","3834868.00","--","--","392308.00","--","--","392308.00","341757.00","--","50551.00","218618.00","269169.00","8754.00","260415.00","--","--","260415.00","32948.00","--","293363.00","260415.00","--","--","293363.00","--","--","0.59"
"115/08/27","115","2","8110","華東","3913114.00","3538596.00","--","--","374518.00","--","--","374518.00","267271.00","--","107247.00","1303301.00","1410548.00","87560.00","1322988.00","--","--","1322988.00","6173006.00","--","7495994.00","1328935.00","--","-5947.00","7501941.00","--","-5947.00","2.59"
"115/08/27","115","2","8112","至上","260775359.00","250856752.00","--","--","9918607.00","--","--","9918607.00","1670748.00","--","8247859.00","-1470888.00","6776971.00","1640662.00","5136309.00","--","--","5136309.00","200293.00","--","5336602.00","4997831.00","--","138478.00","5180790.00","--","155812.00","9.45"
"115/08/27","115","2","8114","振樺電","8721791.00","5013979.00","--","--","3707812.00","0.00","--","3707812.00","2114665.00","--","1593147.00","60763.00","1653910.00","375046.00","1278864.00","--","--","1278864.00","69368.00","--","1348232.00","762478.00","--","516386.00","810345.00","--","537887.00","7.09"
"115/08/27","115","2","8131","福懋科","6101868.00","4906159.00","--","--","1195709.00","--","--","1195709.00","236535.00","--","959174.00","97667.00","1056841.00","201487.00","855354.00","--","--","855354.00","2737993.00","--","3593347.00","--","--","--","--","--","--","1.93"
"115/08/27","115","2","8150","南茂","14318724.00","12037613.00","--","--","2281111.00","--","--","2281111.00","938313.00","124901.00","1467699.00","157341.00","1625040.00","228491.00","1396549.00","--","--","1396549.00","306161.00","--","1702710.00","1396549.00","--","--","1702710.00","--","--","2.00"
"115/08/27","115","2","8162","微矽電子-創","616873.00","491893.00","--","--","124980.00","--","--","124980.00","82167.00","--","42813.00","3784.00","46597.00","1157.00","45440.00","--","--","45440.00","16254.00","--","61694.00","--","--","--","--","--","--","0.66"
"115/08/27","115","2","8163","達方","13541859.00","11212238.00","--","--","2329621.00","--","--","2329621.00","2102376.00","--","227245.00","-62269.00","164976.00","71865.00","93111.00","--","--","93111.00","712952.00","--","806063.00","143128.00","--","-50017.00","835905.00","--","-29842.00","0.51"
"115/08/27","115","2","8201","無敵","235995.00","170055.00","--","--","65940.00","--","--","65940.00","82618.00","--","-16678.00","10322.00","-6356.00","0.00","-6356.00","--","--","-6356.00","-8475.00","--","-14831.00","-6356.00","--","--","-14831.00","--","--","-0.10"
"115/08/27","115","2","8210","勤誠","14928332.00","10041945.00","--","--","4886387.00","--","--","4886387.00","1201990.00","20832.00","3705229.00","-9699.00","3695530.00","926596.00","2768934.00","--","--","2768934.00","334079.00","--","3103013.00","2718744.00","--","50190.00","3052823.00","--","50190.00","21.83"
"115/08/27","115","2","8213","志超","10149114.00","9031561.00","--","--","1117553.00","--","--","1117553.00","757807.00","--","359746.00","7464.00","367210.00","117290.00","249920.00","--","--","249920.00","871761.00","--","1121681.00","253200.00","--","-3280.00","1099407.00","--","22274.00","0.93"
"115/08/27","115","2","8215","明基材","9491823.00","8211094.00","--","--","1280729.00","--","--","1280729.00","1624254.00","--","-343525.00","87219.00","-256306.00","22904.00","-279210.00","--","--","-279210.00","76999.00","--","-202211.00","-306651.00","--","27441.00","-233765.00","--","31554.00","-0.96"
"115/08/27","115","2","8222","寶一","482007.00","354766.00","--","--","127241.00","--","--","127241.00","55728.00","--","71513.00","-1295.00","70218.00","14073.00","56145.00","--","--","56145.00","--","--","56145.00","--","--","--","--","--","--","0.82"
"115/08/27","115","2","8249","菱光","1985684.00","1667877.00","--","--","317807.00","--","--","317807.00","179944.00","--","137863.00","-29293.00","108570.00","43119.00","65451.00","--","--","65451.00","-461727.00","--","-396276.00","65526.00","--","-75.00","-397050.00","--","774.00","0.60"
"115/08/27","115","2","8261","富鼎","1658276.00","1060577.00","--","--","597699.00","--","--","597699.00","201513.00","--","396186.00","62127.00","458313.00","92545.00","365768.00","--","--","365768.00","2813.00","--","368581.00","365265.00","--","503.00","368083.00","--","498.00","3.07"
"115/08/27","115","2","8271","宇瞻","16718334.00","8289768.00","--","--","8428566.00","--","--","8428566.00","2621911.00","--","5806655.00","-16529.00","5790126.00","1136449.00","4653677.00","--","--","4653677.00","20265.00","--","4673942.00","4575826.00","--","77851.00","4596073.00","--","77869.00","35.51"
"115/08/27","115","2","8341","日友","2212153.00","1169405.00","--","--","1042748.00","--","--","1042748.00","383285.00","--","659463.00","1387.00","660850.00","211579.00","449271.00","--","--","449271.00","155817.00","--","605088.00","386563.00","--","62708.00","542380.00","--","62708.00","2.97"
"115/08/27","115","2","8367","建新國際","1618422.00","1167677.00","--","--","450745.00","--","--","450745.00","182689.00","--","268056.00","-77896.00","190160.00","37935.00","152225.00","--","--","152225.00","-13016.00","--","139209.00","90313.00","--","61912.00","82157.00","--","57052.00","0.98"
"115/08/27","115","2","8374","羅昇","3007497.00","2286038.00","--","--","721459.00","--","--","721459.00","482943.00","--","238516.00","-7869.00","230647.00","55945.00","174702.00","--","--","174702.00","25524.00","--","200226.00","99805.00","--","74897.00","123978.00","--","76248.00","0.89"
"115/08/27","115","2","8422","可寧衛*","3381687.00","2124991.00","--","--","1256696.00","--","--","1256696.00","320954.00","--","935742.00","-44370.00","891372.00","211852.00","679520.00","--","--","679520.00","-1615.00","--","677905.00","739899.00","--","-60379.00","738284.00","--","-60379.00","0.55"
"115/08/27","115","2","8429","金麗-KY","65829.00","56228.00","--","--","9601.00","--","--","9601.00","24692.00","--","-15091.00","20661.00","5570.00","815.00","4755.00","--","--","4755.00","296381.00","--","301136.00","4762.00","--","-7.00","301143.00","--","-7.00","0.03"
"115/08/27","115","2","8438","昶昕","2491826.00","2135012.00","--","--","356814.00","--","--","356814.00","155195.00","--","201619.00","4998.00","206617.00","55543.00","151074.00","--","--","151074.00","21253.00","--","172327.00","151074.00","--","--","172327.00","--","--","2.16"
"115/08/27","115","2","8443","阿瘦","520148.00","238109.00","--","--","282039.00","--","--","282039.00","364994.00","--","-82955.00","42358.00","-40597.00","0.00","-40597.00","--","--","-40597.00","--","--","-40597.00","-40597.00","--","0.00","-40597.00","--","0.00","-0.61"
"115/08/27","115","2","8454","富邦媒","53686216.00","48780074.00","--","--","4906142.00","--","--","4906142.00","3363970.00","38886.00","1581058.00","34798.00","1615856.00","340297.00","1275559.00","--","--","1275559.00","-24868.00","--","1250691.00","1273354.00","--","2205.00","1248486.00","--","2205.00","4.81"
"115/08/27","115","2","8462","柏文","3401716.00","2228947.00","--","--","1172769.00","--","--","1172769.00","574301.00","--","598468.00","-30410.00","568058.00","114455.00","453603.00","--","--","453603.00","1205.00","--","454808.00","450674.00","--","2929.00","451879.00","--","2929.00","5.68"
"115/08/27","115","2","8463","潤泰材","3417484.00","2942517.00","--","--","474967.00","--","--","474967.00","205480.00","--","269487.00","26655.00","296142.00","42426.00","253716.00","--","--","253716.00","-35341.00","--","218375.00","156211.00","--","97505.00","126728.00","--","91647.00","1.04"
"115/08/27","115","2","8464","億豐","15232911.00","6163498.00","--","--","9069413.00","--","--","9069413.00","4855814.00","--","4213599.00","302610.00","4516209.00","1299414.00","3216795.00","--","--","3216795.00","453627.00","--","3670422.00","3037997.00","--","178798.00","3499190.00","--","171232.00","10.37"
"115/08/27","115","2","8467","波力-KY","1126286.00","724299.00","--","--","401987.00","--","--","401987.00","209850.00","--","192137.00","-39954.00","152183.00","30930.00","121253.00","--","--","121253.00","153509.00","--","274762.00","122479.00","--","-1226.00","268047.00","--","6715.00","2.53"
"115/08/27","115","2","8473","山林水","2370577.00","1594145.00","--","--","776432.00","--","--","776432.00","150309.00","--","626123.00","-56054.00","570069.00","107111.00","462958.00","--","--","462958.00","-18328.00","--","444630.00","440154.00","--","22804.00","424056.00","--","20574.00","2.43"
"115/08/27","115","2","8476","台境*","664075.00","562894.00","--","--","101181.00","--","--","101181.00","62227.00","--","38954.00","-4919.00","34035.00","13189.00","20846.00","--","--","20846.00","3989.00","--","24835.00","19061.00","--","1785.00","23050.00","--","1785.00","0.12"
"115/08/27","115","2","8478","東哥遊艇","2578067.00","1549008.00","--","--","1029059.00","--","--","1029059.00","403846.00","--","625213.00","32368.00","657581.00","60524.00","597057.00","--","--","597057.00","112307.00","--","709364.00","597057.00","--","--","709364.00","--","--","6.35"
"115/08/27","115","2","8481","政伸","585722.00","316210.00","--","--","269512.00","--","--","269512.00","158398.00","--","111114.00","12293.00","123407.00","18047.00","105360.00","--","--","105360.00","30741.00","--","136101.00","105360.00","--","--","136101.00","--","--","1.58"
"115/08/27","115","2","8487","愛爾達-創","856244.00","668590.00","--","--","187654.00","--","--","187654.00","81127.00","--","106527.00","2469.00","108996.00","21515.00","87481.00","--","--","87481.00","--","--","87481.00","--","--","--","--","--","--","3.30"
"115/08/27","115","2","8488","吉源-KY","2101139.00","1983806.00","--","--","117333.00","--","--","117333.00","122435.00","--","-5102.00","13536.00","8434.00","7321.00","1113.00","--","--","1113.00","107293.00","--","108406.00","1113.00","--","--","108406.00","--","--","0.02"
"115/08/27","115","2","8926","台汽電","34488245.00","31428353.00","--","--","3059892.00","--","314866.00","3374758.00","554048.00","--","2820710.00","894262.00","3714972.00","538697.00","3176275.00","--","--","3176275.00","6508.00","--","3182783.00","2461987.00","--","714288.00","2470064.00","--","712719.00","3.27"
"115/08/27","115","2","8940","新天地","925894.00","470778.00","--","--","455116.00","--","--","455116.00","362874.00","--","92242.00","-3108.00","89134.00","17589.00","71545.00","--","--","71545.00","--","--","71545.00","64113.00","--","7432.00","64113.00","--","7432.00","0.95"
"115/08/27","115","2","8996","高力","5728203.00","4135555.00","--","--","1592648.00","--","--","1592648.00","585434.00","--","1007214.00","45689.00","1052903.00","246399.00","806504.00","--","--","806504.00","342257.00","--","1148761.00","806504.00","--","--","1148761.00","--","--","8.69"
"115/08/27","115","2","9802","鈺齊-KY","8933111.00","7617831.00","--","--","1315280.00","--","--","1315280.00","865509.00","--","449771.00","9423.00","459194.00","102525.00","356669.00","--","--","356669.00","107777.00","--","464446.00","357397.00","--","-728.00","465161.00","--","-715.00","1.78"
"115/08/27","115","2","9902","台火","42773.00","32107.00","--","--","10666.00","--","--","10666.00","17285.00","--","-6619.00","105879.00","99260.00","-74.00","99334.00","--","--","99334.00","--","--","99334.00","99126.00","--","208.00","99126.00","--","208.00","1.01"
"115/08/27","115","2","9904","寶成","126089569.00","99493251.00","--","--","26596318.00","--","--","26596318.00","23754307.00","--","2842011.00","6564301.00","9406312.00","955693.00","8450619.00","--","--","8450619.00","50685022.00","--","59135641.00","6982848.00","--","1467771.00","55719610.00","--","3416031.00","2.37"
"115/08/27","115","2","9905","大華","5059458.00","4485220.00","--","--","574238.00","--","--","574238.00","255251.00","--","318987.00","53673.00","372660.00","100078.00","272582.00","--","--","272582.00","478730.00","--","751312.00","270990.00","--","1592.00","738923.00","--","12389.00","0.89"
"115/08/27","115","2","9906","欣巴巴","1136617.00","707662.00","--","--","428955.00","--","--","428955.00","176193.00","--","252762.00","-21721.00","231041.00","59321.00","171720.00","--","--","171720.00","--","--","171720.00","171720.00","--","--","171720.00","--","--","1.90"
"115/08/27","115","2","9907","統一實","21174637.00","18893402.00","--","--","2281235.00","--","--","2281235.00","1367688.00","--","913547.00","13551.00","927098.00","414553.00","512545.00","--","--","512545.00","828948.00","--","1341493.00","550294.00","--","-37749.00","1342854.00","--","-1361.00","0.35"
"115/08/27","115","2","9908","大台北","1790415.00","1375548.00","--","--","414867.00","--","--","414867.00","132397.00","-833.00","281637.00","383065.00","664702.00","78693.00","586009.00","--","--","586009.00","880585.00","--","1466594.00","551768.00","--","34241.00","1364722.00","--","101872.00","1.10"
"115/08/27","115","2","9910","豐泰","39614623.00","32309748.00","--","--","7304875.00","--","--","7304875.00","5329342.00","--","1975533.00","393013.00","2368546.00","667615.00","1700931.00","--","--","1700931.00","245327.00","--","1946258.00","1687937.00","--","12994.00","1896750.00","--","49508.00","1.71"
"115/08/27","115","2","9911","櫻花","5496579.00","3548930.00","--","--","1947649.00","--","--","1947649.00","1087552.00","--","860097.00","26169.00","886266.00","177626.00","708640.00","--","--","708640.00","-16068.00","--","692572.00","712681.00","--","-4041.00","696613.00","--","-4041.00","3.26"
"115/08/27","115","2","9912","偉聯","235956.00","131593.00","--","--","104363.00","--","--","104363.00","129099.00","--","-24736.00","-2043.00","-26779.00","1069.00","-27848.00","--","--","-27848.00","-3052.00","--","-30900.00","-23142.00","--","-4706.00","-26194.00","--","-4706.00","-0.43"
"115/08/27","115","2","9914","美利達","12261752.00","10130571.00","--","--","2131181.00","--","60788.00","2191969.00","1149145.00","--","1042824.00","-166698.00","876126.00","210801.00","665325.00","--","--","665325.00","181375.00","--","846700.00","643834.00","--","21491.00","819718.00","--","26982.00","2.15"
"115/08/27","115","2","9917","中保科","9540819.00","6351946.00","--","--","3188873.00","--","--","3188873.00","1522571.00","--","1666302.00","174834.00","1841136.00","320124.00","1521012.00","--","--","1521012.00","-27835.00","--","1493177.00","1485442.00","--","35570.00","1461408.00","--","31769.00","3.35"
"115/08/27","115","2","9918","欣天然","1169443.00","795717.00","--","--","373726.00","--","--","373726.00","155499.00","--","218227.00","160585.00","378812.00","43859.00","334953.00","--","--","334953.00","--","--","334953.00","334953.00","--","--","334953.00","--","--","1.88"
"115/08/27","115","2","9919","康那香","1316764.00","1227347.00","--","--","89417.00","--","--","89417.00","346320.00","--","-256903.00","-1198.00","-258101.00","310.00","-258411.00","--","--","-258411.00","16202.00","--","-242209.00","-258411.00","--","--","-242209.00","--","--","-1.32"
"115/08/27","115","2","9921","巨大","29188289.00","22689745.00","--","--","6498544.00","--","--","6498544.00","5689588.00","--","808956.00","16324.00","825280.00","255190.00","570090.00","--","--","570090.00","660778.00","--","1230868.00","435055.00","--","135035.00","982668.00","--","248200.00","1.11"
"115/08/27","115","2","9924","福興","3342966.00","2693370.00","--","--","649596.00","--","--","649596.00","470463.00","--","179133.00","37770.00","216903.00","44990.00","171913.00","--","--","171913.00","42392.00","--","214305.00","167827.00","--","4086.00","210219.00","--","4086.00","1.11"
"115/08/27","115","2","9925","新保","4182224.00","2859808.00","--","--","1322416.00","--","--","1322416.00","912000.00","--","410416.00","503053.00","913469.00","125935.00","787534.00","--","--","787534.00","1610126.00","--","2397660.00","744064.00","--","43470.00","2240588.00","--","157072.00","1.93"
"115/08/27","115","2","9926","新海","1320847.00","966852.00","--","--","353995.00","--","--","353995.00","116247.00","2003.00","239751.00","105881.00","345632.00","57205.00","288427.00","--","--","288427.00","292992.00","--","581419.00","288427.00","--","--","581419.00","--","--","1.61"
"115/08/27","115","2","9927","泰銘","4748442.00","4330838.00","--","--","417604.00","--","--","417604.00","113573.00","--","304031.00","34788.00","338819.00","65757.00","273062.00","--","--","273062.00","12485.00","--","285547.00","271926.00","--","1136.00","284603.00","--","944.00","2.27"
"115/08/27","115","2","9928","中視","429253.00","426355.00","--","--","2898.00","--","--","2898.00","84197.00","--","-81299.00","21956.00","-59343.00","0.00","-59343.00","--","--","-59343.00","-4092.00","--","-63435.00","-59343.00","--","0.00","-63435.00","--","0.00","-0.84"
"115/08/27","115","2","9929","秋雨","336728.00","258406.00","--","--","78322.00","--","--","78322.00","42761.00","--","35561.00","8003.00","43564.00","--","43564.00","--","--","43564.00","32260.00","--","75824.00","40530.00","--","3034.00","72790.00","--","3034.00","0.40"
"115/08/27","115","2","9930","中聯資源","6669038.00","5719832.00","--","--","949206.00","--","--","949206.00","296603.00","--","652603.00","27500.00","680103.00","132456.00","547647.00","--","--","547647.00","51782.00","--","599429.00","536705.00","--","10942.00","585014.00","--","14415.00","2.16"
"115/08/27","115","2","9931","欣高","856889.00","702703.00","--","--","154186.00","--","--","154186.00","52918.00","--","101268.00","122021.00","223289.00","40016.00","183273.00","--","--","183273.00","637879.00","--","821152.00","177602.00","--","5671.00","794485.00","--","26667.00","1.48"
"115/08/27","115","2","9933","中鼎","37719993.00","32670985.00","--","--","5049008.00","--","--","5049008.00","1087712.00","--","3961296.00","288504.00","4249800.00","1280957.00","2968843.00","--","--","2968843.00","159069.00","--","3127912.00","2458302.00","--","510541.00","2613658.00","--","514254.00","2.71"
"115/08/27","115","2","9934","成霖","9508532.00","6053498.00","--","--","3455034.00","--","--","3455034.00","2972241.00","--","482793.00","-34275.00","448518.00","143737.00","304781.00","--","--","304781.00","149886.00","--","454667.00","304781.00","--","0.00","454667.00","--","0.00","0.74"
"115/08/27","115","2","9935","慶豐富","2557547.00","1838148.00","--","--","719399.00","--","--","719399.00","422194.00","--","297205.00","-25045.00","272160.00","75016.00","197144.00","--","--","197144.00","56344.00","--","253488.00","197144.00","--","--","253488.00","--","--","1.12"
"115/08/27","115","2","9937","全國","11739956.00","10327663.00","--","--","1412293.00","--","--","1412293.00","990551.00","--","421742.00","80862.00","502604.00","101453.00","401151.00","--","--","401151.00","-4842.00","--","396309.00","401151.00","--","0.00","396309.00","--","0.00","1.30"
"115/08/27","115","2","9938","百和","7842291.00","5428432.00","--","--","2413859.00","--","--","2413859.00","1512103.00","--","901756.00","-240962.00","660794.00","238591.00","422203.00","--","--","422203.00","339017.00","--","761220.00","405679.00","--","16524.00","611556.00","--","149664.00","1.36"
"115/08/27","115","2","9939","宏全","15483887.00","11587904.00","--","--","3895983.00","--","--","3895983.00","1385414.00","--","2510569.00","-77944.00","2432625.00","454223.00","1978402.00","--","--","1978402.00","-520898.00","--","1457504.00","1937260.00","--","41142.00","1543852.00","--","-86348.00","6.55"
"115/08/27","115","2","9940","信義","5935881.00","4404228.00","--","--","1531653.00","--","--","1531653.00","944587.00","--","587066.00","85266.00","672332.00","176968.00","495364.00","--","--","495364.00","314890.00","--","810254.00","488710.00","--","6654.00","803600.00","--","6654.00","0.66"
"115/08/27","115","2","9941","裕融","19551237.00","11129969.00","--","--","8421268.00","--","--","8421268.00","5532718.00","--","2888550.00","35621.00","2924171.00","620469.00","2303702.00","--","--","2303702.00","329832.00","--","2633534.00","2340779.00","--","-37077.00","2670611.00","--","-37077.00","3.86"
"115/08/27","115","2","9942","茂順","2289301.00","1373745.00","--","--","915556.00","--","-3446.00","912110.00","346243.00","--","565867.00","30720.00","596587.00","200855.00","395732.00","--","--","395732.00","75503.00","--","471235.00","395826.00","--","-94.00","471463.00","--","-228.00","4.76"
"115/08/27","115","2","9943","好樂迪","1173501.00","576249.00","--","--","597252.00","--","--","597252.00","423689.00","--","173563.00","87837.00","261400.00","40373.00","221027.00","--","--","221027.00","--","--","221027.00","219344.00","--","1683.00","219344.00","--","1683.00","2.59"
"115/08/27","115","2","9944","新麗","1391971.00","928052.00","--","--","463919.00","--","--","463919.00","305331.00","--","158588.00","40822.00","199410.00","75450.00","123960.00","--","--","123960.00","27305.00","--","151265.00","111339.00","--","12621.00","142758.00","--","8507.00","1.05"
"115/08/27","115","2","9945","潤泰新","22517460.00","16622733.00","--","--","5894727.00","--","--","5894727.00","1368065.00","--","4526662.00","7489369.00","12016031.00","781649.00","11234382.00","--","--","11234382.00","60160575.00","--","71394957.00","10082086.00","--","1152296.00","70382136.00","--","1012821.00","3.70"
"115/08/27","115","2","9946","三發地產","2645210.00","1229683.00","--","--","1415527.00","--","--","1415527.00","217947.00","--","1197580.00","-34183.00","1163397.00","245108.00","918289.00","--","--","918289.00","-1440.00","--","916849.00","918289.00","--","--","916849.00","--","--","2.84"
"115/08/27","115","2","9955","佳龍","847802.00","781878.00","--","--","65924.00","--","--","65924.00","65500.00","--","424.00","100516.00","100940.00","0.00","100940.00","--","--","100940.00","3269.00","--","104209.00","100940.00","--","0.00","104209.00","--","0.00","0.97"
"115/08/27","115","2","9958","世紀鋼","10181024.00","7543324.00","--","--","2637700.00","--","--","2637700.00","430444.00","--","2207256.00","833.00","2208089.00","511516.00","1696573.00","--","--","1696573.00","-44402.00","--","1652171.00","1007217.00","--","689356.00","961403.00","--","690768.00","4.08"
