出表日期,年度,季別,公司代號,公司名稱,流動資產,非流動資產,資產總計,流動負債,非流動負債,負債總計,股本,權益─具證券性質之虛擬通貨,資本公積,保留盈餘,其他權益,庫藏股票,歸屬於母公司業主之權益合計,共同控制下前手權益,合併前非屬共同控制股權,非控制權益,權益總計,待註銷股本股數（單位：股）,預收股款（權益項下）之約當發行股數（單位：股）,母公司暨子公司所持有之母公司庫藏股股數（單位：股）,每股參考淨值
"115/08/24","114","4","1240","茂生農經","1182791.00","1039861.00","2222652.00","607739.00","51168.00","658907.00","442324.00","--","144279.00","821810.00","94074.00","--","1502487.00","--","--","61258.00","1563745.00","--","0.00","0.00","33.97"
"115/08/24","114","4","1259","安心","1182738.00","5683877.00","6866615.00","2056599.00","1790446.00","3847045.00","323895.00","--","809816.00","999917.00","877660.00","--","3011288.00","--","--","8282.00","3019570.00","0.00","0.00","0.00","92.97"
"115/08/24","114","4","1264","德麥","3351777.00","2577509.00","5929286.00","1336043.00","89273.00","1425316.00","370524.00","--","673219.00","2617884.00","9206.00","0.00","3670833.00","--","--","833137.00","4503970.00","--","0.00","0.00","99.07"
"115/08/24","114","4","1268","漢來美食","2416956.00","4662500.00","7079456.00","2391272.00","2384568.00","4775840.00","422237.00","--","1123334.00","768942.00","-10897.00","--","2303616.00","--","--","--","2303616.00","--","0.00","0.00","54.56"
"115/08/24","114","4","1294","漢田生技","591533.00","574795.00","1166328.00","246473.00","87622.00","334095.00","305716.00","--","313750.00","238060.00","--","-28362.00","829164.00","--","--","3069.00","832233.00","--","0.00","300000.00","27.39"
"115/08/24","114","4","1295","生合","770075.00","2315178.00","3085253.00","639769.00","1115328.00","1755097.00","344748.00","--","402165.00","579704.00","3539.00","--","1330156.00","--","--","--","1330156.00","0.00","0.00","0.00","38.58"
"115/08/24","114","4","1336","台翰","1209555.00","1932818.00","3142373.00","984354.00","298587.00","1282941.00","776144.00","--","676871.00","557044.00","-150627.00","--","1859432.00","--","--","--","1859432.00","0.00","0.00","0.00","23.96"
"115/08/24","114","4","1565","精華","4079648.00","3727189.00","7806837.00","1053978.00","201956.00","1255934.00","504165.00","--","526000.00","5519093.00","1645.00","--","6550903.00","--","--","--","6550903.00","0.00","0.00","0.00","129.94"
"115/08/24","114","4","1569","濱川","3393657.00","2936955.00","6330612.00","2820983.00","712727.00","3533710.00","1325474.00","--","1423596.00","-25934.00","-90445.00","--","2632691.00","--","--","164211.00","2796902.00","--","0.00","0.00","19.86"
"115/08/24","114","4","1570","力肯","846338.00","270979.00","1117317.00","93114.00","9173.00","102287.00","515008.00","--","--","450770.00","49252.00","--","1015030.00","--","--","--","1015030.00","--","0.00","0.00","19.71"
"115/08/24","114","4","1580","新麥","2905366.00","1640092.00","4545458.00","972507.00","202549.00","1175056.00","493392.00","--","205500.00","2585553.00","-71532.00","0.00","3212913.00","--","--","157489.00","3370402.00","--","0.00","0.00","65.12"
"115/08/24","114","4","1584","精剛","3182677.00","4758631.00","7941308.00","1983925.00","1173105.00","3157030.00","2324705.00","--","2044435.00","542185.00","-14498.00","-177757.00","4719070.00","--","--","65208.00","4784278.00","0.00","0.00","7518000.00","20.98"
"115/08/24","114","4","1586","和勤","1860331.00","1834297.00","3694628.00","1254898.00","522232.00","1777130.00","1068495.00","--","832685.00","306511.00","-69869.00","-220324.00","1917498.00","--","--","--","1917498.00","0.00","0.00","5554000.00","18.93"
"115/08/24","114","4","1591","駿吉-KY","390035.00","311770.00","701805.00","187737.00","32142.00","219879.00","380480.00","--","149153.00","75179.00","-122886.00","--","481926.00","--","--","--","481926.00","0.00","0.00","0.00","12.67"
"115/08/24","114","4","1593","祺驊","979279.00","1165387.00","2144666.00","450810.00","262949.00","713759.00","397848.00","--","585215.00","412541.00","-65745.00","--","1329859.00","--","--","101048.00","1430907.00","--","0.00","0.00","33.43"
"115/08/24","114","4","1595","川寶","2361298.00","1368011.00","3729309.00","629356.00","378058.00","1007414.00","541995.00","--","781593.00","1408869.00","-3218.00","-7623.00","2721616.00","--","--","279.00","2721895.00","--","0.00","233000.00","50.43"
"115/08/24","114","4","1599","宏佳騰","1156938.00","1471060.00","2627998.00","450884.00","280697.00","731581.00","745287.00","--","437308.00","826791.00","-48166.00","-95750.00","1865470.00","--","--","30947.00","1896417.00","0.00","0.00","2500000.00","25.90"
"115/08/24","114","4","1742","台蠟","349651.00","1085170.00","1434821.00","23869.00","119584.00","143453.00","926713.00","--","162473.00","184131.00","18051.00","0.00","1291368.00","--","--","0.00","1291368.00","0.00","0.00","0.00","13.93"
"115/08/24","114","4","1777","生泰","1531253.00","1428599.00","2959852.00","304490.00","65080.00","369570.00","445917.00","--","983776.00","1163971.00","-3382.00","--","--","--","--","--","2590282.00","0.00","0.00","0.00","58.09"
"115/08/24","114","4","1780","立弘","1521475.00","570328.00","2091803.00","800040.00","57150.00","857190.00","962432.00","--","12134.00","263945.00","-3898.00","--","1234613.00","--","--","--","1234613.00","0.00","0.00","0.00","12.83"
"115/08/24","114","4","1781","合世","494089.00","229039.00","723128.00","206697.00","195860.00","402557.00","474076.00","--","35107.00","-130441.00","-58171.00","--","320571.00","--","--","--","320571.00","0.00","0.00","0.00","6.76"
"115/08/24","114","4","1784","訊聯","1870841.00","1209057.00","3079898.00","405071.00","417512.00","822583.00","531212.00","--","767370.00","102914.00","-8885.00","-120579.00","1272032.00","--","--","985283.00","2257315.00","0.00","0.00","2815000.00","25.29"
"115/08/24","114","4","1785","光洋科","25670392.00","8764058.00","34434450.00","13907705.00","5514209.00","19421914.00","5960022.00","--","4130693.00","4983032.00","-112414.00","--","14961333.00","--","--","51203.00","15012536.00","--","0.00","0.00","25.10"
"115/08/24","114","4","1788","杏昌","2658333.00","2425232.00","5083565.00","1541225.00","491339.00","2032564.00","445210.00","--","1601988.00","1049499.00","-45696.00","--","3051001.00","--","--","--","3051001.00","0.00","0.00","0.00","68.53"
"115/08/24","114","4","1796","金穎生技","595484.00","685179.00","1280663.00","158639.00","305363.00","464002.00","414598.00","--","294336.00","109838.00","-2111.00","--","816661.00","--","--","--","816661.00","0.00","0.00","0.00","19.70"
"115/08/24","114","4","1799","易威","700008.00","592287.00","1292295.00","278232.00","311505.00","589737.00","1246895.00","--","188970.00","-760926.00","15735.00","--","690674.00","--","--","11884.00","702558.00","0.00","0.00","0.00","5.54"
"115/08/24","114","4","1813","寶利徠","295327.00","636432.00","931759.00","261029.00","9719.00","270748.00","466355.00","--","219203.00","14906.00","-15923.00","--","684541.00","--","--","-23530.00","661011.00","--","0.00","0.00","14.68"
"115/08/24","114","4","1815","富喬","6650606.00","11795333.00","18445939.00","2399258.00","3449345.00","5848603.00","5848862.00","--","6107064.00","1012598.00","-356747.00","-14441.00","12597336.00","--","--","--","12597336.00","--","0.00","600000.00","21.56"
"115/08/24","114","4","2035","唐榮公司","3367260.00","14084626.00","17451886.00","3036994.00","12138989.00","15175983.00","3500000.00","--","46.00","-1328208.00","104065.00","--","--","--","--","--","2275903.00","--","0.00","0.00","6.50"
"115/08/24","114","4","2061","風青","934438.00","248231.00","1182669.00","538386.00","32034.00","570420.00","573781.00","--","89538.00","-53571.00","2501.00","--","612249.00","--","--","--","612249.00","0.00","0.00","0.00","10.67"
"115/08/24","114","4","2063","世鎧精密","1060091.00","906094.00","1966185.00","756767.00","289877.00","1046644.00","481015.00","--","265957.00","317294.00","-144665.00","-60.00","919541.00","--","--","--","919541.00","0.00","0.00","2000.00","19.12"
"115/08/24","114","4","2064","晉椿","1083088.00","1375564.00","2458652.00","1425020.00","97622.00","1522642.00","693300.00","--","101566.00","153720.00","-13341.00","0.00","935245.00","--","--","765.00","936010.00","0.00","0.00","0.00","13.49"
"115/08/24","114","4","2065","世豐","1290116.00","2101122.00","3391238.00","885788.00","726181.00","1611969.00","635167.00","--","823006.00","493459.00","-172363.00","0.00","1779269.00","--","--","--","1779269.00","--","0.00","0.00","28.01"
"115/08/24","114","4","2066","世德","2591837.00","1154752.00","3746589.00","1317351.00","313026.00","1630377.00","444495.00","--","515893.00","1198616.00","-26039.00","-16753.00","2116212.00","--","--","--","2116212.00","0.00","0.00","260000.00","47.89"
"115/08/24","114","4","2067","嘉鋼","625108.00","1317994.00","1943102.00","1318795.00","319736.00","1638531.00","451382.00","--","0.00","-341004.00","151124.00","--","261502.00","--","--","43069.00","304571.00","--","0.00","0.00","5.79"
"115/08/24","114","4","2070","精湛","761796.00","647794.00","1409590.00","349070.00","105034.00","454104.00","357828.00","--","4520.00","638612.00","-45474.00","--","955486.00","--","--","--","955486.00","0.00","0.00","0.00","26.70"
"115/08/24","114","4","2073","雄順","157663.00","506355.00","664018.00","147492.00","103551.00","251043.00","275000.00","--","63203.00","76921.00","-2149.00","--","--","--","--","--","412975.00","--","0.00","0.00","15.02"
"115/08/24","114","4","2221","大甲","1240198.00","488669.00","1728867.00","386680.00","180538.00","567218.00","423250.00","0.00","59634.00","586409.00","-2039.00","0.00","1067254.00","0.00","--","94395.00","1161649.00","0.00","0.00","0.00","25.22"
"115/08/24","114","4","2230","泰茂","1485972.00","587707.00","2073679.00","669161.00","196217.00","865378.00","680296.00","--","265713.00","250329.00","-6841.00","--","1189497.00","--","--","18804.00","1208301.00","--","0.00","0.00","17.48"
"115/08/24","114","4","2235","謚源","464047.00","948167.00","1412214.00","132140.00","46864.00","179004.00","358780.00","--","497802.00","376628.00","--","--","--","--","--","--","1233210.00","--","0.00","0.00","34.37"
"115/08/24","114","4","2596","綠意","5770120.00","552070.00","6322190.00","3858380.00","--","3858380.00","1000000.00","--","189208.00","916547.00","0.00","--","2105755.00","--","--","358055.00","2463810.00","--","0.00","0.00","21.06"
"115/08/24","114","4","2640","大車隊","2061216.00","2243453.00","4304669.00","1525079.00","503115.00","2028194.00","592650.00","--","498434.00","1100984.00","-587.00","--","2191481.00","--","--","84994.00","2276475.00","0.00","0.00","0.00","36.98"
"115/08/24","114","4","2641","正德","2399226.00","12642823.00","15042049.00","714117.00","5508954.00","6223071.00","3303130.00","--","1807337.00","2722467.00","236984.00","--","8069918.00","--","--","749060.00","8818978.00","0.00","0.00","0.00","24.43"
"115/08/24","114","4","2643","捷迅","2590392.00","461885.00","3052277.00","932413.00","124480.00","1056893.00","350000.00","--","421105.00","1175472.00","48807.00","--","1995384.00","--","--","--","1995384.00","--","0.00","0.00","57.01"
"115/08/24","114","4","2718","全心投控","5268823.00","2632665.00","7901488.00","1154057.00","481500.00","1635557.00","875760.00","--","726659.00","4694423.00","-11155.00","-19756.00","6265931.00","--","--","--","6265931.00","0.00","0.00","379000.00","71.86"
"115/08/24","114","4","2719","燦星旅","664411.00","420504.00","1084915.00","294804.00","82634.00","377438.00","691825.00","--","15309.00","343.00","--","--","707477.00","--","--","--","707477.00","0.00","0.00","0.00","10.23"
"115/08/24","114","4","2724","藝舍-KY","452589.00","69261.00","521850.00","51962.00","13992.00","65954.00","596564.00","--","--","-139458.00","-9472.00","--","447634.00","--","--","8262.00","455896.00","0.00","0.00","0.00","7.50"
"115/08/24","114","4","2726","雅茗-KY","229052.00","428053.00","657105.00","119701.00","149736.00","269437.00","379225.00","--","71743.00","-5417.00","-51989.00","-15512.00","378050.00","--","--","9618.00","387668.00","--","0.00","232637.00","10.03"
"115/08/24","114","4","2729","瓦城","1353850.00","4982867.00","6336717.00","2575421.00","1294368.00","3869789.00","430408.00","--","1368275.00","748075.00","-19558.00","-83575.00","2443625.00","--","--","23303.00","2466928.00","0.00","0.00","407000.00","57.32"
"115/08/24","114","4","2732","六角","2623793.00","3499738.00","6123531.00","2369984.00","1549775.00","3919759.00","465186.00","--","1179636.00","330024.00","-26416.00","-177744.00","1770686.00","--","--","433086.00","2203772.00","--","0.00","1823000.00","39.62"
"115/08/24","114","4","2734","易飛網","627688.00","406452.00","1034140.00","319585.00","59394.00","378979.00","572598.00","--","282223.00","-197136.00","-4675.00","--","653010.00","--","--","2151.00","655161.00","--","0.00","0.00","11.40"
"115/08/24","114","4","2736","富野","403927.00","2019566.00","2423493.00","326371.00","633481.00","959852.00","799721.00","--","663059.00","10190.00","-58727.00","--","1414243.00","--","--","49398.00","1463641.00","0.00","0.00","0.00","17.68"
"115/08/24","114","4","2740","華軒","78815.00","38915.00","117730.00","24857.00","12700.00","37557.00","143020.00","--","277390.00","-340224.00","-13.00","--","80173.00","--","--","--","80173.00","0.00","0.00","0.00","5.61"
"115/08/24","114","4","2743","山富","2221333.00","772893.00","2994226.00","1508833.00","309164.00","1817997.00","468152.00","--","213608.00","494469.00","--","--","1176229.00","--","--","--","1176229.00","--","0.00","0.00","25.12"
"115/08/24","114","4","2745","五福","2448049.00","235206.00","2683255.00","1643172.00","69617.00","1712789.00","338085.00","--","95943.00","536438.00","--","--","970466.00","--","--","--","970466.00","--","0.00","0.00","28.70"
"115/08/24","114","4","2751","王座","453203.00","797710.00","1250913.00","405931.00","347078.00","753009.00","197600.00","--","163890.00","72777.00","-104.00","--","434163.00","--","--","63741.00","497904.00","--","0.00","0.00","21.97"
"115/08/24","114","4","2752","豆府","1317890.00","1146301.00","2464191.00","632919.00","425766.00","1058685.00","266939.00","--","483986.00","639981.00","-5103.00","--","1385803.00","--","--","19703.00","1405506.00","--","0.00","0.00","51.91"
"115/08/24","114","4","2754","亞洲藏壽司","791865.00","4246508.00","5038373.00","1066833.00","2220498.00","3287331.00","468670.00","--","583085.00","697982.00","1305.00","--","1751042.00","--","--","--","1751042.00","--","0.00","0.00","37.36"
"115/08/24","114","4","2755","揚秦","974079.00","1253228.00","2227307.00","628286.00","543822.00","1172108.00","370063.00","--","235948.00","447428.00","1760.00","--","1055199.00","--","--","--","1055199.00","--","177614.00","0.00","28.51"
"115/08/24","114","4","2756","聯發國際","744480.00","651862.00","1396342.00","574185.00","236831.00","811016.00","245976.00","--","184939.00","147106.00","8620.00","-1315.00","585326.00","--","--","--","585326.00","--","0.00","16000.00","23.81"
"115/08/24","114","4","2916","滿心","1438296.00","694886.00","2133182.00","432686.00","68208.00","500894.00","646269.00","--","463666.00","530358.00","-8005.00","--","--","--","--","--","1632288.00","0.00","0.00","0.00","25.26"
"115/08/24","114","4","2924","宏太-KY","918502.00","41185.00","959687.00","483972.00","1032.00","485004.00","520359.00","--","207394.00","-252185.00","-885.00","--","474683.00","--","--","--","474683.00","--","0.00","0.00","9.12"
"115/08/24","114","4","2926","誠品生活","4656636.00","11316932.00","15973568.00","5392379.00","9961762.00","15354141.00","473897.00","--","79121.00","25790.00","34111.00","--","612919.00","--","--","6508.00","619427.00","0.00","0.00","0.00","12.93"
"115/08/24","114","4","2937","集雅社","2792673.00","857106.00","3649779.00","2491304.00","33927.00","2525231.00","435420.00","--","136138.00","552990.00","--","--","1124548.00","--","--","--","1124548.00","--","0.00","0.00","25.83"
"115/08/24","114","4","2941","米斯特","443849.00","205368.00","649217.00","219847.00","69322.00","289169.00","153900.00","--","151372.00","55300.00","-524.00","--","--","--","--","--","360048.00","0.00","0.00","0.00","23.39"
"115/08/24","114","4","2947","振宇五金","876135.00","2129067.00","3005202.00","757421.00","1451894.00","2209315.00","214931.00","--","334997.00","265722.00","-19763.00","--","795887.00","--","--","--","795887.00","--","0.00","0.00","37.03"
"115/08/24","114","4","2948","寶陞","1872156.00","511350.00","2383506.00","956155.00","389997.00","1346152.00","310000.00","--","400597.00","296608.00","30149.00","--","1037354.00","--","--","--","1037354.00","--","0.00","0.00","33.46"
"115/08/24","114","4","2949","欣新網","2399891.00","293183.00","2693074.00","1251950.00","220159.00","1472109.00","306411.00","--","452617.00","379260.00","-1746.00","-46618.00","1089924.00","--","--","131041.00","1220965.00","--","0.00","500000.00","36.16"
"115/08/24","114","4","3064","泰偉","60203.00","248071.00","308274.00","76554.00","167240.00","243794.00","130115.00","--","774.00","-77493.00","6896.00","0.00","60292.00","--","--","4188.00","64480.00","0.00","0.00","0.00","4.63"
"115/08/24","114","4","3066","李洲","669594.00","1069075.00","1738669.00","494273.00","95890.00","590163.00","830706.00","--","33136.00","-130023.00","350027.00","--","1083846.00","--","--","64660.00","1148506.00","--","0.00","0.00","13.05"
"115/08/24","114","4","3067","全域","81588.00","233105.00","314693.00","17514.00","51621.00","69135.00","200000.00","--","18210.00","27348.00","0.00","--","245558.00","--","--","--","245558.00","--","0.00","0.00","12.28"
"115/08/24","114","4","3071","協禧","2697741.00","1210329.00","3908070.00","1678479.00","305173.00","1983652.00","1100000.00","--","64372.00","398052.00","-64907.00","--","1497517.00","--","--","426901.00","1924418.00","0.00","0.00","0.00","13.61"
"115/08/24","114","4","3073","天方能源","395933.00","1845980.00","2241913.00","524547.00","1029922.00","1554469.00","395111.00","--","301191.00","16599.00","-26395.00","--","686506.00","--","--","938.00","687444.00","--","0.00","0.00","17.38"
"115/08/24","114","4","3078","僑威","8065129.00","2187310.00","10252439.00","2307276.00","596257.00","2903533.00","2273911.00","--","214554.00","4900509.00","-40068.00","--","7348906.00","--","--","--","7348906.00","--","0.00","0.00","32.32"
"115/08/24","114","4","3081","聯亞","2911349.00","2096821.00","5008170.00","531794.00","285637.00","817431.00","925214.00","--","1799985.00","1488411.00","-22871.00","--","--","--","--","--","4190739.00","--","0.00","0.00","45.29"
"115/08/24","114","4","3083","網龍","748508.00","666833.00","1415341.00","98953.00","16937.00","115890.00","864869.00","--","359068.00","32091.00","11165.00","--","1267193.00","--","--","32258.00","1299451.00","--","0.00","0.00","14.65"
"115/08/24","114","4","3085","新零售","350414.00","159105.00","509519.00","83334.00","10715.00","94049.00","690193.00","--","0.00","-285799.00","11076.00","--","415470.00","--","--","0.00","415470.00","--","0.00","0.00","6.02"
"115/08/24","114","4","3086","華義*","251582.00","109694.00","361276.00","34185.00","1919.00","36104.00","272710.00","--","29199.00","16334.00","-67.00","--","318176.00","--","--","6996.00","325172.00","--","0.00","0.00","11.67"
"115/08/24","114","4","3088","艾訊","4657090.00","2773283.00","7430373.00","1741973.00","465145.00","2207118.00","1084972.00","--","1155336.00","2868906.00","61795.00","--","5171009.00","--","--","52246.00","5223255.00","--","90000.00","0.00","47.80"
"115/08/24","114","4","3093","港建*","1269038.00","401633.00","1670671.00","566019.00","5165.00","571184.00","362888.00","--","44670.00","717795.00","-25866.00","--","1099487.00","--","--","0.00","1099487.00","--","0.00","0.00","7.57"
"115/08/24","114","4","3095","及成","381308.00","582796.00","964104.00","219110.00","589753.00","808863.00","146800.00","--","77843.00","-84355.00","14953.00","--","155241.00","--","--","--","155241.00","0.00","0.00","0.00","10.58"
"115/08/24","114","4","3105","穩懋","14556870.00","46171805.00","60728675.00","5865116.00","12872747.00","18737863.00","4239404.00","--","9976512.00","19269149.00","8060197.00","--","41545262.00","--","--","445550.00","41990812.00","--","0.00","0.00","98.00"
"115/08/24","114","4","3114","好德","2198397.00","419430.00","2617827.00","1011542.00","27297.00","1038839.00","651298.00","--","52062.00","739882.00","152907.00","-17161.00","1578988.00","--","--","--","1578988.00","--","0.00","700000.00","24.51"
"115/08/24","114","4","3115","富榮綱","569252.00","2871.00","572123.00","28846.00","47.00","28893.00","721976.00","--","--","-178931.00","185.00","--","543230.00","--","--","--","543230.00","--","0.00","0.00","7.52"
"115/08/24","114","4","3118","進階","499945.00","366859.00","866804.00","274684.00","11944.00","286628.00","324529.00","0.00","56048.00","199599.00","0.00","--","--","0.00","0.00","--","580176.00","0.00","0.00","0.00","17.88"
"115/08/24","114","4","3122","笙泉","414187.00","200706.00","614893.00","250484.00","1827.00","252311.00","407648.00","--","26499.00","-71101.00","-464.00","--","362582.00","--","--","--","362582.00","--","0.00","0.00","8.89"
"115/08/24","114","4","3128","昇銳","605784.00","1187041.00","1792825.00","568726.00","418124.00","986850.00","473175.00","--","150073.00","162661.00","--","0.00","785909.00","--","--","20066.00","805975.00","--","0.00","0.00","16.61"
"115/08/24","114","4","3131","弘塑","9773987.00","3168080.00","12942067.00","5279021.00","2893291.00","8172312.00","292160.00","--","1920110.00","3150669.00","131991.00","-757077.00","4737853.00","--","--","31902.00","4769755.00","0.00","0.00","500000.00","164.99"
"115/08/24","114","4","3141","晶宏","1876478.00","1988973.00","3865451.00","1141486.00","142395.00","1283881.00","754607.00","--","428650.00","1329101.00","46387.00","-62495.00","2496250.00","--","--","85320.00","2581570.00","--","0.00","1074000.00","33.56"
"115/08/24","114","4","3147","大綜","2834697.00","650682.00","3485379.00","1739455.00","21235.00","1760690.00","436868.00","--","237150.00","1056484.00","-5813.00","--","1724689.00","--","--","--","1724689.00","0.00","0.00","0.00","39.48"
"115/08/24","114","4","3152","璟德","2595896.00","1873071.00","4468967.00","421702.00","15741.00","437443.00","690162.00","--","573532.00","2767830.00","0.00","--","--","--","--","--","4031524.00","--","0.00","0.00","58.41"
"115/08/24","114","4","3158","嘉實","895064.00","513843.00","1408907.00","317069.00","55808.00","372877.00","304354.00","--","339532.00","398738.00","-6608.00","--","1036016.00","--","--","14.00","1036030.00","0.00","0.00","0.00","34.04"
"115/08/24","114","4","3162","精確","5332566.00","5026643.00","10359209.00","6838288.00","363765.00","7202053.00","1334411.00","--","1386673.00","305664.00","100707.00","-4427.00","3123028.00","--","--","34128.00","3157156.00","0.00","0.00","95000.00","23.42"
"115/08/24","114","4","3163","波若威","3331269.00","629684.00","3960953.00","734964.00","152820.00","887784.00","805407.00","--","601382.00","1716533.00","-50153.00","--","3073169.00","--","--","--","3073169.00","0.00","0.00","0.00","38.16"
"115/08/24","114","4","3169","亞信","1860095.00","147588.00","2007683.00","171512.00","9941.00","181453.00","631070.00","--","476518.00","732595.00","-13953.00","--","1826230.00","--","--","--","1826230.00","--","0.00","0.00","28.94"
"115/08/24","114","4","3171","炎洲流通","1116877.00","426430.00","1543307.00","624750.00","43793.00","668543.00","331181.00","--","164187.00","271793.00","3518.00","0.00","770679.00","--","--","104085.00","874764.00","--","0.00","0.00","23.27"
"115/08/24","114","4","3176","基亞","3486910.00","2694015.00","6180925.00","744650.00","719901.00","1464551.00","1393068.00","--","668545.00","-461462.00","-50655.00","--","1549496.00","--","--","3166878.00","4716374.00","--","0.00","0.00","11.12"
"115/08/24","114","4","3178","公準","929785.00","1780793.00","2710578.00","617510.00","897513.00","1515023.00","450500.00","--","171083.00","567844.00","-240.00","--","1189187.00","--","--","6368.00","1195555.00","0.00","0.00","0.00","26.40"
"115/08/24","114","4","3188","鑫龍騰","11120859.00","18906.00","11139765.00","6663646.00","1172016.00","7835662.00","1883322.00","--","233711.00","1187070.00","--","--","3304103.00","--","--","--","3304103.00","--","2022292.00","0.00","17.54"
"115/08/24","114","4","3191","雲嘉南","220345.00","139884.00","360229.00","35671.00","70899.00","106570.00","435974.00","--","3385.00","-184061.00","-1639.00","--","253659.00","--","--","--","253659.00","--","0.00","0.00","5.82"
"115/08/24","114","4","3205","佰研","827451.00","244256.00","1071707.00","25987.00","920.00","26907.00","675456.00","--","370412.00","-49564.00","45990.00","--","1042294.00","--","--","2506.00","1044800.00","--","0.00","0.00","15.43"
"115/08/24","114","4","3206","志豐","2501640.00","490845.00","2992485.00","1147358.00","131480.00","1278838.00","589167.00","--","198250.00","756954.00","9296.00","0.00","1553667.00","--","--","159980.00","1713647.00","0.00","0.00","0.00","26.37"
"115/08/24","114","4","3207","耀勝","2642564.00","3137965.00","5780529.00","1818563.00","256454.00","2075017.00","664222.00","--","911048.00","-33836.00","202823.00","-1280.00","1742977.00","--","--","1962535.00","3705512.00","--","0.00","20000.00","26.25"
"115/08/24","114","4","3211","順達","9967308.00","5621247.00","15588555.00","4913074.00","703042.00","5616116.00","1543228.00","--","2443667.00","6390630.00","-405086.00","--","9972439.00","--","--","0.00","9972439.00","0.00","0.00","0.00","64.62"
"115/08/24","114","4","3213","茂訊","3970274.00","906792.00","4877066.00","913908.00","166506.00","1080414.00","586855.00","--","74381.00","2816141.00","295321.00","--","3772698.00","--","--","23954.00","3796652.00","0.00","0.00","0.00","64.29"
"115/08/24","114","4","3217","優群","4080806.00","2067753.00","6148559.00","1389536.00","81247.00","1470783.00","901042.00","--","851701.00","2258056.00","666977.00","0.00","4677776.00","--","--","--","4677776.00","0.00","0.00","0.00","51.92"
"115/08/24","114","4","3218","大學光","3001314.00","3091762.00","6093076.00","1028992.00","904879.00","1933871.00","847249.00","--","381924.00","2795035.00","-1185.00","--","4023023.00","--","--","136182.00","4159205.00","--","0.00","0.00","47.48"
"115/08/24","114","4","3219","倚強科","1912985.00","851342.00","2764327.00","830961.00","216418.00","1047379.00","712839.00","--","199939.00","462856.00","20366.00","--","1396000.00","--","--","320948.00","1716948.00","--","0.00","0.00","19.58"
"115/08/24","114","4","3221","台嘉碩","1822970.00","1213001.00","3035971.00","720452.00","213645.00","934097.00","1038621.00","--","707586.00","596864.00","-305179.00","--","2037892.00","--","--","63982.00","2101874.00","0.00","0.00","0.00","19.62"
"115/08/24","114","4","3224","三顧","1777003.00","1489914.00","3266917.00","606974.00","314301.00","921275.00","681726.00","--","680039.00","-337381.00","4854.00","-1864.00","1027374.00","--","--","1318268.00","2345642.00","0.00","0.00","40000.00","15.08"
"115/08/24","114","4","3226","龍鋒","1153683.00","1325163.00","2478846.00","562869.00","35458.00","598327.00","644306.00","--","14894.00","1225207.00","-3888.00","--","--","--","--","--","1880519.00","--","0.00","0.00","29.19"
"115/08/24","114","4","3227","原相","9532790.00","5987179.00","15519969.00","2607996.00","428337.00","3036333.00","1499278.00","--","3469798.00","6476058.00","992500.00","--","12437634.00","--","--","46002.00","12483636.00","--","0.00","0.00","82.96"
"115/08/24","114","4","3228","金麗科","311773.00","454336.00","766109.00","88474.00","4435.00","92909.00","715115.00","--","237878.00","-256518.00","-23275.00","--","--","--","--","--","673200.00","0.00","0.00","0.00","9.41"
"115/08/24","114","4","3230","錦明","724972.00","541071.00","1266043.00","208988.00","94291.00","303279.00","860109.00","0.00","351031.00","-125361.00","-72512.00","-50503.00","962764.00","0.00","--","0.00","962764.00","0.00","0.00","895000.00","11.31"
"115/08/24","114","4","3232","昱捷","799397.00","292697.00","1092094.00","278808.00","123088.00","401896.00","465679.00","--","173855.00","41530.00","9134.00","--","690198.00","--","--","--","690198.00","0.00","0.00","0.00","14.82"
"115/08/24","114","4","3234","光環","500858.00","549416.00","1050274.00","153694.00","134345.00","288039.00","1114747.00","--","306312.00","-664120.00","-11640.00","--","745299.00","--","--","16936.00","762235.00","0.00","0.00","0.00","6.69"
"115/08/24","114","4","3236","千如","1426102.00","1701469.00","3127571.00","838358.00","699934.00","1538292.00","1050006.00","--","181063.00","398731.00","-40521.00","--","1589279.00","--","--","--","1589279.00","--","0.00","0.00","15.14"
"115/08/24","114","4","3252","海灣","522203.00","3386096.00","3908299.00","314465.00","1587835.00","1902300.00","501958.00","--","282210.00","1151396.00","28500.00","--","1964064.00","--","--","41935.00","2005999.00","--","0.00","0.00","39.13"
"115/08/24","114","4","3259","鑫創","504899.00","112453.00","617352.00","132743.00","60739.00","193482.00","729659.00","--","0.00","-305789.00","0.00","--","--","--","--","--","423870.00","--","0.00","0.00","5.81"
"115/08/24","114","4","3260","威剛","41362388.00","27532218.00","68894606.00","24534051.00","18708030.00","43242081.00","3257440.00","--","8951384.00","12651512.00","-979552.00","-737990.00","23142794.00","--","--","2509731.00","25652525.00","41600.00","0.00","8510000.00","72.95"
"115/08/24","114","4","3264","欣銓","9037772.00","25786642.00","34824414.00","7050392.00","8526646.00","15577038.00","4901701.00","--","953428.00","13263394.00","255625.00","-126772.00","19247376.00","--","--","--","19247376.00","0.00","0.00","16250750.00","40.61"
"115/08/24","114","4","3265","台星科","3936244.00","5253878.00","9190122.00","1147321.00","1680822.00","2828143.00","1362617.00","--","366243.00","4518012.00","115107.00","--","6361979.00","--","--","--","6361979.00","0.00","0.00","0.00","46.69"
"115/08/24","114","4","3268","海德威","552132.00","389590.00","941722.00","369559.00","106880.00","476439.00","347208.00","--","84873.00","38472.00","-5270.00","--","465283.00","--","--","--","465283.00","--","0.00","0.00","13.40"
"115/08/24","114","4","3272","東碩","2372025.00","2267894.00","4639919.00","1568439.00","2105289.00","3673728.00","611768.00","--","786109.00","-282078.00","-116028.00","-33580.00","966191.00","--","--","--","966191.00","0.00","0.00","1275000.00","16.13"
"115/08/24","114","4","3276","宇環","356064.00","1103454.00","1459518.00","444079.00","113302.00","557381.00","697127.00","--","28787.00","116140.00","-8205.00","--","833849.00","--","--","68288.00","902137.00","0.00","0.00","0.00","11.96"
"115/08/24","114","4","3284","太普高","1839837.00","1293883.00","3133720.00","491169.00","906716.00","1397885.00","1084825.00","--","153850.00","311397.00","-12371.00","--","1537701.00","--","--","198134.00","1735835.00","--","0.00","0.00","14.17"
"115/08/24","114","4","3285","微端","718617.00","170709.00","889326.00","234547.00","34536.00","269083.00","427353.00","--","26471.00","166346.00","-16603.00","--","603567.00","--","--","16676.00","620243.00","--","0.00","0.00","14.12"
"115/08/24","114","4","3287","廣寰科","898442.00","146100.00","1044542.00","371957.00","1351.00","373308.00","439705.00","--","16259.00","161865.00","754.00","--","618583.00","--","--","52651.00","671234.00","--","0.00","0.00","14.07"
"115/08/24","114","4","3288","點晶","164796.00","35362.00","200158.00","73795.00","23216.00","97011.00","160000.00","--","6651.00","-75034.00","12909.00","--","104526.00","--","--","-1379.00","103147.00","--","0.00","0.00","6.53"
"115/08/24","114","4","3289","宜特","3100922.00","5887112.00","8988034.00","2583668.00","1716537.00","4300205.00","865793.00","--","3244678.00","656873.00","-99199.00","0.00","4668145.00","--","--","19684.00","4687829.00","--","27500.00","0.00","53.98"
"115/08/24","114","4","3290","東浦","2643703.00","2122473.00","4766176.00","1382867.00","1174047.00","2556914.00","902150.00","--","516158.00","927578.00","-136624.00","--","2209262.00","--","--","--","2209262.00","--","0.00","0.00","24.49"
"115/08/24","114","4","3293","鈊象","19726177.00","5741799.00","25467976.00","6327017.00","81129.00","6408146.00","2818016.00","--","317283.00","15561820.00","359076.00","--","19056195.00","--","--","3635.00","19059830.00","--","0.00","0.00","67.62"
"115/08/24","114","4","3294","英濟","3332271.00","1540812.00","4873083.00","1552362.00","1016286.00","2568648.00","1320159.00","--","857010.00","-31450.00","112797.00","0.00","2258516.00","--","--","45919.00","2304435.00","0.00","0.00","0.00","17.11"
"115/08/24","114","4","3297","杭特","221525.00","469785.00","691310.00","107906.00","2734.00","110640.00","360494.00","--","112612.00","107564.00","--","0.00","580670.00","--","--","0.00","580670.00","0.00","0.00","0.00","16.11"
"115/08/24","114","4","3303","岱稜","2444320.00","1583247.00","4027567.00","887629.00","696501.00","1584130.00","940906.00","--","413146.00","1091061.00","5975.00","-27093.00","2423995.00","--","--","19442.00","2443437.00","--","0.00","554000.00","25.91"
"115/08/24","114","4","3306","鼎天","959890.00","2688298.00","3648188.00","330260.00","2642.00","332902.00","506077.00","--","481430.00","317412.00","2010367.00","--","3315286.00","--","--","--","3315286.00","--","0.00","0.00","65.51"
"115/08/24","114","4","3310","佳穎","5148166.00","1040437.00","6188603.00","4021969.00","224963.00","4246932.00","749485.00","--","171723.00","918467.00","96411.00","--","1936086.00","--","--","5585.00","1941671.00","0.00","0.00","0.00","25.83"
"115/08/24","114","4","3313","斐成","3229707.00","391506.00","3621213.00","1046606.00","379953.00","1426559.00","2211338.00","--","671770.00","-687081.00","-1392.00","--","2194635.00","--","--","19.00","2194654.00","0.00","0.00","0.00","9.92"
"115/08/24","114","4","3317","尼克森","3302005.00","617364.00","3919369.00","555027.00","83184.00","638211.00","900000.00","--","676048.00","1624948.00","-2095.00","--","3198901.00","--","--","82257.00","3281158.00","0.00","0.00","0.00","35.54"
"115/08/24","114","4","3322","建舜電","1698344.00","1890204.00","3588548.00","1522793.00","506583.00","2029376.00","1215822.00","--","238560.00","11430.00","93360.00","--","1559172.00","--","--","0.00","1559172.00","0.00","0.00","0.00","12.82"
"115/08/24","114","4","3323","加百裕","4155420.00","637063.00","4792483.00","2103643.00","113103.00","2216746.00","986271.00","--","1080075.00","380624.00","36410.00","--","2483380.00","--","--","92357.00","2575737.00","--","0.00","0.00","25.18"
"115/08/24","114","4","3324","雙鴻","18587376.00","7537233.00","26124609.00","12522996.00","2107149.00","14630145.00","930748.00","--","2533204.00","7523696.00","257810.00","-160915.00","11084543.00","--","--","409921.00","11494464.00","0.00","311859.00","750000.00","120.06"
"115/08/24","114","4","3325","旭品","1219199.00","697619.00","1916818.00","917962.00","98061.00","1016023.00","901686.00","--","186308.00","-291991.00","33542.00","--","829545.00","--","--","71250.00","900795.00","--","0.00","0.00","9.20"
"115/08/24","114","4","3332","幸康","1650911.00","687846.00","2338757.00","464251.00","36435.00","500686.00","481042.00","--","180700.00","1174051.00","2278.00","--","1838071.00","--","--","--","1838071.00","0.00","0.00","0.00","38.21"
"115/08/24","114","4","3339","泰谷","723563.00","525683.00","1249246.00","469751.00","75871.00","545622.00","665683.00","--","222368.00","-85689.00","--","-102878.00","699484.00","0.00","--","4140.00","703624.00","--","0.00","3258000.00","11.05"
"115/08/24","114","4","3349","寶德","352799.00","165506.00","518305.00","117810.00","54930.00","172740.00","460716.00","--","87667.00","-203243.00","425.00","--","345565.00","--","--","--","345565.00","0.00","0.00","0.00","7.50"
"115/08/24","114","4","3354","律勝","347061.00","531296.00","878357.00","25161.00","60834.00","85995.00","701124.00","--","34462.00","82240.00","-25464.00","--","792362.00","--","--","--","792362.00","0.00","0.00","0.00","11.30"
"115/08/24","114","4","3357","臺慶科","6136845.00","8012029.00","14148874.00","3432253.00","1346827.00","4779080.00","1105926.00","--","2733346.00","4657760.00","612777.00","--","9109809.00","--","--","259985.00","9369794.00","0.00","0.00","0.00","82.37"
"115/08/24","114","4","3360","尚立","3083683.00","487840.00","3571523.00","2513854.00","233855.00","2747709.00","764021.00","--","93254.00","-34877.00","2087.00","--","824485.00","--","--","-671.00","823814.00","--","0.00","0.00","10.79"
"115/08/24","114","4","3362","先進光","3983952.00","6480957.00","10464909.00","4097593.00","2681425.00","6779018.00","1424455.00","--","1512469.00","743067.00","5593.00","--","3685584.00","--","--","307.00","3685891.00","0.00","0.00","0.00","25.87"
"115/08/24","114","4","3363","上詮","2207389.00","949690.00","3157079.00","521974.00","86013.00","607987.00","1036406.00","--","1463952.00","273488.00","-224754.00","--","2549092.00","--","--","--","2549092.00","0.00","0.00","0.00","24.60"
"115/08/24","114","4","3372","典範","782657.00","1062695.00","1845352.00","273197.00","70024.00","343221.00","1753240.00","--","132984.00","-384093.00","0.00","--","--","--","--","--","1502131.00","0.00","0.00","0.00","8.57"
"115/08/24","114","4","3373","熱映","649935.00","211373.00","861308.00","67090.00","413.00","67503.00","476188.00","--","88777.00","305207.00","-76367.00","--","793805.00","--","--","--","793805.00","--","0.00","0.00","16.67"
"115/08/24","114","4","3374","精材","6391546.00","8818171.00","15209717.00","2553241.00","2898864.00","5452105.00","2713643.00","--","396424.00","6647545.00","--","--","--","--","--","--","9757612.00","--","0.00","0.00","35.96"
"115/08/24","114","4","3379","彬台","787865.00","537024.00","1324889.00","636438.00","8660.00","645098.00","380417.00","--","70015.00","114822.00","114537.00","--","679791.00","--","--","--","679791.00","0.00","0.00","0.00","17.87"
"115/08/24","114","4","3388","崇越電","5799191.00","890229.00","6689420.00","1177320.00","745725.00","1923045.00","740624.00","--","1521079.00","2184431.00","163933.00","--","4610067.00","--","--","156308.00","4766375.00","--","0.00","0.00","62.25"
"115/08/24","114","4","3390","旭軟","1080485.00","716107.00","1796592.00","203521.00","193791.00","397312.00","789583.00","--","487969.00","49204.00","72524.00","0.00","1399280.00","--","--","0.00","1399280.00","--","0.00","0.00","17.72"
"115/08/24","114","4","3402","漢科","4983666.00","1337004.00","6320670.00","3871729.00","187044.00","4058773.00","730476.00","--","54813.00","1469723.00","6885.00","--","2261897.00","--","--","--","2261897.00","--","0.00","0.00","30.96"
"115/08/24","114","4","3430","奇鈦科","1120037.00","525481.00","1645518.00","377264.00","127420.00","504684.00","337161.00","--","161772.00","641602.00","299.00","--","1140834.00","--","--","--","1140834.00","--","0.00","0.00","33.84"
"115/08/24","114","4","3434","哲固","444860.00","256809.00","701669.00","121884.00","77168.00","199052.00","357547.00","--","105901.00","43268.00","-4099.00","--","502617.00","--","--","--","502617.00","0.00","0.00","0.00","14.06"
"115/08/24","114","4","3438","類比科","1062132.00","1407316.00","2469448.00","165625.00","163016.00","328641.00","471658.00","--","582219.00","459716.00","627214.00","--","--","--","--","--","2140807.00","0.00","0.00","0.00","45.39"
"115/08/24","114","4","3441","聯一光電","939506.00","127572.00","1067078.00","190195.00","62891.00","253086.00","400399.00","--","57641.00","333047.00","9800.00","--","800887.00","--","--","13105.00","813992.00","--","0.00","0.00","20.00"
"115/08/24","114","4","3444","利機","1046588.00","452045.00","1498633.00","410635.00","8912.00","419547.00","449969.00","--","261106.00","406521.00","-38510.00","--","1079086.00","--","--","--","1079086.00","--","0.00","0.00","23.98"
"115/08/24","114","4","3455","由田","2236436.00","1743474.00","3979910.00","932699.00","480884.00","1413583.00","598507.00","--","255967.00","1744417.00","-32564.00","--","2566327.00","--","--","--","2566327.00","--","0.00","0.00","42.88"
"115/08/24","114","4","3465","進泰電子","951691.00","960883.00","1912574.00","629398.00","437785.00","1067183.00","353298.00","--","283304.00","144093.00","12311.00","--","793006.00","--","--","52385.00","845391.00","0.00","0.00","0.00","22.45"
"115/08/24","114","4","3466","德晉","1256709.00","524063.00","1780772.00","228995.00","99068.00","328063.00","778921.00","--","1186479.00","-422257.00","-90434.00","--","1452709.00","--","--","--","1452709.00","0.00","0.00","0.00","18.65"
"115/08/24","114","4","3467","台灣精材","470088.00","366618.00","836706.00","167168.00","74994.00","242162.00","311066.00","--","180519.00","102959.00","--","--","--","--","--","--","594544.00","--","0.00","0.00","19.11"
"115/08/24","114","4","3479","安勤","5107035.00","2753956.00","7860991.00","2271422.00","1604748.00","3876170.00","726302.00","0.00","1160190.00","1526840.00","-32147.00","-1535.00","3379650.00","0.00","--","605171.00","3984821.00","--","0.00","76201.00","46.58"
"115/08/24","114","4","3483","力致","6631117.00","2699334.00","9330451.00","3664329.00","713583.00","4377912.00","990493.00","--","2360869.00","1695822.00","-18124.00","-76521.00","4952539.00","--","--","--","4952539.00","--","0.00","828000.00","50.42"
"115/08/24","114","4","3484","崧騰","3783597.00","1346423.00","5130020.00","1537881.00","291586.00","1829467.00","788282.00","--","861329.00","1562872.00","52256.00","--","3264739.00","--","--","35814.00","3300553.00","--","0.00","0.00","41.42"
"115/08/24","114","4","3485","敘豐","1188377.00","319252.00","1507629.00","181216.00","4998.00","186214.00","341919.00","--","21661.00","973392.00","-15557.00","--","1321415.00","--","--","--","1321415.00","--","0.00","0.00","38.65"
"115/08/24","114","4","3489","森寶","3724968.00","192444.00","3917412.00","2709039.00","3219.00","2712258.00","904522.00","--","286093.00","14539.00","--","--","1205154.00","--","--","--","1205154.00","0.00","0.00","0.00","13.32"
"115/08/24","114","4","3490","單井","659838.00","1348779.00","2008617.00","393058.00","356242.00","749300.00","550065.00","--","344954.00","379489.00","-15191.00","0.00","1259317.00","--","--","--","1259317.00","--","0.00","0.00","22.89"
"115/08/24","114","4","3491","昇達科","2518066.00","2677226.00","5195292.00","1368144.00","209607.00","1577751.00","688051.00","--","2031723.00","815223.00","82506.00","--","3617503.00","--","--","38.00","3617541.00","--","0.00","0.00","52.58"
"115/08/24","114","4","3492","長盛","723837.00","280425.00","1004262.00","299828.00","52060.00","351888.00","355316.00","--","19787.00","291292.00","-14021.00","0.00","652374.00","--","--","--","652374.00","0.00","0.00","0.00","18.36"
"115/08/24","114","4","3498","陽程","3164082.00","878280.00","4042362.00","1615535.00","184836.00","1800371.00","612730.00","--","1354253.00","412426.00","-109540.00","-28951.00","2240918.00","--","--","1073.00","2241991.00","--","0.00","862000.00","37.09"
"115/08/24","114","4","3499","環天科","372355.00","301634.00","673989.00","189078.00","17737.00","206815.00","549706.00","--","28440.00","-95355.00","-15617.00","0.00","467174.00","--","--","0.00","467174.00","0.00","0.00","0.00","8.50"
"115/08/24","114","4","3508","位速","777412.00","1856600.00","2634012.00","1610115.00","602239.00","2212354.00","1043117.00","--","2113176.00","-2573802.00","-24494.00","-56294.00","501703.00","--","--","-80045.00","421658.00","0.00","0.00","1076366.00","4.86"
"115/08/24","114","4","3511","矽瑪","1194494.00","1335835.00","2530329.00","703590.00","15656.00","719246.00","799729.00","--","551718.00","-55380.00","3659.00","--","1299726.00","--","--","511357.00","1811083.00","--","0.00","0.00","16.25"
"115/08/24","114","4","3512","皇龍","5464517.00","66574.00","5531091.00","2269196.00","607349.00","2876545.00","1130724.00","--","992448.00","531374.00","0.00","--","2654546.00","--","--","--","2654546.00","--","0.00","0.00","23.48"
"115/08/24","114","4","3516","亞帝歐","879318.00","1986922.00","2866240.00","415126.00","810004.00","1225130.00","595609.00","--","886282.00","103217.00","-70937.00","--","1514171.00","--","--","126939.00","1641110.00","--","0.00","0.00","25.42"
"115/08/24","114","4","3520","華盈","951413.00","601539.00","1552952.00","459910.00","293706.00","753616.00","688468.00","--","61539.00","59500.00","-10171.00","--","799336.00","--","--","0.00","799336.00","0.00","0.00","0.00","11.61"
"115/08/24","114","4","3521","台鋼建設","1276583.00","524002.00","1800585.00","313947.00","14694.00","328641.00","1457656.00","--","429965.00","-449229.00","33552.00","--","1471944.00","--","--","0.00","1471944.00","--","0.00","0.00","10.10"
"115/08/24","114","4","3522","御嵿","505694.00","1754637.00","2260331.00","1060577.00","744809.00","1805386.00","840962.00","--","41154.00","-417584.00","-15005.00","--","449527.00","--","--","5418.00","454945.00","0.00","0.00","0.00","5.35"
"115/08/24","114","4","3523","迎輝","113021.00","1691752.00","1804773.00","449998.00","925159.00","1375157.00","642579.00","--","15776.00","-734065.00","501494.00","--","425784.00","--","--","3832.00","429616.00","--","0.00","0.00","6.63"
"115/08/24","114","4","3526","凡甲","6298442.00","1586764.00","7885206.00","1519000.00","2155590.00","3674590.00","656215.00","--","1377476.00","2218890.00","-41965.00","0.00","4210616.00","0.00","--","0.00","4210616.00","--","317600.00","0.00","64.17"
"115/08/24","114","4","3527","聚積","2182364.00","374003.00","2556367.00","291328.00","8980.00","300308.00","444451.00","--","1298953.00","533752.00","-21097.00","--","2256059.00","--","--","--","2256059.00","--","0.00","0.00","50.76"
"115/08/24","114","4","3529","力旺","3801219.00","959351.00","4760570.00","879922.00","9274.00","889196.00","746865.00","--","132279.00","2972361.00","-9640.00","--","3841865.00","--","--","29509.00","3871374.00","--","0.00","0.00","51.44"
"115/08/24","114","4","3531","先益","2038595.00","295365.00","2333960.00","413335.00","41271.00","454606.00","611750.00","--","669790.00","699293.00","-123406.00","--","1857427.00","--","--","21927.00","1879354.00","0.00","0.00","0.00","30.36"
"115/08/24","114","4","3537","堡達","1752249.00","248907.00","2001156.00","689480.00","37465.00","726945.00","562430.00","0.00","105466.00","622532.00","-16217.00","0.00","1274211.00","0.00","--","0.00","1274211.00","0.00","0.00","0.00","22.66"
"115/08/24","114","4","3540","曜越","4857291.00","869240.00","5726531.00","3069532.00","913545.00","3983077.00","724585.00","--","512283.00","530564.00","27703.00","0.00","1795135.00","--","--","-51681.00","1743454.00","0.00","0.00","0.00","24.77"
"115/08/24","114","4","3541","西柏","1630875.00","639833.00","2270708.00","1059587.00","491696.00","1551283.00","563491.00","--","266682.00","-43607.00","-25851.00","-41290.00","719425.00","0.00","--","--","719425.00","0.00","0.00","618000.00","12.91"
"115/08/24","114","4","3546","宇峻","1602434.00","825803.00","2428237.00","555261.00","354069.00","909330.00","584275.00","--","298384.00","586496.00","49752.00","--","1518907.00","--","--","--","1518907.00","--","0.00","0.00","26.00"
"115/08/24","114","4","3548","兆利","7903034.00","3791388.00","11694422.00","3013609.00","2487064.00","5500673.00","677442.00","--","2154364.00","3276365.00","85578.00","--","6193749.00","--","--","0.00","6193749.00","--","0.00","0.00","91.43"
"115/08/24","114","4","3551","世禾","2927524.00","3140656.00","6068180.00","686088.00","489473.00","1175561.00","622749.00","--","914200.00","3429806.00","-42806.00","-31330.00","4892619.00","--","--","--","4892619.00","0.00","0.00","538000.00","79.25"
"115/08/24","114","4","3552","同致","8240851.00","2461482.00","10702333.00","4835773.00","1424230.00","6260003.00","979183.00","--","938275.00","2846954.00","-322082.00","--","4442330.00","--","--","--","4442330.00","0.00","0.00","0.00","45.37"
"115/08/24","114","4","3555","博士旺","523196.00","124184.00","647380.00","79606.00","7458.00","87064.00","399988.00","--","215159.00","-61561.00","-664.00","--","552922.00","--","--","7394.00","560316.00","0.00","0.00","0.00","13.82"
"115/08/24","114","4","3556","禾瑞亞","1342584.00","128933.00","1471517.00","204999.00","42895.00","247894.00","637029.00","--","19842.00","522332.00","70.00","--","1179273.00","--","--","44350.00","1223623.00","0.00","0.00","0.00","18.51"
"115/08/24","114","4","3558","神準","8429284.00","4950789.00","13380073.00","5548908.00","1368209.00","6917117.00","590609.00","--","1886279.00","3706979.00","-80349.00","--","6103518.00","--","--","359438.00","6462956.00","0.00","0.00","0.00","103.34"
"115/08/24","114","4","3564","其陽","1748908.00","933477.00","2682385.00","788143.00","505114.00","1293257.00","591231.00","--","548898.00","237105.00","11894.00","--","1389128.00","--","--","--","1389128.00","0.00","0.00","0.00","23.50"
"115/08/24","114","4","3567","逸昌","237214.00","380919.00","618133.00","33854.00","8298.00","42152.00","339540.00","--","51287.00","190466.00","-5312.00","--","--","--","--","--","575981.00","--","0.00","0.00","16.96"
"115/08/24","114","4","3570","大塚","1384438.00","149078.00","1533516.00","411275.00","32447.00","443722.00","170970.00","--","68813.00","855581.00","-5570.00","--","1089794.00","--","--","--","1089794.00","--","0.00","0.00","63.74"
"115/08/24","114","4","3577","泓格","828992.00","818373.00","1647365.00","241490.00","20349.00","261839.00","639657.00","--","68630.00","677894.00","-655.00","--","1385526.00","--","--","--","1385526.00","0.00","0.00","0.00","21.66"
"115/08/24","114","4","3580","友威科","868418.00","916075.00","1784493.00","210198.00","545577.00","755775.00","394707.00","--","186218.00","437187.00","12204.00","-1598.00","1028718.00","--","--","--","1028718.00","--","0.00","26000.00","26.08"
"115/08/24","114","4","3581","博磊","1721491.00","305486.00","2026977.00","934665.00","35903.00","970568.00","510060.00","--","81293.00","269173.00","24119.00","--","884645.00","--","--","171764.00","1056409.00","0.00","0.00","0.00","17.34"
"115/08/24","114","4","3587","閎康","4370545.00","4443525.00","8814070.00","2633153.00","1308643.00","3941796.00","670382.00","--","2103781.00","2070122.00","27989.00","0.00","4872274.00","--","--","0.00","4872274.00","0.00","0.00","0.00","72.68"
"115/08/24","114","4","3594","磐儀","3715517.00","1267124.00","4982641.00","1965431.00","403957.00","2369388.00","959484.00","--","827872.00","500914.00","-29546.00","-14134.00","2244590.00","--","--","368663.00","2613253.00","--","0.00","568000.00","23.53"
"115/08/24","114","4","3597","映興","676686.00","923178.00","1599864.00","297528.00","716135.00","1013663.00","392364.00","--","86083.00","140206.00","-26802.00","-5650.00","586201.00","--","--","--","586201.00","0.00","0.00","238000.00","15.03"
"115/08/24","114","4","3609","三一東林","723628.00","309027.00","1032655.00","408738.00","101739.00","510477.00","384194.00","--","359863.00","-185630.00","-31682.00","-4567.00","522178.00","--","--","--","522178.00","0.00","0.00","95000.00","13.63"
"115/08/24","114","4","3611","鼎翰","5900035.00","6749836.00","12649871.00","3404381.00","3850743.00","7255124.00","475546.00","--","755141.00","4036199.00","122039.00","--","5388925.00","--","--","5822.00","5394747.00","--","0.00","0.00","113.32"
"115/08/24","114","4","3615","安可","1088833.00","1891511.00","2980344.00","199179.00","320026.00","519205.00","684670.00","--","1431740.00","152655.00","-22590.00","--","2246475.00","--","--","214664.00","2461139.00","0.00","0.00","0.00","32.81"
"115/08/24","114","4","3623","富晶通","319043.00","141785.00","460828.00","87954.00","17408.00","105362.00","291859.00","--","62213.00","-2586.00","3980.00","--","--","--","--","--","355466.00","0.00","0.00","0.00","12.18"
"115/08/24","114","4","3624","光頡","2787698.00","1308473.00","4096171.00","567608.00","39128.00","606736.00","1173408.00","--","730121.00","1557948.00","4700.00","--","3466177.00","--","--","23258.00","3489435.00","0.00","0.00","0.00","29.54"
"115/08/24","114","4","3625","西勝","494876.00","1249445.00","1744321.00","736155.00","456438.00","1192593.00","1142468.00","--","31306.00","-535664.00","-46509.00","-39873.00","551728.00","--","--","--","551728.00","--","--","4615000.00","5.03"
"115/08/24","114","4","3628","盈正","2551990.00","950057.00","3502047.00","1689087.00","123480.00","1812567.00","450000.00","--","713348.00","551704.00","-28040.00","--","1687012.00","--","--","2468.00","1689480.00","0.00","0.00","0.00","37.49"
"115/08/24","114","4","3629","地心引力","58517.00","8000.00","66517.00","12945.00","2924.00","15869.00","329548.00","--","0.00","-264664.00","-14236.00","--","50648.00","--","--","--","50648.00","--","0.00","0.00","1.54"
"115/08/24","114","4","3630","新鉅科","2393226.00","1806950.00","4200176.00","1035816.00","107334.00","1143150.00","2041919.00","--","2642228.00","-1535467.00","-91654.00","--","3057026.00","--","--","--","3057026.00","0.00","0.00","0.00","14.97"
"115/08/24","114","4","3631","晟楠","773158.00","1742548.00","2515706.00","315480.00","726944.00","1042424.00","818209.00","--","447841.00","-57428.00","-6177.00","0.00","1202445.00","--","--","270837.00","1473282.00","--","0.00","0.00","14.70"
"115/08/24","114","4","3632","研勤","96020.00","228721.00","324741.00","93360.00","97040.00","190400.00","408897.00","--","1808.00","-260271.00","-30490.00","--","119944.00","--","--","14397.00","134341.00","--","0.00","0.00","2.93"
"115/08/24","114","4","3646","艾恩特","705345.00","252627.00","957972.00","386616.00","58082.00","444698.00","392974.00","--","15166.00","99204.00","5930.00","--","513274.00","--","--","--","513274.00","--","0.00","0.00","13.06"
"115/08/24","114","4","3663","鑫科","3454792.00","941060.00","4395852.00","1383157.00","628342.00","2011499.00","1084940.00","--","752214.00","108890.00","-62517.00","--","1883527.00","0.00","--","500826.00","2384353.00","--","0.00","0.00","17.36"
"115/08/24","114","4","3664","安瑞-KY","565212.00","159254.00","724466.00","505838.00","127226.00","633064.00","652754.00","--","422747.00","-880306.00","-103793.00","0.00","91402.00","--","--","0.00","91402.00","--","0.00","0.00","1.40"
"115/08/24","114","4","3666","光耀","1622348.00","373260.00","1995608.00","242557.00","2233.00","244790.00","1389499.00","--","825146.00","-249831.00","-87225.00","-126771.00","1750818.00","--","--","--","1750818.00","--","0.00","4177000.00","12.99"
"115/08/24","114","4","3672","康聯訊","330730.00","242084.00","572814.00","192857.00","52158.00","245015.00","407903.00","--","60441.00","-127753.00","-12872.00","0.00","327719.00","--","--","80.00","327799.00","--","0.00","0.00","8.03"
"115/08/24","114","4","3675","德微","1880514.00","2814919.00","4695433.00","1248296.00","900523.00","2148819.00","530579.00","--","1473611.00","472789.00","-453.00","0.00","2476526.00","0.00","--","70088.00","2546614.00","0.00","0.00","0.00","46.68"
"115/08/24","114","4","3680","家登","10379767.00","13386764.00","23766531.00","3861736.00","8495275.00","12357011.00","960415.00","--","6913992.00","1736158.00","132768.00","--","9743333.00","--","--","1666187.00","11409520.00","--","0.00","0.00","101.45"
"115/08/24","114","4","3684","榮昌","862321.00","482178.00","1344499.00","318055.00","306544.00","624599.00","300016.00","--","105611.00","317830.00","-3557.00","--","719900.00","--","--","--","719900.00","0.00","0.00","0.00","24.00"
"115/08/24","114","4","3685","元創精密","1213972.00","914359.00","2128331.00","779033.00","174106.00","953139.00","795740.00","--","44887.00","-95796.00","-39513.00","--","705318.00","--","--","469874.00","1175192.00","--","0.00","0.00","8.86"
"115/08/24","114","4","3687","歐買尬","7370399.00","2152864.00","9523263.00","4589177.00","639337.00","5228514.00","300596.00","--","1082030.00","245322.00","-21799.00","--","1606149.00","--","--","2688600.00","4294749.00","--","0.00","0.00","53.43"
"115/08/24","114","4","3689","湧德","4782636.00","2890030.00","7672666.00","2555482.00","176633.00","2732115.00","891427.00","--","1502759.00","2537060.00","-125130.00","--","4806116.00","--","--","134435.00","4940551.00","--","1731104.00","0.00","53.91"
"115/08/24","114","4","3691","碩禾","5479419.00","6817751.00","12297170.00","1923805.00","3536444.00","5460249.00","918834.00","--","5654999.00","-543649.00","-248188.00","--","5781996.00","--","--","1054925.00","6836921.00","--","0.00","0.00","62.93"
"115/08/24","114","4","3693","營邦","5077239.00","2663342.00","7740581.00","1947333.00","518228.00","2465561.00","429907.00","--","1945035.00","2817851.00","18076.00","--","5210869.00","0.00","--","64151.00","5275020.00","0.00","0.00","0.00","121.21"
"115/08/24","114","4","3707","漢磊","6345726.00","6533988.00","12879714.00","1928246.00","1785811.00","3714057.00","3901453.00","--","3818053.00","-502824.00","-112242.00","--","7104440.00","--","--","2061217.00","9165657.00","0.00","0.00","0.00","18.21"
"115/08/24","114","4","3709","鑫聯大投控","31023546.00","483213.00","31506759.00","27554489.00","323208.00","27877697.00","1255695.00","--","841536.00","1521536.00","40831.00","--","3659598.00","--","--","-30536.00","3629062.00","0.00","0.00","0.00","29.14"
"115/08/24","114","4","3710","連展投控","4433627.00","3479450.00","7913077.00","4693079.00","1492651.00","6185730.00","2872507.00","--","90232.00","-1159646.00","-490435.00","--","1312658.00","--","--","414689.00","1727347.00","--","0.00","0.00","4.57"
"115/08/24","114","4","3713","新晶投控","463497.00","2331872.00","2795369.00","775166.00","1304722.00","2079888.00","880900.00","--","229804.00","-402302.00","-1183.00","--","707219.00","--","--","8262.00","715481.00","0.00","0.00","0.00","8.03"
"115/08/24","114","4","4102","永日","363589.00","560518.00","924107.00","189550.00","67259.00","256809.00","423735.00","--","29919.00","84249.00","50356.00","--","588259.00","--","--","79039.00","667298.00","0.00","0.00","0.00","13.88"
"115/08/24","114","4","4105","東洋","6008814.00","5339255.00","11348069.00","2639833.00","656894.00","3296727.00","2486500.00","--","317559.00","4427169.00","7182.00","--","7238410.00","--","--","812932.00","8051342.00","0.00","0.00","0.00","29.11"
"115/08/24","114","4","4107","邦特","2332700.00","2327299.00","4659999.00","546665.00","506162.00","1052827.00","692983.00","--","317117.00","2577818.00","19254.00","--","3607172.00","--","--","--","3607172.00","--","0.00","0.00","52.05"
"115/08/24","114","4","4109","加捷生醫","574476.00","1314412.00","1888888.00","170835.00","4051.00","174886.00","1187367.00","--","251579.00","340724.00","-95862.00","--","1683808.00","--","--","30194.00","1714002.00","0.00","0.00","0.00","14.18"
"115/08/24","114","4","4111","濟生","925116.00","1012661.00","1937777.00","461001.00","96042.00","557043.00","598321.00","--","48848.00","736400.00","-2835.00","--","--","--","--","--","1380734.00","--","0.00","0.00","23.08"
"115/08/24","114","4","4113","聯上","14401796.00","1440119.00","15841915.00","10959640.00","615382.00","11575022.00","2311382.00","--","1290536.00","664975.00","0.00","--","--","--","--","--","4266893.00","--","0.00","0.00","18.46"
"115/08/24","114","4","4114","健喬","6668606.00","7316700.00","13985306.00","2262303.00","1623685.00","3885988.00","5101756.00","--","2626687.00","1278516.00","-89100.00","-154035.00","8763824.00","--","--","1335494.00","10099318.00","--","0.00","7403799.00","17.43"
"115/08/24","114","4","4116","明基醫","3692605.00","1758006.00","5450611.00","2277276.00","842582.00","3119858.00","445660.00","--","298107.00","386453.00","-3545.00","--","1126675.00","--","--","1204078.00","2330753.00","--","0.00","0.00","25.28"
"115/08/24","114","4","4120","友華","4297988.00","7909895.00","12207883.00","2914540.00","1939723.00","4854263.00","867471.00","--","518464.00","3665614.00","1235772.00","--","6287321.00","--","--","1066299.00","7353620.00","--","0.00","0.00","72.48"
"115/08/24","114","4","4121","優盛","2245221.00","1962901.00","4208122.00","1172169.00","1052107.00","2224276.00","827480.00","--","307581.00","313564.00","-38491.00","0.00","1410134.00","--","--","573712.00","1983846.00","--","0.00","0.00","17.04"
"115/08/24","114","4","4123","晟德","1590062.00","33038060.00","34628122.00","3509608.00","4631819.00","8141427.00","7612257.00","--","5036294.00","14337106.00","93763.00","-592731.00","26486689.00","--","--","6.00","26486695.00","0.00","0.00","14692467.00","35.48"
"115/08/24","114","4","4126","太醫","1822506.00","2096761.00","3919267.00","522288.00","429540.00","951828.00","726000.00","--","344888.00","1896551.00","0.00","--","--","--","--","--","2967439.00","--","0.00","0.00","40.87"
"115/08/24","114","4","4127","天良","285111.00","898117.00","1183228.00","708885.00","304.00","709189.00","457600.00","--","0.00","23241.00","-6802.00","--","474039.00","--","--","--","474039.00","--","0.00","0.00","10.36"
"115/08/24","114","4","4128","中天","3406169.00","8927633.00","12333802.00","791987.00","1337328.00","2129315.00","5881706.00","--","3933454.00","-735574.00","-165939.00","--","8913647.00","--","--","1290840.00","10204487.00","--","0.00","0.00","15.15"
"115/08/24","114","4","4129","聯合","4289664.00","3532397.00","7822061.00","2499939.00","1117855.00","3617794.00","964376.00","--","2281472.00","904837.00","-51147.00","--","4099538.00","--","--","104729.00","4204267.00","0.00","0.00","0.00","42.51"
"115/08/24","114","4","4131","浩泰","275750.00","274089.00","549839.00","199394.00","49442.00","248836.00","395700.00","--","18282.00","-97819.00","-33628.00","--","282535.00","--","--","18468.00","301003.00","--","70000.00","0.00","7.14"
"115/08/24","114","4","4138","曜亞","1878616.00","1248031.00","3126647.00","869772.00","364589.00","1234361.00","399300.00","--","627357.00","471166.00","170831.00","--","1668654.00","--","--","223632.00","1892286.00","0.00","0.00","0.00","41.79"
"115/08/24","114","4","4139","馬光-KY","354624.00","1026291.00","1380915.00","619763.00","284982.00","904745.00","450099.00","--","36900.00","-83881.00","38779.00","--","441897.00","--","--","34273.00","476170.00","--","0.00","0.00","9.82"
"115/08/24","114","4","4147","中裕","3322308.00","1488433.00","4810741.00","253507.00","699545.00","953052.00","2732024.00","--","2468711.00","-1304163.00","-38883.00","--","3857689.00","--","--","--","3857689.00","0.00","0.00","0.00","14.12"
"115/08/24","114","4","4153","鈺緯","1084365.00","269315.00","1353680.00","323446.00","1071.00","324517.00","586682.00","--","347141.00","101605.00","-6265.00","0.00","1029163.00","--","--","--","1029163.00","--","0.00","0.00","17.54"
"115/08/24","114","4","4154","樂威科-KY","116977.00","255814.00","372791.00","46445.00","90427.00","136872.00","350000.00","--","23607.00","-153299.00","2133.00","--","222441.00","--","--","13478.00","235919.00","--","0.00","0.00","6.36"
"115/08/24","114","4","4157","太景*-KY","1119941.00","47313.00","1167254.00","83105.00","9272.00","92377.00","20767.00","--","451167.00","634323.00","-31380.00","0.00","1074877.00","--","--","--","1074877.00","--","0.00","0.00","1.51"
"115/08/24","114","4","4160","訊聯基因","617956.00","188098.00","806054.00","199331.00","4722.00","204053.00","266903.00","--","55292.00","69896.00","209464.00","--","601555.00","--","--","446.00","602001.00","0.00","0.00","0.00","22.54"
"115/08/24","114","4","4161","聿新科","935551.00","636285.00","1571836.00","484398.00","112747.00","597145.00","598081.00","--","287751.00","110660.00","-27132.00","--","969360.00","--","--","5331.00","974691.00","0.00","0.00","0.00","16.21"
"115/08/24","114","4","4162","智擎","5084842.00","62670.00","5147512.00","187146.00","34448.00","221594.00","1456776.00","--","1615939.00","1986613.00","0.00","-133410.00","--","--","--","--","4925918.00","0.00","0.00","2000000.00","34.28"
"115/08/24","114","4","4163","鐿鈦","2282505.00","2567289.00","4849794.00","1070743.00","1008420.00","2079163.00","503546.00","--","452745.00","1771041.00","-17085.00","--","2710247.00","--","--","60384.00","2770631.00","2250.00","653000.00","0.00","53.82"
"115/08/24","114","4","4166","友霖","1259138.00","1679215.00","2938353.00","187100.00","187779.00","374879.00","2430351.00","--","369051.00","-241009.00","5081.00","--","2563474.00","--","--","--","2563474.00","--","0.00","0.00","10.55"
"115/08/24","114","4","4167","松瑞藥","2556009.00","1628103.00","4184112.00","231194.00","172108.00","403302.00","3104441.00","--","132746.00","542786.00","--","0.00","3779973.00","--","--","837.00","3780810.00","--","0.00","0.00","12.18"
"115/08/24","114","4","4168","醣聯","748056.00","806167.00","1554223.00","93493.00","478382.00","571875.00","1125213.00","--","158597.00","-290625.00","-10837.00","--","982348.00","--","--","--","982348.00","0.00","0.00","0.00","8.73"
"115/08/24","114","4","4171","瑞基","484159.00","396895.00","881054.00","201131.00","83208.00","284339.00","580575.00","--","150536.00","-117322.00","-9756.00","-17305.00","586728.00","--","--","9987.00","596715.00","0.00","0.00","755000.00","10.24"
"115/08/24","114","4","4173","久裕","4518404.00","741319.00","5259723.00","3132231.00","116095.00","3248326.00","745744.00","--","655420.00","267064.00","343169.00","--","2011397.00","--","--","--","2011397.00","0.00","0.00","0.00","26.97"
"115/08/24","114","4","4174","浩鼎","1580085.00","1841180.00","3421265.00","350557.00","345574.00","696131.00","1315797.00","--","9204370.00","-8616065.00","-15546.00","0.00","1888556.00","--","--","836578.00","2725134.00","0.00","0.00","0.00","14.35"
"115/08/24","114","4","4175","杏一","2265002.00","5017865.00","7282867.00","2729544.00","2988887.00","5718431.00","423233.00","--","758719.00","376507.00","976.00","--","1559435.00","--","--","5001.00","1564436.00","--","0.00","0.00","36.85"
"115/08/24","114","4","4183","福永生技","355472.00","177775.00","533247.00","154616.00","97525.00","252141.00","238000.00","--","31600.00","11506.00","0.00","--","--","--","--","--","281106.00","0.00","0.00","0.00","11.81"
"115/08/24","114","4","4188","安克","409996.00","212707.00","622703.00","18129.00","3753.00","21882.00","633329.00","--","142166.00","-253082.00","-989.00","--","521424.00","--","--","79397.00","600821.00","--","0.00","0.00","8.23"
"115/08/24","114","4","4192","杏國","215264.00","40438.00","255702.00","10074.00","0.00","10074.00","351645.00","--","12624.00","-82316.00","-36325.00","--","245628.00","--","--","--","245628.00","--","0.00","0.00","6.99"
"115/08/24","114","4","4198","欣大健康","262857.00","114199.00","377056.00","89763.00","10606.00","100369.00","241080.00","--","40724.00","-72124.00","16818.00","--","226498.00","--","--","50189.00","276687.00","0.00","0.00","0.00","9.40"
"115/08/24","114","4","4205","中華食","1650964.00","1100335.00","2751299.00","329453.00","95193.00","424646.00","976492.00","--","51989.00","1296272.00","1900.00","--","--","--","--","--","2326653.00","0.00","0.00","0.00","23.83"
"115/08/24","114","4","4207","環泰","2962119.00","3339368.00","6301487.00","873091.00","1261041.00","2134132.00","1985380.00","--","57414.00","1017997.00","-116415.00","--","2944376.00","--","--","1222979.00","4167355.00","--","0.00","0.00","14.83"
"115/08/24","114","4","4303","信立","1613908.00","3195139.00","4809047.00","652285.00","182788.00","835073.00","946053.00","--","191457.00","2354646.00","-435.00","--","3491721.00","--","--","482253.00","3973974.00","0.00","0.00","0.00","36.91"
"115/08/24","114","4","4304","勝昱","321630.00","342746.00","664376.00","322370.00","27904.00","350274.00","610380.00","--","--","-458591.00","162313.00","--","314102.00","--","--","--","314102.00","0.00","0.00","0.00","5.15"
"115/08/24","114","4","4305","世坤","1178642.00","300423.00","1479065.00","216137.00","8455.00","224592.00","550140.00","--","75.00","704258.00","--","--","--","--","--","--","1254473.00","0.00","0.00","0.00","22.80"
"115/08/24","114","4","4401","東隆興","2398173.00","3168895.00","5567068.00","2001121.00","815855.00","2816976.00","1226920.00","--","167271.00","1357091.00","-49628.00","--","2701654.00","--","--","48438.00","2750092.00","0.00","0.00","0.00","22.02"
"115/08/24","114","4","4402","郡都開發","277619.00","332931.00","610550.00","8110.00","5310.00","13420.00","679918.00","--","0.00","-240212.00","157424.00","--","597130.00","--","--","0.00","597130.00","--","0.00","0.00","8.78"
"115/08/24","114","4","4406","新昕纖","534165.00","459455.00","993620.00","337346.00","36897.00","374243.00","519120.00","--","40320.00","-14494.00","74431.00","0.00","--","--","--","--","619377.00","0.00","0.00","0.00","11.93"
"115/08/24","114","4","4413","飛寶企業","370793.00","141647.00","512440.00","75930.00","87176.00","163106.00","313147.00","--","0.00","36984.00","-797.00","--","349334.00","--","--","--","349334.00","--","0.00","0.00","11.16"
"115/08/24","114","4","4416","三圓","10915322.00","2732101.00","13647423.00","6081671.00","5960121.00","12041792.00","735861.00","--","931490.00","517337.00","799.00","-579856.00","1605631.00","--","--","--","1605631.00","--","0.00","4971687.00","23.40"
"115/08/24","114","4","4417","金洲","3158050.00","2173840.00","5331890.00","1135515.00","513176.00","1648691.00","839713.00","--","38917.00","2589036.00","-255366.00","--","3212300.00","--","--","470899.00","3683199.00","0.00","0.00","0.00","38.25"
"115/08/24","114","4","4419","皇家美食","522166.00","2521221.00","3043387.00","1156420.00","814839.00","1971259.00","1691631.00","--","330980.00","-1015005.00","-471.00","--","1007135.00","--","--","64993.00","1072128.00","--","0.00","0.00","5.95"
"115/08/24","114","4","4420","光明","519000.00","1280787.00","1799787.00","245961.00","47846.00","293807.00","404550.00","--","203158.00","904150.00","-5878.00","0.00","--","--","--","--","1505980.00","0.00","0.00","0.00","37.23"
"115/08/24","114","4","4430","耀億","1485446.00","2017017.00","3502463.00","1218010.00","553196.00","1771206.00","562736.00","--","734559.00","571892.00","-137930.00","--","1731257.00","--","--","--","1731257.00","0.00","0.00","0.00","30.76"
"115/08/24","114","4","4432","銘旺實","1503780.00","252677.00","1756457.00","299214.00","15693.00","314907.00","505890.00","--","371339.00","651657.00","-87336.00","--","1441550.00","--","--","--","1441550.00","0.00","0.00","0.00","28.50"
"115/08/24","114","4","4433","興采","2649789.00","4567983.00","7217772.00","3130480.00","2005751.00","5136231.00","612998.00","--","931617.00","440932.00","-19078.00","-25914.00","1940555.00","--","--","140986.00","2081541.00","0.00","0.00","860000.00","32.11"
"115/08/24","114","4","4442","竣邦-KY","1031558.00","281306.00","1312864.00","369515.00","104789.00","474304.00","314142.00","--","320210.00","205569.00","-1361.00","--","838560.00","--","--","--","838560.00","--","0.00","0.00","26.69"
"115/08/24","114","4","4502","健信","983560.00","1299231.00","2282791.00","903990.00","836244.00","1740234.00","574697.00","--","275558.00","-246096.00","-40429.00","-22103.00","541627.00","--","--","930.00","542557.00","0.00","0.00","1236000.00","9.63"
"115/08/24","114","4","4503","金雨","1243537.00","500012.00","1743549.00","104238.00","23124.00","127362.00","783133.00","--","904287.00","-80519.00","4527.00","--","1611428.00","--","--","4759.00","1616187.00","--","0.00","0.00","20.58"
"115/08/24","114","4","4506","崇友","8455309.00","2686785.00","11142094.00","5237561.00","61746.00","5299307.00","1770120.00","--","63404.00","4079643.00","-70048.00","0.00","5843119.00","--","--","-332.00","5842787.00","0.00","0.00","0.00","33.01"
"115/08/24","114","4","4510","高鋒","3095719.00","2965845.00","6061564.00","3009173.00","1096331.00","4105504.00","1089633.00","--","373739.00","217262.00","111725.00","--","1792359.00","--","--","163701.00","1956060.00","0.00","0.00","0.00","16.45"
"115/08/24","114","4","4513","福裕","3139427.00","947932.00","4087359.00","1465990.00","1470805.00","2936795.00","1143619.00","--","178307.00","-154744.00","-16618.00","--","1150564.00","--","--","--","1150564.00","--","0.00","0.00","10.06"
"115/08/24","114","4","4523","永彰","1778155.00","1258973.00","3037128.00","751362.00","179740.00","931102.00","649490.00","--","361638.00","1301162.00","-127015.00","--","2185275.00","--","--","-79249.00","2106026.00","--","0.00","0.00","33.65"
"115/08/24","114","4","4527","方方土霖","2613579.00","765020.00","3378599.00","1278645.00","207503.00","1486148.00","761524.00","--","128616.00","986754.00","-81578.00","--","1795316.00","--","--","97135.00","1892451.00","0.00","0.00","0.00","23.58"
"115/08/24","114","4","4528","江興鍛","1466725.00","2168533.00","3635258.00","875997.00","523484.00","1399481.00","841657.00","--","16775.00","1470082.00","-92737.00","0.00","2235777.00","0.00","--","0.00","2235777.00","0.00","0.00","0.00","26.56"
"115/08/24","114","4","4529","淳紳","153364.00","153494.00","306858.00","41097.00","280.00","41377.00","845491.00","--","14509.00","-518923.00","-76601.00","--","264476.00","--","--","1005.00","265481.00","--","0.00","0.00","3.13"
"115/08/24","114","4","4530","天意能創","497153.00","180270.00","677423.00","133425.00","52368.00","185793.00","357950.00","--","119350.00","9481.00","-20666.00","--","466115.00","--","--","25515.00","491630.00","--","0.00","0.00","13.02"
"115/08/24","114","4","4533","協易機","4833787.00","1704093.00","6537880.00","2807304.00","1142838.00","3950142.00","1584341.00","--","184982.00","875337.00","-56922.00","--","2587738.00","--","--","--","2587738.00","--","0.00","0.00","16.33"
"115/08/24","114","4","4534","慶騰","935469.00","488686.00","1424155.00","589763.00","131237.00","721000.00","867889.00","--","59249.00","-182356.00","-41627.00","--","703155.00","--","--","0.00","703155.00","--","0.00","0.00","8.10"
"115/08/24","114","4","4535","至興","2191779.00","1019012.00","3210791.00","358881.00","31990.00","390871.00","756617.00","--","150801.00","1670427.00","-101535.00","0.00","2476310.00","--","--","343610.00","2819920.00","0.00","0.00","0.00","32.73"
"115/08/24","114","4","4538","大詠城","468080.00","472273.00","940353.00","61059.00","6016.00","67075.00","594696.00","--","105673.00","172909.00","--","--","--","--","--","--","873278.00","0.00","0.00","0.00","14.68"
"115/08/24","114","4","4541","晟田","1876010.00","1955085.00","3831095.00","833900.00","1286707.00","2120607.00","676471.00","--","832312.00","201705.00","--","--","--","--","--","--","1710488.00","0.00","0.00","0.00","25.29"
"115/08/24","114","4","4542","科嶠","1216715.00","546229.00","1762944.00","945949.00","134613.00","1080562.00","323234.00","--","213989.00","115438.00","22551.00","--","675212.00","--","--","7170.00","682382.00","0.00","0.00","0.00","20.89"
"115/08/24","114","4","4543","萬在","1133588.00","1411531.00","2545119.00","463730.00","285045.00","748775.00","597723.00","--","309560.00","889352.00","-291.00","0.00","1796344.00","--","--","--","1796344.00","--","0.00","0.00","30.05"
"115/08/24","114","4","4549","桓達","1640900.00","1006704.00","2647604.00","186327.00","542029.00","728356.00","570025.00","--","445121.00","940249.00","-36242.00","--","1919153.00","--","--","95.00","1919248.00","--","0.00","0.00","33.67"
"115/08/24","114","4","4550","長佳","899341.00","812592.00","1711933.00","562575.00","199647.00","762222.00","378387.00","--","116849.00","469014.00","-14539.00","--","949711.00","--","--","--","949711.00","--","0.00","0.00","25.10"
"115/08/24","114","4","4554","橙的","619157.00","150402.00","769559.00","213621.00","47061.00","260682.00","263274.00","--","170884.00","77626.00","-2907.00","--","508877.00","--","--","--","508877.00","--","0.00","0.00","19.33"
"115/08/24","114","4","4556","旭然","707670.00","880861.00","1588531.00","534735.00","228306.00","763041.00","423028.00","--","289202.00","148537.00","-35277.00","--","825490.00","--","--","0.00","825490.00","0.00","0.00","0.00","19.51"
"115/08/24","114","4","4558","寶緯","1549550.00","1297370.00","2846920.00","1018518.00","953111.00","1971629.00","500000.00","--","234187.00","141104.00","--","--","--","--","--","--","875291.00","--","0.00","0.00","17.51"
"115/08/24","114","4","4561","健椿","906209.00","1296918.00","2203127.00","332374.00","508386.00","840760.00","585216.00","--","210536.00","566615.00","--","--","--","--","--","--","1362367.00","--","0.00","0.00","23.28"
"115/08/24","114","4","4563","百德","2991111.00","1276969.00","4268080.00","2102624.00","681529.00","2784153.00","549500.00","--","842246.00","-86400.00","96501.00","--","1401847.00","--","--","82080.00","1483927.00","--","0.00","0.00","25.51"
"115/08/24","114","4","4568","科際精密","1139195.00","555597.00","1694792.00","416381.00","181557.00","597938.00","317691.00","--","501875.00","325594.00","-42951.00","-5355.00","1096854.00","--","--","--","1096854.00","--","0.00","112000.00","34.65"
"115/08/24","114","4","4577","達航科技","727682.00","1117395.00","1845077.00","365194.00","529115.00","894309.00","491380.00","--","188014.00","376263.00","-104889.00","--","950768.00","--","--","--","950768.00","--","0.00","0.00","19.35"
"115/08/24","114","4","4580","捷流閥業","2430620.00","1348029.00","3778649.00","688986.00","338288.00","1027274.00","468031.00","--","1055798.00","1220895.00","6651.00","--","2751375.00","--","--","--","2751375.00","--","0.00","0.00","58.79"
"115/08/24","114","4","4584","君帆","964841.00","981046.00","1945887.00","581288.00","310067.00","891355.00","300024.00","--","280684.00","492865.00","-19041.00","--","1054532.00","--","--","--","1054532.00","0.00","0.00","0.00","35.15"
"115/08/24","114","4","4609","唐鋒","357392.00","245228.00","602620.00","189470.00","269943.00","459413.00","479468.00","--","3333.00","-299965.00","-39629.00","--","143207.00","--","--","--","143207.00","--","0.00","0.00","2.99"
"115/08/24","114","4","4702","中美實","647213.00","872935.00","1520148.00","214389.00","4141.00","218530.00","723332.00","--","0.00","539541.00","38745.00","--","1301618.00","--","--","--","1301618.00","0.00","0.00","0.00","17.99"
"115/08/24","114","4","4706","大恭","1447392.00","221048.00","1668440.00","147691.00","6526.00","154217.00","790301.00","--","1170.00","745960.00","-24065.00","--","1513366.00","--","--","857.00","1514223.00","--","0.00","0.00","19.15"
"115/08/24","114","4","4707","磐亞","850372.00","7829867.00","8680239.00","2102167.00","372317.00","2474484.00","4037153.00","--","883020.00","1671102.00","-385520.00","0.00","--","--","--","--","6205755.00","--","0.00","0.00","15.37"
"115/08/24","114","4","4711","永純","846751.00","412853.00","1259604.00","183403.00","57362.00","240765.00","610560.00","--","53311.00","354968.00","--","--","1018839.00","--","--","--","1018839.00","--","0.00","0.00","16.69"
"115/08/24","114","4","4714","永捷","6933531.00","4962553.00","11896084.00","3102349.00","638610.00","3740959.00","1780882.00","--","345024.00","111136.00","-63103.00","0.00","2173939.00","--","--","5981186.00","8155125.00","0.00","0.00","0.00","12.21"
"115/08/24","114","4","4716","大立","1007944.00","686565.00","1694509.00","444717.00","121533.00","566250.00","944272.00","--","87220.00","99227.00","-3496.00","0.00","1127223.00","--","--","1036.00","1128259.00","--","0.00","0.00","11.94"
"115/08/24","114","4","4721","美琪瑪","1638303.00","576067.00","2214370.00","852066.00","6367.00","858433.00","749863.00","--","24825.00","675464.00","-94215.00","--","1355937.00","--","--","--","1355937.00","--","0.00","0.00","18.08"
"115/08/24","114","4","4726","永昕","776021.00","2485224.00","3261245.00","1106062.00","556135.00","1662197.00","2072318.00","--","67318.00","-540631.00","43.00","--","1599048.00","--","--","--","1599048.00","0.00","0.00","0.00","7.72"
"115/08/24","114","4","4728","雙美","1143083.00","980277.00","2123360.00","293756.00","211840.00","505596.00","544630.00","--","3651.00","1067090.00","2393.00","--","1617764.00","--","--","--","1617764.00","--","0.00","0.00","29.70"
"115/08/24","114","4","4729","熒茂","1398062.00","1644499.00","3042561.00","1268222.00","490183.00","1758405.00","792268.00","--","142738.00","103686.00","49733.00","--","1088425.00","--","--","195731.00","1284156.00","--","0.00","0.00","13.74"
"115/08/24","114","4","4735","豪展","675396.00","679241.00","1354637.00","355579.00","3052.00","358631.00","415688.00","--","292609.00","464067.00","-53221.00","-123137.00","996006.00","--","--","--","996006.00","0.00","0.00","3063000.00","25.87"
"115/08/24","114","4","4741","泓瀚","556360.00","558941.00","1115301.00","196150.00","1552.00","197702.00","348121.00","--","353350.00","210344.00","-1265.00","--","910550.00","--","--","7049.00","917599.00","--","0.00","0.00","26.16"
"115/08/24","114","4","4743","合一","6158058.00","5575471.00","11733529.00","521422.00","735017.00","1256439.00","4802475.00","--","6515163.00","-1038326.00","78108.00","-25777.00","10331643.00","--","--","145447.00","10477090.00","--","0.00","1033339.00","21.56"
"115/08/24","114","4","4744","皇將","1245585.00","896233.00","2141818.00","582914.00","258504.00","841418.00","569485.00","--","462077.00","307239.00","-7820.00","-30581.00","1300400.00","--","--","0.00","1300400.00","--","1350581.00","1477000.00","23.44"
"115/08/24","114","4","4745","合富-KY","5513051.00","1529054.00","7042105.00","1974743.00","10672.00","1985415.00","774496.00","--","1610050.00","643031.00","-157412.00","--","2870165.00","--","--","2186525.00","5056690.00","0.00","0.00","0.00","37.06"
"115/08/24","114","4","4747","強生製藥","1457381.00","636455.00","2093836.00","384205.00","160.00","384365.00","454610.00","--","1074364.00","190366.00","-9869.00","--","1709471.00","--","--","--","1709471.00","--","80561.00","0.00","37.60"
"115/08/24","114","4","4749","新應材","5481294.00","4988197.00","10469491.00","966829.00","250552.00","1217381.00","927328.00","--","6574064.00","1663461.00","77501.00","--","9242354.00","--","--","9756.00","9252110.00","--","0.00","0.00","99.67"
"115/08/24","114","4","4754","國碳科","500981.00","407765.00","908746.00","229905.00","143295.00","373200.00","302832.00","--","43287.00","195833.00","-6406.00","--","535546.00","--","--","--","535546.00","0.00","0.00","0.00","17.68"
"115/08/24","114","4","4760","勤凱科技","1326911.00","429140.00","1756051.00","698933.00","1407.00","700340.00","322183.00","--","216768.00","520453.00","-3693.00","0.00","--","--","--","--","1055711.00","--","0.00","0.00","32.77"
"115/08/24","114","4","4767","誠泰科技","968776.00","342445.00","1311221.00","167671.00","208450.00","376121.00","314150.00","--","80349.00","575633.00","-34334.00","--","935798.00","--","--","-698.00","935100.00","--","0.00","0.00","29.79"
"115/08/24","114","4","4768","晶呈科技","1217521.00","2590089.00","3807610.00","1045679.00","1050503.00","2096182.00","474879.00","--","935704.00","89191.00","3169.00","--","1502943.00","--","--","208485.00","1711428.00","0.00","0.00","0.00","31.65"
"115/08/24","114","4","4772","台特化","2740324.00","4475579.00","7215903.00","637340.00","2073998.00","2711338.00","1476816.00","--","1284588.00","946276.00","11706.00","--","3719386.00","--","--","785179.00","4504565.00","0.00","0.00","0.00","25.19"
"115/08/24","114","4","4804","大略-KY","66630.00","305166.00","371796.00","187078.00","117234.00","304312.00","664799.00","--","0.00","-572606.00","-24709.00","--","67484.00","--","--","--","67484.00","--","0.00","0.00","1.02"
"115/08/24","114","4","4806","桂田文創","586650.00","361855.00","948505.00","180278.00","121455.00","301733.00","999471.00","--","9253.00","-300230.00","-61722.00","--","646772.00","--","--","0.00","646772.00","--","0.00","0.00","6.47"
"115/08/24","114","4","4903","聯光通","925167.00","828657.00","1753824.00","576584.00","16559.00","593143.00","1053437.00","--","0.00","91563.00","15681.00","--","1160681.00","--","--","--","1160681.00","--","0.00","0.00","11.02"
"115/08/24","114","4","4905","台聯電","1672219.00","2677016.00","4349235.00","1032978.00","252253.00","1285231.00","292600.00","--","10696.00","2686910.00","-115831.00","-14.00","2874361.00","--","--","189643.00","3064004.00","--","0.00","595.00","98.24"
"115/08/24","114","4","4907","富宇","8485961.00","63027.00","8548988.00","4633720.00","1446466.00","6080186.00","1181458.00","--","70025.00","1200096.00","17223.00","--","--","--","--","--","2468802.00","--","0.00","0.00","20.90"
"115/08/24","114","4","4908","前鼎","1491954.00","414023.00","1905977.00","177643.00","1621.00","179264.00","782169.00","--","94151.00","847851.00","2542.00","--","--","--","--","--","1726713.00","0.00","0.00","0.00","22.08"
"115/08/24","114","4","4909","新復興","2334135.00","357267.00","2691402.00","121114.00","25263.00","146377.00","933568.00","--","514835.00","1098668.00","-2046.00","--","2545025.00","--","--","--","2545025.00","--","0.00","0.00","27.26"
"115/08/24","114","4","4911","德英","474690.00","500530.00","975220.00","47053.00","93.00","47146.00","637196.00","--","134235.00","156643.00","--","--","--","--","--","--","928074.00","0.00","0.00","0.00","14.56"
"115/08/24","114","4","4923","力士","753084.00","75588.00","828672.00","389285.00","37186.00","426471.00","338908.00","--","318896.00","-200063.00","-62.00","-55478.00","402201.00","--","--","--","402201.00","0.00","0.00","1150000.00","12.28"
"115/08/24","114","4","4924","欣厚-KY","236964.00","486566.00","723530.00","218112.00","132877.00","350989.00","371644.00","--","5238.00","59806.00","-64147.00","--","372541.00","--","--","--","372541.00","0.00","0.00","0.00","10.02"
"115/08/24","114","4","4931","新盛力","1810394.00","290109.00","2100503.00","860808.00","7573.00","868381.00","655658.00","--","38811.00","595359.00","-57706.00","--","1232122.00","--","--","--","1232122.00","--","0.00","0.00","18.79"
"115/08/24","114","4","4933","友輝","3705645.00","1093124.00","4798769.00","830452.00","261762.00","1092214.00","823047.00","--","1042460.00","1870335.00","-29287.00","--","3706555.00","--","--","--","3706555.00","--","214000.00","0.00","45.03"
"115/08/24","114","4","4939","亞電","1591775.00","1071757.00","2663532.00","944308.00","367283.00","1311591.00","982009.00","--","192899.00","217722.00","-40689.00","--","1351941.00","--","--","--","1351941.00","--","0.00","0.00","13.77"
"115/08/24","114","4","4946","辣椒","126694.00","27590.00","154284.00","85470.00","4630.00","90100.00","78110.00","--","693.00","-14662.00","0.00","--","64141.00","--","--","43.00","64184.00","--","0.00","0.00","8.21"
"115/08/24","114","4","4950","金耘國際","718833.00","387032.00","1105865.00","382804.00","16251.00","399055.00","577291.00","--","3015.00","-20374.00","-39969.00","--","519963.00","0.00","--","186847.00","706810.00","--","0.00","0.00","9.01"
"115/08/24","114","4","4951","精拓科","614637.00","500396.00","1115033.00","112338.00","13722.00","126060.00","341487.00","--","123645.00","532440.00","-8599.00","--","988973.00","--","--","0.00","988973.00","0.00","0.00","0.00","28.96"
"115/08/24","114","4","4953","緯致","5459322.00","927243.00","6386565.00","2042535.00","168363.00","2210898.00","731470.00","--","1335336.00","2139603.00","-30742.00","0.00","4175667.00","--","--","--","4175667.00","0.00","0.00","0.00","57.09"
"115/08/24","114","4","4966","譜瑞-KY","16968939.00","8987147.00","25956086.00","3621610.00","254932.00","3876542.00","800578.00","--","3409213.00","18316928.00","1067030.00","-1514205.00","22079544.00","--","--","--","22079544.00","0.00","0.00","1998709.00","282.86"
"115/08/24","114","4","4971","IET-KY","792246.00","1352723.00","2144969.00","120654.00","6873.00","127527.00","399857.00","--","986278.00","555847.00","74855.00","--","2016837.00","--","--","605.00","2017442.00","--","0.00","0.00","50.44"
"115/08/24","114","4","4972","湯石照明","1103728.00","713065.00","1816793.00","330405.00","48226.00","378631.00","568886.00","--","824131.00","105092.00","-48939.00","-11008.00","1438162.00","--","--","--","1438162.00","--","--","500000.00","25.50"
"115/08/24","114","4","4973","廣穎電通","2627431.00","962019.00","3589450.00","1471510.00","32442.00","1503952.00","653928.00","--","349746.00","709039.00","372785.00","0.00","2085498.00","--","--","--","2085498.00","0.00","0.00","0.00","31.89"
"115/08/24","114","4","4974","亞泰","3963708.00","159277.00","4122985.00","766872.00","64446.00","831318.00","725001.00","--","707351.00","1897583.00","-38268.00","--","3291667.00","--","--","--","3291667.00","--","0.00","0.00","45.40"
"115/08/24","114","4","4979","華星光","4168601.00","1160137.00","5328738.00","625027.00","724352.00","1349379.00","1410563.00","--","1210248.00","1422643.00","-64095.00","--","3979359.00","--","--","--","3979359.00","--","216528.00","0.00","28.21"
"115/08/24","114","4","4991","環宇-KY","2278619.00","1567206.00","3845825.00","340990.00","260437.00","601427.00","1138592.00","--","2013005.00","17469.00","75332.00","--","3244398.00","--","--","--","3244398.00","0.00","0.00","0.00","28.49"
"115/08/24","114","4","4995","晶達","729066.00","992070.00","1721136.00","412912.00","362416.00","775328.00","424400.00","--","197620.00","322102.00","1686.00","--","945808.00","--","--","--","945808.00","--","16000.00","0.00","22.29"
"115/08/24","114","4","5009","榮剛","13551505.00","20115589.00","33667094.00","9134401.00","6530373.00","15664774.00","6024712.00","--","6888868.00","6013117.00","-261919.00","-1078183.00","17586595.00","--","--","415725.00","18002320.00","--","0.00","38407044.00","31.18"
"115/08/24","114","4","5011","久陽","2129570.00","3245017.00","5374587.00","2515777.00","728530.00","3244307.00","1006739.00","--","1110593.00","-80474.00","-44196.00","--","1992662.00","--","--","137618.00","2130280.00","0.00","0.00","0.00","19.79"
"115/08/24","114","4","5013","強新","4892410.00","3550140.00","8442550.00","1652472.00","1555175.00","3207647.00","1334160.00","--","11024.00","2496485.00","-64102.00","--","3777567.00","--","--","1457336.00","5234903.00","--","0.00","0.00","28.31"
"115/08/24","114","4","5014","建錩","4620318.00","4030222.00","8650540.00","4604234.00","1392060.00","5996294.00","1832651.00","--","363596.00","635140.00","-186109.00","0.00","2645278.00","--","--","8968.00","2654246.00","0.00","0.00","0.00","14.43"
"115/08/24","114","4","5015","華祺","1864187.00","617281.00","2481468.00","1214298.00","33803.00","1248101.00","606392.00","--","93952.00","531128.00","1895.00","--","1233367.00","--","--","--","1233367.00","0.00","0.00","0.00","20.34"
"115/08/24","114","4","5016","松和","1559212.00","990651.00","2549863.00","448424.00","599386.00","1047810.00","496221.00","--","8000.00","999572.00","-12898.00","--","1490895.00","--","--","11158.00","1502053.00","0.00","0.00","0.00","30.04"
"115/08/24","114","4","5201","凱衛","559687.00","395109.00","954796.00","145701.00","118771.00","264472.00","386746.00","--","204025.00","134433.00","-38309.00","--","686895.00","--","--","3429.00","690324.00","0.00","0.00","0.00","17.76"
"115/08/24","114","4","5202","力新","531686.00","702920.00","1234606.00","52341.00","23630.00","75971.00","890940.00","--","73001.00","206996.00","-12305.00","--","1158632.00","--","--","3.00","1158635.00","0.00","0.00","0.00","13.00"
"115/08/24","114","4","5205","中茂","73872.00","47521.00","121393.00","28172.00","5647.00","33819.00","135000.00","0.00","52391.00","-39958.00","-59965.00","0.00","87468.00","--","--","106.00","87574.00","--","0.00","0.00","6.48"
"115/08/24","114","4","5206","坤悅","17183397.00","298378.00","17481775.00","12775248.00","1015629.00","13790877.00","1715175.00","--","91297.00","1884426.00","0.00","0.00","3690898.00","--","--","--","3690898.00","0.00","0.00","0.00","21.52"
"115/08/24","114","4","5209","新鼎","4260309.00","390001.00","4650310.00","3325905.00","192095.00","3518000.00","284933.00","--","217616.00","639421.00","-9663.00","--","1132307.00","--","--","3.00","1132310.00","0.00","21000.00","0.00","39.80"
"115/08/24","114","4","5210","寶碩","471685.00","429932.00","901617.00","79354.00","21162.00","100516.00","821778.00","--","180003.00","-173853.00","-26827.00","0.00","801101.00","--","--","--","801101.00","--","0.00","0.00","9.75"
"115/08/24","114","4","5211","蒙恬","235967.00","160889.00","396856.00","27264.00","14561.00","41825.00","320247.00","--","112766.00","-85315.00","-1224.00","--","346474.00","--","--","8557.00","355031.00","--","0.00","0.00","10.82"
"115/08/24","114","4","5212","凌網","1269604.00","187783.00","1457387.00","417605.00","394025.00","811630.00","346330.00","--","42564.00","254971.00","-12315.00","--","631550.00","--","--","14207.00","645757.00","--","0.00","0.00","18.24"
"115/08/24","114","4","5213","亞昕","67743123.00","5416049.00","73159172.00","46011514.00","9539045.00","55550559.00","7213343.00","--","4960161.00","4033005.00","23689.00","-31810.00","16198388.00","--","--","1410225.00","17608613.00","0.00","0.00","1420000.00","22.50"
"115/08/24","114","4","5220","萬達光電","508733.00","632789.00","1141522.00","218372.00","192830.00","411202.00","396670.00","--","45834.00","294020.00","-73.00","-6131.00","730320.00","--","--","--","730320.00","0.00","0.00","303000.00","18.55"
"115/08/24","114","4","5223","安力-KY","1504460.00","1807696.00","3312156.00","933957.00","410974.00","1344931.00","445498.00","--","561556.00","992465.00","-32294.00","--","1967225.00","--","--","--","1967225.00","0.00","0.00","0.00","44.16"
"115/08/24","114","4","5227","立凱-KY","459050.00","365312.00","824362.00","247533.00","44204.00","291737.00","680000.00","--","429000.00","-603207.00","26832.00","--","532625.00","--","--","--","532625.00","0.00","0.00","0.00","7.83"
"115/08/24","114","4","5228","鈺鎧","255531.00","891440.00","1146971.00","172612.00","463087.00","635699.00","380563.00","--","71655.00","56024.00","3030.00","--","--","--","--","--","511272.00","0.00","0.00","0.00","13.43"
"115/08/24","114","4","5230","雷笛克光學","1188646.00","1163684.00","2352330.00","678116.00","390177.00","1068293.00","559768.00","--","657791.00","203814.00","-129592.00","-15859.00","1275922.00","--","--","8115.00","1284037.00","--","0.00","844000.00","23.14"
"115/08/24","114","4","5245","智晶","592049.00","1112940.00","1704989.00","790133.00","224959.00","1015092.00","451271.00","--","530048.00","-227455.00","0.00","-84691.00","669173.00","--","--","20724.00","689897.00","--","0.00","1830000.00","15.46"
"115/08/24","114","4","5251","天鉞電","386455.00","87570.00","474025.00","59677.00","13708.00","73385.00","337334.00","--","66629.00","6256.00","-9579.00","0.00","400640.00","--","--","0.00","400640.00","--","0.00","0.00","11.88"
"115/08/24","114","4","5263","智崴","2964613.00","3000654.00","5965267.00","1262978.00","996770.00","2259748.00","738581.00","--","3453326.00","-188409.00","11143.00","-309122.00","3705519.00","--","--","--","3705519.00","--","0.00","3000000.00","52.29"
"115/08/24","114","4","5272","笙科","287861.00","724051.00","1011912.00","69294.00","78243.00","147537.00","552761.00","--","316085.00","-73764.00","69293.00","--","--","--","--","--","864375.00","--","0.00","0.00","15.64"
"115/08/24","114","4","5274","信驊","8408204.00","1925451.00","10333655.00","2443581.00","319303.00","2762884.00","378027.00","--","1507659.00","5715372.00","-30287.00","0.00","7570771.00","--","--","--","7570771.00","--","0.00","0.00","200.27"
"115/08/24","114","4","5276","達輝-KY","576448.00","195146.00","771594.00","257526.00","12981.00","270507.00","395000.00","--","104156.00","150237.00","-148306.00","--","501087.00","--","--","--","501087.00","0.00","0.00","0.00","12.69"
"115/08/24","114","4","5278","尚凡*","7352969.00","317157.00","7670126.00","1202609.00","868725.00","2071334.00","300000.00","--","3170763.00","370582.00","55073.00","--","3896418.00","--","--","1702374.00","5598792.00","0.00","0.00","0.00","12.99"
"115/08/24","114","4","5287","數字","2185732.00","2221484.00","4407216.00","1329882.00","510513.00","1840395.00","603106.00","--","427440.00","1834046.00","-314206.00","--","2550386.00","--","--","16435.00","2566821.00","--","0.00","0.00","42.29"
"115/08/24","114","4","5289","宜鼎","10876654.00","3671909.00","14548563.00","4867538.00","567460.00","5434998.00","960407.00","--","2196806.00","6072171.00","-288597.00","--","8940787.00","--","--","172778.00","9113565.00","0.00","0.00","0.00","93.09"
"115/08/24","114","4","5291","邑昇","1100325.00","830143.00","1930468.00","664024.00","327915.00","991939.00","398906.00","--","182944.00","388149.00","-35546.00","0.00","934453.00","--","--","4076.00","938529.00","--","0.00","0.00","23.43"
"115/08/24","114","4","5299","杰力","2025530.00","1763150.00","3788680.00","522968.00","2006.00","524974.00","508890.00","--","1668074.00","1086504.00","238.00","--","3263706.00","--","--","--","3263706.00","--","0.00","0.00","64.13"
"115/08/24","114","4","5301","寶得利","637593.00","120537.00","758130.00","174027.00","32484.00","206511.00","658903.00","--","197.00","-119615.00","-4397.00","--","535088.00","--","--","16531.00","551619.00","--","0.00","0.00","8.12"
"115/08/24","114","4","5302","太欣","85694.00","1718895.00","1804589.00","187213.00","361577.00","548790.00","1598883.00","--","1062.00","-335780.00","-11006.00","--","1253159.00","--","--","2640.00","1255799.00","--","0.00","0.00","7.84"
"115/08/24","114","4","5309","系統電","4248746.00","3076673.00","7325419.00","1452880.00","1626015.00","3078895.00","2049998.00","--","1745779.00","229355.00","-101320.00","-73952.00","3849860.00","--","--","396664.00","4246524.00","0.00","576000.00","2115000.00","18.98"
"115/08/24","114","4","5310","天剛","315463.00","5591.00","321054.00","40469.00","7665.00","48134.00","289435.00","--","0.00","-16515.00","0.00","--","272920.00","--","--","--","272920.00","--","0.00","0.00","9.43"
"115/08/24","114","4","5312","寶島科","5501266.00","3653387.00","9154653.00","3523905.00","1902061.00","5425966.00","600599.00","--","474982.00","2483569.00","169537.00","--","3728687.00","--","--","0.00","3728687.00","--","0.00","0.00","62.08"
"115/08/24","114","4","5314","世紀*","2356991.00","2754346.00","5111337.00","1788445.00","464035.00","2252480.00","146000.00","--","10718.00","1684416.00","4035.00","-39.00","1845130.00","--","--","1013727.00","2858857.00","0.00","0.00","3000.00","6.32"
"115/08/24","114","4","5315","光聯","1886825.00","307030.00","2193855.00","398829.00","30476.00","429305.00","1063518.00","--","47196.00","603620.00","50216.00","--","1764550.00","--","--","--","1764550.00","--","0.00","0.00","16.59"
"115/08/24","114","4","5321","美而快","1658538.00","3353836.00","5012374.00","2166835.00","2004131.00","4170966.00","531798.00","--","105690.00","120733.00","-206.00","--","758015.00","--","--","83393.00","841408.00","--","0.00","0.00","14.25"
"115/08/24","114","4","5324","士開","8839643.00","1515822.00","10355465.00","6160632.00","2590847.00","8751479.00","2263791.00","--","17484.00","-565325.00","-221423.00","--","1494527.00","--","--","109459.00","1603986.00","--","0.00","0.00","6.60"
"115/08/24","114","4","5328","華容","1955157.00","725187.00","2680344.00","794365.00","38116.00","832481.00","1727107.00","--","9688.00","204863.00","-98904.00","--","1842754.00","--","--","5109.00","1847863.00","--","0.00","0.00","10.67"
"115/08/24","114","4","5340","建榮","1490145.00","1410935.00","2901080.00","598722.00","8325.00","607047.00","1948940.00","--","--","345093.00","--","--","--","--","--","--","2294033.00","0.00","0.00","0.00","11.77"
"115/08/24","114","4","5344","立衛","296127.00","339319.00","635446.00","96489.00","36998.00","133487.00","794474.00","--","--","-237515.00","-55000.00","--","--","--","--","--","501959.00","--","0.00","0.00","6.32"
"115/08/24","114","4","5345","馥鴻","162947.00","55071.00","218018.00","3397.00","68.00","3465.00","377950.00","--","21561.00","-184958.00","--","--","214553.00","--","--","--","214553.00","--","0.00","0.00","5.68"
"115/08/24","114","4","5347","世界","66897206.00","133571572.00","200468778.00","51604245.00","65275006.00","116879251.00","18670782.00","--","19015223.00","27103595.00","-912834.00","--","63876766.00","--","--","19712761.00","83589527.00","--","0.00","0.00","34.21"
"115/08/24","114","4","5348","正能量智能","194465.00","36319.00","230784.00","74093.00","17773.00","91866.00","147759.00","--","1104.00","-32216.00","-591.00","0.00","116056.00","0.00","--","22862.00","138918.00","--","0.00","0.00","7.85"
"115/08/24","114","4","5351","鈺創","5137622.00","2578665.00","7716287.00","2201722.00","1522168.00","3723890.00","3261046.00","--","796472.00","-499243.00","353187.00","--","3911462.00","--","--","80935.00","3992397.00","0.00","120000.00","0.00","12.01"
"115/08/24","114","4","5353","台林","1291114.00","751030.00","2042144.00","540374.00","89850.00","630224.00","755000.00","--","196641.00","380184.00","80095.00","--","1411920.00","--","--","--","1411920.00","--","0.00","0.00","18.70"
"115/08/24","114","4","5355","佳總","633152.00","426599.00","1059751.00","198200.00","112117.00","310317.00","1661228.00","--","474.00","-887191.00","-25077.00","--","749434.00","--","--","--","749434.00","--","0.00","0.00","4.51"
"115/08/24","114","4","5356","協益","2655971.00","3088839.00","5744810.00","882608.00","457353.00","1339961.00","1030400.00","--","362415.00","3256339.00","-244305.00","--","4404849.00","--","--","0.00","4404849.00","--","0.00","0.00","42.75"
"115/08/24","114","4","5364","力麗店","182930.00","1007394.00","1190324.00","378089.00","50682.00","428771.00","638499.00","--","192629.00","-49397.00","-50311.00","--","731420.00","--","--","30133.00","761553.00","--","0.00","0.00","11.46"
"115/08/24","114","4","5371","中光電","38192781.00","20766044.00","58958825.00","31279181.00","1280546.00","32559727.00","3909811.00","--","2017890.00","17417342.00","1178652.00","0.00","24523695.00","--","--","1875403.00","26399098.00","0.00","0.00","0.00","62.72"
"115/08/24","114","4","5381","光譜","1437295.00","3479262.00","4916557.00","1420414.00","1177701.00","2598115.00","2078351.00","--","76692.00","-15049.00","117439.00","--","2257433.00","--","--","61009.00","2318442.00","--","0.00","0.00","10.86"
"115/08/24","114","4","5386","青雲","3614682.00","52735.00","3667417.00","2739434.00","474.00","2739908.00","360809.00","--","78871.00","495813.00","-7984.00","--","--","--","--","--","927509.00","--","0.00","0.00","25.71"
"115/08/24","114","4","5392","能率","7941120.00","7075803.00","15016923.00","4875230.00","2028073.00","6903303.00","1765622.00","--","2654781.00","1437463.00","-160087.00","-5714.00","5692065.00","--","--","2421555.00","8113620.00","0.00","0.00","1028000.00","32.43"
"115/08/24","114","4","5398","慕康生醫","284303.00","316489.00","600792.00","65190.00","4978.00","70168.00","494655.00","--","65853.00","15995.00","-45879.00","0.00","530624.00","--","--","--","530624.00","--","0.00","0.00","10.73"
"115/08/24","114","4","5403","中菲","3524558.00","1442257.00","4966815.00","1900996.00","253965.00","2154961.00","781761.00","--","406930.00","1659167.00","-36004.00","--","--","--","--","--","2811854.00","--","0.00","0.00","35.97"
"115/08/24","114","4","5410","國眾","3134589.00","879414.00","4014003.00","2378597.00","78212.00","2456809.00","922116.00","--","53061.00","561083.00","20683.00","--","1556943.00","--","--","251.00","1557194.00","--","155500.00","0.00","16.88"
"115/08/24","114","4","5425","台半","11742914.00","9452361.00","21195275.00","5212081.00","5000870.00","10212951.00","2634854.00","--","2290130.00","3734784.00","-275634.00","-741295.00","7642839.00","--","--","3339485.00","10982324.00","0.00","0.00","18960000.00","31.26"
"115/08/24","114","4","5426","振發","1758601.00","1458928.00","3217529.00","729827.00","232487.00","962314.00","1438000.00","--","77934.00","804446.00","-69667.00","--","2250713.00","--","--","4502.00","2255215.00","--","0.00","0.00","15.65"
"115/08/24","114","4","5432","新門","341216.00","126280.00","467496.00","61570.00","3990.00","65560.00","206878.00","--","--","215983.00","-20925.00","--","--","--","--","--","401936.00","0.00","0.00","0.00","19.43"
"115/08/24","114","4","5438","東友","1203937.00","2777263.00","3981200.00","583218.00","70014.00","653232.00","1125365.00","--","0.00","1322371.00","880232.00","--","3327968.00","--","--","--","3327968.00","0.00","0.00","0.00","29.57"
"115/08/24","114","4","5439","高技","7821142.00","3054428.00","10875570.00","4249467.00","2679905.00","6929372.00","929757.00","--","936621.00","2079772.00","48.00","--","3946198.00","--","--","--","3946198.00","--","0.00","0.00","42.44"
"115/08/24","114","4","5443","均豪","4609198.00","12169618.00","16778816.00","4494686.00","2390492.00","6885178.00","1647466.00","--","267981.00","790131.00","6554738.00","-462609.00","8797707.00","--","--","1095931.00","9893638.00","0.00","0.00","3668000.00","54.62"
"115/08/24","114","4","5450","南良","1763165.00","1721330.00","3484495.00","1056076.00","668001.00","1724077.00","1224032.00","--","100784.00","256084.00","179518.00","--","1760418.00","--","--","--","1760418.00","--","0.00","0.00","14.38"
"115/08/24","114","4","5452","佶優","3233731.00","806129.00","4039860.00","1202229.00","439528.00","1641757.00","1487637.00","--","161630.00","480245.00","50003.00","-31487.00","2148028.00","0.00","--","250075.00","2398103.00","0.00","0.00","1000000.00","14.54"
"115/08/24","114","4","5455","昇益","4014144.00","113506.00","4127650.00","2746698.00","420.00","2747118.00","655018.00","--","3737.00","709742.00","12035.00","--","--","--","--","--","1380532.00","--","0.00","0.00","21.08"
"115/08/24","114","4","5457","宣德","18190961.00","13382035.00","31572996.00","16233169.00","4093420.00","20326589.00","1745149.00","--","628045.00","2692678.00","50955.00","--","5116827.00","--","--","6129580.00","11246407.00","0.00","0.00","0.00","29.32"
"115/08/24","114","4","5460","同協","566998.00","244378.00","811376.00","56347.00","28443.00","84790.00","587781.00","--","13799.00","152673.00","-27667.00","--","726586.00","--","--","--","726586.00","--","0.00","0.00","12.36"
"115/08/24","114","4","5464","霖宏","2129648.00","2047736.00","4177384.00","2174279.00","846531.00","3020810.00","710715.00","--","92576.00","353283.00","--","--","1156574.00","--","--","--","1156574.00","--","0.00","0.00","16.27"
"115/08/24","114","4","5465","富驊","4823483.00","786683.00","5610166.00","2587407.00","29827.00","2617234.00","1476826.00","--","315269.00","639760.00","-29261.00","--","2402594.00","--","--","590338.00","2992932.00","--","0.00","0.00","16.27"
"115/08/24","114","4","5468","凱鈺","706324.00","85917.00","792241.00","209243.00","27433.00","236676.00","589229.00","--","154881.00","-156545.00","-32000.00","--","555565.00","--","--","--","555565.00","--","0.00","0.00","9.43"
"115/08/24","114","4","5474","聰泰","1242907.00","1210964.00","2453871.00","371222.00","64767.00","435989.00","397569.00","--","793.00","1619520.00","--","0.00","--","--","--","--","2017882.00","0.00","0.00","0.00","50.76"
"115/08/24","114","4","5475","德宏","968265.00","1312762.00","2281027.00","1319068.00","77995.00","1397063.00","1271270.00","--","--","-920373.00","541208.00","--","892105.00","--","--","-8141.00","883964.00","--","0.00","0.00","7.02"
"115/08/24","114","4","5478","智冠","15670089.00","4013577.00","19683666.00","9199435.00","288733.00","9488168.00","1560743.00","--","4422236.00","4330117.00","-815936.00","-567008.00","8930152.00","--","--","1265346.00","10195498.00","--","0.00","6246414.00","59.60"
"115/08/24","114","4","5481","新華","491378.00","1127472.00","1618850.00","108961.00","322443.00","431404.00","714029.00","--","80168.00","459337.00","-175.00","-65913.00","1187446.00","--","--","0.00","1187446.00","--","0.00","5000000.00","17.88"
"115/08/24","114","4","5483","中美晶","109602027.00","159359552.00","268961579.00","70126695.00","80017333.00","150144028.00","6412217.00","--","32213106.00","22148553.00","-6938188.00","-4382100.00","49453588.00","--","--","69363963.00","118817551.00","0.00","0.00","27050000.00","80.52"
"115/08/24","114","4","5487","通泰","473025.00","100954.00","573979.00","32662.00","19096.00","51758.00","242225.00","--","40846.00","236993.00","2157.00","--","522221.00","--","--","--","522221.00","--","0.00","0.00","21.56"
"115/08/24","114","4","5488","松普","1266024.00","154536.00","1420560.00","411455.00","44720.00","456175.00","915861.00","--","0.00","57162.00","-8638.00","0.00","964385.00","--","--","0.00","964385.00","0.00","0.00","0.00","10.53"
"115/08/24","114","4","5489","彩富","1946451.00","938709.00","2885160.00","402452.00","130942.00","533394.00","1027064.00","--","111844.00","1338959.00","-134.00","-131062.00","2346671.00","--","--","5095.00","2351766.00","--","0.00","3235000.00","23.59"
"115/08/24","114","4","5490","同亨","1548473.00","228400.00","1776873.00","363252.00","62039.00","425291.00","961522.00","--","82291.00","392071.00","-1484.00","-82818.00","1351582.00","--","--","--","1351582.00","--","0.00","3000000.00","14.51"
"115/08/24","114","4","5493","三聯","3519598.00","2557277.00","6076875.00","2610168.00","187861.00","2798029.00","436892.00","--","44196.00","1059709.00","492036.00","--","2032833.00","--","--","1246013.00","3278846.00","0.00","0.00","0.00","46.53"
"115/08/24","114","4","5498","凱崴","2327498.00","1547623.00","3875121.00","1234464.00","520390.00","1754854.00","1936143.00","--","67366.00","251727.00","-152992.00","--","2102244.00","--","--","18023.00","2120267.00","--","265000.00","0.00","10.86"
"115/08/24","114","4","5508","永信建","19409966.00","102666.00","19512632.00","9834034.00","3993707.00","13827741.00","2174281.00","--","216152.00","3294458.00","0.00","--","5684891.00","--","--","--","5684891.00","--","0.00","0.00","26.15"
"115/08/24","114","4","5511","德昌","11668859.00","2730237.00","14399096.00","6459927.00","931576.00","7391503.00","1134400.00","--","143538.00","5548783.00","60369.00","--","6887090.00","--","--","120503.00","7007593.00","--","0.00","0.00","60.71"
"115/08/24","114","4","5512","力麒","26821652.00","17958802.00","44780454.00","17536009.00","8785584.00","26321593.00","7663125.00","--","739666.00","5315192.00","-86841.00","-98195.00","13532947.00","--","--","4925914.00","18458861.00","0.00","0.00","6493959.00","17.81"
"115/08/24","114","4","5514","三豐","5449361.00","1291282.00","6740643.00","3612745.00","4446.00","3617191.00","2361183.00","--","1346.00","424670.00","359650.00","-23395.00","3123454.00","--","--","-2.00","3123452.00","0.00","0.00","9477708.00","13.78"
"115/08/24","114","4","5516","雙喜","2842972.00","410815.00","3253787.00","2663382.00","149187.00","2812569.00","515452.00","--","0.00","-74234.00","0.00","0.00","--","--","--","--","441218.00","0.00","0.00","0.00","8.56"
"115/08/24","114","4","5520","力泰","3099638.00","1411071.00","4510709.00","1237420.00","95825.00","1333245.00","599752.00","--","37005.00","2282741.00","83438.00","0.00","3002936.00","--","--","174528.00","3177464.00","0.00","0.00","0.00","50.07"
"115/08/24","114","4","5523","豐謙","4929904.00","424130.00","5354034.00","2397241.00","27585.00","2424826.00","1550015.00","--","5526.00","1371065.00","2602.00","--","2929208.00","--","--","0.00","2929208.00","0.00","0.00","0.00","18.90"
"115/08/24","114","4","5529","鉅陞","4537382.00","231238.00","4768620.00","3262868.00","23975.00","3286843.00","1018374.00","--","419715.00","43688.00","--","--","1481777.00","--","--","--","1481777.00","0.00","0.00","0.00","14.55"
"115/08/24","114","4","5530","龍巖","51324759.00","27376665.00","78701424.00","49981721.00","144852.00","50126573.00","4200842.00","--","2930148.00","18186739.00","3220734.00","--","28538463.00","--","--","36388.00","28574851.00","--","0.00","0.00","67.94"
"115/08/24","114","4","5536","聖暉*","36346314.00","4973555.00","41319869.00","20466786.00","1435557.00","21902343.00","620405.00","--","3820560.00","7165779.00","1512209.00","--","13118953.00","--","--","6298573.00","19417526.00","0.00","0.00","0.00","105.73"
"115/08/24","114","4","5543","桓鼎-KY","2088702.00","1476691.00","3565393.00","2224173.00","259666.00","2483839.00","467036.00","--","369643.00","-366251.00","-58886.00","--","411542.00","--","--","670012.00","1081554.00","0.00","0.00","0.00","8.81"
"115/08/24","114","4","5547","久舜","1450541.00","257834.00","1708375.00","996852.00","23655.00","1020507.00","399600.00","--","80893.00","207375.00","--","--","--","--","--","--","687868.00","0.00","0.00","0.00","17.21"
"115/08/24","114","4","5548","安倉","1950511.00","298734.00","2249245.00","1070950.00","33172.00","1104122.00","578450.00","--","342873.00","226988.00","-3188.00","0.00","--","--","--","--","1145123.00","0.00","0.00","0.00","19.80"
"115/08/24","114","4","5601","台聯櫃","108458.00","1762490.00","1870948.00","16856.00","465929.00","482785.00","648000.00","--","3030.00","741403.00","-4270.00","--","--","--","--","--","1388163.00","0.00","0.00","0.00","21.42"
"115/08/24","114","4","5603","陸海","668238.00","2016147.00","2684385.00","520167.00","194793.00","714960.00","1048766.00","--","148032.00","769816.00","-73763.00","--","1892851.00","--","--","76574.00","1969425.00","0.00","0.00","0.00","18.05"
"115/08/24","114","4","5604","中連","233369.00","2402478.00","2635847.00","28997.00","504102.00","533099.00","1087830.00","--","83846.00","931072.00","0.00","0.00","2102748.00","--","--","0.00","2102748.00","0.00","0.00","0.00","19.33"
"115/08/24","114","4","5609","中菲行","8383480.00","1722987.00","10106467.00","3245210.00","401902.00","3647112.00","1428840.00","--","62243.00","4649037.00","381279.00","-181852.00","6339547.00","0.00","--","119808.00","6459355.00","0.00","0.00","2140000.00","45.04"
"115/08/24","114","4","5701","劍湖山","149370.00","2303929.00","2453299.00","1226368.00","697431.00","1923799.00","1430000.00","--","783.00","-894861.00","-6422.00","--","529500.00","--","--","--","529500.00","--","0.00","0.00","3.70"
"115/08/24","114","4","5703","亞都麗緻","365487.00","622416.00","987903.00","255790.00","209755.00","465545.00","702396.00","--","--","-152321.00","-27717.00","--","522358.00","--","--","--","522358.00","--","0.00","0.00","7.44"
"115/08/24","114","4","5704","老爺知","310489.00","441384.00","751873.00","192763.00","3909.00","196672.00","388617.00","--","1906.00","164678.00","--","--","--","--","--","--","555201.00","0.00","0.00","0.00","14.29"
"115/08/24","114","4","5878","台名","438768.00","356352.00","795120.00","189220.00","73742.00","262962.00","250243.00","--","81965.00","210083.00","-10133.00","--","532158.00","--","--","--","532158.00","--","0.00","0.00","21.27"
"115/08/24","114","4","5902","德記","1178347.00","544970.00","1723317.00","424463.00","6922.00","431385.00","945000.00","--","0.00","366734.00","-19802.00","--","1291932.00","--","--","--","1291932.00","--","0.00","0.00","13.67"
"115/08/24","114","4","5903","全家","19408915.00","61909287.00","81318202.00","40401932.00","30279939.00","70681871.00","2232200.00","--","355954.00","6922603.00","-111193.00","--","9399564.00","--","--","1236767.00","10636331.00","0.00","0.00","0.00","42.11"
"115/08/24","114","4","5904","寶雅*","12133668.00","19524845.00","31658513.00","9711161.00","13839034.00","23550195.00","1064438.00","--","1475884.00","5567996.00","--","--","--","--","--","--","8108318.00","0.00","0.00","0.00","76.17"
"115/08/24","114","4","5905","南仁湖","2443867.00","6197507.00","8641374.00","2422372.00","2746062.00","5168434.00","2816232.00","--","415276.00","-439787.00","-7796.00","--","2783925.00","--","--","689015.00","3472940.00","0.00","0.00","0.00","9.89"
"115/08/24","114","4","6028","公勝保經","1102780.00","476202.00","1578982.00","797303.00","133400.00","930703.00","220000.00","--","56134.00","372145.00","--","--","648279.00","--","--","--","648279.00","0.00","0.00","0.00","29.47"
"115/08/24","114","4","6101","寬魚國際","889513.00","504236.00","1393749.00","234208.00","27843.00","262051.00","1146184.00","--","125.00","-19826.00","5215.00","0.00","1131698.00","--","--","--","1131698.00","--","0.00","0.00","9.87"
"115/08/24","114","4","6103","合邦","159615.00","868.00","160483.00","4453.00","1083.00","5536.00","136049.00","--","0.00","18133.00","765.00","--","154947.00","--","--","--","154947.00","--","0.00","0.00","11.39"
"115/08/24","114","4","6104","創惟","2384311.00","1319660.00","3703971.00","1404946.00","7585.00","1412531.00","911271.00","--","366117.00","1069633.00","-59254.00","0.00","2287767.00","--","--","3673.00","2291440.00","--","0.00","0.00","25.11"
"115/08/24","114","4","6109","亞元","857319.00","242592.00","1099911.00","472170.00","47318.00","519488.00","678254.00","--","1125.00","-67228.00","-31390.00","0.00","580761.00","--","--","-338.00","580423.00","0.00","0.00","0.00","8.56"
"115/08/24","114","4","6111","光聚晶電","9916280.00","19088731.00","29005011.00","12927090.00","8116866.00","21043956.00","1090911.00","--","933780.00","175698.00","-171543.00","-284354.00","1744492.00","--","--","6216563.00","7961055.00","--","0.00","13909498.00","18.33"
"115/08/24","114","4","6113","亞矽","490290.00","251279.00","741569.00","135071.00","73793.00","208864.00","525495.00","--","69491.00","-11926.00","-50355.00","--","532705.00","--","--","0.00","532705.00","--","0.00","0.00","10.14"
"115/08/24","114","4","6114","久威","1968183.00","272820.00","2241003.00","610165.00","51723.00","661888.00","439119.00","--","172560.00","969985.00","-2549.00","--","1579115.00","--","--","--","1579115.00","0.00","0.00","0.00","35.96"
"115/08/24","114","4","6118","建達","3628389.00","214764.00","3843153.00","2690133.00","13042.00","2703175.00","908896.00","--","67418.00","165132.00","-1468.00","--","1139978.00","--","--","--","1139978.00","--","0.00","0.00","12.54"
"115/08/24","114","4","6121","新普","68733067.00","14768343.00","83501410.00","33091610.00","4408685.00","37500295.00","1849705.00","--","5692496.00","31164391.00","-317695.00","--","38388897.00","--","--","7612218.00","46001115.00","--","0.00","0.00","207.54"
"115/08/24","114","4","6122","擎邦","4279235.00","652702.00","4931937.00","2841303.00","174695.00","3015998.00","780916.00","--","10354.00","985114.00","219419.00","-79864.00","1915939.00","--","--","--","1915939.00","0.00","0.00","1558000.00","25.03"
"115/08/24","114","4","6123","上奇","3273516.00","608855.00","3882371.00","1635734.00","21091.00","1656825.00","620894.00","--","533311.00","503689.00","14786.00","-86401.00","1586279.00","--","--","639267.00","2225546.00","--","0.00","1596000.00","26.22"
"115/08/24","114","4","6124","業強","2054939.00","2561219.00","4616158.00","1434672.00","72967.00","1507639.00","1824799.00","--","836172.00","514072.00","-135929.00","0.00","3039114.00","--","--","69405.00","3108519.00","0.00","0.00","0.00","16.65"
"115/08/24","114","4","6125","廣運","5106997.00","6657127.00","11764124.00","3433088.00","2539258.00","5972346.00","2590112.00","0.00","1247843.00","802708.00","-207675.00","0.00","4432988.00","0.00","--","1358790.00","5791778.00","--","0.00","0.00","17.12"
"115/08/24","114","4","6126","信音","6906142.00","3551945.00","10458087.00","3061345.00","1143513.00","4204858.00","1278269.00","--","1774078.00","477844.00","-47422.00","-29030.00","3453739.00","--","--","2799490.00","6253229.00","0.00","0.00","1230000.00","27.28"
"115/08/24","114","4","6127","九豪","1343112.00","2202472.00","3545584.00","1090653.00","1278609.00","2369262.00","1080798.00","--","56549.00","7586.00","31389.00","--","1176322.00","0.00","--","0.00","1176322.00","--","0.00","0.00","10.88"
"115/08/24","114","4","6129","普誠","1206263.00","962774.00","2169037.00","414022.00","40756.00","454778.00","1809437.00","--","73923.00","-203696.00","-18606.00","--","1661058.00","--","--","53201.00","1714259.00","--","0.00","0.00","9.18"
"115/08/24","114","4","6130","上亞科技","284601.00","593180.00","877781.00","92173.00","134861.00","227034.00","443000.00","--","198353.00","-76310.00","-19574.00","--","545469.00","--","--","105278.00","650747.00","--","0.00","0.00","12.31"
"115/08/24","114","4","6134","萬旭","1649258.00","576995.00","2226253.00","1072060.00","78101.00","1150161.00","818821.00","--","131112.00","18419.00","39374.00","--","1007726.00","--","--","68366.00","1076092.00","0.00","0.00","0.00","12.31"
"115/08/24","114","4","6138","茂達","5305293.00","1482077.00","6787370.00","1636437.00","191318.00","1827755.00","752760.00","--","972420.00","2416175.00","-147570.00","-54326.00","3939459.00","--","--","1020156.00","4959615.00","0.00","0.00","1265088.00","53.23"
"115/08/24","114","4","6140","訊達電腦","1013607.00","428328.00","1441935.00","834411.00","105676.00","940087.00","548978.00","--","422.00","-36432.00","-11120.00","--","501848.00","--","--","--","501848.00","--","0.00","0.00","9.14"
"115/08/24","114","4","6143","振曜","6324299.00","1539459.00","7863758.00","2750219.00","145233.00","2895452.00","860589.00","--","441036.00","1813069.00","-38087.00","0.00","3076607.00","--","--","1891699.00","4968306.00","--","0.00","0.00","35.75"
"115/08/24","114","4","6144","得利影","204162.00","153969.00","358131.00","43836.00","9328.00","53164.00","382737.00","--","1890.00","-81403.00","1743.00","--","--","--","--","--","304967.00","0.00","0.00","0.00","7.97"
"115/08/24","114","4","6146","耕興","5763001.00","2254099.00","8017100.00","1486274.00","270445.00","1756719.00","1018672.00","--","895271.00","3804415.00","46128.00","--","5764486.00","--","--","495895.00","6260381.00","--","0.00","0.00","56.59"
"115/08/24","114","4","6147","頎邦","14591472.00","39638801.00","54230273.00","4349850.00","2511993.00","6861843.00","7445935.00","--","3977570.00","36943842.00","-998917.00","--","47368430.00","--","--","--","47368430.00","--","0.00","0.00","63.62"
"115/08/24","114","4","6148","驊宏資","856237.00","446039.00","1302276.00","538260.00","158321.00","696581.00","466038.00","--","11229.00","128428.00","0.00","0.00","605695.00","--","--","0.00","605695.00","0.00","0.00","0.00","13.00"
"115/08/24","114","4","6150","撼訊","2988953.00","1085835.00","4074788.00","2044283.00","436128.00","2480411.00","483460.00","--","844608.00","289589.00","-25559.00","--","1592098.00","--","--","2279.00","1594377.00","--","0.00","0.00","32.93"
"115/08/24","114","4","6151","晉倫","985319.00","574396.00","1559715.00","471100.00","98712.00","569812.00","552573.00","--","94632.00","352091.00","-9393.00","--","989903.00","--","--","0.00","989903.00","0.00","0.00","0.00","17.91"
"115/08/24","114","4","6154","順發","1249642.00","708519.00","1958161.00","524485.00","176191.00","700676.00","800800.00","--","3420.00","454311.00","-1046.00","--","1257485.00","--","--","--","1257485.00","--","0.00","0.00","15.70"
"115/08/24","114","4","6156","松上","5034297.00","2020746.00","7055043.00","2841807.00","902651.00","3744458.00","1078750.00","--","397675.00","875455.00","-118668.00","0.00","2233212.00","0.00","--","1077373.00","3310585.00","0.00","0.00","0.00","20.70"
"115/08/24","114","4","6158","禾昌","1292860.00","921814.00","2214674.00","972606.00","129572.00","1102178.00","557072.00","--","90125.00","637789.00","-153437.00","-19053.00","1112496.00","--","--","--","1112496.00","--","0.00","800000.00","20.26"
"115/08/24","114","4","6160","欣技","839190.00","233638.00","1072828.00","352256.00","74724.00","426980.00","684891.00","--","1151.00","-43848.00","2699.00","--","644893.00","--","--","955.00","645848.00","--","0.00","0.00","9.42"
"115/08/24","114","4","6161","捷波","1071634.00","574316.00","1645950.00","299338.00","43747.00","343085.00","562375.00","--","127452.00","620517.00","-7479.00","0.00","1302865.00","--","--","0.00","1302865.00","0.00","0.00","0.00","23.17"
"115/08/24","114","4","6163","華電網","5787840.00","1066967.00","6854807.00","3609727.00","452204.00","4061931.00","1420162.00","--","439936.00","883532.00","46449.00","0.00","2790079.00","--","--","2797.00","2792876.00","0.00","0.00","0.00","19.65"
"115/08/24","114","4","6167","久正","1046486.00","1009465.00","2055951.00","345947.00","1676.00","347623.00","1460000.00","--","89058.00","249681.00","-90411.00","--","1708328.00","--","--","0.00","1708328.00","0.00","0.00","0.00","11.70"
"115/08/24","114","4","6169","昱泉","36191.00","396211.00","432402.00","23871.00","173050.00","196921.00","233950.00","--","3877.00","8973.00","-11319.00","--","235481.00","--","--","--","235481.00","--","0.00","0.00","10.07"
"115/08/24","114","4","6170","統振","3652091.00","721818.00","4373909.00","2191799.00","37630.00","2229429.00","972601.00","--","456857.00","671765.00","29069.00","0.00","2130292.00","--","--","14188.00","2144480.00","--","0.00","0.00","21.90"
"115/08/24","114","4","6171","大城地產","4308998.00","12044.00","4321042.00","1785082.00","76.00","1785158.00","1000000.00","--","201784.00","1334100.00","0.00","--","--","--","--","--","2535884.00","--","0.00","0.00","25.36"
"115/08/24","114","4","6173","信昌電","2991217.00","7250336.00","10241553.00","994218.00","242321.00","1236539.00","1720000.00","--","497255.00","4553913.00","2288217.00","-54371.00","9005014.00","--","--","--","9005014.00","--","0.00","800000.00","52.60"
"115/08/24","114","4","6174","安��","559966.00","416016.00","975982.00","266602.00","53363.00","319965.00","500000.00","--","--","136032.00","19985.00","--","656017.00","--","--","--","656017.00","0.00","0.00","0.00","13.12"
"115/08/24","114","4","6175","立敦","3353690.00","3040912.00","6394602.00","1136201.00","256031.00","1392232.00","1505718.00","--","828058.00","1794308.00","-70777.00","-14472.00","4042835.00","--","--","959535.00","5002370.00","0.00","0.00","450000.00","26.93"
"115/08/24","114","4","6179","亞通","8292959.00","2546508.00","10839467.00","6370047.00","1532049.00","7902096.00","1273246.00","--","1304136.00","27647.00","-56216.00","0.00","2548813.00","--","--","388558.00","2937371.00","0.00","0.00","0.00","20.02"
"115/08/24","114","4","6180","橘子","3365496.00","5227810.00","8593306.00","3887975.00","75525.00","3963500.00","1754936.00","--","1340269.00","1655326.00","-474604.00","--","4275927.00","--","--","353879.00","4629806.00","0.00","0.00","0.00","24.37"
"115/08/24","114","4","6182","合晶","10964596.00","27951328.00","38915924.00","5392359.00","8028632.00","13420991.00","5736383.00","--","6965931.00","2618671.00","-279190.00","--","15041795.00","--","--","10453138.00","25494933.00","0.00","0.00","0.00","26.22"
"115/08/24","114","4","6185","幃翔","1736893.00","730469.00","2467362.00","148870.00","154179.00","303049.00","1498675.00","--","64651.00","633451.00","-32464.00","--","2164313.00","--","--","--","2164313.00","--","0.00","0.00","14.44"
"115/08/24","114","4","6186","新潤","15663461.00","1296639.00","16960100.00","9965177.00","1866730.00","11831907.00","1949076.00","--","847530.00","2331587.00","--","--","--","--","--","--","5128193.00","0.00","0.00","0.00","26.31"
"115/08/24","114","4","6187","萬潤","6335154.00","3274278.00","9609432.00","1640435.00","480787.00","2121222.00","971269.00","--","3017139.00","2940566.00","437938.00","-67901.00","7299011.00","--","--","189199.00","7488210.00","0.00","0.00","898000.00","75.85"
"115/08/24","114","4","6188","廣明","13214465.00","6890500.00","20104965.00","4781682.00","296019.00","5077701.00","2783589.00","--","5173625.00","4607635.00","172409.00","--","12737258.00","--","--","2290006.00","15027264.00","--","0.00","0.00","45.76"
"115/08/24","114","4","6190","萬泰科","5189526.00","2929845.00","8119371.00","2336626.00","1359007.00","3695633.00","1864697.00","--","1169771.00","925940.00","97093.00","-131607.00","3925894.00","--","--","497844.00","4423738.00","0.00","0.00","4014000.00","21.52"
"115/08/24","114","4","6194","育富","2110080.00","232299.00","2342379.00","281935.00","95826.00","377761.00","480000.00","--","45667.00","1473325.00","-34374.00","--","1964618.00","--","--","--","1964618.00","--","0.00","0.00","40.93"
"115/08/24","114","4","6195","詩肯","865858.00","2759966.00","3625824.00","1002624.00","1326282.00","2328906.00","501930.00","--","294834.00","467156.00","32998.00","0.00","1296918.00","--","--","0.00","1296918.00","--","0.00","0.00","25.84"
"115/08/24","114","4","6198","瑞築","6153608.00","55179.00","6208787.00","1301611.00","153426.00","1455037.00","1714004.00","--","3111709.00","-71675.00","-288.00","--","4753750.00","--","--","--","4753750.00","--","0.00","0.00","27.73"
"115/08/24","114","4","6199","天品","925605.00","177460.00","1103065.00","182544.00","17355.00","199899.00","617600.00","--","3725.00","274864.00","-8108.00","--","888081.00","--","--","15085.00","903166.00","--","0.00","0.00","14.38"
"115/08/24","114","4","6203","海韻電","3422494.00","429309.00","3851803.00","713806.00","28086.00","741892.00","824013.00","--","276618.00","2022777.00","-13497.00","0.00","3109911.00","--","--","--","3109911.00","--","0.00","0.00","37.74"
"115/08/24","114","4","6204","艾華","295231.00","213265.00","508496.00","87236.00","61618.00","148854.00","231021.00","--","--","151352.00","-22731.00","--","359642.00","--","--","--","359642.00","--","0.00","0.00","15.57"
"115/08/24","114","4","6207","雷科","2628194.00","1518648.00","4146842.00","1191020.00","987350.00","2178370.00","796799.00","--","214524.00","829815.00","125474.00","--","1966612.00","--","--","1860.00","1968472.00","0.00","0.00","0.00","24.68"
"115/08/24","114","4","6208","日揚","4051791.00","3757755.00","7809546.00","2505040.00","1336719.00","3841759.00","944623.00","--","326739.00","1860643.00","-29961.00","0.00","3102044.00","--","--","865743.00","3967787.00","0.00","0.00","0.00","32.84"
"115/08/24","114","4","6210","慶生","234867.00","242230.00","477097.00","112032.00","2791.00","114823.00","350480.00","--","20025.00","-8231.00","--","--","--","--","--","--","362274.00","0.00","0.00","0.00","10.34"
"115/08/24","114","4","6212","理銘","10887323.00","102700.00","10990023.00","7262772.00","702.00","7263474.00","1020000.00","--","0.00","2730901.00","-24352.00","0.00","--","--","--","--","3726549.00","0.00","0.00","0.00","36.53"
"115/08/24","114","4","6217","中探針","3168349.00","3225685.00","6394034.00","2382638.00","1122346.00","3504984.00","1172100.00","--","1879934.00","-29665.00","-22843.00","-90099.00","2909427.00","--","--","-20377.00","2889050.00","0.00","0.00","3193000.00","25.52"
"115/08/24","114","4","6218","豪勉","1284748.00","442819.00","1727567.00","874678.00","3878.00","878556.00","642620.00","--","40295.00","147085.00","19011.00","--","849011.00","--","--","--","849011.00","0.00","0.00","0.00","13.21"
"115/08/24","114","4","6219","富旺","14309777.00","1551979.00","15861756.00","12021800.00","1850732.00","13872532.00","1249671.00","--","347152.00","391031.00","1370.00","--","1989224.00","--","--","--","1989224.00","0.00","0.00","0.00","15.92"
"115/08/24","114","4","6220","岳豐","6441353.00","2645266.00","9086619.00","4680332.00","1246810.00","5927142.00","1464627.00","--","988829.00","769296.00","-63275.00","--","3159477.00","--","--","0.00","3159477.00","0.00","0.00","0.00","21.57"
"115/08/24","114","4","6221","晉泰","5104302.00","565538.00","5669840.00","2451619.00","92314.00","2543933.00","1686039.00","--","115654.00","811343.00","512871.00","--","3125907.00","--","--","0.00","3125907.00","--","10000.00","0.00","18.54"
"115/08/24","114","4","6222","立軒","537334.00","332745.00","870079.00","5232.00","2042.00","7274.00","705889.00","--","334415.00","-170523.00","-7020.00","--","862761.00","--","--","44.00","862805.00","--","0.00","0.00","12.22"
"115/08/24","114","4","6223","旺矽","13317607.00","10685227.00","24002834.00","7569357.00","1854874.00","9424231.00","979813.00","--","5165644.00","8211708.00","221438.00","0.00","14578603.00","--","--","0.00","14578603.00","--","0.00","0.00","148.79"
"115/08/24","114","4","6227","茂綸","7408139.00","161976.00","7570115.00","4334671.00","196419.00","4531090.00","761118.00","--","117952.00","2094100.00","15605.00","--","2988775.00","0.00","--","50250.00","3039025.00","--","0.00","0.00","39.27"
"115/08/24","114","4","6228","全譜","156040.00","255761.00","411801.00","145000.00","23591.00","168591.00","260000.00","--","39971.00","-49069.00","-7692.00","--","243210.00","--","--","--","243210.00","--","0.00","0.00","9.35"
"115/08/24","114","4","6229","研通","1173108.00","503700.00","1676808.00","896051.00","82165.00","978216.00","403607.00","--","73537.00","185174.00","36274.00","0.00","698592.00","--","--","--","698592.00","0.00","0.00","0.00","17.31"
"115/08/24","114","4","6231","系微","1465482.00","196746.00","1662228.00","464228.00","32069.00","496297.00","456522.00","--","67477.00","633318.00","8614.00","--","1165931.00","--","--","--","1165931.00","--","--","--","25.54"
"115/08/24","114","4","6233","旺玖","723220.00","777098.00","1500318.00","99905.00","34323.00","134228.00","810219.00","--","145599.00","85148.00","360492.00","-35368.00","1366090.00","--","--","--","1366090.00","0.00","0.00","1621000.00","17.20"
"115/08/24","114","4","6234","高僑","2431270.00","1736738.00","4168008.00","1328311.00","64882.00","1393193.00","1003864.00","--","975948.00","753332.00","41671.00","--","2774815.00","--","--","--","2774815.00","0.00","0.00","0.00","27.64"
"115/08/24","114","4","6236","中湛","147952.00","19986.00","167938.00","9002.00","4099.00","13101.00","416540.00","--","0.00","-259085.00","-2618.00","--","154837.00","--","--","--","154837.00","--","0.00","0.00","3.72"
"115/08/24","114","4","6237","驊訊","447250.00","1132551.00","1579801.00","71784.00","7421.00","79205.00","796454.00","--","519127.00","181537.00","3478.00","--","1500596.00","--","--","0.00","1500596.00","0.00","0.00","0.00","18.84"
"115/08/24","114","4","6240","松崗","217965.00","743654.00","961619.00","407456.00","135894.00","543350.00","228674.00","--","0.00","146277.00","43318.00","--","418269.00","--","--","--","418269.00","--","0.00","0.00","18.29"
"115/08/24","114","4","6241","鑫永洋","316931.00","281256.00","598187.00","240654.00","2196.00","242850.00","487000.00","--","0.00","-131663.00","0.00","--","--","--","--","--","355337.00","--","0.00","0.00","7.30"
"115/08/24","114","4","6242","立康","253067.00","839995.00","1093062.00","168481.00","53337.00","221818.00","318065.00","--","213389.00","356768.00","-16978.00","--","871244.00","--","--","--","871244.00","--","0.00","0.00","27.39"
"115/08/24","114","4","6244","茂迪","4501925.00","5201849.00","9703774.00","2559307.00","2697241.00","5256548.00","3870419.00","--","533418.00","438589.00","-479708.00","--","4362718.00","--","--","84508.00","4447226.00","--","0.00","0.00","11.27"
"115/08/24","114","4","6245","立端","7520287.00","1567830.00","9088117.00","2458124.00","434688.00","2892812.00","1466083.00","--","1508822.00","3232743.00","-12343.00","--","6195305.00","--","--","--","6195305.00","0.00","0.00","0.00","42.26"
"115/08/24","114","4","6246","臺龍","1194267.00","121864.00","1316131.00","882683.00","5149.00","887832.00","378514.00","--","21431.00","43520.00","-15166.00","--","428299.00","--","--","--","428299.00","0.00","0.00","0.00","11.32"
"115/08/24","114","4","6248","沛波","2339831.00","1910097.00","4249928.00","1050219.00","857853.00","1908072.00","999561.00","--","910034.00","434261.00","4335.00","-6335.00","2341856.00","--","--","--","2341856.00","0.00","0.00","299000.00","23.50"
"115/08/24","114","4","6259","百徽","428201.00","54418.00","482619.00","92525.00","4877.00","97402.00","272621.00","--","40484.00","59177.00","12248.00","--","384530.00","--","--","687.00","385217.00","--","0.00","0.00","14.10"
"115/08/24","114","4","6261","久元","4272608.00","4069256.00","8341864.00","1234837.00","278687.00","1513524.00","1284980.00","--","2456602.00","3025371.00","-95974.00","--","6670979.00","--","--","157361.00","6828340.00","--","0.00","0.00","51.92"
"115/08/24","114","4","6263","普萊德","2026658.00","182750.00","2209408.00","378148.00","70448.00","448596.00","625010.00","--","11694.00","1124108.00","0.00","--","1760812.00","--","--","--","1760812.00","--","0.00","0.00","28.17"
"115/08/24","114","4","6264","富裔","3940425.00","550925.00","4491350.00","1429443.00","2213276.00","3642719.00","1363553.00","--","0.00","-649521.00","0.00","--","714032.00","--","--","134599.00","848631.00","--","0.00","0.00","5.24"
"115/08/24","114","4","6265","方土昶","1410658.00","222990.00","1633648.00","190960.00","6845.00","197805.00","1181722.00","--","313679.00","9888.00","-69446.00","--","1435843.00","--","--","--","1435843.00","--","0.00","0.00","12.15"
"115/08/24","114","4","6266","泰詠","2645430.00","923565.00","3568995.00","886318.00","122724.00","1009042.00","1538715.00","--","263443.00","709929.00","47866.00","--","2559953.00","--","--","--","2559953.00","0.00","0.00","0.00","16.64"
"115/08/24","114","4","6270","倍微","1813534.00","1405791.00","3219325.00","870720.00","1872.00","872592.00","721458.00","--","332523.00","222352.00","1070400.00","--","2346733.00","--","--","--","2346733.00","0.00","0.00","0.00","32.53"
"115/08/24","114","4","6274","台燿","32350989.00","7390101.00","39741090.00","14620606.00","6506454.00","21127060.00","2887142.00","--","5508658.00","10070179.00","148051.00","--","18614030.00","--","--","--","18614030.00","--","14750.00","0.00","64.47"
"115/08/24","114","4","6275","元山","2408220.00","1551673.00","3959893.00","1605906.00","623458.00","2229364.00","799529.00","--","162046.00","739082.00","29462.00","0.00","1730119.00","--","--","410.00","1730529.00","0.00","0.00","0.00","21.64"
"115/08/24","114","4","6276","安鈦克","570198.00","65531.00","635729.00","380583.00","24504.00","405087.00","220430.00","--","0.00","9412.00","800.00","0.00","230642.00","--","--","0.00","230642.00","--","0.00","0.00","10.46"
"115/08/24","114","4","6279","胡連","9583314.00","6180831.00","15764145.00","6411254.00","291080.00","6702334.00","1190157.00","--","2171757.00","5755045.00","-108561.00","--","9008398.00","--","--","53413.00","9061811.00","--","0.00","0.00","75.69"
"115/08/24","114","4","6284","佳邦","5841745.00","7929280.00","13771025.00","4172689.00","2043534.00","6216223.00","1489803.00","--","3256361.00","3288795.00","-343045.00","-171091.00","7520823.00","--","--","33979.00","7554802.00","--","0.00","2310000.00","51.28"
"115/08/24","114","4","6290","良維","7598732.00","3590660.00","11189392.00","2471870.00","490998.00","2962868.00","1684812.00","--","2405430.00","3950419.00","-41176.00","--","7999485.00","--","--","227039.00","8226524.00","0.00","0.00","0.00","47.48"
"115/08/24","114","4","6291","沛亨","1968992.00","421935.00","2390927.00","832590.00","63100.00","895690.00","420000.00","--","489831.00","488501.00","-1300.00","0.00","1397032.00","0.00","--","98205.00","1495237.00","--","0.00","0.00","33.26"
"115/08/24","114","4","6292","迅德","1112289.00","426837.00","1539126.00","291982.00","136284.00","428266.00","466007.00","--","48889.00","647448.00","-51484.00","0.00","1110860.00","0.00","--","0.00","1110860.00","--","0.00","0.00","23.84"
"115/08/24","114","4","6294","智基","667799.00","676460.00","1344259.00","607778.00","156778.00","764556.00","260471.00","--","--","319232.00","--","--","579703.00","--","--","--","579703.00","0.00","0.00","0.00","22.26"
"115/08/24","114","4","6411","晶焱","3885098.00","2468393.00","6353491.00","1275817.00","34824.00","1310641.00","992306.00","--","1962835.00","2061929.00","60644.00","-110287.00","4967427.00","--","--","75423.00","5042850.00","0.00","0.00","1491002.00","50.82"
"115/08/24","114","4","6417","韋僑","1413974.00","1448666.00","2862640.00","562540.00","578554.00","1141094.00","422740.00","--","347958.00","952492.00","-1644.00","--","1721546.00","--","--","--","1721546.00","--","0.00","0.00","40.72"
"115/08/24","114","4","6418","詠昇","554834.00","415474.00","970308.00","223339.00","239575.00","462914.00","345220.00","--","89591.00","74137.00","-1554.00","--","507394.00","--","--","--","507394.00","0.00","0.00","0.00","14.70"
"115/08/24","114","4","6419","京晨科","543032.00","73228.00","616260.00","97154.00","62456.00","159610.00","131592.00","--","1276.00","320473.00","3309.00","--","456650.00","--","--","0.00","456650.00","--","0.00","0.00","34.70"
"115/08/24","114","4","6423","億而得","287884.00","331744.00","619628.00","55858.00","92453.00","148311.00","300145.00","--","206283.00","34604.00","--","-69715.00","--","--","--","--","471317.00","--","0.00","744000.00","16.10"
"115/08/24","114","4","6425","易發","1523280.00","1359939.00","2883219.00","1331139.00","224736.00","1555875.00","508132.00","--","829116.00","-34329.00","-26272.00","-4981.00","1271666.00","--","--","55678.00","1327344.00","--","2211227.00","97000.00","25.07"
"115/08/24","114","4","6432","今展科","1043148.00","297948.00","1341096.00","413854.00","43517.00","457371.00","333169.00","--","348832.00","216381.00","-14657.00","--","883725.00","--","--","--","883725.00","--","1075109.00","0.00","26.52"
"115/08/24","114","4","6435","大中","1801892.00","956097.00","2757989.00","679269.00","25057.00","704326.00","374613.00","--","169546.00","1367080.00","142424.00","--","--","--","--","--","2053663.00","0.00","0.00","0.00","54.82"
"115/08/24","114","4","6441","廣錠","663650.00","989777.00","1653427.00","610291.00","12486.00","622777.00","533185.00","--","763675.00","-274435.00","-227.00","--","1022198.00","--","--","8452.00","1030650.00","--","0.00","0.00","19.17"
"115/08/24","114","4","6461","益得","403129.00","1947823.00","2350952.00","243324.00","1006645.00","1249969.00","1783518.00","--","282090.00","-959574.00","-5051.00","--","--","--","--","--","1100983.00","53000.00","0.00","0.00","6.17"
"115/08/24","114","4","6462","神盾","5999946.00","13265032.00","19264978.00","4728328.00","1046005.00","5774333.00","912508.00","--","7538789.00","-211730.00","-1044967.00","--","7194600.00","--","--","6296045.00","13490645.00","--","0.00","0.00","78.84"
"115/08/24","114","4","6465","威潤","284560.00","282825.00","567385.00","43450.00","32723.00","76173.00","470737.00","--","395.00","22996.00","-2916.00","0.00","491212.00","--","--","--","491212.00","0.00","0.00","0.00","10.43"
"115/08/24","114","4","6469","大樹","7490203.00","6269262.00","13759465.00","4596051.00","5162994.00","9759045.00","1499652.00","--","1403431.00","975709.00","39389.00","--","3918181.00","0.00","--","82239.00","4000420.00","0.00","266000.00","0.00","26.13"
"115/08/24","114","4","6470","宇智","1648115.00","63774.00","1711889.00","395962.00","132976.00","528938.00","376941.00","--","265332.00","534569.00","6109.00","--","1182951.00","--","--","--","1182951.00","--","0.00","0.00","31.38"
"115/08/24","114","4","6474","華豫寧","2508739.00","678612.00","3187351.00","1240724.00","248962.00","1489686.00","525262.00","--","204644.00","924359.00","43400.00","--","1697665.00","--","--","--","1697665.00","--","0.00","0.00","32.32"
"115/08/24","114","4","6482","弘煜科","478957.00","62454.00","541411.00","98208.00","8448.00","106656.00","286343.00","--","43516.00","117371.00","-16837.00","--","430393.00","--","--","4362.00","434755.00","--","0.00","0.00","15.03"
"115/08/24","114","4","6485","點序","1114272.00","1096783.00","2211055.00","341166.00","6294.00","347460.00","453065.00","--","721377.00","688784.00","20.00","--","1863246.00","--","--","349.00","1863595.00","--","59500.00","0.00","41.13"
"115/08/24","114","4","6486","互動","2574607.00","987272.00","3561879.00","1488779.00","42910.00","1531689.00","508933.00","--","928160.00","579634.00","-372.00","--","2016355.00","0.00","--","13835.00","2030190.00","--","0.00","0.00","39.62"
"115/08/24","114","4","6488","環球晶","86629456.00","131713361.00","218342817.00","54108725.00","70939034.00","125047759.00","4781137.00","--","44763934.00","52139099.00","-8385625.00","--","93298545.00","--","--","-3487.00","93295058.00","0.00","0.00","0.00","195.14"
"115/08/24","114","4","6492","生華科","780408.00","38854.00","819262.00","45345.00","12955.00","58300.00","899036.00","--","181918.00","-266150.00","-4481.00","-49361.00","760962.00","--","--","--","760962.00","0.00","0.00","518000.00","8.51"
"115/08/24","114","4","6494","九齊","894711.00","253487.00","1148198.00","112670.00","40815.00","153485.00","315597.00","--","196884.00","480211.00","2021.00","--","994713.00","--","--","--","994713.00","--","0.00","0.00","31.52"
"115/08/24","114","4","6496","科懋","726242.00","757771.00","1484013.00","371604.00","308177.00","679781.00","473960.00","--","259163.00","81775.00","13070.00","-23736.00","804232.00","--","--","--","804232.00","0.00","0.00","818000.00","17.27"
"115/08/24","114","4","6498","久禾光","1996699.00","424866.00","2421565.00","648533.00","212087.00","860620.00","471649.00","--","372348.00","714075.00","2873.00","--","1560945.00","--","--","--","1560945.00","--","0.00","0.00","33.10"
"115/08/24","114","4","6499","益安","1322148.00","457645.00","1779793.00","160957.00","82070.00","243027.00","969449.00","--","1959926.00","-1496175.00","42540.00","0.00","1475740.00","--","--","61026.00","1536766.00","0.00","0.00","0.00","15.22"
"115/08/24","114","4","6506","雙邦","836321.00","1696595.00","2532916.00","619263.00","613776.00","1233039.00","823608.00","--","10615.00","437579.00","0.00","--","1271802.00","--","--","28075.00","1299877.00","--","0.00","0.00","15.44"
"115/08/24","114","4","6508","惠光","2030947.00","778559.00","2809506.00","355742.00","56353.00","412095.00","865389.00","--","224222.00","1364848.00","-57048.00","--","2397411.00","--","--","--","2397411.00","0.00","0.00","0.00","27.70"
"115/08/24","114","4","6509","聚和","4079370.00","3794873.00","7874243.00","1869681.00","757433.00","2627114.00","1965433.00","--","1305581.00","2253416.00","-277301.00","0.00","5247129.00","--","--","--","5247129.00","--","0.00","0.00","26.70"
"115/08/24","114","4","6510","精測","5929648.00","4020936.00","9950584.00","1157583.00","12573.00","1170156.00","327890.00","--","3928298.00","4506544.00","7700.00","--","8770432.00","--","--","9996.00","8780428.00","--","0.00","0.00","267.48"
"115/08/24","114","4","6512","啟發電","289482.00","94595.00","384077.00","29627.00","0.00","29627.00","252600.00","--","121827.00","-19977.00","--","--","354450.00","--","--","--","354450.00","--","0.00","0.00","14.03"
"115/08/24","114","4","6516","勤崴國際","973782.00","300159.00","1273941.00","190951.00","70835.00","261786.00","563369.00","--","348646.00","149756.00","-10270.00","-39346.00","--","--","--","--","1012155.00","--","0.00","500000.00","18.13"
"115/08/24","114","4","6517","保勝光學","635221.00","143024.00","778245.00","90150.00","17185.00","107335.00","305791.00","--","83154.00","281965.00","--","--","670910.00","--","--","--","670910.00","--","0.00","0.00","21.94"
"115/08/24","114","4","6523","達爾膚","1167128.00","423584.00","1590712.00","204564.00","31297.00","235861.00","450477.00","--","151700.00","752674.00","--","--","1354851.00","--","--","--","1354851.00","0.00","0.00","0.00","30.08"
"115/08/24","114","4","6527","明達醫","640924.00","654356.00","1295280.00","261135.00","5655.00","266790.00","254586.00","--","215176.00","572278.00","-6974.00","-6576.00","1028490.00","0.00","--","0.00","1028490.00","--","0.00","117000.00","40.59"
"115/08/24","114","4","6530","創威","556771.00","17955.00","574726.00","85767.00","3069.00","88836.00","337500.00","--","46856.00","101534.00","--","--","--","--","--","--","485890.00","--","0.00","0.00","14.40"
"115/08/24","114","4","6532","瑞耘","725519.00","841867.00","1567386.00","291305.00","2895.00","294200.00","374451.00","--","248450.00","643135.00","7150.00","--","1273186.00","--","--","--","1273186.00","0.00","0.00","0.00","34.00"
"115/08/24","114","4","6535","順藥","966096.00","684135.00","1650231.00","131037.00","0.00","131037.00","1678408.00","--","265828.00","-340540.00","-37457.00","-56802.00","1509437.00","--","--","9757.00","1519194.00","976000.00","0.00","355000.00","9.01"
"115/08/24","114","4","6538","倉和","1539405.00","1300069.00","2839474.00","394111.00","536539.00","930650.00","380730.00","--","501092.00","1057577.00","-30575.00","--","1908824.00","--","--","--","1908824.00","--","0.00","0.00","50.14"
"115/08/24","114","4","6542","隆中","879324.00","117191.00","996515.00","169996.00","2854.00","172850.00","420006.00","--","287147.00","31404.00","5339.00","--","743896.00","--","--","79769.00","823665.00","0.00","0.00","0.00","17.71"
"115/08/24","114","4","6546","正基","2066097.00","1147034.00","3213131.00","1121468.00","75158.00","1196626.00","668484.00","--","932365.00","466695.00","-68136.00","--","1999408.00","--","--","17097.00","2016505.00","--","0.00","0.00","29.91"
"115/08/24","114","4","6547","高端疫苗","2362757.00","1571151.00","3933908.00","185045.00","269599.00","454644.00","3287491.00","--","357921.00","-140229.00","-25919.00","--","3479264.00","--","--","--","3479264.00","--","0.00","0.00","10.58"
"115/08/24","114","4","6548","長科*","14904915.00","7949403.00","22854318.00","5461864.00","5928210.00","11390074.00","380195.00","--","6066563.00","4697890.00","832738.00","-951850.00","11025536.00","--","--","438708.00","11464244.00","--","0.00","27441055.00","11.94"
"115/08/24","114","4","6556","勝品","1215348.00","898313.00","2113661.00","466144.00","19572.00","485716.00","287500.00","--","407097.00","897076.00","988.00","--","1592661.00","--","--","35284.00","1627945.00","--","0.00","0.00","55.40"
"115/08/24","114","4","6560","欣普羅","425416.00","287803.00","713219.00","59229.00","12540.00","71769.00","324747.00","--","216133.00","100570.00","--","--","--","--","--","--","641450.00","--","0.00","0.00","19.75"
"115/08/24","114","4","6561","是方","1256813.00","6161490.00","7418303.00","1447347.00","2330691.00","3778038.00","779584.00","--","1379929.00","1464149.00","7587.00","--","3631249.00","--","--","9016.00","3640265.00","0.00","0.00","0.00","46.58"
"115/08/24","114","4","6568","宏觀","1420552.00","374741.00","1795293.00","247135.00","1150.00","248285.00","308284.00","--","386981.00","882698.00","-30955.00","0.00","1547008.00","--","--","--","1547008.00","600.00","0.00","0.00","50.18"
"115/08/24","114","4","6569","醫揚","834041.00","1319646.00","2153687.00","384249.00","199341.00","583590.00","390707.00","--","758648.00","414476.00","6266.00","--","1570097.00","--","--","0.00","1570097.00","0.00","0.00","0.00","40.19"
"115/08/24","114","4","6570","維田","561466.00","833681.00","1395147.00","240146.00","341218.00","581364.00","371191.00","--","295942.00","154446.00","-7796.00","--","813783.00","--","--","--","813783.00","--","0.00","0.00","21.92"
"115/08/24","114","4","6574","霈方","573087.00","532464.00","1105551.00","110786.00","102310.00","213096.00","219900.00","--","128897.00","405494.00","138164.00","--","892455.00","--","--","--","892455.00","--","0.00","0.00","40.58"
"115/08/24","114","4","6576","逸達","985711.00","324680.00","1310391.00","286304.00","94473.00","380777.00","1575375.00","--","6086886.00","-6693790.00","-38857.00","--","929614.00","--","--","--","929614.00","0.00","0.00","0.00","5.90"
"115/08/24","114","4","6577","勁豐","1731942.00","438063.00","2170005.00","616940.00","60311.00","677251.00","600602.00","--","371697.00","578139.00","-57684.00","--","1492754.00","--","--","--","1492754.00","--","0.00","0.00","24.85"
"115/08/24","114","4","6578","達邦蛋白","225676.00","870084.00","1095760.00","84488.00","21996.00","106484.00","719419.00","--","338702.00","-55257.00","-13588.00","--","989276.00","--","--","--","989276.00","0.00","0.00","0.00","13.75"
"115/08/24","114","4","6584","南俊國際","1577033.00","2809453.00","4386486.00","653251.00","589581.00","1242832.00","696644.00","--","1483407.00","998225.00","-32046.00","-2576.00","3143654.00","--","--","--","3143654.00","0.00","0.00","23000.00","45.14"
"115/08/24","114","4","6588","東典光電","522944.00","671007.00","1193951.00","164461.00","121560.00","286021.00","347008.00","--","479146.00","-65129.00","4184.00","--","765209.00","--","--","142721.00","907930.00","--","0.00","0.00","22.05"
"115/08/24","114","4","6590","普鴻","647704.00","542804.00","1190508.00","227251.00","150112.00","377363.00","249641.00","--","242441.00","224557.00","-9060.00","--","707579.00","--","--","105566.00","813145.00","64000.00","0.00","0.00","28.34"
"115/08/24","114","4","6593","台灣銘板","417072.00","571072.00","988144.00","65638.00","25715.00","91353.00","318566.00","--","431168.00","144669.00","-164.00","--","894239.00","--","--","2552.00","896791.00","--","0.00","0.00","28.07"
"115/08/24","114","4","6596","寬宏藝術","2267004.00","772214.00","3039218.00","1368996.00","7563.00","1376559.00","380000.00","--","499434.00","789943.00","-6718.00","--","1662659.00","--","--","--","1662659.00","--","0.00","0.00","43.75"
"115/08/24","114","4","6597","立誠","691409.00","578832.00","1270241.00","452627.00","5031.00","457658.00","300423.00","--","391960.00","187980.00","--","-67780.00","--","--","--","--","812583.00","0.00","0.00","840000.00","27.83"
"115/08/24","114","4","6603","富強鑫","5478092.00","3030735.00","8508827.00","3184213.00","2570154.00","5754367.00","1674430.00","--","80754.00","870326.00","-33006.00","-23773.00","2568731.00","--","--","185729.00","2754460.00","--","0.00","1403000.00","15.47"
"115/08/24","114","4","6609","瀧澤科","2269900.00","1103523.00","3373423.00","922295.00","95514.00","1017809.00","724562.00","--","146793.00","1492618.00","-8359.00","--","2355614.00","--","--","--","2355614.00","--","0.00","0.00","32.51"
"115/08/24","114","4","6612","奈米醫材","1701336.00","1478660.00","3179996.00","833459.00","378220.00","1211679.00","475146.00","--","908125.00","450812.00","708.00","0.00","1834791.00","--","--","133526.00","1968317.00","--","0.00","0.00","38.62"
"115/08/24","114","4","6613","朋億*","10361715.00","1416487.00","11778202.00","4007585.00","635992.00","4643577.00","389007.00","--","1862382.00","2702532.00","381254.00","--","5335175.00","--","--","1799450.00","7134625.00","0.00","0.00","0.00","68.57"
"115/08/24","114","4","6615","慧智","236197.00","488150.00","724347.00","70896.00","25017.00","95913.00","215934.00","--","341589.00","70824.00","-220.00","--","628127.00","--","--","307.00","628434.00","0.00","0.00","0.00","29.09"
"115/08/24","114","4","6616","特昇-KY","593236.00","169245.00","762481.00","291365.00","26062.00","317427.00","354785.00","--","98252.00","-49178.00","44298.00","--","448157.00","--","--","-3103.00","445054.00","--","0.00","0.00","12.63"
"115/08/24","114","4","6617","共信-KY","1868428.00","928596.00","2797024.00","180416.00","98781.00","279197.00","1275061.00","--","3499715.00","-1645982.00","-64875.00","-532981.00","2530938.00","--","--","-13111.00","2517827.00","0.00","0.00","4886000.00","20.64"
"115/08/24","114","4","6620","漢達","4312266.00","1580246.00","5892512.00","117838.00","114215.00","232053.00","1699831.00","--","3094309.00","1057975.00","-77258.00","-114398.00","5660459.00","--","--","--","5660459.00","--","0.00","1453000.00","33.59"
"115/08/24","114","4","6624","萬年清","659461.00","262527.00","921988.00","307907.00","113942.00","421849.00","224366.00","--","234898.00","39801.00","-1567.00","--","497498.00","--","--","2641.00","500139.00","--","1556628.00","0.00","22.17"
"115/08/24","114","4","6629","泰金-KY","1981038.00","615021.00","2596059.00","853894.00","34102.00","887996.00","383712.00","--","587183.00","620286.00","115185.00","--","1706366.00","--","--","1697.00","1708063.00","0.00","0.00","0.00","44.47"
"115/08/24","114","4","6637","醫影","1186006.00","729491.00","1915497.00","389985.00","405325.00","795310.00","268100.00","--","316316.00","539772.00","-4001.00","--","1120187.00","--","--","--","1120187.00","--","0.00","0.00","41.78"
"115/08/24","114","4","6640","均華","2602706.00","2561576.00","5164282.00","2254554.00","454826.00","2709380.00","285175.00","--","462664.00","580116.00","1301262.00","-174315.00","2454902.00","--","--","0.00","2454902.00","0.00","0.00","250000.00","86.85"
"115/08/24","114","4","6642","富致","685721.00","838358.00","1524079.00","192484.00","259797.00","452281.00","373996.00","--","356834.00","353469.00","-12501.00","--","1071798.00","--","--","--","1071798.00","0.00","0.00","0.00","28.66"
"115/08/24","114","4","6643","M31","1239588.00","923414.00","2163002.00","248872.00","13651.00","262523.00","417982.00","--","744643.00","741601.00","-339.00","-3408.00","1900479.00","--","--","--","1900479.00","--","0.00","7000.00","45.48"
"115/08/24","114","4","6649","台生材","468880.00","321067.00","789947.00","54990.00","49870.00","104860.00","420000.00","--","192668.00","72419.00","--","--","--","--","--","--","685087.00","0.00","0.00","0.00","16.31"
"115/08/24","114","4","6651","全宇昕","1309067.00","242000.00","1551067.00","273912.00","2892.00","276804.00","346016.00","--","295400.00","632847.00","0.00","--","--","--","--","--","1274263.00","0.00","0.00","0.00","36.83"
"115/08/24","114","4","6654","天正國際","1078562.00","1165979.00","2244541.00","615370.00","467993.00","1083363.00","409627.00","--","641207.00","48826.00","40373.00","--","1140033.00","--","--","21145.00","1161178.00","--","0.00","0.00","27.83"
"115/08/24","114","4","6661","威健生技","363828.00","258365.00","622193.00","164401.00","171718.00","336119.00","233043.00","--","50932.00","21294.00","-23972.00","--","281297.00","--","--","4777.00","286074.00","--","0.00","0.00","12.07"
"115/08/24","114","4","6662","樂斯科","211105.00","381470.00","592575.00","53686.00","81173.00","134859.00","256124.00","--","84121.00","141582.00","-24111.00","--","--","--","--","--","457716.00","--","0.00","0.00","17.87"
"115/08/24","114","4","6664","群翊","7307492.00","1588760.00","8896252.00","3374803.00","1274839.00","4649642.00","608066.00","--","904295.00","2748188.00","-13939.00","--","4246610.00","0.00","--","0.00","4246610.00","--","0.00","0.00","69.84"
"115/08/24","114","4","6667","信紘科","5307678.00","1071542.00","6379220.00","3238445.00","474161.00","3712606.00","492789.00","--","1231076.00","947526.00","-11731.00","--","2659660.00","--","--","6954.00","2666614.00","--","0.00","0.00","53.97"
"115/08/24","114","4","6679","鈺太","3839621.00","1660965.00","5500586.00","225796.00","33762.00","259558.00","549753.00","--","3701885.00","936551.00","417256.00","-364417.00","5241028.00","--","--","--","5241028.00","--","0.00","1688000.00","98.35"
"115/08/24","114","4","6680","鑫創電子","504687.00","942835.00","1447522.00","219619.00","683608.00","903227.00","239072.00","--","168947.00","136496.00","-220.00","0.00","544295.00","--","--","--","544295.00","--","0.00","0.00","22.77"
"115/08/24","114","4","6683","雍智科技","2416201.00","951378.00","3367579.00","629110.00","24467.00","653577.00","274677.00","--","398079.00","2082785.00","-41539.00","--","2714002.00","--","--","--","2714002.00","--","0.00","0.00","98.81"
"115/08/24","114","4","6684","安格","633025.00","1123451.00","1756476.00","109051.00","29272.00","138323.00","445595.00","--","1345976.00","-124852.00","-57886.00","--","1608833.00","--","--","9320.00","1618153.00","--","0.00","0.00","36.11"
"115/08/24","114","4","6690","安�硌穈T","2552130.00","2267498.00","4819628.00","1032423.00","648795.00","1681218.00","299997.00","--","2289805.00","585032.00","-36424.00","--","3138410.00","--","--","--","3138410.00","0.00","0.00","0.00","104.61"
"115/08/24","114","4","6692","進能服","1598792.00","339046.00","1937838.00","820238.00","40268.00","860506.00","588239.00","--","297538.00","203002.00","-17459.00","--","1071320.00","0.00","--","6012.00","1077332.00","0.00","47500.00","0.00","18.21"
"115/08/24","114","4","6693","廣閎科","1113811.00","563516.00","1677327.00","410270.00","196550.00","606820.00","457200.00","--","570003.00","89884.00","-7685.00","-38895.00","1070507.00","--","--","0.00","1070507.00","0.00","0.00","674000.00","23.76"
"115/08/24","114","4","6697","東捷資訊","850801.00","180129.00","1030930.00","399844.00","9789.00","409633.00","273234.00","--","158042.00","191026.00","-1005.00","--","621297.00","--","--","--","621297.00","0.00","0.00","0.00","22.74"
"115/08/24","114","4","6703","軒郁","1590085.00","762288.00","2352373.00","670949.00","345529.00","1016478.00","329838.00","--","576066.00","436054.00","-15460.00","-36008.00","1290490.00","--","--","45405.00","1335895.00","--","0.00","250000.00","39.42"
"115/08/24","114","4","6708","天擎","377423.00","44277.00","421700.00","36912.00","6919.00","43831.00","290088.00","--","114776.00","34.00","-6613.00","-20416.00","377869.00","--","--","--","377869.00","--","0.00","420000.00","13.22"
"115/08/24","114","4","6712","長聖","752682.00","1251673.00","2004355.00","422546.00","55256.00","477802.00","875970.00","--","509311.00","218304.00","-77032.00","0.00","1526553.00","--","--","--","1526553.00","--","0.00","0.00","17.43"
"115/08/24","114","4","6716","應廣","1015465.00","125063.00","1140528.00","362449.00","31479.00","393928.00","302698.00","--","195163.00","311702.00","-62963.00","0.00","746600.00","--","--","--","746600.00","7500.00","0.00","0.00","24.66"
"115/08/24","114","4","6720","久昌","919446.00","225020.00","1144466.00","139011.00","54616.00","193627.00","302490.00","--","535754.00","144311.00","1263.00","-32979.00","950839.00","--","--","0.00","950839.00","--","61500.00","250000.00","31.81"
"115/08/24","114","4","6721","信實","1066950.00","172323.00","1239273.00","540230.00","39544.00","579774.00","225000.00","--","178626.00","255873.00","--","--","659499.00","--","--","--","659499.00","--","0.00","0.00","29.31"
"115/08/24","114","4","6725","矽科宏晟","4041149.00","282884.00","4324033.00","1757668.00","124385.00","1882053.00","371300.00","--","900762.00","1167867.00","2051.00","--","2441980.00","--","--","--","2441980.00","--","0.00","0.00","65.77"
"115/08/24","114","4","6727","亞泰金屬","3350113.00","763623.00","4113736.00","2627153.00","82807.00","2709960.00","268842.00","--","394221.00","739006.00","1707.00","--","1403776.00","--","--","--","1403776.00","--","0.00","0.00","52.22"
"115/08/24","114","4","6728","上洋","2524245.00","1970300.00","4494545.00","1507984.00","965991.00","2473975.00","301100.00","--","898542.00","811013.00","-1644.00","--","2009011.00","--","--","11559.00","2020570.00","--","0.00","0.00","66.72"
"115/08/24","114","4","6730","常廣","309842.00","829498.00","1139340.00","122035.00","255315.00","377350.00","362982.00","--","143328.00","256109.00","-429.00","--","761990.00","--","--","--","761990.00","0.00","0.00","0.00","20.99"
"115/08/24","114","4","6732","昇佳電子","3663528.00","1853565.00","5517093.00","1203517.00","92766.00","1296283.00","489126.00","--","2202370.00","1493363.00","35951.00","--","--","--","--","--","4220810.00","--","0.00","0.00","86.29"
"115/08/24","114","4","6733","博晟生醫","636430.00","178948.00","815378.00","36163.00","21576.00","57739.00","1243560.00","--","-273.00","-482927.00","-18267.00","--","742093.00","--","--","15546.00","757639.00","0.00","0.00","0.00","5.97"
"115/08/24","114","4","6735","美達科技","634458.00","432726.00","1067184.00","101702.00","8181.00","109883.00","461823.00","--","341234.00","153610.00","634.00","--","957301.00","--","--","--","957301.00","0.00","0.00","0.00","20.73"
"115/08/24","114","4","6739","竹陞科技","833696.00","460812.00","1294508.00","269851.00","811.00","270662.00","233683.00","--","370324.00","423327.00","-375.00","-3113.00","1023846.00","--","--","--","1023846.00","0.00","0.00","57000.00","43.92"
"115/08/24","114","4","6741","91APP*-KY","3150495.00","1950972.00","5101467.00","1866858.00","44774.00","1911632.00","602890.00","--","1230594.00","1899246.00","113397.00","-664337.00","3181790.00","--","--","8045.00","3189835.00","--","0.00","6070000.00","27.79"
"115/08/24","114","4","6751","智聯服務","744153.00","663001.00","1407154.00","355792.00","33475.00","389267.00","222000.00","--","598809.00","156276.00","-15048.00","--","962037.00","--","--","55850.00","1017887.00","--","0.00","0.00","43.34"
"115/08/24","114","4","6752","叡揚","1569828.00","1605695.00","3175523.00","1573217.00","187675.00","1760892.00","371441.00","--","138303.00","822781.00","64827.00","--","1397352.00","--","--","17279.00","1414631.00","--","0.00","0.00","37.62"
"115/08/24","114","4","6761","穩得","1511949.00","1147713.00","2659662.00","794432.00","73304.00","867736.00","349559.00","--","900918.00","565639.00","-8592.00","-15598.00","1791926.00","--","--","--","1791926.00","0.00","0.00","174000.00","51.52"
"115/08/24","114","4","6762","達亞","512997.00","2297590.00","2810587.00","895999.00","601479.00","1497478.00","351717.00","--","665467.00","295925.00","0.00","--","--","--","--","--","1313109.00","0.00","0.00","0.00","37.33"
"115/08/24","114","4","6763","綠界科技*","6012413.00","1474628.00","7487041.00","4195770.00","85756.00","4281526.00","184039.00","--","2129823.00","949156.00","-95155.00","--","3167863.00","--","--","37652.00","3205515.00","--","0.00","0.00","17.21"
"115/08/24","114","4","6767","台微醫","501559.00","209126.00","710685.00","58523.00","79440.00","137963.00","391836.00","--","325191.00","-144359.00","54.00","--","572722.00","--","--","--","572722.00","--","0.00","0.00","14.62"
"115/08/24","114","4","6785","昱展新藥","2352648.00","134910.00","2487558.00","74466.00","9871.00","84337.00","668000.00","--","1578777.00","148704.00","7740.00","--","--","--","--","--","2403221.00","--","0.00","0.00","35.98"
"115/08/24","114","4","6788","華景電","3011319.00","791746.00","3803065.00","764543.00","230382.00","994925.00","387397.00","--","1209373.00","1186069.00","16344.00","--","2799183.00","--","--","8957.00","2808140.00","--","--","--","72.26"
"115/08/24","114","4","6791","虎門科技","671550.00","203591.00","875141.00","322679.00","28336.00","351015.00","208470.00","--","116177.00","163616.00","-11.00","--","488252.00","--","--","35874.00","524126.00","--","0.00","0.00","23.42"
"115/08/24","114","4","6803","崑鼎","5032775.00","11774883.00","16807658.00","5187859.00","3915827.00","9103686.00","726642.00","--","2999683.00","3261512.00","88388.00","-57.00","7076168.00","--","--","627804.00","7703972.00","0.00","9959.00","1605.00","97.38"
"115/08/24","114","4","6804","明係","657757.00","1172039.00","1829796.00","619719.00","140642.00","760361.00","350000.00","--","531346.00","210874.00","-22785.00","--","1069435.00","--","--","--","1069435.00","--","0.00","0.00","30.56"
"115/08/24","114","4","6811","宏�硌穈T","4197990.00","2059674.00","6257664.00","3770819.00","129781.00","3900600.00","414490.00","--","628098.00","1354315.00","-39839.00","--","2357064.00","--","--","--","2357064.00","0.00","0.00","0.00","56.87"
"115/08/24","114","4","6821","聯寶","839912.00","320894.00","1160806.00","174392.00","348706.00","523098.00","315255.00","--","141164.00","244737.00","-30379.00","-33069.00","637708.00","--","--","--","637708.00","--","44050.00","855000.00","20.81"
"115/08/24","114","4","6823","濾能","457000.00","763873.00","1220873.00","424777.00","296633.00","721410.00","277639.00","--","505614.00","-265300.00","-17991.00","-1714.00","498248.00","--","--","1215.00","499463.00","0.00","0.00","28000.00","17.96"
"115/08/24","114","4","6829","千附精密","1072769.00","2014978.00","3087747.00","799280.00","348068.00","1147348.00","591690.00","--","972310.00","376399.00","--","--","--","--","--","--","1940399.00","--","0.00","0.00","32.79"
"115/08/24","114","4","6840","東研信超","568085.00","1193246.00","1761331.00","259321.00","451347.00","710668.00","307414.00","--","489482.00","274768.00","-21001.00","--","1050663.00","--","--","--","1050663.00","--","0.00","0.00","34.18"
"115/08/24","114","4","6841","長佳智能","856114.00","1259335.00","2115449.00","109409.00","1335.00","110744.00","951980.00","--","850482.00","-49808.00","--","-74766.00","1677888.00","--","--","326817.00","2004705.00","--","0.00","765000.00","17.77"
"115/08/24","114","4","6843","進典","976735.00","505860.00","1482595.00","196258.00","424248.00","620506.00","333040.00","--","280978.00","234613.00","12142.00","--","860773.00","--","--","1316.00","862089.00","--","0.00","0.00","25.85"
"115/08/24","114","4","6844","諾貝兒","2627851.00","2292657.00","4920508.00","728625.00","998543.00","1727168.00","374284.00","--","1400994.00","1418062.00","--","0.00","3193340.00","--","--","--","3193340.00","0.00","0.00","0.00","85.32"
"115/08/24","114","4","6846","綠茵","1484643.00","624766.00","2109409.00","217105.00","913745.00","1130850.00","270410.00","--","259139.00","449348.00","-338.00","--","978559.00","--","--","--","978559.00","--","12820.00","0.00","36.19"
"115/08/24","114","4","6855","數泓科","1310372.00","77979.00","1388351.00","472751.00","2622.00","475373.00","232497.00","--","80940.00","599528.00","13.00","--","--","--","--","--","912978.00","--","0.00","0.00","39.27"
"115/08/24","114","4","6856","鑫傳","628655.00","426340.00","1054995.00","219877.00","18886.00","238763.00","282000.00","--","239153.00","248686.00","2466.00","--","772305.00","--","--","43927.00","816232.00","0.00","0.00","0.00","27.39"
"115/08/24","114","4","6859","伯特光","1540711.00","964970.00","2505681.00","273969.00","86619.00","360588.00","415886.00","--","676943.00","1051753.00","511.00","--","2145093.00","--","--","--","2145093.00","--","0.00","0.00","51.58"
"115/08/24","114","4","6865","偉康科技","464682.00","127543.00","592225.00","159177.00","40910.00","200087.00","158301.00","--","154021.00","87569.00","46.00","-7799.00","--","--","--","--","392138.00","0.00","0.00","162000.00","25.03"
"115/08/24","114","4","6870","騰雲","1079354.00","1212023.00","2291377.00","356857.00","729051.00","1085908.00","233755.00","--","739577.00","209375.00","-6448.00","--","1176259.00","--","--","29210.00","1205469.00","--","27322.00","0.00","50.32"
"115/08/24","114","4","6872","浩宇生醫","461407.00","174582.00","635989.00","58180.00","12435.00","70615.00","707505.00","--","536688.00","-688260.00","-288.00","--","555645.00","--","--","9729.00","565374.00","0.00","0.00","0.00","7.85"
"115/08/24","114","4","6874","倍力","1370160.00","266943.00","1637103.00","1060117.00","108618.00","1168735.00","220000.00","--","154724.00","128531.00","--","-34887.00","--","--","--","--","468368.00","0.00","0.00","438000.00","21.72"
"115/08/24","114","4","6875","國邑*","1204347.00","544168.00","1748515.00","99469.00","91102.00","190571.00","645764.00","--","1283348.00","-371175.00","7.00","--","1557944.00","--","--","--","1557944.00","0.00","0.00","0.00","12.06"
"115/08/24","114","4","6877","鏵友益","865630.00","396075.00","1261705.00","152154.00","197941.00","350095.00","469671.00","--","390957.00","71163.00","-20181.00","0.00","911610.00","--","--","--","911610.00","0.00","0.00","0.00","19.41"
"115/08/24","114","4","6881","潤德","1683437.00","388389.00","2071826.00","1144808.00","14865.00","1159673.00","150000.00","--","403635.00","350354.00","8164.00","--","--","--","--","--","912153.00","0.00","0.00","0.00","60.81"
"115/08/24","114","4","6884","海柏特","596721.00","123695.00","720416.00","245373.00","139468.00","384841.00","183900.00","--","65277.00","73460.00","9903.00","--","332540.00","--","--","3035.00","335575.00","0.00","0.00","0.00","18.08"
"115/08/24","114","4","6894","衛司特","1606652.00","513290.00","2119942.00","384899.00","109516.00","494415.00","238000.00","--","674527.00","652439.00","11105.00","--","1576071.00","--","--","49456.00","1625527.00","--","0.00","0.00","66.22"
"115/08/24","114","4","6895","宏碩系統","877524.00","486026.00","1363550.00","277887.00","20810.00","298697.00","341000.00","--","534929.00","188924.00","--","--","--","--","--","--","1064853.00","0.00","0.00","0.00","31.23"
"115/08/24","114","4","6899","創為精密","1166142.00","1146443.00","2312585.00","240404.00","193179.00","433583.00","423985.00","--","363678.00","1120153.00","-3061.00","-26105.00","1878650.00","--","--","352.00","1879002.00","0.00","0.00","500.00","44.31"
"115/08/24","114","4","6903","巨漢","4987565.00","104310.00","5091875.00","1820675.00","1423.00","1822098.00","666760.00","--","1197290.00","1515485.00","--","-109758.00","--","--","--","--","3269777.00","--","0.00","828000.00","49.66"
"115/08/24","114","4","6904","伯鑫","934976.00","820903.00","1755879.00","476352.00","245502.00","721854.00","185000.00","--","239467.00","618596.00","-9038.00","--","1034025.00","--","--","--","1034025.00","0.00","0.00","0.00","55.89"
"115/08/24","114","4","6907","雅特力-KY","1261264.00","77294.00","1338558.00","262359.00","15706.00","278065.00","511740.00","--","186482.00","332079.00","30192.00","--","1060493.00","--","--","--","1060493.00","--","0.00","0.00","20.72"
"115/08/24","114","4","6910","德鴻","567821.00","26347.00","594168.00","117249.00","1985.00","119234.00","305210.00","--","87239.00","80240.00","2245.00","--","474934.00","--","--","--","474934.00","--","0.00","0.00","15.56"
"115/08/24","114","4","6913","鴻呈","1982418.00","924242.00","2906660.00","1044936.00","210891.00","1255827.00","438488.00","--","569554.00","626472.00","-51709.00","-28969.00","1553836.00","--","--","96997.00","1650833.00","--","0.00","268000.00","35.65"
"115/08/24","114","4","6922","宸曜","1056579.00","945955.00","2002534.00","384205.00","571132.00","955337.00","271554.00","--","355190.00","411933.00","8520.00","--","1047197.00","--","--","--","1047197.00","0.00","0.00","0.00","38.56"
"115/08/24","114","4","6925","意藍","439798.00","26654.00","466452.00","57638.00","1314.00","58952.00","200003.00","--","106476.00","101021.00","--","--","--","--","--","--","407500.00","--","0.00","0.00","20.37"
"115/08/24","114","4","6929","佑全","1449674.00","1528543.00","2978217.00","947860.00","981916.00","1929776.00","451083.00","--","669757.00","-72399.00","--","--","--","--","--","--","1048441.00","--","15000.00","0.00","23.26"
"115/08/24","114","4","6945","圓祥生技","1221591.00","143739.00","1365330.00","40798.00","53424.00","94222.00","855734.00","--","859145.00","-444767.00","996.00","--","1271108.00","--","--","--","1271108.00","0.00","0.00","0.00","14.85"
"115/08/24","114","4","6953","家碩","2025036.00","543356.00","2568392.00","685875.00","270785.00","956660.00","300146.00","--","785742.00","543847.00","-18003.00","--","1611732.00","--","--","--","1611732.00","--","0.00","0.00","53.70"
"115/08/24","114","4","6961","旅天下","967981.00","196488.00","1164469.00","282277.00","53855.00","336132.00","236340.00","--","429576.00","133927.00","20873.00","--","820716.00","--","--","7621.00","828337.00","0.00","0.00","0.00","34.73"
"115/08/24","114","4","6967","汎瑋材料","1056634.00","197187.00","1253821.00","421006.00","6485.00","427491.00","249045.00","--","299602.00","306129.00","-2809.00","-25637.00","826330.00","--","--","--","826330.00","--","0.00","500000.00","33.86"
"115/08/24","114","4","6968","萬達寵物","1314824.00","2110196.00","3425020.00","752946.00","1367201.00","2120147.00","494473.00","--","584248.00","225641.00","0.00","--","1304362.00","--","--","511.00","1304873.00","0.00","0.00","0.00","26.38"
"115/08/24","114","4","6971","惠民實業","1873986.00","1057075.00","2931061.00","1811447.00","218128.00","2029575.00","386680.00","--","269514.00","241163.00","4129.00","--","901486.00","--","--","--","901486.00","0.00","0.00","0.00","23.31"
"115/08/24","114","4","6982","大井泵浦","899981.00","1853460.00","2753441.00","517228.00","1327382.00","1844610.00","406747.00","--","452280.00","61602.00","-11798.00","--","908831.00","--","--","--","908831.00","0.00","25613.00","0.00","22.34"
"115/08/24","114","4","6983","華洋精機","415228.00","333339.00","748567.00","126953.00","174780.00","301733.00","159000.00","--","141359.00","146475.00","--","--","--","--","--","--","446834.00","0.00","0.00","0.00","28.10"
"115/08/24","114","4","6986","和迅","609605.00","227460.00","837065.00","62544.00","32924.00","95468.00","460000.00","--","139414.00","142183.00","--","--","--","--","--","--","741597.00","0.00","0.00","0.00","16.12"
"115/08/24","114","4","6996","力領科技","2915909.00","578060.00","3493969.00","746176.00","17459.00","763635.00","420053.00","--","1492915.00","851502.00","-34136.00","--","--","--","--","--","2730334.00","--","0.00","0.00","65.00"
"115/08/24","114","4","6997","博弘","1780200.00","65033.00","1845233.00","1131999.00","87483.00","1219482.00","221005.00","--","255519.00","145907.00","3320.00","--","625751.00","--","--","--","625751.00","--","0.00","0.00","28.31"
"115/08/24","114","4","7402","邑錡","746866.00","395340.00","1142206.00","119195.00","373147.00","492342.00","352356.00","--","264945.00","63462.00","-30899.00","0.00","--","--","--","--","649864.00","--","0.00","0.00","18.44"
"115/08/24","114","4","7547","碩網","1018607.00","70704.00","1089311.00","106462.00","3318.00","109780.00","335480.00","--","537860.00","102964.00","3227.00","--","979531.00","--","--","--","979531.00","--","344000.00","0.00","29.20"
"115/08/24","114","4","7556","意德士科技","1023005.00","985981.00","2008986.00","278001.00","420965.00","698966.00","273197.00","--","479379.00","498277.00","55799.00","--","1306652.00","--","--","3368.00","1310020.00","--","0.00","0.00","47.83"
"115/08/24","114","4","7584","樂意","225846.00","556601.00","782447.00","295535.00","22473.00","318008.00","164628.00","--","179362.00","111811.00","8638.00","--","464439.00","--","--","0.00","464439.00","--","0.00","0.00","28.21"
"115/08/24","114","4","7642","昶瑞機電","425674.00","987471.00","1413145.00","157480.00","251920.00","409400.00","301500.00","--","344733.00","357512.00","--","--","1003745.00","--","--","--","1003745.00","--","0.00","0.00","33.29"
"115/08/24","114","4","7703","銳澤","2575883.00","370164.00","2946047.00","755593.00","46975.00","802568.00","347450.00","--","1158344.00","633123.00","3277.00","--","2142194.00","--","--","1285.00","2143479.00","0.00","0.00","0.00","61.65"
"115/08/24","114","4","7704","明遠精密","964066.00","354043.00","1318109.00","136570.00","16844.00","153414.00","337698.00","--","667158.00","151817.00","789.00","0.00","1157462.00","0.00","--","7233.00","1164695.00","--","0.00","0.00","34.28"
"115/08/24","114","4","7708","全家餐飲","1106360.00","804951.00","1911311.00","574411.00","300321.00","874732.00","255000.00","--","412258.00","368352.00","969.00","--","1036579.00","--","--","--","1036579.00","0.00","0.00","0.00","40.65"
"115/08/24","114","4","7709","榮田","1482445.00","823564.00","2306009.00","606887.00","10820.00","617707.00","391027.00","--","236164.00","1061111.00","0.00","0.00","--","--","--","--","1688302.00","--","0.00","0.00","43.18"
"115/08/24","114","4","7712","博盛半導體","1234225.00","1270674.00","2504899.00","333900.00","268654.00","602554.00","325619.00","--","730158.00","845642.00","926.00","--","1902345.00","--","--","--","1902345.00","0.00","0.00","0.00","58.42"
"115/08/24","114","4","7713","威力德生醫","780386.00","1668599.00","2448985.00","432302.00","756563.00","1188865.00","454789.00","--","384305.00","406537.00","14489.00","--","1260120.00","--","--","--","1260120.00","--","0.00","0.00","27.71"
"115/08/24","114","4","7714","創泓科技","915142.00","65846.00","980988.00","414482.00","11364.00","425846.00","210000.00","--","207007.00","137272.00","838.00","--","555117.00","--","--","25.00","555142.00","--","0.00","0.00","26.43"
"115/08/24","114","4","7715","裕山","1275156.00","221735.00","1496891.00","450304.00","110162.00","560466.00","337470.00","--","330835.00","300957.00","1591.00","-34428.00","936425.00","--","--","--","936425.00","--","0.00","1000000.00","28.60"
"115/08/24","114","4","7716","昱臺國際","477069.00","213779.00","690848.00","135742.00","61864.00","197606.00","225000.00","--","64974.00","205524.00","-4782.00","--","490716.00","--","--","2526.00","493242.00","--","0.00","0.00","21.81"
"115/08/24","114","4","7717","萊德光電-KY","1155040.00","225546.00","1380586.00","251814.00","123375.00","375189.00","247777.00","--","551038.00","207527.00","-7620.00","--","998722.00","--","--","6675.00","1005397.00","0.00","0.00","0.00","40.31"
"115/08/24","114","4","7718","友鋮","1323904.00","756306.00","2080210.00","436262.00","93503.00","529765.00","463565.00","--","419152.00","705285.00","1246.00","-38803.00","1550445.00","--","--","--","1550445.00","--","0.00","800000.00","34.03"
"115/08/24","114","4","7723","築間","761401.00","3588682.00","4350083.00","1281296.00","2222333.00","3503629.00","506195.00","--","641639.00","-261475.00","-3267.00","-41529.00","841563.00","--","--","4891.00","846454.00","0.00","0.00","1000000.00","16.96"
"115/08/24","114","4","7728","光焱科技","839675.00","74290.00","913965.00","151724.00","8999.00","160723.00","138541.00","--","511283.00","103769.00","-351.00","--","753242.00","--","--","--","753242.00","--","0.00","0.00","54.37"
"115/08/24","114","4","7734","印能科技","6686987.00","970239.00","7657226.00","791612.00","408899.00","1200511.00","280000.00","--","3850876.00","2591146.00","-4962.00","-281845.00","6435215.00","--","--","21500.00","6456715.00","--","0.00","250000.00","231.90"
"115/08/24","114","4","7738","東聯互動","2062337.00","130477.00","2192814.00","170490.00","6052.00","176542.00","273558.00","--","1208505.00","506559.00","27650.00","--","2016272.00","--","--","--","2016272.00","--","0.00","0.00","73.71"
"115/08/24","114","4","7743","金利食安","597862.00","469906.00","1067768.00","138448.00","180972.00","319420.00","364833.00","--","198249.00","79066.00","4074.00","--","646222.00","--","--","102126.00","748348.00","--","0.00","0.00","17.71"
"115/08/24","114","4","7744","崴寶","2055532.00","1236737.00","3292269.00","796746.00","57413.00","854159.00","320000.00","--","1264483.00","890778.00","-37151.00","--","2438110.00","--","--","--","2438110.00","--","0.00","0.00","76.19"
"115/08/24","114","4","7747","昕奇雲端","1203343.00","93420.00","1296763.00","273862.00","6908.00","280770.00","274260.00","--","572531.00","131383.00","1882.00","--","980056.00","--","--","35937.00","1015993.00","0.00","0.00","0.00","35.73"
"115/08/24","114","4","7751","竑騰","3729421.00","232433.00","3961854.00","1419419.00","69226.00","1488645.00","268886.00","--","973530.00","1224075.00","1929.00","--","2468420.00","--","--","4789.00","2473209.00","--","0.00","0.00","91.80"
"115/08/24","114","4","7753","星亞","643127.00","253209.00","896336.00","304128.00","41241.00","345369.00","250000.00","--","141352.00","159615.00","--","--","--","--","--","--","550967.00","--","0.00","0.00","22.04"
"115/08/24","114","4","7757","金色三麥","806989.00","1189191.00","1996180.00","470822.00","400768.00","871590.00","241000.00","--","536375.00","325716.00","0.00","--","1103091.00","--","--","21499.00","1124590.00","0.00","0.00","0.00","45.77"
"115/08/24","114","4","7767","仁大資訊","1185658.00","911498.00","2097156.00","881777.00","292823.00","1174600.00","301000.00","--","205632.00","418364.00","-2440.00","--","922556.00","--","--","0.00","922556.00","--","0.00","0.00","30.65"
"115/08/24","114","4","7770","君曜","652129.00","94550.00","746679.00","90784.00","38101.00","128885.00","300621.00","--","151715.00","165419.00","39.00","--","617794.00","--","--","--","617794.00","0.00","0.00","0.00","20.55"
"115/08/24","114","4","7772","耀穎","414721.00","703658.00","1118379.00","154124.00","258491.00","412615.00","240786.00","--","271488.00","193490.00","--","--","--","--","--","--","705764.00","0.00","0.00","0.00","29.31"
"115/08/24","114","4","7777","能率亞洲","568693.00","1599780.00","2168473.00","13249.00","2084.00","15333.00","1825000.00","--","178493.00","134366.00","15281.00","--","--","--","--","--","2153140.00","0.00","0.00","0.00","11.80"
"115/08/24","114","4","7782","光速火箭","474259.00","416210.00","890469.00","185494.00","214355.00","399849.00","232130.00","--","179538.00","75592.00","--","-5530.00","481730.00","--","--","8890.00","490620.00","0.00","0.00","130000.00","20.87"
"115/08/24","114","4","7792","安葆","4632664.00","728825.00","5361489.00","2555372.00","210729.00","2766101.00","426720.00","--","974583.00","1202514.00","-8429.00","--","2595388.00","--","--","--","2595388.00","0.00","0.00","0.00","60.82"
"115/08/24","114","4","7794","宏�硒撥s","657929.00","450859.00","1108788.00","402074.00","337697.00","739771.00","250000.00","--","46487.00","81019.00","-8489.00","--","369017.00","--","--","--","369017.00","0.00","0.00","0.00","14.76"
"115/08/24","114","4","7805","威聯通","5624126.00","4240298.00","9864424.00","1832614.00","142218.00","1974832.00","331251.00","--","2372645.00","5161471.00","24225.00","0.00","7889592.00","--","--","--","7889592.00","0.00","0.00","0.00","238.18"
"115/08/24","114","4","7810","捷創科技","928958.00","192534.00","1121492.00","158008.00","16667.00","174675.00","202500.00","--","556002.00","188087.00","228.00","--","--","--","--","--","946817.00","--","0.00","0.00","46.76"
"115/08/24","114","4","7811","民盛","1736489.00","1149920.00","2886409.00","937726.00","93426.00","1031152.00","303770.00","--","982272.00","451440.00","117775.00","--","1855257.00","--","--","0.00","1855257.00","--","0.00","0.00","61.07"
"115/08/24","114","4","7814","海昌生技","249991.00","70262.00","320253.00","26076.00","70.00","26146.00","400000.00","--","0.00","-105893.00","--","--","294107.00","--","--","--","294107.00","0.00","0.00","0.00","7.35"
"115/08/24","114","4","7819","精誠金融","487684.00","153787.00","641471.00","153439.00","28178.00","181617.00","219635.00","--","80298.00","159921.00","--","--","--","0.00","--","--","459854.00","--","0.00","0.00","20.94"
"115/08/24","114","4","7820","立盈","549877.00","813110.00","1362987.00","85108.00","500698.00","585806.00","343481.00","--","307271.00","126429.00","--","--","--","--","--","--","777181.00","0.00","0.00","0.00","22.63"
"115/08/24","114","4","7828","創新服務","1267473.00","475121.00","1742594.00","352729.00","197950.00","550679.00","366859.00","--","501694.00","323138.00","224.00","--","1191915.00","--","--","--","1191915.00","0.00","0.00","0.00","32.49"
"115/08/24","114","4","7839","達人網","200492.00","18415.00","218907.00","43696.00","3055.00","46751.00","133160.00","--","0.00","39355.00","-359.00","--","172156.00","--","--","--","172156.00","0.00","0.00","0.00","12.93"
"115/08/24","114","4","7842","天能綠電","752468.00","102145.00","854613.00","362345.00","47533.00","409878.00","149880.00","--","225840.00","69015.00","--","--","--","--","--","--","444735.00","0.00","0.00","0.00","29.67"
"115/08/24","114","4","8024","佑華","318420.00","139844.00","458264.00","21283.00","12803.00","34086.00","451601.00","--","46431.00","-69990.00","-3864.00","--","424178.00","--","--","0.00","424178.00","--","0.00","0.00","9.39"
"115/08/24","114","4","8027","鈦昇","2343658.00","1801032.00","4144690.00","758309.00","728792.00","1487101.00","1078864.00","--","1765330.00","2565.00","-45298.00","-153725.00","2647736.00","--","--","9853.00","2657589.00","--","182001.00","2423000.00","25.16"
"115/08/24","114","4","8032","光菱","2292078.00","1187758.00","3479836.00","1099778.00","153699.00","1253477.00","518103.00","--","50757.00","1295085.00","357374.00","--","2221319.00","--","--","5040.00","2226359.00","--","0.00","0.00","42.87"
"115/08/24","114","4","8034","榮群","815236.00","42761.00","857997.00","120202.00","17579.00","137781.00","565863.00","--","11270.00","157707.00","-9570.00","-5054.00","720216.00","--","--","--","720216.00","0.00","0.00","354057.00","12.81"
"115/08/24","114","4","8038","長園科","727441.00","596656.00","1324097.00","582092.00","216952.00","799044.00","622782.00","--","123704.00","-284723.00","-18.00","0.00","461745.00","--","--","63308.00","525053.00","0.00","0.00","0.00","7.41"
"115/08/24","114","4","8040","九暘","2236166.00","316545.00","2552711.00","100688.00","7882.00","108570.00","964139.00","--","1538222.00","-58220.00","0.00","--","--","--","--","--","2444141.00","0.00","0.00","0.00","25.35"
"115/08/24","114","4","8042","金山電","5175962.00","3755639.00","8931601.00","2872380.00","2022340.00","4894720.00","1294625.00","--","1249837.00","1490635.00","-74888.00","--","3960209.00","--","--","76672.00","4036881.00","0.00","0.00","0.00","30.59"
"115/08/24","114","4","8043","蜜望實","4141649.00","443416.00","4585065.00","1712760.00","114812.00","1827572.00","799072.00","--","316897.00","1676003.00","-34479.00","0.00","2757493.00","--","--","--","2757493.00","0.00","0.00","0.00","34.51"
"115/08/24","114","4","8044","網家","16530585.00","16384690.00","32915275.00","16623644.00","7558049.00","24181693.00","2056470.00","--","6951273.00","-1488997.00","-610780.00","-210502.00","6697464.00","--","--","2036118.00","8733582.00","0.00","0.00","2779000.00","33.01"
"115/08/24","114","4","8047","星雲","321941.00","160605.00","482546.00","89807.00","457.00","90264.00","416663.00","--","8839.00","-22121.00","-11099.00","--","392282.00","--","--","--","392282.00","0.00","0.00","0.00","9.41"
"115/08/24","114","4","8048","德勝","1155116.00","291129.00","1446245.00","274462.00","3999.00","278461.00","577058.00","--","39460.00","579781.00","-28515.00","0.00","1167784.00","--","--","--","1167784.00","--","0.00","0.00","20.24"
"115/08/24","114","4","8049","晶采","1312420.00","1406964.00","2719384.00","268500.00","67777.00","336277.00","1182798.00","--","31471.00","780896.00","387942.00","0.00","2383107.00","--","--","0.00","2383107.00","0.00","0.00","0.00","20.15"
"115/08/24","114","4","8050","廣積","4548496.00","7372798.00","11921294.00","2328574.00","1611503.00","3940077.00","2052049.00","--","2704348.00","2342363.00","359267.00","-243522.00","7214505.00","--","--","766712.00","7981217.00","--","26856.00","6000000.00","36.22"
"115/08/24","114","4","8054","安國","3884407.00","3680826.00","7565233.00","2714694.00","364397.00","3079091.00","1057726.00","--","1973595.00","-331421.00","-75276.00","--","2624624.00","--","--","1861518.00","4486142.00","--","0.00","0.00","24.81"
"115/08/24","114","4","8059","凱碩","6482666.00","1444495.00","7927161.00","6434191.00","144675.00","6578866.00","1939818.00","--","154828.00","-917928.00","-60471.00","--","1116247.00","--","--","232048.00","1348295.00","--","132000.00","0.00","5.75"
"115/08/24","114","4","8064","東捷","4175738.00","1433517.00","5609255.00","1699450.00","439776.00","2139226.00","1648178.00","--","467121.00","1023253.00","81893.00","--","3220445.00","--","--","249584.00","3470029.00","--","0.00","0.00","19.54"
"115/08/24","114","4","8066","來思達","999944.00","423413.00","1423357.00","631782.00","268317.00","900099.00","296423.00","--","25732.00","112618.00","5968.00","--","440741.00","--","--","82517.00","523258.00","--","0.00","0.00","14.87"
"115/08/24","114","4","8067","志旭","231613.00","137783.00","369396.00","186617.00","41004.00","227621.00","207000.00","--","10899.00","-77272.00","1148.00","--","141775.00","--","--","0.00","141775.00","--","0.00","0.00","6.85"
"115/08/24","114","4","8068","全達","867670.00","1074623.00","1942293.00","633048.00","110896.00","743944.00","807659.00","--","13307.00","236220.00","72388.00","--","1129574.00","0.00","--","68775.00","1198349.00","0.00","0.00","0.00","13.99"
"115/08/24","114","4","8069","元太","33189321.00","74055846.00","107245167.00","19907402.00","17427288.00","37334690.00","11605445.00","--","11660031.00","29500750.00","15944184.00","--","68710410.00","--","--","1200067.00","69910477.00","--","1487200.00","0.00","59.63"
"115/08/24","114","4","8071","能率網通","1599618.00","897274.00","2496892.00","1195115.00","257821.00","1452936.00","600843.00","--","282085.00","-83174.00","-32332.00","--","767422.00","0.00","--","276534.00","1043956.00","--","0.00","0.00","12.77"
"115/08/24","114","4","8074","鉅橡","1531935.00","1745253.00","3277188.00","791205.00","839295.00","1630500.00","809745.00","--","323615.00","488395.00","-31794.00","0.00","1589961.00","--","--","56727.00","1646688.00","--","0.00","0.00","19.64"
"115/08/24","114","4","8076","伍豐","2390563.00","3928273.00","6318836.00","2195947.00","118420.00","2314367.00","2922136.00","--","782567.00","1100159.00","-863735.00","0.00","3941127.00","--","--","63342.00","4004469.00","--","0.00","0.00","13.49"
"115/08/24","114","4","8077","洛��","496656.00","2224441.00","2721097.00","770798.00","1450487.00","2221285.00","219457.00","--","45507.00","234848.00","0.00","--","--","--","--","--","499812.00","--","0.00","0.00","22.77"
"115/08/24","114","4","8080","泰霖","929756.00","97421.00","1027177.00","456122.00","13685.00","469807.00","671639.00","--","41200.00","-124893.00","-30576.00","--","557370.00","--","--","--","557370.00","--","0.00","0.00","8.30"
"115/08/24","114","4","8083","瑞穎","983853.00","731747.00","1715600.00","488040.00","1525.00","489565.00","351332.00","--","215705.00","658998.00","0.00","--","--","--","--","--","1226035.00","0.00","0.00","0.00","34.90"
"115/08/24","114","4","8084","巨虹","1236979.00","986084.00","2223063.00","321833.00","451691.00","773524.00","695142.00","--","20460.00","-203313.00","358.00","--","512647.00","--","--","936892.00","1449539.00","0.00","0.00","0.00","7.37"
"115/08/24","114","4","8085","福華","1367816.00","1300362.00","2668178.00","233747.00","1169192.00","1402939.00","1399830.00","0.00","48716.00","-153560.00","-29747.00","0.00","1265239.00","0.00","--","0.00","1265239.00","--","0.00","0.00","9.04"
"115/08/24","114","4","8086","宏捷科","5569290.00","4956165.00","10525455.00","1509135.00","783501.00","2292636.00","1965161.00","--","4140631.00","2127027.00","--","--","--","--","--","--","8232819.00","0.00","0.00","0.00","41.89"
"115/08/24","114","4","8087","麗升能源","1332950.00","557320.00","1890270.00","518587.00","608109.00","1126696.00","389854.00","--","348368.00","50921.00","3112.00","-28681.00","763574.00","--","--","0.00","763574.00","--","0.00","800000.00","20.00"
"115/08/24","114","4","8088","品安","951210.00","428264.00","1379474.00","272888.00","1730.00","274618.00","609217.00","--","177777.00","331672.00","-13810.00","0.00","--","--","--","--","1104856.00","0.00","0.00","0.00","18.14"
"115/08/24","114","4","8089","康全電訊","1191465.00","368131.00","1559596.00","256807.00","194803.00","451610.00","659987.00","--","251154.00","137002.00","59843.00","--","1107986.00","--","--","--","1107986.00","--","0.00","0.00","16.79"
"115/08/24","114","4","8091","翔名","2601692.00","2367096.00","4968788.00","1190265.00","149476.00","1339741.00","573013.00","--","1872091.00","1297180.00","-2998.00","-151925.00","3587361.00","--","--","41686.00","3629047.00","--","589000.00","1427000.00","69.09"
"115/08/24","114","4","8092","建暐","482536.00","415767.00","898303.00","293422.00","48931.00","342353.00","571723.00","--","159862.00","-175044.00","-642.00","--","555899.00","--","--","51.00","555950.00","0.00","0.00","0.00","9.72"
"115/08/24","114","4","8093","保銳","205860.00","216438.00","422298.00","154219.00","4183.00","158402.00","365676.00","--","48480.00","-133733.00","-16533.00","--","263890.00","--","--","6.00","263896.00","0.00","0.00","0.00","7.22"
"115/08/24","114","4","8096","擎亞","7896386.00","680944.00","8577330.00","5875967.00","35415.00","5911382.00","1493431.00","--","804932.00","339781.00","27804.00","--","2665948.00","--","--","0.00","2665948.00","0.00","0.00","0.00","17.85"
"115/08/24","114","4","8097","常珵","614552.00","725291.00","1339843.00","70272.00","76413.00","146685.00","638025.00","--","594915.00","45488.00","16311.00","-101581.00","1193158.00","--","--","--","1193158.00","--","0.00","1500000.00","19.15"
"115/08/24","114","4","8099","大世科","3219339.00","442944.00","3662283.00","1798388.00","178501.00","1976889.00","1000728.00","--","80788.00","607933.00","-4055.00","--","1685394.00","--","--","0.00","1685394.00","--","0.00","0.00","16.84"
"115/08/24","114","4","8102","傑霖科技","379978.00","127558.00","507536.00","63123.00","25227.00","88350.00","233584.00","--","107087.00","79024.00","-509.00","--","419186.00","--","--","--","419186.00","0.00","0.00","0.00","17.95"
"115/08/24","114","4","8107","大億金茂","802604.00","2077583.00","2880187.00","368462.00","1027438.00","1395900.00","750000.00","--","70161.00","603800.00","60326.00","--","1484287.00","--","--","0.00","1484287.00","0.00","0.00","0.00","19.79"
"115/08/24","114","4","8109","博大","2499717.00","1451224.00","3950941.00","503709.00","333164.00","836873.00","821612.00","--","375339.00","2036754.00","-119637.00","0.00","3114068.00","--","--","--","3114068.00","--","0.00","0.00","37.90"
"115/08/24","114","4","8111","立��","1497086.00","679207.00","2176293.00","812700.00","22625.00","835325.00","1091022.00","--","6534.00","265252.00","-24509.00","0.00","1338299.00","0.00","--","2669.00","1340968.00","0.00","0.00","0.00","12.27"
"115/08/24","114","4","8121","越峰","2628574.00","3036442.00","5665016.00","957887.00","2025876.00","2983763.00","2129937.00","--","54.00","-86859.00","-79456.00","--","1963676.00","--","--","717577.00","2681253.00","--","0.00","0.00","9.22"
"115/08/24","114","4","8147","正淩","1133065.00","1222232.00","2355297.00","579407.00","287426.00","866833.00","413687.00","--","794975.00","276983.00","-6245.00","0.00","1479400.00","0.00","--","9064.00","1488464.00","0.00","290000.00","0.00","35.76"
"115/08/24","114","4","8155","博智","4317917.00","1651041.00","5968958.00","1965293.00","772504.00","2737797.00","573728.00","--","1195330.00","1432492.00","-136.00","0.00","3201414.00","--","--","29747.00","3231161.00","0.00","0.00","0.00","55.80"
"115/08/24","114","4","8171","天宇","1506328.00","1902852.00","3409180.00","391539.00","670944.00","1062483.00","1128533.00","--","1461058.00","-615640.00","-4509.00","-45833.00","1923609.00","--","--","423088.00","2346697.00","0.00","0.00","1114000.00","17.22"
"115/08/24","114","4","8176","智捷","551051.00","188315.00","739366.00","123892.00","26623.00","150515.00","717010.00","--","422.00","-99000.00","-19779.00","-25106.00","573547.00","--","--","15304.00","588851.00","--","0.00","2384403.00","8.27"
"115/08/24","114","4","8182","加高","3075514.00","2709053.00","5784567.00","1282645.00","866544.00","2149189.00","1070412.00","--","749262.00","1671144.00","134979.00","--","3625797.00","--","--","9581.00","3635378.00","0.00","0.00","0.00","33.87"
"115/08/24","114","4","8183","精星","7086528.00","1784117.00","8870645.00","5021365.00","170738.00","5192103.00","1212511.00","--","231854.00","2285462.00","-17180.00","-34105.00","3678542.00","--","--","--","3678542.00","--","0.00","500000.00","30.46"
"115/08/24","114","4","8227","巨有科技","1617547.00","207030.00","1824577.00","632497.00","53025.00","685522.00","395430.00","--","575066.00","168559.00","--","--","--","--","--","--","1139055.00","--","0.00","0.00","28.81"
"115/08/24","114","4","8234","新漢","3603249.00","2442366.00","6045615.00","2499132.00","417263.00","2916395.00","1412265.00","--","375545.00","1335574.00","-31417.00","--","3091967.00","--","--","37253.00","3129220.00","0.00","0.00","0.00","21.89"
"115/08/24","114","4","8240","華宏","5068354.00","2292943.00","7361297.00","2080905.00","615998.00","2696903.00","1000044.00","--","1994505.00","1805865.00","-245020.00","0.00","4555394.00","--","--","109000.00","4664394.00","--","0.00","0.00","45.55"
"115/08/24","114","4","8255","朋程","4928275.00","10823351.00","15751626.00","4327049.00","1440257.00","5767306.00","1017975.00","--","3426104.00","3167126.00","284732.00","--","7895937.00","--","--","2088383.00","9984320.00","--","0.00","0.00","77.57"
"115/08/24","114","4","8272","全景軟體","845818.00","14155.00","859973.00","241733.00","2362.00","244095.00","189978.00","--","149476.00","276424.00","--","--","--","--","--","--","615878.00","--","0.00","0.00","32.42"
"115/08/24","114","4","8277","商丞","171608.00","310855.00","482463.00","29056.00","1865.00","30921.00","916288.00","--","60654.00","-515861.00","-9539.00","0.00","451542.00","0.00","--","0.00","451542.00","0.00","0.00","0.00","4.93"
"115/08/24","114","4","8279","生展","1141183.00","1906907.00","3048090.00","519576.00","155317.00","674893.00","271009.00","--","618356.00","1480295.00","3537.00","--","2373197.00","--","--","--","2373197.00","0.00","0.00","0.00","87.57"
"115/08/24","114","4","8284","三竹","1563658.00","527099.00","2090757.00","714706.00","7060.00","721766.00","463420.00","--","251670.00","653901.00","--","--","1368991.00","--","--","--","1368991.00","0.00","0.00","0.00","29.54"
"115/08/24","114","4","8289","泰藝","1531361.00","913335.00","2444696.00","551098.00","331093.00","882191.00","683338.00","--","398096.00","546115.00","-65044.00","0.00","1562505.00","--","--","0.00","1562505.00","0.00","0.00","0.00","22.87"
"115/08/24","114","4","8291","尚茂","41472.00","196017.00","237489.00","147797.00","15763.00","163560.00","174784.00","--","118.00","-100973.00","--","--","--","--","--","--","73929.00","--","0.00","0.00","4.23"
"115/08/24","114","4","8299","群聯","68479676.00","17275933.00","85755609.00","25295348.00","352257.00","25647605.00","2179614.00","--","19104335.00","39151389.00","-338217.00","0.00","60097121.00","--","--","10883.00","60108004.00","0.00","9988045.00","0.00","275.72"
"115/08/24","114","4","8342","益張","1019847.00","762326.00","1782173.00","512658.00","171480.00","684138.00","335367.00","--","43601.00","700319.00","-14321.00","--","1064966.00","--","--","33069.00","1098035.00","--","0.00","0.00","31.76"
"115/08/24","114","4","8349","�矬ㄟ篕�","9895081.00","13438979.00","23334060.00","7832287.00","6866511.00","14698798.00","2188214.00","--","3657733.00","1976057.00","-299664.00","--","7522340.00","--","--","1112922.00","8635262.00","--","0.00","0.00","34.38"
"115/08/24","114","4","8354","冠好","2196503.00","1982960.00","4179463.00","1880892.00","218401.00","2099293.00","785323.00","--","58939.00","1205952.00","29956.00","--","2080170.00","--","--","--","2080170.00","0.00","0.00","0.00","26.49"
"115/08/24","114","4","8358","金居","4153003.00","5293126.00","9446129.00","1920707.00","14489.00","1935196.00","2525880.00","--","1571196.00","3134776.00","284393.00","-5312.00","7510933.00","--","--","--","7510933.00","--","0.00","97000.00","29.75"
"115/08/24","114","4","8383","千附","3001859.00","3349669.00","6351528.00","1458988.00","384959.00","1843947.00","1137605.00","--","1233393.00","1422587.00","27816.00","-31717.00","3789684.00","--","--","717897.00","4507581.00","--","0.00","951759.00","33.59"
"115/08/24","114","4","8390","金益鼎","3125297.00","1362708.00","4488005.00","677436.00","68980.00","746416.00","961161.00","--","811176.00","1838096.00","33492.00","--","3643925.00","--","--","97664.00","3741589.00","0.00","0.00","0.00","37.91"
"115/08/24","114","4","8401","白紗科","831972.00","836061.00","1668033.00","333189.00","121593.00","454782.00","706690.00","--","158246.00","348315.00","0.00","--","--","--","--","--","1213251.00","--","0.00","0.00","17.17"
"115/08/24","114","4","8403","盛弘","3132191.00","3483250.00","6615441.00","1563678.00","1219489.00","2783167.00","1376404.00","--","1150776.00","1059888.00","-143307.00","--","3443761.00","--","--","388513.00","3832274.00","0.00","0.00","0.00","25.02"
"115/08/24","114","4","8409","商之器","194347.00","241675.00","436022.00","109263.00","7789.00","117052.00","320000.00","--","72427.00","-63441.00","-10016.00","--","318970.00","--","--","--","318970.00","--","0.00","0.00","9.97"
"115/08/24","114","4","8410","森田","1406324.00","843991.00","2250315.00","224985.00","159396.00","384381.00","365892.00","--","324441.00","1175601.00","0.00","0.00","--","--","--","--","1865934.00","0.00","0.00","0.00","51.00"
"115/08/24","114","4","8415","大國鋼","22193748.00","22247590.00","44441338.00","9679231.00","5339913.00","15019144.00","10315000.00","--","3858578.00","12275606.00","410203.00","-280312.00","26579075.00","--","--","2843119.00","29422194.00","--","0.00","26449000.00","26.45"
"115/08/24","114","4","8416","實威","1073877.00","1045739.00","2119616.00","415560.00","34189.00","449749.00","282107.00","--","132625.00","1247623.00","7512.00","--","1669867.00","--","--","--","1669867.00","0.00","0.00","0.00","59.19"
"115/08/24","114","4","8421","旭源","890804.00","1026952.00","1917756.00","599589.00","555071.00","1154660.00","548171.00","--","89343.00","190967.00","-82710.00","-19455.00","726316.00","--","--","36780.00","763096.00","0.00","0.00","1270000.00","13.56"
"115/08/24","114","4","8423","保綠-KY","342162.00","576601.00","918763.00","203787.00","94998.00","298785.00","417140.00","--","137385.00","113679.00","-48226.00","--","619978.00","--","--","--","619978.00","0.00","0.00","0.00","14.86"
"115/08/24","114","4","8424","惠普","646155.00","747150.00","1393305.00","199401.00","24615.00","224016.00","360544.00","--","61697.00","747048.00","--","--","1169289.00","--","--","--","1169289.00","--","0.00","0.00","32.43"
"115/08/24","114","4","8426","紅木-KY","1510602.00","1032093.00","2542695.00","850209.00","419515.00","1269724.00","502425.00","--","293911.00","704269.00","-227634.00","--","1272971.00","--","--","--","1272971.00","--","0.00","0.00","25.34"
"115/08/24","114","4","8431","匯鑽科","964514.00","1002983.00","1967497.00","512786.00","534986.00","1047772.00","487783.00","--","355320.00","24285.00","-12577.00","-83793.00","771018.00","--","--","148707.00","919725.00","--","0.00","1523000.00","16.32"
"115/08/24","114","4","8432","東生華","1423020.00","528434.00","1951454.00","227091.00","6695.00","233786.00","383981.00","--","459613.00","581200.00","17815.00","--","1442609.00","--","--","275059.00","1717668.00","--","0.00","0.00","37.57"
"115/08/24","114","4","8433","弘帆","2454915.00","2348238.00","4803153.00","2003413.00","405833.00","2409246.00","545062.00","--","320813.00","1511146.00","16886.00","--","2393907.00","--","--","0.00","2393907.00","--","0.00","0.00","43.92"
"115/08/24","114","4","8435","鉅邁","758318.00","191567.00","949885.00","124119.00","31916.00","156035.00","317004.00","--","112496.00","382725.00","-18375.00","--","793850.00","--","--","--","793850.00","0.00","0.00","0.00","25.04"
"115/08/24","114","4","8436","大江","8162046.00","6612485.00","14774531.00","4757509.00","860236.00","5617745.00","1177288.00","--","2485184.00","4696760.00","-135869.00","-438806.00","7784557.00","--","--","1372229.00","9156786.00","0.00","0.00","7546000.00","70.65"
"115/08/24","114","4","8437","大地-KY","1106780.00","1665297.00","2772077.00","414221.00","27131.00","441352.00","470141.00","--","800322.00","1420851.00","-360589.00","0.00","2330725.00","--","--","--","2330725.00","0.00","0.00","0.00","49.58"
"115/08/24","114","4","8440","綠電","330695.00","477489.00","808184.00","96096.00","69458.00","165554.00","502553.00","--","1496.00","138581.00","--","--","642630.00","--","--","--","642630.00","0.00","0.00","0.00","12.79"
"115/08/24","114","4","8444","綠河-KY","547215.00","6929639.00","7476854.00","6979880.00","176296.00","7156176.00","1111669.00","--","1716862.00","-2701251.00","292986.00","-33670.00","386596.00","--","--","-65918.00","320678.00","0.00","0.00","497000.00","3.49"
"115/08/24","114","4","8446","華研","1548303.00","1368443.00","2916746.00","587165.00","98120.00","685285.00","529144.00","--","246100.00","1460334.00","-3836.00","--","2231742.00","--","--","-281.00","2231461.00","0.00","0.00","0.00","42.18"
"115/08/24","114","4","8450","霹靂","471516.00","612295.00","1083811.00","340785.00","328504.00","669289.00","513099.00","--","653301.00","-560070.00","-191797.00","--","414533.00","--","--","-11.00","414522.00","--","0.00","0.00","8.08"
"115/08/24","114","4","8455","大拓-KY","647718.00","667413.00","1315131.00","581030.00","115796.00","696826.00","252191.00","--","24870.00","305171.00","-53531.00","--","528701.00","--","--","89604.00","618305.00","--","0.00","0.00","20.96"
"115/08/24","114","4","8472","納維康","370352.00","679269.00","1049621.00","545257.00","233866.00","779123.00","177358.00","--","116144.00","-23272.00","268.00","--","270498.00","--","--","--","270498.00","--","0.00","0.00","15.25"
"115/08/24","114","4","8477","創業家","210437.00","238042.00","448479.00","93856.00","10985.00","104841.00","641706.00","--","428.00","-298204.00","-292.00","--","343638.00","--","--","0.00","343638.00","--","0.00","0.00","5.36"
"115/08/24","114","4","8489","三貝德","1689825.00","2159561.00","3849386.00","1234574.00","1183194.00","2417768.00","599102.00","--","615391.00","-282192.00","-2433.00","0.00","929868.00","--","--","501750.00","1431618.00","--","0.00","0.00","15.52"
"115/08/24","114","4","8905","裕國","1576258.00","1925631.00","3501889.00","538249.00","226601.00","764850.00","1194400.00","--","203918.00","1327182.00","47964.00","-36820.00","2736644.00","--","--","395.00","2737039.00","0.00","0.00","4123000.00","23.73"
"115/08/24","114","4","8906","花王","254421.00","2735081.00","2989502.00","2243889.00","274145.00","2518034.00","440374.00","--","56698.00","-32634.00","60869.00","-53839.00","--","--","--","--","471468.00","--","0.00","1877203.00","11.18"
"115/08/24","114","4","8908","欣雄","5124775.00","6766823.00","11891598.00","3938289.00","3399611.00","7337900.00","3153327.00","--","3038.00","1344774.00","-10536.00","-36137.00","4454466.00","--","--","99232.00","4553698.00","--","0.00","849000.00","14.16"
"115/08/24","114","4","8916","光隆","4051128.00","5744311.00","9795439.00","3434480.00","963972.00","4398452.00","1506425.00","--","2234409.00","1915202.00","-276914.00","0.00","5379122.00","--","--","17865.00","5396987.00","--","46250.00","0.00","35.74"
"115/08/24","114","4","8917","欣泰","2782336.00","3245509.00","6027845.00","1609780.00","1685648.00","3295428.00","1626524.00","--","--","1081819.00","24074.00","--","--","--","--","--","2732417.00","--","0.00","0.00","16.80"
"115/08/24","114","4","8921","沈氏","407490.00","1411039.00","1818529.00","251105.00","414765.00","665870.00","465922.00","--","252343.00","104033.00","209358.00","--","1031656.00","--","--","121003.00","1152659.00","0.00","0.00","0.00","22.14"
"115/08/24","114","4","8923","時報","572668.00","312910.00","885578.00","372406.00","54496.00","426902.00","303758.00","--","12800.00","151147.00","-9029.00","--","458676.00","--","--","--","458676.00","0.00","0.00","0.00","15.10"
"115/08/24","114","4","8924","大田","4122518.00","1692143.00","5814661.00","1574389.00","69086.00","1643475.00","838000.00","--","101239.00","3098787.00","133160.00","--","4171186.00","--","--","--","4171186.00","--","0.00","0.00","49.78"
"115/08/24","114","4","8927","北基","7990235.00","26615824.00","34606059.00","14017863.00","11927950.00","25945813.00","4277963.00","--","1143604.00","308339.00","-50826.00","0.00","5679080.00","--","--","2981166.00","8660246.00","0.00","0.00","0.00","13.28"
"115/08/24","114","4","8928","鉅明","1940307.00","1693394.00","3633701.00","1907566.00","634961.00","2542527.00","508540.00","--","164.00","603522.00","-21052.00","0.00","1091174.00","0.00","--","0.00","1091174.00","0.00","0.00","0.00","21.46"
"115/08/24","114","4","8929","富堡","901831.00","392028.00","1293859.00","372687.00","116307.00","488994.00","505809.00","--","216198.00","40996.00","29205.00","--","792208.00","--","--","12657.00","804865.00","0.00","0.00","0.00","15.66"
"115/08/24","114","4","8930","青鋼","1033608.00","1022822.00","2056430.00","215074.00","376904.00","591978.00","818094.00","--","132386.00","558661.00","0.00","-44689.00","--","--","--","--","1464452.00","--","0.00","1421000.00","18.22"
"115/08/24","114","4","8931","大汽電","712369.00","4411751.00","5124120.00","1006980.00","2091712.00","3098692.00","1222549.00","--","--","917003.00","-114124.00","--","--","--","--","--","2025428.00","--","0.00","0.00","16.57"
"115/08/24","114","4","8932","智通*","2208292.00","1246039.00","3454331.00","622441.00","394578.00","1017019.00","894908.00","--","609679.00","921386.00","57756.00","-208002.00","2275727.00","--","--","161585.00","2437312.00","--","0.00","3372000.00","6.42"
"115/08/24","114","4","8933","愛地雅","2561068.00","1305640.00","3866708.00","1628204.00","547014.00","2175218.00","3267243.00","--","102317.00","-1644635.00","-33435.00","--","1691490.00","--","--","--","1691490.00","--","0.00","0.00","5.18"
"115/08/24","114","4","8935","邦泰","578361.00","875375.00","1453736.00","373147.00","214789.00","587936.00","1134950.00","--","0.00","-219053.00","-50097.00","--","865800.00","--","--","--","865800.00","--","0.00","0.00","7.63"
"115/08/24","114","4","8936","國統","6258170.00","7811387.00","14069557.00","2948167.00","2569471.00","5517638.00","2480782.00","--","1470181.00","3068449.00","-257687.00","--","6761725.00","--","--","1790194.00","8551919.00","--","0.00","0.00","27.26"
"115/08/24","114","4","8937","合騏*","580182.00","4161208.00","4741390.00","1810293.00","277884.00","2088177.00","1079201.00","--","1693952.00","-26057.00","-29213.00","-90101.00","2627782.00","--","--","25431.00","2653213.00","--","0.00","598000.00","24.49"
"115/08/24","114","4","8938","明安","8682797.00","6116748.00","14799545.00","4802434.00","1996177.00","6798611.00","1569865.00","--","2201860.00","4482742.00","-52613.00","-200920.00","8000934.00","--","--","0.00","8000934.00","0.00","0.00","2629000.00","51.83"
"115/08/24","114","4","8941","關中","1129155.00","695339.00","1824494.00","804803.00","132785.00","937588.00","349721.00","--","58692.00","270938.00","140205.00","--","819556.00","--","--","67350.00","886906.00","--","0.00","0.00","23.43"
"115/08/24","114","4","8942","森鉅","3833951.00","10554538.00","14388489.00","2461877.00","1283862.00","3745739.00","1988423.00","--","2417075.00","5168431.00","26899.00","--","9600828.00","--","--","1041922.00","10642750.00","--","0.00","0.00","48.28"
"115/08/24","114","4","9949","琉園","553746.00","121761.00","675507.00","80725.00","21245.00","101970.00","440334.00","--","0.00","134755.00","-1552.00","--","573537.00","--","--","0.00","573537.00","--","0.00","0.00","13.03"
"115/08/24","114","4","9950","萬國通","1414337.00","2741530.00","4155867.00","931020.00","1758223.00","2689243.00","1677160.00","--","29442.00","-239636.00","-342.00","--","1466624.00","--","--","0.00","1466624.00","--","0.00","0.00","8.74"
"115/08/24","114","4","9951","皇田","4612155.00","1697545.00","6309700.00","2326894.00","162075.00","2488969.00","733000.00","--","0.00","3095769.00","20473.00","-28511.00","3820731.00","--","--","--","3820731.00","0.00","0.00","540000.00","52.51"
"115/08/24","114","4","9960","邁達康","653773.00","389331.00","1043104.00","250099.00","139082.00","389181.00","335925.00","--","35138.00","281341.00","1519.00","--","653923.00","--","--","--","653923.00","--","0.00","0.00","19.47"
"115/08/24","114","4","9962","有益","1165070.00","422195.00","1587265.00","529176.00","7089.00","536265.00","902203.00","--","8385.00","151771.00","-11359.00","--","1051000.00","--","--","0.00","1051000.00","0.00","0.00","0.00","11.65"
