股票代號,股票名稱,收盤價,收盤日,配股方式,近一年股利,近一年股利值利率,115現金股利,114現金股利,113現金股利,112現金股利,111現金股利,110現金股利,109現金股利,108現金股利,107現金股利,115殖利率,114殖利率,113殖利率,112殖利率,111殖利率,110殖利率,109殖利率,108殖利率,107殖利率,115ROE,114ROE,113ROE,112ROE,111ROE,110ROE,109ROE,108ROE,107ROE,115EPS_年度,114EPS_年度,113EPS_年度,112EPS_年度,111EPS_年度,110EPS_年度,109EPS_年度,108EPS_年度,107EPS_年度,近3年平均股息,近5年平均股息,近8年平均股息,近3年平均殖利率,近5年平均殖利率,近8年平均殖利率,近3年平均ROE,近5年平均ROE,近8年平均ROE,近3年平均配息率,近5年平均配息率,近8年平均配息率,115Q1_EPS,114Q4_EPS,114Q3_EPS,114Q2_EPS,114Q1_EPS,113Q4_EPS,113Q3_EPS,113Q2_EPS,115Q1_vs_114Q1_EPS差率,114Q4_vs_113Q4_EPS差率,114Q3_vs_113Q3_EPS差率,114Q2_vs_113Q2_EPS差率,近四季EPS總合,近四季_vs_前年度_EPS差率
1101,台泥,22.7,2026-07-09,年配,0.8,3.52,,0.8,1.0,1.0,0.5,1.0,3.5,2.5,3.3,,3.52,4.41,4.41,2.2,4.41,15.42,11.01,14.54,,,5.56,4.07,1.79,9.54,13.1,12.54,12.94,,,1.45,1.06,0.74,3.3,4.32,4.43,4.37,0.93,0.86,1.7,4.11,3.79,7.49,4.81,5.24,8.51,81.66,65.3,67.73,0.1,,-1.28,0.07,0.07,1.45,0.93,0.51,42.86,,-237.63,-86.27,-1.25,
1101B,台泥乙特,43.8,2026-07-09,年配,2.03,4.63,,2.02625,2.02625,1.76362329,1.75,1.75,1.75,1.75,0.09109589,,4.63,4.63,4.03,4.0,4.0,4.0,4.0,0.21,,,,,,,,,,,,,,,,,,,1.94,1.86,1.61,4.43,4.26,3.69,,,,,,,,,,,,,,,,,,,,
1102,亞泥,35.7,2026-07-09,季配,2.3,6.44,,2.3,2.2,2.1,2.3,3.4,3.55,3.0,2.8,,6.44,6.16,5.88,6.44,9.52,9.94,8.4,7.84,,,6.38,5.89,6.91,10.01,11.07,13.54,9.77,,,3.86,3.28,3.63,4.7,4.7,5.56,3.54,2.2,2.46,2.71,6.16,6.89,7.58,6.14,7.3,9.08,60.5,64.18,66.47,0.56,,2.42,1.28,0.41,3.86,2.72,2.16,36.59,,-11.03,-40.74,2.57,
1103,嘉泥,13.4,2026-07-09,年配,0.55,4.1,,0.55,0.55,0.5,0.3,0.65,1.4,1.0,1.0,,4.1,4.1,3.73,2.24,4.85,10.45,7.46,7.46,,,1.53,0.43,-0.73,2.94,7.55,6.32,3.83,,,0.48,0.12,-0.28,1.02,2.74,2.02,1.09,0.53,0.51,0.74,3.98,3.8,5.55,0.98,1.04,3.12,265.62,121.96,97.17,0.08,,0.73,-0.32,0.13,0.48,0.79,0.05,-38.46,,-7.59,-740.0,0.68,
1104,環泥,27.1,2026-07-09,年配,1.85,6.83,,1.85,1.7,1.8,1.5,1.0,1.1,1.0,1.0,,6.83,6.27,6.64,5.54,3.69,4.06,3.69,3.69,,,6.49,10.62,10.67,5.84,6.83,6.35,6.01,,,2.16,3.13,3.12,1.66,1.91,1.74,1.62,1.78,1.57,1.37,6.58,5.79,5.05,8.56,8.41,7.54,68.1,61.13,60.19,0.41,,1.8,0.98,0.42,2.16,1.61,0.92,-2.38,,11.8,6.52,1.79,
1108,幸福,13.65,2026-07-09,半年配,1.0,7.33,,1.0,0.75,1.0,0.8,0.6,0.7,0.15,,,7.33,5.49,7.33,5.86,4.4,5.13,1.1,,,,9.63,10.57,12.17,5.64,8.74,1.07,-4.66,,,1.22,1.3,1.44,0.65,0.97,0.11,-0.44,0.92,0.83,0.71,6.72,6.08,5.23,10.1,9.5,6.17,69.2,71.57,82.46,0.17,,2.02,1.72,0.32,1.22,0.9,0.63,-46.88,,124.44,173.02,1.87,
1109,信大,14.7,2026-07-09,年配,0.9,6.12,,0.9,0.9,1.2,0.8,1.5,1.5,1.1,0.8,,6.12,6.12,8.16,5.44,10.2,10.2,7.48,5.44,,,5.19,8.22,5.31,12.51,15.95,17.87,17.31,,,1.38,2.01,1.17,2.52,2.94,2.82,2.38,1.0,1.06,1.09,6.8,7.21,7.4,6.7,7.81,11.77,62.46,63.21,53.78,0.01,,0.8,0.49,0.25,1.38,1.08,0.9,-96.0,,-25.93,-45.56,0.56,
1110,東泥,15.6,2026-07-09,年配,0.3,1.92,,0.3,0.3,0.2,0.1,0.2,0.1,0.1,0.1,,1.92,1.92,1.28,0.64,1.28,0.64,0.64,0.64,,,4.06,1.76,1.24,1.55,0.2,0.39,0.77,,,0.61,0.26,0.26,0.25,0.04,0.06,0.12,0.27,0.22,0.18,1.71,1.41,1.12,2.91,2.15,1.42,63.05,61.14,106.37,0.05,,0.29,0.07,0.08,0.61,0.5,0.15,-37.5,,-42.0,-53.33,0.26,
1201,味全,12.45,2026-07-09,年配,0.21,1.69,,0.21,0.5,0.266,0.238,0.501,0.53,1.3339,0.8,,1.69,4.02,2.14,1.91,4.02,4.26,10.71,6.43,,,5.91,3.71,3.38,7.3,7.77,20.55,12.41,,,0.87,0.53,0.47,1.0,1.06,2.67,1.94,0.33,0.34,0.55,2.62,2.76,4.4,4.81,5.08,8.72,53.83,52.1,49.94,0.2,,0.43,0.27,0.22,0.87,0.74,0.46,-9.09,,-41.89,-41.3,0.41,
1203,味王,43.15,2026-07-09,年配,1.0,2.32,,1.0,1.2,1.1,1.1,1.1,1.1,1.0,1.0,,2.32,2.78,2.55,2.55,2.55,2.55,2.32,2.32,,,12.37,9.86,13.87,11.1,11.08,11.86,12.26,,,2.36,1.8,2.63,1.88,1.81,1.92,1.82,1.1,1.1,1.08,2.55,2.55,2.49,11.11,11.8,11.77,55.98,53.08,54.3,0.49,,1.28,0.64,0.58,2.36,1.58,1.14,-15.52,,-18.99,-43.86,1.19,
1210,大成,57.0,2026-07-09,年配,3.0,5.26,,3.0,2.82844991,2.2223535,1.5,1.5,2.7,2.2,1.5,,5.26,4.96,3.9,2.63,2.63,4.74,3.86,2.63,,,13.31,15.82,10.06,8.13,15.6,12.78,10.98,,,4.21,4.81,2.59,2.32,3.99,2.93,2.75,2.68,2.21,2.18,4.71,3.88,3.83,14.57,11.83,12.38,56.69,58.99,61.9,0.94,,2.67,1.74,1.05,4.21,2.94,1.94,-10.48,,-9.18,-10.31,2.56,
1213,大飲,7.53,2026-07-09,年配,0.0,0.0,,,0.35,,,,,,,,,4.65,,,,,,,,,104.1,-46.77,-18.77,-19.31,-4.96,-7.37,-13.76,,,8.71,-2.45,-1.34,-1.67,-0.48,-0.76,-1.58,0.35,0.35,0.35,4.65,4.65,4.65,28.66,4.81,-0.98,4.02,4.02,4.02,-0.37,,-0.65,-0.45,-0.23,8.71,-0.75,-0.43,-60.87,,13.33,-4.65,-0.79,
1215,卜蜂,112.0,2026-07-09,年配,7.0,6.25,,7.0,4.5,5.5,3.5,3.0,4.5,4.0,3.0,,6.25,4.02,4.91,3.12,2.68,4.02,3.57,2.68,,,17.76,22.9,17.15,15.16,18.89,22.96,14.0,,,6.55,7.7,5.28,5.06,6.18,5.46,3.55,5.67,4.7,4.38,5.06,4.2,3.91,20.33,18.24,18.4,70.06,66.43,70.9,1.26,,7.94,4.95,2.38,6.55,4.27,2.53,-47.06,,85.95,95.65,6.82,
1216,統一,78.4,2026-07-09,年配,3.0,3.83,,3.0,3.0,3.0,3.15,2.7,2.7,2.5,2.5,,3.83,3.83,3.83,4.02,3.44,3.44,3.19,3.19,,,15.98,15.64,14.22,15.93,17.37,16.55,14.9,,,3.64,3.23,3.02,3.5,3.79,3.35,3.07,3.0,2.97,2.82,3.83,3.79,3.6,15.81,15.44,15.8,87.65,89.18,83.43,1.15,,2.93,1.88,0.91,3.64,3.09,2.01,26.37,,-5.18,-6.47,3.17,
1217,愛之味,9.99,2026-07-09,年配,0.25,2.5,,0.25,0.37,0.23,0.4,0.3,,,,,2.5,3.7,2.3,4.0,3.0,,,,,,3.82,2.89,3.86,3.05,3.75,1.03,1.01,,,0.58,0.41,0.56,0.41,0.47,0.1,0.1,0.28,0.31,0.31,2.83,3.1,3.1,3.36,3.4,2.77,59.94,66.12,66.12,-0.13,,0.31,-0.05,-0.19,0.58,0.62,0.4,31.58,,-50.0,-112.5,0.37,
1218,泰山,16.85,2026-07-09,季配,1.35,8.01,,1.32,1.35,,0.56985663,1.0,1.4,0.9,0.8,,7.83,8.01,,3.38,5.93,8.31,5.34,4.75,,,5.96,-0.65,60.52,8.44,12.49,8.95,9.09,,,1.53,-0.17,12.17,1.22,1.75,1.2,0.98,1.34,1.06,1.05,7.92,6.29,6.22,2.66,18.57,14.97,88.24,58.3,68.59,0.32,,1.07,0.66,0.37,1.53,1.29,0.74,-13.51,,-17.05,-10.81,1.02,
1219,福壽,12.2,2026-07-09,年配,0.5,4.1,,0.5,0.5,0.5,0.5,1.1,1.0,0.4,0.1,,4.1,4.1,4.1,4.1,9.02,8.2,3.28,0.82,,,2.33,7.32,6.86,6.31,13.45,3.64,-2.46,,,0.53,0.94,1.0,1.0,1.91,0.63,-0.03,0.5,0.62,0.57,4.1,5.08,4.72,4.82,5.7,5.35,73.76,76.88,12.86,0.11,,0.25,0.06,0.1,0.53,0.36,0.32,10.0,,-30.56,-81.25,0.26,
1220,台榮,11.55,2026-07-09,年配,0.2,1.73,,0.2,0.7,0.4,0.2,1.0,1.0,0.6,0.46,,1.73,6.06,3.46,1.73,8.66,8.66,5.19,3.98,,,9.07,6.35,2.85,8.1,7.55,5.72,4.69,,,1.18,0.76,0.26,1.0,1.02,0.71,0.53,0.43,0.5,0.57,3.75,4.33,4.93,7.71,6.59,6.33,55.98,72.22,79.74,-0.17,,0.13,-0.11,-0.1,1.18,1.06,0.72,-70.0,,-87.74,-115.28,0.06,
1225,福懋油,28.1,2026-07-09,年配,1.0,3.56,,1.0,0.14,1.4,1.5,1.6,1.4,1.3,1.15,,3.56,0.5,4.98,5.34,5.69,4.98,4.63,4.09,,,9.91,10.51,8.99,12.8,11.32,10.91,8.3,,,1.5,1.6,1.69,2.07,1.72,1.55,1.17,0.85,1.13,1.19,3.01,4.01,4.22,10.21,10.55,10.39,48.42,65.72,75.21,0.44,,1.12,0.8,0.38,1.5,1.2,0.9,15.79,,-6.67,-11.11,1.18,
1227,佳格,29.75,2026-07-09,年配,1.34,4.5,,1.34,1.4,1.25,1.29,1.9,2.5,2.65,2.5,,4.5,4.71,4.2,4.34,6.39,8.4,8.91,8.4,,,9.9,7.14,6.85,13.71,18.62,20.94,19.11,,,1.91,1.35,1.34,2.7,3.54,3.76,3.25,1.33,1.44,1.85,4.47,4.83,6.23,8.52,9.4,13.75,82.94,83.13,78.65,0.52,,0.94,0.52,0.39,1.91,1.39,0.85,33.33,,-32.37,-38.82,1.07,
1229,聯華,40.1,2026-07-09,季配,1.8,4.49,,1.8,1.3,1.3,1.3,1.8,1.7,1.6,1.6,,4.49,3.24,3.24,3.24,4.49,4.24,3.99,3.99,,,6.99,8.04,8.81,9.41,8.53,10.11,9.91,,,2.46,2.64,2.63,2.92,2.43,2.51,2.35,1.47,1.5,1.55,3.66,3.74,3.86,7.52,8.31,8.83,51.04,53.29,59.28,0.55,,2.0,1.29,0.55,2.46,1.88,1.44,0.0,,6.38,-10.42,2.0,
1231,聯華食,86.4,2026-07-09,年配,1.5,1.74,,1.5,1.6,1.6,1.6,1.5,1.6,1.6,1.8,,1.74,1.85,1.85,1.85,1.74,1.85,1.85,2.08,,,18.57,17.71,17.89,18.85,17.76,14.8,16.5,,,4.22,3.93,3.89,4.03,3.74,3.0,3.26,1.57,1.56,1.6,1.81,1.81,1.85,18.14,18.26,17.44,39.31,39.24,44.04,1.0,,2.24,1.3,0.46,4.22,2.71,2.05,117.39,,-17.34,-36.59,2.78,
1232,大統益,145.5,2026-07-09,年配,7.2,4.95,,7.2,7.0,6.6,6.0,6.0,6.0,5.0,5.0,,4.95,4.81,4.54,4.12,4.12,4.12,3.44,3.44,,,24.06,23.17,24.79,26.54,30.15,24.75,23.85,,,8.24,7.53,7.66,7.76,8.08,6.09,5.67,6.93,6.56,6.1,4.77,4.51,4.19,23.62,24.64,25.33,86.3,82.06,81.83,2.33,,5.84,3.93,1.93,8.24,6.02,4.42,20.73,,-2.99,-11.09,6.24,
1233,天仁,27.9,2026-07-09,年配,0.2,0.72,,0.2,0.95,0.9,0.85,0.7999999999999999,0.8,1.6,1.9,,0.72,3.41,3.23,3.05,2.87,2.87,5.73,6.81,,,5.93,6.44,3.5,2.93,3.68,9.73,11.24,,,0.97,1.06,0.57,0.48,0.63,1.73,1.93,0.68,0.74,1.0,2.45,2.66,3.59,6.18,4.7,6.21,91.42,124.66,116.65,0.34,,0.55,0.41,0.27,0.97,0.72,0.6,25.93,,-23.61,-31.67,0.62,
1234,黑松,33.2,2026-07-09,年配,1.65,4.97,,1.65,1.9,1.9,1.8,1.7,1.8,1.7,1.6,,4.97,5.72,5.72,5.42,5.12,5.42,5.12,4.82,,,5.06,5.13,4.86,4.4,4.95,4.77,3.96,,,2.36,2.36,2.21,1.98,2.22,2.11,1.73,1.82,1.79,1.76,5.47,5.39,5.29,5.1,4.86,4.73,80.51,82.08,83.21,0.29,,1.57,0.96,0.61,2.36,1.97,1.06,-52.46,,-20.3,-9.43,1.25,
1235,興泰,36.0,2026-07-09,年配,0.5,1.39,,0.5,0.5,0.5,1.0,1.0,1.5,0.55,,,1.39,1.39,1.39,2.78,2.78,4.17,1.53,,,,-5.79,4.71,7.37,2.48,2.35,1.22,2.29,,,0.08,1.1,1.31,0.81,0.65,0.49,1.25,0.5,0.7,0.79,1.39,1.95,2.2,-0.54,2.19,2.09,335.22,217.56,202.21,-0.54,,0.59,0.71,0.12,0.08,1.66,1.01,-550.0,,-64.46,-29.7,-0.07,
1236,宏亞,24.55,2026-07-09,年配,1.65,6.72,,1.65,0.6,0.65,1.0,0.5,0.2,0.3,0.4,,6.72,2.44,2.65,4.07,2.04,0.81,1.22,1.63,,,-0.97,0.59,16.76,-1.46,0.01,0.9,0.74,,,-0.28,0.16,3.91,-0.25,0.0,0.15,0.12,0.97,0.88,0.66,3.94,3.58,2.7,-0.19,3.73,2.37,95.98,4.39,91.81,0.23,,-0.23,-0.52,0.06,-0.28,-0.21,-0.21,283.33,,-9.52,-147.62,-0.06,
1256,鮮活果汁-KY,197.5,2026-07-09,年配,6.6,3.34,,6.6,4.7,6.6,6.5,13.0,12.0,6.2,6.2,,3.34,2.38,3.34,3.29,6.58,6.08,3.14,3.14,,,7.71,11.45,11.44,21.08,32.85,28.54,26.73,,,8.56,12.41,11.92,20.94,22.99,16.2,14.35,5.97,7.48,7.72,3.02,3.79,3.91,9.58,12.92,19.97,54.04,56.18,51.2,3.24,,9.32,4.33,0.72,8.56,8.21,4.06,350.0,,13.52,6.65,11.84,
1301,台塑,54.8,2026-07-09,年配,0.5,0.91,,0.5,0.5,1.0,4.2,8.2,2.4,4.4,5.8,,0.91,0.91,1.82,7.66,14.96,4.38,8.03,10.58,,,-0.39,2.08,9.5,19.4,5.88,10.59,14.15,,,-0.19,1.15,5.68,11.21,3.15,5.86,7.78,0.67,2.88,3.37,1.21,5.25,6.16,0.84,7.65,8.74,-88.1,-7.28,28.1,0.51,,-1.13,-1.03,0.01,-0.19,-0.24,0.25,5000.0,,-370.83,-512.0,-0.63,
1303,南亞,181.5,2026-07-09,年配,0.8,0.44,,0.8,0.7,0.7,3.0,7.5,2.4,2.2,5.0,,0.44,0.39,0.39,1.65,4.13,1.32,1.21,2.75,,,0.89,2.1,9.35,21.6,7.55,6.25,13.97,,,0.42,0.8,4.05,10.25,3.24,2.91,6.65,0.73,2.54,2.79,0.41,1.4,1.54,1.5,8.48,8.82,127.08,100.35,89.47,1.8,,-0.05,-0.46,0.06,0.42,0.38,0.38,2900.0,,-113.16,-221.05,1.69,
1304,台聚,13.4,2026-07-09,年配,0.15,1.12,,0.15,0.2,0.35,0.7,2.2,1.0,0.5,0.3,,1.12,1.49,2.61,5.22,16.42,7.46,3.73,2.24,,,-10.87,-3.87,-0.11,19.32,12.93,6.73,5.26,,,-2.0,-0.19,1.45,4.84,2.25,1.19,0.5,0.23,0.72,0.68,1.74,5.37,5.04,-7.37,1.12,4.2,-97.1,-25.12,6.57,-0.41,,-1.85,-1.4,-0.59,-2.0,-1.22,-0.6,30.51,,-51.64,-133.33,-1.67,
1305,華夏,12.8,2026-07-09,年配,0.1,0.78,,0.1,0.15,0.35,0.3,2.5,1.8,0.5,1.5,,0.78,1.17,2.73,2.34,19.53,14.06,3.91,11.72,,,-7.69,3.88,-3.09,23.77,18.84,7.97,15.94,,,-1.22,0.59,-0.64,4.25,2.95,1.22,2.52,0.2,0.68,0.9,1.56,5.31,7.03,-1.91,4.22,8.52,23.51,14.74,31.5,-0.21,,-1.34,-1.16,-0.46,-1.22,-0.6,0.11,54.35,,-123.33,-1154.55,-1.09,
1307,三芳,32.15,2026-07-09,年配,2.2,6.84,,2.2,2.7,1.5,0.8,0.5,0.5,0.8,0.5,,6.84,8.4,4.67,2.49,1.56,1.56,2.49,1.56,,,15.38,8.73,5.83,1.49,2.7,5.22,3.65,,,3.72,1.91,1.18,0.29,0.55,1.08,0.76,2.13,1.54,1.19,6.64,4.79,3.7,12.06,7.86,6.14,75.56,97.83,88.87,0.97,,2.01,0.96,1.08,3.72,2.76,1.79,-10.19,,-27.17,-46.37,1.9,
1308,亞聚,14.65,2026-07-09,年配,0.2,1.37,,0.2,0.25,0.45,1.2,3.0,1.2,0.6,0.3,,1.37,1.71,3.07,8.19,20.48,8.19,4.1,2.05,,,-6.05,0.84,9.75,22.5,9.88,8.28,2.95,,,-1.26,0.2,2.44,5.22,1.9,1.48,0.52,0.3,1.02,0.9,2.05,6.96,6.14,-2.6,6.76,6.88,102.58,77.95,67.6,-0.2,,-1.16,-0.9,-0.4,-1.26,-0.8,-0.44,50.0,,-45.0,-104.55,-0.96,
1309,台達化,14.55,2026-07-09,年配,0.15,1.03,,0.15,0.2,0.3,0.5,2.0,2.0,0.3,0.2,,1.03,1.37,2.06,3.44,13.75,13.75,2.06,1.37,,,-3.45,-3.95,5.54,26.39,36.03,9.6,5.27,,,-0.56,-0.69,1.04,4.89,5.58,1.19,0.63,0.22,0.63,0.71,1.49,4.33,4.85,-3.7,6.13,10.78,-39.6,2.45,14.66,-0.53,,-0.93,-0.75,-0.14,-0.56,-0.6,-0.35,-278.57,,-55.0,-114.29,-1.32,
1310,台苯,10.35,2026-07-09,年配,0.0,0.0,,,,,0.2,0.15,0.5,1.0,2.0,,,,,1.93,1.45,4.83,9.66,19.32,,,-5.22,-6.63,-4.71,1.42,3.94,11.8,15.52,,,-0.72,-0.88,-0.71,0.2,0.55,1.67,2.3,,0.18,0.77,,1.69,7.44,-5.92,-3.78,2.3,,23.42,56.92,-0.94,,-0.94,-0.7,-0.34,-0.72,-0.39,-0.05,-176.47,,-141.03,-1300.0,-1.54,
1312,國喬,13.5,2026-07-09,年配,0.0,0.0,,,,,0.5,2.0,0.1,,,,,,,3.7,14.81,0.74,,,,,-4.66,-4.01,-1.21,17.28,14.81,8.23,12.83,,,-1.42,-1.59,-0.56,6.47,4.52,2.27,3.26,,1.25,0.87,,9.26,6.42,-4.34,1.85,6.18,,-29.19,-18.72,-1.17,,-2.86,-1.53,-0.61,-1.42,-0.96,-0.67,-91.8,,-197.92,-128.36,-3.42,
1312A,國喬特,0.0,2026-07-09,年配,0.0,,,,,,1.1,2.6,0.7,0.6,0.6,,,,,,,,,,,,,,,,,,,,,,,,,,,,,1.85,1.12,,,,,,,,,,,,,,,,,,,,,,,
1313,聯成,12.5,2026-07-09,年配,0.1,0.8,,0.1,0.15,0.2,0.2,1.0,1.0,0.2,0.2,,0.8,1.2,1.6,1.6,8.0,8.0,1.6,1.6,,,-8.01,-1.01,-4.41,7.83,9.38,-0.7,3.67,,,-1.79,-0.21,-0.94,1.66,1.62,-0.11,0.59,0.15,0.33,0.38,1.2,2.64,3.05,-4.51,-1.4,0.96,-51.81,-16.16,-21.55,0.08,,-0.56,-0.31,-0.2,-1.79,-1.57,-1.02,140.0,,64.33,69.61,-0.28,
1314,中石化,8.9,2026-07-09,年配,0.0,0.0,,,,,,0.4,,0.3,0.5,,,,,,4.49,,3.37,5.62,,,0.28,-1.37,0.26,4.75,0.98,2.58,6.6,,,0.07,-0.28,0.06,1.09,0.21,0.61,1.59,,0.4,0.4,,4.49,4.49,-0.55,0.98,2.01,,36.7,39.11,-0.07,,-0.75,-0.51,-0.08,0.07,-0.03,0.12,12.5,,-2400.0,-525.0,-0.74,
1315,達新,63.6,2026-07-09,半年配,4.5,7.08,,4.5,5.0,5.0,6.0,4.5,8.0,3.65,1.2,,7.08,7.86,7.86,9.43,7.08,12.58,5.74,1.89,,,2.09,3.3,6.4,0.05,52.73,8.66,3.05,,,2.15,3.66,7.41,0.04,31.97,3.65,1.2,4.83,5.0,4.73,7.6,7.86,7.44,2.7,2.96,10.9,184.58,2925.04,1703.59,0.15,,0.99,-0.44,0.16,2.15,1.5,1.04,-6.25,,-34.0,-142.31,0.98,
1316,上曜,10.35,2026-07-09,半年配,0.0,0.0,,,,,0.7,,,,1.14,,,,,6.76,,,,11.01,,,-2.05,-2.68,1.05,-0.71,2.55,-2.73,8.17,,,-0.79,-0.68,0.7,-0.5,0.2,-0.96,1.39,,0.7,0.92,,6.76,8.88,-2.37,-1.1,0.51,,100.0,91.0,-0.19,,-0.74,-0.61,-0.34,-0.79,-0.32,-0.21,44.12,,-131.25,-190.48,-0.59,
1319,東陽,75.8,2026-07-09,年配,5.0,6.6,,5.0,5.3,4.0,2.5,0.85,0.8,1.8,1.7,,6.6,6.99,5.28,3.3,1.12,1.06,2.37,2.24,,,16.48,12.15,8.75,2.86,3.29,8.32,8.94,,,7.4,5.1,3.64,1.16,1.39,3.36,3.26,4.77,3.53,2.74,6.29,4.66,3.62,14.32,10.06,8.68,75.03,73.0,65.04,1.62,,4.36,3.25,2.48,7.4,5.23,3.74,-34.68,,-16.63,-13.1,3.5,
1321,大洋,31.45,2026-07-09,年配,0.0,0.0,,,0.38,0.4,,0.7,1.0,,,,,1.21,1.27,,2.23,3.18,,,,,2.72,3.19,-0.68,4.83,11.99,2.19,-1.42,,,0.76,0.88,-0.19,1.45,3.24,0.53,-0.33,0.39,0.49,0.62,1.24,1.57,1.97,2.96,2.52,3.26,47.72,47.91,43.65,0.16,,-0.74,-0.6,-0.21,0.76,0.74,0.85,176.19,,-200.0,-170.59,-0.37,
1323,永裕,20.4,2026-07-09,年配,0.9,4.41,,0.9,0.8999999999999999,1.0,1.1,1.6,1.6,1.6,1.8,,4.41,4.41,4.9,5.39,7.84,7.84,7.84,8.82,,,9.91,6.17,10.33,12.97,14.27,15.19,16.53,,,2.58,0.92,2.05,3.04,3.2,3.18,3.32,0.93,1.1,1.31,4.57,5.39,6.43,8.04,9.84,12.2,71.79,62.47,57.77,0.36,,0.06,0.0,0.05,2.58,2.53,0.55,620.0,,-97.63,-100.0,0.37,
1324,地球,10.45,2026-07-09,年配,0.0,0.0,,,0.2,0.2,0.2,0.2,0.3,0.3,0.3,,,1.91,1.91,1.91,1.91,2.87,2.87,2.87,,,0.7,4.1,0.5,0.07,1.68,0.32,0.12,,,0.09,0.53,0.06,0.01,0.22,0.04,0.02,0.2,0.2,0.24,1.91,1.91,2.32,2.4,1.34,1.07,129.98,648.32,711.38,-0.06,,-0.66,-0.53,-0.08,0.09,-0.01,0.02,25.0,,-6500.0,-2750.0,-0.64,
1325,恆大,24.45,2026-07-09,年配,0.0,0.0,,,0.3,0.6,0.5,2.0,12.0,0.3,0.5,,,1.23,2.45,2.04,8.18,49.08,1.23,2.04,,,-2.38,0.44,0.46,8.07,72.03,1.95,3.37,,,-0.6,0.21,0.19,3.26,23.16,0.43,0.7,0.45,0.85,2.31,1.84,3.48,9.46,-0.97,1.65,11.99,117.85,140.06,107.6,-0.08,,-0.65,-0.6,-0.02,-0.6,-0.13,0.09,-300.0,,-400.0,-766.67,-0.71,
1326,台化,60.0,2026-07-09,年配,0.6,1.0,,0.6,0.5,1.25,0.95,4.8,2.5,3.8,6.2,,1.0,0.83,2.08,1.58,8.0,4.17,6.33,10.33,,,0.33,2.04,2.25,10.18,5.36,8.18,13.02,,,0.06,1.46,1.26,6.56,3.34,4.89,8.36,0.78,1.62,2.58,1.3,2.7,4.29,1.18,3.7,5.91,459.48,266.88,184.89,1.07,,-0.94,-1.24,-0.08,0.06,0.25,0.58,1437.5,,-476.0,-313.79,0.21,
1337,再生-KY,5.13,2026-07-09,年配,0.0,0.0,,,,,,,,,,,,,,,,,,,,,-9.71,-8.86,-9.36,-8.31,-20.53,-8.64,-21.22,,,-1.54,-1.53,-1.77,-1.71,-4.88,-2.39,-7.02,,,,,,,-9.28,-9.06,-12.38,,,,-0.43,,-1.24,-0.8,-0.41,-1.54,-1.05,-0.7,-4.88,,-18.1,-14.29,-1.26,
1338,廣華-KY,16.9,2026-07-09,年配,0.3,1.78,,0.3,0.75,0.5,2.0,2.5,3.5,3.5,3.5,,1.78,4.44,2.96,11.83,14.79,20.71,20.71,20.71,,,-0.72,-2.59,1.96,5.33,4.35,5.83,7.26,,,-1.14,-1.96,1.63,4.04,3.51,4.78,6.51,0.52,1.21,2.07,3.06,7.16,12.24,-1.65,1.0,3.06,-45.65,23.32,45.71,-1.15,,-2.0,-2.13,-0.13,-1.14,-0.55,-0.2,-784.62,,-263.64,-965.0,-3.02,
1339,昭輝,44.8,2026-07-09,年配,2.5,5.58,,2.5,3.0,3.0,3.0,2.0,2.0,2.0,2.0,,5.58,6.7,6.7,6.7,4.46,4.46,4.46,4.46,,,8.62,11.01,10.89,3.58,3.33,10.59,8.37,,,5.01,5.88,5.51,1.83,1.59,5.08,4.15,2.83,2.7,2.44,6.33,6.03,5.44,9.82,8.52,8.06,55.45,68.66,69.71,2.78,,1.12,0.21,0.97,5.01,4.07,3.02,186.6,,-72.48,-93.05,2.93,
1340,勝悅-KY,5.5,2026-07-09,年配,0.0,0.0,,,,,,,,,0.2,,,,,,,,,3.64,,,-24.02,-20.59,-8.92,-9.84,-6.91,-7.07,2.05,,,-5.28,-5.64,-2.81,-3.35,-2.55,-2.87,0.97,,,0.2,,,3.64,-22.3,-15.84,-10.76,,,20.62,-0.3,,-0.95,-0.69,-0.27,-5.28,-2.32,-1.43,-11.11,,59.05,51.75,-0.98,
1341,富林-KY,58.2,2026-07-09,季配,4.0,6.87,,4.0,5.2,4.40023123,6.1185224,6.0,6.0,3.0,1.0,,6.87,8.93,7.56,10.51,10.31,10.31,5.15,1.72,,,20.54,18.33,24.2,23.92,25.48,24.02,18.34,,,5.38,4.48,5.95,5.99,6.29,5.69,3.68,4.53,5.14,4.46,7.79,8.84,7.67,19.43,21.75,22.12,97.44,99.47,81.88,1.62,,2.32,1.53,1.25,5.38,3.69,2.66,29.6,,-37.13,-42.48,2.69,
1342,八貫,110.5,2026-07-09,年配,6.0,5.43,,6.0,4.79290281,5.0,5.368536,3.0,2.5,2.5,1.1814,,5.43,4.34,4.52,4.86,2.71,2.26,2.26,1.07,,,21.1,24.93,28.05,17.66,16.38,21.19,20.83,,,6.27,7.52,7.34,3.92,3.15,3.08,3.79,5.26,4.83,3.79,4.76,4.37,3.43,23.02,22.94,21.45,71.46,73.15,69.19,2.08,,4.02,2.67,1.79,6.27,4.82,3.36,16.2,,-16.6,-20.54,4.31,
1402,遠東新,27.45,2026-07-09,年配,1.25,4.55,,1.25,1.6,1.35,1.35,1.5,1.35,1.5,1.8,,4.55,5.83,4.92,4.92,5.46,4.92,5.46,6.56,,,6.03,5.27,4.93,5.51,4.8,6.1,7.03,,,2.0,1.64,1.63,1.94,1.62,2.15,2.41,1.4,1.41,1.46,5.1,5.14,5.33,5.65,5.44,5.67,81.16,80.61,78.61,0.61,,1.08,0.66,0.46,2.0,1.4,1.0,32.61,,-22.86,-34.0,1.23,
1409,新纖,26.55,2026-07-09,年配,0.9,3.39,,0.9,0.6,0.55,1.0,1.4,1.1,0.55,0.85,,3.39,2.26,2.07,3.77,5.27,4.14,2.07,3.2,,,5.02,2.52,7.84,10.86,9.06,5.99,7.91,,,1.06,0.47,1.75,2.41,1.79,1.11,1.52,0.68,0.89,0.87,2.57,3.35,3.27,3.77,6.56,7.03,86.81,72.21,65.11,0.39,,0.97,0.18,0.25,1.06,0.83,0.49,56.0,,16.87,-63.27,1.11,
1410,南染,26.25,2026-07-09,年配,0.2,0.76,,0.2,0.5,0.3,0.8,1.3,0.9,1.0,1.3,,0.76,1.9,1.14,3.05,4.95,3.43,3.81,4.95,,,3.27,1.16,4.8,7.54,5.49,5.53,8.85,,,0.57,0.24,0.9,1.29,0.95,0.94,1.44,0.33,0.62,0.79,1.27,2.36,3.0,2.22,4.19,5.23,106.36,100.6,99.11,0.03,,0.41,-0.02,0.08,0.57,0.42,0.33,-62.5,,-2.38,-106.06,0.36,
1413,宏洲,9.39,2026-07-09,年配,0.0,0.0,,,,,,,,,,,,,,,,,,,,,-2.1,-11.43,8.34,9.72,-14.47,5.87,23.89,,,-0.17,-1.01,0.75,0.8,-1.23,0.52,1.83,,,,,,,-6.76,1.13,2.83,,,,-0.13,,0.43,0.32,-0.1,-0.17,-0.19,-0.22,-30.0,,326.32,245.45,0.4,
1414,東和,19.4,2026-07-09,年配,0.2,1.03,,0.2,0.23,0.25,0.32,0.538,0.246,0.2,0.2,,1.03,1.19,1.29,1.65,2.77,1.27,1.03,1.03,,,1.8,1.05,3.3,4.5,1.88,1.18,1.24,,,0.26,0.15,0.47,0.65,0.27,0.17,0.17,0.23,0.31,0.27,1.17,1.59,1.41,1.42,2.66,2.14,127.56,101.5,104.63,0.06,,0.12,0.02,-0.02,0.26,0.26,0.16,400.0,,-53.85,-87.5,0.2,
1416,廣豐,11.05,2026-07-09,年配,0.57,5.16,,0.57,0.56,0.5,0.5,0.5,0.5,,1.2,,5.16,5.07,4.52,4.52,4.52,4.52,,10.86,,,4.26,3.04,2.69,2.29,-9.13,-3.28,5.9,,,0.79,0.51,0.51,0.44,-1.85,-0.72,1.35,0.54,0.53,0.62,4.92,4.76,5.6,3.65,3.07,0.82,84.46,95.15,73.74,0.18,,0.65,0.25,0.12,0.79,0.66,0.43,50.0,,-1.52,-41.86,0.71,
1417,嘉裕,8.84,2026-07-09,年配,0.25,2.83,,0.25,,0.2,0.37,0.35,0.3,0.5,,,2.83,,2.26,4.19,3.96,3.39,5.66,,,,-6.3,-2.62,3.95,3.73,-12.4,9.74,-6.77,,,-0.81,-0.37,0.56,0.51,-1.86,1.18,-0.61,0.22,0.29,0.33,2.54,3.31,3.72,-4.46,-0.31,-1.52,-54.05,26.88,21.38,-0.22,,0.18,0.01,-0.06,-0.81,-0.34,-0.18,-266.67,,152.94,105.56,0.02,
1418,東華,19.2,2026-07-09,年配,0.0,0.0,,,,,,,,,,,,,,,,,,,,,2.0,3.2,1.79,-20.87,-43.78,-28.84,-46.51,,,0.47,0.74,0.4,-3.1,-4.2,-3.94,-4.01,,,,,,,2.6,-3.47,-19.0,,,,-0.75,,-2.24,-1.52,-0.69,0.47,-1.57,-1.1,-8.7,,-42.68,-38.18,-2.3,
1419,新紡,66.7,2026-07-09,年配,1.8,2.7,,1.8,1.5,1.2,1.5,1.0,1.0,1.0,0.84752263,,2.7,2.25,1.8,2.25,1.5,1.5,1.5,1.27,,,6.07,5.21,19.04,4.72,4.09,4.42,3.16,,,2.9,2.17,6.92,1.51,1.22,1.29,0.94,1.5,1.4,1.23,2.25,2.1,1.85,5.64,8.76,6.67,53.51,48.73,63.51,9.37,,3.37,1.42,0.33,2.9,1.81,1.01,2739.39,,86.19,40.59,12.41,
1423,利華,36.9,2026-07-09,年配,3.6,9.76,,3.6,0.8,0.6,0.2,0.75,1.8,,,,9.76,2.17,1.63,0.54,2.03,4.88,,,,,2.65,2.39,2.38,5.03,13.21,-1.52,4.1,,,0.81,0.57,0.53,1.11,2.56,-0.26,0.64,1.67,1.19,1.29,4.52,3.23,3.5,2.52,3.11,4.03,102.02,77.34,75.93,0.15,,4.06,1.36,0.74,0.81,0.6,0.28,-79.73,,576.67,385.71,3.47,
1432,大魯閣,15.2,2026-07-09,年配,2.0,13.16,,2.0,,,,,,,,,13.16,,,,,,,,,,-6.11,7.24,-4.93,-19.93,1.66,-43.64,-11.42,,,-0.47,0.67,-0.35,-2.05,0.0,-3.04,-1.1,2.0,2.0,2.0,13.16,13.16,13.16,0.56,-5.93,-11.02,,,,-0.54,,-0.36,-0.18,0.05,-0.47,-0.19,-0.12,-1180.0,,-89.47,-50.0,-0.95,
1434,福懋,17.7,2026-07-09,年配,0.5,2.82,,0.5,0.8,0.5,1.5,1.0,1.0,2.5,2.1,,2.82,4.52,2.82,8.47,5.65,5.65,14.12,11.86,,,3.27,0.81,5.77,3.46,3.33,8.38,7.18,,,0.89,0.26,2.02,1.27,1.25,3.08,2.82,0.6,0.86,1.24,3.39,4.86,6.99,2.04,3.33,4.6,141.1,108.8,95.83,0.2,,0.29,0.09,0.11,0.89,0.82,0.25,81.82,,-64.63,-64.0,0.38,
1435,中福,29.2,2026-07-09,年配,0.0,0.0,,,,,,,,,,,,,,,,,,,,,-2.96,-3.54,-20.34,0.65,-2.47,2.31,-1.35,,,-0.27,-0.3,-1.65,0.05,-0.17,0.16,-0.1,,,,,,,-3.25,-6.55,-3.96,,,,-0.08,,-0.26,-0.19,-0.11,-0.27,-0.17,-0.08,27.27,,-52.94,-137.5,-0.23,
1436,華友聯,44.9,2026-07-09,年配,5.05,11.25,,5.0475969,10.12236018,6.01758543,5.15629982,4.162,2.0,2.5,2.0,,11.24,22.54,13.4,11.48,9.27,4.45,5.57,4.45,,,45.36,26.06,20.02,16.98,6.65,8.83,14.1,,,19.93,9.69,6.54,5.08,1.88,2.45,4.48,7.06,6.1,4.63,15.73,13.59,10.3,35.71,27.1,19.71,56.44,68.42,75.25,-0.31,,6.01,2.65,0.6,19.93,18.35,5.48,-151.67,,-67.25,-51.64,5.1,
1437,勤益控,30.8,2026-07-09,季配,0.96,3.12,,0.96,1.35,1.13,0.8,0.9,0.7,1.1,0.5,,3.12,4.38,3.67,2.6,2.92,2.27,3.57,1.62,,,8.29,7.79,5.85,6.95,5.53,14.59,4.46,,,3.25,2.82,2.0,2.25,1.76,4.33,1.23,1.15,1.03,0.93,3.72,3.34,3.02,8.04,7.22,7.64,40.8,40.4,38.2,0.68,,1.6,0.16,0.34,3.25,2.75,1.87,100.0,,-41.82,-91.44,1.94,
1438,三地開發,21.95,2026-07-09,年配,0.2,0.91,,0.2,,,1.0,,,,,,0.91,,,4.56,,,,,,,-5.86,-3.36,23.91,3.6,8.55,-2.02,-2.24,,,-1.54,-0.71,5.17,0.57,0.45,-0.1,-0.12,0.2,0.6,0.6,0.91,2.74,2.74,-4.61,4.57,3.23,,19.34,19.34,0.65,,-0.9,-0.63,-0.37,-1.54,-1.01,-0.5,275.68,,10.89,-26.0,0.12,
1439,雋揚,23.5,2026-07-09,年配,0.5,2.13,,0.5,0.3,0.3,0.3,0.2,,5.0,,,2.13,1.28,1.28,1.28,0.85,,21.28,,,,5.16,6.58,5.65,5.7,-9.66,41.34,-3.67,,,1.74,2.0,1.14,1.39,-2.65,10.46,-0.75,0.37,0.32,1.1,1.56,1.36,4.68,5.87,5.77,7.3,16.12,18.24,24.15,0.59,,2.09,1.22,0.73,1.74,1.05,0.67,-19.18,,99.05,82.09,1.95,
1440,南紡,13.35,2026-07-09,年配,0.3,2.25,,0.3,0.3,0.35,0.35,0.8,0.35,0.2,0.4,,2.25,2.25,2.62,2.62,5.99,2.62,1.5,3.0,,,-1.74,7.59,4.27,11.15,3.89,0.47,4.23,,,-0.34,1.27,0.7,1.77,0.57,0.06,0.65,0.32,0.42,0.38,2.37,3.15,2.86,2.92,5.32,4.27,-30.34,8.63,70.11,-0.05,,-0.04,-0.04,-0.05,-0.34,-0.13,-0.1,0.0,,69.23,60.0,-0.04,
1441,大東,9.36,2026-07-09,年配,0.0,0.0,,,,,,,,,0.4,,,,,,,,,4.27,,,22.03,-64.17,-42.31,-18.19,-26.28,-24.75,91.6,,,1.63,-4.76,-2.52,-0.75,-2.46,-3.06,11.66,,,0.4,,,4.27,-21.07,-25.66,-8.87,,,3.43,-0.62,,-0.26,0.09,0.56,1.63,2.54,2.45,-210.71,,-110.24,-96.33,-1.44,
1442,名軒,28.45,2026-07-09,年配,2.4,8.44,,2.4,4.5,3.5,1.6,1.2,0.5,1.0,1.0,,8.44,15.82,12.3,5.62,4.22,1.76,3.51,3.51,,,33.4,26.04,10.84,9.07,1.45,1.95,2.22,,,7.17,4.71,1.76,1.41,0.25,0.33,0.4,3.47,2.64,1.96,12.19,9.28,6.9,29.72,19.84,12.14,68.54,78.27,152.3,0.23,,2.49,2.04,1.3,7.17,5.87,3.81,-82.31,,-57.58,-46.46,1.42,
1443,立益物流,26.1,2026-07-09,年配,0.0,0.0,,,,,,,,,,,,,,,,,,,,,12.66,9.7,11.36,20.74,-7.35,0.37,-107.89,,,1.81,1.29,1.67,1.65,-0.29,0.02,-2.38,,,,,,,11.18,13.61,-8.63,,,,0.52,,0.52,0.07,0.55,1.81,1.56,1.14,-5.45,,-66.67,-93.86,0.49,
1444,力麗,8.23,2026-07-09,年配,0.0,0.0,,,,,,0.3,,,0.4,,,,,,3.65,,,4.86,,,2.04,-2.62,3.89,5.57,-3.73,-0.55,3.08,,,0.28,-0.28,0.51,0.68,-0.38,0.06,0.44,,0.3,0.35,,3.65,4.26,-0.29,2.22,1.1,,44.12,67.52,0.07,,-0.68,-0.34,-0.03,0.28,0.26,0.34,333.33,,-361.54,-200.0,-0.58,
1445,大宇,11.25,2026-07-09,年配,0.5,4.44,,0.5,0.5,2.5,0.1,,0.2,,,,4.44,4.44,22.22,0.89,,1.78,,,,,-7.8,46.61,0.67,-1.56,-3.54,-2.35,-1.33,,,-1.52,7.72,0.08,-0.19,-0.44,-0.3,-0.17,1.17,0.9,0.76,10.37,8.0,6.75,19.4,9.48,4.39,-0.25,41.5,19.76,0.03,,-0.56,-0.4,0.18,-1.52,-0.12,0.03,-83.33,,-366.67,-1433.33,-0.71,
1446,宏和,15.0,2026-07-09,年配,1.5,10.0,,1.5,2.0,0.7,0.2,0.3,0.3,,,,10.0,13.33,4.67,1.33,2.0,2.0,,,,,62.98,7.42,-2.54,-1.12,-0.48,0.02,-1.73,,,9.82,0.8,-0.27,-0.12,-0.05,0.0,-0.21,1.4,0.94,0.83,9.33,6.27,5.56,35.2,16.68,9.22,53.94,-54.05,-163.24,0.5,,2.05,1.46,0.42,9.82,9.05,4.18,19.05,,-77.35,-65.07,2.13,
1447,力鵬,8.38,2026-07-09,年配,0.0,0.0,,,,,,,,,0.2,,,,,,,,,2.39,,,0.74,-4.27,-0.17,2.62,-4.06,-2.38,1.74,,,0.04,-0.51,-0.04,0.31,-0.48,-0.29,0.19,,,0.2,,,2.39,-1.76,-0.27,-0.83,,,105.26,0.1,,-0.61,-0.49,0.02,0.04,0.08,0.24,400.0,,-862.5,-304.17,-0.53,
1449,佳和,13.85,2026-07-09,年配,0.0,0.0,,,,0.036,,,,,,,,,0.26,,,,,,,,5.0,4.58,6.47,5.82,-14.16,-14.54,-18.6,,,0.93,0.61,1.09,0.83,-1.46,-0.7,-0.85,0.04,0.04,0.04,0.26,0.26,0.26,4.79,5.47,-3.63,5.9,5.9,5.9,-0.23,,-0.28,0.02,0.18,0.93,0.96,0.84,-227.78,,-129.17,-97.62,-0.69,
1451,年興,17.3,2026-07-09,年配,1.0,5.78,,1.0,1.0,0.50155664,2.0,1.0,0.6,,2.0,,5.78,5.78,2.9,11.56,5.78,3.47,,11.56,,,3.45,-5.0,5.68,3.3,-5.85,-0.94,5.38,,,1.22,-1.83,2.15,1.23,-2.14,-0.35,2.03,0.83,1.1,1.16,4.82,6.36,6.69,-0.77,1.86,0.86,27.28,57.22,49.89,0.47,,1.45,0.9,1.34,1.22,0.91,0.47,-64.93,,59.34,91.49,0.58,
1452,宏益,11.65,2026-07-09,年配,0.2,1.72,,0.2,0.5,0.3,0.8,2.0,0.7,1.2,1.4,,1.72,4.29,2.58,6.87,17.17,6.01,10.3,12.02,,,3.07,1.92,4.64,13.17,3.89,7.04,7.85,,,0.64,0.39,0.97,2.65,0.74,1.33,1.47,0.33,0.76,0.89,2.86,6.53,7.62,2.5,5.7,5.94,77.52,78.24,84.72,-0.09,,-0.34,-0.48,-0.09,0.64,0.39,0.34,0.0,,-187.18,-241.18,-0.34,
1453,大將,11.15,2026-07-09,年配,0.0,0.0,,,,,,,,,,,,,,,,,,,,,0.13,4.29,-0.88,7.88,1.19,-3.49,29.01,,,0.02,0.57,-0.12,1.05,0.15,-0.46,3.74,,,,,,,2.21,2.86,5.45,,,,-0.05,,0.05,-0.11,-0.12,0.02,0.12,0.27,58.33,,-58.33,-140.74,0.12,
1454,台富,12.8,2026-07-09,年配,0.1,0.78,,0.1,0.25,0.25,0.25,0.5,0.2,0.25,0.09572374,,0.78,1.95,1.95,1.95,3.91,1.56,1.95,0.75,,,0.77,1.22,2.0,0.33,-2.51,2.28,1.28,,,0.1,0.16,0.26,0.04,-0.31,0.28,0.15,0.2,0.27,0.24,1.56,2.11,1.85,1.0,1.08,0.77,203.12,438.1,263.0,-0.2,,-0.7,-0.58,-0.07,0.1,0.24,0.24,-185.71,,-391.67,-341.67,-0.83,
1455,集盛,9.3,2026-07-09,年配,0.16,1.72,,0.16,,,0.1,0.8,0.3,,0.2,,1.72,,,1.08,8.6,3.23,,2.15,,,0.08,-3.72,-4.05,13.3,-0.58,-4.09,1.17,,,0.01,-0.45,-0.53,1.73,-0.07,-0.49,0.15,0.16,0.35,0.31,1.72,3.8,3.36,-1.82,1.4,0.3,,13.68,-66.97,-0.05,,-0.66,-0.61,-0.22,0.01,0.14,0.26,77.27,,-571.43,-334.62,-0.49,
1456,怡華,13.35,2026-07-09,年配,0.0,0.0,,,,0.2,,1.5,,,,,,,1.5,,11.24,,,,,,6.58,0.33,-4.62,29.99,5.43,2.15,1.06,,,1.11,0.05,-0.81,4.85,0.73,0.27,0.13,0.2,0.85,0.85,1.5,6.37,6.37,3.46,8.07,5.85,400.0,215.46,215.46,-0.43,,-0.9,-0.56,-0.48,1.11,-1.07,-0.9,10.42,,15.89,37.78,-0.85,
1457,宜進,14.15,2026-07-09,年配,1.0,7.07,,1.0,1.0,1.0,1.0,1.0,1.5,1.0,0.7,,7.07,7.07,7.07,7.07,7.07,10.6,7.07,4.95,,,3.46,11.6,23.99,4.68,7.34,7.8,10.14,,,0.91,2.55,4.55,0.9,2.89,1.02,2.13,1.0,1.0,1.02,7.07,7.07,7.25,7.53,10.93,9.86,74.56,70.55,66.43,0.2,,0.44,0.39,0.47,0.91,0.93,0.28,-57.45,,-52.69,39.29,0.17,
1459,聯發,11.65,2026-07-09,年配,0.2,1.72,,0.2,,,,0.2,,,,,1.72,,,,1.72,,,,,,7.22,0.84,-14.14,23.85,-6.12,-2.72,-11.08,,,0.68,0.07,-1.4,2.01,-0.58,-0.27,-1.18,0.2,0.2,0.2,1.72,1.72,1.72,4.03,4.44,-0.31,,9.95,9.95,0.03,,0.6,0.12,-0.71,0.68,0.56,0.37,104.23,,7.14,-67.57,1.34,
1460,宏遠,7.17,2026-07-09,年配,0.0,0.0,,,,,,,,,,,,,,,,,,,,,-4.75,-18.76,0.31,3.42,-21.67,-5.44,3.14,,,-0.41,-1.8,0.03,0.39,-1.94,-0.56,0.33,,,,,,,-11.76,-4.94,-6.25,,,,0.02,,-0.27,-0.17,0.05,-0.41,-0.4,-0.17,-60.0,,32.5,0.0,-0.3,
1463,強盛新,18.0,2026-07-09,年配,0.13,0.72,,0.1273,2.1,0.5,0.4,0.4,0.3,0.6,1.4,,0.71,11.67,2.78,2.22,2.22,1.67,3.33,7.78,,,21.17,4.57,2.99,3.64,2.68,5.12,11.9,,,3.28,0.65,0.42,0.49,0.33,0.7,1.62,0.91,0.71,0.73,5.05,3.92,4.05,12.87,8.09,7.44,70.47,79.45,82.98,-0.01,,0.78,0.21,0.5,3.28,0.26,0.04,-102.0,,200.0,425.0,0.27,
1464,得力,10.55,2026-07-09,年配,0.25,2.37,,0.25,0.5,0.25,0.4,0.25,0.3,1.05,0.55,,2.37,4.74,2.37,3.79,2.37,2.84,9.95,5.21,,,8.95,2.06,7.31,3.61,-3.53,10.7,4.68,,,1.04,0.13,0.95,0.48,-0.54,1.61,0.61,0.33,0.33,0.44,3.16,3.13,4.2,5.5,5.48,4.83,120.2,83.64,62.06,0.3,,0.03,-0.12,0.3,1.04,0.66,0.38,0.0,,-95.45,-131.58,0.03,
1465,偉全,12.75,2026-07-09,年配,0.3,2.35,,0.3,0.6,0.5,0.85,0.3,0.3,1.5,,,2.35,4.71,3.92,6.67,2.35,2.35,11.76,,,,4.07,3.46,5.86,-5.76,-1.38,48.18,-2.71,,,0.65,0.56,0.93,-0.93,-0.24,3.2,-0.12,0.47,0.51,0.62,3.66,4.0,4.87,3.76,1.91,7.39,90.8,60.18,27.1,0.27,,-0.51,-0.72,0.34,0.65,0.42,0.57,-20.59,,-221.43,-226.32,-0.58,
1466,聚隆,16.85,2026-07-09,年配,0.2,1.19,,0.2,,,,1.0,,,,,1.19,,,,5.93,,,,,,1.18,-9.96,-3.98,10.68,2.59,-6.22,-6.17,,,0.14,-1.36,-0.6,1.6,0.38,-0.89,-0.94,0.2,0.6,0.6,1.19,3.56,3.56,-4.39,-0.52,-1.7,,62.5,62.5,0.17,,-0.61,-0.35,0.15,0.14,-0.12,-0.11,13.33,,-408.33,-218.18,-0.59,
1467,南緯,8.41,2026-07-09,年配,0.0,0.0,,,,,,,0.7,,,,,,,,,8.32,,,,,2.68,-5.4,-1.32,-1.33,5.58,-6.76,-1.84,,,0.46,-0.71,-0.16,-0.13,0.72,-0.74,-0.29,,,0.7,,,8.32,-1.36,-1.34,-1.2,,,97.22,0.11,,-0.79,-0.8,0.02,0.46,0.4,0.12,450.0,,-297.5,-766.67,-0.7,
1468,昶和,12.2,2026-07-09,年配,0.0,0.0,,,,,,,,,,,,,,,,,,,,,12.42,4.5,2.94,1.14,3.7,4.64,3.92,,,0.94,0.17,0.23,0.06,0.26,0.31,0.24,,,,,,,8.46,5.25,4.75,,,,0.17,,-0.04,-0.38,0.26,0.94,0.8,0.71,-34.62,,-105.0,-153.52,-0.13,
1470,大統新創,21.5,2026-07-09,半年配,0.65,3.02,,0.65,1.01,0.58,0.45,0.8,0.42,0.8,0.4,,3.02,4.7,2.7,2.09,3.72,1.95,3.72,1.86,,,9.63,5.04,3.32,6.61,3.63,7.88,5.19,,,1.13,0.58,0.38,0.76,0.41,0.88,0.57,0.75,0.7,0.64,3.47,3.25,2.97,7.34,6.15,5.9,94.69,103.26,96.66,0.31,,0.32,0.07,0.23,1.13,0.77,0.64,34.78,,-58.44,-89.06,0.4,
1471,首利,10.4,2026-07-09,年配,0.0,0.0,,,,,,,,,,,,,,,,,,,,,0.43,-2.8,-12.05,-1.79,46.82,-43.12,-27.69,,,0.04,-0.29,-1.05,-0.12,2.63,-2.37,-2.13,,,,,,,-1.18,-4.05,-5.74,,,,-0.03,,-0.05,-0.01,0.25,0.04,0.29,0.06,-112.0,,-117.24,-116.67,-0.33,
1472,三洋實業,88.5,2026-07-09,年配,6.0,6.78,,6.0,3.0,2.0,,,,,,,6.78,3.39,2.26,,,,,,,,8.96,12.91,0.75,-12.98,-116.12,14.17,-19.88,,,3.31,4.27,0.15,-1.22,-8.66,1.23,-1.59,3.67,3.67,3.67,4.14,4.14,4.14,10.94,2.41,-16.03,68.74,68.74,68.74,1.78,,5.1,3.48,1.76,3.31,1.88,1.39,1.14,,171.28,150.36,5.12,
1473,台南,20.2,2026-07-09,年配,0.5,2.48,,0.5,2.0,1.2,1.0,0.1,0.2,0.5,0.5,,2.48,9.9,5.94,4.95,0.5,0.99,2.48,2.48,,,11.25,8.61,9.13,-4.27,-10.01,2.1,1.67,,,3.02,2.13,2.06,-0.92,-2.45,0.55,0.54,1.23,0.96,0.75,6.11,4.75,3.72,9.93,6.18,2.64,61.28,40.06,47.94,0.69,,0.77,0.91,1.25,3.02,2.55,2.05,-44.8,,-69.8,-55.61,0.21,
1474,弘裕,10.5,2026-07-09,年配,0.25,2.38,,0.25,0.4,,0.4,0.5,0.4,,0.3,,2.38,3.81,,3.81,4.76,3.81,,2.86,,,5.12,-2.08,3.81,6.91,5.18,2.04,5.48,,,0.82,-0.34,0.6,1.11,0.83,0.4,0.87,0.32,0.39,0.38,3.1,3.69,3.57,1.52,3.44,3.78,48.78,53.5,48.63,0.09,,0.29,0.14,0.18,0.82,0.78,0.79,-50.0,,-62.82,-82.28,0.2,
1475,業旺,27.3,2026-07-09,年配,1.5,5.49,,1.5,3.6,2.0,0.5,,,,,,5.49,13.19,7.33,1.83,,,,,,,33.24,24.47,35.94,15.65,2.11,58.62,-92.84,,,7.22,7.9,11.82,3.66,0.24,-1.28,-4.02,2.37,1.9,1.9,8.67,6.96,6.96,28.86,27.33,11.03,37.59,26.47,26.47,0.88,,1.43,-0.11,1.05,7.22,5.22,4.01,-16.19,,-72.61,-102.74,1.26,
1476,儒鴻,335.0,2026-07-09,年配,15.0,4.48,,15.0,17.0,13.5,17.0,12.0,11.0,11.0,11.0,,4.48,5.07,4.03,5.07,3.58,3.28,3.28,3.28,,,24.33,20.37,29.34,25.54,22.82,24.53,27.37,,,24.2,18.87,24.75,18.77,15.51,15.67,15.96,15.17,14.9,13.44,4.53,4.45,4.01,22.35,24.9,24.9,70.9,68.6,69.21,6.69,,14.33,8.31,6.12,24.2,17.98,11.51,9.31,,-20.3,-27.8,14.9,
1477,聚陽,222.5,2026-07-09,半年配,15.0,6.74,,15.0,17.1,16.4,14.5,9.5,8.0,5.0,7.1,,6.74,7.69,7.37,6.52,4.27,3.6,2.25,3.19,,,27.18,25.72,24.21,22.36,21.47,21.34,17.51,,,16.68,16.5,14.53,11.2,9.35,8.66,7.2,16.17,14.5,11.58,7.27,6.52,5.2,26.45,24.87,22.83,100.96,96.63,89.78,4.35,,11.13,7.65,5.15,16.68,12.76,8.18,-15.53,,-12.77,-6.48,10.33,
1503,士電,221.5,2026-07-09,年配,5.0,2.26,,5.0,4.5,3.0,2.0,1.8,1.6,1.6,1.5,,2.26,2.03,1.35,0.9,0.81,0.72,0.72,0.68,,,8.79,7.96,7.62,7.24,6.34,7.21,6.4,,,5.81,4.51,3.86,3.46,2.93,3.21,2.72,4.17,3.26,2.62,1.88,1.47,1.18,8.38,7.9,7.37,71.98,61.95,58.2,2.79,,5.46,4.05,2.35,5.81,4.97,3.63,18.72,,9.86,11.57,5.9,
1504,東元,67.5,2026-07-09,年配,2.0,2.96,,2.0,2.2,2.2,1.5,1.35,1.15,0.99,0.9,,2.96,3.26,3.26,2.22,2.0,1.7,1.47,1.33,,,7.44,7.33,4.39,6.74,5.89,5.86,5.97,,,2.73,2.76,1.64,2.38,1.81,1.65,1.59,2.13,1.85,1.54,3.16,2.74,2.28,7.38,6.48,6.23,80.15,77.12,69.8,0.51,,1.98,1.23,0.54,2.73,2.17,1.33,-5.56,,-8.76,-7.52,1.95,
1506,正道,10.55,2026-07-09,年配,0.0,0.0,,,,,,,,,,,,,,,,,,,,,1.45,3.41,5.27,4.93,-41.5,-34.29,-10.46,,,0.14,0.29,0.43,0.26,-2.19,-2.52,-0.95,,,,,,,2.43,3.76,-10.17,,,,0.02,,0.04,-0.03,0.01,0.14,0.1,0.06,100.0,,-60.0,-150.0,0.05,
1512,瑞利,7.08,2026-07-09,年配,0.0,0.0,,,,,,,,,,,,,,,,,,,,,-13.06,0.98,-81.69,-118.38,-58.34,-94.09,-28.59,,,-0.68,0.04,-1.98,-0.65,-0.55,-2.14,-0.94,,,,,,,-6.04,-53.04,-56.17,,,,0.09,,0.04,0.02,0.0,-0.68,-0.34,-0.18,,,111.76,111.11,0.13,
1513,中興電,168.5,2026-07-09,年配,6.0,3.56,,6.0,4.6,3.6,3.5,2.8,2.2,1.2,1.0,,3.56,2.73,2.14,2.08,1.66,1.31,0.71,0.59,,,20.61,10.82,19.72,17.5,16.57,8.28,7.42,,,7.33,3.25,5.21,4.19,3.59,1.55,1.33,4.73,4.1,3.11,2.81,2.43,1.85,15.72,17.16,14.42,86.76,76.89,74.49,1.94,,5.99,3.68,1.78,7.33,5.61,3.75,8.99,,6.77,-1.87,6.15,
1514,亞力,122.5,2026-07-09,年配,2.0,1.63,,2.0,1.7,1.6,1.0,0.75,0.7,0.7,0.7,,1.63,1.39,1.31,0.82,0.61,0.57,0.57,0.57,,,15.29,17.73,13.97,10.62,9.96,9.93,7.47,,,3.04,3.08,2.15,1.6,1.51,1.44,1.09,1.77,1.41,1.14,1.44,1.15,0.93,16.51,14.4,12.14,53.94,50.32,51.49,0.73,,2.19,1.32,0.61,3.04,2.19,1.66,19.67,,0.0,-20.48,2.31,
1515,力山,40.15,2026-07-09,年配,0.6,1.49,,0.6,1.0,1.2,,3.0,3.6,3.0,2.0,,1.49,2.49,2.99,,7.47,8.97,7.47,4.98,,,8.18,8.48,-7.71,26.36,22.8,42.4,15.91,,,1.76,1.7,-1.65,5.8,4.5,7.01,2.2,0.93,1.45,2.06,2.32,3.61,5.12,8.33,8.83,16.63,63.7,59.71,65.47,0.07,,-0.08,-0.4,0.07,1.76,1.92,1.87,0.0,,-104.17,-121.39,-0.08,
1516,川飛,18.2,2026-07-09,年配,0.0,0.0,,,,,0.37663374,1.55214435,0.3748767,0.07825195,,,,,,2.07,8.53,2.06,0.43,,,,-74.88,2.93,10.71,14.26,7.27,3.55,4.5,,,-6.13,0.34,1.36,1.72,0.83,0.4,0.51,,0.96,0.6,,5.3,3.27,-35.97,-11.74,-4.52,,58.96,45.66,-0.05,,0.1,-0.09,-0.03,-6.13,0.35,0.73,-66.67,,-71.43,-112.33,0.08,
1517,利奇,10.7,2026-07-09,年配,0.2,1.87,,0.2,0.2,0.2,0.9,0.8,0.35,0.2,0.25,,1.87,1.87,1.87,8.41,7.48,3.27,1.87,2.34,,,-2.44,-3.97,13.93,13.78,6.14,0.49,2.75,,,-0.42,-0.75,2.55,2.0,0.76,0.06,0.41,0.2,0.46,0.39,1.87,4.3,3.62,-3.2,5.32,4.38,-37.14,0.25,63.05,-0.19,,-0.66,-0.55,0.05,-0.42,-0.28,-0.12,-480.0,,-135.71,-358.33,-0.9,
1519,華城,721.0,2026-07-09,年配,11.0,1.53,,11.0,9.0,6.0,2.5,1.0,1.3,1.0,0.3,,1.53,1.25,0.83,0.35,0.14,0.18,0.14,0.04,,,57.3,49.28,21.13,8.14,13.21,12.89,1.72,,,14.93,9.87,3.21,1.11,1.75,1.57,0.23,8.67,5.9,4.01,1.2,0.82,0.56,53.29,33.96,23.38,60.54,72.26,79.64,3.29,,8.68,5.23,3.0,14.93,9.48,5.2,9.67,,-8.44,0.58,8.97,
1521,大億,25.8,2026-07-09,年配,0.75,2.91,,0.75,1.0,0.7,0.7,0.6,1.3,4.0,3.8,,2.91,3.88,2.71,2.71,2.33,5.04,15.5,14.73,,,4.8,2.38,5.04,4.72,8.72,19.22,16.87,,,1.15,0.56,1.17,1.08,2.1,4.73,4.19,0.82,0.75,1.61,3.17,2.91,6.23,3.59,4.23,8.82,105.98,81.84,80.64,0.44,,0.34,0.23,0.6,1.15,0.86,0.88,-26.67,,-60.47,-73.86,0.18,
1522,堤維西,30.0,2026-07-09,年配,1.2,4.0,,1.2,3.0,2.0,1.8,0.5,0.6,1.4,,,4.0,10.0,6.67,6.0,1.67,2.0,4.67,,,,15.93,12.38,11.54,3.18,4.23,10.56,9.24,,,4.76,3.31,2.91,0.62,0.84,2.23,2.0,2.07,1.7,1.5,6.89,5.67,5.0,14.16,10.76,9.58,61.72,66.49,66.7,-0.19,,1.17,0.1,1.39,4.76,4.96,3.66,-113.67,,-76.41,-97.27,-0.41,
1522A,堤維西甲特,49.85,2026-07-09,年配,2.0,4.01,,2.0,2.0,2.0,2.0,0.7890411,,,,,4.01,4.01,4.01,4.01,1.58,,,,,,,,,,,,,,,,,,,,,,2.0,1.76,1.76,4.01,3.52,3.52,,,,,,,,,,,,,,,,,,,,
1524,耿鼎,28.3,2026-07-09,年配,1.4,4.95,,1.4,2.3,1.3,1.0,0.3,0.21,0.4,0.5,,4.95,8.13,4.59,3.53,1.06,0.74,1.41,1.77,,,20.61,13.46,14.1,2.79,1.61,6.56,8.81,,,3.61,2.13,2.04,0.38,0.21,0.84,1.09,1.67,1.26,0.93,5.89,4.45,3.27,17.04,12.74,9.71,62.37,63.18,63.74,0.53,,1.28,0.82,0.98,3.61,2.34,1.65,-45.92,,-45.3,-50.3,0.83,
1525,江申,66.9,2026-07-09,年配,2.8,4.19,,2.8,3.1,3.3,2.1,2.1,2.2,2.0,1.8,,4.19,4.63,4.93,3.14,3.14,3.29,2.99,2.69,,,6.18,8.59,5.96,7.0,7.69,7.05,11.33,,,4.12,5.5,3.68,4.18,4.41,3.95,6.17,3.07,2.68,2.43,4.58,4.01,3.62,7.38,6.93,7.69,67.62,60.64,53.18,-0.82,,2.48,1.61,0.8,4.12,2.73,1.64,-202.5,,-9.16,-1.83,0.86,
1526,日馳,14.4,2026-07-09,半年配,0.0,0.0,,,,0.6,3.4000000000000004,2.6,1.8,0.8,1.0,,,,4.17,23.61,18.06,12.5,5.56,6.94,,,-3.98,3.22,28.43,21.72,16.71,8.06,15.59,,,-0.91,0.76,6.44,4.38,2.97,1.34,2.69,0.6,2.2,1.7,4.17,15.28,11.81,-0.38,12.35,12.82,78.95,63.7,58.1,-0.44,,-0.04,-0.12,0.4,-0.91,-0.48,0.03,-210.0,,91.67,-500.0,-0.88,
1527,鑽全,33.5,2026-07-09,年配,1.5,4.48,,1.5,2.2,2.0,2.4,2.4,2.35,1.2,4.0,,4.48,6.57,5.97,7.16,7.16,7.01,3.58,11.94,,,9.25,7.87,16.57,11.16,10.18,14.88,30.3,,,3.21,2.67,5.36,3.37,2.94,4.15,7.48,1.9,2.1,2.26,5.67,6.27,6.73,8.56,11.21,14.32,71.72,64.86,60.25,0.32,,1.04,0.25,0.93,3.21,2.88,2.03,-65.59,,-63.89,-87.68,0.43,
1528,恩德,22.6,2026-07-09,年配,0.0,0.0,,,0.1,0.1,0.1,0.1,0.1,,0.13,,,0.44,0.44,0.44,0.44,0.44,,0.58,,,-6.5,-1.19,6.43,9.79,-5.2,-10.97,1.62,,,-0.81,-0.08,0.81,1.14,-0.61,-1.39,0.22,0.1,0.1,0.1,0.44,0.44,0.46,-3.84,2.13,-0.86,-68.68,-29.06,-12.26,-0.15,,-0.53,-0.61,0.05,-0.81,-0.56,-0.22,-400.0,,5.36,-177.27,-0.73,
1529,樂事綠能,21.75,2026-07-09,年配,0.5,2.3,,0.5,0.2,0.3,0.25,0.2,0.5,0.5,0.2,,2.3,0.92,1.38,1.15,0.92,2.3,2.3,0.92,,,-1.04,8.17,2.76,8.29,5.82,4.84,6.92,,,-0.13,0.91,0.31,1.03,0.65,0.54,0.71,0.33,0.29,0.33,1.53,1.33,1.52,3.56,4.54,5.11,-60.44,-5.2,25.27,0.16,,0.97,0.88,0.03,-0.13,0.09,0.15,433.33,,977.78,486.67,1.1,
1530,亞崴,28.75,2026-07-09,年配,0.1,0.35,,0.1,1.5,1.5,1.6,1.5,2.5,0.7,2.0,,0.35,5.22,5.22,5.57,5.22,8.7,2.43,6.96,,,12.55,5.63,10.71,3.81,18.97,3.51,10.98,,,4.68,2.18,3.67,1.35,3.92,1.23,3.45,1.03,1.24,1.42,3.6,4.32,4.96,9.09,8.18,9.45,50.43,63.89,62.03,0.18,,-2.81,-4.07,-3.36,4.68,1.26,0.67,105.36,,-323.02,-707.46,0.73,
1531,高林股,13.0,2026-07-09,年配,1.0,7.69,,1.0,0.4,0.2,0.8,0.7,0.2,0.2,0.5,,7.69,3.08,1.54,6.15,5.38,1.54,1.54,3.85,,,2.34,0.38,5.05,4.77,-1.53,0.8,3.29,,,0.47,0.08,1.02,0.94,-0.3,0.16,0.68,0.53,0.62,0.5,4.1,4.77,3.85,1.36,3.14,2.16,167.56,122.0,88.55,0.03,,-0.23,-0.41,0.17,0.47,0.25,0.19,-82.35,,-192.0,-315.79,-0.37,
1532,勤美,23.05,2026-07-09,年配,0.8,3.47,,0.8,1.73372654,1.43413122,1.19999003,2.11,1.03,0.9,2.7,,3.47,7.52,6.22,5.21,9.15,4.47,3.9,11.71,,,8.31,7.73,5.92,10.29,4.99,4.05,14.65,,,3.05,2.56,2.14,3.22,1.47,1.32,4.76,1.32,1.46,1.49,5.74,6.31,6.46,8.02,8.06,7.99,56.43,58.62,61.35,-0.09,,0.81,-0.13,-0.26,3.05,3.66,3.63,65.38,,-77.87,-103.58,0.98,
1533,車王電,36.85,2026-07-09,年配,0.0,0.0,,,,,,0.3,,0.5,0.8,,,,,,0.81,,1.36,2.17,,,-7.58,-7.81,-2.28,0.46,-0.18,4.51,8.48,,,-1.11,-1.31,0.4,0.88,0.86,2.05,2.71,,0.3,0.53,,0.81,1.45,-7.7,-4.3,-0.63,,34.09,29.33,0.84,,-0.14,-0.61,-0.21,-1.11,-1.84,-1.24,500.0,,92.39,50.81,0.91,
1535,中宇,49.9,2026-07-09,年配,3.0,6.01,,3.0,3.0,3.3,3.0,2.6,1.35,1.2,1.1,,6.01,6.01,6.61,6.01,5.21,2.71,2.4,2.2,,,13.56,15.53,15.44,13.05,6.66,4.25,3.23,,,4.06,4.5,4.21,3.26,1.6,1.03,0.79,3.1,2.98,2.32,6.21,5.97,4.64,14.54,14.4,10.25,73.61,74.56,91.19,0.77,,2.79,1.87,0.88,4.06,2.86,1.94,-12.5,,-2.45,-3.61,2.68,
1536,和大,55.0,2026-07-09,半年配,0.0,0.0,,,0.8,1.0,1.6,1.365,1.1,2.00344966,3.5,,,1.45,1.82,2.91,2.48,2.0,3.64,6.36,,,2.2,3.64,7.1,4.5,4.38,9.68,18.39,,,0.7,1.17,2.23,1.23,1.12,2.55,4.85,0.9,1.19,1.62,1.64,2.16,2.95,2.92,4.36,7.13,99.88,95.62,90.2,-0.52,,-2.05,-1.91,-0.37,0.7,0.17,0.47,-40.54,,-1305.88,-506.38,-2.2,
1537,廣隆,126.0,2026-07-09,年配,7.2,5.71,,7.2,10.5,7.0,10.0,7.0,10.0,10.0,10.0,,5.71,8.33,5.56,7.94,5.56,7.94,7.94,7.94,,,21.73,14.35,21.68,15.95,21.84,25.25,26.06,,,11.75,7.43,10.77,7.58,10.75,12.32,12.03,8.23,8.34,8.96,6.53,6.62,7.12,18.04,18.43,20.98,91.78,92.19,89.44,2.11,,5.76,3.7,2.46,11.75,9.23,5.83,-14.23,,-37.59,-36.54,5.41,
1538,正峰,10.0,2026-07-09,年配,0.0,0.0,,,,,,,,,,,,,,,,,,,,,-27.03,-20.25,-57.83,-131.17,-7.74,-64.3,-26.93,,,-1.7,-0.64,-0.88,-5.13,-0.57,-2.63,-1.77,,,,,,,-23.64,-59.07,-47.89,,,,-1.11,,-0.36,0.46,-0.58,-1.7,-1.0,-0.61,-91.38,,64.0,175.41,-0.89,
1539,巨庭,15.85,2026-07-09,年配,0.0,0.0,,,0.85,0.6,2.5,0.8,,0.8,1.8,,,5.36,3.79,15.77,5.05,,5.05,11.36,,,5.73,3.86,25.94,6.82,-1.45,5.22,26.88,,,1.41,0.96,6.0,1.35,-0.28,1.07,5.07,0.72,1.19,1.22,4.58,7.49,7.73,4.8,10.59,10.43,61.39,55.93,55.66,0.08,,-0.08,-0.42,0.25,1.41,1.08,1.05,-68.0,,-107.41,-140.0,-0.25,
1540,喬福,22.55,2026-07-09,年配,1.0,4.43,,1.0,1.6,1.1,0.6,0.3,0.5,1.0,1.35,,4.43,7.1,4.88,2.66,1.33,2.22,4.43,5.99,,,12.25,7.91,8.11,-0.28,-1.49,7.98,9.66,,,2.12,1.3,1.27,-0.04,-0.24,1.35,1.59,1.23,0.92,0.93,5.47,4.08,4.13,10.08,7.0,6.31,80.04,-135.67,-84.57,0.32,,0.54,0.13,0.5,2.12,1.62,1.48,-36.0,,-66.67,-91.22,0.36,
1541,錩泰,21.4,2026-07-09,年配,0.0,0.0,,,0.5,0.5,1.0,2.5,3.0,,1.0,,,2.34,2.34,4.67,11.68,14.02,,4.67,,,4.29,6.08,14.93,17.19,30.52,21.07,6.98,,,1.06,1.46,3.45,3.8,5.79,3.19,1.0,0.5,1.12,1.42,2.34,5.26,6.62,5.18,10.62,14.44,40.71,44.05,54.67,0.48,,1.32,0.21,0.53,1.06,0.93,1.14,-9.43,,41.94,-81.58,1.27,
1558,伸興,92.4,2026-07-09,年配,5.0,5.41,,5.0,6.0,3.8,5.5,8.5,9.5,8.8,11.0,,5.41,6.49,4.11,5.95,9.2,10.28,9.52,11.9,,,10.41,7.48,9.47,10.53,17.16,14.26,20.29,,,6.81,3.81,8.08,8.68,13.76,11.16,15.26,4.93,5.76,7.26,5.34,6.23,7.86,8.94,9.47,12.8,93.92,88.46,81.97,1.23,,4.27,2.02,1.25,6.81,5.52,3.48,-1.6,,-22.64,-41.95,4.25,
1560,中砂,709.0,2026-07-09,年配,5.0,0.71,,5.0,4.0,4.0,4.0,2.8,2.8,1.3,3.5,,0.71,0.56,0.56,0.56,0.39,0.39,0.18,0.49,,,15.28,13.72,22.88,14.75,11.55,11.78,16.27,,,7.1,5.91,8.71,4.78,3.63,3.81,4.92,4.33,3.96,3.42,0.61,0.56,0.48,14.5,16.66,15.18,62.01,57.13,58.7,2.94,,6.02,3.78,1.96,7.1,5.48,3.52,50.0,,9.85,7.39,7.0,
1563,巧新,67.7,2026-07-09,年配,2.0,2.95,,2.0,2.2,2.0129,2.0,1.0,2.0164307,2.0,3.0,,2.95,3.25,2.97,2.95,1.48,2.98,2.95,4.43,,,8.61,8.1,8.06,4.72,3.04,8.43,16.6,,,3.3,2.88,2.9,1.75,1.14,3.2,6.09,2.07,1.84,2.03,3.06,2.72,3.0,8.36,7.37,8.22,68.28,65.67,78.76,0.6,,1.47,1.28,1.53,3.3,2.66,1.88,-60.78,,-44.74,-31.91,0.54,
1568,倉佑,32.9,2026-07-09,年配,1.0,3.04,,1.0,1.2,1.34,1.1,0.3,0.3,0.5,0.65,,3.04,3.65,4.07,3.34,0.91,0.91,1.52,1.98,,,8.61,15.78,10.58,1.99,0.68,1.78,5.95,,,1.59,2.67,1.62,0.29,0.1,0.27,0.92,1.18,0.99,0.8,3.59,3.0,2.43,12.2,9.24,6.48,62.83,74.25,121.84,0.51,,0.88,0.54,0.53,1.59,1.33,1.04,-3.77,,-33.83,-48.08,0.86,
1582,信錦,79.2,2026-07-09,年配,3.0,3.79,,3.0,5.5,4.10578785,3.0,5.3,5.0,4.5,6.5,,3.79,6.94,5.18,3.79,6.69,6.31,5.68,8.21,,,13.94,9.87,6.37,3.94,16.3,16.72,15.44,,,7.13,5.12,3.0,2.03,7.81,7.61,5.88,4.2,4.18,4.61,5.3,5.28,5.82,11.9,8.53,11.8,78.66,129.6,107.44,0.35,,2.98,1.89,1.05,7.13,5.57,4.05,-66.67,,-46.5,-53.33,2.28,
1583,程泰,48.55,2026-07-09,年配,0.1,0.21,,0.1,3.0,4.0,3.0,2.5,3.0,2.0,3.0,,0.21,6.18,8.24,6.18,5.15,6.18,4.12,6.18,,,19.14,11.67,13.05,6.7,10.99,5.48,13.25,,,11.37,6.46,6.42,3.3,4.39,2.43,5.41,2.37,2.52,2.58,4.88,5.19,5.3,15.4,12.64,11.47,44.16,52.7,59.56,0.18,,-5.75,-8.63,-7.39,11.37,3.41,1.88,102.44,,-268.62,-559.04,1.82,
1587,吉茂,26.6,2026-07-09,半年配,0.0,0.0,,,0.5,0.50182817,1.0,1.0,1.5,,0.1,,,1.88,1.89,3.76,3.76,5.64,,0.38,,,-2.31,3.04,10.25,7.95,14.08,0.18,3.36,,,-0.47,0.61,2.01,1.49,2.64,0.05,0.6,0.5,0.75,0.77,1.88,2.82,2.88,0.36,4.73,5.22,-12.06,23.19,27.71,0.04,,0.24,0.07,0.01,-0.47,-0.43,-0.36,300.0,,155.81,119.44,0.27,
1590,亞德客-KY,1280.0,2026-07-09,年配,28.59,2.23,,28.58656001,21.13956001,17.3727,13.45355,13.311,9.1476,4.75617,5.27336,,2.23,1.65,1.36,1.05,1.04,0.71,0.37,0.41,,,16.85,17.09,16.23,22.35,23.82,15.45,17.17,,,38.12,34.83,30.07,33.67,25.63,14.42,15.02,22.37,18.77,14.13,1.75,1.47,1.1,16.97,18.13,18.42,52.67,47.4,41.91,13.35,,30.36,19.86,9.68,38.12,29.11,20.45,37.91,,4.29,-2.89,34.03,
1597,直得,138.5,2026-07-09,年配,0.7,0.51,,0.7,0.7,0.8,2.0,1.5,1.5,1.0,1.0,,0.51,0.51,0.58,1.44,1.08,1.08,0.72,0.72,,,3.96,4.11,14.73,14.04,9.82,8.82,27.2,,,1.08,1.12,3.91,3.82,2.51,2.15,6.4,0.73,1.14,1.15,0.53,0.82,0.83,4.04,9.21,11.81,68.12,56.67,49.79,0.43,,0.5,0.17,0.16,1.08,0.78,0.63,168.75,,-35.9,-73.02,0.77,
1598,岱宇,19.1,2026-07-09,年配,0.5,2.62,,0.5,0.5369649,,0.5,2.5,7.46837978,1.15004667,0.35,,2.62,2.81,,2.62,13.09,39.1,6.02,1.83,,,1.44,-2.5,-2.25,9.62,37.05,10.18,6.03,,,0.45,-0.88,-0.61,3.48,11.69,2.05,1.2,0.52,1.01,1.86,2.72,5.28,9.73,-0.53,1.58,8.51,119.33,36.4,43.06,0.25,,-1.23,-1.61,-0.49,0.45,-1.3,-0.49,151.02,,5.38,-228.57,-0.49,
1603,華電,32.0,2026-07-09,年配,2.0,6.25,,2.0,1.5,1.3,0.5,0.5,0.5,0.5,0.5,,6.25,4.69,4.06,1.56,1.56,1.56,1.56,1.56,,,6.64,7.65,5.61,5.03,6.18,4.64,2.61,,,2.85,2.99,2.07,1.78,2.05,1.46,0.82,1.6,1.16,0.91,5.0,3.62,2.85,7.14,6.23,5.48,48.06,37.09,38.28,0.29,,3.03,1.83,0.86,2.85,2.2,1.18,-66.28,,37.73,55.08,2.46,
1604,聲寶,23.4,2026-07-09,年配,1.5,6.41,,1.5,1.5,1.5,1.5,2.7,2.5,1.5,1.4,,6.41,6.41,6.41,6.41,11.54,10.68,6.41,5.98,,,9.2,9.15,8.37,20.68,24.67,11.69,10.37,,,2.09,2.0,1.82,4.52,4.86,2.0,1.52,1.5,1.74,1.76,6.41,7.44,7.53,9.18,11.85,13.45,73.38,72.23,72.5,0.51,,1.29,0.93,0.57,2.09,1.74,1.27,-10.53,,-25.86,-26.77,1.23,
1605,華新,34.4,2026-07-09,年配,0.5,1.45,,0.5,0.5,1.1,1.8,1.6,0.9,0.5,1.2,,1.45,1.45,3.2,5.23,4.65,2.62,1.45,3.49,,,1.72,4.18,16.1,15.63,8.45,4.79,15.78,,,0.69,1.32,5.45,4.27,2.04,0.95,3.53,0.7,1.1,1.01,2.03,3.2,2.94,2.95,9.41,9.52,77.9,56.57,51.0,0.81,,0.52,0.29,0.17,0.69,0.84,0.77,376.47,,-38.1,-62.34,1.16,
1608,華榮,34.05,2026-07-09,年配,2.0,5.87,,2.0,1.0,1.0,0.4,1.5,0.7,0.66,,,5.87,2.94,2.94,1.17,4.41,2.06,1.94,,,,9.26,11.24,1.05,19.52,4.7,9.64,-7.16,,,1.55,2.23,-0.09,3.27,0.76,1.87,-1.46,1.33,1.18,1.04,3.92,3.47,3.05,10.25,10.27,6.89,54.68,-72.3,-26.97,0.37,,4.75,1.01,0.37,1.55,1.39,1.19,0.0,,241.73,-15.13,4.75,
1609,大亞,39.1,2026-07-09,年配,0.7,1.79,,0.7,0.75,1.2,0.5,0.35,0.35,0.3,0.3,,1.79,1.92,3.07,1.28,0.9,0.9,0.77,0.77,,,11.65,21.65,8.89,16.02,11.8,7.09,7.15,,,2.09,3.91,1.24,2.3,1.45,0.86,0.83,0.88,0.7,0.56,2.26,1.79,1.42,16.65,14.55,12.04,33.29,30.53,31.04,0.66,,1.62,1.18,-0.09,2.09,1.84,1.58,833.33,,-11.96,-25.32,2.37,
1611,中電,13.15,2026-07-09,年配,0.8,6.08,,0.8,0.8,0.5,0.3,0.8,0.3,1.2,0.15,,6.08,6.08,3.8,2.28,6.08,2.28,9.13,1.14,,,3.63,3.5,1.8,6.48,1.73,16.24,0.72,,,0.5,0.46,0.24,0.86,0.23,1.94,0.17,0.7,0.64,0.61,5.32,4.86,4.61,3.56,3.85,4.87,134.35,121.68,109.61,0.13,,0.1,-0.02,0.12,0.5,0.43,0.32,8.33,,-76.74,-106.25,0.11,
1612,宏泰,33.55,2026-07-09,年配,2.5,7.45,,2.5,2.1,2.0,1.5,2.8,1.2,0.5,0.32,,7.45,6.26,5.96,4.47,8.35,3.58,1.49,0.95,,,9.94,8.58,4.75,41.15,10.39,4.42,2.68,,,2.38,1.99,1.12,8.54,1.64,0.64,0.39,2.2,2.18,1.62,6.56,6.5,4.81,9.26,16.1,11.7,94.37,88.86,84.11,0.82,,2.19,1.49,0.6,2.38,1.92,1.48,36.67,,14.06,0.68,2.41,
1614,三洋電,32.1,2026-07-09,年配,0.97,3.02,,0.96777202,0.58246376,1.07300502,0.99258538,1.23302384,0.94927775,0.83287031,0.90859895,,3.01,1.81,3.34,3.09,3.84,2.96,2.59,2.83,,,3.85,5.8,5.32,6.81,6.71,4.78,3.92,,,0.83,1.24,1.13,1.42,1.36,0.95,0.78,0.87,0.97,0.94,2.72,3.02,2.93,4.82,5.44,5.31,78.36,82.84,86.48,0.47,,0.66,0.38,0.12,0.83,0.46,0.14,291.67,,43.48,171.43,1.01,
1615,大山,46.4,2026-07-09,年配,2.5,5.39,,2.5,2.0,1.44,1.5,2.0,1.2,1.0,1.35,,5.39,4.31,3.1,3.23,4.31,2.59,2.16,2.91,,,22.68,19.05,17.18,20.08,17.12,14.07,12.07,,,3.96,3.21,2.9,3.27,2.67,2.18,1.76,1.98,1.89,1.62,4.27,4.07,3.5,20.86,19.75,17.46,47.68,52.06,53.68,0.94,,3.34,2.28,1.06,3.96,2.99,2.11,-11.32,,11.71,8.06,3.22,
1616,億泰,21.8,2026-07-09,年配,1.36,6.24,,1.3584,1.8036,0.37,,,,,,,6.23,8.27,1.7,,,,,,,,18.95,12.78,1.14,6.1,0.11,-3.7,0.66,,,2.04,1.19,0.1,0.5,0.01,-0.31,0.06,1.18,1.18,1.18,5.4,5.4,5.4,15.86,9.74,5.15,59.75,59.75,59.75,0.28,,2.22,1.65,0.6,2.04,0.5,0.08,-53.33,,344.0,1962.5,1.9,
1617,榮星,23.5,2026-07-09,年配,0.6,2.55,,0.6,0.5,0.3,0.3,0.9,0.6,0.3,1.0,,2.55,2.13,1.28,1.28,3.83,2.55,1.28,4.26,,,3.6,0.1,2.0,11.02,8.41,5.15,12.62,,,0.55,0.09,0.33,1.45,1.02,0.62,1.5,0.47,0.52,0.56,1.99,2.21,2.4,1.85,4.18,6.13,212.12,144.3,107.3,0.08,,-0.38,-0.47,-0.12,0.55,0.3,0.43,166.67,,-226.67,-209.3,-0.18,
1618,合機,38.8,2026-07-09,年配,1.7,4.38,,1.7,1.5,1.0,0.6000000000000001,0.5,0.3,,,,4.38,3.87,2.58,1.55,1.29,0.77,,,,,12.87,8.27,5.81,5.26,5.55,1.69,-0.26,,,3.71,2.01,1.29,1.04,1.0,0.28,-0.04,1.4,1.06,0.93,3.61,2.73,2.41,10.57,8.05,5.6,45.09,46.19,42.95,1.57,,3.26,2.25,1.23,3.71,2.71,1.53,27.64,,20.3,47.06,3.6,
1623,大東電,226.5,2026-07-09,年配,8.0,3.53,,8.0,,,,,,,,,3.53,,,,,,,,,,,,,,,,,,,,,,,,,,8.0,8.0,8.0,3.53,3.53,3.53,,,,,,,4.33,,9.42,6.51,,,,,,,,,7.24,
1626,艾美特-KY,10.9,2026-07-09,年配,0.0,0.0,,,,0.3,0.5,,0.6,0.8,,,,,2.75,4.59,,5.5,7.34,,,,-5.28,0.84,15.85,-10.42,5.08,9.38,-0.71,,,-1.05,0.17,3.25,-2.11,1.12,2.05,-0.12,0.3,0.4,0.55,2.75,3.67,5.04,-2.22,0.25,2.11,176.47,95.92,71.11,-1.11,,-0.3,0.51,-0.43,-1.05,-0.64,-0.06,-158.14,,53.12,950.0,-0.98,
1702,南僑,32.6,2026-07-09,年配,1.6,4.91,,1.6,2.5,2.5,2.0,2.2,2.0,2.0,2.7,,4.91,7.67,7.67,6.13,6.75,6.13,6.13,8.28,,,8.78,9.96,5.71,13.19,14.89,15.94,17.32,,,4.07,4.2,2.26,4.32,3.84,3.9,4.09,2.2,2.16,2.19,6.75,6.63,6.71,9.37,9.41,12.26,60.48,65.1,61.39,0.12,,0.84,0.7,0.52,4.07,3.11,2.54,-76.92,,-72.99,-72.44,0.44,
1707,葡萄王,91.6,2026-07-09,半年配,6.0,6.55,,6.0,6.9,6.9,6.9,6.1,6.4,6.5,6.5,,6.55,7.53,7.53,7.53,6.66,6.99,7.1,7.1,,,18.54,18.81,20.12,21.16,24.53,26.92,28.51,,,9.78,9.81,9.84,8.81,9.34,9.63,9.57,6.6,6.56,6.52,7.2,7.16,7.12,18.67,19.66,22.66,70.44,70.06,69.17,1.18,,5.22,3.22,1.4,9.78,6.76,3.95,-15.71,,-22.78,-18.48,5.0,
1708,東鹼,58.8,2026-07-09,年配,1.6,2.72,,1.6,2.0,1.5,3.0,2.0,0.9,0.8,0.5,,2.72,3.4,2.55,5.1,3.4,1.53,1.36,0.85,,,14.31,-0.42,18.3,11.34,2.97,4.68,6.21,,,3.91,-0.11,4.84,2.69,0.76,1.3,1.74,1.7,2.02,1.54,2.89,3.43,2.61,6.94,10.88,8.2,-656.24,-294.04,-138.21,1.11,,2.2,1.13,1.03,3.91,3.14,1.97,7.77,,-29.94,-42.64,2.28,
1709,和益,24.4,2026-07-09,半年配,1.0,4.1,,1.0,0.8,0.6,1.8,1.7,1.2,0.5,0.5,,4.1,3.28,2.46,7.38,6.97,4.92,2.05,2.05,,,8.33,4.9,13.15,11.95,7.32,2.82,5.1,,,1.54,0.88,2.27,1.99,1.16,0.44,0.77,0.8,1.18,1.01,3.28,4.84,4.15,6.62,9.58,7.65,60.07,71.22,80.98,0.55,,0.87,0.53,0.4,1.54,1.37,0.96,37.5,,-36.5,-44.79,1.02,
1710,東聯,16.4,2026-07-09,年配,0.0,0.0,,,,0.2,0.2,0.7,,0.3,1.75,,,,1.22,1.22,4.27,,1.83,10.67,,,-1.18,-1.56,-5.23,7.7,-9.3,-1.45,13.09,,,0.02,0.3,0.04,1.03,-1.22,0.04,2.01,0.2,0.37,0.63,1.22,2.24,3.84,-1.37,-0.07,0.3,66.67,211.54,294.34,-0.15,,-0.58,-0.3,-0.11,0.02,0.1,0.04,-36.36,,-680.0,-850.0,-0.62,
1711,永光,42.8,2026-07-09,年配,0.0,0.0,,,0.3,0.15,0.35,0.5,0.3,0.3,0.5,,,0.7,0.35,0.82,1.17,0.7,0.7,1.17,,,2.9,1.09,4.38,5.51,2.48,4.35,5.11,,,0.44,0.16,0.68,0.86,0.39,0.66,0.73,0.22,0.32,0.34,0.52,0.76,0.8,2.0,3.47,3.69,80.96,67.89,66.06,0.09,,-0.18,-0.06,0.07,0.44,0.36,0.28,28.57,,-150.0,-121.43,-0.16,
1712,興農,39.6,2026-07-09,年配,2.5,6.31,,2.5,2.5,2.8,2.8,1.8,1.3,1.3,1.3,,6.31,6.31,7.07,7.07,4.55,3.28,3.28,3.28,,,12.35,12.28,20.49,12.72,10.17,9.64,10.69,,,2.5,2.5,3.92,2.19,1.7,1.6,1.74,2.6,2.48,2.04,6.56,6.26,5.14,12.32,14.46,12.62,106.0,91.4,85.44,0.67,,2.07,1.51,0.8,2.5,1.94,1.36,-16.25,,6.7,11.03,1.94,
1713,國化,47.85,2026-07-09,年配,3.1,6.48,,3.1,7.5,1.4,1.0,0.85,0.66,0.58,0.71,,6.48,15.67,2.93,2.09,1.78,1.38,1.21,1.48,,,43.26,12.9,11.41,6.61,3.94,4.18,5.05,,,10.31,2.32,1.89,1.04,0.61,0.64,0.76,4.0,2.77,1.98,8.36,5.79,4.13,28.08,18.54,12.48,66.54,66.93,79.99,1.36,,2.56,1.38,0.75,10.31,2.97,2.66,81.33,,-13.8,-48.12,3.17,
1714,和桐,17.25,2026-07-09,年配,0.18,1.04,,0.18,0.2,0.3,0.1,0.42,0.7,,0.15,,1.04,1.16,1.74,0.58,2.43,4.06,,0.87,,,4.32,5.4,3.94,8.85,15.91,2.53,3.01,,,0.41,0.6,0.37,0.72,1.68,0.02,0.26,0.23,0.24,0.29,1.31,1.39,1.7,4.86,5.63,6.28,49.39,46.04,47.25,0.23,,0.37,0.2,0.08,0.41,0.35,0.27,187.5,,5.71,-25.93,0.52,
1717,長興,73.8,2026-07-09,年配,1.0,1.36,,1.0,1.2,0.8,1.2,1.5,1.5,1.4,0.9,,1.36,1.63,1.08,1.63,2.03,2.03,1.9,1.22,,,6.91,5.93,10.53,14.55,11.04,11.15,6.99,,,1.56,1.28,2.15,2.86,2.05,1.99,1.25,1.0,1.14,1.19,1.36,1.55,1.61,6.42,9.48,9.59,69.71,61.92,66.17,0.37,,1.09,0.6,0.3,1.56,1.14,0.76,23.33,,-4.39,-21.05,1.16,
1718,中纖,14.2,2026-07-09,年配,0.0,0.0,,,,,,,0.1,,0.1,,,,,,,0.7,,0.7,,,7.71,4.68,3.81,5.57,6.38,4.34,7.9,,,0.02,-1.18,-1.01,0.0,0.73,-0.57,1.13,,,0.1,,,0.7,6.2,5.44,5.77,,,11.27,0.17,,0.19,-0.04,0.02,0.02,0.22,0.08,750.0,,-13.64,-150.0,0.34,
1720,生達,63.9,2026-07-09,年配,2.0,3.13,,2.0,2.8,2.7,2.5,2.5,1.8,1.5,1.5,,3.13,4.38,4.23,3.91,3.91,2.82,2.35,2.35,,,15.13,14.87,16.21,14.3,13.1,10.58,10.13,,,4.93,4.67,4.56,3.95,2.93,2.11,2.09,2.5,2.5,2.16,3.91,3.91,3.38,15.0,15.13,13.47,57.31,58.18,62.43,1.3,,3.91,2.19,1.09,4.93,3.84,2.62,19.27,,1.82,-16.41,4.12,
1721,三晃,23.85,2026-07-09,年配,0.0,0.0,,,,,0.1,,0.5,,,,,,,0.42,,2.1,,,,,-9.02,-12.34,2.59,-2.91,22.05,-0.3,0.64,,,-0.98,-1.5,0.33,-0.38,2.43,-0.03,0.07,,0.1,0.3,,0.42,1.26,-10.68,-5.42,0.1,,30.3,25.44,-0.36,,-1.12,-0.89,-0.24,-0.98,-0.77,-0.66,-50.0,,-45.45,-34.85,-1.24,
1722,台肥,47.55,2026-07-09,年配,2.0,4.21,,2.0,2.0,2.6,2.5,2.8,2.3,2.2,2.2,,4.21,4.21,5.47,5.26,5.89,4.84,4.63,4.63,,,3.56,7.27,5.05,5.84,4.81,4.07,4.57,,,2.01,4.0,2.72,3.1,2.5,2.11,2.33,2.2,2.38,2.33,4.63,5.01,4.89,5.42,5.43,5.02,82.25,86.68,91.06,0.19,,1.11,0.54,0.1,2.01,1.54,0.79,90.0,,-27.92,-31.65,1.2,
1723,中碳,84.4,2026-07-09,年配,1.85,2.19,,1.85,4.5,4.0,5.0,4.0,2.8000000000000003,4.8,5.3,,2.19,5.33,4.74,5.92,4.74,3.32,5.69,6.28,,,14.68,17.63,21.7,15.2,9.99,17.64,21.3,,,5.2,6.18,7.33,4.73,3.09,5.57,6.5,3.45,3.87,4.03,4.09,4.58,4.78,16.16,17.3,16.88,75.63,76.01,80.34,0.77,,2.14,1.61,0.94,5.2,4.17,2.68,-18.09,,-48.68,-39.93,1.97,
1725,元禎,31.6,2026-07-09,年配,1.07,3.39,,1.07,1.25,0.85,1.0,1.23,0.96,0.81,0.84,,3.39,3.96,2.69,3.16,3.89,3.04,2.56,2.66,,,6.85,4.57,5.96,8.22,7.13,5.88,7.25,,,1.91,1.1,1.4,1.76,1.37,1.07,1.2,1.06,1.08,1.0,3.35,3.42,3.17,5.71,6.4,6.55,71.36,71.01,71.4,0.23,,1.37,0.08,0.14,1.91,1.67,0.59,64.29,,-17.96,-86.44,1.46,
1726,永記,78.8,2026-07-09,年配,3.7,4.7,,3.7,3.6,3.5,3.5,3.5,3.5,3.2,3.5,,4.7,4.57,4.44,4.44,4.44,4.44,4.06,4.44,,,8.54,8.59,8.67,9.81,9.67,8.11,8.93,,,5.28,5.13,5.03,5.45,5.13,4.21,4.61,3.6,3.56,3.5,4.57,4.52,4.44,8.56,8.9,8.9,68.21,67.55,70.05,2.03,,4.28,2.76,1.6,5.28,3.82,2.66,26.87,,12.04,3.76,4.71,
1727,中華化,90.9,2026-07-09,年配,0.15,0.17,,0.15,0.5,0.3,0.8,0.52,,0.2,0.6,,0.17,0.55,0.33,0.88,0.57,,0.22,0.66,,,3.23,2.69,8.32,15.15,-11.24,2.12,6.64,,,0.51,0.39,1.11,1.86,-1.26,0.3,0.9,0.32,0.45,0.44,0.35,0.5,0.48,2.96,7.35,3.84,87.48,68.75,68.06,0.28,,0.03,0.01,-0.05,0.51,0.45,0.22,660.0,,-93.33,-95.45,0.36,
1730,花仙子,51.3,2026-07-09,半年配,3.0,5.85,,3.0,3.0,2.8,3.0,3.0,3.86,3.76,3.5,,5.85,5.85,5.46,5.85,5.85,7.52,7.33,6.82,,,13.85,13.38,14.92,15.73,21.1,21.32,21.1,,,3.95,3.65,4.01,4.14,5.51,5.37,4.96,2.93,2.96,3.24,5.72,5.77,6.32,13.62,14.47,17.34,76.33,74.98,72.94,1.48,,3.42,2.23,1.35,3.95,2.94,1.86,9.63,,16.33,19.89,3.55,
1731,美吾華,20.65,2026-07-09,年配,1.22,5.91,,1.22,1.2,1.15,1.1,1.17,1.0,0.6,0.3,,5.91,5.81,5.57,5.33,5.67,4.84,2.91,1.45,,,8.36,8.38,8.09,8.47,9.41,5.79,4.36,,,1.3,1.27,1.22,1.24,1.29,0.76,0.57,1.19,1.17,0.97,5.76,5.66,4.69,8.37,8.33,7.55,91.43,91.84,82.35,0.43,,1.1,0.79,0.4,1.3,1.09,0.79,7.5,,0.92,0.0,1.13,
1732,毛寶,27.0,2026-07-09,年配,0.6,2.22,,0.6,0.5,,,0.35,0.5,,,,2.22,1.85,,,1.3,1.85,,,,,2.6,-1.26,1.07,3.98,8.17,5.63,1.63,,,0.3,-0.14,0.12,0.46,0.91,0.59,0.16,0.55,0.48,0.49,2.04,1.79,1.81,0.67,1.6,3.12,166.67,121.38,99.24,0.35,,0.37,0.07,0.15,0.3,0.31,0.23,133.33,,19.35,-69.57,0.57,
1733,五鼎,30.3,2026-07-09,年配,1.3,4.29,,1.3,1.2,1.1,1.4,1.3,1.1,1.1,0.85,,4.29,3.96,3.63,4.62,4.29,3.63,3.63,2.81,,,7.08,6.4,10.16,11.9,5.7,6.8,5.66,,,1.28,1.16,1.82,2.03,0.95,1.14,0.95,1.2,1.26,1.17,3.96,4.16,3.86,6.74,8.88,7.67,94.29,82.38,90.18,0.81,,1.13,0.91,0.62,1.28,0.9,0.56,30.65,,25.56,62.5,1.32,
1734,杏輝,33.1,2026-07-09,年配,1.0,3.02,,1.0,1.0,1.0,1.0,0.2,0.2,,0.1,,3.02,3.02,3.02,3.02,0.6,0.6,,0.3,,,8.21,10.79,5.22,-6.59,-5.44,-4.47,-3.49,,,1.68,2.24,1.34,-0.23,-0.17,0.08,0.05,1.0,0.84,0.64,3.02,2.54,1.94,9.5,4.41,0.6,52.08,22.96,29.03,0.39,,1.39,1.0,0.62,1.68,1.23,1.05,-37.1,,13.01,-4.76,1.16,
1735,日勝化,22.0,2026-07-09,年配,0.65,2.95,,0.65,0.8,0.5,0.5,,0.5,0.65,0.15,,2.95,3.64,2.27,2.27,,2.27,2.95,0.68,,,6.28,5.03,2.41,0.69,5.02,8.28,0.74,,,0.97,0.76,0.35,0.1,0.74,1.19,0.1,0.65,0.61,0.54,2.95,2.78,2.43,5.66,3.6,4.06,74.13,97.04,93.88,0.2,,0.2,0.0,0.17,0.97,0.72,0.53,17.65,,-72.22,-100.0,0.23,
1736,喬山,131.5,2026-07-09,年配,4.5,3.42,,4.5,4.0,1.0,0.6,0.5,1.12,1.4,0.65,,3.42,3.04,0.76,0.46,0.38,0.85,1.06,0.49,,,22.41,7.42,2.38,1.01,7.7,14.73,4.7,,,8.02,2.34,1.42,0.13,2.24,4.26,1.29,3.17,2.12,1.72,2.41,1.61,1.31,14.92,8.3,8.62,46.31,129.87,93.25,0.08,,3.41,1.28,0.91,8.02,2.08,0.51,-91.21,,63.94,150.98,2.58,
1737,臺鹽,31.9,2026-07-09,年配,1.4,4.39,,1.4,1.3,1.2,1.5,1.5,1.35,1.5,1.8,,4.39,4.08,3.76,4.7,4.7,4.23,4.7,5.64,,,4.8,3.29,6.49,6.4,5.99,5.61,7.44,,,1.86,1.5,2.13,1.97,1.83,1.73,2.26,1.3,1.38,1.44,4.08,4.33,4.53,4.04,5.24,5.72,74.94,74.11,76.65,0.47,,1.28,0.92,0.49,1.86,1.47,1.02,-4.08,,-12.93,-9.8,1.26,
1752,南光,31.8,2026-07-09,年配,1.6,5.03,,1.6,1.6,2.0,2.3,1.8,1.6,1.2,0.9,,5.03,5.03,6.29,7.23,5.66,5.03,3.77,2.83,,,10.14,8.29,15.14,8.82,8.35,10.26,4.82,,,2.41,1.96,3.49,1.94,1.82,2.17,1.0,1.73,1.86,1.62,5.45,5.85,5.11,9.22,10.6,9.4,84.22,81.78,80.05,0.32,,1.69,1.23,0.71,2.41,1.55,0.98,-54.93,,9.03,25.51,1.3,
1760,寶齡富錦,62.2,2026-07-09,年配,2.0,3.22,,2.0,1.7999999999999998,1.5,2.0,1.5,0.7,1.72,1.76,,3.22,2.89,2.41,3.22,2.41,1.13,2.77,2.83,,,6.5,3.94,9.26,6.58,2.15,11.91,14.56,,,1.45,0.9,2.13,1.32,0.36,2.1,2.09,1.77,1.76,1.62,2.84,2.83,2.61,5.22,6.57,7.84,145.4,124.59,122.7,0.6,,1.65,0.77,0.33,1.45,1.07,0.75,81.82,,54.21,2.67,1.92,
1762,中化生,38.15,2026-07-09,年配,0.0,0.0,,,0.19,0.8,1.3,1.3,1.5,0.8,1.2,,,0.5,2.1,3.41,3.41,3.93,2.1,3.15,,,1.58,8.1,15.32,14.87,23.57,5.86,12.31,,,0.95,3.42,6.01,5.17,6.86,1.51,3.02,0.5,0.9,1.01,1.3,2.36,2.66,4.84,9.97,11.66,21.7,22.54,29.25,1.64,,-1.84,-1.08,0.13,0.95,0.69,0.79,1161.54,,-366.67,-236.71,-0.33,
1773,勝一,174.5,2026-07-09,年配,4.0,2.29,,4.0,2.5,3.2,3.6,3.0,3.48888889,2.2,5.0,,2.29,1.43,1.83,2.06,1.72,2.0,1.26,2.87,,,19.52,18.86,24.63,25.77,21.97,18.19,19.98,,,7.21,6.31,7.3,8.08,6.52,5.9,6.2,3.23,3.26,3.37,1.85,1.87,1.93,19.19,22.19,21.27,42.69,42.96,49.04,2.02,,5.01,3.18,1.9,7.21,5.36,3.45,6.32,,-6.53,-7.83,5.13,
1776,展宇,19.55,2026-07-09,年配,0.6,3.07,,0.6,0.8,0.5,0.6,1.5,1.0,0.55,,,3.07,4.09,2.56,3.07,7.67,5.12,2.81,,,,4.0,2.85,1.84,13.92,5.07,6.64,-2.04,,,0.78,0.39,0.27,2.05,0.65,0.86,-0.49,0.63,0.8,0.79,3.24,4.09,4.06,3.42,5.65,4.61,115.38,131.54,123.99,0.35,,0.05,0.03,0.14,0.78,0.65,0.41,150.0,,-92.31,-92.68,0.26,
1783,和康生,40.35,2026-07-09,年配,2.0,4.96,,2.0,0.83,1.0,0.5,,0.73074297,0.78,0.68049822,,4.96,2.06,2.48,1.24,,1.81,1.93,1.69,,,13.9,12.48,11.44,8.76,7.4,7.1,6.96,,,2.13,1.86,1.65,1.21,0.91,0.87,0.82,1.28,1.08,0.93,3.17,2.68,2.31,13.19,11.64,9.72,46.36,41.01,62.66,0.59,,2.02,1.18,0.53,2.13,1.55,0.99,11.32,,30.32,19.19,2.08,
1786,科妍,56.0,2026-07-09,年配,1.91,3.41,,1.90885091,3.25,2.5,2.0,1.417565,0.959848,1.3641,0.85456,,3.41,5.8,4.46,3.57,2.53,1.71,2.44,1.53,,,13.75,11.34,9.57,7.13,9.26,9.9,8.72,,,3.51,2.66,2.14,1.54,2.1,2.09,1.66,2.55,2.22,1.78,4.56,3.95,3.18,12.54,10.45,9.95,93.28,93.02,76.36,0.29,,1.38,0.57,0.79,3.51,2.58,1.76,-63.29,,-46.51,-67.61,0.88,
1789,神隆,20.55,2026-07-09,年配,0.29,1.41,,0.29,0.35,0.3,0.36,0.48,0.5,0.27,0.49,,1.41,1.7,1.46,1.75,2.34,2.43,1.31,2.38,,,3.25,2.76,3.37,2.31,2.71,2.08,4.23,,,0.43,0.36,0.45,0.31,0.36,0.27,0.56,0.31,0.36,0.38,1.52,1.73,1.85,3.0,2.92,2.96,82.36,99.89,103.71,0.02,,0.12,0.1,0.06,0.43,0.31,0.27,-66.67,,-61.29,-62.96,0.08,
1795,美時,204.0,2026-07-09,年配,2.56,1.25,,2.56,5.73,4.66,3.46,1.93,0.35,,,,1.25,2.81,2.28,1.7,0.95,0.17,,,,,26.3,26.32,24.23,14.17,12.49,8.79,1.62,,,19.35,15.72,11.59,5.5,4.22,2.74,0.42,4.32,3.67,3.12,2.11,1.8,1.53,26.31,22.76,16.27,29.62,31.05,26.5,2.18,,13.82,8.29,5.47,19.35,15.03,9.05,-60.15,,-8.05,-8.4,10.53,
1802,台玻,65.0,2026-07-09,年配,0.0,0.0,,,,,,1.82,0.5,,0.3,,,,,,2.8,0.77,,0.46,,,-3.44,0.05,-1.5,23.39,5.46,-3.53,2.12,,,-0.54,0.01,-0.25,3.95,0.85,-0.5,0.37,,1.82,0.87,,2.8,1.34,-1.7,4.62,3.22,,46.08,61.99,0.2,,-0.33,-0.43,-0.13,-0.54,-0.52,-0.15,253.85,,36.54,-186.67,0.0,
1805,寶徠,10.1,2026-07-09,年配,0.0,0.0,,,,,,,,,,,,,,,,,,,,,30.77,-17.23,-17.19,-5.61,-9.72,-11.57,-13.97,,,2.96,-1.55,-0.94,-0.34,-0.62,-0.91,-1.17,,,,,,,6.77,-2.32,-6.36,,,,0.14,,0.06,0.14,0.23,2.96,0.79,0.62,-39.13,,-92.41,-77.42,-0.03,
1806,冠軍,8.41,2026-07-09,半年配,0.15,1.78,,0.15,1.0,,,1.0,,,,,1.78,11.89,,,11.89,,,,,,2.17,0.01,-3.15,16.5,-7.04,-6.89,-8.51,,,0.31,0.0,-0.45,2.29,-0.93,-0.98,-1.32,0.57,0.72,0.72,6.84,8.52,8.52,1.09,3.88,-0.99,322.58,183.12,183.12,-0.1,,0.23,0.07,0.04,0.31,0.22,0.04,-350.0,,4.55,75.0,0.09,
1808,潤隆,30.1,2026-07-09,年配,1.5,4.98,,1.5,2.0,3.0,0.6,2.0,0.2,1.0,6.4,,4.98,6.64,9.97,1.99,6.64,0.66,3.32,21.26,,,16.1,78.85,2.47,28.47,2.22,10.23,36.55,,,2.28,17.08,0.35,4.26,0.32,2.13,8.11,2.17,1.82,2.09,7.2,6.04,6.93,47.47,31.47,24.98,52.64,80.92,73.15,1.06,,-0.37,-0.23,-0.15,2.28,2.52,4.57,806.67,,-114.68,-105.03,0.84,
1809,中釉,48.6,2026-07-09,年配,0.25,0.51,,0.25,0.25,0.2,0.25,0.25,0.2,0.2,0.2,,0.51,0.51,0.41,0.51,0.51,0.41,0.41,0.41,,,1.16,-1.65,0.94,0.86,-2.71,-2.12,-0.49,,,0.33,-0.1,0.38,0.25,-0.36,-0.24,0.0,0.23,0.24,0.22,0.48,0.49,0.46,-0.24,0.33,-0.57,-62.12,10.39,-16.22,0.05,,0.11,0.09,0.05,0.33,0.27,0.15,0.0,,-59.26,-40.0,0.11,
1810,和成,23.85,2026-07-09,年配,0.2,0.84,,0.2,0.19,0.2,0.2,0.2,0.2,,0.2,,0.84,0.8,0.84,0.84,0.84,0.84,,0.84,,,0.9,0.33,2.28,26.23,1.36,0.64,-1.36,,,0.19,0.06,0.46,3.33,0.24,0.13,-0.18,0.2,0.2,0.2,0.83,0.83,0.83,0.62,7.44,4.34,216.66,120.7,75.84,3.64,,0.04,0.0,-0.09,0.19,0.19,0.03,4144.44,,-78.95,-100.0,3.77,
1817,凱撒衛,38.75,2026-07-09,年配,2.2,5.68,,2.2,2.4,1.8,2.3,2.0,2.0,1.7,2.3,,5.68,6.19,4.65,5.94,5.16,5.16,4.39,5.94,,,14.81,11.67,15.44,12.78,12.91,10.6,15.36,,,4.37,3.27,4.04,3.07,3.04,2.48,3.5,2.13,2.14,2.09,5.51,5.52,5.39,13.24,13.68,13.37,54.98,58.01,61.73,1.21,,2.75,1.54,0.63,4.37,3.06,2.05,92.06,,-10.13,-24.88,3.33,
1903,士紙,48.95,2026-07-09,年配,0.0,0.0,,,,,,,,,,,,,,,,,,,,,-0.44,1.82,3.11,1.42,-4.57,-6.99,-6.06,,,-0.08,0.33,0.81,0.32,-0.52,-0.69,-0.64,,,,,,,0.69,1.48,-1.67,,,,-0.07,,0.54,-0.22,-0.07,-0.08,0.0,-0.12,0.0,,,-83.33,0.54,
1904,正隆,23.4,2026-07-09,年配,0.45,1.92,,0.45,0.45,0.5,1.1,1.9,1.8,1.2,1.1,,1.92,1.92,2.14,4.7,8.12,7.69,5.13,4.7,,,2.18,3.16,9.39,14.54,14.3,9.44,17.6,,,0.55,0.83,2.27,3.58,3.36,2.08,3.38,0.47,0.88,1.06,1.99,3.76,4.54,2.67,7.32,10.09,71.03,60.9,55.34,0.56,,0.17,0.03,0.08,0.55,0.44,0.39,600.0,,-61.36,-92.31,0.65,
1905,華紙,15.75,2026-07-09,年配,0.0,0.0,,,,,0.3,0.4,,,0.35,,,,,1.9,2.54,,,2.22,,,-1.25,-3.12,3.02,2.68,-1.82,-1.7,2.93,,,-0.23,-0.53,0.41,0.45,-0.18,-0.22,0.4,,0.35,0.35,,2.22,2.22,-2.18,0.33,0.11,,81.03,83.19,-0.16,,-0.85,-0.57,-0.31,-0.23,-0.06,-0.13,48.39,,-1316.67,-338.46,-0.7,
1906,寶隆,11.3,2026-07-09,半年配,0.0,0.0,,,0.1,0.15,0.5,0.6,0.4,0.5,0.5,,,0.88,1.33,4.42,5.31,3.54,4.42,4.42,,,0.98,0.65,7.27,2.79,1.81,3.2,7.47,,,0.25,0.2,2.83,1.22,0.62,0.8,3.32,0.12,0.34,0.39,1.1,2.98,3.47,0.82,2.92,3.45,57.5,45.46,46.28,-0.03,,-0.15,-0.38,-0.01,0.25,-0.02,0.17,-200.0,,-650.0,-323.53,-0.17,
1907,永豐餘,27.75,2026-07-09,年配,1.0,3.6,,1.0,0.8,0.9,0.9,1.5,1.5,0.7,0.6,,3.6,2.88,3.24,3.24,5.41,5.41,2.52,2.16,,,2.88,2.92,4.2,12.51,12.11,5.44,4.33,,,0.98,1.1,1.31,3.13,3.14,1.38,0.87,0.9,1.02,0.99,3.24,3.67,3.56,2.9,5.63,6.34,81.72,70.02,63.93,0.13,,0.87,-0.04,-0.09,0.98,0.65,0.18,244.44,,33.85,-122.22,1.09,
1909,榮成,10.3,2026-07-09,半年配,0.0,0.0,,,,,0.25,1.2,0.6,0.3,0.5,,,,,2.43,11.65,5.83,2.91,4.85,,,-1.73,-4.46,-3.59,8.91,3.91,2.28,3.64,,,-0.28,-0.77,-0.71,1.84,0.77,0.45,0.82,,0.72,0.57,,7.04,5.53,-3.1,-0.22,1.28,,15.0,47.12,-0.02,,-0.54,-0.43,-0.1,-0.28,-0.1,0.1,80.0,,-440.0,-530.0,-0.46,
2002,中鋼,18.55,2026-07-09,年配,0.15,0.81,,0.15,0.33,0.35,1.0,3.1,0.3,0.5,1.0,,0.81,1.78,1.89,5.39,16.71,1.62,2.7,5.39,,,1.13,1.01,4.84,19.41,0.69,3.06,8.27,,,0.13,0.11,1.15,4.02,0.05,0.57,1.58,0.28,0.99,0.84,1.49,5.32,4.54,1.07,6.6,5.49,286.02,184.02,212.44,-0.16,,-0.27,-0.11,0.02,0.13,0.12,0.13,-900.0,,-325.0,-184.62,-0.45,
2002A,中鋼特,38.4,2026-07-09,年配,1.4,3.65,,1.4,1.4,1.4,1.4,3.1,1.4,1.4,1.4,,3.65,3.65,3.65,3.65,8.07,3.65,3.65,3.65,,,,,,,,,,,,,,,,,,,1.4,1.74,1.61,3.65,4.53,4.2,,,,,,,,,,,,,,,,,,,,
2006,東和鋼鐵,70.2,2026-07-09,年配,4.3,6.13,,4.3,4.0,4.2,3.5,6.4,1.5,1.35,1.2,,6.13,5.7,5.98,4.99,9.12,2.14,1.92,1.71,,,14.16,15.85,13.68,20.62,13.68,6.45,3.7,,,6.13,6.48,5.47,5.95,3.52,1.56,0.88,4.17,4.48,3.31,5.94,6.38,4.71,15.0,16.08,12.59,65.03,75.4,81.02,1.66,,4.55,3.01,1.5,6.13,4.57,3.09,10.67,,-0.44,-2.59,4.71,
2007,燁興,7.31,2026-07-09,年配,0.0,0.0,,,,,,,,,,,,,,,,,,,,,-19.45,-15.56,-9.75,0.18,-7.03,-10.63,0.24,,,-2.04,-1.85,-1.31,0.02,-0.89,-1.21,0.03,,,,,,,-17.5,-11.14,-8.86,,,,-0.45,,-1.54,-0.97,-0.38,-2.04,-1.54,-0.98,-18.42,,0.0,1.02,-1.61,
2008,高興昌,29.85,2026-07-09,年配,1.0,3.35,,1.0,0.5,1.0,0.5,,,,,,3.35,1.68,3.35,1.68,,,,,,,1.39,13.82,3.88,1.47,-1.26,-5.16,-7.03,,,0.26,2.24,0.56,0.21,-0.16,-0.62,-0.88,0.83,0.75,0.75,2.79,2.52,2.52,7.6,5.14,1.02,118.48,108.75,108.75,0.13,,0.68,0.38,0.06,0.26,0.34,0.18,116.67,,100.0,111.11,0.75,
2009,第一銅,38.1,2026-07-09,年配,0.4,1.05,,0.4,0.5,,0.4,1.0,0.8,,,,1.05,1.31,,1.05,2.62,2.1,,,,,4.04,-0.18,3.59,7.69,1.93,-2.72,2.21,,,0.74,-0.03,0.55,1.18,0.22,-0.28,0.24,0.45,0.57,0.62,1.18,1.51,1.63,1.93,3.78,2.37,67.57,75.02,147.17,0.21,,0.34,-0.21,-0.02,0.74,0.75,0.15,1150.0,,-54.67,-240.0,0.57,
2010,春源,21.35,2026-07-09,年配,2.0,9.37,,2.0,1.3,1.0,0.6,1.3,0.6,0.3,0.56,,9.37,6.09,4.68,2.81,6.09,2.81,1.41,2.62,,,8.79,7.54,5.24,10.9,4.83,2.16,2.22,,,1.65,1.35,0.95,1.88,0.79,0.37,0.39,1.43,1.24,0.96,6.71,5.81,4.48,8.16,8.12,5.95,76.43,71.29,83.68,0.57,,1.74,1.16,0.56,1.65,1.16,0.7,1.79,,50.0,65.71,1.75,
2012,春雨,15.7,2026-07-09,半年配,0.3,1.91,,0.3,1.0,0.91,1.5,1.5,0.6,1.2,1.3,,1.91,6.37,5.8,9.55,9.55,3.82,7.64,8.28,,,7.86,7.11,13.62,19.87,6.21,12.37,13.52,,,1.03,0.91,1.93,2.81,0.75,1.6,1.74,0.74,1.04,1.04,4.69,6.64,6.62,7.48,12.12,11.51,98.54,82.05,79.7,-0.12,,0.25,0.13,0.09,1.03,0.93,0.78,-233.33,,-73.12,-83.33,0.04,
2013,中鋼構,41.4,2026-07-09,年配,2.4,5.8,,2.4,2.0,1.9,1.7,2.0,2.8,0.81,0.47,,5.8,4.83,4.59,4.11,4.83,6.76,1.96,1.14,,,9.97,10.06,9.18,9.89,13.87,3.7,2.8,,,2.7,2.68,2.39,2.49,3.26,0.82,0.61,2.1,2.0,1.76,5.07,4.83,4.25,10.02,9.78,8.5,72.48,74.1,79.73,0.66,,2.27,1.37,0.63,2.7,2.0,1.28,4.76,,13.5,7.03,2.3,
2014,中鴻,17.15,2026-07-09,年配,0.0,0.0,,,,0.1,0.35,2.8,0.3,,0.1,,,,0.58,2.04,16.33,1.75,,0.58,,,-5.86,0.96,-5.0,33.6,3.55,0.07,22.73,,,-0.62,0.11,-0.69,4.42,0.37,0.01,2.11,0.1,1.08,0.73,0.58,6.32,4.26,-2.45,5.93,7.15,90.91,34.51,37.87,-0.1,,-1.1,-0.73,-0.15,-0.62,-0.57,-0.14,33.33,,-92.98,-421.43,-1.05,
2015,豐興,61.5,2026-07-09,年配,3.3,5.37,,3.3,3.5,3.5,4.0,5.0,3.5,3.0,4.0,,5.37,5.69,5.69,6.5,8.13,5.69,4.88,6.5,,,11.2,10.87,14.01,19.41,13.88,10.63,16.24,,,4.26,4.08,5.28,6.94,4.5,3.37,5.06,3.43,3.86,3.72,5.58,6.28,6.06,11.04,13.87,13.75,83.97,78.94,80.23,0.91,,2.94,1.96,0.81,4.26,3.15,2.37,12.35,,-6.67,-17.3,3.04,
2017,官田鋼,9.12,2026-07-09,年配,0.0,0.0,,,,,0.4,0.6,0.3,,0.4,,,,,4.39,6.58,3.29,,4.39,,,2.41,-3.32,4.97,11.01,1.28,-2.98,2.76,,,0.28,-0.68,0.69,1.98,0.04,-0.5,0.51,,0.5,0.43,,5.48,4.66,-0.45,3.77,2.3,,44.14,229.18,-0.14,,-0.31,-0.07,-0.12,0.28,0.5,0.6,-16.67,,-162.0,-111.67,-0.33,
2020,美亞,21.45,2026-07-09,年配,1.8,8.39,,1.8,2.2,2.0,1.0,3.0,1.7,1.85,1.4,,8.39,10.26,9.32,4.66,13.99,7.93,8.62,6.53,,,19.09,29.39,7.81,23.0,12.5,14.17,9.81,,,3.09,4.8,1.2,3.52,1.76,1.96,1.34,2.0,2.0,1.87,9.32,9.32,8.71,24.24,19.82,16.54,56.44,70.36,82.41,0.4,,1.66,1.07,0.59,3.09,2.85,2.13,-32.2,,-41.75,-49.77,1.47,
2022,聚亨,8.07,2026-07-09,年配,0.0,0.0,,,,0.2,,,,,,,,,2.48,,,,,,,,-7.28,2.92,-1.07,8.06,-4.03,-17.22,0.12,,,-0.49,0.24,-0.25,0.89,-0.39,-1.64,-0.11,0.2,0.2,0.2,2.48,2.48,2.48,-2.18,0.66,-2.64,83.33,83.33,83.33,-0.09,,0.02,-0.03,-0.01,-0.49,-0.12,0.07,-800.0,,116.67,-142.86,-0.06,
2023,燁輝,13.9,2026-07-09,年配,0.0,0.0,,,,0.2,0.3,0.5,,,0.1,,,,1.44,2.16,3.6,,,0.72,,,-5.89,-4.6,1.59,17.19,1.87,-5.96,0.89,,,-0.81,-0.55,0.41,2.75,0.39,-0.73,0.16,0.2,0.33,0.28,1.44,2.4,1.98,-5.24,2.07,0.73,-36.36,18.33,29.37,-0.4,,-1.4,-0.86,-0.16,-0.81,-0.41,-0.03,-150.0,,-241.46,-2766.67,-1.64,
2024,志聯,13.6,2026-07-09,年配,0.0,0.0,,,,,0.35,1.2,0.25,0.35,0.6,,,,,2.57,8.82,1.84,2.57,4.41,,,1.43,-4.78,3.87,12.01,2.36,1.47,6.31,,,0.16,-0.56,0.48,1.47,0.28,0.18,0.77,,0.77,0.55,,5.7,4.04,-1.68,3.13,3.24,,77.28,103.24,0.16,,-0.14,-0.08,0.03,0.16,0.05,0.06,433.33,,-380.0,-233.33,-0.01,
2025,千興,12.1,2026-07-09,年配,0.0,0.0,,,,,,,,,,,,,,,,,,,,,-15.52,14.39,72.09,48.77,-39.54,-24.52,-46.82,,,-1.42,0.81,2.78,0.98,-0.75,-0.63,-1.83,,,,,,,-0.56,29.93,1.26,,,,0.47,,-0.41,-0.72,0.13,-1.42,-0.57,-0.19,261.54,,28.07,-278.95,-0.07,
2027,大成鋼,40.0,2026-07-09,年配,1.5,3.75,,1.5,1.1,1.2,2.4,1.8,0.8,0.85,3.0,,3.75,2.75,3.0,6.0,4.5,2.0,2.12,7.5,,,6.12,9.18,22.44,25.31,-0.28,5.95,21.85,,,1.53,2.3,6.23,5.76,-0.44,1.49,5.83,1.27,1.6,1.58,3.17,4.0,3.95,7.65,15.76,12.94,62.04,48.46,17.22,1.17,,2.08,1.09,0.67,1.53,0.99,0.87,74.63,,110.1,25.29,2.58,
2028,威致,15.9,2026-07-09,季配,0.2,1.26,,0.2,0.3,0.8,1.3,2.5,,,,,1.26,1.89,5.03,8.18,15.72,,,,,,6.93,9.43,16.63,43.29,22.16,8.35,24.6,,,0.98,1.28,2.3,5.11,1.85,0.6,1.58,0.43,1.02,1.02,2.73,6.42,6.42,8.18,19.07,18.77,46.56,49.64,49.64,0.15,,0.09,0.22,0.07,0.98,0.84,0.76,114.29,,-89.29,-71.05,0.17,
2029,盛餘,20.8,2026-07-09,年配,0.6,2.88,,0.6,1.25,1.25,1.03,2.55,0.5,0.15,0.25,,2.88,6.01,6.01,4.95,12.26,2.4,0.72,1.2,,,5.81,6.37,5.02,13.58,2.88,0.35,1.09,,,1.81,1.95,1.57,3.94,0.77,0.11,0.33,1.03,1.34,0.95,4.97,6.42,4.55,6.09,7.7,5.01,66.58,65.87,77.22,0.42,,0.47,0.53,0.54,1.81,1.23,0.97,-22.22,,-61.79,-45.36,0.35,
2030,彰源,17.8,2026-07-09,年配,0.5,2.81,,0.5,0.7,0.5,1.5,2.0,0.5,0.5,1.0,,2.81,3.93,2.81,8.43,11.24,2.81,2.81,5.62,,,4.77,1.01,14.56,27.18,2.74,6.69,14.11,,,0.84,0.18,2.64,4.29,0.38,0.94,1.97,0.57,1.04,0.9,3.18,5.84,5.06,2.89,11.88,10.15,180.55,116.14,100.01,0.61,,0.13,0.05,0.3,0.84,0.66,0.3,103.33,,-80.3,-83.33,0.44,
2031,新光鋼,38.35,2026-07-09,年配,2.5,6.52,,2.5,2.5,3.0,1.0,4.0,2.0,0.8,1.5,,6.52,6.52,7.82,2.61,10.43,5.22,2.09,3.91,,,12.1,15.64,3.85,28.12,11.34,1.68,14.58,,,4.5,5.15,1.23,8.62,2.69,0.39,3.17,2.67,2.6,2.16,6.95,6.78,5.64,13.87,14.93,12.47,56.9,60.38,81.19,0.22,,2.67,2.07,-1.06,4.5,4.75,6.83,120.75,,-43.79,-69.69,3.95,
2032,新鋼,16.4,2026-07-09,年配,0.5,3.05,,0.5,0.375,,0.2,1.18,0.53,0.35,0.13,,3.05,2.29,,1.22,7.2,3.23,2.13,0.79,,,3.51,-1.24,2.17,9.48,4.49,2.86,1.0,,,0.45,-0.16,0.29,1.28,0.58,0.36,0.13,0.44,0.56,0.47,2.67,3.44,2.84,1.13,3.48,3.18,83.33,81.5,88.85,0.49,,0.37,0.12,0.19,0.45,0.33,0.32,157.89,,12.12,-62.5,0.67,
2033,佳大,15.8,2026-07-09,年配,0.0,0.0,,,0.2,,,0.2,0.3,0.2,0.2,,,1.27,,,1.27,1.9,1.27,1.27,,,1.52,-0.3,-1.22,1.41,1.92,3.67,1.24,,,0.19,-0.04,-0.16,0.18,0.25,0.45,0.15,0.2,0.2,0.22,1.27,1.27,1.4,0.61,0.35,1.18,105.26,108.18,102.83,0.09,,0.25,0.16,0.11,0.19,0.15,0.09,-18.18,,66.67,77.78,0.23,
2034,允強,20.55,2026-07-09,年配,1.0,4.87,,1.0,1.0,1.0,1.5,1.5,1.5,1.2,1.8,,4.87,4.87,4.87,7.3,7.3,7.3,5.84,8.76,,,-1.06,-1.75,5.23,13.63,5.12,8.14,11.79,,,-0.22,-0.38,1.16,2.86,1.04,1.53,2.23,1.0,1.2,1.31,4.87,5.84,6.39,-1.4,4.01,5.87,-358.86,-133.99,-33.22,0.0,,0.33,-0.08,0.5,-0.22,0.17,0.17,-100.0,,94.12,-147.06,-0.17,
2038,海光,13.2,2026-07-09,年配,0.0,0.0,,,,,,1.5,0.5,,,,,,,,11.36,3.79,,,,,0.48,0.76,4.69,11.89,4.28,-7.23,-5.12,,,0.2,0.28,1.16,2.54,0.87,-1.4,-1.09,,1.5,1.0,,11.36,7.57,0.62,4.46,1.39,,59.06,58.26,0.16,,-0.12,0.23,0.37,0.2,0.2,0.29,-56.76,,-160.0,-20.69,-0.33,
2049,上銀,331.5,2026-07-09,年配,2.0,0.6,,2.0,2.4,2.5,5.5,4.5,2.0,1.8,7.0,,0.6,0.72,0.75,1.66,1.36,0.6,0.54,2.11,,,5.16,5.23,13.18,10.91,6.66,6.82,23.83,,,5.57,5.75,12.98,10.36,6.05,6.03,18.44,2.3,3.38,3.46,0.69,1.02,1.04,5.2,8.62,10.26,43.28,43.1,39.04,1.64,,3.01,1.75,1.36,5.57,4.64,2.76,20.59,,-35.13,-36.59,3.29,
2059,川湖,8250.0,2026-07-09,年配,51.0,0.62,,51.0,32.2,14.19,20.0,10.88,6.12,8.0,9.5,,0.62,0.39,0.17,0.24,0.13,0.07,0.1,0.12,,,32.63,16.86,28.72,17.47,10.66,14.99,18.84,,,64.59,28.38,42.56,21.75,12.22,16.35,18.64,32.46,25.65,18.99,0.39,0.31,0.23,24.74,23.92,20.02,49.92,49.22,49.55,36.58,,66.35,32.8,26.35,64.59,41.96,29.84,38.82,,58.13,9.92,76.58,
2062,橋椿,19.3,2026-07-09,年配,1.0,5.18,,1.0,1.8,0.8,1.0,0.5,0.1,0.1,0.3,,5.18,9.33,4.15,5.18,2.59,0.52,0.52,1.55,,,7.09,4.29,10.66,7.43,-1.48,1.31,2.04,,,2.72,1.57,3.68,2.48,-0.48,0.43,0.68,1.2,1.02,0.7,6.22,5.29,3.63,5.69,7.37,4.48,58.57,41.12,30.15,0.0,,0.19,0.32,0.19,2.72,2.17,1.79,-100.0,,-91.24,-82.12,0.0,
2069,運錩,18.2,2026-07-09,年配,1.0,5.49,,1.0,0.9,0.5,1.0,2.2,0.55,,2.5,,5.49,4.95,2.75,5.49,12.09,3.02,,13.74,,,5.79,-3.77,4.57,19.72,1.22,0.22,26.31,,,1.35,-0.9,1.16,4.73,0.26,0.05,5.9,0.8,1.12,1.24,4.4,6.15,6.79,1.01,6.58,7.72,5.56,35.96,66.29,0.64,,1.1,0.72,0.42,1.35,0.86,0.27,52.38,,27.91,166.67,1.32,
2072,世紀風電,147.0,2026-07-09,年配,8.0,5.44,,8.0,,,,,,,,,5.44,,,,,,,,,,,,,,,,,,,,,,,,,,8.0,8.0,8.0,5.44,5.44,5.44,,,,,,,5.26,,7.56,5.21,2.49,,,,111.24,,,,10.33,
2101,南港,34.0,2026-07-09,半年配,0.7,2.06,,0.7,0.5,,,,0.95,1.25,0.1925,,2.06,1.47,,,,2.79,3.68,0.57,,,24.64,1.3,-9.49,-2.21,7.86,10.77,1.72,,,3.53,0.16,-1.23,-0.29,1.05,1.42,0.23,0.6,0.6,0.72,1.76,1.76,2.11,12.97,3.56,4.94,14.16,14.16,69.09,1.86,,-0.37,-0.46,-0.11,3.53,3.78,0.66,1790.91,,-109.79,-169.7,1.6,
2102,泰豐,19.05,2026-07-09,半年配,0.0,0.0,,,,,,,0.02,,,,,,,,,0.1,,,,,-6.68,-30.96,-29.2,-36.57,1.5,-8.73,-14.36,,,-1.01,-3.76,-2.95,-5.11,0.24,-1.46,-2.67,,,0.02,,,0.1,-18.82,-25.85,-17.86,,,8.33,0.01,,-2.22,-2.37,-0.18,-1.01,-0.62,-0.34,105.56,,-258.06,-597.06,-2.03,
2103,台橡,23.05,2026-07-09,年配,0.27,1.17,,0.27,0.63,0.5599999999999999,1.08,2.4,0.36,0.5,0.98,,1.17,2.73,2.43,4.69,10.41,1.56,2.17,4.25,,,4.92,4.66,10.39,24.81,1.33,4.9,7.4,,,1.04,0.82,2.16,4.76,-0.03,0.9,1.44,0.49,0.99,0.85,2.11,4.29,3.68,4.79,11.2,8.34,64.44,57.32,-121.01,0.53,,0.22,0.32,0.4,1.04,1.14,0.71,32.5,,-80.7,-54.93,0.35,
2104,國際中橡,10.45,2026-07-09,年配,0.0,0.0,,,,,0.1,0.2,0.1,0.2,1.5,,,,,0.96,1.91,0.96,1.91,14.35,,,-8.41,-1.53,1.87,9.94,1.98,3.5,12.34,,,-2.8,-0.51,0.7,3.5,0.75,1.2,4.18,,0.15,0.42,,1.44,4.02,-4.97,0.47,2.81,,10.0,17.18,-0.81,,-3.4,-0.53,-0.24,-2.8,-1.7,-1.71,-237.5,,-100.0,69.01,-3.97,
2105,正新,32.4,2026-07-09,年配,1.8,5.56,,1.8,2.4,2.0,1.4,1.2,1.2,1.0,1.1,,5.56,7.41,6.17,4.32,3.7,3.7,3.09,3.4,,,9.1,8.45,6.02,6.52,7.55,4.46,4.39,,,2.47,2.22,1.53,1.63,1.85,1.07,1.09,2.07,1.76,1.51,6.38,5.43,4.67,8.77,7.52,6.64,93.63,88.1,87.37,0.57,,1.23,0.73,0.45,2.47,2.13,1.41,26.67,,-42.25,-48.23,1.35,
2106,建大,17.4,2026-07-09,年配,0.65,3.74,,0.65,1.1,1.0,0.5,1.0,1.0,0.4,1.0,,3.74,6.32,5.75,2.87,5.75,5.75,2.3,5.75,,,6.1,4.52,1.77,4.85,5.13,5.36,3.61,,,1.3,0.92,0.37,1.01,1.07,1.16,0.79,0.92,0.85,0.83,5.27,4.89,4.78,5.31,4.31,4.48,96.66,106.87,97.43,0.12,,0.06,-0.02,0.07,1.3,1.09,0.9,71.43,,-94.5,-102.22,0.11,
2107,厚生,25.6,2026-07-09,年配,1.4,5.47,,1.4,1.4,1.3,1.2,1.2,1.5,0.8,0.68,,5.47,5.47,5.08,4.69,4.69,5.86,3.12,2.66,,,4.49,4.28,5.98,6.73,8.2,5.09,2.04,,,1.89,1.61,2.09,2.27,2.62,1.54,0.59,1.37,1.3,1.18,5.34,5.08,4.63,4.38,5.37,5.26,77.41,66.28,69.94,0.23,,1.52,0.93,0.47,1.89,1.79,1.14,-51.06,,-15.08,-18.42,1.28,
2108,南帝,28.85,2026-07-09,年配,1.0,3.47,,1.0,1.0,1.0,2.0,7.0,4.0,2.1,1.8,,3.47,3.47,3.47,6.93,24.26,13.86,7.28,6.24,,,5.61,6.2,8.58,53.46,36.14,17.39,20.56,,,1.14,1.45,2.42,14.92,7.21,2.9,3.12,1.0,2.4,2.49,3.47,8.32,8.62,5.9,18.46,21.13,78.34,71.56,67.4,0.34,,0.57,0.33,0.31,1.14,0.79,0.54,9.68,,-27.85,-38.89,0.6,
2109,華豐,14.8,2026-07-09,半年配,1.0,6.76,,1.0,1.5,1.2000000000000002,0.9,1.0,,,,,6.76,10.14,8.11,6.08,6.76,,,,,,11.98,10.83,9.61,12.43,12.91,3.64,-3.82,,,1.61,1.51,1.05,1.3,1.33,0.03,-0.76,1.23,1.12,1.12,8.34,7.57,7.57,11.4,11.21,8.23,86.32,83.82,83.82,0.41,,0.78,0.51,0.37,1.61,1.13,0.91,10.81,,-30.97,-43.96,0.82,
2114,鑫永銓,89.7,2026-07-09,年配,5.0,5.57,,5.0,5.0,5.0,5.0,7.0,5.0,5.0,5.0,,5.57,5.57,5.57,5.57,7.8,5.57,5.57,5.57,,,12.86,15.4,12.75,34.15,21.49,17.21,17.44,,,5.11,6.02,5.03,12.42,7.39,5.63,5.85,5.0,5.4,5.25,5.57,6.02,5.85,14.13,18.79,18.76,90.46,84.17,82.66,1.41,,4.15,2.59,1.45,5.11,3.78,2.45,-2.76,,9.79,5.71,4.11,
2115,六暉-KY,21.4,2026-07-09,年配,1.5,7.01,,1.5,1.5,1.0,1.3,2.0,1.49999995,2.20000009,1.00000004,,7.01,7.01,4.67,6.07,9.35,7.01,10.28,4.67,,,6.78,5.77,7.57,14.06,23.7,10.68,9.42,,,2.05,1.76,2.28,4.02,6.58,2.81,2.54,1.33,1.46,1.5,6.23,6.82,7.01,6.28,8.54,11.14,65.0,59.19,53.89,0.27,,1.48,1.24,0.58,2.05,1.51,1.03,-53.45,,-1.99,20.39,1.17,
2201,裕隆,28.45,2026-07-09,年配,0.56,1.97,,0.56,1.3,1.4,1.0,1.5,1.0,,0.67,,1.97,4.57,4.92,3.51,5.27,3.51,,2.36,,,7.58,10.53,-1.66,11.42,7.94,-35.01,4.74,,,3.78,4.63,-4.8,4.82,2.8,-16.61,1.39,1.09,1.15,1.06,3.82,4.05,3.73,9.06,6.97,0.79,32.32,18.73,26.47,0.35,,0.77,0.53,0.42,3.78,3.2,1.99,-16.67,,-75.94,-73.37,0.7,
2204,中華,57.0,2026-07-09,年配,3.6,6.32,,3.6,4.2,6.0,4.0,5.5,7.0,,1.7,,6.32,7.37,10.53,7.02,9.65,12.28,,2.98,,,10.54,15.68,-18.46,9.57,8.06,-4.71,7.06,,,7.34,10.36,-14.22,7.67,6.01,-2.38,2.64,4.6,4.66,4.57,8.07,8.18,8.02,13.11,4.33,3.96,57.57,39.68,56.6,1.18,,3.9,2.44,1.15,7.34,5.99,4.5,2.61,,-34.89,-45.78,3.93,
2206,三陽工業,64.2,2026-07-09,半年配,3.0,4.67,,3.0,3.0,3.0,1.8,1.3,1.3,1.0,1.0,,4.67,4.67,4.67,2.8,2.02,2.02,1.56,1.56,,,19.02,29.2,18.56,11.95,13.11,14.94,5.05,,,6.02,7.95,3.93,2.3,2.41,2.71,1.26,3.0,2.42,1.92,4.67,3.77,3.0,24.11,19.68,15.98,43.78,47.47,51.44,1.37,,4.6,3.06,1.54,6.02,4.69,3.37,-11.04,,-1.92,-9.2,4.43,
2207,和泰車,476.5,2026-07-09,年配,20.0,4.2,,20.0,20.0,20.0,2.0,20.0,17.0,14.0,12.0,,4.2,4.2,4.2,0.42,4.2,3.57,2.94,2.52,,,22.33,30.74,-19.2,21.93,20.73,20.3,20.51,,,36.74,41.03,-35.39,29.68,25.36,21.55,18.36,20.0,16.4,15.62,4.2,3.44,3.28,26.53,13.95,16.76,51.59,41.23,51.75,7.95,,24.86,14.83,7.73,36.74,28.79,21.1,2.85,,-13.65,-29.72,25.08,
2208,台船,19.75,2026-07-09,年配,0.0,0.0,,,,,,,,,,,,,,,,,,,,,-35.5,-49.15,-30.75,0.1,-27.91,-29.18,-50.14,,,-2.2,-4.32,-3.78,0.02,-3.38,-3.91,-8.87,,,,,,,-42.32,-28.83,-31.79,,,,0.07,,-1.94,-1.98,-0.65,-2.2,-1.0,-0.45,110.77,,-94.0,-340.0,-1.22,
2211,長榮鋼,95.0,2026-07-09,年配,6.5,6.84,,6.5,5.0,6.5,5.0,3.0,2.2,2.0,,,6.84,5.26,6.84,5.26,3.16,2.32,2.11,,,,9.74,16.41,12.11,7.45,8.88,9.07,9.1,,,6.12,8.8,6.22,3.11,2.65,2.44,2.53,6.0,5.2,4.31,6.31,5.47,4.54,13.08,11.43,10.39,77.78,83.1,82.9,1.07,,7.36,4.49,1.49,6.12,5.02,3.07,-28.19,,46.61,46.25,6.94,
2227,裕日車,49.95,2026-07-09,年配,0.84,1.68,,0.84,3.9,3.48,7.22,9.06,18.53,21.27,17.67,,1.68,7.81,6.97,14.45,18.14,37.1,42.58,35.38,,,9.03,6.28,12.61,14.88,30.25,34.65,28.28,,,5.57,3.87,8.04,10.09,21.8,24.27,19.63,2.74,4.9,10.25,5.49,9.81,20.51,7.65,10.7,19.43,79.97,84.88,86.03,-0.89,,-0.24,-1.07,-0.52,5.57,3.61,3.27,-71.15,,-106.65,-132.72,-0.61,
2228,劍麟,85.4,2026-07-09,年配,4.5,5.27,,4.5,9.0,5.0,4.0,2.0,1.05,5.0,5.0,,5.27,10.54,5.85,4.68,2.34,1.23,5.85,5.85,,,15.21,12.05,11.37,6.38,2.59,17.03,13.37,,,9.51,6.78,5.97,3.14,1.3,8.66,6.63,6.17,4.9,4.44,7.22,5.74,5.2,13.63,11.25,11.14,84.2,74.77,73.29,0.87,,4.06,2.93,1.84,9.51,6.76,4.97,-52.72,,-39.94,-41.05,3.09,
2231,為升,111.0,2026-07-09,年配,0.5,0.45,,0.5,2.0,3.0,2.3,1.0,1.2,6.8,7.8,,0.45,1.8,2.7,2.07,0.9,1.08,6.13,7.03,,,9.56,6.4,9.53,11.85,6.18,21.76,27.4,,,3.37,3.2,4.7,4.23,2.03,8.0,9.48,1.83,1.76,3.08,1.65,1.58,2.77,7.98,9.34,13.24,76.55,56.42,64.58,0.4,,-0.06,-0.33,0.7,3.37,1.65,1.05,-42.86,,-103.64,-131.43,-0.36,
2233,宇隆,252.5,2026-07-09,年配,4.0,1.58,,4.0,7.0,5.3,6.0,5.4,3.75,3.3,4.0,,1.58,2.77,2.1,2.38,2.14,1.49,1.31,1.58,,,17.23,15.07,18.63,17.73,13.04,10.99,16.21,,,10.96,8.86,10.32,9.01,6.23,5.07,7.05,5.43,5.54,4.84,2.15,2.19,1.92,16.15,17.16,15.56,61.84,60.44,60.54,1.59,,5.02,3.3,2.02,10.96,8.6,5.49,-21.29,,-41.63,-39.89,4.59,
2236,百達-KY,176.0,2026-07-09,半年配,0.4,0.23,,0.4,0.345,0.5,0.28,4.498,0.3681839,0.06,0.10244247,,0.23,0.2,0.28,0.16,2.56,0.21,0.03,0.06,,,16.79,9.33,6.05,5.57,2.08,3.9,12.57,,,7.38,2.99,1.64,1.47,0.69,0.88,3.57,0.42,1.2,0.82,0.24,0.69,0.47,13.06,9.43,8.04,10.7,86.11,58.21,0.19,,-2.67,0.72,1.0,7.38,-1.01,0.08,-81.0,,-164.36,800.0,-3.48,
2239,英利-KY,21.55,2026-07-09,年配,0.0,0.0,,,,0.66,0.47,2.5,1.85,2.5,4.5,,,,3.06,2.18,11.6,8.58,11.6,20.88,,,0.07,1.51,1.3,6.87,6.22,7.31,11.68,,,-0.09,1.41,1.17,5.64,4.07,5.46,9.89,0.66,1.21,2.08,3.06,5.61,9.65,0.79,2.44,4.99,46.81,43.77,44.67,-1.68,,-4.74,-2.52,-3.48,-0.09,-0.53,0.22,51.72,,-794.34,-1245.45,-2.94,
2241,艾姆勒,42.95,2026-07-09,年配,0.0,0.0,,,,,,,0.6036,0.88,,,,,,,,1.41,2.05,,,,-14.51,-15.53,-14.53,-6.64,0.47,7.29,5.08,,,-1.98,-2.47,-2.46,-1.23,0.08,1.01,0.65,,,0.74,,,1.73,-15.02,-12.8,-5.48,,,420.82,-0.15,,-0.6,-0.36,-0.23,-1.98,-1.14,-0.71,34.78,,47.37,49.3,-0.52,
2243,宏旭-KY,51.0,2026-07-09,年配,0.0,0.0,,,,,,,,,,,,,,,,,,,,,2.35,-24.68,-5.83,-15.25,-41.4,-14.64,-3.45,,,0.24,-2.21,-0.65,-1.82,-6.23,-3.03,-0.82,,,,,,,-11.16,-10.85,-14.7,,,,0.66,,-0.11,0.38,-0.61,0.24,-0.18,0.18,208.2,,38.89,111.11,1.16,
2247,汎德永業,233.0,2026-07-09,半年配,14.5,6.22,,14.5,18.5,18.0,15.0,12.0,11.0,8.4375,7.5,,6.22,7.94,7.73,6.44,5.15,4.72,3.62,3.22,,,14.8,14.29,12.32,10.75,10.73,8.55,9.02,,,23.93,22.17,18.28,15.36,14.5,10.2,10.57,17.0,15.6,13.12,7.3,6.7,5.63,14.54,13.04,11.49,79.25,79.67,78.32,2.35,,14.86,11.0,4.79,23.93,18.23,12.01,-50.94,,-18.49,-8.41,12.42,
2248,華勝-KY,59.0,2026-07-09,年配,3.11,5.27,,3.1055,2.73247,0.93576,0.8138,0.70992,,0.5866,0.9092,,5.26,4.63,1.59,1.38,1.2,,0.99,1.54,,,24.51,14.98,13.44,12.65,-0.78,2.8,14.71,,,6.42,3.29,2.65,2.28,-0.05,0.49,2.53,2.26,1.66,1.4,3.83,2.81,2.37,19.74,16.4,11.76,35.5,33.21,48.08,1.87,,3.36,2.12,1.27,6.42,4.68,3.08,47.24,,-28.21,-31.17,3.96,
2250,IKKA-KY,64.5,2026-07-09,年配,3.0,4.65,,3.0,3.5,3.2,3.0,3.22222222,3.68181818,,,,4.65,5.43,4.96,4.65,5.0,5.71,,,,,10.3,7.2,7.59,12.26,12.12,15.09,,,,6.17,4.07,3.54,6.06,5.2,5.93,,3.23,3.18,3.27,5.01,4.94,5.07,8.75,9.34,10.76,67.68,68.32,68.81,0.64,,3.19,2.2,1.18,6.17,5.18,3.3,-45.76,,-38.42,-33.33,2.65,
2254,巨鎧精密-創,59.4,2026-07-09,半年配,0.0,0.0,,,,,0.5900000000000001,0.86,,,,,,,,0.99,1.45,,,,,,-6.27,-5.43,21.12,54.02,35.57,,,,,-1.06,-0.78,2.46,9.47,7.03,,,,0.73,0.73,,1.22,1.22,-5.85,15.86,19.8,,16.53,16.53,-1.04,,-0.11,0.18,0.13,-1.06,-0.69,-0.65,-900.0,,84.06,127.69,-1.28,
2258,鴻華先進-創,31.8,2026-07-09,年配,0.0,0.0,,,,,,,,,,,,,,,,,,,,,-11.8,-11.9,-9.77,-5.4,,,,,,-1.23,-1.2,-0.87,-0.51,,,,,,,,,,-11.85,-9.72,-9.72,,,,-0.51,,-1.29,-0.68,-0.3,-1.23,-0.74,-0.42,-70.0,,-74.32,-61.9,-1.5,
2301,光寶科,213.5,2026-07-09,季配,5.0,2.34,,5.0,4.5,4.5,4.5,4.5,3.4,3.2,2.92,,2.34,2.11,2.11,2.11,2.11,1.59,1.5,1.37,,,13.59,17.48,18.32,18.95,13.21,12.6,10.73,,,5.21,6.36,6.19,6.01,4.31,4.03,3.42,4.67,4.6,4.06,2.19,2.16,1.9,15.54,17.08,14.98,78.56,76.18,78.34,1.66,,4.94,2.89,1.51,5.21,3.88,2.4,9.93,,27.32,20.42,5.09,
2302,麗正,46.35,2026-07-09,年配,0.35,0.76,,0.35,0.58,0.31,0.8,0.60131249,0.30065,,,,0.76,1.25,0.67,1.73,1.3,0.65,,,,,6.96,4.79,9.66,4.8,6.3,0.03,1.69,,,0.75,0.52,1.06,0.51,0.64,0.0,0.17,0.41,0.53,0.49,0.89,1.14,1.06,5.88,6.55,4.89,68.47,82.58,75.46,0.25,,0.4,0.02,-0.05,0.75,0.38,0.3,600.0,,5.26,-93.33,0.7,
2303,聯電,156.0,2026-07-09,年配,2.6,1.67,,2.6,2.85,3.0,3.6,3.0,1.6,0.75,0.58,,1.67,1.83,1.92,2.31,1.92,1.03,0.48,0.37,,,12.77,17.68,28.55,21.32,12.27,2.96,1.26,,,3.8,4.93,7.09,4.57,2.42,0.82,0.58,2.82,3.01,2.25,1.81,1.93,1.44,15.22,20.08,13.83,67.92,63.07,72.84,1.29,,2.54,1.34,0.62,3.8,3.12,1.95,108.06,,-18.59,-31.28,3.21,
2305,全友,36.0,2026-07-09,年配,0.0,0.0,,,,,,,,,,,,,,,,,,,,,2.55,1.0,0.85,0.9,0.98,0.27,-0.57,,,0.14,0.03,0.06,0.06,0.08,0.01,-0.1,,,,,,,1.78,1.32,0.85,,,,0.16,,0.02,-0.11,0.09,0.14,0.19,0.2,77.78,,-89.47,-155.0,0.09,
2308,台達電,1880.0,2026-07-09,年配,11.6,0.62,,11.6,7.0,6.43,9.84,5.5,5.5,5.0,5.0,,0.62,0.37,0.34,0.52,0.29,0.29,0.27,0.27,,,15.47,16.61,17.98,15.63,15.52,15.25,13.65,,,13.56,12.86,12.58,10.32,9.81,8.9,7.0,8.34,8.07,6.98,0.44,0.43,0.37,16.04,16.42,15.73,50.81,58.28,59.54,7.91,,16.47,9.31,3.94,13.56,10.8,6.05,100.76,,52.5,53.88,20.44,
2312,金寶,34.0,2026-07-09,年配,0.6,1.76,,0.6,0.6,0.3,0.3,0.2,0.3,0.3,0.3,,1.76,1.76,0.88,0.88,0.59,0.88,0.88,0.88,,,6.64,2.64,3.52,0.87,0.95,1.75,3.63,,,1.11,0.51,0.69,0.01,0.11,0.34,0.41,0.5,0.4,0.36,1.47,1.17,1.06,4.64,3.42,2.86,56.44,539.09,370.07,0.35,,0.85,0.55,0.35,1.11,0.95,0.6,0.0,,-10.53,-8.33,0.85,
2313,華通,223.0,2026-07-09,年配,2.8,1.26,,2.8,2.4,1.5,2.7,1.8,1.5,1.2,0.8,,1.26,1.08,0.67,1.21,0.81,0.67,0.54,0.36,,,13.38,10.69,22.51,16.71,16.99,15.52,10.36,,,4.7,3.5,6.71,4.31,3.91,3.21,2.01,2.23,2.24,1.84,1.0,1.01,0.82,12.04,15.82,15.17,46.96,43.98,41.64,1.26,,3.61,1.8,1.1,4.7,3.31,1.8,14.55,,9.06,0.0,3.77,
2314,台揚,13.85,2026-07-09,年配,0.0,0.0,,,,,,,,,0.2,,,,,,,,,1.44,,,-85.04,-31.3,-24.08,-20.54,-3.76,0.06,1.88,,,-4.55,-2.6,-2.06,-1.97,-0.42,0.01,0.23,,,0.2,,,1.44,-58.17,-40.24,-23.25,,,86.96,-0.97,,-4.71,-1.3,-0.89,-4.55,-2.57,-1.48,-8.99,,-83.27,12.16,-4.79,
2316,楠梓電,208.0,2026-07-09,年配,2.0,0.96,,2.0,0.5,0.5,0.5,1.0,1.5,0.5,1.0,,0.96,0.24,0.24,0.24,0.48,0.72,0.24,0.48,,,8.27,9.87,6.49,7.1,5.67,7.61,4.2,,,4.28,4.61,2.81,2.94,2.14,2.55,1.34,1.0,0.9,0.94,0.48,0.43,0.45,9.07,7.93,7.03,11.26,18.58,34.09,3.53,,10.81,5.61,1.46,4.28,3.0,1.96,141.78,,260.33,186.22,12.88,
2317,鴻海,237.5,2026-07-09,年配,7.2,3.03,,7.2,5.8,5.4,5.3,5.2,4.0,4.2,4.0,,3.03,2.44,2.27,2.23,2.19,1.68,1.77,1.68,,,9.71,9.28,9.37,10.1,7.96,9.68,10.37,,,11.01,10.25,10.21,10.05,7.34,8.32,8.03,6.13,5.78,5.14,2.58,2.43,2.16,9.5,9.62,9.5,52.68,52.25,51.97,3.56,,10.38,6.23,3.03,11.01,7.67,4.12,17.49,,35.33,51.21,10.91,
2321,東訊,13.85,2026-07-09,年配,0.0,0.0,,,,,,,,,,,,,,,,,,,,,-3.72,-4.3,6.84,3.76,-6.35,-19.12,-9.66,,,-1.09,-2.6,0.66,0.12,-0.9,-0.78,-0.32,,,,,,,-4.01,0.64,-4.65,,,,-0.12,,-0.3,-0.39,-0.49,-1.09,-0.82,-1.03,75.51,,63.41,62.14,0.07,
2323,中環,11.15,2026-07-09,年配,0.2,1.79,,0.2,0.3,0.68,,0.1,0.7,0.15,,,1.79,2.69,6.1,,0.9,6.28,1.35,,,,-1.7,9.86,-6.13,0.69,0.64,0.86,2.17,,,-0.27,1.61,-0.95,0.14,0.1,0.2,0.24,0.39,0.32,0.36,3.53,2.87,3.19,4.08,0.68,0.91,-34.44,0.85,155.51,-0.41,,0.37,-0.46,-1.01,-0.27,0.38,1.04,59.41,,-2.63,-144.23,0.97,
2324,仁寶,36.6,2026-07-09,年配,1.1,3.01,,1.1,1.4,1.2,1.2,2.0,1.6,1.0,1.0,,3.01,3.83,3.28,3.28,5.46,4.37,2.73,2.73,,,8.09,7.02,6.86,11.57,9.02,6.93,8.65,,,2.3,1.76,1.67,2.9,2.15,1.6,2.05,1.23,1.38,1.31,3.37,3.77,3.59,7.56,8.38,8.31,64.53,67.47,65.08,0.45,,1.06,0.61,0.5,2.3,1.86,1.1,-10.0,,-43.01,-44.55,1.01,
2327,國巨*,900.0,2026-07-09,半年配,6.0,0.67,,6.0,20.0,20.0,10.0,10.0,10.0,15.0,44.3,,0.67,2.22,2.22,1.11,1.11,1.11,1.67,4.92,,,13.03,13.6,22.64,30.78,22.47,13.35,74.56,,,38.13,41.8,44.22,46.46,27.58,16.35,80.3,15.33,13.2,16.91,1.7,1.47,1.88,13.32,20.01,27.2,50.15,36.11,46.8,3.9,,8.22,20.51,10.77,38.13,31.06,24.04,-63.79,,-73.54,-14.68,1.35,
2328,廣宇,48.5,2026-07-09,年配,0.9,1.86,,0.9,1.1,1.3,1.4,1.0,0.65,1.0,1.1,,1.86,2.27,2.68,2.89,2.06,1.34,2.06,2.27,,,7.55,9.89,10.85,8.65,6.23,9.19,11.01,,,2.0,2.42,2.55,1.87,1.28,1.99,2.29,1.1,1.14,1.06,2.27,2.35,2.18,8.72,9.24,9.05,54.36,54.28,52.31,-0.16,,1.22,0.88,0.42,2.0,1.41,0.86,-138.1,,-13.48,2.33,0.64,
2329,華泰,51.4,2026-07-09,年配,1.0,1.95,,1.0,1.0,1.2,0.85,1.0,,0.15,,,1.95,1.95,2.33,1.65,1.95,,0.29,,,,10.76,17.9,15.47,18.47,-3.89,10.16,-2.0,,,1.71,2.66,2.02,2.24,-0.48,1.06,-0.2,1.07,1.01,0.87,2.08,1.97,1.69,14.33,15.65,9.55,51.8,47.58,40.89,0.33,,1.41,0.81,0.27,1.71,1.45,1.2,22.22,,-2.76,-32.5,1.47,
2330,台積電,2415.0,2026-07-09,季配,24.0,0.99,7.0,22.000100179999997,16.9998161,12.99957938,10.999641440000001,11.0,10.0,9.5,8.0,0.29,0.91,0.7,0.54,0.46,0.46,0.41,0.39,0.33,,,30.04,26.0,39.64,29.7,29.84,20.93,21.95,,,45.25,32.34,39.2,23.01,19.97,13.32,13.54,17.33,14.8,12.69,0.72,0.61,0.52,28.02,31.35,28.3,38.89,38.41,47.73,22.08,,46.75,29.31,13.95,45.25,30.8,18.25,58.28,,51.79,60.6,54.88,
2331,精英,20.55,2026-07-09,年配,0.0,0.0,,,0.210466,1.0,0.8,,1.0014667,,,,,1.02,4.87,3.89,,4.87,,,,,-0.76,8.59,7.92,0.86,0.6,0.48,0.19,,,-0.16,1.82,1.57,0.13,0.11,0.08,0.04,0.61,0.67,0.75,2.94,3.26,3.66,3.92,4.15,2.55,-38.29,-8.54,221.2,0.11,,1.44,0.93,1.02,-0.16,0.08,0.13,-89.22,,1700.0,615.38,0.53,
2332,友訊,24.05,2026-07-09,年配,0.0,0.0,,,0.0999999999999999,0.5355,0.2246,0.3,0.3,,,,,0.42,2.23,0.93,1.25,1.25,,,,,1.15,6.6,2.81,3.39,14.04,-4.76,1.53,,,0.06,0.95,0.18,0.38,1.9,-0.78,0.16,0.32,0.29,0.29,1.32,1.21,1.22,3.88,3.49,3.54,111.52,106.69,88.51,-0.05,,-0.48,-0.51,-0.28,0.06,0.24,-0.05,82.14,,-300.0,-920.0,-0.25,
2337,旺宏,143.5,2026-07-09,年配,0.0,0.0,,,,0.5,1.8,1.8,1.2,1.2,1.2,,,,0.35,1.25,1.25,0.84,0.84,0.84,,,-6.96,-3.37,18.06,28.85,15.51,9.44,32.11,,,-1.73,-0.92,4.85,6.48,2.9,1.64,4.94,0.5,1.37,1.28,0.35,0.95,0.9,-5.16,9.14,13.38,-54.35,3.51,24.9,0.9,,-1.62,-1.16,-0.47,-1.73,-0.9,-0.74,291.49,,-80.0,-56.76,-0.25,
2338,光罩,47.7,2026-07-09,年配,0.0,0.0,,,,1.5,2.5,2.0,1.5,1.0,0.834,,,,3.14,5.24,4.19,3.14,2.1,1.75,,,-17.23,3.46,9.58,21.4,14.88,10.95,5.77,,,-2.21,1.75,3.37,5.65,3.34,2.19,1.02,1.5,2.0,1.56,3.14,4.19,3.26,-6.88,4.3,6.97,85.71,65.1,61.27,0.52,,-3.56,-3.05,-1.2,-2.21,1.05,2.01,143.33,,-439.05,-251.74,-1.84,
2340,台亞,36.5,2026-07-09,年配,0.0,0.0,,,,0.5,1.0,3.0,1.39,,0.5,,,,1.37,2.74,8.22,3.81,,1.37,,,-6.52,3.57,3.96,9.54,7.69,8.17,8.85,,,-1.16,0.7,0.82,2.11,1.52,1.45,1.47,0.5,1.5,1.28,1.37,4.11,3.5,-1.48,2.64,5.04,71.43,111.85,92.2,-0.49,,-2.2,-1.64,-0.78,-1.16,-0.6,-0.21,37.18,,-266.67,-680.95,-1.91,
2342,茂矽,49.0,2026-07-09,半年配,0.0,0.0,,,0.3,,2.0,0.5,0.5,,0.27,,,0.61,,4.08,1.02,1.02,,0.55,,,3.78,-6.99,22.06,10.99,10.63,-18.52,10.12,,,0.58,-1.12,3.53,1.58,1.42,-2.56,1.54,0.3,0.93,0.71,0.61,1.9,1.46,-1.61,7.46,4.58,51.72,46.68,38.55,-0.11,,-0.23,-0.2,0.18,0.58,0.32,0.12,-161.11,,-171.88,-266.67,-0.52,
2344,華邦電,176.5,2026-07-09,半年配,0.5,0.28,,0.5,,,1.0,1.0,0.2,0.1,1.0,,0.28,,,0.57,0.57,0.11,0.06,0.57,,,0.71,0.03,15.55,18.68,2.26,2.31,12.31,,,0.14,-0.29,3.25,3.42,0.33,0.32,1.87,0.5,0.83,0.63,0.28,0.47,0.36,0.37,8.74,7.41,,30.0,41.07,2.25,,0.12,-0.53,-0.24,0.14,0.29,0.3,1037.5,,-58.62,-276.67,2.61,
2345,智邦,2470.0,2026-07-09,年配,15.0,0.61,,15.0,11.0,10.0,7.5,6.0,6.5,6.2,4.0,,0.61,0.45,0.4,0.3,0.24,0.26,0.25,0.16,,,39.04,39.11,45.39,31.33,37.01,42.89,29.63,,,21.49,15.99,14.64,8.44,9.07,8.91,5.33,12.0,9.9,8.28,0.49,0.4,0.33,39.08,38.72,37.77,56.86,59.01,64.62,14.92,,32.18,18.18,9.17,21.49,13.39,8.64,62.7,,140.33,110.42,37.93,
2347,聯強,88.5,2026-07-09,年配,4.2,4.75,,4.2,4.0,3.0,3.5,5.0,3.3,2.6,2.0,,4.75,4.52,3.39,3.95,5.65,3.73,2.94,2.26,,,12.85,10.55,23.19,28.97,15.7,14.25,14.38,,,5.52,4.37,9.44,10.35,4.89,4.09,3.96,3.73,3.94,3.45,4.22,4.45,3.9,11.7,18.89,17.13,70.56,56.62,58.29,1.77,,3.42,1.88,1.1,5.52,3.76,2.41,60.91,,-9.04,-21.99,4.09,
2348,海悅,75.9,2026-07-09,年配,5.0,6.59,,5.0,9.0,6.94163879,5.0,7.0,7.0,4.5,3.8,,6.59,11.86,9.15,6.59,9.22,9.22,5.93,5.01,,,25.22,23.16,13.87,36.45,55.23,35.31,33.19,,,14.43,13.86,7.88,15.58,15.1,6.59,5.39,6.98,6.59,6.03,9.2,8.68,7.95,24.19,24.67,31.78,56.22,55.21,58.0,0.16,,3.61,3.26,2.35,14.43,13.25,9.36,-93.19,,-72.75,-65.17,1.42,
2348A,海悅甲特,37.7,2026-07-09,年配,1.6,4.24,,1.6,1.6,1.6,1.6,0.44273973,,,,,4.24,4.24,4.24,4.24,1.17,,,,,,,,,,,,,,,,,,,,,,1.6,1.37,1.37,4.24,3.63,3.63,,,,,,,,,,,,,,,,,,,,
2349,錸德,12.85,2026-07-09,年配,0.0,0.0,,,,,,,,,,,,,,,,,,,,,2.08,-3.63,-0.64,-1.21,-7.47,-21.1,-8.89,,,0.07,-0.44,-0.22,-0.49,-1.29,-1.76,-1.01,,,,,,,-0.77,-0.85,-5.84,,,,0.02,,-0.34,-0.22,0.01,0.07,0.02,0.03,100.0,,-1800.0,-833.33,-0.33,
2351,順德,200.0,2026-07-09,年配,1.1,0.55,,1.1,2.5,2.6,3.2,3.0,1.8,1.8,2.8,,0.55,1.25,1.3,1.6,1.5,0.9,0.9,1.4,,,10.04,11.07,14.79,14.51,6.7,9.18,15.21,,,3.71,4.08,5.16,4.68,1.92,2.7,4.55,2.07,2.48,2.35,1.03,1.24,1.17,10.56,12.6,11.64,65.56,64.31,68.46,1.22,,0.86,0.39,0.62,3.71,2.96,2.1,96.77,,-70.95,-81.43,1.46,
2352,佳世達,33.0,2026-07-09,年配,1.0,3.03,,1.0,1.11,1.2,2.0,2.5,1.5,0.75,0.85,,3.03,3.36,3.64,6.06,7.58,4.55,2.27,2.58,,,4.31,6.84,16.52,16.76,11.9,10.03,11.5,,,1.11,1.51,4.2,4.22,2.54,1.82,2.05,1.1,1.56,1.36,3.34,4.73,4.13,5.57,11.11,11.12,89.74,71.58,61.15,0.2,,0.59,0.44,0.25,1.11,1.0,0.47,-20.0,,-41.0,-6.38,0.54,
2353,宏碁,32.5,2026-07-09,年配,1.3,4.0,,1.3,1.7,1.6,1.5,2.28,1.5,0.443909,0.77,,4.0,5.23,4.92,4.62,7.02,4.62,1.37,2.37,,,7.59,7.47,8.21,17.64,10.15,4.35,4.96,,,1.84,1.64,1.67,3.63,2.01,0.87,1.01,1.53,1.68,1.39,4.72,5.16,4.27,7.53,10.23,8.62,94.98,85.64,77.78,0.23,,0.9,0.53,0.17,1.84,1.37,0.87,35.29,,-34.31,-39.08,0.96,
2354,鴻準,57.0,2026-07-09,年配,1.5,2.63,,1.5,1.4,1.5,1.6,1.7,1.8,2.5,3.2,,2.63,2.46,2.63,2.81,2.98,3.16,4.39,5.61,,,3.16,4.14,3.92,3.99,4.28,6.76,7.82,,,2.53,3.01,3.02,3.17,3.34,5.04,6.47,1.47,1.54,1.9,2.57,2.7,3.33,3.65,3.8,4.87,52.58,52.94,52.1,0.47,,1.68,1.06,0.67,2.53,1.9,1.21,-29.85,,-11.58,-12.4,1.48,
2355,敬鵬,50.7,2026-07-09,年配,1.0,1.97,,1.0,1.85,1.25,0.85,0.5,0.5,1.0,0.5,,1.97,3.65,2.47,1.68,0.99,0.99,1.97,0.99,,,6.79,4.77,3.19,2.21,0.29,4.23,1.03,,,2.85,1.92,1.25,0.85,0.12,1.66,0.41,1.37,1.09,0.93,2.7,2.15,1.84,5.78,4.24,3.22,65.0,64.21,122.24,0.62,,0.96,0.77,0.52,2.85,2.33,1.67,19.23,,-58.8,-53.89,1.06,
2356,英業達,69.8,2026-07-09,年配,2.0,2.87,,2.0,1.7,1.5,1.5,1.4,1.85,1.3,1.5,,2.87,2.44,2.15,2.15,2.01,2.65,1.86,2.15,,,11.12,10.11,10.52,10.41,11.45,8.43,9.12,,,2.03,1.71,1.71,1.82,2.1,1.54,1.81,1.73,1.62,1.59,2.49,2.32,2.28,10.61,10.54,10.17,85.73,84.02,84.5,0.68,,1.85,1.09,0.47,2.03,1.37,0.81,44.68,,35.04,34.57,2.06,
2357,華碩,684.0,2026-07-09,年配,42.0,6.14,,42.0,34.0,17.0,15.0,42.0,26.0,14.0,15.0,,6.14,4.97,2.49,2.19,6.14,3.8,2.05,2.19,,,12.31,7.36,7.11,20.22,14.27,7.42,3.04,,,42.27,21.44,19.78,59.98,35.76,16.34,5.7,31.0,30.0,25.62,4.53,4.39,3.75,9.84,11.75,10.25,79.87,76.4,103.88,13.19,,44.63,30.42,17.22,42.27,40.06,23.23,-23.4,,11.41,30.95,40.6,
2359,所羅門,139.0,2026-07-09,半年配,1.0,0.72,,1.0,1.0,1.7,1.5,0.9,0.5,0.8,1.1,,0.72,0.72,1.22,1.08,0.65,0.36,0.58,0.79,,,2.66,10.15,9.24,4.4,0.62,7.39,6.67,,,0.84,3.11,2.67,1.16,0.12,1.86,1.65,1.23,1.22,1.06,0.89,0.88,0.76,6.4,6.61,5.88,86.85,76.87,119.12,0.78,,0.1,-0.93,0.07,0.84,0.02,0.35,1014.29,,400.0,-365.71,0.81,
2360,致茂,1820.0,2026-07-09,年配,19.5,1.07,,19.5,9.0,6.6000744,8.00061312,6.98089243,4.4996051,3.00654711,4.17782622,,1.07,0.49,0.36,0.44,0.38,0.25,0.17,0.23,,,22.52,18.45,25.58,24.37,15.28,12.82,18.1,,,12.49,9.45,12.14,9.96,5.56,4.48,6.22,11.7,10.02,7.72,0.64,0.55,0.42,20.48,22.73,19.59,70.95,69.47,70.44,9.12,,21.67,9.67,5.03,12.49,9.0,5.61,81.31,,140.78,72.37,25.76,
2362,藍天,43.4,2026-07-09,年配,2.0,4.61,,2.0,2.5,1.6,1.5,2.1,0.6,,0.2,,4.61,5.76,3.69,3.46,4.84,1.38,,0.46,,,4.13,2.56,1.98,4.43,1.67,2.63,3.46,,,3.02,1.81,1.41,3.03,1.12,1.75,2.32,2.03,1.94,1.5,4.69,4.47,3.46,3.34,3.28,2.98,85.59,86.72,68.18,0.61,,1.57,0.03,0.43,3.02,2.2,2.1,41.86,,-28.64,-98.57,1.75,
2363,矽統,65.6,2026-07-09,年配,0.6,0.91,,0.6,0.5,0.3,1.0,0.8,0.8,0.347,,,0.91,0.76,0.46,1.52,1.22,1.22,0.53,,,,2.85,3.25,2.4,0.91,-2.38,-3.21,-2.59,,,0.81,0.76,0.65,0.29,-0.47,-0.42,-0.32,0.47,0.64,0.62,0.71,0.97,0.95,3.05,2.35,0.18,50.6,132.73,46.35,0.17,,1.46,1.2,0.0,0.81,0.78,-0.26,,,87.18,561.54,1.63,
2364,倫飛,68.0,2026-07-09,年配,2.0,2.94,,2.0,,,,1.0,,,,,2.94,,,,1.47,,,,,,31.88,27.42,25.36,9.51,6.06,-28.17,-22.99,,,4.09,3.51,3.21,1.14,0.11,-0.3,-0.35,2.0,1.5,1.5,2.94,2.2,2.2,29.65,23.54,7.01,,87.72,87.72,0.83,,3.14,1.74,1.45,4.09,3.3,2.39,-42.76,,-4.85,-27.2,2.52,
2365,昆盈,32.5,2026-07-09,季配,0.3,0.92,,0.3,0.6,0.3,0.2,0.2,0.3,,,,0.92,1.85,0.92,0.62,0.62,0.92,,,,,4.65,2.39,1.82,1.7,4.69,4.81,2.87,,,0.64,0.33,0.25,0.23,0.64,0.65,0.4,0.4,0.32,0.32,1.23,0.99,0.98,3.52,2.64,3.28,92.33,87.9,79.7,0.14,,0.22,0.03,0.07,0.64,0.55,0.33,100.0,,-60.0,-90.91,0.29,
2367,燿華,51.5,2026-07-09,年配,0.2,0.39,,0.2,0.7,,0.3,,,0.8,0.4,,0.39,1.36,,0.58,,,1.55,0.78,,,14.11,-3.35,4.09,-2.53,-13.67,16.3,6.58,,,2.36,-0.51,0.65,-0.39,-2.32,2.8,1.06,0.45,0.4,0.48,0.88,0.78,0.93,5.38,3.08,3.08,29.66,37.9,35.53,-0.4,,0.71,0.69,0.61,2.36,1.77,1.25,-165.57,,-59.89,-44.8,-0.3,
2368,金像電,1075.0,2026-07-09,年配,10.0,0.93,,10.0,6.0,3.5,3.5,2.2,1.5,,,,0.93,0.56,0.33,0.33,0.2,0.14,,,,,29.44,22.65,35.51,28.32,25.15,1.82,3.3,,,11.54,7.25,8.86,5.41,3.82,0.24,0.42,6.5,5.04,4.45,0.61,0.47,0.42,26.04,28.98,20.88,50.14,45.11,43.94,6.87,,13.61,7.08,3.6,11.54,8.9,5.63,90.83,,52.92,25.75,16.88,
2369,菱生,42.5,2026-07-09,年配,0.0,0.0,,,0.3,0.3,0.3,1.2891,,,,,,0.71,0.71,0.71,3.03,,,,,,-3.6,-2.75,3.33,16.59,-3.12,-9.81,-3.2,,,-0.45,-0.42,0.56,2.35,-0.44,-1.47,-0.55,0.3,0.55,0.55,0.71,1.29,1.29,-3.18,3.39,-0.37,-69.05,-7.42,-7.42,0.1,,-0.99,-0.66,-0.3,-0.45,-0.23,0.02,133.33,,-330.43,-3400.0,-0.59,
2371,大同,27.7,2026-07-09,半年配,0.0,0.0,,,3.10526316,,,,,,,,,11.21,,,,,,,,,20.09,4.32,16.01,10.43,-19.0,-30.73,-57.55,,,6.46,1.13,4.02,1.57,-0.46,1.24,-4.75,3.11,3.11,3.11,11.21,11.21,11.21,12.2,12.71,-8.06,48.07,48.07,48.07,-0.05,,0.65,0.36,0.14,6.46,3.0,-0.09,-135.71,,-78.33,500.0,0.46,
2373,震旦行,53.9,2026-07-09,年配,3.7,6.86,,3.7,3.7,4.1,4.7,6.0,6.0,5.8,6.0,,6.86,6.86,7.61,8.72,11.13,11.13,10.76,11.13,,,11.61,13.35,15.96,17.1,18.02,17.59,19.2,,,4.26,4.86,5.82,6.19,6.4,6.12,6.78,3.83,4.44,5.0,7.11,8.24,9.28,12.48,14.5,16.12,85.6,87.22,89.42,0.72,,2.79,1.78,0.71,4.26,3.2,1.91,1.41,,-12.81,-6.81,2.8,
2374,佳能,75.0,2026-07-09,年配,2.0,2.67,,2.0,0.6,0.9,0.45,1.0,0.5,0.3,0.5,,2.67,0.8,1.2,0.6,1.33,0.67,0.4,0.67,,,7.52,3.63,2.62,11.52,-7.03,-5.31,-5.24,,,1.9,0.96,0.48,2.42,-1.63,-1.41,-1.64,1.17,0.99,0.78,1.56,1.32,1.04,5.57,6.32,1.1,62.66,65.1,25.42,0.73,,1.52,0.71,0.3,1.9,1.52,1.04,143.33,,0.0,-31.73,1.95,
2375,凱美,188.5,2026-07-09,半年配,1.2,0.64,,1.2,1.5,0.8,1.5,2.0,2.0,0.5,3.0,,0.64,0.8,0.42,0.8,1.06,1.06,0.27,1.59,,,5.3,2.98,7.07,14.09,7.76,7.64,54.08,,,4.55,2.44,4.97,8.62,3.42,2.83,19.11,1.17,1.4,1.56,0.62,0.74,0.83,4.14,7.36,14.13,32.88,29.78,30.14,0.78,,2.77,1.42,1.22,4.55,3.48,2.52,-36.07,,-20.4,-43.65,2.33,
2376,技嘉,336.5,2026-07-09,年配,12.0,3.57,,12.0,10.0,6.7,6.2,12.0,5.0,2.2,3.0,,3.57,2.97,1.99,1.84,3.57,1.49,0.65,0.89,,,23.13,12.94,17.79,41.08,16.73,7.86,10.31,,,15.03,7.46,10.29,21.01,6.88,3.05,4.04,9.57,9.38,7.14,2.84,2.79,2.12,18.04,23.74,18.55,78.17,68.43,70.4,7.86,,13.77,9.2,4.65,15.03,10.72,7.84,69.03,,28.45,17.35,16.98,
2377,微星,145.0,2026-07-09,年配,4.2,2.9,,4.2,5.0,5.4,6.6,10.5,6.1,4.2,4.5,,2.9,3.45,3.72,4.55,7.24,4.21,2.9,3.1,,,13.18,15.28,20.87,40.96,23.92,18.33,20.92,,,8.04,8.92,11.79,20.03,9.42,6.61,7.15,4.87,6.34,5.81,3.36,4.37,4.01,14.23,22.57,21.92,61.36,57.78,60.34,4.04,,4.87,2.86,1.27,8.04,7.49,5.44,218.11,,-34.98,-47.43,7.64,
2379,瑞昱,840.0,2026-07-09,年配,25.0,2.98,,25.0,25.5,15.5,27.0,27.0,14.0,9.0,6.0,,2.98,3.04,1.85,3.21,3.21,1.67,1.07,0.71,,,32.13,20.57,37.81,49.26,31.02,26.18,18.71,,,29.82,17.85,31.62,33.0,17.24,13.36,8.57,22.0,24.0,18.62,2.62,2.86,2.22,26.35,34.94,30.81,86.17,84.89,79.73,8.44,,23.59,16.91,9.28,29.82,23.19,14.66,-9.05,,1.72,15.35,22.75,
2380,虹光,20.0,2026-07-09,半年配,0.0,0.0,,,,,,,,,,,,,,,,,,,,,-72.38,-41.29,-3.34,-11.98,-32.24,-12.71,-22.26,,,-1.94,-1.88,-0.17,-0.69,-2.36,-1.22,-2.05,,,,,,,-56.83,-32.25,-28.03,,,,0.4,,0.47,0.73,0.02,-1.94,-1.4,-0.24,1900.0,,133.57,404.17,0.85,
2382,廣達,373.5,2026-07-09,半年配,15.6,4.18,,15.6,13.0,9.0,6.0,6.6,5.2,3.7,3.55,,4.18,3.48,2.41,1.61,1.77,1.39,0.99,0.95,,,28.42,21.86,17.25,21.58,17.38,11.52,10.95,,,15.49,10.29,7.51,8.73,6.57,4.14,3.92,12.53,10.04,7.83,3.36,2.69,2.1,25.14,22.28,18.42,85.7,81.72,83.71,5.5,,13.7,9.43,5.06,15.49,11.37,7.06,8.7,,20.49,33.57,14.14,
2383,台光電,5295.0,2026-07-09,年配,25.0,0.47,,25.0,16.5754401,10.0,8.5,10.0,7.0,6.0,3.8,,0.47,0.31,0.19,0.16,0.19,0.13,0.11,0.07,,,30.92,22.45,24.26,30.11,24.39,25.5,14.74,,,27.81,16.35,15.24,16.5,11.33,10.14,5.48,17.19,14.02,10.86,0.32,0.26,0.2,26.68,26.94,24.62,60.38,59.28,61.06,14.9,,31.23,20.03,10.01,27.81,20.14,12.83,48.85,,55.06,56.12,36.12,
2385,群光,107.0,2026-07-09,年配,7.2,6.73,,7.2,10.0,7.8,7.5,6.1,5.5,5.9,3.8,,6.73,9.35,7.29,7.01,5.7,5.14,5.51,3.55,,,21.32,20.33,23.01,22.04,20.34,22.65,14.1,,,12.43,10.35,10.26,8.71,7.8,8.45,5.22,8.33,7.72,6.72,7.79,7.22,6.28,20.82,21.67,20.54,77.9,74.74,73.15,2.0,,8.01,5.15,2.19,12.43,9.11,5.82,-8.68,,-12.07,-11.51,7.82,
2387,精元,39.85,2026-07-09,年配,4.0,10.04,,4.0,4.0,3.0,3.5,3.0,2.0,1.0,1.00536182,,10.04,10.04,7.53,8.78,7.53,5.02,2.51,2.52,,,13.38,11.92,16.29,11.86,16.6,3.18,1.66,,,7.81,6.5,7.48,5.31,6.39,0.04,0.62,3.67,3.5,2.69,9.2,8.78,6.75,12.65,13.36,10.7,48.68,50.16,413.45,0.49,,2.56,1.17,1.13,7.81,5.24,3.07,-56.64,,-51.15,-61.89,1.92,
2388,威盛,73.1,2026-07-09,年配,0.05,0.07,,0.05,0.2,0.1,0.15,1.0,0.8,,,,0.07,0.27,0.14,0.21,1.37,1.09,,,,,6.12,3.37,1.55,35.23,66.61,2.29,2.03,,,2.07,0.82,-0.17,8.01,9.57,0.09,0.14,0.12,0.3,0.38,0.16,0.41,0.52,4.74,11.57,16.74,10.93,-13.47,-9.11,0.08,,-1.1,-1.14,0.02,2.07,0.87,0.28,300.0,,-226.44,-507.14,-1.04,
2390,云辰,12.9,2026-07-09,年配,0.0,0.0,,,,,,1.0,,,,,,,,,7.75,,,,,,-9.82,-3.07,-26.31,45.56,8.81,-8.29,-7.35,,,-1.25,-0.42,-4.11,6.67,0.91,-0.84,-0.81,,1.0,1.0,,7.75,7.75,-6.44,1.59,-0.07,,14.99,14.99,0.54,,0.07,0.2,0.49,-1.25,-0.96,-0.48,10.2,,107.29,141.67,0.12,
2392,正崴,37.05,2026-07-09,年配,1.0,2.7,,1.0,2.5,2.0,2.2,1.5,2.5,2.5,1.5,,2.7,6.75,5.4,5.94,4.05,6.75,6.75,4.05,,,6.54,5.75,6.09,4.28,6.46,6.36,2.03,,,3.65,3.09,3.14,1.9,4.06,4.1,1.2,1.83,1.84,1.96,4.95,4.97,5.3,6.14,5.66,5.36,66.6,70.55,75.68,-0.46,,-4.81,-1.83,0.27,3.65,2.89,1.4,-270.37,,-266.44,-230.71,-5.54,
2393,億光,71.0,2026-07-09,年配,4.5,6.34,,4.5,5.31,3.2,2.5,3.5,2.25,1.4,1.5,,6.34,7.48,4.51,3.52,4.93,3.17,1.97,2.11,,,15.74,8.02,7.01,10.86,7.11,4.93,4.86,,,6.64,3.32,2.78,4.37,2.79,1.86,1.8,4.34,3.8,3.02,6.11,5.36,4.25,11.88,10.41,8.36,88.18,86.6,83.66,0.91,,3.34,2.05,1.32,6.64,4.77,3.52,-31.06,,-29.98,-41.76,2.93,
2395,研華,540.0,2026-07-09,年配,11.2,2.07,,11.2,8.4,9.5,10.0,8.0,7.1,7.8,6.8,,2.07,1.56,1.76,1.85,1.48,1.31,1.44,1.26,,,17.67,23.18,26.0,22.63,21.55,23.74,22.05,,,10.45,12.65,13.85,10.67,9.4,10.51,9.02,9.7,9.42,8.6,1.8,1.74,1.59,20.42,22.37,22.4,77.74,75.67,75.4,3.85,,8.67,5.47,3.17,10.45,7.39,4.78,21.45,,17.32,14.44,9.35,
2397,友通,58.5,2026-07-09,年配,2.45,4.19,,2.45,3.4,3.0,4.0,3.6,3.0,5.0,5.28,,4.19,5.81,5.13,6.84,6.15,5.13,8.55,9.03,,,9.11,6.49,10.54,14.84,9.36,14.9,19.17,,,3.46,3.16,4.61,5.38,3.54,5.51,5.28,2.95,3.29,3.72,5.04,5.62,6.35,7.8,10.24,12.06,96.6,86.72,88.91,0.76,,2.48,1.82,0.93,3.46,1.89,1.09,-18.28,,31.22,66.97,2.31,
2399,映泰,48.85,2026-07-09,年配,0.0,0.0,,,,,,1.2,0.4,,,,,,,,2.46,0.82,,,,,0.31,-5.16,0.55,15.79,6.54,2.0,-7.75,,,0.04,-0.64,0.07,2.03,0.8,0.04,-1.37,,1.2,0.8,,2.46,1.64,-2.43,2.87,1.75,,59.11,54.56,1.48,,-0.11,-0.28,0.06,0.04,0.09,0.24,2366.67,,-222.22,-216.67,1.31,
2401,凌陽,33.0,2026-07-09,年配,0.0,0.0,,,,,0.6,2.0,0.5255,,,,,,,1.82,6.06,1.59,,,,,5.46,-1.96,5.51,15.54,6.32,1.8,1.39,,,0.44,-0.84,0.37,2.01,0.55,0.03,0.01,,1.3,1.04,,3.94,3.16,1.75,6.14,4.87,,130.83,119.07,-0.02,,-0.26,-0.12,-0.06,0.44,0.41,0.4,66.67,,-163.41,-130.0,-0.22,
2402,毅嘉,64.4,2026-07-09,年配,2.0,3.11,,2.0,2.0,1.2,1.0,0.5,0.5,0.25,0.5,,3.11,3.11,1.86,1.55,0.78,0.78,0.39,0.78,,,10.78,7.58,6.06,3.9,2.08,3.83,2.44,,,2.36,1.56,1.2,0.75,0.4,0.74,0.47,1.73,1.34,0.99,2.69,2.08,1.54,9.18,7.08,5.24,80.84,77.92,82.4,0.07,,1.86,1.26,0.58,2.36,1.67,0.9,-87.93,,11.38,40.0,1.35,
2404,漢唐,1215.0,2026-07-09,年配,40.0,3.29,,40.0,28.0,21.0,15.0,13.0,17.0,13.0,10.0,,3.29,2.3,1.73,1.23,1.07,1.4,1.07,0.82,,,45.77,42.08,40.26,28.32,43.32,35.67,32.27,,,32.94,24.82,21.25,14.53,21.16,14.77,9.42,29.67,23.4,19.62,2.44,1.92,1.61,43.92,39.11,38.24,84.8,82.42,86.31,16.31,,34.07,17.96,10.55,32.94,22.46,13.15,54.6,,51.69,36.58,39.83,
2405,輔信,17.5,2026-07-09,半年配,0.1,0.57,,0.1,0.17,0.17,0.2,,,,,,0.57,0.97,0.97,1.14,,,,,,,0.26,0.38,1.53,5.58,1.82,0.23,-4.04,,,0.03,0.04,0.16,0.58,0.17,0.01,-0.4,0.15,0.16,0.16,0.84,0.91,0.91,0.32,1.94,0.82,495.84,372.22,372.22,0.0,,-0.15,-0.15,0.01,0.03,0.05,0.07,-100.0,,-400.0,-314.29,-0.16,
2406,國碩,38.5,2026-07-09,年配,0.0,0.0,,,,,,,,,,,,,,,,,,,,,-10.73,-13.02,-6.13,-4.15,-10.33,0.62,-36.17,,,-0.86,-0.99,-0.45,0.09,-2.17,0.74,-4.21,,,,,,,-11.88,-8.51,-11.42,,,,0.27,,-0.92,-0.76,-0.19,-0.86,-0.29,-0.07,242.11,,-217.24,-985.71,-0.46,
2408,南亞科,435.5,2026-07-09,年配,1.5,0.34,,1.5,,,2.13037721,3.70349933,1.29660236,1.50622288,7.15365144,,0.34,,,0.49,0.85,0.3,0.35,1.64,,,-3.06,-4.28,8.26,13.98,5.03,6.2,26.5,,,-1.64,-2.4,4.72,7.4,2.51,3.23,12.8,1.5,2.44,2.88,0.34,0.56,0.66,-3.67,3.72,7.52,,47.6,49.87,8.41,,-1.45,-1.95,-0.63,-1.64,-1.13,-0.65,1434.92,,-28.32,-200.0,7.59,
2409,友達,31.45,2026-07-09,年配,0.4,1.27,,0.4,0.3,0.9,0.8,1.0,0.3,,0.5,,1.27,0.95,2.86,2.54,3.18,0.95,,1.59,,,-1.81,-10.18,-9.77,29.4,1.52,-10.66,3.6,,,-0.4,-2.37,-2.39,6.44,0.36,-2.0,1.06,0.53,0.68,0.6,1.69,2.16,1.91,-6.0,1.91,0.3,-56.48,-32.73,-0.07,-0.15,,0.52,0.69,0.43,-0.4,-0.61,-0.49,-134.88,,185.25,240.82,-0.06,
2412,中華電,133.5,2026-07-09,年配,5.2,3.9,,5.2,5.0,4.758,4.702,4.608,4.306,4.226,4.479,,3.9,3.75,3.56,3.52,3.45,3.23,3.17,3.36,,,9.72,9.63,9.68,9.53,8.95,8.74,9.59,,,4.8,4.76,4.7,4.61,4.31,4.23,4.58,4.99,4.85,4.66,3.74,3.64,3.49,9.68,9.64,9.41,102.06,101.03,100.25,1.3,,3.79,2.57,1.26,4.8,3.64,2.48,3.17,,4.12,3.63,3.83,
2413,環科,45.3,2026-07-09,年配,0.5,1.1,,0.5,,0.2,0.5,,,,,,1.1,,0.44,1.1,,,,,,,-2.82,5.23,13.45,2.56,-0.88,-11.61,0.26,,,-0.44,0.84,2.07,0.35,-0.1,-1.48,0.05,0.35,0.4,0.4,0.77,0.88,0.88,1.21,4.6,0.88,23.81,23.98,23.98,0.51,,-0.25,-0.95,0.15,-0.44,-0.66,-0.25,240.0,,62.12,-280.0,0.11,
2414,精技,61.6,2026-07-09,年配,3.0,4.87,,3.0,2.5,2.2,2.5,2.8,1.8,1.5,1.45,,4.87,4.06,3.57,4.06,4.55,2.92,2.44,2.35,,,11.66,9.88,13.47,15.75,11.69,9.7,8.5,,,2.67,2.38,3.08,3.44,2.25,1.81,1.58,2.57,2.6,2.22,4.17,4.22,3.6,10.77,12.69,11.52,93.04,87.16,86.18,1.17,,2.38,1.59,0.82,2.67,1.96,1.17,42.68,,21.43,35.9,2.73,
2415,錩新,38.3,2026-07-09,年配,0.48,1.25,,0.48,1.2,,0.65,0.85,0.5,0.5,1.5,,1.25,3.13,,1.7,2.22,1.31,1.31,3.92,,,3.44,0.38,1.43,13.12,4.25,3.96,6.22,,,1.14,-0.22,0.01,2.73,0.66,0.62,1.26,0.84,0.8,0.81,2.19,2.08,2.12,1.91,4.59,4.69,105.26,2212.13,1151.98,0.35,,1.37,0.71,0.24,1.14,0.88,0.39,45.83,,55.68,82.05,1.48,
2417,圓剛,45.05,2026-07-09,年配,0.25,0.55,,0.25011926,0.20019686,0.15040915,0.20021509,0.15,2.0,0.01559533,,,0.56,0.44,0.33,0.44,0.33,4.44,0.03,,,,1.04,3.0,4.68,7.44,33.23,0.97,0.68,,,-0.39,0.01,0.23,0.27,6.41,0.02,0.03,0.2,0.19,0.42,0.44,0.42,0.94,2.02,4.04,7.29,726.38,398.84,284.09,0.28,,-0.8,-0.96,-0.17,-0.39,-0.32,-0.13,264.71,,-150.0,-638.46,-0.35,
2419,仲琦,27.9,2026-07-09,年配,0.0,0.0,,,,0.3,1.5,0.5,1.0,0.52,0.71,,,,1.08,5.38,1.79,3.58,1.86,2.54,,,2.22,2.71,10.6,4.03,7.24,7.43,7.38,,,-0.16,0.02,1.5,0.22,0.87,0.98,0.81,0.3,0.77,0.75,1.08,2.75,2.7,2.46,4.89,5.94,1500.0,609.09,347.15,0.07,,-0.17,-0.27,-0.05,-0.16,-0.04,-0.07,240.0,,-325.0,-285.71,-0.05,
2420,新巨,60.8,2026-07-09,年配,3.0,4.93,,3.0,3.5,3.0,3.5,3.0,2.55,2.0,2.8,,4.93,5.76,4.93,5.76,4.93,4.19,3.29,4.61,,,17.45,14.57,19.0,17.48,13.95,15.73,16.47,,,4.36,3.55,4.43,3.82,2.9,3.19,3.26,3.17,3.2,2.92,5.21,5.26,4.8,16.01,17.12,16.38,82.4,80.58,79.84,1.05,,2.72,1.74,1.01,4.36,3.41,2.33,3.96,,-20.23,-25.32,2.76,
2421,建準,142.5,2026-07-09,年配,5.5,3.86,,5.5,3.7,3.5,2.6,1.2,2.4,2.0,2.0,,3.86,2.6,2.46,1.82,0.84,1.68,1.4,1.4,,,19.71,21.48,22.76,9.58,19.31,16.27,14.62,,,5.46,5.16,4.34,1.71,3.39,2.71,2.41,4.23,3.3,2.86,2.97,2.32,2.01,20.6,18.38,17.68,67.8,66.42,70.47,2.36,,5.65,3.1,1.73,5.46,3.86,2.58,36.42,,46.37,20.16,6.28,
2423,固緯,79.7,2026-07-09,年配,2.5,3.14,,2.5,2.0,2.2,2.0,1.5,1.2000000000000002,1.14,1.8,,3.14,2.51,2.76,2.51,1.88,1.51,1.43,2.26,,,12.64,15.93,15.94,12.17,8.52,13.35,15.11,,,2.42,2.95,2.78,2.0,1.37,2.15,2.37,2.23,2.04,1.79,2.8,2.56,2.25,14.28,14.17,13.38,78.61,76.04,74.39,1.3,,2.0,1.2,0.67,2.42,1.58,1.01,94.03,,26.58,18.81,2.63,
2424,隴華,10.1,2026-07-09,季配,0.0,0.0,,,,,,,,,,,,,,,,,,,,,-61.59,-67.87,-67.0,-129.71,-75.1,-35.94,-10.86,,,-3.35,-3.95,-4.6,-8.57,-7.73,-3.63,-1.38,,,,,,,-64.73,-81.54,-64.01,,,,-0.58,,-1.3,-0.7,-0.27,-3.35,-3.12,-2.29,-114.81,,58.33,69.43,-1.61,
2425,承啟,40.05,2026-07-09,年配,0.1,0.25,,0.1,0.15,0.45,0.8,0.6,0.5,0.3,1.5,,0.25,0.37,1.12,2.0,1.5,1.25,0.75,3.75,,,5.37,9.66,16.66,8.16,10.04,7.45,14.13,,,1.05,1.68,3.32,1.27,1.51,1.06,2.39,0.23,0.42,0.55,0.58,1.05,1.37,7.52,9.96,10.21,20.54,28.11,33.8,0.62,,-0.95,-1.42,0.33,1.05,0.28,0.44,87.88,,-439.29,-422.73,-0.66,
2426,鼎元,72.0,2026-07-09,年配,0.1,0.14,,0.1,0.1,0.2,,1.0,0.75,0.3,1.2,,0.14,0.14,0.28,,1.39,1.04,0.42,1.67,,,1.68,-3.45,-4.34,17.2,8.03,5.22,12.05,,,0.21,-0.44,-0.6,2.41,1.02,0.6,1.79,0.13,0.35,0.52,0.19,0.49,0.73,-0.89,2.77,5.2,1.08,14.55,39.04,0.06,,-0.18,-0.07,-0.01,0.21,0.42,0.39,700.0,,-142.86,-117.95,-0.11,
2427,三商電,25.25,2026-07-09,年配,0.7,2.77,,0.7,0.69748381,0.89998348,0.35,0.35,0.3,0.35,0.4,,2.77,2.76,3.56,1.39,1.39,1.19,1.39,1.58,,,9.17,9.17,8.13,6.62,5.24,5.35,5.38,,,1.43,1.36,1.04,0.81,0.63,0.63,0.63,0.77,0.6,0.51,3.03,2.37,2.0,9.17,8.27,7.01,57.48,47.96,51.21,0.28,,1.11,0.85,0.53,1.43,1.01,0.83,-47.17,,9.9,2.41,0.86,
2428,興勤,325.0,2026-07-09,年配,5.9,1.82,,5.9,6.1,5.2,5.4,6.3,5.5,4.2,3.8,,1.82,1.88,1.6,1.66,1.94,1.69,1.29,1.17,,,15.21,14.26,16.14,20.24,19.78,17.74,16.88,,,12.1,10.21,10.72,12.31,10.81,8.71,7.67,5.73,5.78,5.3,1.77,1.78,1.63,14.74,16.46,17.18,50.67,50.72,50.22,2.21,,8.43,5.23,2.97,12.1,8.97,6.01,-25.59,,-6.02,-12.98,7.67,
2429,銘旺科,43.2,2026-07-09,年配,0.0,0.0,,,,,,,,,,,,,,,,,,,,,-23.19,-18.21,-17.32,-2.98,-23.32,-46.55,-4.08,,,-2.17,-0.56,-1.24,0.05,-1.63,-3.95,-0.45,,,,,,,-20.7,-15.42,-19.38,,,,-0.45,,-0.92,-0.69,-0.21,-2.17,-1.69,-1.29,-114.29,,45.56,46.51,-1.16,
2430,燦坤,18.0,2026-07-09,年配,0.8,4.44,,0.8,1.5,2.2,4.0,3.54,1.55,1.0,0.9,,4.44,8.33,12.22,22.22,19.67,8.61,5.56,5.0,,,4.16,6.01,11.97,13.11,6.52,4.51,4.71,,,1.61,2.39,4.29,3.93,1.85,1.27,1.34,1.5,2.41,1.94,8.33,13.38,10.76,5.08,8.81,7.28,92.61,92.14,85.46,0.07,,0.32,0.29,0.29,1.61,0.94,0.77,-75.86,,-65.96,-62.34,0.1,
2431,聯昌,11.45,2026-07-09,年配,0.0,0.0,,,,,0.1,0.45,0.25,,,,,,,0.87,3.93,2.18,,,,,-5.19,-6.76,0.71,8.05,3.47,0.68,-13.29,,,-0.63,-0.85,0.09,1.03,0.42,0.08,-1.71,,0.28,0.27,,2.4,2.33,-5.98,-0.8,-1.76,,77.4,71.44,-0.2,,-0.51,-0.31,-0.11,-0.63,-0.48,-0.33,-81.82,,-6.25,6.06,-0.6,
2432,倚天酷碁-創,28.2,2026-07-09,年配,1.7,6.03,,1.7000000000000002,1.7,1.65,1.65,,,,,,6.03,6.03,5.85,5.85,,,,,,,9.22,10.44,18.46,3.34,-13.59,,,,,1.88,1.98,3.04,0.94,-1.33,,,1.68,1.68,1.68,5.97,5.94,5.94,9.83,10.37,5.57,86.88,76.01,76.01,0.26,,0.96,0.5,0.24,1.88,1.16,0.73,8.33,,-17.24,-31.51,0.98,
2433,互盛電,42.0,2026-07-09,年配,2.7,6.43,,2.7,3.0,3.0,3.6,3.5,3.6,3.8,3.5,,6.43,7.14,7.14,8.57,8.33,8.57,9.05,8.33,,,11.15,11.13,12.26,11.67,12.3,13.43,11.59,,,3.28,3.39,3.88,3.8,3.93,4.24,3.66,2.9,3.16,3.34,6.9,7.52,7.94,11.14,11.55,11.93,89.98,91.21,91.67,0.51,,2.4,1.1,0.51,3.28,2.61,1.16,0.0,,-8.05,-5.17,2.4,
2434,統懋,62.1,2026-07-09,年配,0.0,0.0,,,,,,,,,,,,,,,,,,,,,1.12,-7.53,-6.78,-4.35,-2.67,-92.22,-38.23,,,0.14,-0.98,-0.94,-0.54,-0.33,-3.39,-2.56,,,,,,,-3.2,-4.38,-21.52,,,,-0.13,,0.32,-0.14,0.38,0.14,0.78,0.67,-134.21,,-58.97,-120.9,-0.19,
2436,偉詮電,67.2,2026-07-09,年配,2.0,2.98,,2.0,1.5,1.2,1.2,3.0,1.6,1.5,1.0,,2.98,2.23,1.79,1.79,4.46,2.38,2.23,1.49,,,7.36,5.3,2.9,21.93,11.09,11.12,5.7,,,1.57,1.18,0.83,4.25,1.94,1.84,0.86,1.57,1.78,1.62,2.33,2.65,2.42,6.33,9.37,9.34,98.62,103.1,98.95,0.7,,1.45,0.29,0.14,1.57,1.09,1.0,400.0,,33.03,-71.0,2.01,
2438,翔耀,20.25,2026-07-09,年配,0.0,0.0,,,,,,,,,,,,,,,,,,,,,-17.07,-9.55,-2.78,2.22,2.68,-6.68,6.38,,,-1.71,-1.0,-0.37,-0.07,0.07,-0.86,0.09,,,,,,,-13.31,-6.8,-3.54,,,,-0.32,,-2.11,-0.56,-0.23,-1.71,-1.01,-0.64,-39.13,,-108.91,12.5,-2.2,
2439,美律,88.9,2026-07-09,年配,4.0,4.5,,4.0,7.3,4.7,4.5,4.0,5.1633,7.7095,8.6,,4.5,8.21,5.29,5.06,4.5,5.81,8.67,9.67,,,14.94,10.69,12.86,10.57,10.44,21.94,17.33,,,9.26,6.16,6.81,5.4,6.39,12.51,10.47,5.33,4.9,5.75,6.0,5.51,6.46,12.82,12.26,14.11,77.56,73.82,74.26,1.03,,3.77,1.43,1.42,9.26,6.57,3.94,-27.46,,-42.62,-63.71,3.38,
2440,太空梭,16.65,2026-07-09,年配,0.0,0.0,,,,,,,,,,,,,,,,,,,,,-4.84,-10.46,-1.67,7.86,19.08,-3.32,-4.88,,,-0.43,-0.99,-0.17,0.75,1.58,-0.27,-0.42,,,,,,,-7.65,-2.28,0.25,,,,0.14,,-0.26,-0.2,0.0,-0.43,-0.11,-0.06,,,-136.36,-233.33,-0.12,
2441,超豐,144.5,2026-07-09,年配,3.0,2.08,,3.0,3.0,2.5,3.7,5.0,3.1,2.3,2.7,,2.08,2.08,1.73,2.56,3.46,2.15,1.59,1.87,,,11.37,9.41,15.13,23.71,15.37,11.53,14.97,,,4.39,3.51,5.55,8.09,4.68,3.33,4.18,2.83,3.44,3.16,1.96,2.38,2.19,10.39,14.9,14.5,69.78,67.01,66.85,1.4,,3.18,1.88,1.04,4.39,3.37,2.19,34.62,,-5.64,-14.16,3.54,
2442,新美齊,19.25,2026-07-09,年配,2.0,10.39,,2.0,0.08,0.11,0.05,0.2,0.1,,0.5,,10.39,0.42,0.57,0.26,1.04,0.52,,2.6,,,6.0,8.92,3.11,11.46,2.84,8.37,27.27,,,1.2,1.67,0.56,1.99,0.6,0.71,3.46,0.73,0.49,0.43,3.79,2.54,2.26,7.46,7.37,9.71,6.63,8.06,10.56,1.14,,0.65,0.54,0.29,1.2,0.94,0.92,293.1,,-30.85,-41.3,1.5,
2444,兆勁,12.4,2026-07-09,年配,0.0,0.0,,,,,,,,,,,,,,,,,,,,,-2.51,-1.61,12.86,1.41,-10.39,-2.73,-9.04,,,-0.24,-0.16,1.18,0.12,-0.93,-0.26,-0.96,,,,,,,-2.06,2.54,-1.72,,,,-0.51,,-1.54,-1.08,-0.18,-0.24,-0.4,-0.1,-183.33,,-285.0,-980.0,-1.87,
2449,京元電子,308.5,2026-07-09,年配,1.0,0.32,,1.0,4.0,3.2,3.5,3.0,2.0,1.6,1.35,,0.32,1.3,1.04,1.13,0.97,0.65,0.52,0.44,,,19.11,15.63,19.44,16.3,13.1,11.99,7.24,,,6.36,4.78,5.59,4.23,2.97,2.49,1.47,2.73,2.94,2.46,0.89,0.95,0.8,17.37,17.62,14.69,64.92,65.84,69.54,1.87,,7.17,5.29,3.51,6.36,4.7,2.68,-46.72,,52.55,97.39,5.53,
2450,神腦,28.75,2026-07-09,年配,1.55,5.39,,1.55,1.65,2.0,2.2,2.0,1.5,1.45,1.45,,5.39,5.74,6.96,7.65,6.96,5.22,5.04,5.04,,,7.42,11.06,10.54,9.88,7.39,7.02,6.79,,,1.85,2.73,2.55,2.31,1.69,1.59,1.59,1.73,1.88,1.72,6.03,6.54,6.0,9.24,9.72,8.59,81.22,83.82,86.63,0.25,,1.06,0.77,0.45,1.85,1.32,0.89,-44.44,,-19.7,-13.48,0.86,
2451,創見,253.5,2026-07-09,年配,11.8,4.65,,11.8,6.1000000000000005,5.0,5.6,6.0,3.05,3.6,4.4,,4.65,2.41,1.97,2.21,2.37,1.2,1.42,1.74,,,11.84,10.23,12.46,13.16,6.29,8.78,10.29,,,5.39,4.63,5.72,5.9,2.79,4.01,4.83,7.63,6.9,5.69,3.01,2.72,2.25,11.04,11.92,10.44,110.58,105.19,101.56,18.93,,5.37,1.85,0.87,5.39,4.36,3.55,2075.86,,23.17,-47.89,23.43,
2453,凌群,53.7,2026-07-09,年配,2.8,5.21,,2.8,2.6,2.4,2.2,1.9,1.5,1.0,0.5,,5.21,4.84,4.47,4.1,3.54,2.79,1.86,0.93,,,14.17,13.26,12.16,11.11,9.0,7.0,3.43,,,3.06,2.78,2.51,2.16,1.7,1.29,0.63,2.6,2.38,1.86,4.84,4.43,3.47,13.72,12.68,10.02,85.65,86.73,84.58,0.9,,2.2,1.48,0.89,3.06,2.09,1.43,1.12,,5.26,3.5,2.21,
2454,聯發科,3925.0,2026-07-09,半年配,53.5,1.36,,53.5,54.0,55.0,76.0,73.0,37.0,5.0,6.0,,1.36,1.38,1.4,1.94,1.86,0.94,0.13,0.15,,,27.5,18.89,27.06,27.67,12.02,7.88,7.76,,,66.92,48.51,74.59,70.56,26.01,14.69,13.26,54.17,62.3,44.94,1.38,1.59,1.14,23.2,25.28,18.4,97.04,99.85,88.71,15.17,,51.76,35.92,18.43,66.92,51.98,36.04,-17.69,,-0.42,-0.33,48.5,
2455,全新,330.5,2026-07-09,年配,2.65,0.8,,2.65,3.21761015,2.2,2.3,4.0,2.59,2.50002704,2.0,,0.8,0.97,0.67,0.7,1.21,0.78,0.76,0.61,,,20.97,14.64,17.13,27.67,18.58,19.17,14.77,,,3.63,2.43,2.95,4.62,2.88,2.79,2.16,2.69,2.87,2.68,0.81,0.87,0.81,17.8,20.1,18.99,89.58,85.93,87.98,1.06,,1.92,1.05,0.85,3.63,2.91,2.13,24.71,,-34.02,-50.7,2.13,
2457,飛宏,27.85,2026-07-09,年配,0.0,0.0,,,,,,,,,,,,,,,,,,,,,2.13,3.36,1.18,-5.91,-3.2,-0.76,-4.71,,,0.48,0.68,0.19,-0.92,-0.46,-0.11,-0.73,,,,,,,2.74,0.19,-1.13,,,,-0.34,,-0.97,-1.1,-0.33,0.48,0.5,0.26,-3.03,,-294.0,-523.08,-0.98,
2458,義隆,183.5,2026-07-09,半年配,7.07,3.85,,7.069081000000001,7.763396,5.052417,6.0,13.5,9.0,6.5,4.65,,3.85,4.23,2.75,3.27,7.36,4.9,3.54,2.53,,,26.97,21.06,19.75,49.66,37.84,34.75,22.03,,,9.57,7.53,7.56,17.64,11.14,8.57,4.16,6.63,7.88,7.44,3.61,4.29,4.05,24.02,29.36,30.29,74.11,76.03,81.79,2.46,,5.96,3.15,1.92,9.57,7.47,4.98,28.13,,-20.21,-36.75,6.5,
2459,敦吉,63.7,2026-07-09,年配,4.2,6.59,,4.2,4.0,4.0,3.8,3.5,3.3,1.5,2.0,,6.59,6.28,6.28,5.97,5.49,5.18,2.35,3.14,,,9.82,10.69,12.46,12.1,10.55,10.5,10.38,,,5.32,5.46,5.43,5.01,4.25,4.2,4.03,4.07,3.9,3.29,6.38,6.12,5.16,10.26,11.27,10.93,74.22,72.07,64.47,1.41,,4.39,2.76,1.35,5.32,4.22,2.92,4.44,,4.03,-5.48,4.45,
2460,建通,34.3,2026-07-09,年配,0.0,0.0,,,,,,0.3,,,,,,,,,0.87,,,,,,-11.29,-7.85,-4.37,10.67,-1.93,-8.0,-3.39,,,-1.39,-1.05,-0.62,1.47,-0.25,-1.13,-0.53,,0.3,0.3,,0.87,0.87,-9.57,-3.21,-3.74,,20.41,20.41,0.11,,-2.59,-1.12,-0.51,-1.39,-0.75,-0.42,121.57,,-245.33,-166.67,-1.97,
2461,光群雷,17.3,2026-07-09,季配,0.0,0.0,,,1.0,0.66,1.8,1.73180364,0.96,,0.41,,,5.78,3.82,10.4,10.01,5.55,,2.37,,,4.61,-2.0,2.63,8.31,5.3,-4.79,0.69,,,1.59,0.66,1.82,2.42,0.96,-0.79,0.41,0.83,1.3,1.09,4.8,7.5,6.32,1.31,3.39,2.11,81.44,83.34,88.89,0.3,,-0.32,-0.42,0.13,1.59,1.79,1.57,130.77,,-117.88,-126.75,-0.15,
2462,良得電,22.85,2026-07-09,年配,0.2,0.88,,0.2,0.81,1.15,0.3,0.6,0.8,0.7,0.5,,0.88,3.54,5.03,1.31,2.63,3.5,3.06,2.19,,,7.12,9.39,7.96,4.54,4.79,5.18,0.44,,,1.49,1.86,1.48,0.83,0.87,0.93,0.08,0.72,0.61,0.63,3.15,2.68,2.77,8.26,7.25,5.63,58.1,52.19,143.0,0.01,,0.02,-0.52,0.21,1.49,1.13,1.01,-95.24,,-98.23,-151.49,-0.18,
2464,盟立,161.5,2026-07-09,年配,0.5,0.31,,0.5,0.35,0.5,1.8,2.2,2.0,2.5,3.3,,0.31,0.22,0.31,1.11,1.36,1.24,1.55,2.04,,,2.33,4.26,12.2,12.77,12.55,16.66,24.99,,,0.52,0.89,2.63,2.7,2.63,3.49,4.88,0.45,1.07,1.64,0.28,0.66,1.02,3.3,7.89,12.25,61.74,68.35,69.82,0.24,,-0.58,-0.59,0.02,0.52,0.23,0.13,1100.0,,-352.17,-553.85,-0.36,
2465,麗臺,89.5,2026-07-09,年配,0.0,0.0,,,,,,1.0,,,,,,,,,1.12,,,,,,-55.2,-21.07,-31.03,81.3,8.22,-8.38,-23.84,,,-5.26,-2.53,-3.32,8.12,0.5,-0.36,-1.12,,1.0,1.0,,1.12,1.12,-38.14,-6.5,-7.14,,12.32,12.32,1.15,,0.09,0.52,0.24,-5.26,-3.71,-2.59,379.17,,102.43,120.08,1.0,
2466,冠西電,98.5,2026-07-09,年配,0.0,0.0,,,,,0.19,,,,,,,,,0.19,,,,,,,-1.5,1.59,6.18,3.32,0.38,1.62,0.21,,,-0.17,0.18,0.66,0.35,0.04,0.18,0.02,,0.19,0.19,,0.19,0.19,0.05,2.4,1.69,,28.79,28.79,0.03,,0.98,-1.29,-0.48,-0.17,-0.75,-0.56,106.25,,230.67,-130.36,1.49,
2467,志聖,556.0,2026-07-09,年配,5.5,0.99,,5.5,5.0,3.0,3.6,3.0,2.5120378,2.5,2.5,,0.99,0.9,0.54,0.65,0.54,0.45,0.45,0.45,,,17.46,15.38,23.98,25.0,17.82,12.61,23.45,,,4.8,3.12,4.59,4.35,2.94,2.09,3.73,4.5,4.02,3.45,0.81,0.72,0.62,16.42,20.46,19.39,100.16,86.93,88.54,3.06,,3.78,2.38,1.0,4.8,3.5,2.4,206.0,,8.0,-0.83,5.84,
2468,華經,36.6,2026-07-09,年配,1.0,2.73,,1.0,0.9,0.8,0.6,0.4,0.4,0.5,0.5,,2.73,2.46,2.19,1.64,1.09,1.09,1.37,1.37,,,5.37,6.45,5.41,3.91,3.41,4.05,3.78,,,0.96,1.12,0.91,0.64,0.55,0.66,0.61,0.9,0.74,0.64,2.46,2.02,1.74,5.91,5.28,4.63,82.59,73.4,74.87,0.3,,0.77,0.5,0.27,0.96,0.58,0.46,11.11,,32.76,8.7,0.8,
2471,資通,53.2,2026-07-09,年配,3.31,6.22,,3.31183609,3.05924888,3.28715691,2.83464838,2.24381148,1.5,1.42455689,1.12139676,,6.23,5.75,6.18,5.33,4.22,2.82,2.68,2.11,,,17.12,19.32,16.9,14.45,12.91,10.91,7.92,,,3.33,3.66,3.04,2.42,2.07,1.69,1.21,3.22,2.95,2.35,6.05,5.54,4.42,18.22,16.95,14.22,90.84,91.91,88.15,0.49,,1.71,0.39,0.29,3.33,1.81,1.11,68.97,,-5.52,-64.86,1.91,
2472,立隆電,376.0,2026-07-09,年配,3.5,0.93,,3.5,3.1,2.8,3.5,3.2,3.0,1.5,2.3,,0.93,0.82,0.74,0.93,0.85,0.8,0.4,0.61,,,15.0,12.07,18.1,18.02,15.06,10.57,16.65,,,7.01,5.6,7.53,6.12,5.13,3.35,4.42,3.13,3.22,2.86,0.83,0.85,0.76,13.54,15.8,15.07,47.11,48.25,49.76,1.6,,5.19,2.9,1.67,7.01,4.95,3.35,-4.19,,4.85,-13.43,5.12,
2474,可成,195.5,2026-07-09,半年配,10.0,5.12,,10.0,15.5,10.0,10.0,10.0,12.0,10.0,12.0,,5.12,7.93,5.12,5.12,5.12,6.14,5.12,6.14,,,8.18,5.65,6.87,5.55,13.8,7.53,19.68,,,19.4,13.33,15.14,11.31,27.65,14.63,36.31,11.83,11.1,11.19,6.06,5.68,5.73,6.92,6.56,9.61,77.46,77.35,64.88,2.63,,7.45,2.91,4.46,19.4,13.88,11.77,-41.03,,-46.33,-75.28,5.62,
2476,鉅祥,129.0,2026-07-09,年配,3.0,2.33,,3.0,3.5,2.5,2.3,2.1,1.2,1.3,1.26,,2.33,2.71,1.94,1.78,1.63,0.93,1.01,0.98,,,15.37,11.51,15.99,13.51,6.77,7.35,6.91,,,5.18,3.54,4.58,3.49,1.55,1.79,1.58,3.0,2.68,2.14,2.33,2.08,1.66,13.44,14.1,11.06,69.1,62.14,68.34,1.14,,2.72,1.1,1.07,5.18,3.91,2.55,6.54,,-30.43,-56.86,2.79,
2477,美隆電,21.3,2026-07-09,年配,1.4,6.57,,1.4,1.3,0.5,0.8,1.5,1.45,1.6,0.86,,6.57,6.1,2.35,3.76,7.04,6.81,7.51,4.04,,,5.17,0.59,1.86,40.8,5.1,12.06,4.93,,,1.5,0.24,0.5,8.27,0.92,2.12,0.86,1.07,1.1,1.18,5.01,5.16,5.52,2.88,12.1,10.07,147.5,118.28,115.17,0.11,,1.58,0.97,0.17,1.5,1.37,0.64,-35.29,,15.33,51.56,1.52,
2478,大毅,174.0,2026-07-09,年配,2.0,1.15,,2.0,1.8,1.5,2.0,4.0,3.0,1.8,2.5,,1.15,1.03,0.86,1.15,2.3,1.72,1.03,1.44,,,6.69,5.67,9.66,15.48,11.98,6.99,25.92,,,3.13,2.56,4.31,6.6,4.7,2.3,7.26,1.77,2.26,2.33,1.01,1.3,1.34,6.18,9.38,11.77,58.05,55.78,57.09,1.14,,2.53,1.49,0.88,3.13,2.21,1.81,29.55,,14.48,-17.68,2.79,
2480,敦陽科,160.5,2026-07-09,年配,7.8,4.86,,7.8,7.422,6.64,6.26,5.62,4.3,4.45,3.0,,4.86,4.62,4.14,3.9,3.5,2.68,2.77,1.87,,,23.78,24.49,23.93,21.82,17.69,16.42,15.64,,,7.5,7.36,6.91,6.0,4.68,4.2,3.8,7.29,6.75,5.69,4.54,4.2,3.54,24.14,23.5,20.54,94.59,93.36,92.89,2.63,,5.94,4.16,2.24,7.5,5.53,3.82,17.41,,7.41,8.9,6.33,
2481,強茂,213.0,2026-07-09,年配,1.8,0.85,,1.8,1.4,1.2,3.0,3.0,1.5,1.05221308,0.5,,0.85,0.66,0.56,1.41,1.41,0.7,0.49,0.23,,,7.15,6.86,12.55,19.43,13.22,7.71,12.11,,,2.4,2.15,4.6,5.66,2.7,1.5,2.41,1.47,2.08,1.68,0.69,0.98,0.79,7.01,11.5,11.29,57.07,58.09,54.12,0.75,,2.18,1.38,0.72,2.4,1.87,1.21,4.17,,16.58,14.05,2.21,
2482,連宇,17.65,2026-07-09,年配,0.1,0.57,,0.1,0.61,1.0,1.5,,,,,,0.57,3.46,5.67,8.5,,,,,,,4.84,15.01,22.07,0.83,-4.12,3.16,0.45,,,0.81,2.4,2.98,0.11,-0.5,0.39,0.06,0.57,0.8,0.8,3.23,4.55,4.55,9.93,10.69,6.03,58.49,55.77,55.77,-0.23,,-0.83,-0.87,-0.22,0.81,0.66,0.72,-4.55,,-225.76,-220.83,-0.84,
2483,百容,68.0,2026-07-09,年配,0.3,0.44,,0.3,0.3,0.3,1.0,1.0,0.7,0.3,0.7,,0.44,0.44,0.44,1.47,1.47,1.03,0.44,1.03,,,1.56,1.44,6.58,6.27,3.5,6.62,6.59,,,0.35,0.32,1.54,1.4,0.76,1.43,1.5,0.3,0.58,0.57,0.44,0.85,0.84,1.5,3.96,4.65,89.73,78.96,67.94,0.15,,0.68,0.75,-0.17,0.35,0.47,0.33,188.24,,44.68,127.27,1.0,
2484,希華,90.7,2026-07-09,年配,0.7,0.77,,0.7,0.7,1.5,2.2,1.5,1.0,0.95,1.45,,0.77,0.77,1.65,2.43,1.65,1.1,1.05,1.6,,,4.04,6.37,18.95,11.35,5.32,4.03,8.68,,,0.99,1.64,4.82,2.54,1.02,0.76,1.63,0.97,1.32,1.25,1.06,1.45,1.38,5.2,10.18,8.39,81.08,66.72,82.7,0.33,,0.26,0.13,0.24,0.99,0.69,0.51,37.5,,-62.32,-74.51,0.35,
2485,兆赫,49.9,2026-07-09,年配,0.0,0.0,,,,,,,,,0.5,,,,,,,,,1.0,,,-12.27,-4.5,-1.04,-5.76,-2.39,-1.88,4.03,,,-2.26,-0.23,0.0,-1.11,-0.48,-0.37,0.93,,,0.5,,,1.0,-8.38,-5.89,-3.4,,,53.76,0.41,,-1.33,-1.29,-0.6,-2.26,-1.51,-0.64,168.33,,11.92,-101.56,-0.32,
2486,一詮,259.0,2026-07-09,年配,0.5,0.19,,0.5,0.5,0.65,0.4,0.5,,,,,0.19,0.19,0.25,0.15,0.19,,,,,,0.61,4.62,2.17,10.72,-5.33,-5.95,-3.5,,,0.08,0.92,0.47,1.79,-0.75,-0.9,-0.56,0.55,0.51,0.51,0.21,0.19,0.19,2.62,4.53,0.48,347.82,202.17,202.17,0.29,,0.16,-0.06,-0.01,0.08,0.04,0.1,3000.0,,300.0,-160.0,0.46,
2488,漢平,48.4,2026-07-09,年配,3.0,6.2,,3.0,3.2,2.8,2.5,1.2,1.5,2.3,2.5,,6.2,6.61,5.79,5.17,2.48,3.1,4.75,5.17,,,16.11,14.62,13.89,6.8,8.73,13.66,14.95,,,5.24,4.39,3.86,1.79,2.27,3.5,3.65,3.0,2.54,2.38,6.2,5.25,4.91,15.36,12.85,12.68,62.42,64.17,65.28,0.92,,3.53,1.9,0.84,5.24,3.78,2.12,9.52,,-6.61,-10.38,3.61,
2489,瑞軒,38.4,2026-07-09,半年配,1.2,3.12,,1.2,0.44852941,0.5420889,,0.75,0.13146157,,,,3.12,1.17,1.41,,1.95,0.34,,,,,9.48,3.37,-18.26,34.14,4.64,0.14,1.5,,,1.8,0.58,-3.45,6.3,0.68,0.01,0.19,0.73,0.74,0.61,1.9,1.91,1.6,6.43,7.18,5.0,59.19,43.43,37.4,0.15,,0.81,0.32,0.32,1.8,1.32,1.1,-53.12,,-38.64,-70.91,0.64,
2491,吉祥全,36.65,2026-07-09,年配,0.0,0.0,,,,,,0.1,0.4,,,,,,,,0.27,1.09,,,,,-5.33,4.83,-38.94,6.1,11.35,86.09,-5.77,,,-0.4,0.45,-4.7,0.63,1.5,5.48,-0.41,,0.1,0.25,,0.27,0.68,-0.25,-8.33,8.33,,15.87,21.27,0.85,,0.49,-0.59,-1.16,-0.4,-0.62,0.2,173.28,,179.03,-395.0,2.5,
2492,華新科,465.5,2026-07-09,年配,2.5,0.54,,2.5,2.4,2.15,2.4,4.5,6.0,5.5,16.3,,0.54,0.52,0.46,0.52,0.97,1.29,1.18,3.5,,,6.66,4.82,4.29,18.07,17.56,19.17,72.81,,,6.15,4.09,3.4,16.35,13.66,13.72,40.75,2.35,2.79,5.22,0.51,0.6,1.12,5.74,8.46,20.48,45.8,47.42,44.82,1.69,,2.95,0.76,1.21,6.15,4.25,3.34,39.67,,-30.59,-77.25,3.43,
2493,揚博,274.0,2026-07-09,年配,4.0,1.46,,4.0,4.0,5.0,4.0,2.75,2.5,2.5,2.5,,1.46,1.46,1.82,1.46,1.0,0.91,0.91,0.91,,,22.52,23.95,22.76,14.32,13.13,9.57,14.66,,,6.05,6.03,5.18,3.0,2.7,2.0,3.0,4.33,3.95,3.41,1.58,1.44,1.24,23.24,20.89,17.27,74.52,79.48,88.41,1.26,,3.16,1.99,1.54,6.05,4.65,3.06,-18.18,,-32.04,-34.97,2.88,
2495,普安,52.5,2026-07-09,年配,0.8,1.52,,0.8,1.3,0.7,0.6,0.4,0.3,0.6,0.4,,1.52,2.48,1.33,1.14,0.76,0.57,1.14,0.76,,,13.69,5.78,5.24,3.66,-1.6,4.83,2.87,,,2.22,0.88,0.78,0.53,-0.24,0.73,0.43,0.93,0.76,0.64,1.78,1.45,1.21,9.74,7.09,4.92,69.06,72.62,48.67,0.33,,0.45,-0.3,0.32,2.22,1.69,1.02,3.13,,-73.37,-129.41,0.46,
2496,卓越,61.6,2026-07-09,半年配,4.5,7.31,,4.5,5.68,4.68,3.3,3.0,4.5,1.0,4.0,,7.31,9.22,7.6,5.36,4.87,7.31,1.62,6.49,,,15.1,12.43,9.9,7.07,7.85,9.75,16.12,,,7.02,5.48,4.16,3.02,3.3,4.41,7.18,4.95,4.23,3.83,8.04,6.87,6.22,13.76,11.12,11.17,83.16,86.24,79.96,1.65,,4.36,2.28,1.37,7.02,4.87,2.78,20.44,,-10.47,-17.99,4.64,
2497,怡利電,60.8,2026-07-09,年配,2.0,3.29,,2.0,2.0,1.0,0.7,,,,,,3.29,3.29,1.64,1.15,,,,,,,16.15,10.98,20.13,7.06,-5.88,0.04,-14.89,,,3.09,1.89,2.88,0.81,-0.69,0.01,-1.95,1.67,1.42,1.42,2.74,2.34,2.34,13.56,13.58,4.8,58.82,47.31,47.31,0.8,,1.49,0.59,0.75,3.09,2.11,1.27,6.67,,-29.38,-53.54,1.54,
2498,宏達電,45.15,2026-07-09,年配,0.5,1.11,,0.5,,,,,,,0.38,,1.11,,,,,,,0.84,,,-15.46,-14.04,-12.93,-10.85,-18.55,-23.47,30.46,,,-4.11,-4.09,-4.13,-3.75,-7.27,-11.43,14.72,0.5,0.5,0.44,1.11,1.11,0.98,-14.75,-13.32,-9.26,,,2.58,-0.29,,7.88,4.0,4.86,-4.11,-3.12,-2.07,-105.97,,352.56,293.24,2.73,
2501,國建,23.9,2026-07-09,年配,1.2,5.02,,1.2,1.0,1.0,0.5,0.6,1.0,1.0,2.1,,5.02,4.18,4.18,2.09,2.51,4.18,4.18,8.79,,,5.19,8.03,4.9,3.26,6.08,5.62,17.47,,,1.36,1.87,1.04,0.73,1.28,1.18,3.11,1.07,0.86,1.05,4.46,3.6,4.39,6.61,5.34,7.22,63.5,64.32,69.67,1.21,,1.91,1.38,0.17,1.36,0.84,0.77,611.76,,127.38,79.22,2.95,
2504,國產,32.1,2026-07-09,年配,2.6,8.1,,2.6,2.8,2.1,2.0,1.8,1.5,0.3,0.25,,8.1,8.72,6.54,6.23,5.61,4.67,0.93,0.78,,,17.22,14.48,18.06,13.38,11.92,5.64,2.84,,,3.9,3.0,3.51,2.42,1.9,0.8,0.37,2.5,2.26,1.67,7.79,7.04,5.2,15.85,15.78,11.93,70.9,68.29,65.31,0.7,,2.45,1.58,0.71,3.9,3.09,2.36,-1.41,,-20.71,-33.05,2.44,
2505,國揚,17.95,2026-07-09,年配,1.0,5.57,,1.0,,0.4,,1.0,2.5,0.15,0.5,,5.57,,2.23,,5.57,13.93,0.84,2.79,,,2.0,3.08,5.15,10.59,56.47,0.68,-0.64,,,0.52,0.8,1.28,2.58,7.58,0.08,-0.08,0.7,0.8,0.93,3.9,4.46,5.16,2.54,5.2,11.05,50.0,44.38,-63.15,0.17,,1.54,0.7,0.54,0.52,0.38,0.28,-68.52,,305.26,150.0,1.17,
2506,太設,8.9,2026-07-09,半年配,0.2,2.25,,0.2,0.4,0.30000000000000004,0.30000000000000004,0.1,0.4,,0.16,,2.25,4.49,3.37,3.37,1.12,4.49,,1.8,,,9.38,1.35,8.0,1.25,0.4,-0.57,2.96,,,2.04,0.12,1.59,0.13,-0.15,-0.25,0.51,0.3,0.26,0.27,3.37,2.92,2.98,5.36,5.0,3.25,134.8,91.35,21.68,0.13,,0.05,-0.02,0.21,2.04,2.33,-0.23,-38.1,,-97.85,91.3,-0.03,
2509,全坤建,13.1,2026-07-09,年配,0.0,0.0,,,,,,,1.5,0.2,0.6,,,,,,,11.45,1.53,4.58,,,1.24,-5.34,-3.27,0.89,4.82,9.71,25.78,,,0.21,-1.09,-0.67,0.2,1.03,2.16,5.7,,,0.77,,,5.85,-2.05,-1.62,4.83,,,55.14,-0.45,,-0.62,-0.58,-0.41,0.21,0.42,0.03,-9.76,,-247.62,-2033.33,-0.66,
2511,太子,8.49,2026-07-09,年配,0.3,3.53,,0.3,0.3,0.36,0.5,0.5,0.4,0.5,0.65,,3.53,3.53,4.24,5.89,5.89,4.71,5.89,7.66,,,1.09,2.25,5.57,5.82,3.0,3.89,5.14,,,0.19,0.37,0.91,0.95,0.49,0.59,0.77,0.32,0.39,0.44,3.77,4.62,5.17,1.67,3.68,3.82,127.6,90.69,87.65,0.06,,0.2,0.14,0.04,0.19,0.1,0.03,50.0,,100.0,366.67,0.22,
2514,龍邦,12.95,2026-07-09,年配,0.0,0.0,,,,,,,,,0.25,,,,,,,,,1.93,,,7.2,6.47,3.16,9.19,12.46,9.94,0.27,,,2.83,2.44,0.91,2.45,3.05,1.87,0.05,,,0.25,,,1.93,6.84,6.5,6.96,,,500.0,0.42,,1.43,0.8,0.53,2.83,2.62,1.71,-20.75,,-45.42,-53.22,1.32,
2515,中工,13.9,2026-07-09,年配,0.0,0.0,,,,0.52,0.526,0.534,0.233,0.201,0.197,,,,3.74,3.78,3.84,1.68,1.45,1.42,,,3.12,2.72,3.53,12.28,2.96,1.54,1.78,,,0.47,0.41,0.54,1.75,0.4,0.2,0.24,0.52,0.53,0.37,3.74,3.79,2.65,2.92,5.41,3.99,126.83,84.92,82.6,0.16,,0.27,0.18,0.08,0.47,0.33,0.17,100.0,,-18.18,5.88,0.35,
2516,新建,13.65,2026-07-09,年配,0.0,0.0,,,,,,,,,,,,,,,,,,,,,13.23,12.05,-48.67,5.96,-33.71,1.35,2.86,,,0.97,0.77,-3.42,0.47,-3.11,0.15,0.3,,,,,,,12.64,-4.36,-6.7,,,,0.25,,0.57,0.38,0.3,0.97,0.6,0.24,-16.67,,-5.0,58.33,0.52,
2520,冠德,35.1,2026-07-09,年配,1.6,4.56,,1.6,3.1,1.8,1.75,2.5,2.4,1.5,1.0,,4.56,8.83,5.13,4.99,7.12,6.84,4.27,2.85,,,24.0,13.66,15.06,21.83,24.58,11.05,5.06,,,10.25,4.42,4.31,6.47,6.8,2.6,1.03,2.17,2.15,1.96,6.17,6.13,5.57,18.83,18.64,16.46,35.48,37.55,48.61,0.52,,1.72,1.27,0.81,10.25,8.3,5.79,-35.8,,-79.28,-78.07,1.43,
2524,京城,35.5,2026-07-09,年配,0.0,0.0,,,,,,,,,,,,,,,,,,,,,14.79,2.53,6.0,10.88,12.0,13.16,4.18,,,7.67,1.2,2.73,4.54,4.48,4.3,1.29,,,,,,,8.66,8.55,9.08,,,,0.36,,1.73,1.52,1.49,7.67,2.55,1.49,-75.84,,-32.16,2.01,0.6,
2527,宏璟,42.6,2026-07-09,年配,1.5,3.52,,1.5,2.0,1.5,1.0,3.0,1.4,1.8,1.2,,3.52,4.69,3.52,2.35,7.04,3.29,4.23,2.82,,,9.75,5.26,2.83,16.92,4.45,9.39,5.48,,,4.86,2.22,1.17,6.19,1.49,2.84,1.6,1.67,1.8,1.68,3.91,4.22,3.93,7.5,8.69,7.73,54.36,60.66,67.86,3.45,,0.6,-0.77,-0.68,4.86,1.34,0.07,607.35,,-55.22,-1200.0,4.73,
2528,皇普,22.45,2026-07-09,半年配,1.5,6.68,,1.5,2.0,0.5,0.5,0.46,,,,,6.68,8.91,2.23,2.23,2.05,,,,,,20.96,4.62,5.07,12.29,-6.29,-3.46,-3.72,,,3.26,0.64,0.64,1.49,-0.73,-0.38,-0.4,1.33,0.99,0.99,5.94,4.42,4.42,12.79,10.74,4.21,69.74,62.12,62.12,-0.11,,3.39,1.8,1.08,3.26,-0.79,-0.52,-110.19,,529.11,446.15,2.2,
2530,華建,19.75,2026-07-09,季配,1.85,9.37,,1.85,2.15508094,0.54,0.41076195,,,0.1,0.3,,9.37,10.91,2.73,2.08,,,0.51,1.52,,,15.16,4.75,4.65,-1.6,-1.96,-2.19,0.58,,,1.94,0.61,0.56,-0.2,-0.32,-0.25,0.1,1.52,1.24,0.89,7.67,6.27,4.52,9.96,5.74,2.77,99.8,90.99,106.59,-0.04,,2.07,1.25,0.02,1.94,1.48,0.85,-300.0,,39.86,47.06,2.01,
2534,宏盛,16.5,2026-07-09,年配,1.5,9.09,,1.5,1.0,1.0,1.75,1.2,1.0,0.5,,,9.09,6.06,6.06,10.61,7.27,6.06,3.03,,,,2.04,3.52,13.85,6.37,4.52,9.52,22.79,,,0.63,1.1,4.15,1.78,1.12,1.89,4.07,1.17,1.29,1.14,7.07,7.82,6.88,2.78,6.44,8.94,124.82,89.81,79.16,-0.02,,1.85,1.82,1.01,0.63,0.0,-0.02,-101.98,,,9200.0,0.82,
2535,達欣工,88.5,2026-07-09,年配,4.6,5.2,,4.6,3.75,3.0,2.5,2.5,2.5132,1.4157,1.7353,,5.2,4.24,3.39,2.82,2.82,2.84,1.6,1.96,,,13.69,12.44,12.73,14.06,14.27,8.99,9.23,,,5.21,3.77,3.66,3.78,3.74,2.26,2.29,3.78,3.27,2.75,4.28,3.69,3.11,13.06,13.23,12.2,75.78,71.5,70.23,2.88,,4.37,2.61,1.04,5.21,3.5,2.58,176.92,,24.86,1.16,6.21,
2536,宏普,19.55,2026-07-09,年配,2.0,10.23,,2.0,0.5,0.5,0.5,,1.2,1.2,1.0,,10.23,2.56,2.56,2.56,,6.14,6.14,5.12,,,1.54,1.79,-0.52,-0.29,5.08,5.14,3.81,,,0.61,0.69,-0.16,-0.1,1.84,1.83,1.34,1.0,0.88,0.99,5.12,4.48,5.04,1.66,0.63,2.36,77.22,-52.69,7.89,0.15,,1.07,1.24,0.03,0.61,0.1,0.08,400.0,,970.0,1450.0,1.19,
2537,聯上發,11.2,2026-07-09,年配,0.0,0.0,,,,,,0.9,0.4,,,,,,,,8.04,3.57,,,,,7.44,-1.46,1.84,9.92,4.47,-6.63,0.7,,,1.05,-0.2,0.26,1.38,0.59,-0.88,0.09,,0.9,0.65,,8.04,5.8,2.99,4.44,2.33,,65.22,66.51,0.4,,0.1,0.15,0.23,1.05,0.59,0.51,73.91,,-83.05,-70.59,0.27,
2538,基泰,9.91,2026-07-09,年配,0.5,5.05,,0.5,0.7,0.7,0.5,0.5,0.5,0.5,0.6,,5.05,7.06,7.06,5.05,5.05,5.05,5.05,6.05,,,4.23,26.49,2.82,-1.88,-1.82,-3.94,0.65,,,0.57,0.94,0.44,-0.31,-0.32,-0.68,0.1,0.63,0.58,0.56,6.39,5.85,5.68,15.36,7.92,3.79,98.64,37.41,74.26,0.02,,0.56,-0.27,0.01,0.57,0.25,0.37,100.0,,124.0,-172.97,0.57,
2539,櫻花建,39.3,2026-07-09,年配,0.6,1.53,,0.6,0.5,0.4,0.2,0.2,0.2,1.0,0.2,,1.53,1.27,1.02,0.51,0.51,0.51,2.54,0.51,,,21.71,17.6,16.32,9.28,10.96,22.91,7.75,,,2.85,2.24,2.05,1.18,1.48,3.22,1.1,0.5,0.38,0.41,1.27,0.97,1.05,19.66,16.23,15.22,17.7,15.53,17.84,0.68,,2.34,1.93,1.57,2.85,0.33,0.55,-56.69,,609.09,250.91,1.45,
2540,愛山林,52.8,2026-07-09,年配,6.0,11.36,,6.0,1.0,1.5,1.5,3.5,1.0,,,,11.36,1.89,2.84,2.84,6.63,1.89,,,,,17.95,19.99,7.18,19.64,18.81,4.75,4.5,,,3.07,3.91,1.67,7.02,6.18,1.38,1.26,2.83,2.7,2.42,5.36,5.11,4.58,18.97,16.19,13.26,35.47,52.65,45.36,-0.01,,0.68,1.02,0.1,3.07,2.6,2.84,-110.0,,-73.85,-64.08,0.57,
2542,興富發,43.6,2026-07-09,年配,4.0,9.17,,4.0,2.0,0.5,0.5,4.16,2.0,3.0,3.5,,9.17,4.59,1.15,1.15,9.54,4.59,6.88,8.03,,,13.47,16.61,8.24,23.53,8.04,9.36,23.49,,,3.13,1.33,2.29,6.45,2.11,2.66,6.01,2.17,2.23,2.46,4.97,5.12,5.64,15.04,15.46,14.68,50.74,46.96,64.8,1.15,,0.95,0.24,0.0,3.13,1.52,0.69,,,-37.5,-65.22,2.1,
2543,皇昌,38.8,2026-07-09,半年配,1.5,3.87,,1.5,0.6,0.4,0.3,,,,,,3.87,1.55,1.03,0.77,,,,,,,38.77,19.0,10.13,16.99,2.4,0.96,-21.94,,,5.25,2.15,1.02,1.56,0.15,0.1,-2.16,0.83,0.7,0.7,2.15,1.81,1.81,28.88,21.22,9.47,15.02,19.81,19.81,0.37,,1.93,1.43,0.69,5.25,4.51,3.66,-46.38,,-57.21,-60.93,1.61,
2545,皇翔,34.8,2026-07-09,年配,2.8,8.05,,2.8,4.5,2.3,4.6,6.3,4.5,1.2,1.8,,8.05,12.93,6.61,13.22,18.1,12.93,3.45,5.17,,,23.57,6.43,15.4,20.54,16.25,0.14,8.1,,,9.05,2.32,5.78,7.46,5.33,0.04,2.59,3.2,4.1,3.5,9.2,11.78,10.06,15.0,16.48,12.92,74.43,78.22,495.26,-0.01,,2.58,3.33,0.35,9.05,7.58,4.28,-102.86,,-65.96,-22.2,2.22,
2546,根基,92.2,2026-07-09,年配,4.8,5.21,,4.8,3.2,4.0,4.15,2.6,3.6,3.0,3.0,,5.21,3.47,4.34,4.5,2.82,3.9,3.25,3.25,,,17.24,22.03,27.23,22.51,21.56,15.26,16.68,,,7.1,8.2,8.98,6.98,5.91,3.79,3.84,4.0,3.75,3.54,4.34,4.07,3.84,19.63,22.25,20.36,46.92,44.33,56.5,1.43,,6.59,3.67,1.53,7.1,3.94,2.12,-6.54,,67.26,73.11,6.49,
2547,日勝生,11.45,2026-07-09,年配,0.8,6.99,,0.8,0.62820999,0.25,,0.2,0.62,0.6,0.8,,6.99,5.49,2.18,,1.75,5.41,5.24,6.99,,,-0.31,-0.14,0.87,0.53,5.44,3.75,31.54,,,-0.08,-0.11,0.08,0.07,0.69,0.45,3.77,0.56,0.47,0.56,4.89,4.1,4.86,-0.22,0.24,5.95,-506.26,-242.27,-80.4,0.06,,2.78,2.78,2.89,-0.08,-0.26,-0.2,-97.92,,1169.23,1490.0,-0.05,
2548,華固,101.0,2026-07-09,年配,8.0,7.92,,8.0,5.5,7.5,7.5,7.5,7.0,7.5,5.0,,7.92,5.45,7.43,7.43,7.43,6.93,7.43,4.95,,,6.67,17.79,15.59,16.21,16.14,19.68,5.62,,,4.58,12.95,10.69,10.56,10.05,11.35,3.12,7.0,7.2,6.94,6.93,7.13,6.87,12.23,14.06,13.96,89.0,79.8,87.88,2.28,,1.82,0.73,-0.42,4.58,5.01,0.69,642.86,,-63.67,5.8,4.52,
2597,潤弘,168.5,2026-07-09,年配,9.67,5.74,,9.67,7.7,5.4,10.0,9.0,6.5,4.5,4.8,,5.74,4.57,3.2,5.93,5.34,3.86,2.67,2.85,,,31.8,25.23,26.12,25.65,19.83,13.65,13.8,,,10.71,10.28,11.14,9.96,7.48,5.03,4.9,7.59,8.35,7.2,4.5,4.96,4.27,28.52,27.2,22.3,62.22,76.14,82.7,2.38,,7.25,4.17,2.12,10.71,6.74,5.55,12.26,,7.57,-24.86,7.51,
2601,益航,7.98,2026-07-09,年配,0.0,0.0,,,,,,,,0.1,0.1,,,,,,,,1.25,1.25,,,-4.7,-20.6,-2.64,0.42,-2.53,12.69,1.69,,,-0.35,-2.02,0.01,0.2,-0.42,2.23,0.01,,,0.1,,,1.25,-12.65,-6.88,-2.24,,,502.24,-0.02,,-0.34,-0.25,-0.16,-0.35,-0.15,-0.08,87.5,,-126.67,-212.5,-0.2,
2603,長榮,194.5,2026-07-09,年配,16.0,8.23,,16.0,32.5,10.0,70.0,18.0,2.5,,,,8.23,16.71,5.14,35.99,9.25,1.29,,,,,26.83,7.59,73.66,114.69,32.86,-0.31,0.11,,,64.87,16.7,87.07,45.57,5.06,0.02,0.07,19.5,29.3,24.83,10.03,15.06,12.77,17.21,55.69,36.49,54.99,57.47,55.86,3.84,,27.74,17.7,12.64,64.87,50.68,21.86,-69.62,,-45.26,-19.03,18.94,
2605,新興,30.45,2026-07-09,年配,1.0,3.28,,1.0,1.3,0.75,0.5,1.0,0.5,0.5,0.2,,3.28,4.27,2.46,1.64,3.28,1.64,1.64,0.66,,,8.78,3.14,1.99,5.45,1.58,0.94,0.49,,,2.56,0.76,0.34,1.2,0.24,0.15,0.11,1.02,0.91,0.72,3.34,2.99,2.36,5.96,4.84,3.2,74.73,94.96,157.62,0.66,,0.49,0.22,0.02,2.56,2.22,1.8,3200.0,,-77.93,-87.78,1.13,
2606,裕民,63.1,2026-07-09,年配,2.8,4.44,,2.8,3.2,2.4,3.0,3.0,1.2,1.9,1.8,,4.44,5.07,3.8,4.75,4.75,1.9,3.01,2.85,,,12.57,8.0,15.0,19.96,3.51,6.18,7.03,,,5.54,3.24,5.21,5.79,1.04,1.92,1.97,2.8,2.88,2.41,4.44,4.56,3.82,10.28,13.88,10.32,65.91,60.3,78.13,1.17,,2.76,1.04,0.27,5.54,4.45,2.61,333.33,,-37.98,-60.15,3.66,
2607,榮運,46.35,2026-07-09,年配,2.7,5.83,,2.7,1.3,1.1,1.25,0.4,0.3,0.3,0.35,,5.83,2.8,2.37,2.7,0.86,0.65,0.65,0.76,,,8.57,9.18,12.76,4.24,2.96,3.73,3.94,,,2.6,2.55,3.3,1.0,0.64,0.79,0.81,1.7,1.35,0.96,3.67,2.91,2.08,8.88,8.69,6.48,46.57,42.76,42.73,1.04,,2.72,1.55,0.86,2.6,1.93,1.22,20.93,,40.93,27.05,2.9,
2608,嘉里大榮,29.45,2026-07-09,年配,1.65,5.6,,1.65,1.65,2.6,1.65,1.65,1.68,1.45,1.56,,5.6,5.6,8.83,5.6,5.6,5.7,4.92,5.3,,,9.17,14.53,11.53,13.27,15.07,14.88,14.16,,,2.25,3.63,2.66,2.99,3.21,2.9,2.61,1.97,1.84,1.74,6.68,6.25,5.89,11.85,12.12,13.23,72.48,65.54,60.61,0.47,,1.55,1.01,0.43,2.25,1.7,1.13,9.3,,-8.82,-10.62,1.59,
2609,陽明,51.6,2026-07-09,年配,2.0,3.88,,2.0,7.5,2.0,20.0,20.0,,,,,3.88,14.53,3.88,38.76,38.76,,,,,,20.83,1.63,62.62,122.37,45.63,-21.39,-26.95,,,18.38,1.37,51.71,48.73,4.51,-1.66,-2.53,3.83,10.3,10.3,7.43,19.96,19.96,11.23,51.86,29.25,93.4,66.63,66.63,0.41,,4.24,2.51,2.23,18.38,14.79,6.66,-81.61,,-71.33,-62.31,2.42,
2610,華航,21.4,2026-07-09,年配,0.82,3.83,,0.82,0.79587046,0.69016808,0.46099444,0.83636529,,,0.20960737,,3.83,3.72,3.23,2.15,3.91,,,0.98,,,18.44,9.97,3.0,12.99,-0.46,-1.12,3.81,,,2.38,1.13,0.48,1.67,0.03,-0.22,0.33,0.77,0.72,0.64,3.59,3.37,2.97,14.21,11.1,6.66,47.26,60.16,60.83,0.85,,1.81,1.32,0.69,2.38,1.71,1.08,23.19,,5.85,22.22,1.97,
2611,志信,14.6,2026-07-09,年配,0.52,3.56,,0.52,1.64,2.3,,1.0,,,0.41,,3.56,11.23,15.75,,6.85,,,2.81,,,10.21,15.99,-8.19,10.52,-2.25,-4.35,1.8,,,1.64,2.48,-1.37,1.69,-0.1,-0.71,0.29,1.49,1.36,1.17,10.18,9.35,8.04,13.1,7.13,3.39,96.37,83.97,98.32,0.28,,0.39,-0.35,-0.51,1.64,1.84,1.51,154.9,,-78.8,-123.18,1.18,
2612,中航,54.4,2026-07-09,年配,2.2,4.04,,2.2,2.1,1.0,2.18,2.68,1.6,0.8,1.6,,4.04,3.86,1.84,4.01,4.93,2.94,1.47,2.94,,,7.99,2.78,6.87,10.22,3.34,3.22,5.24,,,5.13,1.66,3.88,5.27,1.67,1.64,2.6,1.77,2.03,1.77,3.25,3.74,3.25,5.38,6.96,5.67,50.59,52.06,59.19,1.24,,4.21,3.05,1.21,5.13,2.17,1.58,2.48,,94.01,93.04,4.24,
2613,中櫃,21.75,2026-07-09,年配,1.0,4.6,,1.0,1.0,0.6,1.05,1.65,0.2,0.17,0.34,,4.6,4.6,2.76,4.83,7.59,0.92,0.78,1.56,,,3.59,3.18,4.43,6.97,1.01,1.17,1.93,,,0.84,0.71,1.05,1.63,0.23,0.27,0.53,0.87,1.06,0.75,3.99,4.88,3.46,3.38,4.54,3.18,101.78,101.2,88.41,0.18,,0.85,0.49,0.23,0.84,0.85,0.49,-21.74,,0.0,0.0,0.8,
2614,東森,18.2,2026-07-09,年配,0.4,2.2,,0.4,0.25,,,1.0,0.8,1.0,1.0,,2.2,1.37,,,5.49,4.4,5.49,5.49,,,6.5,-8.35,-32.61,11.18,7.47,5.14,18.33,,,1.24,-0.91,-3.29,1.37,0.94,0.7,1.74,0.32,0.55,0.74,1.78,3.02,4.07,-0.92,-5.82,1.09,20.16,46.58,75.72,0.3,,1.42,0.85,0.28,1.24,0.65,0.44,7.14,,118.46,93.18,1.44,
2615,萬海,80.4,2026-07-09,年配,3.0,3.73,,3.0,3.5,1.5,5.0,10.5,1.0,0.8,0.6056299,,3.73,4.35,1.87,6.22,13.06,1.24,1.0,0.75,,,20.27,-2.68,50.27,109.58,28.21,10.08,3.3,,,16.89,-2.07,33.17,42.35,5.1,1.61,0.5,2.67,4.7,3.24,3.32,5.85,4.03,8.8,44.36,31.29,-25.87,-2.97,25.51,2.73,,7.64,3.5,3.11,16.89,12.34,5.77,-12.22,,-38.09,-39.34,7.26,
2616,山隆,13.65,2026-07-09,年配,0.3,2.2,,0.3,0.3,0.43,1.6,2.5,2.2,1.8,1.60166903,,2.2,2.2,3.15,11.72,18.32,16.12,13.19,11.73,,,-9.96,1.64,5.68,7.91,8.02,8.4,5.73,,,-3.43,0.48,2.13,3.06,2.73,2.14,1.76,0.34,1.03,1.34,2.52,7.52,9.83,-4.16,1.32,3.92,40.42,59.41,70.48,-1.37,,-4.41,-2.94,-1.54,-3.43,-1.73,0.01,11.04,,-154.91,-29500.0,-4.24,
2617,台航,30.5,2026-07-09,年配,1.5,4.92,,1.5,1.5,1.6,2.2,2.0,0.9,0.8,1.3,,4.92,4.92,5.25,7.21,6.56,2.95,2.62,4.26,,,7.5,10.5,12.86,9.99,4.93,5.82,9.59,,,3.08,3.98,4.83,3.16,1.24,1.44,2.29,1.53,1.76,1.48,5.03,5.77,4.84,9.0,10.21,8.74,44.45,49.43,54.66,0.71,,2.36,1.01,0.58,3.08,2.35,1.39,22.41,,0.43,-27.34,2.49,
2618,長榮航,39.6,2026-07-09,年配,2.0,5.05,,2.0,2.4,1.8,0.79907052,0.5916945,,0.25,0.49727797,,5.05,6.06,4.55,2.02,1.49,,0.63,1.26,,,24.45,21.67,8.28,7.89,-4.23,6.55,10.74,,,5.37,4.01,1.34,1.31,-0.69,0.83,1.5,2.07,1.52,1.19,5.22,3.83,3.01,23.06,15.57,10.76,44.79,48.6,42.94,1.53,,3.43,2.34,1.1,5.37,3.98,2.31,39.09,,-13.82,1.3,3.86,
2630,亞航,53.9,2026-07-09,年配,0.9,1.67,,0.9,0.62056,0.53,0.36,0.25,0.15,0.08,0.08,,1.67,1.15,0.98,0.67,0.46,0.28,0.15,0.15,,,4.07,2.13,0.7,4.3,2.62,2.74,0.98,,,0.67,0.31,0.08,0.53,0.32,0.37,0.13,0.68,0.53,0.37,1.27,0.99,0.69,3.1,2.8,2.51,131.8,190.19,127.26,0.09,,0.89,0.55,0.14,0.67,0.54,0.38,-35.71,,64.81,44.74,0.84,
2633,台灣高鐵,26.7,2026-07-09,年配,1.15,4.31,,1.15,1.05,1.02,0.67,0.758,1.05,1.2101,1.12,,4.31,3.93,3.82,2.51,2.84,3.93,4.53,4.19,,,9.0,11.29,5.58,5.24,8.28,11.4,16.15,,,1.15,1.39,0.67,0.64,1.04,1.42,1.9,1.07,0.93,1.0,4.02,3.48,3.76,10.14,7.78,9.56,82.34,95.78,89.75,0.37,,0.89,0.62,0.33,1.15,0.91,0.66,12.12,,-2.2,-6.06,0.93,
2634,漢翔,58.0,2026-07-09,年配,0.78,1.34,,0.778,1.38,1.42,1.08,0.35,0.2,1.19,1.34,,1.34,2.38,2.45,1.86,0.6,0.34,2.05,2.31,,,12.27,13.52,10.79,3.95,2.76,12.99,15.36,,,2.3,2.36,1.73,0.59,0.42,1.99,2.22,1.19,1.0,0.97,2.06,1.73,1.67,12.9,10.13,10.23,60.08,60.48,58.53,0.28,,0.22,0.01,0.25,2.3,1.72,1.46,12.0,,-87.21,-99.32,0.25,
2636,台驊控股,70.5,2026-07-09,半年配,5.0,7.09,,5.0,6.0,6.5,10.0,13.0,3.2,1.3,2.2,,7.09,8.51,9.22,14.18,18.44,4.54,1.84,3.12,,,13.93,17.24,27.5,59.44,19.49,9.28,14.54,,,9.39,10.76,18.03,30.03,4.72,2.15,3.07,5.83,8.1,5.9,8.27,11.49,8.37,15.58,29.53,23.06,62.16,55.76,60.43,1.1,,5.81,4.54,2.02,9.39,7.02,4.72,-45.54,,-17.24,-3.81,4.89,
2637,慧洋-KY,83.0,2026-07-09,年配,3.5,4.22,,3.5,5.0,2.75,6.5,5.5,1.5,,,,4.22,6.02,3.31,7.83,6.63,1.81,,,,,12.39,7.1,25.74,26.81,0.4,7.66,6.66,,,8.08,4.38,14.16,11.05,0.15,3.38,2.92,3.75,4.65,4.12,4.52,5.6,4.97,9.75,18.01,12.39,62.34,55.08,244.07,1.6,,2.44,0.38,-0.24,8.08,6.38,4.29,766.67,,-61.76,-91.14,4.28,
2642,宅配通,20.85,2026-07-09,年配,0.5,2.4,,0.5,0.5,0.8,1.5,2.1,1.8,1.2,0.6,,2.4,2.4,3.84,7.19,10.07,8.63,5.76,2.88,,,-0.44,4.27,7.13,10.16,11.26,9.67,4.18,,,-0.1,0.99,1.85,2.52,2.19,1.69,0.72,0.6,1.08,1.12,2.88,5.18,5.4,1.91,5.28,6.6,-209.6,-63.7,-2.61,-0.75,,-0.64,-0.39,-0.5,-0.1,0.3,0.29,-50.0,,-313.33,-234.48,-0.89,
2645,長榮航太,240.0,2026-07-09,年配,5.0,2.08,,5.0,4.5,4.5,4.0,2.0,,,,,2.08,1.88,1.88,1.67,0.83,,,,,,14.03,15.36,15.32,8.95,11.79,,,,,4.9,4.95,4.48,2.5,1.85,,,4.67,4.0,4.0,1.95,1.67,1.67,14.7,13.42,13.09,91.38,88.01,88.01,2.58,,4.16,2.21,1.49,4.9,3.78,2.7,73.15,,10.05,-18.15,5.25,
2646,星宇航空,21.15,2026-07-09,年配,0.0,0.0,,,,,,,,,,,,,,,,,,,,,6.48,1.76,-101.96,-68.1,,,,,,0.53,0.08,-3.47,-2.69,,,,,,,,,,4.12,-40.46,-40.46,,,,0.3,,0.16,0.31,0.3,0.53,0.64,0.39,0.0,,-75.0,-20.51,0.16,
2701,萬企,10.8,2026-07-09,年配,0.28,2.59,,0.28,0.28,0.28,0.25,0.165,0.25,0.4,0.4,,2.59,2.59,2.59,2.31,1.53,2.31,3.7,3.7,,,2.74,2.93,2.74,1.12,2.27,5.26,4.55,,,0.51,0.53,0.47,0.19,0.39,0.89,0.73,0.28,0.25,0.29,2.59,2.32,2.66,2.84,2.38,3.09,53.86,61.94,58.8,0.11,,0.49,0.26,0.1,0.51,0.5,0.24,10.0,,-2.0,8.33,0.5,
2702,華園,13.25,2026-07-09,年配,0.0,0.0,,,,,0.2,1.0,,,0.2,,,,,1.51,7.55,,,1.51,,,1.24,0.81,13.52,98.18,-24.01,-0.36,17.45,,,0.26,0.16,2.7,16.53,-2.45,-0.04,2.08,,0.6,0.47,,4.53,3.52,1.02,28.44,15.26,,6.73,7.69,0.19,,-0.61,-0.85,0.21,0.26,0.33,0.52,-9.52,,-284.85,-263.46,-0.63,
2704,國賓,45.4,2026-07-09,年配,0.5,1.1,,0.5,0.5,1.0,0.5,,,,0.4,,1.1,1.1,2.2,1.1,,,,0.88,,,4.26,2.97,8.58,-0.76,0.03,3.7,4.11,,,2.77,1.34,2.97,-0.24,0.01,1.05,1.1,0.67,0.62,0.58,1.47,1.38,1.28,3.62,3.76,3.27,46.34,36.51,36.47,0.16,,0.97,-0.42,-1.05,2.77,3.36,4.27,115.24,,-71.13,-109.84,2.18,
2705,六福,16.15,2026-07-09,年配,0.0,0.0,,,,,,,,,,,,,,,,,,,,,1.83,-2.01,-6.25,-8.56,-26.12,-28.89,-46.23,,,0.46,-0.51,-1.66,-1.46,-2.01,-2.93,-3.87,,,,,,,-0.09,-3.75,-16.6,,,,-0.21,,-0.45,-0.32,-0.23,0.46,-0.11,-0.26,8.7,,-309.09,-23.08,-0.43,
2706,第一店,12.55,2026-07-09,年配,0.35,2.79,,0.35,0.35,0.35,0.35,0.14,0.15,0.45,0.45,,2.79,2.79,2.79,2.79,1.12,1.2,3.59,3.59,,,2.77,3.08,3.24,0.87,1.75,5.8,4.96,,,0.56,0.6,0.6,0.16,0.32,1.06,0.86,0.35,0.31,0.32,2.79,2.46,2.58,2.92,2.49,3.21,60.42,66.66,58.33,0.14,,0.56,0.32,0.12,0.56,0.54,0.26,16.67,,3.7,23.08,0.58,
2707,晶華,180.0,2026-07-09,季配,10.75,5.97,,10.7496,14.3612,11.3821,9.0073,12.3925,4.38912,10.045399999999999,11.075,,5.97,7.98,6.32,5.0,6.88,2.44,5.58,6.15,,,27.29,31.63,20.59,50.83,20.33,35.19,34.67,,,10.57,11.11,7.09,17.09,5.18,10.58,10.8,12.16,11.58,10.43,6.76,6.43,5.79,29.46,32.58,31.5,119.16,109.47,102.87,5.73,,7.93,5.6,3.16,10.57,7.39,5.65,81.33,,7.31,-0.88,10.5,
2712,遠雄來,14.75,2026-07-09,年配,0.0,0.0,,,,0.41809767,0.0888517,,0.7,,,,,,2.83,0.6,,4.75,,,,,-12.84,3.96,2.0,-1.68,7.9,-1.34,-2.57,,,-1.42,0.47,0.23,-0.2,0.93,-0.15,-0.3,0.42,0.25,0.4,2.83,1.72,2.73,-4.44,-2.14,-0.65,88.96,63.8,67.62,-0.14,,-0.11,-0.33,-0.19,-1.42,-1.16,-0.81,26.32,,90.52,59.26,-0.06,
2722,夏都,22.7,2026-07-09,年配,0.0,0.0,,,0.15,0.25,0.6,0.2,0.5,0.2,0.2,,,0.66,1.1,2.64,0.88,2.2,0.88,0.88,,,-0.68,3.69,7.32,0.78,4.46,1.96,1.12,,,0.03,0.69,1.38,0.18,0.79,0.36,0.19,0.2,0.3,0.3,0.88,1.32,1.32,1.5,2.78,2.66,268.12,172.7,130.7,-0.21,,-0.33,-0.27,-0.17,0.03,0.32,0.21,-23.53,,-203.12,-228.57,-0.37,
2723,美食-KY,66.9,2026-07-09,年配,0.0,0.0,,,3.0,3.5,2.5,5.0,4.0,3.0,5.0,,,4.48,5.23,3.74,7.47,5.98,4.48,7.47,,,5.41,6.83,4.32,9.91,9.56,9.03,16.27,,,3.28,4.2,2.68,6.07,5.64,5.18,9.26,3.25,3.5,3.71,4.86,5.23,5.55,6.12,6.62,8.76,87.4,87.61,76.18,1.31,,-4.23,1.83,1.18,3.28,2.16,1.32,11.02,,-295.83,38.64,-4.1,
2727,王品,240.5,2026-07-09,年配,16.12,6.7,,16.11714977,14.5925781,14.94369495,3.86639449,,4.3040913,3.53702858,3.85514831,,6.7,6.07,6.21,1.61,,1.79,1.47,1.6,,,26.7,32.97,7.42,-4.6,6.06,7.92,8.51,,,15.66,16.79,5.15,-1.4,4.61,4.77,4.52,15.22,12.38,8.75,6.33,5.15,3.64,29.84,15.62,12.14,91.09,85.75,85.01,5.04,,12.01,7.88,4.41,15.66,12.41,8.01,14.29,,-3.22,-1.62,12.64,
2731,雄獅,145.5,2026-07-09,年配,12.8,8.8,,12.8,7.5,8.0,,,,2.0,3.8,,8.8,5.15,5.5,,,,1.37,2.61,,,23.11,54.64,-47.52,-29.11,-20.86,10.67,11.52,,,9.81,15.21,-8.91,-6.43,-5.9,3.14,3.66,9.43,9.43,6.82,6.48,6.48,4.69,38.88,0.28,0.35,64.53,64.53,74.14,4.17,,13.31,8.51,4.57,9.81,7.54,6.64,-8.75,,76.53,28.16,12.91,
2739,寒舍,34.25,2026-07-09,年配,2.58,7.53,,2.58,1.0,,,,,1.0,1.0,,7.53,2.92,,,,,2.92,2.92,,,36.27,43.47,-44.46,-62.39,-20.8,6.6,6.13,,,5.39,4.52,-3.69,-6.45,-3.15,1.11,1.02,1.79,1.79,1.4,5.22,5.22,4.07,39.87,-6.78,-5.03,18.55,18.55,68.89,1.3,,1.01,1.06,0.62,5.39,4.69,5.67,109.68,,-78.46,-81.31,1.69,
2748,雲品,39.55,2026-07-09,年配,1.75,4.42,,1.75,2.0,2.0,1.3,0.5,1.0,1.0,2.75,,4.42,5.06,5.06,3.29,1.26,2.53,2.53,6.95,,,11.44,11.67,10.65,-1.92,8.39,14.43,17.2,,,3.13,2.76,2.2,-0.38,1.44,2.8,3.22,1.92,1.51,1.54,4.85,3.82,3.89,11.56,7.96,10.27,68.18,15.97,36.35,0.94,,1.11,0.77,1.03,3.13,1.94,1.68,-8.74,,-42.78,-54.17,1.02,
2753,八方雲集,176.0,2026-07-09,半年配,11.5,6.53,,11.5,8.00450148,7.00451164,7.51059166,6.72711858,6.5,6.0,5.0,,6.53,4.55,3.98,4.27,3.82,3.69,3.41,2.84,,,16.27,15.79,20.17,20.54,34.66,30.9,31.27,,,9.05,8.35,10.0,8.74,10.55,8.09,8.17,8.84,8.15,7.28,5.02,4.63,4.14,16.03,18.19,24.23,86.17,81.1,74.49,3.56,,9.34,5.81,2.93,9.05,6.64,4.46,21.5,,40.66,30.27,9.97,
2762,世界健身-KY,82.4,2026-07-09,季配,9.59,11.64,3.6369916,5.95118199,5.9355232,5.77777778,12.2,,,,,4.41,7.22,7.2,7.01,14.81,,,,,,,12.88,14.21,11.07,1.1,,,,,,3.19,3.5,6.08,0.67,,,,5.89,7.47,7.47,7.14,9.06,9.06,13.55,9.82,9.82,175.58,183.94,183.94,2.01,,2.22,1.18,0.45,3.19,2.64,2.07,346.67,,-15.91,-43.0,3.78,
2801,彰銀,24.05,2026-07-09,年配,0.8,3.33,,0.8,0.5,0.55,0.55,0.5,0.36,0.4,0.64,,3.33,2.08,2.29,2.29,2.08,1.5,1.66,2.66,,,7.68,7.27,6.44,5.23,4.3,7.26,8.39,,,1.33,1.2,1.04,0.84,0.68,1.16,1.29,0.62,0.58,0.54,2.57,2.41,2.24,7.48,6.66,6.65,41.71,48.96,47.55,0.44,,1.2,0.78,0.37,1.33,1.0,0.66,18.92,,20.0,18.18,1.27,
2812,台中銀,20.6,2026-07-09,年配,0.39,1.89,,0.39,0.39,0.4,0.3,0.25,0.24,0.28,0.28,,1.89,1.89,1.94,1.46,1.21,1.17,1.36,1.36,,,10.46,9.36,8.06,7.94,7.41,8.72,8.79,,,1.5,1.31,1.12,1.1,1.03,1.16,1.18,0.39,0.35,0.32,1.91,1.68,1.54,9.91,8.96,8.68,28.26,26.51,25.32,0.4,,1.13,0.76,0.39,1.5,1.15,0.78,2.56,,-1.74,-2.56,1.14,
2816,旺旺保,34.35,2026-07-09,年配,1.5,4.37,,1.5,1.5,,,1.0,0.8,0.88,0.9,,4.37,4.37,,,2.91,2.33,2.56,2.62,,,18.21,22.01,-23.51,11.34,12.44,13.64,13.11,,,5.46,5.37,-5.91,3.12,3.14,3.3,2.84,1.5,1.33,1.1,4.37,3.88,3.19,20.11,7.01,9.61,27.47,29.76,28.67,,,2.67,1.01,0.14,5.46,3.78,3.13,,,-29.37,-67.73,2.53,
2820,華票,17.05,2026-07-09,年配,0.9,5.28,,0.9,0.78,0.73,0.5,0.9,0.87,0.72,0.79,,5.28,4.57,4.28,2.93,5.28,5.1,4.22,4.63,,,5.48,5.49,4.38,7.28,6.4,5.28,5.77,,,1.02,0.96,0.77,1.38,1.18,0.93,0.99,0.8,0.76,0.77,4.71,4.47,4.54,5.48,5.66,5.73,76.26,70.67,73.37,0.48,,1.05,0.72,0.3,1.02,0.81,0.5,60.0,,29.63,44.0,1.23,
2832,台產,56.3,2026-07-09,年配,3.5,6.22,,3.5,2.0,1.3,1.0,0.75,1.1,1.0,0.9,,6.22,3.55,2.31,1.78,1.33,1.95,1.78,1.6,,,9.91,9.26,6.68,3.78,7.37,8.03,6.62,,,3.21,2.7,1.86,1.03,1.9,1.94,1.55,2.27,1.71,1.44,4.03,3.04,2.56,9.59,7.41,7.38,55.23,59.26,57.79,,,2.75,1.56,0.94,3.21,2.73,1.92,,,0.73,-18.75,1.81,
2834,臺企銀,17.95,2026-07-09,年配,0.3,1.67,,0.3,0.2,0.2,0.1,0.1,0.1,0.2,0.3,,1.67,1.11,1.11,0.56,0.56,0.56,1.11,1.67,,,8.93,9.43,9.84,5.09,4.84,7.47,9.51,,,1.23,1.29,1.26,0.66,0.63,0.98,1.19,0.23,0.18,0.19,1.3,1.0,1.04,9.18,8.32,7.87,15.88,13.71,16.62,0.35,,1.01,0.66,0.32,1.23,0.97,0.76,9.37,,4.12,-13.16,1.04,
2836,高雄銀,12.45,2026-07-09,年配,0.4,3.21,,0.4,0.3,0.3,,0.4,0.3,0.15,0.11,,3.21,2.41,2.41,,3.21,2.41,1.2,0.88,,,4.41,5.0,5.54,5.37,4.82,5.18,3.35,,,0.55,0.7,0.75,0.78,0.68,0.72,0.46,0.33,0.35,0.28,2.68,2.81,2.25,4.7,5.08,4.81,48.7,49.56,39.59,0.2,,0.49,0.31,0.15,0.55,0.41,0.27,33.33,,19.51,14.81,0.54,
2836A,高雄銀甲特,24.75,2026-07-09,年配,0.78,3.15,,0.775,0.775,0.775,0.775,0.75164383,,,,,3.13,3.13,3.13,3.13,3.04,,,,,,,,,,,,,,,,,,,,,,0.78,0.77,0.77,3.13,3.11,3.11,,,,,,,,,,,,,,,,,,,,
2838,聯邦銀,23.8,2026-07-09,年配,0.46,1.93,,0.46,0.35,0.2,0.1,0.15,,0.1,,,1.93,1.47,0.84,0.42,0.63,,0.42,,,,6.96,6.46,5.49,7.08,5.91,6.34,6.02,,,1.16,1.02,0.85,1.21,0.96,1.0,1.07,0.34,0.25,0.23,1.41,1.06,0.95,6.71,6.5,6.32,24.89,18.48,16.79,0.35,,0.91,0.49,0.3,1.16,0.94,0.56,16.67,,-3.19,-12.5,0.96,
2838A,聯邦銀甲特,52.1,2026-07-09,年配,2.63,5.05,,2.630625,2.630625,2.55922602,2.4,2.4,2.4,2.4,2.4,,5.05,5.05,4.91,4.61,4.61,4.61,4.61,4.61,,,,,,,,,,,,,,,,,,,2.61,2.52,2.48,5.0,4.85,4.76,,,,,,,,,,,,,,,,,,,,
2845,遠東銀,13.2,2026-07-09,年配,0.51,3.86,,0.514,0.5,0.506,0.4089,0.43,0.326,0.468,0.45,,3.89,3.79,3.83,3.1,3.26,2.47,3.55,3.41,,,7.15,7.33,7.03,5.97,5.25,7.89,8.05,,,1.01,1.03,1.0,0.84,0.73,1.08,1.08,0.51,0.47,0.45,3.84,3.57,3.41,7.24,6.87,6.95,49.32,47.68,45.77,0.25,,0.7,0.44,0.26,1.01,0.83,0.59,-3.85,,-15.66,-25.42,0.69,
2849,安泰銀,14.6,2026-07-09,年配,0.51,3.49,,0.51,0.38,0.38,0.4,0.73,0.73,0.73,1.0,,3.49,2.6,2.6,2.74,5.0,5.0,5.0,6.85,,,3.91,3.32,3.15,6.7,6.37,6.21,6.78,,,0.68,0.56,0.54,1.19,1.11,1.13,1.26,0.42,0.48,0.61,2.9,3.29,4.16,3.62,4.27,5.21,61.87,64.79,66.98,0.26,,0.58,0.35,0.19,0.68,0.57,0.33,36.84,,1.75,6.06,0.65,
2850,新產,143.5,2026-07-09,年配,7.27,5.07,,7.27,7.15,4.99,2.54,3.2,1.95,1.8,2.65,,5.07,4.98,3.48,1.77,2.23,1.36,1.25,1.85,,,18.01,17.91,13.23,15.83,13.09,14.03,17.35,,,10.47,9.22,6.34,7.13,5.16,4.94,5.6,6.47,5.03,3.94,4.51,3.51,2.75,17.96,16.24,15.64,61.2,51.84,46.99,,,8.46,5.41,2.25,10.47,7.92,5.34,,,6.82,1.31,6.21,
2851,中再保,37.85,2026-07-09,年配,2.2,5.81,,2.2,1.9,1.4,,1.8,1.3,0.9,0.9,,5.81,5.02,3.7,,4.76,3.43,2.38,2.38,,,12.59,11.59,1.51,13.78,11.92,9.51,9.35,,,3.14,2.61,0.41,3.5,2.57,1.87,1.78,1.83,1.82,1.49,4.84,4.82,3.93,12.09,9.87,10.04,57.08,55.19,52.48,,,2.0,1.01,0.78,3.14,2.63,2.34,,,-23.95,-56.84,1.22,
2852,第一保,26.8,2026-07-09,年配,1.66,6.19,,1.66,2.1,1.13,0.72,1.21,0.35,0.96,0.49,,6.19,7.84,4.22,2.69,4.51,1.31,3.58,1.83,,,10.74,8.11,7.53,7.88,2.25,9.09,8.42,,,3.0,2.11,1.86,1.84,0.51,1.93,1.63,1.63,1.36,1.08,6.08,5.09,4.02,9.43,8.57,7.72,61.78,57.0,53.78,,,2.43,1.58,0.84,3.0,2.58,1.76,,,-5.81,-10.23,1.59,
2855,統一證,50.4,2026-07-09,年配,2.11,4.19,,2.11,1.1,1.32,0.39,1.89,1.5,1.0,0.69,,4.19,2.18,2.62,0.77,3.75,2.98,1.98,1.37,,,12.99,9.33,2.39,13.1,12.85,9.05,4.76,,,3.0,1.98,0.5,2.75,2.58,1.72,0.87,1.51,1.36,1.25,3.0,2.7,2.48,11.16,9.45,9.21,51.67,62.52,63.67,1.43,,1.67,0.33,-0.05,3.0,2.48,2.11,2960.0,,-32.66,-84.36,3.15,
2867,三商壽,8.86,2026-07-09,年配,0.0,0.0,,,,,,,,,,,,,,,,,,,,,5.35,-27.67,-38.87,2.61,3.51,16.36,-0.96,,,0.42,-2.11,-4.34,0.42,0.61,2.29,-0.14,,,,,,,-11.16,-14.64,-5.67,,,,,,0.16,-0.12,0.03,0.42,0.52,1.24,,,-69.23,-109.68,0.13,
2880,華南金,38.85,2026-07-09,年配,1.35,3.47,,1.35,1.25,1.2,0.59,0.78,0.265,0.5603,0.545,,3.47,3.22,3.09,1.52,2.01,0.68,1.44,1.4,,,10.81,11.01,8.98,8.82,4.58,8.79,8.64,,,1.68,1.58,1.27,1.3,0.67,1.31,1.27,1.27,1.03,0.82,3.26,2.66,2.1,10.91,9.91,8.8,75.18,64.2,54.58,0.55,,1.43,0.84,0.39,1.68,1.3,0.81,41.03,,10.0,3.7,1.59,
2881,富邦金,124.5,2026-07-09,年配,4.25,3.41,,4.25,4.25,2.5,1.5,3.5,3.0,2.0,2.0,,3.41,3.41,2.01,1.2,2.81,2.41,1.61,1.61,,,16.93,9.36,6.15,16.73,13.03,10.95,9.97,,,10.77,4.8,3.54,12.49,8.54,5.46,4.52,3.67,3.2,2.88,2.94,2.57,2.31,13.14,12.29,11.87,45.77,40.48,39.71,2.4,,6.23,3.49,3.0,10.77,8.61,5.97,-20.0,,-27.64,-41.54,5.63,
2881A,富邦特,61.9,2026-07-09,年配,2.75,4.44,,2.74875,2.74875,2.66093836,2.46,2.46,2.46,2.46,2.46,,4.44,4.44,4.3,3.97,3.97,3.97,3.97,3.97,,,,,,,,,,,,,,,,,,,2.72,2.62,2.56,4.39,4.22,4.13,,,,,,,,,,,,,,,,,,,,
2881B,富邦金乙特,60.8,2026-07-09,年配,2.57,4.23,,2.57235617,2.16,2.16,2.16,2.16,2.16,2.16,1.72208219,,4.23,3.55,3.55,3.55,3.55,3.55,3.55,2.83,,,,,,,,,,,,,,,,,,,2.3,2.24,2.16,3.78,3.69,3.54,,,,,,,,,,,,,,,,,,,,
2881C,富邦金丙特,50.9,2026-07-09,年配,1.8,3.54,,1.8,1.8,1.8,1.8,0.33041096,,,,,3.54,3.54,3.54,3.54,0.65,,,,,,,,,,,,,,,,,,,,,,1.8,1.51,1.51,3.54,2.96,2.96,,,,,,,,,,,,,,,,,,,,
2882,國泰金,96.3,2026-07-09,年配,3.5,3.63,,3.5,3.5,2.0,0.9,3.5,2.5,2.0,1.2,,3.63,3.63,2.08,0.93,3.63,2.6,2.08,1.25,,,13.02,7.29,4.98,15.49,9.01,9.74,9.11,,,7.29,3.24,2.58,10.34,5.41,4.76,3.95,3.0,2.68,2.39,3.11,2.78,2.48,10.15,10.2,9.81,54.87,44.62,42.44,2.15,,4.84,2.89,2.18,7.29,6.78,4.66,-1.38,,-28.61,-37.98,4.81,
2882A,國泰特,60.2,2026-07-09,年配,2.53,4.2,,2.526,2.526,2.29617534,2.28,2.28,2.28,2.28,2.28,,4.2,4.2,3.81,3.79,3.79,3.79,3.79,3.79,,,,,,,,,,,,,,,,,,,2.45,2.38,2.34,4.07,3.96,3.9,,,,,,,,,,,,,,,,,,,,
2882B,國泰金乙特,58.7,2026-07-09,年配,2.28,3.88,,2.28065753,2.13,2.13,2.13,2.13,2.13,2.13,1.09709589,,3.89,3.63,3.63,3.63,3.63,3.63,3.63,1.87,,,,,,,,,,,,,,,,,,,2.18,2.16,2.02,3.72,3.68,3.44,,,,,,,,,,,,,,,,,,,,
2883,凱基金,30.05,2026-07-09,年配,1.0,3.33,,1.0,0.85,0.5,,1.0,0.55,0.6,0.245,,3.33,2.83,1.66,,3.33,1.83,2.0,0.82,,,11.77,8.03,6.53,15.05,6.57,7.56,5.42,,,1.97,1.13,0.98,2.34,0.87,0.88,0.54,0.78,0.84,0.68,2.61,2.79,2.26,9.9,10.34,8.7,43.7,43.38,51.15,0.69,,1.09,0.29,0.52,1.97,1.71,0.98,32.69,,-36.26,-70.41,1.26,
2883B,凱基金乙特,7.97,2026-07-09,年配,0.36,4.52,,0.355,0.355,0.355,,0.0019452,,,,,4.45,4.45,4.45,,0.02,,,,,,,,,,,,,,,,,,,,,,0.36,0.27,0.27,4.45,3.34,3.34,,,,,,,,,,,,,,,,,,,,
2884,玉山金,34.75,2026-07-09,年配,1.4,4.03,,1.4,1.2,1.2,0.19,0.67,0.61,0.791,0.71,,4.03,3.45,3.45,0.55,1.93,1.76,2.28,2.04,,,10.68,10.03,8.06,10.95,10.17,12.07,11.05,,,1.63,1.41,1.1,1.54,1.43,1.73,1.58,1.27,0.93,0.85,3.64,2.68,2.44,10.36,9.93,10.43,79.37,54.88,50.4,0.62,,1.62,1.04,0.55,1.63,1.31,0.79,12.73,,23.66,31.65,1.69,
2885,元大金,68.3,2026-07-09,年配,1.8,2.64,,1.8,1.55,1.1,0.8,1.5,1.2,0.65,0.9,,2.64,2.27,1.61,1.17,2.2,1.76,0.95,1.32,,,11.89,9.74,8.02,13.22,9.92,9.09,8.82,,,2.77,2.09,1.72,2.87,1.99,1.75,1.59,1.48,1.35,1.19,2.17,1.98,1.74,10.82,10.72,10.1,54.3,51.84,51.63,1.08,,2.0,1.22,0.59,2.77,2.09,1.36,83.05,,-4.31,-10.29,2.49,
2886,兆豐金,46.7,2026-07-09,年配,1.75,3.75,,1.75,1.6,1.5,1.24,1.4,1.58,1.7,1.7,,3.75,3.43,3.21,2.66,3.0,3.38,3.64,3.64,,,9.94,10.46,5.84,7.86,7.69,9.07,9.18,,,2.35,2.37,1.32,1.89,1.84,2.13,2.07,1.62,1.5,1.56,3.46,3.21,3.34,10.2,8.52,8.58,65.69,74.85,78.17,0.63,,1.91,1.23,0.54,2.35,1.98,1.38,16.67,,-3.54,-10.87,2.0,
2887,台新新光金,36.85,2026-07-09,年配,1.0,2.71,,1.0,0.9,0.5999999,0.51,0.605,0.55521108,0.56562382,0.50838555,,2.71,2.44,1.63,1.38,1.64,1.51,1.53,1.38,,,9.01,6.96,7.41,10.57,7.94,8.19,7.84,,,1.39,1.01,1.09,1.63,1.17,1.19,1.09,0.83,0.72,0.66,2.26,1.96,1.78,7.98,8.49,8.27,62.08,52.02,49.96,0.82,,1.3,0.71,0.33,1.39,1.17,0.74,148.48,,11.11,-4.05,1.79,
2887E,台新新光戊特一,48.85,2026-07-09,年配,2.44,4.99,,2.4363,2.43625,2.37567123,2.375,2.375,2.375,2.375,2.375,,4.99,4.99,4.86,4.86,4.86,4.86,4.86,4.86,,,,,,,,,,,,,,,,,,,2.42,2.4,2.39,4.95,4.91,4.89,,,,,,,,,,,,,,,,,,,,
2887F,台新新光戊特二,45.75,2026-07-09,年配,1.93,4.22,,1.9336,1.9,1.9,1.9,1.9,1.9,1.9,0.16657534,,4.23,4.15,4.15,4.15,4.15,4.15,4.15,0.36,,,,,,,,,,,,,,,,,,,1.91,1.91,1.69,4.18,4.17,3.69,,,,,,,,,,,,,,,,,,,,
2887G,台新新光庚特一,42.55,2026-07-09,年配,1.71,4.02,,1.71,,,,,,,,,4.02,,,,,,,,,,,,,,,,,,,,,,,,,,1.71,1.71,1.71,4.02,4.02,4.02,,,,,,,,,,,,,,,,,,,,
2887H,台新新光庚特二,40.85,2026-07-09,年配,1.8,4.41,,1.8,,,,,,,,,4.41,,,,,,,,,,,,,,,,,,,,,,,,,,1.8,1.8,1.8,4.41,4.41,4.41,,,,,,,,,,,,,,,,,,,,
2887I,台新新光辛特,9.44,2026-07-09,年配,0.07,0.74,,0.0734,,,,,,,,,0.78,,,,,,,,,,,,,,,,,,,,,,,,,,0.07,0.07,0.07,0.78,0.78,0.78,,,,,,,,,,,,,,,,,,,,
2887Z1,台新新光己特,17.85,2026-07-09,年配,0.65,3.64,,0.6531,0.65305,0.65305,0.29342521,,,,,,3.66,3.66,3.66,1.64,,,,,,,,,,,,,,,,,,,,,,,0.65,0.56,0.56,3.66,3.16,3.16,,,,,,,,,,,,,,,,,,,,
2889,國票金,15.8,2026-07-09,年配,0.5,3.16,,0.5,0.3,0.73,,0.65,0.65,0.65,0.45,,3.16,1.9,4.62,,4.11,4.11,4.11,2.85,,,5.7,5.47,3.83,10.6,9.05,7.92,5.98,,,0.61,0.58,0.41,1.3,1.12,0.92,0.72,0.51,0.55,0.56,3.23,3.45,3.55,5.58,6.4,6.94,87.52,75.01,69.37,0.25,,0.47,0.18,0.11,0.61,0.48,0.34,127.27,,-2.08,-47.06,0.61,
2890,永豐金,40.45,2026-07-09,年配,1.1,2.72,,1.1,0.91,0.75,0.6,0.8,0.7,0.7,0.636,,2.72,2.25,1.85,1.48,1.98,1.73,1.73,1.57,,,11.29,11.55,10.08,10.17,8.05,8.6,6.73,,,1.75,1.62,1.4,1.44,1.09,1.11,0.84,0.92,0.83,0.77,2.27,2.06,1.91,11.42,10.77,9.5,49.15,49.18,57.1,0.76,,1.57,0.99,0.57,1.75,1.45,0.98,33.33,,8.28,1.02,1.76,
2891,中信金,69.9,2026-07-09,年配,2.5,3.58,,2.5,2.3,1.8,1.0,1.25,1.05,1.0,1.0,,3.58,3.29,2.58,1.43,1.79,1.5,1.43,1.43,,,15.04,13.42,7.72,12.59,10.9,12.32,11.33,,,3.64,2.82,1.55,2.73,2.15,2.16,1.85,2.2,1.77,1.49,3.15,2.53,2.13,14.23,12.19,11.9,63.51,59.33,55.22,1.18,,3.06,1.78,1.02,3.64,2.95,1.85,15.69,,3.73,-3.78,3.22,
2891B,中信金乙特,64.9,2026-07-09,年配,2.8,4.31,,2.796,2.26,2.25,2.25,2.25,2.25,2.25,2.25,,4.31,3.48,3.47,3.47,3.47,3.47,3.47,3.47,,,,,,,,,,,,,,,,,,,2.44,2.36,2.32,3.75,3.64,3.58,,,,,,,,,,,,,,,,,,,,
2891C,中信金丙特,63.0,2026-07-09,年配,1.92,3.05,,1.92,1.92,1.92,1.92,1.92,1.92,1.43605479,,,3.05,3.05,3.05,3.05,3.05,3.05,2.28,,,,,,,,,,,,,,,,,,,,1.92,1.92,1.85,3.05,3.05,2.94,,,,,,,,,,,,,,,,,,,,
2892,第一金,33.6,2026-07-09,年配,1.3,3.87,,1.3,0.95,0.85,0.8,1.0,0.9,1.05,1.0,,3.87,2.83,2.53,2.38,2.98,2.68,3.12,2.98,,,9.82,9.51,9.18,8.86,7.62,9.11,8.72,,,1.81,1.65,1.56,1.52,1.31,1.55,1.4,1.03,0.98,0.98,3.08,2.92,2.92,9.66,9.34,8.97,52.0,55.27,61.28,0.57,,1.51,0.97,0.51,1.81,1.48,0.98,11.76,,2.03,-1.02,1.57,
2897,王道銀行,10.55,2026-07-09,年配,0.52,4.93,,0.52,0.5,0.45,0.38,0.3,0.2,0.4,,,4.93,4.74,4.27,3.6,2.84,1.9,3.79,,,,6.49,6.09,10.64,5.85,4.38,4.06,4.08,,,1.0,0.87,1.8,0.63,0.41,0.45,0.4,0.49,0.43,0.39,4.65,4.08,3.72,6.29,7.27,5.94,50.86,42.61,51.35,0.28,,0.53,0.32,0.19,1.0,0.79,0.55,47.37,,-32.91,-41.82,0.62,
2897B,王道銀乙特,11.9,2026-07-09,年配,0.54,4.54,,0.54,0.14459016,,,,,,,,4.54,1.22,,,,,,,,,,,,,,,,,,,,,,,,,0.34,0.34,0.34,2.88,2.88,2.88,,,,,,,,,,,,,,,,,,,,
2901,欣欣,23.8,2026-07-09,年配,0.37,1.55,,0.37317072,0.37105457,0.36053153,0.21132422,0.06534324,0.1754967,0.4042587,0.3866951,,1.57,1.56,1.51,0.89,0.27,0.74,1.7,1.62,,,3.39,3.39,1.95,0.57,1.62,3.75,3.64,,,0.41,0.41,0.23,0.07,0.19,0.45,0.43,0.37,0.28,0.29,1.55,1.16,1.23,3.39,2.33,2.62,89.22,90.92,90.83,0.11,,0.25,0.16,0.08,0.41,0.32,0.21,37.5,,-21.88,-23.81,0.28,
2903,遠百,22.25,2026-07-09,年配,1.25,5.62,,1.25,1.35,1.6,1.1,0.9,1.1,0.8,0.85,,5.62,6.07,7.19,4.94,4.04,4.94,3.6,3.82,,,7.67,10.16,6.73,4.79,6.47,5.62,4.43,,,1.65,1.95,1.37,0.86,1.38,1.26,0.94,1.4,1.24,1.12,6.29,5.57,5.03,8.91,7.34,6.55,81.94,87.2,83.21,0.39,,1.12,0.62,0.34,1.65,1.1,0.79,14.71,,1.82,-21.52,1.17,
2904,匯僑,14.0,2026-07-09,年配,0.7,5.0,,0.7,1.0,0.6,0.65,0.8,2.0,1.65,1.52,,5.0,7.14,4.29,4.64,5.71,14.29,11.79,10.86,,,8.58,5.44,9.95,7.14,15.64,13.64,12.42,,,1.38,0.84,1.5,1.03,2.31,1.96,1.72,0.77,0.75,1.12,5.48,5.36,7.96,7.01,7.78,10.4,71.94,66.22,74.86,-0.09,,1.0,0.61,0.32,1.38,0.94,0.67,-128.12,,6.38,-8.96,0.59,
2905,三商,15.4,2026-07-09,年配,0.3,1.95,,0.3,0.3,0.2,,1.0,1.0,1.0,,,1.95,1.95,1.3,,6.49,6.49,6.49,,,,7.14,-21.3,-31.92,5.56,5.56,19.08,1.4,,,1.42,-3.09,-5.82,2.19,1.63,4.48,0.43,0.27,0.45,0.63,1.73,2.92,4.11,-7.08,-10.13,-2.07,7.33,20.11,28.8,0.03,,0.53,-0.06,0.12,1.42,1.57,2.51,-75.0,,-66.24,-102.39,0.44,
2906,高林,14.0,2026-07-09,年配,0.6,4.29,,0.6,0.6,0.59998406,0.6,0.4,0.3,0.3,0.4,,4.29,4.29,4.29,4.29,2.86,2.14,2.14,2.86,,,5.21,5.63,6.49,5.45,3.92,3.52,3.19,,,0.52,0.57,0.62,0.43,0.15,0.3,0.17,0.6,0.56,0.47,4.29,4.0,3.4,5.42,5.69,4.77,110.32,102.61,135.1,0.07,,0.1,0.13,0.09,0.52,0.23,0.19,-22.22,,-56.52,-31.58,0.08,
2908,特力,21.85,2026-07-09,年配,0.55,2.52,,0.55,0.9,0.6,1.28,1.28,1.07,,0.7,,2.52,4.12,2.75,5.86,5.86,4.9,,3.2,,,2.46,4.05,6.43,11.88,12.21,1.61,5.55,,,0.66,0.52,0.86,1.58,1.6,0.2,0.8,0.68,0.92,0.91,3.13,4.22,4.17,3.26,6.2,6.31,125.87,120.4,106.0,0.32,,0.07,0.01,0.15,0.66,0.6,0.46,113.33,,-88.33,-97.83,0.24,
2910,統領,22.35,2026-07-09,年配,1.04,4.65,,1.04,0.95,0.34029561,,0.5,0.5,0.7,,,4.65,4.25,1.52,,2.24,2.24,3.13,,,,7.45,8.23,4.03,5.91,4.82,4.83,4.05,,,1.13,1.17,0.55,0.8,0.65,0.64,0.51,0.78,0.71,0.67,3.47,3.16,3.01,7.84,6.4,5.62,56.58,58.55,72.39,0.29,,0.9,0.41,0.3,1.13,0.83,0.61,-3.33,,8.43,-32.79,0.89,
2911,麗嬰房,7.84,2026-07-09,年配,0.0,0.0,,,,,,,,,,,,,,,,,,,,,-59.32,-46.1,-37.97,-11.94,-13.33,-14.54,-3.39,,,-4.07,-3.83,-3.42,-1.32,-1.72,-1.84,-0.45,,,,,,,-52.71,-38.83,-26.66,,,,0.66,,-3.49,-1.99,-1.04,-4.07,-2.97,-1.62,163.46,,-17.51,-22.84,-1.79,
2912,統一超,241.0,2026-07-09,年配,9.0,3.73,,9.0,9.0,9.0,9.0,9.0,9.0,9.0,8.8,,3.73,3.73,3.73,3.73,3.73,3.73,3.73,3.65,,,27.52,27.08,25.03,22.83,25.14,27.14,22.69,,,11.1,10.21,8.93,8.52,9.85,10.14,9.82,9.0,9.0,8.98,3.73,3.73,3.72,27.3,25.62,25.35,84.62,93.91,92.2,2.97,,8.56,5.71,2.79,11.1,8.93,6.06,6.45,,-4.14,-5.78,8.74,
2913,農林,11.75,2026-07-09,年配,0.0,0.0,,,,,,,,,0.3,,,,,,,,,2.55,,,-1.39,-2.24,-11.82,-7.37,-0.11,-0.91,-0.26,,,-0.22,-0.36,-2.07,-1.42,-0.02,-0.18,-0.05,,,0.3,,,2.55,-1.82,-5.7,-3.44,,,-600.0,-0.04,,-0.11,-0.08,-0.04,-0.22,-0.17,-0.12,0.0,,35.29,33.33,-0.11,
2915,潤泰全,52.0,2026-07-09,年配,1.9,3.65,,1.9,2.5,2.5,2.0,5.0,2.0,5.0,,,3.65,4.81,4.81,3.85,9.62,3.85,9.62,,,,13.51,8.4,12.55,13.87,8.09,15.77,41.57,,,13.0,7.19,15.55,22.49,14.85,16.52,13.55,2.3,2.78,2.99,4.42,5.35,5.74,10.96,12.08,16.25,27.0,22.27,22.14,2.59,,6.71,4.02,3.16,13.0,11.12,7.93,-18.04,,-39.66,-49.31,6.14,
2923,鼎固-KY,27.15,2026-07-09,年配,0.12,0.44,,0.12,0.24,0.2,0.6,1.2,1.2,2.23,0.72,,0.44,0.88,0.74,2.21,4.42,4.42,8.21,2.65,,,1.87,1.13,1.15,2.19,2.16,15.31,3.07,,,0.44,0.32,0.34,0.67,0.68,4.72,0.94,0.19,0.47,0.81,0.69,1.74,3.0,1.5,1.58,3.84,58.52,118.16,110.42,0.02,,-0.45,-0.59,-0.15,0.44,0.15,0.12,113.33,,-400.0,-591.67,-0.28,
2929,淘帝-KY,5.79,2026-07-09,年配,0.0,0.0,,,,,,,,0.17022684,3.15,,,,,,,,2.94,54.4,,,0.52,-2.38,4.68,-22.51,-48.87,21.33,20.13,,,0.14,-0.63,1.22,-6.43,-20.44,12.01,11.56,,,1.66,,,28.67,-0.93,-4.92,-3.87,,,14.34,-0.22,,-0.3,-0.19,-0.02,0.14,-0.3,-0.29,-1000.0,,0.0,34.48,-0.5,
2939,永邑-KY,19.45,2026-07-09,半年配,0.0,0.0,,,,,,,2.0,4.5,6.0,,,,,,,10.28,23.14,30.85,,,-16.99,-8.9,2.28,-5.55,0.25,15.63,32.76,,,-2.96,-1.76,0.58,-1.06,0.2,5.0,10.31,,,4.17,,,21.42,-12.94,-7.29,2.78,,,382.73,-0.3,,-3.2,-2.72,-0.35,-2.96,-2.55,-1.54,14.29,,-25.49,-76.62,-3.15,
2945,三商家購,41.3,2026-07-09,年配,1.5,3.63,,1.5,1.5,1.2,0.73,2.59337942,2.7294855,0.631811,2.82,,3.63,3.63,2.91,1.77,6.28,6.61,1.53,6.83,,,6.09,4.4,2.3,12.06,14.58,3.53,20.87,,,2.02,1.5,0.82,3.21,3.04,0.7,3.58,1.4,1.5,1.71,3.39,3.64,4.15,5.24,6.21,9.12,77.13,81.02,83.27,0.54,,1.44,0.86,0.43,2.02,1.47,0.83,25.58,,-2.04,3.61,1.55,
3002,歐格,20.45,2026-07-09,年配,0.33,1.61,,0.33,0.7,0.32,0.15,,0.1,0.47,,,1.61,3.42,1.56,0.73,,0.49,2.3,,,,0.31,0.44,0.91,0.43,3.66,4.41,-2.29,,,0.05,0.11,0.06,-0.02,0.57,0.64,-0.28,0.45,0.38,0.34,2.2,1.83,1.68,0.38,0.52,1.12,845.46,646.97,406.38,-0.01,,0.48,0.29,0.01,0.05,0.09,0.07,-200.0,,433.33,314.29,0.46,
3003,健和興,66.1,2026-07-09,年配,1.0,1.51,,1.0,2.0,1.5,2.0,2.0,1.2,0.5,1.0,,1.51,3.03,2.27,3.03,3.03,1.82,0.76,1.51,,,9.42,8.86,15.55,15.1,7.77,9.39,10.69,,,3.88,3.49,5.75,4.98,2.32,2.71,3.08,1.5,1.7,1.4,2.27,2.57,2.12,9.14,12.23,10.97,47.26,42.37,38.87,0.47,,0.5,-0.04,0.45,3.88,2.93,2.13,4.44,,-82.94,-101.88,0.52,
3004,豐達科,153.5,2026-07-09,年配,2.55,1.66,,2.55,3.02,2.5,1.02,,0.5,2.67,2.5,,1.66,1.97,1.63,0.66,,0.33,1.74,1.63,,,14.87,14.38,8.06,-5.3,3.16,19.33,18.58,,,6.88,5.77,2.85,-1.84,1.14,6.66,5.72,2.69,2.27,2.11,1.75,1.48,1.37,14.62,8.0,10.44,43.61,41.01,41.78,1.92,,4.4,3.15,1.99,6.88,4.95,3.65,-3.52,,-11.11,-13.7,4.33,
3005,神基,112.0,2026-07-09,年配,6.8,6.07,,6.8,6.0,5.0,3.8,3.6,3.6,2.8,3.0,,6.07,5.36,4.46,3.39,3.21,3.21,2.5,2.68,,,18.53,17.46,12.88,22.46,15.4,14.37,15.43,,,7.26,6.17,4.27,7.2,4.4,3.67,3.83,5.93,5.04,4.32,5.3,4.5,3.86,18.0,17.83,16.65,81.84,75.67,77.02,1.74,,6.36,4.24,1.98,7.26,5.55,3.7,-12.12,,14.59,14.59,6.12,
3006,晶豪科,237.0,2026-07-09,年配,1.0,0.42,,1.0,1.0,0.6,1.8,8.0,2.0,1.0,1.5,,0.42,0.42,0.25,0.76,3.38,0.84,0.42,0.63,,,4.99,-11.32,9.16,48.49,14.02,6.93,9.94,,,1.8,-4.36,3.71,17.76,3.85,1.78,2.52,0.87,2.48,2.11,0.36,1.05,0.89,-3.16,12.83,11.74,20.9,33.84,43.29,7.22,,-2.81,-2.86,-0.27,1.8,1.41,0.67,2774.07,,-299.29,-526.87,4.68,
3008,大立光,3950.0,2026-07-09,半年配,80.0,2.03,,80.0,97.5,67.5,85.5,70.0,91.5,79.0,68.0,,2.03,2.47,1.71,2.16,1.77,2.32,2.0,1.72,,,14.94,11.17,15.24,13.22,18.36,24.16,24.37,,,194.17,134.13,169.52,139.28,182.9,210.7,181.67,81.67,80.1,79.88,2.07,2.03,2.02,13.06,13.64,17.35,50.26,50.31,46.6,46.63,,109.06,56.01,48.28,194.17,129.16,79.49,-3.42,,-15.56,-29.54,107.41,
3010,華立,117.5,2026-07-09,年配,5.3,4.51,,5.3,5.3,5.2,6.1,6.8,4.4,3.3,3.2,,4.51,4.51,4.43,5.19,5.79,3.74,2.81,2.72,,,11.3,11.89,15.04,19.06,14.52,12.14,12.28,,,8.89,8.96,10.53,12.05,8.03,6.12,5.82,5.27,5.74,4.95,4.48,4.89,4.21,11.6,14.32,13.75,58.83,58.0,56.53,2.47,,6.28,3.59,1.94,8.89,6.87,4.1,27.32,,-8.59,-12.44,6.81,
3011,今皓,13.1,2026-07-09,年配,0.0,0.0,,,,,,,,,,,,,,,,,,,,,-20.74,-13.84,-1.33,6.8,-8.98,-8.0,-2.84,,,-2.21,-1.17,-0.12,0.59,-0.8,-0.78,-0.3,,,,,,,-17.29,-7.28,-6.99,,,,-0.73,,-1.53,-0.7,-0.61,-2.21,-1.33,-0.67,-19.67,,-15.04,-4.48,-1.65,
3013,晟銘電,102.0,2026-07-09,年配,0.4,0.39,,0.4,0.6,0.4,0.3,,0.3,0.3,0.3,,0.39,0.59,0.39,0.29,,0.29,0.29,0.29,,,18.96,8.07,8.37,-4.88,3.23,6.14,5.52,,,3.63,1.29,1.17,-0.74,0.4,0.82,0.65,0.47,0.42,0.37,0.46,0.42,0.36,13.52,7.63,6.49,23.77,24.39,38.49,1.37,,2.44,1.38,0.84,3.63,2.17,1.36,63.1,,12.44,1.47,2.97,
3014,聯陽,139.5,2026-07-09,年配,8.5,6.09,,8.5,9.0,8.0,6.0,9.0,6.0,3.0,2.2,,6.09,6.45,5.73,4.3,6.45,4.3,2.15,1.58,,,24.73,26.9,20.92,32.63,21.15,13.62,12.61,,,10.1,9.86,7.56,11.21,5.83,3.38,3.08,8.5,8.1,6.46,6.09,5.8,4.63,25.82,26.3,21.79,85.12,82.48,84.72,2.85,,7.62,5.19,2.83,10.1,8.04,4.96,0.71,,-5.22,4.64,7.64,
3015,全漢,64.2,2026-07-09,年配,2.2,3.43,,2.2,3.0,3.2,3.8,3.3,3.0,1.0,1.25,,3.43,4.67,4.98,5.92,5.14,4.67,1.56,1.95,,,2.87,4.51,5.79,6.4,6.72,1.66,1.1,,,2.16,3.2,3.85,4.03,3.55,0.7,0.4,2.8,3.1,2.59,4.36,4.83,4.04,3.69,4.89,4.15,119.44,104.87,137.05,0.37,,1.58,0.4,0.2,2.16,2.01,1.05,85.0,,-21.39,-61.9,1.75,
3016,嘉晶,121.5,2026-07-09,年配,0.5,0.41,,0.5,0.5,0.5,2.0,1.2,0.25,0.25,1.0,,0.41,0.41,0.41,1.65,0.99,0.21,0.21,0.82,,,5.32,3.22,13.74,8.79,0.65,0.27,11.36,,,0.92,0.57,2.38,1.35,0.09,0.04,1.57,0.5,0.94,0.78,0.41,0.77,0.64,4.27,7.77,6.19,71.04,78.75,183.07,0.35,,-0.09,-0.14,0.01,0.92,0.82,0.66,3400.0,,-110.98,-121.21,0.25,
3017,奇鋐,2350.0,2026-07-09,年配,21.0,0.89,,21.0,10.0,7.0,5.42,4.3,2.8,1.3,1.0,,0.89,0.43,0.3,0.23,0.18,0.12,0.06,0.04,,,30.99,26.88,29.31,26.25,20.12,10.61,8.18,,,21.21,14.11,11.78,8.21,5.42,2.71,2.01,12.67,9.54,6.6,0.54,0.41,0.28,28.94,28.36,21.76,48.38,48.79,49.22,20.17,,32.25,18.58,8.28,21.21,15.18,9.16,143.6,,112.45,102.84,44.14,
3018,隆銘綠能,12.05,2026-07-09,年配,0.0,0.0,,,,,,,,,,,,,,,,,,,,,-21.57,-78.93,-106.22,-78.68,-12.1,-34.65,-19.11,,,-1.46,-1.72,-2.73,-4.18,-0.8,-2.99,-2.17,,,,,,,-50.25,-71.35,-50.18,,,,-0.67,,-2.36,-0.76,-0.13,-1.46,-1.05,-1.34,-415.38,,-124.76,43.28,-2.9,
3019,亞光,143.5,2026-07-09,年配,4.6,3.21,,4.6,4.0,1.8,1.9,3.7,1.0,1.75,2.3,,3.21,2.79,1.25,1.32,2.58,0.7,1.22,1.6,,,12.63,7.37,8.8,12.15,3.98,8.57,9.61,,,5.79,2.78,3.29,5.34,1.41,3.41,3.89,3.47,3.2,2.63,2.42,2.23,1.83,10.0,10.24,9.02,66.91,65.22,63.18,1.05,,5.51,3.65,0.79,5.79,4.45,1.99,32.91,,23.82,83.42,5.77,
3021,鴻名,26.5,2026-07-09,年配,0.6,2.26,,0.6,0.3,0.3,0.7,0.3,0.7,0.4,0.75,,2.26,1.13,1.13,2.64,1.13,2.64,1.51,2.83,,,3.45,7.95,13.36,10.35,7.76,11.26,10.46,,,0.58,1.25,1.92,1.41,1.03,1.44,1.3,0.4,0.44,0.51,1.51,1.66,1.91,5.7,8.78,9.23,37.86,33.36,40.98,0.19,,0.47,0.03,-0.06,0.58,0.66,0.45,416.67,,-28.79,-93.33,0.72,
3022,威強電,89.0,2026-07-09,年配,3.5,3.93,,3.5,4.5,3.5,3.5,3.0,2.0,1.0,1.0,,3.93,5.06,3.93,3.93,3.37,2.25,1.12,1.12,,,14.64,14.3,17.27,11.07,13.86,9.19,11.52,,,8.72,7.83,8.45,4.9,5.64,2.82,2.87,3.83,3.6,2.75,4.31,4.04,3.09,14.47,14.32,13.12,48.16,49.74,43.53,0.96,,2.51,0.39,2.06,8.72,5.77,4.1,-53.4,,-56.5,-90.49,1.41,
3023,信邦,326.0,2026-07-09,年配,10.0,3.07,,10.0,10.25,9.6,8.5,7.0,6.3,5.3,4.5,,3.07,3.14,2.94,2.61,2.15,1.93,1.63,1.38,,,23.98,22.55,24.57,23.8,24.86,22.99,20.95,,,14.7,13.71,12.22,10.0,9.08,7.47,6.26,9.95,9.07,7.68,3.05,2.78,2.36,23.26,23.72,23.39,69.88,69.83,70.22,3.6,,10.06,7.01,3.85,14.7,11.65,7.69,-6.49,,-13.65,-8.84,9.81,
3024,憶聲,12.4,2026-07-09,年配,0.22,1.77,,0.22,0.4,0.1,0.22,0.3,0.1,0.22,0.32,,1.77,3.23,0.81,1.77,2.42,0.81,1.77,2.58,,,6.28,3.86,3.24,7.69,1.65,1.83,5.76,,,0.66,0.39,0.33,0.75,0.17,0.2,0.53,0.24,0.25,0.24,1.94,2.0,1.9,5.07,5.27,4.33,43.12,48.23,60.3,0.02,,0.33,0.29,0.2,0.66,0.2,0.18,-90.0,,65.0,61.11,0.15,
3025,星通,59.8,2026-07-09,年配,3.2,5.35,,3.2,3.3,3.2,1.0,0.4,1.0,0.58,,,5.35,5.52,5.35,1.67,0.67,1.67,0.97,,,,24.33,23.55,8.13,4.0,9.5,6.28,0.12,,,3.68,3.0,0.95,0.47,1.11,0.7,0.02,3.23,2.22,1.81,5.41,3.71,3.03,23.94,15.0,10.84,98.17,96.68,93.28,0.6,,1.18,0.0,0.05,3.68,2.79,1.24,1100.0,,-57.71,-100.0,1.73,
3026,禾伸堂,1005.0,2026-07-09,年配,5.8,0.58,,5.8,5.5,5.0,5.0,9.0,8.0,5.0,9.0,,0.58,0.55,0.5,0.5,0.9,0.8,0.5,0.9,,,9.08,6.55,11.2,18.71,12.83,6.68,28.97,,,5.87,5.13,7.79,12.36,8.31,5.02,17.61,5.43,6.06,6.54,0.54,0.61,0.65,7.82,11.38,13.43,95.58,82.04,82.16,2.86,,4.75,3.07,1.68,5.87,4.49,2.69,70.24,,5.79,14.13,5.93,
3027,盛達,20.4,2026-07-09,年配,0.0,0.0,,,,0.37,0.3,,,,,,,,1.81,1.47,,,,,,,0.7,5.49,3.1,2.34,2.36,-1.17,11.83,,,-0.22,0.64,0.41,0.28,0.32,-0.18,1.67,0.37,0.34,0.34,1.81,1.64,1.64,3.1,2.91,3.52,57.81,65.49,65.49,0.05,,0.3,-0.14,0.32,-0.22,-0.35,0.13,-84.38,,185.71,-207.69,0.03,
3028,增你強,75.2,2026-07-09,年配,3.0,3.99,,3.0,2.1,2.0,3.0,3.5,1.9,0.9708,1.7,,3.99,2.79,2.66,3.99,4.65,2.53,1.29,2.26,,,8.15,8.08,13.22,17.39,10.25,5.26,8.91,,,2.08,2.03,3.3,4.1,2.21,1.08,1.9,2.37,2.72,2.27,3.15,3.62,3.02,8.12,11.71,10.18,99.74,93.94,91.58,3.05,,2.0,1.21,1.09,2.08,1.2,0.77,179.82,,66.67,57.14,3.96,
3029,零壹,103.0,2026-07-09,年配,5.5,5.34,,5.5,5.0,4.0,3.6,3.6,3.0,2.0,1.5,,5.34,4.85,3.88,3.5,3.5,2.91,1.94,1.46,,,17.64,16.95,15.45,16.21,17.29,15.08,11.73,,,5.22,4.5,4.03,4.24,3.55,2.85,2.06,4.83,4.34,3.53,4.69,4.21,3.42,17.3,16.56,15.76,92.34,89.73,83.78,1.77,,4.91,3.21,1.52,5.22,3.89,2.56,16.45,,26.22,25.39,5.16,
3030,德律,299.0,2026-07-09,年配,7.0,2.34,,7.0,5.0,3.3,4.5,3.3,3.3,3.3,3.7,,2.34,1.67,1.1,1.51,1.1,1.1,1.1,1.24,,,23.75,13.86,28.76,20.09,19.71,17.5,20.55,,,7.78,4.24,8.13,5.02,4.63,3.97,4.51,5.1,4.62,4.18,1.7,1.54,1.4,18.8,21.62,20.6,71.05,65.8,71.37,3.5,,7.59,4.65,2.45,7.78,5.54,3.9,42.86,,37.0,19.23,8.64,
3031,佰鴻,30.85,2026-07-09,年配,1.0,3.24,,1.0,1.0,0.8,0.85,1.0,0.8,0.8,0.52,,3.24,3.24,2.59,2.76,3.24,2.59,2.59,1.69,,,6.08,5.91,6.5,8.65,4.7,8.31,3.08,,,1.09,1.05,1.16,1.45,0.74,1.28,0.58,0.93,0.93,0.85,3.02,3.01,2.74,6.0,6.78,6.18,83.96,77.54,81.49,0.13,,0.89,0.74,0.1,1.09,0.97,0.51,30.0,,-8.25,45.1,0.92,
3032,偉訓,81.4,2026-07-09,年配,0.0,0.0,,,2.75,3.5,2.0,2.0,3.1,2.0,2.25,,,3.38,4.3,2.46,2.46,3.81,2.46,2.76,,,14.66,18.6,13.65,10.55,15.45,9.84,13.22,,,4.61,5.41,3.28,2.63,4.21,2.5,3.7,3.12,2.56,2.51,3.84,3.15,3.09,16.63,14.37,13.71,62.18,65.34,67.97,0.85,,-2.17,-2.94,1.42,4.61,3.94,3.32,-40.14,,-155.08,-188.55,-2.74,
3033,威健,49.6,2026-07-09,年配,2.08,4.19,,2.080369,2.105043,2.03086,3.1,3.020314,1.34468073,0.5777067,1.024171,,4.19,4.24,4.09,6.25,6.09,2.71,1.16,2.06,,,11.6,8.77,19.75,24.42,11.91,4.54,11.13,,,2.56,1.85,4.03,4.54,1.9,0.71,1.83,2.07,2.47,1.91,4.17,4.97,3.85,10.18,16.13,13.16,96.0,83.86,77.65,1.52,,1.03,0.34,0.68,2.56,2.0,1.24,123.53,,-48.5,-72.58,1.87,
3034,聯詠,542.0,2026-07-09,年配,23.0,4.24,,23.0,28.0,32.0,37.0,51.5,15.6,9.0,8.8,,4.24,5.17,5.9,6.83,9.5,2.88,1.66,1.62,,,30.11,35.12,41.13,70.41,32.37,25.01,21.7,,,33.43,38.32,45.96,63.87,19.42,13.03,10.5,27.67,34.3,25.61,5.1,6.33,4.72,32.61,44.19,36.55,83.64,82.1,80.23,6.19,,20.8,14.8,8.65,33.43,25.54,16.9,-28.44,,-18.56,-12.43,18.34,
3035,智原,216.0,2026-07-09,年配,1.8,0.83,,1.8,3.0,4.29274636,5.0,3.3,1.0,1.1,0.2,,0.83,1.39,1.99,2.31,1.53,0.46,0.51,0.09,,,9.19,16.59,29.32,17.8,4.41,6.68,5.05,,,4.04,6.39,9.88,4.65,1.08,1.4,1.06,3.03,3.48,2.46,1.4,1.61,1.14,12.89,18.23,12.72,70.72,65.76,64.72,0.4,,2.01,1.43,1.33,4.04,3.14,2.12,-69.92,,-35.99,-32.55,1.08,
3036,文曄,211.5,2026-07-09,年配,7.8,3.69,,7.8,6.0,1.8,4.3,5.5,3.2,2.77606941,2.36,,3.69,2.84,0.85,2.03,2.6,1.51,1.31,1.12,,,10.47,6.27,13.97,15.71,10.9,11.18,13.27,,,8.13,4.24,8.61,9.96,5.22,4.32,5.02,5.2,5.08,4.22,2.46,2.4,1.99,8.37,11.6,11.68,58.12,55.35,56.28,5.32,,8.11,4.7,2.42,8.13,5.85,3.28,119.83,,38.63,43.29,11.01,
3037,欣興,875.0,2026-07-09,年配,2.0,0.23,,2.0,1.5,3.0,8.0,3.4,1.4,1.1,0.8,,0.23,0.17,0.34,0.91,0.39,0.16,0.13,0.09,,,5.67,12.94,39.48,22.8,10.48,6.89,3.92,,,3.34,7.88,20.08,8.98,3.74,2.24,1.15,2.17,3.58,2.65,0.25,0.41,0.3,9.3,20.22,14.6,41.49,40.17,45.26,3.28,,2.06,0.62,0.6,3.34,3.3,2.65,446.67,,-37.58,-76.6,4.74,
3038,全台,21.85,2026-07-09,年配,1.2,5.49,,1.2,1.5,1.6,1.6,1.2,1.2,1.2,0.5,,5.49,6.86,7.32,7.32,5.49,5.49,5.49,2.29,,,12.28,16.89,19.09,11.67,11.85,13.67,6.02,,,2.21,2.81,2.83,1.6,1.57,1.73,0.71,1.43,1.42,1.25,6.56,6.5,5.72,14.58,14.98,13.07,62.4,64.09,67.51,0.37,,0.82,0.28,0.52,2.21,1.85,1.36,-28.85,,-55.68,-79.41,0.67,
3040,遠見,37.5,2026-07-09,年配,0.4,1.07,,0.4,1.0,1.0,2.0,2.0,5.7,1.5,2.0,,1.07,2.67,2.67,5.33,5.33,15.2,4.0,5.33,,,3.07,4.31,6.46,7.45,26.75,6.39,4.98,,,0.73,1.02,1.6,1.97,6.34,1.36,1.31,0.8,1.28,1.95,2.14,3.41,5.2,3.69,5.32,8.49,117.52,115.39,116.35,0.04,,0.31,0.39,0.49,0.73,0.49,0.37,-91.84,,-36.73,5.41,-0.14,
3041,揚智,26.45,2026-07-09,季配,0.0,0.0,,,,,,,,,,,,,,,,,,,,,-19.07,-69.45,0.52,-2.89,-7.49,-9.11,-18.97,,,-2.41,-8.75,0.07,-0.47,-1.26,-1.68,-2.58,,,,,,,-44.26,-22.72,-18.07,,,,-0.48,,-2.1,-1.12,-0.4,-2.41,-1.89,-0.96,-20.0,,-11.11,-16.67,-2.18,
3042,晶技,200.0,2026-07-09,半年配,4.8,2.4,,4.8,5.2,4.5,7.0,7.5,3.8,2.5,2.0,,2.4,2.6,2.25,3.5,3.75,1.9,1.25,1.0,,,15.09,14.08,22.24,27.81,15.58,7.7,7.19,,,6.55,5.53,9.06,10.06,4.61,2.17,2.08,4.83,5.8,4.66,2.42,2.9,2.33,14.58,19.8,15.67,80.38,78.14,86.62,1.32,,3.95,2.46,1.38,6.55,4.93,3.4,-4.35,,-19.88,-27.65,3.89,
3043,科風,21.65,2026-07-09,年配,0.0,0.0,,,,,,,,,,,,,,,,,,,,,7.26,-0.18,39.81,-3.64,-51.98,109.75,-10.99,,,0.95,-0.12,2.66,-0.01,-0.25,0.39,-0.01,,,,,,,3.54,10.81,12.86,,,,0.05,,-0.51,-0.43,0.31,0.95,0.52,0.27,-83.87,,-198.08,-259.26,-0.77,
3044,健鼎,448.5,2026-07-09,年配,12.7,2.83,,12.7,10.3,7.5,7.45,7.0,7.35,7.25,5.9,,2.83,2.3,1.67,1.66,1.56,1.64,1.62,1.32,,,17.86,14.14,15.41,15.75,17.45,18.14,15.64,,,15.95,11.53,11.8,11.15,11.65,11.49,9.4,10.17,8.99,8.18,2.27,2.0,1.83,16.0,15.79,16.34,64.82,63.89,63.5,5.61,,14.75,9.13,4.48,15.95,11.71,7.28,25.22,,25.96,25.41,15.88,
3045,台灣大,108.5,2026-07-09,年配,4.8,4.42,,4.8,4.5,4.300000000000001,4.3,4.3,4.29953,4.183,5.54897,,4.42,4.15,3.96,3.96,3.96,3.96,3.86,5.11,,,16.87,17.25,17.75,17.66,16.96,18.7,21.7,,,4.57,4.33,3.91,3.9,4.01,4.51,5.01,4.53,4.44,4.53,4.18,4.09,4.17,17.06,17.38,18.13,98.89,104.5,104.11,1.37,,3.49,2.3,1.21,4.57,3.43,2.05,13.22,,1.75,12.2,3.65,
3046,建碁,55.6,2026-07-09,年配,3.0,5.4,,3.0,2.7,2.0,1.5,,,,0.3,,5.4,4.86,3.6,2.7,,,,0.54,,,19.8,20.36,26.68,21.84,-10.97,-24.08,-1.39,,,3.83,3.14,2.79,1.82,-0.93,-2.35,-0.19,2.57,2.3,1.9,4.62,4.14,3.42,20.08,22.17,7.46,67.1,62.65,7.52,1.2,,3.33,1.91,1.11,3.83,3.24,1.99,8.11,,2.78,-4.02,3.42,
3047,訊舟,16.65,2026-07-09,年配,0.0,0.0,,,0.3,,1.0,,0.29,,,,,1.8,,6.01,,1.74,,,,,13.23,-8.21,8.33,-2.44,8.17,6.23,5.26,,,0.51,-0.15,1.3,-0.29,0.56,0.33,-0.15,0.3,0.65,0.53,1.8,3.9,3.18,2.51,2.73,4.37,58.82,67.87,62.51,-0.1,,-0.5,-0.24,0.2,0.51,0.47,0.12,-150.0,,-206.38,-300.0,-0.8,
3048,益登,60.0,2026-07-09,年配,1.0,1.67,,1.0,,1.0,2.0,3.4,1.9,1.0,0.7,,1.67,,1.67,3.33,5.67,3.17,1.67,1.17,,,-11.85,0.12,16.78,28.28,19.46,10.88,7.4,,,-2.1,0.02,3.11,4.63,3.13,1.65,1.09,1.0,1.85,1.57,1.67,3.08,2.62,-5.86,8.33,10.15,5000.0,1712.58,887.21,1.22,,1.14,0.44,0.45,-2.1,-2.14,0.23,171.11,,153.27,91.3,1.91,
3049,精金,12.65,2026-07-09,半年配,0.0,0.0,,,,,,0.35,0.39,0.35,,,,,,,2.77,3.08,2.77,,,,-10.12,-9.6,0.27,10.15,3.72,11.35,2.38,,,-1.1,-1.12,0.03,1.24,0.43,1.35,0.25,,0.35,0.36,,2.77,2.87,-9.86,-2.32,1.16,,28.23,48.29,-0.04,,-0.66,-0.47,-0.24,-1.1,-0.9,-0.53,83.33,,26.67,11.32,-0.46,
3050,鈺德,12.45,2026-07-09,年配,0.25,2.01,,0.25,0.5,0.5,0.5,0.6,0.6,0.5,0.3,,2.01,4.02,4.02,4.02,4.82,4.82,4.02,2.41,,,3.59,3.31,4.47,5.87,5.39,4.9,2.72,,,0.55,0.5,0.71,0.9,0.8,0.75,0.41,0.42,0.47,0.47,3.35,3.78,3.77,3.45,4.31,4.32,95.46,82.0,77.55,-0.07,,0.02,-0.17,0.09,0.55,0.66,0.48,-177.78,,-96.97,-135.42,-0.14,
3051,力特,25.2,2026-07-09,年配,0.5,1.98,,0.5,1.5,1.0,1.2,,,,,,1.98,5.95,3.97,4.76,,,,,,,13.4,7.07,19.85,49.4,1.33,-12.81,-7.1,,,2.01,1.03,2.62,4.76,0.05,-0.52,-0.32,1.0,1.05,1.05,3.97,4.16,4.16,10.24,22.43,10.16,85.86,72.51,72.51,0.45,,0.55,0.29,0.43,2.01,1.41,0.93,4.65,,-60.99,-68.82,0.57,
3052,夆典,10.9,2026-07-09,年配,0.6,5.5,,0.6,0.5,0.4,0.4,0.25,0.8,0.5,,,5.5,4.59,3.67,3.67,2.29,7.34,4.59,,,,5.94,6.31,6.61,3.41,10.53,6.1,-4.55,,,0.98,1.04,1.05,0.52,1.59,0.87,-0.68,0.5,0.43,0.49,4.59,3.94,4.52,6.12,5.57,4.91,44.74,43.92,47.24,0.19,,0.95,0.67,0.34,0.98,0.73,0.5,-44.12,,30.14,34.0,0.8,
3054,立萬利,63.4,2026-07-09,半年配,0.8,1.26,,0.8,,,,,,,,,1.26,,,,,,,,,,-4.18,0.66,-14.54,4.97,-1.43,0.28,0.07,,,-0.4,0.06,-1.5,0.55,-0.16,0.03,0.01,0.8,0.8,0.8,1.26,1.26,1.26,-1.76,-3.27,-2.02,,,,1.41,,0.66,0.0,-0.02,-0.4,-0.36,-0.07,7150.0,,283.33,100.0,2.09,
3055,蔚華科,158.0,2026-07-09,年配,0.5,0.32,,0.5,1.0,1.0,1.0,0.2,0.2,0.4,1.0,,0.32,0.63,0.63,0.63,0.13,0.13,0.25,0.63,,,-11.68,-2.03,9.37,-14.58,-1.5,0.56,3.46,,,-2.23,-0.49,2.14,-3.7,-0.48,0.11,0.85,0.83,0.74,0.66,0.53,0.47,0.42,-6.86,-4.73,-2.34,-124.46,-51.9,33.15,-0.15,,-1.73,-1.57,-0.66,-2.23,-1.45,-1.02,77.27,,-19.31,-53.92,-1.22,
3056,富華新,14.85,2026-07-09,年配,0.61,4.11,,0.61,2.0,0.41,4.1,1.5,4.4,3.0,1.5,,4.11,13.47,2.76,27.61,10.1,29.63,20.2,10.1,,,27.63,4.24,35.28,12.52,20.45,9.98,6.92,,,6.15,0.9,9.81,3.01,4.9,2.25,1.46,1.01,1.72,2.19,6.78,11.61,14.75,15.93,19.92,16.72,39.04,42.42,70.8,0.01,,1.08,1.51,1.48,6.15,-0.34,-0.2,-99.32,,417.65,855.0,-0.39,
3057,喬鼎,19.0,2026-07-09,年配,0.0,0.0,,,,,,,,,,,,,,,,,,,,,-22.81,-17.85,0.33,0.06,-5.69,-31.56,-5.14,,,-1.64,-1.55,0.03,0.01,-0.69,-2.02,-0.4,,,,,,,-20.33,-10.07,-11.81,,,,0.02,,-0.24,0.13,0.86,-1.64,-0.82,-0.42,-97.67,,70.73,130.95,-1.08,
3058,立德,9.5,2026-07-09,年配,0.0,0.0,,,,,,,0.15,,,,,,,,,1.58,,,,,-21.6,2.79,-10.89,-19.21,-6.16,-0.73,-6.82,,,-2.02,0.28,-1.01,-2.06,-0.76,-0.1,-0.94,,,0.15,,,1.58,-9.41,-12.23,-8.95,,,-19.74,-0.19,,-0.51,0.12,-0.33,-2.02,-1.32,-1.06,42.42,,61.36,111.32,-0.37,
3059,華晶科,46.5,2026-07-09,年配,1.0,2.15,,1.0,1.0,0.7,1.0,0.7,0.5,0.5,0.5,,2.15,2.15,1.51,2.15,1.51,1.08,1.08,1.08,,,4.28,4.47,5.25,3.04,1.77,-0.04,1.81,,,1.15,1.27,1.67,0.85,0.6,0.31,0.48,0.9,0.88,0.74,1.94,1.89,1.59,4.38,4.26,2.94,71.04,71.08,90.44,0.26,,0.98,0.61,0.26,1.15,0.84,0.56,0.0,,16.67,8.93,0.98,
3060,銘異,37.15,2026-07-09,年配,0.2,0.54,,0.2,0.35,0.25,0.3,1.0,,,,,0.54,0.94,0.67,0.81,2.69,,,,,,2.44,-8.68,0.71,6.26,-9.2,-13.46,-9.33,,,0.45,-1.57,0.29,1.36,-1.85,-2.66,-2.39,0.27,0.42,0.42,0.72,1.13,1.13,-3.12,0.18,-4.47,30.93,59.71,59.71,0.33,,-0.46,-0.38,0.22,0.45,0.03,0.35,50.0,,-1633.33,-208.57,-0.35,
3062,建漢,24.0,2026-07-09,年配,0.0,0.0,,,,,,0.05,0.15,0.15,0.4,,,,,,0.21,0.62,0.62,1.67,,,0.06,-6.44,-6.98,0.45,0.43,0.93,2.99,,,0.01,-0.97,-1.12,0.07,0.07,0.16,0.51,,0.05,0.19,,0.21,0.78,-3.19,-3.23,-1.22,,71.43,114.48,-0.54,,1.47,1.81,2.31,0.01,0.07,0.05,-123.38,,2000.0,3520.0,-1.38,
3090,日電貿,286.5,2026-07-09,年配,4.8,1.68,,4.8,4.2,3.4,5.5,4.0,3.1,3.5,6.5,,1.68,1.47,1.19,1.92,1.4,1.08,1.22,2.27,,,14.93,11.16,26.93,18.7,14.04,13.27,37.97,,,4.52,3.39,8.02,4.59,3.36,3.32,8.56,4.13,4.38,4.38,1.45,1.53,1.53,13.04,17.93,19.57,96.6,87.24,88.94,1.7,,4.21,2.23,1.67,4.52,3.54,2.3,1.8,,18.93,-3.04,4.24,
3092,鴻碩,28.8,2026-07-09,年配,0.0,0.0,,,,,0.5,,1.5,2.5,4.5,,,,,1.74,,5.21,8.68,15.62,,,-10.85,-7.87,3.29,1.25,7.66,18.06,23.84,,,-2.08,-1.58,0.71,0.25,1.58,4.03,5.54,,0.5,2.25,,1.74,7.81,-9.36,-3.54,5.05,,70.42,77.16,-0.95,,-4.31,-3.22,-1.21,-2.08,-1.57,-0.46,21.49,,-174.52,-600.0,-4.05,
3094,聯傑,40.35,2026-07-09,年配,0.25,0.62,,0.25,0.17,0.6100000000000001,1.0,1.0,0.8,0.46,0.4,,0.62,0.42,1.51,2.48,2.48,1.98,1.14,0.99,,,1.41,4.84,6.54,6.67,3.11,3.67,3.23,,,0.17,0.61,0.84,0.85,0.41,0.5,0.44,0.34,0.61,0.59,0.85,1.5,1.45,3.12,4.86,4.21,100.0,109.18,116.39,0.07,,0.16,0.01,0.06,0.17,0.07,0.06,16.67,,128.57,-83.33,0.17,
3130,一零四,220.5,2026-07-09,年配,14.7,6.67,,14.70435001,14.14120892,13.60514978,13.41518811,11.16083526,7.8,8.62,8.51,,6.67,6.41,6.17,6.08,5.06,3.54,3.91,3.86,,,28.08,27.28,27.43,24.15,17.28,19.16,18.59,,,14.14,13.61,13.42,11.16,7.8,8.62,8.51,14.15,13.41,11.49,6.42,6.08,5.21,27.68,26.74,23.14,99.98,99.98,99.99,3.57,,11.96,7.7,3.19,14.14,11.75,7.21,11.91,,1.79,6.8,12.34,
3135,凌航,172.0,2026-07-09,年配,4.1,2.38,,4.1,1.5,1.0,0.3,0.5,,,,,2.38,0.87,0.58,0.17,0.29,,,,,,12.32,7.12,1.7,25.17,6.63,,,,,2.37,1.3,0.3,5.43,1.22,,,2.2,1.48,1.48,1.28,0.86,0.86,9.72,11.58,10.59,70.1,62.36,62.36,10.76,,1.5,0.37,0.54,2.37,,1.93,1892.59,,,-80.83,11.72,
3138,耀登,115.0,2026-07-09,年配,1.67,1.45,,1.67,2.5,2.6,3.5,3.0,1.6,1.0,0.7,,1.45,2.17,2.26,3.04,2.61,1.39,0.87,0.61,,,7.84,12.57,21.7,22.52,12.07,8.62,9.66,,,3.05,4.42,6.89,5.96,2.63,1.46,1.32,2.26,2.65,2.07,1.96,2.31,1.8,10.2,16.16,13.57,70.4,60.48,60.61,-0.02,,0.37,-0.83,-0.21,3.05,2.23,1.19,90.48,,-83.41,-169.75,0.56,
3149,正達,89.5,2026-07-09,半年配,0.0,0.0,,,,,,,,,,,,,,,,,,,,,-14.47,-8.28,-21.68,-8.13,-19.19,-3.82,-7.82,,,-1.45,-0.82,-1.45,-0.59,-1.42,-0.29,-0.64,,,,,,,-11.38,-13.14,-11.91,,,,-0.37,,-2.24,-1.58,-0.78,-1.45,-0.62,-0.34,52.56,,-261.29,-364.71,-1.83,
3150,鈺寶-創,18.3,2026-07-09,年配,0.5,2.73,,0.5,1.0,0.7999999999999999,1.5,1.5,,,,,2.73,5.46,4.37,8.2,8.2,,,,,,4.7,-4.43,16.84,20.62,14.11,5.57,8.66,,,0.72,-0.7,2.15,2.33,1.07,0.38,0.55,0.77,1.06,1.06,4.19,5.79,5.79,0.14,9.43,9.44,12.3,39.69,39.69,-0.02,,0.19,0.11,0.18,0.72,0.76,0.4,-111.11,,-75.0,-72.5,-0.01,
3164,景岳,16.45,2026-07-09,年配,0.8,4.86,,0.8,0.8,0.5,0.7,1.1,0.6997568599999999,0.79976615,1.5,,4.86,4.86,3.04,4.26,6.69,4.25,4.86,9.12,,,3.26,1.52,3.14,7.29,4.11,3.8,10.75,,,0.66,0.38,0.66,1.31,0.69,0.65,1.78,0.7,0.78,0.86,4.25,4.74,5.24,2.39,3.8,4.84,126.4,110.71,107.36,0.05,,0.38,0.09,0.19,0.66,0.64,0.57,-73.68,,-40.62,-84.21,0.24,
3167,大量,775.0,2026-07-09,年配,4.0,0.52,,4.0,1.0,0.5,2.0,4.0,3.0,2.0,3.5,,0.52,0.13,0.06,0.26,0.52,0.39,0.26,0.45,,,5.2,0.53,13.61,20.1,21.38,9.26,23.64,,,1.48,0.16,3.91,5.51,5.23,2.22,5.42,1.83,2.3,2.5,0.24,0.3,0.32,2.86,9.86,13.39,190.04,125.95,102.26,3.19,,5.45,3.01,1.02,1.48,0.64,0.12,212.75,,751.56,2408.33,7.62,
3168,眾福科,44.15,2026-07-09,年配,3.0,6.8,,3.0,3.0,4.0,5.0,3.0,1.5,1.5,1.0,,6.8,6.8,9.06,11.33,6.8,3.4,3.4,2.27,,,10.67,13.37,19.58,19.13,16.43,21.19,14.61,,,2.93,4.02,6.08,4.58,2.58,3.01,2.13,3.33,3.6,2.75,7.55,8.16,6.23,12.02,15.69,16.43,100.94,87.41,72.08,0.6,,1.94,1.16,0.56,2.93,2.33,1.58,7.14,,-16.74,-26.58,1.98,
3189,景碩,795.0,2026-07-09,年配,1.75,0.22,,1.75,1.0,1.0,6.5,4.5,1.0,1.0,1.5,,0.22,0.13,0.13,0.82,0.57,0.13,0.13,0.19,,,3.37,3.0,22.1,14.45,3.2,-6.65,1.38,,,0.11,0.11,15.47,8.56,1.21,-4.52,0.78,1.25,2.95,2.28,0.16,0.37,0.29,3.18,10.73,5.84,909.09,478.19,309.37,1.17,,2.1,1.35,0.61,0.11,0.66,0.25,91.8,,218.18,440.0,2.66,
3209,全科,58.8,2026-07-09,年配,2.0,3.4,,2.0,2.5,2.1,3.78,2.4,1.4,1.27870622,1.0,,3.4,4.25,3.57,6.43,4.08,2.38,2.17,1.7,,,14.61,12.34,24.87,21.4,14.1,10.44,8.09,,,3.02,2.61,5.01,4.05,2.51,1.66,1.25,2.2,2.56,2.06,3.74,4.35,3.5,13.48,18.3,15.12,81.62,74.49,72.97,1.52,,1.58,0.3,0.95,3.02,2.38,1.33,60.0,,-33.61,-77.44,2.15,
3229,晟鈦,38.75,2026-07-09,年配,0.0,0.0,,,,,,,,,,,,,,,,,,,,,1.4,-4.03,-7.13,-20.5,-49.31,-24.77,-9.88,,,0.14,-0.39,-0.66,-1.72,-2.27,-1.63,-0.77,,,,,,,-1.32,-7.56,-16.32,,,,0.55,,-0.56,-0.48,0.06,0.14,0.11,0.3,816.67,,-609.09,-260.0,-0.07,
3231,緯創,144.5,2026-07-09,年配,5.5,3.81,,5.5,3.79927437,2.59905323,2.59872094,2.20011602,2.2,2.04225184,1.48793283,,3.81,2.63,1.8,1.8,1.52,1.52,1.41,1.03,,,19.42,14.76,18.01,16.7,15.38,12.36,10.41,,,6.11,4.08,4.01,3.76,3.1,2.4,1.76,3.97,3.34,2.8,2.75,2.31,1.94,17.09,17.22,15.29,62.94,62.3,69.97,3.06,,6.43,4.06,1.85,6.11,4.26,2.79,65.41,,50.94,45.52,7.64,
3257,虹冠電,64.2,2026-07-09,年配,2.8,4.36,,2.8,2.0,3.0,1.0,5.0,3.0,1.0,1.5,,4.36,3.12,4.67,1.56,7.79,4.67,1.56,2.34,,,11.75,15.95,6.98,24.26,15.66,5.82,6.85,,,2.45,3.12,1.41,5.03,3.34,1.34,1.63,2.6,2.76,2.41,4.05,4.3,3.76,13.85,14.74,12.47,88.89,87.02,86.37,0.19,,2.65,1.54,0.64,2.45,2.1,1.58,-70.31,,26.19,-2.53,2.2,
3266,昇陽,13.45,2026-07-09,年配,0.5,3.72,,0.5,0.75,0.75,0.5,,,0.5,0.5,,3.72,5.58,5.58,3.72,,,3.72,3.72,,,11.0,10.85,2.75,0.73,2.53,4.2,1.1,,,1.93,1.94,0.57,0.25,0.4,0.6,0.3,0.67,0.62,0.58,4.96,4.65,4.34,10.92,6.33,4.74,38.76,55.08,83.05,0.12,,0.24,0.17,0.07,1.93,0.45,0.32,71.43,,-46.67,-46.88,0.29,
3296,勝德,28.0,2026-07-09,年配,0.0,0.0,,,,,,,0.23,,0.57,,,,,,,0.82,,2.04,,,4.05,-7.33,-5.3,-11.56,1.52,1.68,6.3,,,0.5,-0.91,-0.69,-1.64,0.23,0.27,1.01,,,0.4,,,1.43,-1.64,-5.04,-1.52,,,78.22,-0.37,,0.69,0.68,0.11,0.5,0.01,0.05,-436.36,,6800.0,1260.0,0.21,
3305,昇貿,127.5,2026-07-09,年配,2.3,1.8,,2.3,2.2,2.0,2.0,2.5,1.5,1.0,0.5,,1.8,1.73,1.57,1.57,1.96,1.18,0.78,0.39,,,8.42,4.87,11.62,15.15,4.94,4.77,1.17,,,3.1,1.74,4.04,4.92,1.51,1.43,0.35,2.17,2.2,1.75,1.7,1.73,1.37,6.64,10.01,7.28,92.96,71.56,85.48,1.73,,2.57,1.38,1.22,3.1,2.6,1.65,41.8,,-1.15,-16.36,3.08,
3308,聯德,21.6,2026-07-09,年配,0.0,0.0,,,,,,,,,,,,,,,,,,,,,5.43,46.22,2.86,-3.9,-11.81,-11.26,-16.32,,,0.99,5.94,0.28,-0.37,-0.89,-0.95,-1.57,,,,,,,25.82,12.65,1.6,,,,0.01,,0.23,-0.39,0.58,0.99,0.72,0.18,-98.28,,-68.06,-316.67,-0.34,
3311,閎暉,36.6,2026-07-09,年配,0.6,1.64,,0.6,0.3,1.2,0.6,0.47,,,,,1.64,0.82,3.28,1.64,1.28,,,,,,2.06,4.6,4.04,2.76,-15.88,-0.97,-0.89,,,0.81,1.75,1.47,0.94,-6.1,-0.24,-0.19,0.7,0.63,0.63,1.91,1.73,1.73,3.33,3.36,-0.61,52.8,49.11,49.11,0.5,,1.15,0.55,0.43,0.81,0.18,0.73,16.28,,538.89,-24.66,1.22,
3312,弘憶股,55.6,2026-07-09,年配,1.3,2.34,,1.3,1.4,1.2,2.0,2.0,,0.6,0.6,,2.34,2.52,2.16,3.6,3.6,,1.08,1.08,,,12.15,11.65,19.93,26.34,13.66,11.31,11.35,,,2.38,1.98,3.08,3.24,1.58,1.31,1.28,1.3,1.58,1.3,2.34,2.84,2.34,11.9,17.52,15.2,59.72,61.52,56.46,1.03,,0.57,-0.47,1.05,2.38,1.62,1.32,-1.9,,-64.81,-135.61,0.55,
3321,同泰,21.8,2026-07-09,年配,0.0,0.0,,,,,,,,,,,,,,,,,,,,,-37.3,-43.52,-36.87,-9.48,-30.32,-45.51,-37.33,,,-2.15,-4.01,-1.71,-0.54,-2.15,-4.22,-3.84,,,,,,,-40.41,-31.79,-34.33,,,,-0.69,,-2.52,-2.36,-0.7,-2.15,-1.83,-0.89,1.43,,-37.7,-165.17,-2.51,
3338,泰碩,69.5,2026-07-09,年配,1.3,1.87,,1.3,2.0,2.0,2.0,1.5,1.8,2.1,1.2,,1.87,2.88,2.88,2.88,2.16,2.59,3.02,1.73,,,13.38,12.98,15.02,11.04,13.68,19.51,11.49,,,3.0,2.78,3.05,2.13,2.58,3.38,1.8,1.77,1.76,1.74,2.54,2.53,2.5,13.18,13.1,13.87,69.31,68.65,67.6,0.27,,1.44,1.09,0.61,3.0,2.09,1.62,-55.74,,-31.1,-32.72,1.1,
3346,麗清,26.35,2026-07-09,年配,0.11,0.42,,0.11,1.2,1.5,0.3,0.62,0.16,,1.66,,0.42,4.55,5.69,1.14,2.35,0.61,,6.3,,,7.98,10.33,1.21,4.58,0.75,0.9,14.49,,,2.36,2.83,0.3,1.03,0.16,0.18,3.02,0.94,0.75,0.79,3.55,2.83,3.01,9.16,6.02,5.75,51.92,66.01,69.83,-0.67,,-0.61,-0.63,0.25,2.36,1.64,0.99,-368.0,,-137.2,-163.64,-1.53,
3356,奇偶,59.8,2026-07-09,年配,3.5,5.85,,3.5,4.0,2.9,1.4,1.2,1.0,,,,5.85,6.69,4.85,2.34,2.01,1.67,,,,,28.77,14.92,6.16,9.98,9.56,1.43,3.64,,,7.2,3.2,1.19,1.97,1.78,0.22,0.77,3.47,2.6,2.33,5.8,4.35,3.9,21.84,14.96,10.64,73.09,81.18,76.18,2.21,,3.16,-0.11,-1.72,7.2,5.06,4.87,228.49,,-37.55,-102.26,7.09,
3376,新日興,194.0,2026-07-09,年配,4.0,2.06,,4.0,6.0,4.0,6.0,5.0,7.0,2.0,2.0,,2.06,3.09,2.06,3.09,2.58,3.61,1.03,1.03,,,8.11,5.14,10.57,7.49,11.47,9.91,9.63,,,7.15,4.3,8.68,6.08,9.05,7.25,6.67,4.67,5.0,4.5,2.4,2.58,2.32,6.62,7.83,8.9,88.47,82.08,66.18,0.15,,1.23,0.64,1.13,7.15,5.63,3.86,-86.73,,-78.15,-83.42,0.25,
3380,明泰,33.75,2026-07-09,年配,0.5,1.48,,0.5,1.0,1.01,1.69,0.7999999999999999,1.0,0.44,,,1.48,2.96,2.99,5.01,2.37,2.96,1.3,,,,2.5,4.76,8.87,4.27,5.41,1.95,-0.92,,,0.4,1.01,1.69,0.8,1.03,0.44,-0.17,0.84,1.0,0.92,2.48,2.96,2.72,3.63,5.1,3.83,175.0,137.5,124.52,0.1,,-0.37,-0.39,-0.2,0.4,0.56,0.61,150.0,,-166.07,-163.93,-0.07,
3406,玉晶光,616.0,2026-07-09,半年配,17.0,2.76,,17.0,18.0,12.0,12.0,8.0,10.0,9.0,3.5,,2.76,2.92,1.95,1.95,1.3,1.62,1.46,0.57,,,18.92,15.13,17.74,13.88,20.7,23.48,11.8,,,38.35,27.25,29.06,20.52,27.42,24.79,9.38,15.67,13.4,11.19,2.54,2.18,1.82,17.03,16.42,17.38,45.49,42.82,40.19,7.9,,22.41,9.87,7.74,38.35,30.73,18.51,2.07,,-27.07,-46.68,22.57,
3413,京鼎,334.5,2026-07-09,年配,11.0,3.29,,11.0,14.5,12.0,13.8,9.5,7.0,4.0,7.0,,3.29,4.33,3.59,4.13,2.84,2.09,1.2,2.09,,,19.49,17.75,25.54,23.29,25.29,15.12,29.51,,,25.22,20.48,24.64,17.01,14.91,7.85,14.06,12.5,12.16,9.85,3.74,3.64,2.94,18.62,21.52,22.28,58.04,56.98,53.66,4.28,,16.22,10.11,6.71,25.22,17.79,12.29,-36.21,,-8.83,-17.74,13.79,
3416,融程電,181.5,2026-07-09,年配,5.1,2.81,,5.1,5.5,5.2,5.0,4.5,3.99955848,2.0,2.0,,2.81,3.03,2.87,2.75,2.48,2.2,1.1,1.1,,,17.19,18.05,18.75,16.25,11.74,11.34,9.76,,,7.04,6.62,6.23,5.03,3.55,3.34,2.84,5.27,5.06,4.16,2.9,2.79,2.29,17.62,17.56,14.73,78.34,81.6,81.34,1.8,,5.3,3.04,1.86,7.04,5.42,3.41,-3.23,,-2.21,-10.85,5.24,
3419,譁裕,13.7,2026-07-09,年配,0.0,0.0,,,,,0.2,,0.5,,,,,,,1.46,,3.65,,,,,-11.64,-8.88,2.07,-2.74,4.86,-4.94,4.3,,,-1.21,-1.0,0.28,-0.33,0.61,-0.58,0.59,,0.2,0.35,,1.46,2.55,-10.26,-5.3,-2.42,,71.43,76.7,-0.32,,-1.36,-1.09,-0.42,-1.21,-0.95,-0.44,23.81,,-43.16,-147.73,-1.26,
3432,台端,18.1,2026-07-09,年配,0.0,0.0,,,,,,0.5,0.25,,,,,,,,2.76,1.38,,,,,-7.35,-8.06,-143.76,3.65,2.14,2.99,19.52,,,-0.55,-0.6,-20.13,0.86,0.49,0.68,4.2,,0.5,0.38,,2.76,2.07,-7.7,-38.88,-18.7,,58.14,54.58,-0.23,,-0.59,-0.45,-0.17,-0.55,-0.54,-0.31,-35.29,,-9.26,-45.16,-0.65,
3437,榮創,20.75,2026-07-09,年配,0.0,0.0,,,,,,0.45,,,,,,,,,2.17,,,,,,-6.87,-5.76,-5.34,3.25,-4.19,-7.53,-12.43,,,-0.94,-0.7,-0.98,0.61,-0.77,-1.43,-2.68,,0.45,0.45,,2.17,2.17,-6.32,-3.68,-5.55,,73.77,73.77,-0.56,,-2.03,-1.17,-0.38,-0.94,-0.58,-0.39,-47.37,,-250.0,-200.0,-2.21,
3443,創意,4340.0,2026-07-09,年配,20.0,0.46,,20.0,16.0,14.0,14.0,7.0,5.0,5.0,5.0,,0.46,0.37,0.32,0.32,0.16,0.12,0.12,0.12,,,32.9,39.54,55.69,29.95,19.32,14.6,23.49,,,25.75,26.18,27.69,10.9,6.34,4.73,7.37,16.67,14.2,10.75,0.38,0.33,0.25,36.22,39.52,30.78,57.81,57.6,68.97,12.28,,19.48,13.01,7.17,25.75,19.43,11.72,71.27,,0.26,11.01,24.59,
3447,展達,37.05,2026-07-09,年配,1.1,2.97,,1.1,0.8,,2.3,1.5,1.0,,,,2.97,2.16,,6.21,4.05,2.7,,,,,8.0,-5.47,23.46,17.1,16.36,19.69,-24.06,,,1.2,-0.86,3.73,2.12,1.57,1.81,-2.32,0.95,1.42,1.34,2.57,3.85,3.62,1.27,10.77,7.87,66.67,66.36,65.69,0.17,,1.28,0.04,0.34,1.2,0.62,-0.56,-50.0,,106.45,107.14,1.11,
3450,聯鈞,502.0,2026-07-09,年配,1.0,0.2,,1.0,0.5,,0.5,1.8,1.4,1.0,3.0,,0.2,0.1,,0.1,0.36,0.28,0.2,0.6,,,16.6,2.16,10.54,13.32,9.96,9.84,17.42,,,3.82,-0.52,1.32,2.55,1.65,1.64,4.09,0.75,0.95,1.31,0.15,0.19,0.26,9.38,10.66,11.41,13.09,40.52,56.79,0.69,,3.48,2.87,2.34,3.82,1.82,0.78,-70.51,,91.21,267.95,1.83,
3481,群創,65.3,2026-07-09,年配,1.0,1.53,,1.0,1.0,,,1.05,0.4,,0.06,,1.53,1.53,,,1.61,0.61,,0.09,,,2.91,-7.72,-10.01,21.22,0.7,-7.16,0.86,,,0.76,-2.01,-2.76,5.53,0.17,-1.77,0.22,1.0,1.02,0.7,1.53,1.56,1.07,-2.4,1.6,0.11,131.58,75.29,103.28,0.2,,0.03,0.03,0.12,0.76,-0.29,-0.33,66.67,,110.34,109.09,0.11,
3494,誠研,7.78,2026-07-09,年配,0.0,0.0,,,,,,,,,,,,,,,,,,,,,-21.51,-38.2,-37.24,-21.03,-47.58,-20.88,-18.45,,,-1.08,-1.52,-1.94,-1.57,-2.44,-1.85,-1.6,,,,,,,-29.86,-29.5,-29.27,,,,-0.29,,-1.12,-0.58,-0.37,-1.08,-0.54,-0.41,21.62,,-107.41,-41.46,-1.04,
3501,維熹,40.5,2026-07-09,年配,2.0,4.94,,2.0,4.0,3.0,4.0,2.0,2.5,3.0,3.5,,4.94,9.88,7.41,9.88,4.94,6.17,7.41,8.64,,,10.6,7.73,12.11,5.81,7.21,9.09,12.38,,,6.12,4.29,6.42,2.92,3.59,4.4,5.99,3.0,3.0,3.0,7.41,7.41,7.41,9.16,9.06,9.28,67.65,66.52,66.05,0.15,,2.59,1.99,1.35,6.12,4.13,3.15,-88.89,,-37.29,-36.83,1.39,
3504,揚明光,81.8,2026-07-09,年配,0.0,0.0,,,,,,,,,0.5,,,,,,,,,0.61,,,-8.53,-9.12,2.04,0.85,-7.16,0.15,5.22,,,-2.17,-2.52,0.57,0.23,-2.07,0.04,1.57,,,0.5,,,0.61,-8.82,-3.69,-2.36,,,31.85,0.05,,-0.02,0.07,0.04,-2.17,-2.59,-2.52,25.0,,99.23,102.78,-0.01,
3515,華擎,211.0,2026-07-09,年配,11.0,5.21,,11.0,5.3,6.9,8.0,13.0,8.0,4.0,4.0,,5.21,2.51,3.27,3.79,6.16,3.79,1.9,1.9,,,16.43,11.0,13.88,30.56,21.92,10.35,10.04,,,10.54,7.54,8.69,19.67,11.3,4.95,4.91,7.73,8.84,7.52,3.66,4.19,3.57,13.72,17.97,16.31,70.9,74.99,76.15,4.14,,11.25,6.89,3.58,10.54,7.2,4.7,15.64,,56.25,46.6,11.81,
3518,柏騰,29.85,2026-07-09,年配,0.0,0.0,,,,,0.5,1.0,,,,,,,,1.68,3.35,,,,,,-15.83,-3.68,1.67,2.95,-4.0,-12.84,-18.35,,,-2.39,-0.59,0.31,0.52,-0.71,-2.5,-4.27,,0.75,0.75,,2.52,2.52,-9.76,-3.72,-7.15,,176.8,176.8,2.81,,-0.93,-0.9,-0.94,-2.39,-1.81,-1.1,398.94,,48.62,18.18,2.82,
3528,安馳,99.3,2026-07-09,年配,1.38,1.39,,1.38,3.0,1.5,4.1,3.8,2.9,2.5,2.5,,1.39,3.02,1.51,4.13,3.83,2.92,2.52,2.52,,,14.69,5.82,19.64,17.86,14.03,12.5,12.41,,,4.16,1.65,5.65,4.57,3.18,2.77,2.71,1.96,2.76,2.71,1.97,2.78,2.73,10.26,14.5,13.85,81.52,79.69,84.63,2.83,,0.27,-1.31,2.02,4.16,3.33,2.42,40.1,,-91.89,-154.13,1.08,
3530,晶相光,65.2,2026-07-09,年配,0.8,1.23,,0.8,,,,3.5,2.8,2.0,2.0,,1.23,,,,5.37,4.29,3.07,3.07,,,-4.38,-11.45,4.57,30.02,13.13,7.34,10.01,,,-1.33,-3.7,1.59,9.61,3.65,2.01,2.17,0.8,2.15,2.22,1.23,3.3,3.41,-7.91,4.69,7.03,,36.42,76.2,0.44,,0.47,-0.28,0.16,-1.33,0.95,-0.27,175.0,,-50.53,-3.7,0.75,
3532,台勝科,423.5,2026-07-09,年配,1.0,0.24,,1.0,1.8,5.0,7.3,2.22,2.15,3.5,9.0,,0.24,0.43,1.18,1.72,0.52,0.51,0.83,2.13,,,5.17,13.76,21.11,6.85,6.42,10.08,25.69,,,3.35,8.92,12.43,3.64,3.37,5.48,9.41,2.6,3.46,4.0,0.62,0.82,0.94,9.46,11.72,12.73,54.89,57.38,64.69,-0.18,,0.8,0.24,0.61,3.35,2.34,1.89,-129.51,,-65.81,-87.3,0.01,
3533,嘉澤,1955.0,2026-07-09,年配,35.0,1.79,,35.0,41.5,26.0,26.0,16.0,13.3,10.5,8.7,,1.79,2.12,1.33,1.33,0.82,0.68,0.54,0.45,,,27.86,21.25,30.1,21.63,20.99,19.13,18.67,,,82.77,50.65,58.7,33.32,26.41,20.11,17.21,34.17,28.9,22.12,1.75,1.48,1.13,24.56,25.21,22.8,50.74,48.44,49.56,21.37,,47.64,26.94,20.22,82.77,56.9,38.58,5.69,,-16.27,-30.17,48.79,
3535,晶彩科,104.5,2026-07-09,年配,0.0,0.0,,,0.5,,1.0,0.5,,0.5,,,,0.48,,0.96,0.48,,0.48,,,,4.82,-2.85,25.88,10.49,-10.77,12.17,9.82,,,0.69,-0.42,3.58,1.22,-1.29,1.47,1.07,0.5,0.67,0.62,0.48,0.64,0.6,0.99,9.58,7.08,72.46,47.12,43.84,0.99,,-1.74,-1.68,-0.48,0.69,0.94,1.25,306.25,,-285.11,-234.4,-0.27,
3543,州巧,33.4,2026-07-09,年配,0.6,1.8,,0.6,0.5,1.0,1.0,1.2,1.2,0.8,0.6,,1.8,1.5,2.99,2.99,3.59,3.59,2.4,1.8,,,-4.72,1.76,-1.88,5.83,-12.67,3.0,1.96,,,-1.14,0.88,-0.55,1.99,-4.5,1.22,0.8,0.7,0.86,0.86,2.1,2.57,2.58,-1.48,0.25,-0.96,34.89,-12.93,8.88,-0.16,,-1.16,-0.42,0.09,-1.14,-0.81,-0.31,-277.78,,-43.21,-35.48,-1.41,
3545,敦泰,57.6,2026-07-09,年配,0.8,1.39,,0.8,1.72,1.0,0.5,15.71,3.32,,,,1.39,2.99,1.74,0.87,27.27,5.76,,,,,5.85,3.89,-17.15,56.82,12.66,-2.6,-26.44,,,2.71,1.74,-9.39,30.23,3.97,-0.63,-8.66,1.17,3.95,3.84,2.04,6.85,6.67,4.87,12.35,4.72,60.47,41.9,50.24,0.02,,1.55,1.16,0.8,2.71,1.85,1.06,-97.5,,-16.22,9.43,0.77,
3550,聯穎,28.2,2026-07-09,年配,0.0,0.0,,,,,0.5,0.3,0.5,0.5,1.0,,,,,1.77,1.06,1.77,1.77,3.55,,,-12.01,-21.14,-1.27,4.26,4.34,2.67,6.03,,,-2.01,-4.14,-0.26,0.96,0.94,0.58,1.37,,0.4,0.56,,1.42,1.98,-16.58,-7.54,-2.45,,-80.53,10.27,0.21,,-0.69,-0.51,-0.32,-2.01,-1.09,-0.24,165.62,,36.7,-112.5,-0.16,
3557,嘉威,25.6,2026-07-09,年配,0.3,1.17,,0.3,2.5,3.0,8.0,6.0,6.0,,,,1.17,9.77,11.72,31.25,23.44,23.44,,,,,21.5,16.25,24.17,30.06,54.21,26.84,0.06,,,6.84,4.81,7.03,7.74,10.01,3.25,0.0,1.93,3.96,4.3,7.55,15.47,16.8,18.88,23.0,24.73,49.46,72.56,70.04,0.48,,-0.27,1.18,2.65,6.84,5.7,4.62,-81.89,,-104.74,-74.46,-2.44,
3563,牧德,721.0,2026-07-09,半年配,13.0,1.8,,13.0,6.0,7.0,10.0,12.0,12.0,10.49755641,27.0,,1.8,0.83,0.97,1.39,1.66,1.66,1.46,3.74,,,6.15,10.07,19.81,29.7,28.15,40.19,71.42,,,5.52,8.21,13.35,18.51,15.02,20.01,30.43,8.67,9.6,12.19,1.2,1.33,1.69,8.11,16.43,29.36,96.98,83.42,79.25,4.61,,13.28,9.42,5.22,5.52,2.61,2.01,-11.69,,408.81,368.66,12.67,
3576,聯合再生,16.4,2026-07-09,年配,0.0,0.0,,,,,0.1,,,,,,,,,0.61,,,,,,,-17.57,-25.93,5.7,-8.7,-33.76,-24.4,-2.5,,,-1.31,-2.39,0.61,-0.84,-2.31,-2.26,-0.34,,0.1,0.1,,0.61,0.61,-21.75,-11.62,-15.31,,16.39,16.39,1.07,,-0.63,-0.37,-0.11,-1.31,-1.18,-0.69,1072.73,,46.61,46.38,0.55,
3583,辛耘,817.0,2026-07-09,年配,6.0,0.73,,6.0,4.5,4.0,3.6,2.5,1.85,2.0,2.5,,0.73,0.55,0.49,0.44,0.31,0.23,0.24,0.31,,,20.71,17.18,16.94,14.06,11.18,12.6,17.42,,,11.54,8.1,7.08,5.23,3.8,4.02,5.16,4.83,4.12,3.37,0.59,0.5,0.41,18.94,17.22,15.73,44.18,46.76,47.7,4.14,,9.71,6.05,3.2,11.54,8.43,5.43,29.37,,15.18,11.42,10.65,
3588,通嘉,66.8,2026-07-09,年配,0.5,0.75,,0.5,1.2000000000000002,0.4,0.9,3.3,0.603,0.45,0.5,,0.75,1.8,0.6,1.35,4.94,0.9,0.67,0.75,,,6.56,1.75,9.23,22.1,4.59,1.78,2.83,,,1.89,0.5,2.74,6.37,1.3,0.5,0.8,0.7,1.26,0.98,1.05,1.89,1.47,4.15,9.91,6.98,71.74,57.04,61.0,0.37,,0.37,0.29,0.27,1.89,1.71,0.93,37.04,,-78.36,-68.82,0.47,
3591,艾笛森,25.55,2026-07-09,年配,0.0,0.0,,,0.738867,0.5,0.30572782,0.27808294,0.33457,,,,,2.89,1.96,1.2,1.09,1.31,,,,,4.96,1.55,1.22,4.7,1.25,-9.97,1.44,,,1.0,0.35,0.2,1.0,0.35,-2.39,0.3,0.62,0.46,0.43,2.42,1.78,1.69,3.26,3.11,0.74,108.38,99.36,98.6,0.12,,-0.21,-0.03,0.09,1.0,0.73,0.51,33.33,,-128.77,-105.88,-0.18,
3592,瑞鼎,272.5,2026-07-09,年配,14.6,5.36,,14.6,22.2,15.2,41.0,45.0,10.5,8.0,7.0,,5.36,8.15,5.58,15.05,16.51,3.85,2.94,2.57,,,18.01,11.95,35.16,62.36,18.91,16.02,14.31,,,27.67,19.02,51.23,65.09,13.12,10.34,8.68,17.33,27.6,20.44,6.36,10.13,7.5,14.98,31.87,25.25,80.08,77.33,78.2,3.82,,14.09,9.56,6.05,27.67,22.16,15.08,-36.86,,-36.42,-36.6,11.86,
3593,力銘,15.95,2026-07-09,年配,0.0,0.0,,,,,,,,,,,,,,,,,,,,,-53.97,-13.95,-16.13,-6.41,14.3,-37.33,-24.92,,,-2.19,-0.75,-1.0,0.02,0.9,-2.59,-2.32,,,,,,,-33.96,-22.62,-19.77,,,,-0.7,,-1.8,-0.76,-0.46,-2.19,-1.17,-0.28,-52.17,,-53.85,-171.43,-2.04,
3596,智易,194.0,2026-07-09,年配,9.0,4.64,,9.0,7.5,7.0,6.5,6.8,6.5,4.5,3.0,,4.64,3.87,3.61,3.35,3.51,3.35,2.32,1.55,,,16.03,16.57,14.26,13.68,13.99,13.04,9.57,,,11.28,10.98,9.2,8.6,8.36,6.85,4.61,7.83,7.36,6.35,4.04,3.8,3.28,16.3,15.14,13.88,65.12,69.99,69.78,3.12,,9.52,6.1,3.08,11.28,8.47,5.48,1.3,,12.4,11.31,9.56,
3605,宏致,91.2,2026-07-09,年配,1.68,1.84,,1.68,0.72087982,,0.55,1.49975644,0.7,0.75,0.7,,1.84,0.79,,0.6,1.64,0.77,0.82,0.77,,,5.88,-4.92,3.99,10.07,5.84,7.04,5.22,,,2.51,-1.98,1.68,4.16,2.26,2.55,1.92,1.2,1.11,0.94,1.32,1.22,1.03,0.48,3.76,4.73,28.72,32.5,32.39,0.67,,3.51,2.04,1.37,2.51,1.48,0.52,-51.09,,137.16,292.31,2.81,
3607,谷崧,16.15,2026-07-09,年配,0.8,4.95,,0.8,0.7,0.7,1.0,1.0,,,,,4.95,4.33,4.33,6.19,6.19,,,,,,1.16,-2.08,-11.75,-11.54,-14.23,-15.96,-18.83,,,0.17,-0.36,-2.23,-2.22,-3.32,-4.66,-6.89,0.73,0.84,0.84,4.54,5.2,5.2,-0.46,-6.05,-10.46,108.66,31.86,31.86,0.03,,0.04,-0.38,-0.34,0.17,-0.27,-0.1,108.82,,114.81,-280.0,0.41,
3617,碩天,242.0,2026-07-09,半年配,10.0,4.13,,10.0,15.0,8.0,5.0,1.0,5.4,5.35,5.3,,4.13,6.2,3.31,2.07,0.41,2.23,2.21,2.19,,,27.39,23.13,24.44,-1.21,10.48,11.39,13.7,,,24.75,16.58,14.09,-0.89,5.72,6.25,7.22,11.0,7.8,6.88,4.55,3.22,2.84,25.26,18.44,15.62,54.43,8.0,40.77,4.13,,11.6,4.59,4.4,24.75,17.59,12.26,-6.14,,-34.05,-62.56,11.33,
3622,洋華,55.9,2026-07-09,年配,3.2,5.72,,3.2,3.0,2.0,1.5,1.2,1.0,0.4,0.5,,5.72,5.37,3.58,2.68,2.15,1.79,0.72,0.89,,,11.09,9.92,7.93,5.95,4.28,3.01,2.93,,,4.76,3.75,2.75,1.85,1.24,0.88,0.79,2.73,2.18,1.6,4.89,3.9,2.86,10.5,8.72,6.44,58.18,58.94,60.74,1.09,,4.89,2.09,1.34,4.76,4.03,2.01,-18.66,,21.34,3.98,4.64,
3645,達邁,82.9,2026-07-09,年配,1.2,1.45,,1.2,1.2,0.3,0.6,1.2,1.5,0.5,1.5,,1.45,1.45,0.36,0.72,1.45,1.81,0.6,1.81,,,7.7,-5.24,4.59,10.36,13.38,3.74,15.85,,,1.79,-1.06,1.13,2.32,2.76,0.82,3.2,0.9,0.9,1.0,1.09,1.09,1.21,1.23,4.35,7.2,19.37,35.89,43.68,0.67,,0.94,0.47,0.31,1.79,1.61,1.13,116.13,,-41.61,-58.41,1.3,
3652,精聯,33.9,2026-07-09,年配,1.2,3.54,,1.19541788,0.6,0.34587754,0.67037265,0.41490168,0.15304912,0.14004971,0.3518715,,3.53,1.77,1.02,1.98,1.22,0.45,0.41,1.04,,,5.1,2.25,5.13,3.64,1.55,1.51,1.08,,,1.25,0.54,1.22,1.03,0.36,0.35,0.26,0.71,0.65,0.48,2.11,1.9,1.43,3.68,4.03,2.89,56.02,51.82,60.73,0.4,,0.94,0.4,0.34,1.25,0.85,0.59,17.65,,10.59,-32.2,1.0,
3653,健策,3205.0,2026-07-09,年配,22.0,0.69,,22.0,14.5,10.0,12.0,6.0,6.0,5.0,3.6,,0.69,0.45,0.31,0.37,0.19,0.19,0.16,0.11,,,25.3,19.75,28.76,16.65,13.26,14.42,10.68,,,24.15,16.59,19.54,9.88,7.17,6.55,4.61,15.5,12.9,9.89,0.48,0.4,0.31,22.52,22.62,18.4,60.16,60.61,68.65,9.53,,26.92,17.44,9.59,24.15,16.47,11.09,-0.63,,63.45,57.26,26.86,
3661,世芯-KY,4210.0,2026-07-09,年配,34.17,0.81,,34.17,36.5,23.22,12.92,11.14,6.6,3.50364569,1.51633083,,0.81,0.87,0.55,0.31,0.26,0.16,0.08,0.04,,,22.42,21.4,15.7,20.93,23.22,13.93,9.13,,,81.34,45.47,25.69,21.34,13.61,7.2,4.22,31.3,23.59,16.2,0.74,0.56,0.38,21.91,20.11,18.1,47.97,49.61,47.36,17.55,,50.89,34.49,18.13,81.34,58.43,35.92,-3.2,,-12.9,-3.98,50.31,
3665,貿聯-KY,1865.0,2026-07-09,年配,15.0,0.8,,15.0,12.0,9.0,10.0,9.1312,8.02486316,9.0,7.5,,0.8,0.64,0.48,0.54,0.49,0.43,0.48,0.4,,,14.44,9.81,20.35,14.23,14.26,17.24,16.81,,,25.41,14.37,25.02,15.22,14.01,15.54,11.86,12.0,11.03,9.96,0.64,0.59,0.53,12.12,14.71,15.31,54.93,52.46,55.47,11.66,,32.49,18.95,8.49,25.41,16.88,9.69,37.34,,92.48,95.56,35.66,
3669,圓展,34.9,2026-07-09,年配,1.0,2.87,,1.0,1.7,1.34,1.43,3.8,5.0,0.5,0.4,,2.87,4.87,3.84,4.1,10.89,14.33,1.43,1.15,,,5.54,8.27,11.49,21.14,27.84,2.98,1.89,,,2.04,2.69,3.58,7.02,8.48,0.79,0.5,1.35,1.85,1.9,3.86,5.31,5.44,6.9,11.61,11.31,66.57,56.8,61.35,0.7,,0.27,-0.42,0.01,2.04,1.8,1.11,6900.0,,-85.0,-137.84,0.96,
3673,TPK-KY,77.8,2026-07-09,年配,1.8,2.31,,1.8,0.8,,0.5,1.5,1.0,,,,2.31,1.03,,0.64,1.93,1.29,,,,,1.25,0.61,1.6,3.04,2.83,0.82,0.98,,,1.16,0.51,1.34,2.63,2.54,0.51,0.55,1.3,1.15,1.12,1.67,1.48,1.44,0.93,1.62,1.59,68.97,54.44,50.67,1.33,,2.56,1.47,0.4,1.16,1.65,1.16,232.5,,55.15,26.72,3.49,
3679,新至陞,110.0,2026-07-09,年配,9.0,8.18,,9.0,10.0,7.5,10.0,9.0,10.0,4.0,3.0,,8.18,9.09,6.82,9.09,8.18,9.09,3.64,2.73,,,18.43,10.71,15.66,13.68,17.17,8.58,5.78,,,13.85,7.77,11.32,9.7,11.57,5.42,3.35,8.83,9.1,7.81,8.03,8.27,7.1,14.57,14.62,12.86,84.36,87.46,85.66,2.67,,6.15,2.12,3.95,13.85,8.76,7.17,-32.41,,-29.79,-70.43,4.87,
3686,達能,16.45,2026-07-09,年配,0.0,0.0,,,,,,,,,,,,,,,,,,,,,-0.62,-4.08,-4.11,-2.65,-17.53,-19.18,-89.71,,,-0.06,-0.38,-0.4,-0.18,-1.33,-1.75,-5.28,,,,,,,-2.35,-2.86,-19.7,,,,-0.01,,-0.31,-0.17,0.05,-0.06,0.03,-0.03,-120.0,,-1133.33,-466.67,-0.37,
3694,海華,65.0,2026-07-09,年配,2.3,3.54,,2.3,1.5,1.0,,,,,,,3.54,2.31,1.54,,,,,,,,13.13,11.97,12.55,15.77,17.69,-6.82,-7.05,,,2.75,2.18,1.93,2.05,2.02,-0.76,-0.81,1.6,1.6,1.6,2.46,2.46,2.46,12.55,13.36,8.18,50.21,50.21,50.21,1.02,,3.27,1.84,0.77,2.75,2.13,1.2,32.47,,53.52,53.33,3.52,
3701,大眾控,41.65,2026-07-09,年配,0.2,0.48,,0.2,0.2,0.7,0.5,,,,,,0.48,0.48,1.68,1.2,,,,,,,3.57,9.95,14.65,9.97,-0.35,2.9,14.49,,,0.11,1.49,2.23,1.32,-0.21,0.22,1.29,0.37,0.4,0.4,0.88,0.96,0.96,6.76,9.54,7.88,114.4,83.74,83.74,-0.59,,1.11,0.95,0.67,0.11,0.2,0.3,-188.06,,455.0,216.67,-0.15,
3702,大聯大,106.5,2026-07-09,年配,3.8,3.57,,3.8,3.2,3.5,3.85,3.5,3.1,2.4,2.7,,3.57,3.0,3.29,3.62,3.29,2.91,2.25,2.54,,,8.78,9.84,13.81,16.98,12.62,10.95,14.06,,,4.07,4.59,6.02,6.61,4.77,3.84,4.22,3.5,3.57,3.26,3.29,3.35,3.06,9.31,12.35,12.43,77.44,67.94,66.18,3.3,,4.07,2.18,1.13,4.07,3.11,1.89,192.04,,30.87,15.34,6.24,
3703,欣陸,20.6,2026-07-09,年配,1.05,5.1,,1.05,1.05,1.5,2.5,1.68,1.4,0.5,0.9,,5.1,5.1,7.28,12.14,8.16,6.8,2.43,4.37,,,2.21,4.42,9.06,6.83,6.21,0.59,8.17,,,1.43,2.09,3.51,2.22,1.87,0.12,2.36,1.2,1.56,1.32,5.83,7.56,6.42,3.32,5.63,5.36,72.6,73.03,117.4,0.33,,0.92,0.4,0.05,1.43,1.59,0.91,560.0,,-42.14,-56.04,1.2,
3704,合勤控,45.35,2026-07-09,年配,0.4,0.88,,0.4,0.3,1.5,1.25,0.5,0.5,,,,0.88,0.66,3.31,2.76,1.1,1.1,,,,,5.28,12.83,16.92,12.5,10.69,1.4,-7.87,,,1.41,3.38,3.87,2.49,1.91,0.25,-1.38,0.73,0.79,0.74,1.62,1.74,1.63,9.06,11.88,7.39,32.83,29.51,28.84,0.29,,1.13,-0.24,0.7,1.41,0.15,0.43,-58.57,,653.33,-155.81,0.72,
3705,永信,54.6,2026-07-09,年配,3.0,5.49,,3.0,3.0,2.3,2.3,1.7,2.0,2.2,2.2,,5.49,5.49,4.21,4.21,3.11,3.66,4.03,4.03,,,14.19,11.16,11.76,11.32,12.02,11.95,11.21,,,4.39,3.11,3.15,2.77,2.97,2.81,2.64,2.77,2.46,2.34,5.06,4.5,4.28,12.68,12.11,11.94,71.15,69.17,72.23,0.89,,2.31,1.57,1.23,4.39,3.08,2.26,-27.64,,-25.0,-30.53,1.97,
3706,神達,88.7,2026-07-09,年配,3.0,3.38,,3.0,1.0,1.3,1.3,2.0,1.0,1.0,1.5,,3.38,1.13,1.47,1.47,2.25,1.13,1.13,1.69,,,6.52,2.93,16.41,25.08,6.93,7.17,9.09,,,3.28,1.48,7.76,10.01,2.45,2.65,3.58,1.77,1.72,1.51,1.99,1.94,1.71,4.72,12.74,10.59,59.16,38.76,39.36,1.1,,3.68,2.34,1.11,3.28,2.44,1.49,-0.9,,50.82,57.05,3.67,
3708,上緯投控,106.5,2026-07-09,半年配,6.0,5.63,,6.0,2.3,6.0,5.0,1.5,3.5,4.0,5.0,,5.63,2.16,5.63,4.69,1.41,3.29,3.76,4.69,,,4.09,15.43,13.23,3.37,12.15,15.73,20.94,,,2.71,12.88,9.48,2.01,6.82,8.97,11.22,4.77,4.16,4.16,4.47,3.9,3.91,9.76,9.03,12.13,65.72,64.7,57.04,0.13,,0.53,0.13,0.48,2.71,1.98,1.53,-72.92,,-73.23,-91.5,0.18,
3711,日月光投控,677.0,2026-07-09,年配,6.6,0.97,,6.6,5.3,5.2,8.8,7.0,4.2,2.0,2.5,,0.97,0.78,0.77,1.3,1.03,0.62,0.3,0.37,,,10.22,10.52,21.94,25.94,13.05,8.3,11.99,,,7.52,7.39,14.53,14.84,6.47,3.96,5.95,5.7,6.58,5.2,0.84,0.97,0.77,10.37,17.16,14.57,70.43,62.15,58.0,3.24,,5.99,3.48,1.75,7.52,5.35,3.12,85.14,,11.96,11.54,7.48,
3712,永崴投控,17.2,2026-07-09,年配,0.0,0.0,,,3.0,2.0,2.0,1.5,1.0,,,,,17.44,11.63,11.63,8.72,5.81,,,,,7.74,5.69,4.95,6.21,2.39,-2.79,-2.3,,,4.56,2.31,2.15,1.76,0.34,-0.84,-1.24,2.5,2.12,1.9,14.54,12.36,11.05,6.72,6.15,3.13,76.18,82.66,124.95,-1.94,,-19.78,-7.37,0.93,4.56,3.34,1.77,-308.6,,-692.22,-516.38,-22.65,
3714,富采,63.7,2026-07-09,年配,0.9,1.41,,0.9,0.9,0.9,,2.0,,,,,1.41,1.41,1.41,,3.14,,,,,,-3.66,-13.84,-1.02,3.48,,,,,,-1.87,-9.02,0.05,3.21,,,,0.9,1.18,1.18,1.41,1.84,1.84,-8.75,-3.76,-3.76,-29.06,1.4,1.4,-0.2,,-2.62,-1.79,-0.6,-1.87,-1.02,-1.03,66.67,,-156.86,-73.79,-2.22,
3715,定穎投控,151.0,2026-07-09,年配,1.08,0.72,,1.08,1.5,1.5,0.8,,,,,,0.72,0.99,0.99,0.53,,,,,,,14.35,15.78,8.98,,,,,,,3.78,3.61,1.97,,,,,1.36,1.22,1.22,0.9,0.81,0.81,15.06,13.04,13.04,40.61,40.61,40.61,-0.74,,2.4,1.89,0.96,3.78,3.17,2.24,-177.08,,-24.29,-15.63,0.7,
3716,中化控股,35.2,2026-07-09,年配,1.0,2.84,,1.0,1.0,,,,,,,,2.84,2.84,,,,,,,,,4.23,,,,,,,,,2.49,,,,,,,1.0,1.0,1.0,2.84,2.84,2.84,4.23,4.23,4.23,40.16,40.16,40.16,1.57,,1.87,1.31,0.93,2.49,1.75,,68.82,,6.86,,2.51,
3717,聯嘉投控,25.45,2026-07-09,年配,0.2,0.79,,0.2,,,,,,,,,0.79,,,,,,,,,,,,,,,,,,,,,,,,,,0.2,0.2,0.2,0.79,0.79,0.79,,,,,,,0.47,,-0.29,,,,,,,,,,0.47,
4104,佳醫,69.8,2026-07-09,年配,4.3,6.16,,4.3,3.8,3.8,3.65,3.5,3.5,3.3,3.0,,6.16,5.44,5.44,5.23,5.01,5.01,4.73,4.3,,,8.72,8.7,7.84,7.48,7.35,7.33,6.7,,,4.72,4.8,4.5,4.3,4.06,4.02,3.53,3.97,3.81,3.61,5.68,5.46,5.17,8.71,8.18,7.73,79.84,80.55,82.21,1.12,,3.57,2.6,1.19,4.72,3.54,2.61,-5.88,,0.85,-0.38,3.5,
4106,雃博,23.55,2026-07-09,年配,1.0,4.25,,1.0,0.8,0.8,0.85,0.55,0.55,0.45,0.65,,4.25,3.4,3.4,3.61,2.34,2.34,1.91,2.76,,,4.85,6.7,7.55,4.96,5.1,4.38,6.02,,,1.14,1.51,1.6,1.01,1.04,0.87,1.24,0.87,0.8,0.71,3.68,3.4,3.0,5.78,6.02,5.65,61.58,57.68,55.39,0.46,,0.92,0.45,0.23,1.14,0.68,0.61,100.0,,35.29,-26.23,1.15,
4108,懷特,12.0,2026-07-09,年配,0.0,0.0,,,,,,,,,,,,,,,,,,,,,-4.68,-3.26,-4.92,-4.67,-6.87,-11.08,-10.38,,,-0.37,-0.24,-0.4,-0.4,-0.54,-1.04,-1.12,,,,,,,-3.97,-4.38,-6.55,,,,-0.08,,-0.21,-0.18,-0.07,-0.37,-0.28,-0.22,-14.29,,25.0,18.18,-0.22,
4119,旭富,45.5,2026-07-09,年配,0.75,1.65,,0.75,1.5,1.25,0.25,,0.5,5.8,4.2,,1.65,3.3,2.75,0.55,,1.1,12.75,9.23,,,10.11,6.75,8.89,1.68,10.6,17.09,14.57,,,4.47,2.7,3.24,0.58,4.53,7.19,5.63,1.17,0.94,2.04,2.57,2.06,4.48,8.43,6.86,9.96,39.93,29.19,42.32,0.17,,0.57,0.46,0.27,4.47,4.08,0.89,-37.04,,-86.03,-48.31,0.47,
4133,亞諾法,20.8,2026-07-09,年配,0.11,0.53,,0.112,0.9,0.72,0.8,0.46,0.6,0.1,0.6,,0.54,4.33,3.46,3.85,2.21,2.88,0.48,2.88,,,4.75,3.39,5.98,2.34,3.04,0.27,3.76,,,1.02,0.72,1.24,0.47,0.6,0.05,0.76,0.58,0.6,0.54,2.78,2.88,2.58,4.07,4.12,3.36,94.12,87.66,104.23,0.28,,-0.19,-0.38,0.22,1.02,0.79,0.74,27.27,,-124.05,-151.35,-0.13,
4137,麗豐-KY,96.7,2026-07-09,季配,10.0,10.34,,10.0,10.0,10.5,7.0,12.0,8.5,13.0,12.0,,10.34,10.34,10.86,7.24,12.41,8.79,13.44,12.41,,,8.84,21.09,14.3,28.83,21.83,33.72,32.1,,,5.81,13.03,8.68,17.05,12.09,18.02,15.4,10.17,9.9,10.38,10.51,10.24,10.73,14.96,18.26,22.96,126.35,100.93,89.16,1.41,,5.3,3.3,0.68,5.81,5.11,3.59,107.35,,3.72,-8.08,6.03,
4142,國光生,17.65,2026-07-09,年配,0.0,0.0,,,,,,,0.5,,,,,,,,,2.83,,,,,-5.93,-12.5,2.25,0.22,22.9,-11.07,-31.67,,,-0.58,-1.52,0.68,0.1,3.03,-0.9,-2.59,,,0.5,,,2.83,-9.22,-3.99,-5.11,,,16.5,-0.44,,-1.09,-1.05,-0.53,-0.58,-0.46,-1.09,16.98,,-136.96,3.67,-1.0,
4148,全宇生技-KY,30.0,2026-07-09,半年配,1.0,3.33,,1.0,0.5,1.0,2.5,1.5,1.0,1.0,2.4,,3.33,1.67,3.33,8.33,5.0,3.33,3.33,8.0,,,5.87,6.67,17.4,9.98,4.1,1.56,14.29,,,2.01,2.18,5.75,3.09,1.28,0.56,4.76,0.83,1.3,1.36,2.78,4.33,4.54,6.27,9.98,8.55,35.38,40.69,67.13,0.08,,1.75,0.77,0.2,2.01,1.7,0.57,-60.0,,2.94,35.09,1.63,
4155,訊映,15.6,2026-07-09,年配,0.3,1.92,,0.3,0.3,0.3,1.2563,1.0,1.4,1.1,2.25,,1.92,1.92,1.92,8.05,6.41,8.97,7.05,14.42,,,4.29,-0.08,7.7,1.83,7.98,8.77,12.98,,,0.66,0.02,1.51,0.46,1.56,1.71,2.15,0.3,0.63,0.99,1.92,4.04,6.33,2.1,3.44,6.21,772.72,461.51,300.68,0.39,,0.2,-0.4,0.17,0.66,0.38,0.55,129.41,,-47.37,-172.73,0.42,
4164,承業醫,29.0,2026-07-09,年配,1.1,3.79,,1.1,1.51,2.01,2.01,2.011,2.01,1.99670253,1.8,,3.79,5.21,6.93,6.93,6.93,6.93,6.89,6.21,,,2.72,6.45,6.11,6.18,6.41,7.47,6.33,,,1.01,2.55,2.21,2.43,2.53,2.83,2.32,1.54,1.73,1.81,5.31,5.96,6.23,4.58,5.36,5.95,114.16,100.51,89.95,0.13,,0.64,0.28,0.05,1.01,0.74,0.18,160.0,,-13.51,55.56,0.72,
4169,泰宗,270.0,2026-07-09,年配,0.36,0.13,,0.36,,,,,,,,,0.13,,,,,,,,,,,,,,,,,,,,,,,,,,0.36,0.36,0.36,0.13,0.13,0.13,,,,,,,-0.45,,0.4,0.27,,,,,,,,,-0.32,
4178,永笙-KY,19.0,2026-07-09,年配,0.0,0.0,,,,,,,,,,,,,,,,,,,,,,,,,,,,,,,,,,,,,,,,,,,,,,,,,-0.19,,-0.67,-0.45,,,,,,,,,-0.41,
4190,佐登-KY,25.8,2026-07-09,年配,0.5,1.94,,0.5,0.5,1.0,1.0,3.5,2.0,4.0,4.5,,1.94,1.94,3.88,3.88,13.57,7.75,15.5,17.44,,,-15.17,-0.01,0.63,13.42,12.59,24.22,31.71,,,-4.87,0.0,0.24,4.98,4.41,8.05,9.02,0.67,1.3,2.12,2.59,5.04,8.24,-7.59,-0.28,9.63,-10.27,158.89,103.6,-0.26,,-1.8,-1.23,-0.46,-4.87,-4.27,-2.66,43.48,,57.85,53.76,-1.6,
4195,基米-創,17.85,2026-07-09,年配,0.0,0.0,,,,,,,,,,,,,,,,,,,,,,,,,,,,,,,,,,,,,,,,,,,,,,,,,-0.54,,-0.2,-0.33,,,,,,,,,-0.41,
4306,炎洲,15.5,2026-07-09,年配,0.7,4.52,,0.7,1.0,1.0,1.0,1.0,0.62,,0.5,,4.52,6.45,6.45,6.45,6.45,4.0,,3.23,,,6.71,6.98,9.88,8.1,7.97,-5.96,5.61,,,1.27,1.3,1.72,1.47,1.51,-0.99,1.11,0.9,0.94,0.83,5.81,6.06,5.36,6.85,7.92,5.61,77.83,70.46,61.32,0.24,,0.25,0.12,0.12,1.27,1.28,1.02,100.0,,-80.47,-88.24,0.37,
4414,如興,8.73,2026-07-09,年配,0.01,0.11,,0.01,,,,,,,,,0.11,,,,,,,,,,2.32,-12.7,-66.79,-19.78,-1.03,-8.6,-11.91,,,0.08,-0.66,-5.32,-2.31,-0.16,-1.36,-1.82,0.01,0.01,0.01,0.11,0.11,0.11,-5.19,-24.24,-16.93,,,,-1.2,,0.02,-0.26,0.01,0.08,-0.28,-0.27,-12100.0,,107.14,3.7,-1.19,
4426,利勤,8.26,2026-07-09,年配,0.0,0.0,,,,,,,,0.48,0.36,,,,,,,,5.81,4.36,,,-9.28,-1.57,-2.93,-12.72,-3.37,11.44,10.58,,,-1.36,-0.24,-0.46,-2.15,-0.63,2.26,2.07,,,0.42,,,5.08,-5.42,-6.62,-1.12,,,19.31,-0.28,,-2.33,-1.91,-0.34,-1.36,-0.94,-0.33,17.65,,-147.87,-478.79,-2.27,
4438,廣越,61.5,2026-07-09,年配,2.3,3.74,,2.3,3.2,5.2,6.8,4.2,3.2,7.5,6.0,,3.74,5.2,8.46,11.06,6.83,5.2,12.2,9.76,,,4.77,9.18,16.46,8.78,7.0,14.39,12.22,,,3.89,7.1,11.38,6.1,5.2,9.73,7.43,3.57,4.34,4.8,5.8,7.06,7.81,6.98,9.8,10.4,77.75,71.03,71.92,-0.04,,3.43,-1.6,-1.26,3.89,4.73,0.95,96.83,,-27.48,-268.42,4.65,
4439,冠星-KY,101.0,2026-07-09,年配,4.0,3.96,,4.0,2.0,4.0,7.0,4.5,6.5,8.0,,,3.96,1.98,3.96,6.93,4.46,6.44,7.92,,,,2.05,13.2,16.02,13.7,17.5,23.68,30.23,,,1.73,10.82,11.74,10.72,13.25,13.92,11.45,3.33,4.3,5.14,3.3,4.26,5.09,7.62,11.24,16.63,76.29,63.55,60.12,2.59,,7.71,3.97,2.05,1.73,3.63,2.83,26.34,,112.4,40.28,8.25,
4440,宜新實業,18.05,2026-07-09,年配,1.0,5.54,,1.0,1.6,1.0,3.0,4.0,0.5,2.0,3.0,,5.54,8.86,5.54,16.62,22.16,2.77,11.08,16.62,,,8.93,3.27,13.11,25.35,13.71,15.02,20.39,,,1.76,0.67,2.9,5.06,2.85,3.6,4.82,1.2,2.12,2.01,6.65,11.74,11.15,6.1,12.66,14.25,120.08,105.66,79.71,0.51,,0.54,0.35,-0.07,1.76,1.38,1.0,828.57,,-60.87,-65.0,1.12,
4441,振大環球,190.0,2026-07-09,年配,10.8,5.68,,10.8,10.3,7.2,5.95,3.15,,,,,5.68,5.42,3.79,3.13,1.66,,,,,,19.73,17.39,31.41,23.88,16.76,23.26,,,,15.41,12.33,18.75,10.47,5.51,7.04,,9.43,7.48,7.48,4.96,3.94,3.94,18.56,23.1,22.07,62.62,46.76,46.76,4.81,,11.38,5.24,4.71,15.41,,7.53,2.12,,,-30.41,11.48,
4526,東台,37.75,2026-07-09,年配,1.0,2.65,,1.0,,0.2,0.2,0.2,,0.2,0.3,,2.65,,0.53,0.53,0.53,,0.53,0.79,,,-19.12,2.26,2.53,2.81,-6.93,1.48,6.69,,,-3.56,0.2,0.36,0.68,-1.36,0.23,1.23,0.6,0.4,0.35,1.59,1.06,0.93,-8.43,-2.88,-1.47,100.0,61.66,59.26,-0.65,,2.61,2.56,0.14,-3.56,-1.52,-0.97,-564.29,,271.71,363.92,1.82,
4532,瑞智,26.05,2026-07-09,年配,1.5,5.76,,1.5,1.5004697,1.0,0.9,0.7,0.7,0.5,1.2,,5.76,5.76,3.84,3.45,2.69,2.69,1.92,4.61,,,9.58,7.39,6.6,5.01,7.33,6.75,12.04,,,2.02,1.5,1.38,1.08,1.41,1.3,2.2,1.33,1.12,1.0,5.12,4.3,3.84,8.48,7.14,7.81,70.47,67.74,59.09,0.48,,1.5,1.18,0.73,2.02,1.45,1.15,-34.25,,3.45,2.61,1.25,
4536,拓凱,171.5,2026-07-09,半年配,8.0,4.66,,8.0,11.0,8.5,11.0,6.0,5.0,6.0,5.5,,4.66,6.41,4.96,6.41,3.5,2.92,3.5,3.21,,,19.85,17.91,34.32,16.07,14.38,16.11,16.52,,,18.86,15.58,24.89,9.16,7.48,9.53,9.31,9.17,8.9,7.62,5.34,5.19,4.45,18.88,22.04,19.31,56.44,55.64,58.78,3.61,,12.08,8.22,5.11,18.86,12.15,8.63,-29.35,,-0.58,-4.75,10.58,
4540,全球傳動,59.3,2026-07-09,年配,0.0,0.0,,,,,1.5,1.3,0.8,,3.6,,,,,2.53,2.19,1.35,,6.07,,,-14.88,-3.08,8.44,7.52,2.97,-1.86,23.74,,,-4.97,-1.09,3.02,2.52,0.96,-0.64,6.93,,1.4,1.8,,2.36,3.04,-8.98,-0.5,3.26,,50.63,59.14,-0.19,,-1.08,-0.27,-0.69,-4.97,-3.54,-2.64,72.46,,69.49,89.77,-0.58,
4545,銘鈺,38.3,2026-07-09,年配,0.13,0.34,,0.13,1.65,1.0,1.5,0.7000000000000001,0.55,0.1,,,0.34,4.31,2.61,3.92,1.83,1.44,0.26,,,,9.44,4.42,8.96,5.23,1.76,0.82,-3.19,,,2.37,1.08,2.1,1.16,0.39,0.18,-0.74,0.93,1.0,0.8,2.42,2.6,2.1,6.93,7.01,3.92,81.1,73.5,81.76,0.21,,0.03,-0.21,0.4,2.37,2.3,1.65,-47.5,,-98.7,-112.73,-0.16,
4551,智伸科,229.5,2026-07-09,年配,4.2,1.83,,4.2,4.2,2.5,6.0,5.0,4.0,2.5,3.1,,1.83,1.83,1.09,2.61,2.18,1.74,1.09,1.35,,,11.39,6.4,18.17,18.01,16.79,20.72,17.22,,,8.29,4.47,12.2,10.47,7.19,7.6,6.1,3.63,4.38,3.94,1.58,1.91,1.72,8.9,13.49,15.53,53.3,50.88,48.98,2.7,,3.64,1.29,2.07,8.29,4.73,2.97,30.43,,-23.04,-56.57,4.27,
4552,力達-KY,19.65,2026-07-09,年配,0.6,3.05,,0.6,1.0,1.1,1.3,1.0,1.11,1.7,2.3,,3.05,5.09,5.6,6.62,5.09,5.65,8.65,11.7,,,2.27,6.83,7.95,6.84,5.02,7.35,15.34,,,1.19,3.46,3.84,3.13,2.22,3.22,7.7,0.9,1.0,1.26,4.58,5.09,6.43,4.55,5.97,7.37,57.91,45.4,44.9,0.12,,1.72,0.86,0.65,1.19,0.93,0.66,-81.54,,84.95,30.3,1.19,
4555,氣立,48.7,2026-07-09,年配,0.5,1.03,,0.5,0.5,0.5,1.55,1.8,1.5,0.6,2.0,,1.03,1.03,1.03,3.18,3.7,3.08,1.23,4.11,,,-1.75,-1.14,6.26,8.99,5.46,2.09,6.36,,,-0.86,-0.51,2.55,3.5,2.04,0.66,2.49,0.5,0.97,1.12,1.03,1.99,2.3,-1.44,3.09,3.75,-78.09,-10.99,28.68,0.04,,-0.02,-0.13,0.0,-0.86,-0.73,0.06,,,97.26,-316.67,0.02,
4557,永新-KY,49.6,2026-07-09,年配,2.0,4.03,,2.0,6.5,6.0,7.0,4.5,3.5,5.0,5.0,,4.03,13.1,12.1,14.11,9.07,7.06,10.08,10.08,,,19.1,18.26,26.39,12.41,9.06,13.79,14.32,,,10.19,9.02,12.11,5.16,3.61,5.41,5.19,4.83,5.2,4.94,9.74,10.48,9.95,18.68,19.04,16.19,65.16,68.83,80.15,0.11,,-2.24,4.5,2.58,10.19,7.37,4.37,-95.74,,-130.39,2.97,-4.71,
4560,強信-KY,34.3,2026-07-09,年配,2.0,5.83,,2.0,1.2,1.0,2.2,1.8,1.0,4.0,2.8,,5.83,3.5,2.92,6.41,5.25,2.92,11.66,8.16,,,7.71,4.04,14.32,12.42,4.68,17.38,20.09,,,2.04,1.06,3.7,2.95,1.12,4.38,4.76,1.4,1.64,2.0,4.08,4.78,5.83,5.88,9.62,11.52,76.58,68.41,73.3,0.76,,2.16,1.47,0.92,2.04,1.34,0.78,-17.39,,61.19,88.46,2.0,
4562,穎漢,34.0,2026-07-09,年配,0.0,0.0,,,,,,,,,1.5,,,,,,,,,4.41,,,-4.34,-7.84,-1.25,-13.12,-14.78,-5.21,11.74,,,-0.45,-0.92,-0.14,-2.01,-2.23,-0.95,2.21,,,1.5,,,4.41,-6.09,-6.64,-4.97,,,67.87,0.11,,-0.76,-0.61,0.04,-0.45,-0.41,-0.23,175.0,,-85.37,-165.22,-0.69,
4564,元翎,19.3,2026-07-09,年配,0.0,0.0,,,,,0.2,1.3,1.3,2.2,2.5,,,,,1.04,6.74,6.74,11.4,12.95,,,-8.54,-8.62,1.27,7.21,6.74,12.04,14.41,,,-1.74,-1.87,0.31,1.75,1.65,2.8,3.24,,0.75,1.5,,3.89,7.77,-8.58,-2.17,3.5,,69.4,74.67,-0.3,,-1.54,-1.08,-0.39,-1.74,-1.37,-1.0,23.08,,-12.41,-8.0,-1.45,
4566,時碩工業,62.1,2026-07-09,年配,0.68,1.1,,0.68274891,1.50335669,1.43739553,2.10918885,1.18476304,1.20168177,1.65,2.0,,1.1,2.42,2.31,3.4,1.91,1.94,2.66,3.22,,,4.67,7.21,14.51,7.14,4.57,10.2,11.6,,,2.56,3.04,5.74,2.35,1.49,3.29,3.33,1.21,1.38,1.47,1.94,2.23,2.37,5.94,8.38,8.56,53.0,48.29,54.86,0.37,,0.76,-0.19,0.8,2.56,2.86,2.62,-53.75,,-73.43,-107.25,0.33,
4569,六方科-KY,168.0,2026-07-09,年配,3.25,1.93,,3.25,5.6,4.5,5.5,6.3,,,,,1.93,3.33,2.68,3.27,3.75,,,,,,9.07,3.83,13.24,14.34,,,,,,7.91,3.26,10.65,10.97,,,,4.45,5.03,5.03,2.65,2.99,2.99,6.45,10.12,10.12,104.42,79.48,79.48,3.22,,3.23,0.73,2.48,7.91,6.63,5.05,29.84,,-51.28,-85.54,3.97,
4571,鈞興-KY,165.5,2026-07-09,年配,5.3,3.2,,5.3,5.2,3.1,3.6,4.50000085,3.6,3.3,1.1,,3.2,3.14,1.87,2.18,2.72,2.18,1.99,0.66,,,17.25,10.5,13.94,18.63,16.51,15.92,21.51,,,9.21,5.18,6.66,8.18,6.0,5.05,5.22,4.53,4.34,3.71,2.74,2.62,2.24,13.88,15.08,16.32,58.16,56.34,53.11,2.41,,7.33,4.77,3.0,9.21,6.81,4.92,-19.67,,7.64,-3.05,6.74,
4572,駐龍,147.5,2026-07-09,年配,5.0,3.39,,5.0,4.74358974,5.0,2.10614525,5.0,5.0,0.56,3.23333334,,3.39,3.22,3.39,1.43,3.39,3.39,0.38,2.19,,,14.29,13.39,10.66,3.02,1.71,13.7,21.27,,,7.29,6.21,5.13,1.5,0.92,6.74,8.01,4.91,4.37,3.83,3.33,2.96,2.6,13.84,10.34,11.15,72.79,130.0,158.88,0.92,,1.99,1.21,1.31,7.29,5.55,4.01,-29.77,,-64.14,-69.83,1.6,
4576,大銀微系統,218.0,2026-07-09,年配,0.8,0.37,,0.8,0.2,0.1,1.0,1.0,0.3,0.04,0.8,,0.37,0.09,0.05,0.46,0.46,0.14,0.02,0.37,,,2.22,0.97,9.86,8.8,4.41,1.33,11.18,,,0.51,0.04,2.73,2.48,1.14,0.32,2.39,0.37,0.62,0.53,0.17,0.29,0.24,1.6,5.46,5.54,144.61,91.54,62.64,0.96,,1.26,0.66,0.44,0.51,0.23,0.03,118.18,,447.83,2100.0,1.78,
4581,光隆精密-KY,50.5,2026-07-09,年配,3.0,5.94,,3.0,3.2,3.6,2.5,1.5,2.0,3.0,1.5,,5.94,6.34,7.13,4.95,2.97,3.96,5.94,2.97,,,15.39,20.14,12.33,9.21,8.47,12.73,22.29,,,5.02,6.0,3.34,2.38,2.06,3.09,4.93,3.27,2.76,2.54,6.47,5.47,5.03,17.76,14.27,14.37,61.88,65.41,69.46,0.88,,3.91,2.7,1.43,5.02,3.62,2.54,-38.46,,8.01,6.3,3.36,
4582,聚恆-創,26.3,2026-07-09,年配,0.9,3.42,,0.9,,,,,,,,,3.42,,,,,,,,,,,,,,,,,,,,,,,,,,0.9,0.9,0.9,3.42,3.42,3.42,,,,,,,0.53,,0.18,0.14,,,,,,,,,0.57,
4583,台灣精銳,606.0,2026-07-09,年配,10.0,1.65,,10.0,12.0,10.0,10.0,8.0,6.0,,,,1.65,1.98,1.65,1.65,1.32,0.99,,,,,11.31,8.89,12.83,11.47,9.64,10.5,,,,14.15,10.89,14.47,11.83,9.6,10.08,,10.67,10.0,9.33,1.76,1.65,1.54,10.1,11.12,10.77,88.32,78.34,75.17,3.56,,8.37,5.33,4.16,14.15,11.34,8.2,-14.42,,-26.19,-35.0,7.77,
4585,達明,318.0,2026-07-09,年配,1.0,0.31,,1.0,,,,,,,,,0.31,,,,,,,,,,5.45,0.67,9.04,3.57,,,,,,1.04,0.12,1.6,0.68,,,,1.0,1.0,1.0,0.31,0.31,0.31,3.06,4.68,4.68,,,,0.65,,0.81,0.4,0.73,1.04,,0.5,-10.96,,,-20.0,0.73,
4588,玖鼎電力,57.5,2026-07-09,年配,3.0,5.22,,3.0,3.0,3.0,1.0,,,,,,5.22,5.22,5.22,1.74,,,,,,,23.18,27.39,22.95,15.67,,,,,,4.22,4.03,2.73,1.67,,,,3.0,2.5,2.5,5.22,4.35,4.35,25.28,22.3,22.3,72.76,60.72,60.72,0.63,,1.88,0.95,0.27,4.22,2.76,1.92,133.33,,-31.88,-50.52,2.24,
4590,富田-創,90.4,2026-07-09,年配,2.3,2.54,,2.3,,,,,,,,,2.54,,,,,,,,,,,,,,,,,,,,,,,,,,2.3,2.3,2.3,2.54,2.54,2.54,,,,,,,1.21,,0.67,-0.77,,,,,,,,,2.65,
4720,德淵,23.55,2026-07-09,年配,0.4,1.7,,0.4,1.0,0.55,0.2,0.2,,,0.15,,1.7,4.25,2.34,0.85,0.85,,,0.64,,,10.11,4.2,1.82,2.75,8.19,4.03,2.77,,,1.5,0.74,0.2,0.3,0.78,0.5,0.35,0.65,0.47,0.42,2.76,2.0,1.77,7.15,4.72,4.84,70.5,76.92,70.1,0.2,,0.55,0.31,0.33,1.5,1.23,0.83,-39.39,,-55.28,-62.65,0.42,
4722,國精化,256.5,2026-07-09,年配,1.2,0.47,,1.2,1.4,1.0,1.9,2.2,2.0,1.8,1.8,,0.47,0.55,0.39,0.74,0.86,0.78,0.7,0.7,,,7.58,5.76,11.08,13.82,11.15,10.36,10.6,,,2.25,1.67,3.15,3.73,2.83,2.57,2.54,1.2,1.54,1.66,0.47,0.6,0.65,6.67,9.56,10.05,61.05,60.35,64.71,0.22,,1.33,0.52,0.51,2.25,1.82,1.27,-56.86,,-26.92,-59.06,1.04,
4736,泰博,126.0,2026-07-09,年配,5.0,3.97,,5.0,10.0,10.0,20.0,15.0,11.5,5.5,6.5,,3.97,7.94,7.94,15.87,11.9,9.13,4.37,5.16,,,12.81,10.94,39.35,28.68,28.34,15.94,24.97,,,12.15,10.67,36.03,21.35,17.08,8.03,11.05,8.33,12.0,10.44,6.62,9.52,8.28,11.88,22.94,23.0,88.01,75.45,70.92,2.99,,11.17,4.74,-0.16,12.15,8.09,7.05,1968.75,,38.07,-32.77,14.32,
4737,華廣,57.9,2026-07-09,年配,0.0,0.0,,,,2.0,2.1,2.0,2.06237678,1.51,2.0,,,,3.45,3.63,3.45,3.56,2.61,3.45,,,-6.49,0.32,4.42,4.31,3.09,5.28,6.28,,,-2.09,0.1,1.5,1.45,1.06,1.85,2.23,2.0,2.03,1.95,3.45,3.51,3.36,-3.08,0.64,2.46,2000.0,759.31,440.63,-1.09,,-1.31,-0.45,-0.21,-2.09,-1.55,-0.67,-419.05,,15.48,32.84,-2.19,
4739,康普,99.0,2026-07-09,年配,1.0,1.01,,1.0,0.95,0.8,3.0,3.0,1.2,1.2,3.202947,,1.01,0.96,0.81,3.03,3.03,1.21,1.21,3.24,,,3.49,-1.21,9.32,9.5,4.13,3.73,11.53,,,1.44,-0.93,4.72,4.67,1.73,1.4,4.63,0.92,1.75,1.79,0.93,1.77,1.81,1.14,5.28,5.78,-10.02,26.94,47.43,1.51,,0.54,-0.18,-0.23,1.44,1.27,0.93,756.52,,-57.48,-119.35,2.28,
4746,台耀,54.8,2026-07-09,年配,3.0,5.47,,3.0,3.0,2.0,1.0,2.0,,,0.5,,5.47,5.47,3.65,1.82,3.65,,,0.91,,,0.76,-0.65,2.82,16.19,6.76,-0.91,2.88,,,1.31,1.05,3.4,10.92,3.78,0.12,1.85,2.67,2.2,1.92,4.86,4.01,3.49,0.05,4.78,3.98,209.74,116.8,98.85,0.16,,2.44,-0.25,1.0,1.31,1.75,1.56,-84.0,,39.43,-116.03,1.6,
4755,三福化,131.5,2026-07-09,季配,3.7,2.81,,3.7,3.5,3.5,5.9,5.0,3.0,2.2,2.7,,2.81,2.66,2.66,4.49,3.8,2.28,1.67,2.05,,,9.09,9.79,19.32,16.88,11.5,10.33,13.06,,,4.1,4.41,8.43,6.69,4.36,3.58,4.38,3.57,4.32,3.69,2.71,3.28,2.8,9.44,13.77,12.85,82.37,77.37,71.62,1.01,,2.39,1.44,1.1,4.1,3.14,2.2,-8.18,,-23.89,-34.55,2.3,
4763,材料*-KY,47.6,2026-07-09,半年配,3.05,6.41,,3.05,51.0,11.5,9.7,5.5,5.5,4.7536818,4.0,,6.41,107.14,24.16,20.38,11.55,11.55,9.99,8.4,,,62.77,74.74,48.18,22.19,34.19,24.87,16.81,,,84.36,62.52,20.72,6.23,10.07,6.52,4.85,21.85,16.15,11.88,45.9,33.93,24.95,68.76,51.97,40.54,39.42,53.48,60.56,1.13,,4.94,3.78,20.53,84.36,57.36,44.89,-94.5,,-91.39,-91.58,-14.46,
4764,雙鍵,336.0,2026-07-09,半年配,1.0,0.3,,1.0,,,0.5,0.4,0.3,1.22176593,5.0,,0.3,,,0.15,0.12,0.09,0.36,1.49,,,-1.59,-3.77,2.6,4.73,2.74,7.99,25.65,,,-0.44,-1.0,0.71,1.32,0.81,2.53,8.06,1.0,0.63,1.4,0.3,0.19,0.42,-2.68,0.49,5.48,,50.36,49.62,1.03,,0.62,0.38,0.37,-0.44,-0.71,-0.45,178.38,,187.32,184.44,1.28,
4766,南寶,339.5,2026-07-09,季配,18.0,5.3,,18.0,19.0,15.0,10.0,6.0,7.0,6.0,5.0,,5.3,5.6,4.42,2.95,1.77,2.06,1.77,1.47,,,18.28,17.0,11.67,6.77,11.65,12.58,7.76,,,22.26,20.14,14.44,7.26,10.12,10.19,6.15,17.33,13.6,10.75,5.11,4.01,3.17,17.64,13.43,12.24,79.91,77.93,74.44,6.55,,15.6,10.64,6.05,22.26,16.91,11.43,8.26,,-7.75,-6.91,16.1,
4770,上品,217.5,2026-07-09,年配,6.0,2.76,,6.0,12.0,12.0,12.0,8.0,4.3,4.0,,,2.76,5.52,5.52,5.52,3.68,1.98,1.84,,,,21.95,23.75,28.96,23.03,19.39,19.22,,,,21.68,21.22,22.54,13.94,7.65,7.3,,10.0,10.0,8.33,4.6,4.6,3.83,22.85,24.42,22.72,55.95,55.63,55.59,2.52,,8.4,5.35,2.6,21.68,16.42,11.15,-3.08,,-48.84,-52.02,8.32,
4771,望隼,213.0,2026-07-09,年配,7.0,3.29,,7.0,5.57,3.57,2.5,1.5,,,,,3.29,2.62,1.68,1.17,0.7,,,,,,24.77,32.32,16.53,17.93,13.0,8.9,,,,11.81,10.77,6.02,4.64,2.94,2.49,,5.38,4.03,4.03,2.53,1.89,1.89,28.54,22.89,18.91,40.16,38.54,38.54,3.66,,9.2,5.9,3.32,11.81,8.89,6.41,10.24,,3.49,-7.96,9.54,
4807,日成-KY,37.65,2026-07-09,年配,0.0,0.0,,,,,0.45,1.66,0.5,,4.0,,,,,1.2,4.41,1.33,,10.62,,,-6.79,-17.24,4.24,13.12,9.16,-9.76,29.29,,,-1.56,-4.12,0.85,3.32,2.31,-3.83,5.41,,1.06,1.65,,2.8,4.39,-12.01,-1.67,3.15,,51.47,49.63,1.7,,-0.56,-1.13,-0.25,-1.56,-2.16,-1.38,780.0,,74.07,18.12,1.39,
4904,遠傳,95.0,2026-07-09,年配,3.81,4.01,,3.81,3.56,3.25,3.25,3.25,3.25,3.209,3.75,,4.01,3.75,3.42,3.42,3.42,3.42,3.38,3.95,,,14.11,14.55,14.9,13.75,12.16,12.18,13.05,,,3.56,3.42,2.95,2.8,2.56,2.68,2.88,3.54,3.42,3.42,3.73,3.6,3.6,14.33,14.33,13.53,97.52,105.32,114.02,1.03,,2.79,1.83,0.9,3.56,2.55,1.67,14.44,,9.41,9.58,2.92,
4906,正文,39.9,2026-07-09,年配,0.5,1.25,,0.5,1.5,1.5,1.5,1.5,2.0,,,,1.25,3.76,3.76,3.76,3.76,5.01,,,,,4.83,4.11,5.9,6.4,15.58,2.42,-0.24,,,1.56,1.55,1.7,1.89,3.86,0.57,-0.07,1.17,1.3,1.42,2.92,3.26,3.55,4.47,5.31,5.57,96.46,90.13,82.47,-0.32,,-0.45,-0.82,0.15,1.56,1.14,0.92,-313.33,,-139.47,-189.13,-0.92,
4912,聯德控股-KY,86.5,2026-07-09,季配,1.48,1.71,1.0,0.9299999999999999,1.7079999999999997,1.665,2.5,4.0,4.0,2.5,2.5,1.16,1.08,1.97,1.92,2.89,4.62,4.62,2.89,2.89,,,11.56,7.96,13.44,16.42,19.94,13.65,23.21,,,6.46,4.18,6.27,7.51,9.57,5.47,9.67,1.43,2.16,2.48,1.66,2.5,2.86,9.76,12.34,15.17,33.14,39.85,38.96,1.35,,2.73,1.72,1.13,6.46,5.01,2.89,19.47,,-45.51,-40.48,2.95,
4915,致伸,68.8,2026-07-09,年配,4.57,6.64,,4.568,4.2,4.0,3.9,3.1,3.0,2.4,2.4,,6.64,6.1,5.81,5.67,4.51,4.36,3.49,3.49,,,14.01,14.09,16.52,14.98,12.96,15.36,13.69,,,5.61,5.5,6.1,5.13,4.3,4.8,4.12,4.26,3.95,3.45,6.18,5.75,5.01,14.05,14.9,14.52,73.8,67.99,64.28,1.3,,4.76,3.21,1.61,5.61,4.58,2.88,-19.25,,3.93,11.46,4.45,
4916,事欣科,108.0,2026-07-09,年配,0.5,0.46,,0.5,0.4,0.4,0.4,0.5,0.5,2.0,2.5,,0.46,0.37,0.37,0.37,0.46,0.46,1.85,2.31,,,0.07,4.62,7.41,8.78,-7.16,3.14,7.87,,,0.02,0.87,1.21,1.29,-1.78,4.02,3.06,0.43,0.44,0.9,0.4,0.41,0.83,2.35,5.22,3.53,1022.99,529.45,317.31,4.49,,1.14,0.62,0.6,0.02,-0.66,-0.92,648.33,,272.73,167.39,5.03,
4919,新唐,162.5,2026-07-09,年配,0.0,0.0,,,0.4,3.0,7.0,5.0,0.8,1.2,2.5,,,0.25,1.85,4.31,3.08,0.49,0.74,1.54,,,1.36,14.11,25.49,21.72,5.63,10.04,19.21,,,0.52,5.77,10.06,7.27,1.81,2.53,3.42,1.7,3.85,2.84,1.05,2.37,1.75,7.74,15.67,13.94,64.46,66.82,61.71,0.02,,-2.31,-1.09,0.52,0.52,0.67,0.92,-96.15,,-444.78,-218.48,-2.81,
4927,泰鼎-KY,40.85,2026-07-09,年配,0.0,0.0,,,,,2.0,4.0,3.0,3.0,2.556,,,,,4.9,9.79,7.34,7.34,6.26,,,-26.2,-10.69,11.36,18.34,15.94,12.35,16.0,,,-9.21,-4.2,4.6,7.25,6.31,4.46,5.45,,3.0,2.91,,7.34,7.13,-18.44,-1.8,5.3,,49.32,52.07,-3.1,,-4.9,-2.64,-1.34,-9.21,-5.98,-3.29,-131.34,,18.06,19.76,-6.66,
4930,燦星網,16.9,2026-07-09,年配,0.6,3.55,,0.6,1.6,2.3,2.0,4.8,3.5,,,,3.55,9.47,13.61,11.83,28.4,20.71,,,,,6.75,10.0,8.67,12.34,10.47,5.56,-4.47,,,2.67,3.61,3.2,3.19,2.23,0.46,-1.48,1.5,2.26,2.47,8.88,13.37,14.6,8.38,9.44,7.05,61.82,84.15,98.71,-0.5,,0.54,0.19,0.42,2.67,1.97,1.24,-219.05,,-72.59,-84.68,-0.38,
4934,太極,17.25,2026-07-09,年配,0.0,0.0,,,,,,,,,,,,,,,,,,,,,-31.62,-7.93,-1.7,-51.69,-0.3,-23.46,-56.05,,,-2.07,-0.13,0.49,-4.19,0.01,-2.42,-5.17,,,,,,,-19.77,-23.24,-24.68,,,,-0.2,,-0.67,-0.5,-0.27,-2.07,-0.8,-0.41,25.93,,16.25,-21.95,-0.6,
4935,茂林-KY,36.15,2026-07-09,年配,1.0,2.77,,1.0,2.2,1.5,4.0,5.0,5.5,1.5,0.8,,2.77,6.09,4.15,11.07,13.83,15.21,4.15,2.21,,,6.36,4.07,13.07,17.16,20.19,5.61,2.78,,,4.1,2.57,8.05,9.74,10.35,2.63,1.29,1.57,2.74,2.69,4.34,7.58,7.44,5.22,10.16,9.89,56.02,53.26,55.03,0.4,,1.03,0.41,0.37,4.1,3.04,2.27,8.11,,-66.12,-81.94,1.06,
4938,和碩,82.7,2026-07-09,年配,4.0,4.84,,4.0,4.5,4.0,4.0,5.0,4.5,4.5,3.5,,4.84,5.44,4.84,4.84,6.05,5.44,5.44,4.23,,,8.27,7.98,10.35,12.73,11.43,9.63,6.07,,,6.34,5.9,5.66,7.71,7.73,7.4,4.25,4.17,4.3,4.25,5.04,5.2,5.14,8.12,9.83,9.49,69.39,68.57,67.95,0.58,,3.42,1.72,1.62,6.34,4.93,3.32,-64.2,,-30.63,-48.19,2.38,
4942,嘉彰,37.3,2026-07-09,年配,2.0,5.36,,2.0,2.0,2.3,2.5,3.0,2.5,2.5,2.5,,5.36,5.36,6.17,6.7,8.04,6.7,6.7,6.7,,,6.71,7.26,7.89,11.74,9.26,9.18,9.36,,,4.17,4.32,4.53,6.38,4.76,4.57,4.5,2.1,2.36,2.41,5.63,6.33,6.47,6.98,8.4,8.77,50.6,50.85,52.31,0.52,,1.77,0.93,0.61,4.17,2.97,2.53,-14.75,,-40.4,-63.24,1.68,
4943,康控-KY,8.6,2026-07-09,年配,0.0,0.0,,,,,,,0.1,0.5,5.5,,,,,,,1.16,5.81,63.95,,,-53.45,-188.07,-183.17,-118.76,-3.52,8.44,25.32,,,-1.24,-2.84,-8.23,-24.11,-0.93,3.28,8.28,,,2.03,,,23.64,-120.76,-135.86,-73.32,,,23.64,-0.23,,-1.51,-1.93,-0.72,-1.24,-0.8,-0.51,68.06,,-88.75,-278.43,-1.02,
4949,有成精密,79.0,2026-07-09,年配,1.4,1.77,,1.4,1.1,2.4,2.5,0.2,0.3,,,,1.77,1.39,3.04,3.16,0.25,0.38,,,,,-5.71,12.36,43.8,6.6,10.37,9.04,6.8,,,-1.4,3.2,10.14,1.15,1.7,1.37,0.96,1.63,1.52,1.32,2.07,1.92,1.66,3.32,14.26,11.89,-1.78,9.62,11.22,1.19,,1.48,0.76,0.4,-1.4,-1.92,-1.76,197.5,,177.08,143.18,2.27,
4952,凌通,57.8,2026-07-09,年配,1.0,1.73,,1.0,2.25,1.3,5.0,5.4,2.4,1.68,2.26,,1.73,3.89,2.25,8.65,9.34,4.15,2.91,3.91,,,11.33,7.28,23.17,28.57,13.67,10.9,13.47,,,2.27,1.54,5.32,6.05,2.59,2.05,2.61,1.52,2.99,2.66,2.62,5.17,4.6,9.3,17.59,15.48,91.77,91.7,89.71,0.5,,1.01,0.94,0.42,2.27,2.21,1.66,19.05,,-54.3,-43.37,1.09,
4956,光鋐,36.6,2026-07-09,年配,0.0,0.0,,,,,,0.4,,,,,,,,,1.09,,,,,,-1.24,-7.75,-3.77,7.58,0.89,-6.76,-3.84,,,-0.21,-1.38,-0.72,1.44,0.16,-1.26,-0.77,,0.4,0.4,,1.09,1.09,-4.5,-1.3,-2.13,,27.78,27.78,0.24,,-1.03,-0.99,-0.22,-0.21,-0.11,-0.11,209.09,,-836.36,-800.0,-0.57,
4958,臻鼎-KY,588.0,2026-07-09,年配,3.45,0.59,,3.45,4.8,3.275,6.0,5.0,4.5,4.5,4.459774,,0.59,0.82,0.56,1.02,0.85,0.77,0.77,0.76,,,9.15,7.06,16.67,12.59,11.84,14.72,17.3,,,9.67,6.55,15.02,10.21,8.9,9.93,10.5,3.84,4.5,4.5,0.66,0.77,0.77,8.1,11.37,12.76,49.82,47.14,46.7,1.33,,3.79,1.3,0.66,9.67,5.08,1.55,101.52,,-25.39,-16.13,4.46,
4960,誠美材,23.65,2026-07-09,半年配,0.0,0.0,,,,,0.25493723,0.5,,,,,,,,1.08,2.11,,,,,,-2.95,-5.77,4.31,7.6,-0.95,-6.37,-7.63,,,-0.47,-0.99,0.69,1.15,-0.13,-1.03,-0.98,,0.38,0.38,,1.6,1.6,-4.36,0.8,-1.68,,40.22,40.22,-0.27,,-2.11,-1.72,-0.41,-0.47,-0.41,-0.01,34.15,,-414.63,-17100.0,-1.97,
4961,天鈺,176.0,2026-07-09,年配,7.72,4.39,,7.72,12.87,10.64,8.5,17.0,2.5,1.0,1.3,,4.39,7.31,6.05,4.83,9.66,1.42,0.57,0.74,,,11.43,11.18,16.97,54.01,14.43,8.21,11.09,,,16.08,13.29,16.49,33.83,4.07,1.92,2.43,10.41,11.35,7.69,5.92,6.45,4.37,11.3,23.4,18.19,80.05,65.48,61.27,1.86,,8.08,5.88,3.26,16.08,12.28,8.08,-42.94,,-34.2,-27.23,6.68,
4967,十銓,233.0,2026-07-09,年配,10.0,4.29,,10.0,3.0,2.0,1.0,,1.1,0.11,2.0,,4.29,1.29,0.86,0.43,,0.47,0.05,0.86,,,16.97,11.09,0.02,-4.77,11.11,0.73,18.89,,,6.8,3.38,0.01,-1.02,2.06,0.11,3.04,5.0,4.0,2.74,2.15,1.72,1.18,14.03,5.83,7.72,51.64,3367.76,1720.41,27.0,,3.47,1.12,1.0,6.8,7.51,5.93,2600.0,,-53.79,-81.11,29.47,
4968,立積,111.5,2026-07-09,年配,1.6,1.43,,1.6,1.1,,,3.5,4.0,1.94,1.492018,,1.43,0.99,,,3.14,3.59,1.74,1.34,,,6.58,-9.72,2.31,20.31,48.75,15.0,16.17,,,1.73,-2.46,0.62,5.26,13.82,3.13,2.93,1.35,2.07,2.27,1.21,1.85,2.04,-1.57,4.87,14.2,63.58,65.06,54.39,0.58,,1.37,-0.04,0.28,1.73,0.95,1.14,107.14,,44.21,-103.51,1.67,
4976,佳凌,38.3,2026-07-09,年配,0.0,0.0,,,,,,,,,,,,,,,,,,,,,-3.14,-9.96,-4.53,0.27,-3.47,-5.45,2.95,,,-0.57,-1.91,-0.93,0.05,-0.5,-0.81,0.44,,,,,,,-6.55,-4.34,-3.33,,,,-0.49,,-1.39,-0.87,-0.16,-0.57,-0.08,0.12,-206.25,,-1637.5,-825.0,-1.72,
4977,眾達-KY,152.5,2026-07-09,年配,2.25,1.48,,2.25,2.260875,2.2,2.5,3.2,5.9,3.5,3.5,,1.48,1.48,1.44,1.64,2.1,3.87,2.3,2.3,,,6.71,8.69,13.96,10.25,21.98,12.68,15.19,,,3.28,4.26,6.2,3.88,8.02,4.22,4.5,2.24,2.48,3.16,1.47,1.63,2.08,7.7,9.9,12.78,60.28,60.84,68.24,-1.18,,3.53,2.51,-1.29,3.28,1.24,0.13,8.53,,184.68,1830.77,3.64,
4989,榮科,91.8,2026-07-09,季配,0.0,0.0,,,,,0.5,1.5,0.6,0.6,1.6,,,,,0.54,1.63,0.65,0.65,1.74,,,-14.73,-5.84,8.45,25.25,1.66,1.55,12.37,,,-2.22,-0.97,1.47,3.77,0.22,0.22,1.88,,1.0,0.96,,1.08,1.04,-10.28,3.28,4.1,,36.9,140.87,0.13,,-3.34,-2.49,-0.66,-2.22,-1.12,-0.2,119.7,,-198.21,-1145.0,-2.55,
4994,傳奇,91.0,2026-07-09,年配,3.0,3.3,,3.0,5.0,4.0,0.5,1.5,3.0,,,,3.3,5.49,4.4,0.55,1.65,3.3,,,,,26.52,11.63,3.37,8.01,26.74,40.39,-25.17,,,4.78,1.69,0.48,1.23,3.91,4.48,-2.6,4.0,2.8,2.83,4.4,3.08,3.12,19.08,12.38,13.07,170.64,141.85,128.83,0.42,,1.71,1.22,0.82,4.78,3.71,2.52,-48.78,,-53.91,-51.59,1.31,
4999,鑫禾,20.05,2026-07-09,年配,0.25,1.25,,0.25,1.0,1.0,1.75,2.0,3.0,2.5,3.2,,1.25,4.99,4.99,8.73,9.98,14.96,12.47,15.96,,,2.1,0.11,5.85,5.18,12.31,6.19,14.54,,,0.97,0.05,2.77,2.44,5.66,2.78,6.33,0.75,1.2,1.84,3.74,5.99,9.17,1.1,3.31,6.61,1051.54,562.06,348.82,-0.54,,-1.35,-1.16,-0.15,0.97,0.55,0.7,-260.0,,-345.45,-265.71,-1.74,
5007,三星,55.8,2026-07-09,年配,3.0,5.38,,3.0,3.0,3.0,3.0,3.0,2.0,2.0,3.0,,5.38,5.38,5.38,5.38,5.38,3.58,3.58,5.38,,,14.37,14.09,15.65,15.06,9.49,12.76,17.67,,,3.58,3.38,3.6,3.33,2.04,2.77,3.8,3.0,3.0,2.75,5.38,5.38,4.93,14.23,14.79,14.16,86.28,86.5,85.02,0.91,,2.04,1.3,0.9,3.58,2.9,2.04,1.11,,-29.66,-36.27,2.05,
5203,訊連,68.2,2026-07-09,年配,3.6,5.28,,3.6,3.9,2.8,2.3,1.72,2.26,3.6,3.0,,5.28,5.72,4.11,3.37,2.52,3.31,5.28,4.4,,,6.86,4.88,4.99,-17.26,4.71,9.47,8.56,,,3.98,2.81,2.34,-7.21,2.26,4.53,3.88,3.43,2.86,2.9,5.04,4.2,4.25,5.87,-0.13,3.17,98.82,68.02,75.55,1.34,,2.58,0.91,1.29,3.98,2.89,2.34,3.88,,-10.73,-61.11,2.63,
5215,科嘉-KY,42.05,2026-07-09,年配,2.0,4.76,,2.0,2.5,1.5,2.0,5.0,8.67,3.28,2.5,,4.76,5.95,3.57,4.76,11.89,20.62,7.8,5.95,,,6.97,5.34,8.43,17.78,30.99,12.03,9.23,,,3.74,2.75,4.62,8.76,13.11,4.56,3.4,2.0,2.6,3.43,4.76,6.19,8.16,6.15,9.63,12.97,60.7,55.44,61.91,0.87,,1.4,-0.12,0.47,3.74,2.83,1.93,85.11,,-50.53,-106.22,1.8,
5222,全訊,123.0,2026-07-09,年配,2.5,2.03,,2.5,4.0,4.0,3.0,3.5,1.5,3.0,0.5,,2.03,3.25,3.25,2.44,2.85,1.22,2.44,0.41,,,16.76,20.49,12.52,17.19,22.9,29.54,13.23,,,4.84,5.88,3.71,4.04,4.42,3.84,1.46,3.5,3.4,2.75,2.84,2.76,2.24,18.62,16.74,18.95,75.34,79.54,66.35,0.22,,1.89,1.32,0.91,4.84,3.78,2.53,-75.82,,-50.0,-47.83,1.2,
5225,東科-KY,73.9,2026-07-09,年配,7.21,9.76,,7.20999801,10.47151662,6.61466011,3.1,0.6,,0.51,1.3,,9.76,14.17,8.95,4.19,0.81,,0.69,1.76,,,29.48,20.94,18.92,25.84,-44.29,17.29,15.37,,,12.68,8.02,6.03,6.03,-11.09,5.04,4.05,8.1,5.6,4.26,10.96,7.58,5.76,25.21,23.8,11.94,82.53,56.6,44.77,1.54,,9.66,5.52,2.5,12.68,10.62,6.08,-38.4,,-9.04,-9.21,8.7,
5234,達興材料,380.5,2026-07-09,年配,6.5,1.71,,6.5,5.0,4.1,3.3,5.3,5.0,5.0,5.0,,1.71,1.31,1.08,0.87,1.39,1.31,1.31,1.31,,,17.78,17.21,14.17,22.8,22.22,23.96,26.42,,,5.56,5.1,4.15,6.62,6.15,6.33,6.38,5.2,4.84,4.9,1.37,1.27,1.29,17.5,17.99,20.65,85.16,82.48,81.22,2.21,,5.33,3.43,1.88,5.56,3.81,2.51,17.55,,39.9,36.65,5.66,
5243,乙盛-KY,97.8,2026-07-09,年配,2.2,2.25,,2.2,1.5,1.6,1.6,1.4,1.7,1.6,1.5,,2.25,1.53,1.64,1.64,1.43,1.74,1.64,1.53,,,7.54,8.38,12.46,7.79,7.81,8.53,6.36,,,3.36,3.55,4.75,2.75,2.74,2.96,2.14,1.77,1.66,1.64,1.81,1.7,1.68,7.96,9.04,8.41,44.86,43.58,51.5,1.47,,3.37,2.16,1.0,3.36,2.37,1.41,47.0,,42.19,53.19,3.84,
5244,弘凱,34.1,2026-07-09,年配,0.4,1.17,,0.4,1.5,1.2,1.5,3.0,2.0,1.5,1.0,,1.17,4.4,3.52,4.4,8.8,5.87,4.4,2.93,,,9.54,9.95,12.12,25.91,20.19,13.5,9.42,,,2.46,2.4,2.58,5.05,3.43,2.11,1.48,1.03,1.52,1.51,3.03,4.46,4.44,9.74,14.38,14.38,55.49,57.13,60.79,-0.48,,0.64,0.22,0.43,2.46,1.71,1.07,-211.63,,-62.57,-79.44,-0.27,
5258,虹堡,52.8,2026-07-09,年配,1.0,1.89,,1.0,2.5,1.2,0.8,0.53925377,0.6,,,,1.89,4.73,2.27,1.52,1.02,1.14,,,,,17.26,27.48,34.71,14.72,14.56,3.35,-23.93,,,6.35,8.65,8.19,2.51,2.23,0.19,-4.97,1.57,1.21,1.11,2.96,2.29,2.1,22.37,23.54,12.59,26.62,21.12,22.28,-0.61,,1.56,0.3,0.28,6.35,4.59,3.21,-317.86,,-66.01,-90.65,0.67,
5269,祥碩,1480.0,2026-07-09,年配,45.0,3.04,,45.0,30.0,20.0,20.0,26.0,24.0,13.8,12.0,,3.04,2.03,1.35,1.35,1.76,1.62,0.93,0.81,,,14.09,12.77,16.57,21.02,35.1,39.32,46.96,,,51.57,32.19,37.86,46.23,44.16,16.08,15.93,31.67,28.2,23.85,2.14,1.91,1.61,13.43,16.11,26.55,60.15,57.34,63.55,24.85,,52.62,31.41,16.39,51.57,39.03,25.97,51.62,,34.82,20.95,61.08,
5283,禾聯碩,53.0,2026-07-09,半年配,0.4,0.75,,0.4,0.5,8.0,8.0,8.0,8.0,8.0,9.0,,0.75,0.94,15.09,15.09,15.09,15.09,15.09,16.98,,,10.92,13.53,18.07,19.77,24.63,22.54,27.78,,,6.4,7.78,10.21,10.69,12.73,10.73,12.13,2.97,4.98,6.24,5.59,9.39,11.76,12.22,15.57,19.61,55.32,65.96,67.92,0.16,,4.23,2.43,-0.16,6.4,5.43,2.3,200.0,,-22.1,5.65,4.55,
5284,jpp-KY,330.0,2026-07-09,半年配,5.0,1.52,,5.0,1.5,5.0,2.8,2.3,2.1,1.9,2.6,,1.52,0.45,1.52,0.85,0.7,0.64,0.58,0.79,,,2.14,17.92,13.0,7.12,6.26,5.16,9.45,,,1.02,8.33,5.45,3.0,2.65,2.31,3.74,3.83,3.32,2.9,1.16,1.01,0.88,10.03,10.04,8.72,103.54,83.78,80.88,4.13,,9.16,4.61,2.51,1.02,-0.53,-1.03,64.54,,1828.3,547.57,10.78,
5285,界霖,96.0,2026-07-09,年配,1.5,1.56,,1.5,2.0,2.0,3.5,4.0,2.5,0.8,3.6,,1.56,2.08,2.08,3.65,4.17,2.6,0.83,3.75,,,8.76,5.97,13.46,17.27,5.39,9.32,17.77,,,2.52,1.75,4.08,4.82,1.37,2.46,4.54,1.83,2.6,2.49,1.91,2.71,2.59,7.36,11.36,11.13,96.83,90.61,93.82,1.0,,1.0,0.46,0.43,2.52,1.67,1.61,132.56,,-40.12,-71.43,1.57,
5288,豐祥-KY,190.0,2026-07-09,半年配,6.5,3.42,,6.5,8.69,7.81,7.1,4.5,4.0,5.5,5.0,,3.42,4.57,4.11,3.74,2.37,2.11,2.89,2.63,,,20.42,21.77,24.04,19.45,18.01,21.0,20.15,,,17.01,15.6,14.29,9.53,8.4,9.5,8.35,7.67,6.92,6.14,4.03,3.64,3.23,21.1,21.42,20.69,50.58,49.52,51.92,3.59,,8.74,5.22,3.78,17.01,10.83,8.37,-5.03,,-19.3,-37.63,8.55,
5292,華懋,192.5,2026-07-09,年配,5.5,2.86,,5.5,4.5,4.5,3.0,1.5,2.0,2.0,,,2.86,2.34,2.34,1.56,0.78,1.04,1.04,,,,24.04,25.63,30.44,23.55,21.48,14.48,12.48,,,9.86,9.75,7.9,5.42,4.33,2.8,3.11,4.83,3.8,3.29,2.51,1.98,1.71,24.84,25.92,21.73,45.9,39.36,45.84,2.58,,6.88,4.65,2.64,9.86,6.71,4.48,-2.27,,2.53,3.79,6.82,
5306,桂盟,86.5,2026-07-09,季配,3.81,4.4,1.07462833,3.7456754400000003,4.36154388,3.5325791300000002,9.0,9.0,7.2,4.5,4.5,1.24,4.33,5.04,4.08,10.4,10.4,8.32,5.2,5.2,,,11.48,9.78,27.33,31.02,25.93,19.47,19.22,,,7.27,5.89,15.26,15.94,12.02,8.0,7.52,3.88,5.93,5.73,4.48,6.85,6.62,10.63,19.9,20.6,59.98,58.85,58.77,1.79,,6.27,4.54,3.11,7.27,5.83,3.28,-42.44,,7.55,38.41,4.95,
5388,中磊,84.6,2026-07-09,年配,2.5,2.96,,2.5,4.6,5.0,4.5,2.4,2.6,3.0,2.5,,2.96,5.44,5.91,5.32,2.84,3.07,3.55,2.96,,,15.4,20.76,21.15,10.8,11.7,14.09,11.92,,,7.74,9.17,7.57,3.44,3.66,4.21,3.32,4.03,3.8,3.39,4.77,4.49,4.01,18.08,17.03,15.12,56.98,60.8,65.83,1.01,,3.15,2.15,1.02,7.74,6.02,4.19,-0.98,,-47.67,-48.69,3.14,
5434,崇越,509.0,2026-07-09,年配,13.5,2.65,,13.5,12.0,10.0,10.0,8.8,8.0,6.5,5.3,,2.65,2.36,1.96,1.96,1.73,1.57,1.28,1.04,,,21.98,19.94,24.46,20.48,20.53,18.95,17.09,,,19.29,15.36,16.61,12.63,11.38,9.48,7.73,11.83,10.86,9.26,2.32,2.13,1.82,20.96,21.72,20.49,63.66,64.3,66.37,6.86,,15.45,9.69,4.91,19.29,14.45,9.52,39.71,,6.92,1.79,17.4,
5469,瀚宇博,80.6,2026-07-09,年配,2.52,3.13,,2.52,2.5,1.6,2.4,2.2,2.2,1.8,1.0,,3.13,3.1,1.99,2.98,2.73,2.73,2.23,1.24,,,9.94,10.74,11.6,14.77,10.92,10.23,6.82,,,5.91,5.07,6.07,7.05,6.15,6.05,3.55,2.21,2.24,2.03,2.74,2.79,2.52,10.34,11.76,10.72,36.93,36.15,34.04,1.23,,4.93,2.67,1.52,5.91,4.31,2.75,-19.08,,14.39,-2.91,4.64,
5471,松翰,67.6,2026-07-09,年配,0.8,1.18,,0.8,1.0,1.2,2.5,7.0,5.7,2.1,1.48,,1.18,1.48,1.78,3.7,10.36,8.43,3.11,2.19,,,5.06,5.19,14.59,35.54,29.69,11.44,11.49,,,1.07,1.11,3.45,8.71,6.11,2.03,2.02,1.0,2.5,2.72,1.48,3.7,4.03,5.12,15.1,16.14,100.78,88.6,89.2,0.48,,0.5,0.26,0.23,1.07,0.86,0.72,108.7,,-41.86,-63.89,0.75,
5484,慧友,49.3,2026-07-09,年配,0.0,0.0,,,,,,,,,,,,,,,,,,,,,-10.65,-7.97,-13.71,-6.19,-8.33,-15.62,-23.29,,,-0.9,-0.73,-1.26,-0.63,-0.71,-1.49,-1.59,,,,,,,-9.31,-9.63,-12.25,,,,0.33,,-0.69,-1.09,-0.64,-0.9,-0.71,-0.26,151.56,,2.82,-319.23,0.28,
5515,建國,41.2,2026-07-09,年配,3.3,8.01,,3.3,2.15,1.0,1.0,1.0,0.8,0.5,0.5,,8.01,5.22,2.43,2.43,2.43,1.94,1.21,1.21,,,13.93,7.06,3.9,8.87,8.53,3.85,4.21,,,2.91,1.34,0.72,1.57,1.43,0.57,0.62,2.15,1.69,1.28,5.22,4.1,3.11,10.5,8.44,7.19,74.26,87.77,82.2,1.96,,2.91,0.7,0.46,2.91,1.98,1.3,326.09,,46.97,-46.15,4.41,
5519,隆大,34.45,2026-07-09,年配,3.3,9.58,,3.3,3.0,2.2,2.1,2.0,1.8,1.35,1.0,,9.58,8.71,6.39,6.1,5.81,5.22,3.92,2.9,,,15.28,15.43,18.75,13.34,10.56,12.56,13.09,,,3.9,3.69,4.13,2.73,2.07,2.43,2.41,2.83,2.52,2.09,8.23,7.32,6.08,15.36,15.7,14.14,68.27,65.16,63.52,0.58,,4.31,0.79,0.56,3.9,1.87,1.69,3.57,,130.48,-53.25,4.33,
5521,工信,10.6,2026-07-09,年配,0.15,1.42,,0.15,,,,,0.13,,,,1.42,,,,,1.23,,,,,0.18,1.26,0.2,0.63,19.94,-0.5,-1.78,,,0.02,0.14,0.02,0.07,2.26,-0.07,-0.2,0.15,0.15,0.14,1.42,1.42,1.32,0.72,0.57,2.85,,,5.75,0.13,,0.37,0.14,-0.02,0.02,0.01,-0.19,750.0,,3600.0,173.68,0.52,
5522,遠雄,64.7,2026-07-09,半年配,5.5,8.5,,5.5,3.1,3.5,5.0,5.5,4.5,3.5,3.0,,8.5,4.79,5.41,7.73,8.5,6.96,5.41,4.64,,,7.35,8.24,12.35,14.13,9.21,7.6,4.81,,,4.32,4.76,7.04,7.78,4.86,3.89,2.42,4.03,4.52,4.2,6.23,6.99,6.49,7.8,10.52,9.1,72.65,71.75,84.79,1.76,,1.74,-0.59,-0.24,4.32,3.42,1.89,833.33,,-49.12,-131.22,3.74,
5525,順天,21.85,2026-07-09,年配,1.2,5.49,,1.2,0.8,1.2,1.5,0.3,0.5,0.5,2.0,,5.49,3.66,5.49,6.86,1.37,2.29,2.29,9.15,,,11.27,13.6,14.26,-1.27,0.96,8.49,21.42,,,2.06,2.5,2.39,-0.2,0.17,1.66,4.31,1.07,1.0,1.0,4.88,4.57,4.58,12.43,9.46,9.82,43.42,-0.1,52.89,1.0,,-0.24,-0.16,-0.12,2.06,1.17,0.83,933.33,,-120.51,-119.28,0.88,
5531,鄉林,7.95,2026-07-09,年配,0.0,0.0,,,,,,,,,,,,,,,,,,,,,-3.63,-3.59,-14.57,-6.48,0.86,5.72,-0.24,,,-0.12,-0.2,-1.41,-0.6,0.17,0.07,0.17,,,,,,,-3.61,-7.07,-3.13,,,,0.07,,-0.13,-0.51,-0.27,-0.12,-0.5,-0.75,125.93,,74.0,32.0,0.21,
5533,皇鼎,13.55,2026-07-09,年配,0.6,4.43,,0.6,1.0,1.2,1.2,1.0,0.6,0.5,0.7,,4.43,7.38,8.86,8.86,7.38,4.43,3.69,5.17,,,4.38,9.53,11.67,13.47,3.29,1.28,3.16,,,1.48,3.12,3.56,3.72,0.85,0.33,0.82,0.93,1.0,0.85,6.89,7.38,6.28,6.96,9.76,6.68,53.02,41.66,67.73,0.16,,0.42,0.36,0.11,1.48,1.15,0.26,45.45,,-63.48,38.46,0.47,
5534,長虹,79.2,2026-07-09,年配,5.5,6.94,,5.5,5.5,5.5,5.5,4.40957701,5.0,6.3,7.0,,6.94,6.94,6.94,6.94,5.57,6.31,7.95,8.84,,,13.39,9.18,14.95,6.98,14.51,18.54,27.42,,,7.85,6.32,9.82,4.41,9.02,10.93,14.34,5.5,5.28,5.59,6.94,6.67,7.05,11.28,11.12,15.0,78.54,78.27,67.85,0.19,,2.24,0.96,0.87,7.85,2.72,1.58,-78.16,,-17.65,-39.24,1.56,
5538,東明-KY,32.95,2026-07-09,年配,1.5,4.55,,1.5,1.5,1.0,2.0,3.2,1.8,1.5,2.0,,4.55,4.55,3.03,6.07,9.71,5.46,4.55,6.07,,,8.47,2.02,13.57,27.02,12.27,12.02,13.9,,,2.86,0.67,4.53,8.0,2.94,2.77,3.19,1.33,1.84,1.81,4.04,5.58,5.5,5.24,12.77,12.75,100.85,71.46,66.27,1.12,,2.27,1.41,0.7,2.86,2.42,1.63,60.0,,-6.2,-13.5,2.69,
5546,永固-KY,15.95,2026-07-09,年配,1.0,6.27,,1.0,2.0,2.0,1.5,5.0,6.0,4.0,,,6.27,12.54,12.54,9.4,31.35,37.62,25.08,,,,-0.63,-14.85,1.96,7.28,27.78,26.35,31.49,,,0.17,-4.58,0.66,3.18,10.05,7.14,6.92,1.67,2.3,3.07,10.45,14.42,19.26,-7.74,-1.56,11.34,566.4,379.32,272.17,-0.28,,-1.06,-1.02,-0.92,0.17,0.45,0.19,69.57,,-335.56,-636.84,-0.42,
5607,遠雄港,51.4,2026-07-09,年配,1.8,3.5,,1.8,1.1,0.9,1.2,1.6,1.2,1.0,0.4,,3.5,2.14,1.75,2.33,3.11,2.33,1.95,0.78,,,7.03,9.93,15.62,10.19,8.7,12.69,6.26,,,1.97,2.91,4.27,2.48,2.01,3.04,1.3,1.27,1.32,1.15,2.46,2.57,2.24,8.48,10.69,10.06,43.39,44.85,43.25,0.98,,2.13,1.3,0.52,1.97,1.51,0.86,88.46,,41.06,51.16,2.59,
5608,四維航,14.6,2026-07-09,年配,0.0,0.0,,,,,1.5,2.0,,,,,,,,10.27,13.7,,,,,,-4.05,-5.75,22.46,36.41,-24.3,-9.26,-5.05,,,-0.69,-1.26,6.08,7.16,-3.27,-1.26,-0.54,,1.75,1.75,,11.98,11.98,-4.9,12.27,1.49,,26.3,26.3,-0.11,,-0.14,0.09,-0.46,-0.69,-0.29,-0.49,76.09,,51.72,118.37,0.21,
5706,鳳凰,47.2,2026-07-09,年配,4.5,9.53,,4.5,2.75,2.0,0.3,1.0,0.3,0.3,1.61,,9.53,5.83,4.24,0.64,2.12,0.64,0.64,3.41,,,18.58,13.31,-2.43,6.62,1.18,17.84,14.97,,,3.75,2.44,-0.43,1.17,0.15,3.24,2.72,3.08,2.11,1.6,6.53,4.47,3.38,15.94,9.02,10.01,77.65,42.75,62.78,0.62,,2.69,1.32,0.52,3.75,3.05,1.71,19.23,,-11.8,-22.81,2.79,
5871,中租-KY,114.5,2026-07-09,年配,5.8,5.07,,5.8,6.1,6.5,6.4,6.0,5.0,4.6,4.2,,5.07,5.33,5.68,5.59,5.24,4.37,4.02,3.67,,,13.49,16.62,21.35,20.97,20.17,23.33,23.11,,,13.31,15.15,17.17,14.8,12.2,11.65,10.37,6.13,6.16,5.57,5.36,5.38,4.87,15.06,18.11,19.86,44.36,41.64,41.07,3.26,,8.45,5.8,3.28,13.31,10.83,7.08,-0.61,,-21.98,-18.08,8.43,
5871A,中租-KY甲特,102.5,2026-07-09,年配,4.18,4.08,,4.179463,3.8,3.8,3.8,3.8,1.20767123,,,,4.08,3.71,3.71,3.71,3.71,1.18,,,,,,,,,,,,,,,,,,,,,3.93,3.88,3.43,3.83,3.78,3.35,,,,,,,,,,,,,,,,,,,,
5876,上海商銀,42.8,2026-07-09,年配,1.8,4.21,,1.8,1.8,1.8,1.8,1.8,1.7,2.05,2.0,,4.21,4.21,4.21,4.21,4.21,3.97,4.79,4.67,,,5.66,7.43,8.78,9.01,8.7,10.32,10.77,,,2.78,3.02,3.33,3.19,3.01,3.5,3.37,1.8,1.8,1.84,4.21,4.21,4.31,6.54,7.72,8.67,62.18,58.71,58.46,1.05,,2.56,1.61,0.96,2.78,2.18,1.2,9.38,,17.43,34.17,2.65,
5880,合庫金,25.15,2026-07-09,年配,0.8,3.18,,0.8,0.7,0.65,0.5,1.0,0.85,0.85,0.75,,3.18,2.78,2.58,1.99,3.98,3.38,3.38,2.98,,,7.84,7.66,8.98,8.83,7.38,8.02,7.66,,,1.26,1.17,1.45,1.51,1.24,1.33,1.24,0.72,0.73,0.76,2.85,2.9,3.03,7.75,8.33,8.05,55.56,52.96,57.82,0.36,,1.03,0.65,0.32,1.26,1.04,0.66,12.5,,-0.96,-1.52,1.07,
5906,台南-KY,36.8,2026-07-09,年配,0.2,0.54,,0.2,0.8,1.5,1.5,1.7,0.2,,,,0.54,2.17,4.08,4.08,4.62,0.54,,,,,7.22,16.35,18.94,25.08,20.94,-6.87,2.69,,,1.67,3.21,3.01,3.23,2.35,-0.82,0.3,0.83,1.14,0.98,2.26,3.1,2.67,11.78,16.9,12.05,47.32,49.27,41.12,0.11,,0.78,0.96,0.37,1.67,1.29,0.95,-70.27,,-39.53,1.05,0.52,
5907,大洋-KY,5.0,2026-07-09,年配,0.0,0.0,,,,,,,1.0,2.2,1.75,,,,,,,20.0,44.0,35.0,,,-10.38,-33.81,-10.89,-2.81,-1.4,6.44,5.01,,,-2.62,-10.66,-4.26,-1.19,-0.62,3.1,2.71,,,1.65,,,33.0,-22.1,-14.47,-6.83,,,-8.58,-1.01,,-3.04,-2.0,-0.94,-2.62,-1.67,-0.87,-7.45,,-82.04,-129.89,-3.11,
6005,群益證,36.4,2026-07-09,年配,0.4,1.1,,0.4,1.5,1.33,0.39,1.65,1.1,0.8,0.4,,1.1,4.12,3.65,1.07,4.53,3.02,2.2,1.1,,,12.14,11.14,2.94,13.63,10.26,7.92,5.18,,,2.25,1.9,0.39,2.42,1.64,1.11,0.61,1.08,1.05,0.95,2.96,2.89,2.6,11.64,9.96,9.03,68.34,76.21,72.79,1.34,,1.87,0.93,0.4,2.25,1.77,1.2,235.0,,5.65,-22.5,2.81,
6024,群益期,64.5,2026-07-09,年配,2.8,4.34,,2.8,2.83,3.44,3.02,1.6,2.87,1.9,3.4,,4.34,4.39,5.33,4.68,2.48,4.45,2.95,5.27,,,15.98,14.49,11.97,7.73,10.89,11.87,17.24,,,5.66,4.8,3.72,2.33,3.07,3.4,4.73,3.02,2.74,2.73,4.69,4.24,4.24,15.24,12.54,12.88,60.84,67.88,70.4,1.76,,4.0,2.57,1.26,5.66,4.55,2.9,39.68,,-12.09,-11.38,4.5,
6108,競國,18.6,2026-07-09,年配,1.0,5.38,,1.0,1.0,0.5,0.5,1.05,0.5,1.6,2.5,,5.38,5.38,2.69,2.69,5.65,2.69,8.6,13.44,,,4.06,1.51,0.97,6.84,-2.3,9.19,14.64,,,0.93,0.34,0.22,1.5,-0.52,2.22,3.47,0.83,0.81,1.08,4.48,4.36,5.82,2.78,3.34,4.99,127.3,137.96,85.69,-1.08,,-0.91,-0.76,-0.36,0.93,2.22,-0.05,-200.0,,-140.99,-1420.0,-1.63,
6112,邁達特,44.35,2026-07-09,年配,1.65,3.72,,1.65,0.6,2.75,2.0,2.5,2.5,2.0,1.5,,3.72,1.35,6.2,4.51,5.64,5.64,4.51,3.38,,,-0.26,11.91,9.72,13.28,12.59,11.65,14.6,,,0.6,3.14,2.19,3.07,2.91,2.58,2.86,1.67,1.9,1.94,3.76,4.28,4.37,5.82,8.66,10.5,93.79,90.08,82.32,0.17,,1.2,0.43,0.3,0.6,1.24,1.02,-43.33,,-3.23,-57.84,1.07,
6115,鎰勝,46.0,2026-07-09,年配,2.8,6.09,,2.8,3.2,3.0,3.2,2.8,2.8,2.77,2.5,,6.09,6.96,6.52,6.96,6.09,6.09,6.02,5.43,,,12.61,9.98,15.78,10.51,10.01,11.72,10.58,,,3.63,2.82,4.27,2.7,2.58,3.06,2.81,3.0,3.0,2.88,6.52,6.52,6.27,11.3,12.22,11.6,97.26,93.29,94.46,0.71,,2.03,0.9,0.72,3.63,2.6,1.8,-1.39,,-21.92,-50.0,2.02,
6116,彩晶,17.2,2026-07-09,年配,0.0,0.0,,,,,,1.0,0.5,,0.3,,,,,,5.81,2.91,,1.74,,,-14.03,-10.48,-5.13,17.41,8.97,1.9,2.44,,,-1.86,-1.63,-0.86,2.75,1.25,0.25,0.32,,1.0,0.6,,5.81,3.49,-12.26,-3.06,0.15,,36.36,56.7,-0.06,,-0.46,-0.57,-0.26,-1.86,-1.32,-0.81,76.92,,65.15,29.63,-0.26,
6117,迎廣,72.4,2026-07-09,年配,2.0,2.76,,2.0,2.17170888,,,,,,,,2.76,3.0,,,,,,,,,23.9,7.5,4.29,-9.0,-7.6,-11.94,-12.52,,,4.12,1.02,0.62,-0.98,-0.86,-1.73,-2.15,2.09,2.09,2.09,2.88,2.88,2.88,15.7,6.67,-0.77,52.71,52.71,52.71,1.33,,2.21,0.84,0.48,4.12,3.02,2.18,177.08,,-26.82,-61.47,3.06,
6120,達運,14.4,2026-07-09,年配,0.25,1.74,,0.25,0.25,0.1,0.15321035,,,,0.20362641,,1.74,1.74,0.69,1.06,,,,1.41,,,1.99,1.24,1.36,-6.78,-11.83,-1.66,2.7,,,0.28,0.17,0.19,-0.98,-1.86,-0.29,0.48,0.2,0.19,0.19,1.39,1.31,1.33,1.62,-0.55,-1.85,74.06,76.25,67.79,-0.15,,-0.17,-0.12,-0.03,0.28,-0.11,-0.13,-400.0,,-54.55,7.69,-0.29,
6128,上福,20.35,2026-07-09,年配,0.5,2.46,,0.5,2.5,2.5,2.2,2.0,1.0,2.4,2.0,,2.46,12.29,12.29,10.81,9.83,4.91,11.79,9.83,,,8.61,10.66,18.72,10.45,4.49,10.22,1.54,,,2.88,3.4,5.32,2.64,1.16,2.76,0.36,1.83,1.94,1.89,9.01,9.54,9.28,9.64,12.11,9.24,80.17,69.36,143.74,0.28,,-9.5,0.86,0.48,2.88,2.19,1.62,-41.67,,-533.79,-46.91,-9.7,
6133,金橋,24.65,2026-07-09,年配,1.0,4.06,,1.0,0.3,,0.5,,,0.18189476,0.1290128,,4.06,1.22,,2.03,,,0.74,0.52,,,6.5,0.95,7.45,-4.31,0.14,1.49,0.94,,,0.65,0.09,0.78,-0.48,0.02,0.19,0.12,0.65,0.6,0.42,2.64,2.44,1.71,3.72,2.65,1.88,46.15,55.12,78.37,0.13,,0.35,0.12,0.12,0.65,0.45,0.38,8.33,,-22.22,-68.42,0.36,
6136,富爾特,24.1,2026-07-09,年配,1.16,4.81,,1.16,1.15,1.2,1.15,1.25,1.1,1.26,1.34,,4.81,4.77,4.98,4.77,5.19,4.56,5.23,5.56,,,2.82,3.08,3.26,5.01,2.14,3.05,3.16,,,0.9,0.9,0.83,1.23,0.48,0.68,0.75,1.17,1.18,1.2,4.85,4.9,4.98,2.95,3.54,3.22,130.56,125.32,156.35,-0.03,,0.95,0.11,0.03,0.9,0.82,0.02,-200.0,,15.85,450.0,0.89,
6139,亞翔,875.0,2026-07-09,年配,23.0,2.63,,23.0,14.0,9.0,3.5,1.5,1.0,1.5,1.5,,2.63,1.6,1.03,0.4,0.17,0.11,0.17,0.17,,,31.15,24.97,10.61,2.86,1.84,5.87,7.23,,,18.73,12.81,4.43,1.43,1.52,2.21,2.41,15.33,10.2,6.88,1.75,1.17,0.78,28.06,17.4,12.08,72.5,82.23,74.97,9.45,,17.33,6.67,3.8,18.73,13.05,8.72,148.68,,32.8,-23.51,22.98,
6141,柏承,39.05,2026-07-09,年配,0.0,0.0,,,,,,1.0,0.5,0.4,0.1,,,,,,2.56,1.28,1.02,0.26,,,-66.75,-21.24,-6.12,14.24,14.8,29.76,-5.16,,,-8.05,-3.76,-1.29,2.88,2.67,4.2,-0.68,,1.0,0.5,,2.56,1.28,-44.0,-19.97,-5.78,,34.72,12.06,-0.58,,-1.99,-1.48,-0.03,-8.05,-5.99,-4.38,-1833.33,,66.78,66.21,-2.54,
6142,友勁,11.25,2026-07-09,年配,0.0,0.0,,,,,0.22,,,,,,,,,1.96,,,,,,,-5.32,-1.16,2.98,15.32,-20.36,-13.64,-7.93,,,-0.5,-0.11,0.29,1.23,-1.89,-1.26,-0.82,,0.22,0.22,,1.96,1.96,-3.24,2.96,-4.3,,75.86,75.86,-0.18,,-0.17,-0.24,-0.05,-0.5,-0.39,-0.16,-260.0,,56.41,-50.0,-0.3,
6152,百一,13.45,2026-07-09,年配,0.0,0.0,,,,,,,,,,,,,,,,,,,,,-2.69,-1.45,9.5,0.82,1.74,0.94,-35.87,,,-0.23,-0.12,0.81,0.05,0.13,0.08,-3.54,,,,,,,-2.07,1.55,-3.86,,,,-0.22,,-1.22,-1.03,-0.15,-0.23,-0.14,0.03,-46.67,,-771.43,-3533.33,-1.29,
6153,嘉聯益,19.7,2026-07-09,年配,0.0,0.0,,,,,0.24,,0.5,0.05,0.3,,,,,1.22,,2.54,0.25,1.52,,,-23.14,-24.55,2.96,-3.19,4.27,3.16,8.69,,,-4.41,-6.04,0.8,-0.88,1.18,0.9,2.08,,0.24,0.27,,1.22,1.38,-23.84,-11.98,-4.54,,30.0,23.09,-0.56,,-2.86,-2.11,-1.03,-4.41,-3.59,-1.55,45.63,,20.33,-36.13,-2.39,
6155,鈞寶,73.2,2026-07-09,年配,0.8,1.09,,0.8,1.0,0.85,1.5,0.85,0.75,1.04,1.0,,1.09,1.37,1.16,2.05,1.16,1.02,1.42,1.37,,,5.29,4.92,12.9,5.69,2.39,5.66,9.24,,,0.97,0.85,2.19,0.93,0.39,0.93,1.48,0.88,1.0,0.97,1.21,1.37,1.33,5.11,7.2,6.58,101.54,90.74,104.96,0.18,,0.41,-0.25,0.42,0.97,0.87,0.62,-57.14,,-52.87,-140.32,0.17,
6164,華興,14.95,2026-07-09,年配,0.0,0.0,,,0.5,,0.55,,,,0.1,,,3.34,,3.68,,,,0.67,,,4.24,-2.25,5.37,0.73,-1.49,-5.07,1.73,,,0.47,-0.24,0.62,0.06,-0.17,-0.6,0.22,0.5,0.52,0.38,3.34,3.51,2.56,1.0,2.02,0.47,106.38,97.54,80.18,0.05,,0.02,-0.03,0.1,0.47,0.37,0.32,-50.0,,-94.59,-109.38,-0.03,
6165,浪凡,50.1,2026-07-09,年配,5.0,9.98,,5.0,0.6,0.4,,,,,,,9.98,1.2,0.8,,,,,,,,6.73,1.88,4.56,21.4,13.22,-6.51,-1.06,,,1.04,0.26,0.62,2.6,1.16,-0.54,-0.09,2.0,2.0,2.0,3.99,3.99,3.99,4.3,8.64,5.75,105.77,105.77,105.77,1.09,,3.02,2.12,1.06,1.04,0.6,0.36,2.83,,403.33,488.89,3.05,
6166,凌華,134.5,2026-07-09,年配,1.2,0.89,,1.2,0.93,1.0,2.5,0.3,1.0,,1.1,,0.89,0.69,0.74,1.86,0.22,0.74,,0.82,,,0.25,5.28,15.96,2.66,5.25,9.59,5.32,,,0.23,1.51,3.71,0.55,1.12,2.04,1.12,1.04,1.19,1.15,0.77,0.88,0.85,2.76,6.04,6.33,235.29,148.13,130.0,1.57,,1.52,0.23,0.31,0.23,-0.59,-0.77,406.45,,357.63,129.87,2.78,
6168,宏齊,28.85,2026-07-09,年配,0.0,0.0,,,,0.5,1.5,1.5,0.7,,1.0,,,,1.73,5.2,5.2,2.43,,3.47,,,-0.63,2.76,11.56,11.9,5.05,0.53,8.33,,,0.03,0.52,1.82,1.8,0.7,0.07,1.15,0.5,1.17,1.04,1.73,4.04,3.61,1.06,6.4,5.64,96.15,87.3,89.77,0.02,,0.04,-0.1,0.01,0.03,0.07,0.03,100.0,,-42.86,-433.33,0.05,
6176,瑞儀,90.6,2026-07-09,年配,3.5,3.86,,3.5,10.60918838,10.0,10.0,8.0,8.0,8.0,7.0,,3.86,11.71,11.04,11.04,8.83,8.83,8.83,7.73,,,20.15,15.45,20.8,17.27,18.41,22.06,20.51,,,15.63,11.35,14.47,11.16,11.24,12.62,10.83,8.04,8.42,8.14,8.87,9.3,8.98,17.8,18.42,19.24,78.0,74.2,70.85,2.29,,7.41,4.12,2.33,15.63,11.69,8.05,-1.72,,-36.61,-48.82,7.37,
6177,達麗,45.3,2026-07-09,年配,3.0,6.62,,3.0,3.5,3.0,1.0,3.0,,2.0,0.5,,6.62,7.73,6.62,2.21,6.62,,4.42,1.1,,,22.01,24.83,16.34,24.36,2.93,21.61,1.08,,,5.01,5.08,3.09,4.03,0.5,3.59,0.2,3.17,2.7,2.29,6.99,5.96,5.05,23.42,21.88,16.17,64.46,58.93,90.24,3.53,,-0.22,-0.25,-0.15,5.01,0.88,0.85,2453.33,,-125.0,-129.41,3.46,
6183,關貿,90.2,2026-07-09,年配,3.55,3.94,,3.55,3.2,2.75,2.5,2.05,1.81,1.75,1.66,,3.94,3.55,3.05,2.77,2.27,2.01,1.94,1.84,,,19.24,18.99,19.32,18.63,15.23,13.48,13.13,,,3.4,3.2,3.09,2.84,2.25,1.96,1.87,3.17,2.81,2.41,3.51,3.12,2.67,19.11,19.04,16.86,90.03,83.29,84.52,1.07,,3.02,1.81,0.92,3.4,2.59,1.59,16.3,,16.6,13.84,3.17,
6184,大豐電,42.95,2026-07-09,半年配,3.0,6.98,,3.0,3.2,3.0,3.0,3.0,3.0,2.7,1.38,,6.98,7.45,6.98,6.98,6.98,6.98,6.29,3.21,,,11.66,11.72,11.79,12.1,11.84,12.1,7.9,,,3.59,3.52,3.48,3.51,3.38,3.39,2.37,3.07,3.04,2.78,7.14,7.07,6.48,11.69,11.82,11.3,87.18,86.51,81.81,0.71,,2.57,1.77,0.9,3.59,2.73,1.69,-21.11,,-5.86,4.73,2.38,
6189,豐藝,50.4,2026-07-09,年配,2.7,5.36,,2.7,4.0,3.5,3.45,3.78,2.8,2.28,2.63,,5.36,7.94,6.94,6.85,7.5,5.56,4.52,5.22,,,24.12,16.58,16.83,18.32,14.57,13.35,14.79,,,6.46,4.0,4.08,4.31,2.99,2.62,2.92,3.4,3.49,3.14,6.75,6.92,6.24,20.35,18.96,16.94,74.71,80.42,84.63,1.0,,1.82,0.83,1.32,6.46,5.34,4.03,-24.24,,-65.92,-79.4,1.5,
6191,精成科,101.0,2026-07-09,年配,2.6,2.57,,2.6,3.0,3.3,2.6,1.74,0.8,0.5,0.3,,2.57,2.97,3.27,2.57,1.72,0.79,0.5,0.3,,,13.02,16.35,14.59,18.58,10.88,6.07,3.19,,,6.01,6.73,5.24,5.79,3.42,2.01,1.1,2.97,2.65,1.86,2.94,2.62,1.84,14.68,15.64,11.81,49.48,44.66,36.31,1.59,,5.02,3.05,1.57,6.01,4.96,3.06,1.27,,1.21,-0.33,5.04,
6192,巨路,120.0,2026-07-09,年配,5.8,4.83,,5.8,5.5,5.0,4.0,4.0,3.4,3.3,3.3,,4.83,4.58,4.17,3.33,3.33,2.83,2.75,2.75,,,14.87,12.53,15.12,15.59,14.82,15.37,16.87,,,10.48,8.17,8.68,7.96,6.96,6.72,6.95,5.43,4.86,4.29,4.53,4.05,3.57,13.7,14.53,15.02,56.84,52.5,50.78,2.63,,7.66,5.02,2.92,10.48,7.16,5.04,-9.93,,6.98,-0.4,7.37,
6196,帆宣,549.0,2026-07-09,年配,6.5,1.18,,6.5,6.0,6.0,5.67,4.5,3.5,2.6,3.0,,1.18,1.09,1.09,1.03,0.82,0.64,0.47,0.55,,,15.11,20.29,24.88,21.29,14.35,11.56,14.38,,,8.94,10.96,11.34,8.24,4.88,3.78,4.4,6.17,5.73,4.72,1.12,1.04,0.86,17.7,20.39,17.41,60.92,56.61,62.16,5.08,,12.0,6.36,4.41,8.94,6.94,4.26,15.19,,72.91,49.3,12.67,
6197,佳必琪,358.5,2026-07-09,年配,7.0,1.95,,7.0,7.0,4.2,3.2,3.0,2.9000000000000004,1.5,1.35,,1.95,1.95,1.17,0.89,0.84,0.81,0.42,0.38,,,28.17,19.88,14.23,12.47,8.73,8.66,8.96,,,8.69,5.2,3.6,3.06,2.13,2.4,2.18,6.07,4.88,3.77,1.69,1.36,1.05,24.02,18.69,14.44,80.66,87.06,86.98,3.21,,6.1,3.72,1.63,8.69,6.77,4.59,96.93,,-9.9,-18.95,7.68,
6201,亞弘電,48.2,2026-07-09,年配,3.1,6.43,,3.1,4.0,3.9,3.0,3.0,3.0,2.5,2.7,,6.43,8.3,8.09,6.22,6.22,6.22,5.19,5.6,,,14.87,15.32,12.84,11.96,12.13,9.85,10.93,,,4.68,4.63,3.72,3.38,3.35,2.69,2.95,3.67,3.4,3.15,7.61,7.05,6.53,15.1,13.75,12.56,84.85,84.78,87.59,0.64,,3.06,2.01,1.07,4.68,3.22,1.99,-40.19,,-4.97,1.01,2.63,
6202,盛群,73.3,2026-07-09,年配,0.68,0.93,,0.68,,0.45,4.0,8.1229,4.56,3.648,4.208,,0.93,,0.61,5.46,11.08,6.22,4.98,5.74,,,-3.82,2.59,21.66,40.6,24.48,22.21,25.72,,,-0.66,0.49,4.89,9.04,4.56,4.05,4.7,0.57,3.31,3.67,0.77,4.52,5.0,-0.62,15.26,19.06,91.84,87.83,90.52,0.3,,0.62,0.5,0.4,-0.66,-0.67,-0.35,-25.0,,192.54,242.86,0.52,
6205,詮欣,69.5,2026-07-09,年配,1.5,2.16,,1.5,1.62972655,1.5,3.0,2.0,1.5,1.2,1.5,,2.16,2.34,2.16,4.32,2.88,2.16,1.73,2.16,,,8.43,6.85,13.52,7.01,7.92,6.52,8.33,,,2.65,2.1,4.06,2.02,2.01,1.57,2.01,1.54,1.93,1.73,2.22,2.77,2.49,7.64,8.95,8.37,66.46,76.46,75.93,0.38,,1.51,0.88,0.7,2.65,2.21,1.6,-45.71,,-31.67,-45.0,1.19,
6206,飛捷,131.5,2026-07-09,年配,5.5,4.18,,5.5,6.0,4.0,5.5,4.0,4.0,4.0,4.5,,4.18,4.56,3.04,4.18,3.04,3.04,3.04,3.42,,,19.49,9.74,20.94,14.78,12.85,15.4,17.16,,,6.93,3.51,7.29,4.77,4.12,5.15,5.6,5.17,5.0,4.69,3.93,3.8,3.56,14.61,16.24,15.77,100.27,89.96,87.85,2.51,,5.33,3.77,2.27,6.93,4.75,3.43,10.57,,12.21,9.91,5.57,
6209,今國光,80.8,2026-07-09,年配,0.5,0.62,,0.5,,0.5,0.7,0.5,,,,,0.62,,0.62,0.87,0.62,,,,,,-4.38,-1.59,2.02,-4.87,-6.98,-3.29,-0.65,,,-0.75,-0.29,0.37,-0.91,-1.33,-0.7,-0.45,0.5,0.55,0.55,0.62,0.68,0.68,-2.98,-2.2,-2.82,-172.41,-12.72,-12.72,0.81,,0.49,0.1,0.01,-0.75,-0.53,-0.17,8000.0,,192.45,158.82,1.29,
6213,聯茂,385.0,2026-07-09,年配,3.0,0.78,,3.0,1.8,1.5,3.0,5.0,5.0,5.0,3.8,,0.78,0.47,0.39,0.78,1.3,1.3,1.3,0.99,,,4.1,3.42,8.96,18.12,23.89,29.12,23.23,,,2.26,1.86,4.94,9.0,8.19,8.13,5.86,2.1,2.86,3.51,0.55,0.74,0.91,3.76,8.65,15.83,80.15,69.15,66.28,0.87,,2.98,2.09,0.93,2.26,1.66,0.97,-6.45,,79.52,115.46,2.92,
6214,精誠,143.5,2026-07-09,年配,6.0,4.18,,6.0,5.2,5.2,5.0,5.0,5.0,5.0,3.8,,4.18,3.62,3.62,3.48,3.48,3.48,3.48,2.65,,,12.28,10.75,7.94,8.91,12.35,13.58,8.23,,,7.66,6.02,4.4,4.9,6.72,7.31,4.27,5.47,5.28,5.03,3.81,3.68,3.5,11.52,9.97,10.58,77.13,92.49,85.96,2.64,,5.42,3.34,1.0,7.66,6.29,4.5,164.0,,-13.83,-25.78,7.06,
6215,和椿,113.5,2026-07-09,年配,1.0,0.88,,1.0,1.5,1.0,1.8,1.8,0.5,0.5,0.5,,0.88,1.32,0.88,1.59,1.59,0.44,0.44,0.44,,,11.51,5.29,14.54,20.52,6.83,4.12,4.2,,,2.11,0.95,2.58,3.2,0.96,0.6,0.59,1.17,1.42,1.08,1.03,1.25,0.95,8.4,12.96,9.57,88.18,75.59,74.65,1.14,,1.27,0.65,0.37,2.11,1.52,1.01,208.11,,-16.45,-35.64,2.04,
6216,居易,23.15,2026-07-09,年配,1.03,4.45,,1.03464816,2.53049692,1.65411709,1.66702648,1.66682189,1.48587648,1.57244179,1.98399014,,4.47,10.93,7.15,7.2,7.2,6.42,6.79,8.57,,,15.14,7.27,10.77,10.42,7.19,10.09,12.91,,,2.88,1.34,1.96,1.85,1.27,1.8,2.28,1.74,1.71,1.7,7.52,7.39,7.34,11.2,10.9,10.54,105.65,96.61,96.83,-0.12,,0.4,0.08,0.42,2.88,2.53,1.81,-128.57,,-84.19,-95.58,-0.14,
6224,聚鼎,74.5,2026-07-09,年配,1.25,1.68,,1.25,1.75,1.5,1.5,4.25,4.25,4.0,3.75,,1.68,2.35,2.01,2.01,5.7,5.7,5.37,5.03,,,4.7,-1.0,-3.34,16.09,18.16,17.17,16.84,,,2.23,1.24,1.05,6.02,5.01,4.6,4.38,1.5,2.05,2.78,2.01,2.75,3.73,1.85,4.11,9.8,99.72,103.23,95.76,0.64,,0.98,0.84,0.43,2.23,1.69,0.76,48.84,,-42.01,10.53,1.19,
6225,天瀚,23.3,2026-07-09,年配,0.0,0.0,,,,,,,,,,,,,,,,,,,,,-2.05,9.59,-7.96,-26.16,-55.1,-113.35,-315.9,,,-0.07,0.31,-0.2,-0.09,-0.05,-0.07,-0.17,,,,,,,3.77,-6.64,-72.99,,,,-0.11,,-0.19,-0.08,-0.15,-0.07,-0.04,0.04,26.67,,-375.0,-300.0,-0.15,
6226,光鼎,26.6,2026-07-09,年配,0.0,0.0,,,,,,0.12,,0.4,0.039,,,,,,0.45,,1.5,0.15,,,-4.45,-5.71,0.28,-0.6,-3.97,11.08,2.39,,,-0.44,-0.65,0.01,0.01,-0.39,1.32,0.07,,0.12,0.19,,0.45,0.7,-5.08,-2.62,-0.14,,1200.0,428.67,0.01,,-0.17,-0.22,-0.09,-0.44,-0.31,-0.17,111.11,,45.16,-29.41,-0.07,
6230,尼得科超眾,124.0,2026-07-09,年配,0.0,0.0,,,0.222,1.053,1.07,0.61,1.36,4.87,4.7,,,0.18,0.85,0.86,0.49,1.1,3.93,3.79,,,2.17,10.92,12.23,7.7,18.47,17.77,16.02,,,1.48,7.02,7.1,4.05,9.06,8.12,6.9,0.64,0.74,1.98,0.52,0.6,1.6,6.54,8.26,12.18,15.0,15.03,29.03,-0.91,,-1.3,0.8,-0.77,1.48,0.44,0.81,-18.18,,-395.45,-1.23,-1.44,
6235,華孚,42.4,2026-07-09,年配,1.2,2.83,,1.2,1.22,1.68,0.7,0.3,0.6,,0.5,,2.83,2.88,3.96,1.65,0.71,1.42,,1.18,,,13.62,22.08,11.18,6.8,31.66,-24.86,7.46,,,3.06,4.17,1.83,0.96,3.85,-3.0,1.01,1.37,1.02,0.89,3.22,2.41,2.09,17.85,13.42,9.71,40.08,37.42,35.79,0.3,,2.35,1.69,0.62,3.06,2.74,2.09,-51.61,,-14.23,-19.14,2.03,
6239,力成,320.0,2026-07-09,年配,4.5,1.41,,4.5,7.0,7.0,7.0,6.8,5.0,4.5,4.8,,1.41,2.19,2.19,2.19,2.12,1.56,1.41,1.5,,,12.07,14.04,16.59,19.27,14.44,12.74,14.62,,,9.09,10.72,11.6,11.54,8.6,7.52,8.02,6.17,6.46,5.82,1.93,2.02,1.82,13.06,15.49,14.82,71.16,65.4,62.77,2.5,,4.96,2.88,1.58,9.09,7.05,4.77,58.23,,-29.65,-39.62,5.88,
6243,迅杰,39.55,2026-07-09,年配,0.0,0.0,,,1.2,1.2,1.2,1.2,,,,,,3.03,3.03,3.03,3.03,,,,,,5.99,8.27,9.95,10.11,-13.03,-12.22,-10.09,,,1.12,1.5,1.74,1.6,-0.82,-0.87,-0.8,1.2,1.2,1.2,3.03,3.03,3.03,7.13,8.58,-0.15,93.57,82.78,82.78,-0.03,,-0.32,-0.37,0.31,1.12,0.68,0.84,-109.68,,-147.06,-144.05,-0.66,
6257,矽格,244.5,2026-07-09,年配,4.2,1.72,,4.2,4.0,2.68,4.2,4.1,2.9,1.1,1.03,,1.72,1.64,1.1,1.72,1.68,1.19,0.45,0.42,,,14.8,10.92,18.89,18.53,13.53,12.31,12.13,,,5.89,3.8,6.68,6.25,4.22,3.26,3.01,3.63,3.84,3.03,1.49,1.57,1.24,12.86,15.78,14.44,69.22,66.73,57.66,2.1,,3.94,2.26,1.57,5.89,4.26,3.25,33.76,,-7.51,-30.46,4.47,
6269,台郡,62.5,2026-07-09,年配,0.0,0.0,,,,5.0,5.0,5.0,5.0,1.5,2.5,,,,8.0,8.0,8.0,8.0,2.4,4.0,,,-3.1,7.91,13.91,11.24,12.36,15.33,14.27,,,-2.56,6.45,10.83,8.19,8.63,10.02,8.55,5.0,5.0,4.0,8.0,8.0,6.4,2.41,7.49,10.27,77.52,61.58,47.82,-2.6,,-5.09,-3.17,-1.76,-2.56,-0.73,0.3,-47.73,,-597.26,-1156.67,-5.93,
6271,同欣電,252.0,2026-07-09,半年配,3.0,1.19,,3.0,3.0,2.4,7.77007957,9.0,5.5,2.43552391,5.59715707,,1.19,1.19,0.95,3.08,3.57,2.18,0.97,2.22,,,6.84,4.7,13.22,12.51,9.24,7.19,9.72,,,8.2,5.5,17.98,15.49,7.88,4.49,6.13,2.8,5.03,4.84,1.11,2.0,1.92,5.77,9.32,9.06,40.12,45.39,56.7,1.89,,5.41,3.12,2.79,8.2,6.38,3.85,-32.26,,-15.2,-18.96,4.51,
6272,驊陞,31.45,2026-07-09,年配,2.0,6.36,,2.0,,,,,,,,,6.36,,,,,,,,,,,,,,,,,,,,,,,,,,2.0,2.0,2.0,6.36,6.36,6.36,,,,,,,0.13,,2.94,1.61,0.86,,,,-84.88,,,,2.21,
6277,宏正,70.7,2026-07-09,季配,3.5,4.95,,3.5,3.8,4.300000000000001,5.699999999999999,5.199999999999999,5.5,5.3,8.0,,4.95,5.37,6.08,8.06,7.36,7.78,7.5,11.32,,,10.36,11.81,15.22,13.43,32.72,16.3,38.23,,,4.14,4.73,6.11,5.33,12.55,6.05,13.19,3.87,4.5,5.16,5.47,6.36,7.3,11.08,12.7,19.72,91.35,93.39,80.8,1.08,,2.29,1.44,0.91,4.14,2.72,1.81,18.68,,-15.81,-20.44,2.46,
6278,台表科,199.5,2026-07-09,年配,5.5,2.76,,5.5,5.5,5.0,7.0,6.0,3.3,2.8,1.3,,2.76,2.76,2.51,3.51,3.01,1.65,1.4,0.65,,,13.72,12.74,22.84,25.22,16.68,16.67,6.68,,,9.94,8.57,13.82,12.7,7.5,6.96,2.68,5.33,5.8,4.55,2.68,2.91,2.28,13.23,18.63,16.36,56.84,52.89,49.19,2.17,,6.9,4.52,2.88,9.94,7.53,5.27,-24.65,,-8.37,-14.23,6.19,
6281,全國電,52.0,2026-07-09,年配,3.3,6.35,,3.3,4.0,4.5,5.0,5.0,5.0,4.0,3.7,,6.35,7.69,8.65,9.62,9.62,9.62,7.69,7.12,,,15.57,17.89,21.02,22.51,23.0,18.19,16.95,,,4.51,5.13,5.88,6.05,5.87,4.44,4.09,3.93,4.36,4.31,7.56,8.39,8.3,16.73,19.25,19.3,88.2,86.02,87.12,1.13,,3.05,2.23,1.1,4.51,3.83,2.59,2.73,,-20.37,-13.9,3.08,
6282,康舒,57.6,2026-07-09,年配,0.8,1.39,,0.8,0.5,0.5,0.2,1.0,1.2,1.1,1.0,,1.39,0.87,0.87,0.35,1.74,2.08,1.91,1.74,,,-0.07,0.37,6.36,6.33,13.63,17.73,12.55,,,-0.04,0.07,1.23,1.17,2.54,2.87,1.95,0.6,0.6,0.79,1.04,1.04,1.37,0.15,3.25,8.13,-267.86,-108.5,-42.45,0.27,,-0.38,-0.68,-0.05,-0.04,-0.2,0.06,640.0,,-90.0,-1233.33,-0.06,
6283,淳安,23.2,2026-07-09,年配,0.0,0.0,,,,,,,,,,,,,,,,,,,,,6.76,-10.55,-4.59,-9.01,-3.8,1.29,1.57,,,0.77,-1.19,-0.62,-0.41,-0.25,0.03,0.19,,,,,,,-1.9,-4.35,-2.62,,,,-0.07,,-0.2,-0.49,-0.15,0.77,-0.36,-0.19,53.33,,44.44,-157.89,-0.12,
6285,啟碁,260.5,2026-07-09,年配,4.3,1.65,,4.3,4.80051817,5.99617294,4.84142564,2.10010488,2.50122691,2.5,3.5,,1.65,1.84,2.3,1.86,0.81,0.96,0.96,1.34,,,11.05,14.96,16.71,7.29,8.9,9.13,12.83,,,7.26,8.98,7.93,3.15,3.76,3.76,5.21,5.03,4.41,3.82,1.93,1.69,1.46,13.0,12.5,11.55,66.44,65.15,65.83,2.36,,4.35,2.95,1.92,7.26,5.12,4.03,22.92,,-15.04,-26.8,4.79,
6405,悅城,55.7,2026-07-09,年配,0.0,0.0,,,0.1,0.1,0.1,2.0,0.6,0.1,0.1,,,0.18,0.18,0.18,3.59,1.08,0.18,0.18,,,-2.02,-3.42,0.17,4.25,4.66,0.02,0.3,,,-0.75,-1.31,0.07,1.51,1.32,0.01,0.09,0.1,0.57,0.44,0.18,1.03,0.8,-2.72,-0.25,0.57,-10.48,63.59,201.56,-0.26,,-1.03,-0.92,-0.39,-0.75,-0.76,-0.25,33.33,,-35.53,-268.0,-0.9,
6409,旭隼,1105.0,2026-07-09,年配,37.0,3.35,,37.0,43.0,37.5,43.5,23.5,23.5,22.2,20.0,,3.35,3.89,3.39,3.94,2.13,2.13,2.01,1.81,,,45.98,43.38,63.1,42.72,43.0,45.68,42.04,,,48.13,41.52,50.9,27.13,25.31,25.87,23.18,39.17,36.9,31.28,3.54,3.34,2.83,44.68,48.8,46.56,89.83,87.94,88.1,4.46,,34.16,26.84,9.73,48.13,36.96,22.88,-54.16,,-7.58,17.31,28.89,
6412,群電,88.8,2026-07-09,年配,3.7,4.17,,3.7,6.0,6.0,5.9,5.2,4.0,3.2,2.0,,4.17,6.76,6.76,6.64,5.86,4.5,3.6,2.25,,,22.78,24.87,27.27,27.4,23.84,21.94,13.75,,,8.34,8.27,8.22,7.22,5.52,4.51,2.72,5.23,5.36,4.5,5.9,6.04,5.07,23.83,25.58,23.12,72.24,72.07,72.18,1.01,,4.03,2.17,1.01,8.34,6.19,3.98,0.0,,-34.89,-45.48,4.03,
6414,樺漢,394.0,2026-07-09,年配,14.0,3.55,,14.0,12.2,11.41,15.0,7.0,5.0,4.0,7.0,,3.55,3.1,2.9,3.81,1.78,1.27,1.02,1.78,,,11.8,11.7,27.56,10.84,10.8,11.27,13.18,,,20.03,19.01,32.6,13.91,12.13,13.22,14.45,12.54,11.92,9.45,3.18,3.03,2.4,11.75,15.48,13.88,60.46,54.32,48.17,5.15,,17.04,10.12,6.02,20.03,13.39,8.36,-14.45,,27.26,21.05,16.17,
6415,矽力*-KY,523.0,2026-07-09,年配,2.55,0.49,,2.55,2.4,1.96,4.5,18.0,10.5,7.5,6.5,,0.49,0.46,0.37,0.86,3.44,2.01,1.43,1.24,,,6.32,2.02,22.08,27.26,19.32,16.53,15.57,,,5.95,1.96,15.95,61.51,35.72,25.83,20.78,2.3,5.88,6.74,0.44,1.12,1.29,4.17,14.42,15.59,70.17,49.45,41.08,1.98,,4.31,2.56,0.93,5.95,3.63,1.66,112.9,,18.73,54.22,5.36,
6416,瑞祺電通,98.4,2026-07-09,年配,2.8,2.85,,2.8,2.9,2.8,3.6,2.0,3.65,3.0,3.5,,2.85,2.95,2.85,3.66,2.03,3.71,3.05,3.56,,,9.11,9.01,13.37,7.42,13.9,12.51,18.52,,,4.5,4.4,5.85,3.0,5.29,4.28,5.42,2.83,2.82,3.03,2.88,2.87,3.08,9.06,9.73,11.98,64.04,64.07,65.71,1.35,,2.91,1.85,1.1,4.5,3.4,2.2,22.73,,-14.41,-15.91,3.16,
6426,統新,187.5,2026-07-09,年配,0.5,0.27,,0.5,0.5,0.5,2.0,2.0,2.5,2.0,1.5,,0.27,0.27,0.27,1.07,1.07,1.33,1.07,0.8,,,-13.31,-8.56,6.93,0.88,10.23,9.16,1.46,,,-3.58,-2.68,2.33,0.3,3.58,2.78,0.35,0.5,1.1,1.44,0.27,0.59,0.77,-10.94,-3.52,0.97,-16.32,179.97,184.32,0.74,,-1.08,-1.78,-0.56,-3.58,-2.7,-1.68,232.14,,60.0,-5.95,0.22,
6431,光麗-KY,18.25,2026-07-09,年配,0.0,0.0,,,,,,,,,,,,,,,,,,,,,-33.95,-16.93,-10.08,6.82,-18.89,-7.34,-4.58,,,-2.52,-1.82,-1.22,0.51,-1.38,-0.6,-0.41,,,,,,,-25.44,-13.54,-12.14,,,,-0.4,,-1.44,-1.02,-0.46,-2.52,-1.66,-1.25,13.04,,13.25,18.4,-1.38,
6438,迅得,150.0,2026-07-09,半年配,5.0,3.33,,5.0,5.0,5.5,6.0,6.5,4.3,1.5,2.8,,3.33,3.33,3.67,4.0,4.33,2.87,1.0,1.87,,,12.47,16.65,18.99,23.83,19.94,3.95,14.39,,,7.63,8.89,9.41,10.15,6.35,1.17,4.04,5.17,5.6,4.58,3.44,3.73,3.05,14.56,17.98,15.75,63.7,63.8,74.35,1.76,,4.17,3.28,1.56,7.63,3.71,3.11,12.82,,12.4,5.47,4.37,
6442,光聖,1480.0,2026-07-09,年配,11.8,0.8,,11.8,8.6,2.1,2.1,1.2,1.0,1.36,1.5,,0.8,0.58,0.14,0.14,0.08,0.07,0.09,0.1,,,36.72,8.31,17.25,6.0,-2.08,-0.95,7.35,,,14.3,2.53,4.85,1.56,-0.57,-0.28,2.34,7.5,5.16,3.71,0.51,0.35,0.25,22.52,17.07,10.37,71.57,65.84,-47.67,7.82,,13.87,6.85,4.26,14.3,8.52,5.07,83.57,,62.79,35.11,17.43,
6443,元晶,31.25,2026-07-09,年配,0.0,0.0,,,,0.4,0.1,,,,,,,,1.28,0.32,,,,,,,-8.29,7.64,3.36,0.96,-7.11,-6.47,-30.86,,,-1.17,1.07,0.41,0.1,-0.74,-0.6,-2.54,0.4,0.25,0.25,1.28,0.8,0.8,-0.32,0.92,-5.82,37.38,30.88,30.88,-0.2,,-1.9,-0.69,-0.23,-1.17,0.14,0.1,13.04,,-1457.14,-790.0,-1.87,
6446,藥華藥,1285.0,2026-07-09,年配,1.5,0.12,,1.5,1.1,,,,,,,,0.12,0.09,,,,,,,,,11.54,-3.46,-16.77,-68.81,-63.1,-35.67,-35.07,,,8.96,-1.93,-4.84,-10.8,-8.04,-3.85,-4.76,1.3,1.3,1.3,0.1,0.1,0.1,4.04,-19.38,-30.19,12.28,12.28,12.28,5.79,,9.66,6.3,3.8,8.96,5.23,3.05,52.37,,84.7,106.56,11.65,
6449,鈺邦,352.0,2026-07-09,年配,4.2,1.19,,4.2,3.6,2.3,2.3,2.0,1.9,1.0,1.0,,1.19,1.02,0.65,0.65,0.57,0.54,0.28,0.28,,,14.72,11.65,12.84,12.95,12.63,7.11,10.64,,,6.08,3.73,3.82,3.49,3.1,1.66,2.24,3.37,2.88,2.29,0.95,0.82,0.65,13.18,13.04,11.79,60.44,59.6,57.79,2.11,,4.81,2.53,1.54,6.08,4.13,2.8,37.01,,16.46,-9.64,5.38,
6451,訊芯-KY,518.0,2026-07-09,年配,0.22,0.04,,0.22254211,0.36,2.46,1.16961239,2.56,4.13,3.7,2.27,,0.04,0.07,0.47,0.23,0.49,0.8,0.71,0.44,,,0.52,6.72,2.77,5.93,12.09,11.12,5.25,,,0.4,4.1,1.92,3.77,6.88,6.16,2.83,1.01,1.35,2.11,0.19,0.26,0.41,3.62,3.98,6.34,75.0,69.71,68.45,-1.45,,-0.64,-1.64,-1.05,0.4,0.11,0.03,-38.1,,-681.82,-5566.67,-1.04,
6456,GIS-KY,70.7,2026-07-09,年配,0.0,0.0,,,,,3.5,5.0,4.0,3.5,4.0,,,,,4.95,7.07,5.66,4.95,5.66,,,0.39,-8.93,10.19,14.27,13.66,13.43,16.18,,,0.46,-8.11,10.19,12.97,11.04,10.02,11.77,,4.25,4.0,,6.01,5.66,-4.27,3.98,8.46,,36.45,35.61,-0.61,,-0.37,-0.09,-0.21,0.46,-0.22,-0.05,-190.48,,-68.18,-80.0,-0.77,
6464,台數科,77.6,2026-07-09,半年配,1.33,1.71,,1.33,3.3,4.3,5.0,4.5,2.65,4.0,2.0,,1.71,4.25,5.54,6.44,5.8,3.41,5.15,2.58,,,10.93,9.18,10.92,14.21,15.64,10.7,9.7,,,6.97,5.78,6.66,8.27,8.54,5.68,5.21,2.98,3.69,3.38,3.83,4.75,4.36,10.06,11.31,11.61,60.87,62.81,55.87,1.39,,4.16,2.8,1.57,6.97,5.41,3.76,-11.46,,-23.11,-25.53,3.98,
6472,保瑞,426.0,2026-07-09,半年配,10.0,2.35,,10.0,14.0,12.0,8.0,3.5,2.0,2.0,3.0,,2.35,3.29,2.82,1.88,0.82,0.47,0.47,0.7,,,30.18,36.34,33.8,26.69,28.09,20.51,45.53,,,38.69,30.2,18.52,11.04,10.76,7.9,16.18,12.0,9.5,6.81,2.82,2.23,1.6,33.26,31.75,31.59,37.97,37.71,30.47,0.21,,21.34,19.5,13.55,38.69,32.87,18.68,-98.45,,-35.08,4.39,8.0,
6477,安集,39.85,2026-07-09,年配,0.35,0.88,,0.35,0.3,0.8,0.8,0.52363301,1.1385,1.0,0.8,,0.88,0.75,2.01,2.01,1.31,2.86,2.51,2.01,,,-3.86,3.94,7.52,5.12,12.31,11.45,14.42,,,-0.67,1.21,1.93,1.16,2.65,2.21,2.42,0.48,0.55,0.71,1.21,1.39,1.79,0.04,3.18,7.27,10.67,26.98,32.74,-0.02,,0.12,0.14,-0.09,-0.67,0.0,-0.15,77.78,,,193.33,0.19,
6491,晶碩,375.0,2026-07-09,年配,10.0,2.67,,10.0,11.0,10.0,10.0,8.5,5.0,2.5,1.5,,2.67,2.93,2.67,2.67,2.27,1.33,0.67,0.4,,,17.62,20.38,25.77,24.71,16.54,15.69,31.14,,,23.47,22.83,22.03,17.84,10.22,7.62,9.02,10.33,9.9,7.31,2.76,2.64,1.95,19.0,22.12,21.69,45.33,45.93,40.3,6.06,,15.38,10.29,6.27,23.47,18.23,12.62,-3.35,,-15.63,-18.46,15.17,
6504,南六,36.0,2026-07-09,年配,1.0,2.78,,1.0,1.0,1.1,1.0,1.2,12.0,4.5,5.0,,2.78,2.78,3.06,2.78,3.33,33.33,12.5,13.89,,,2.82,3.42,1.65,3.02,39.43,17.05,19.96,,,1.39,1.65,0.8,1.62,20.02,7.25,8.16,1.03,1.06,3.35,2.87,2.95,9.31,3.12,2.73,12.48,69.31,84.42,74.42,0.1,,-2.15,-2.64,0.59,1.39,0.26,0.89,-83.05,,-926.92,-396.63,-2.64,
6505,台塑化,58.8,2026-07-09,年配,1.2,2.04,,1.2,0.8,2.0,1.1,3.8,0.59,2.9,4.8,,2.04,1.36,3.4,1.87,6.46,1.0,4.93,8.16,,,1.81,6.64,4.24,14.64,2.28,10.89,17.54,,,0.63,2.3,1.51,5.19,0.78,3.86,6.31,1.33,1.78,2.15,2.27,3.03,3.65,4.22,6.83,8.29,106.97,90.0,83.84,2.14,,0.5,-0.4,0.39,0.63,0.49,0.81,448.72,,2.04,-149.38,2.25,
6515,穎崴,7765.0,2026-07-09,年配,50.0,0.64,,50.0,25.0,11.0,22.0,11.0,13.0,12.0,5.0,,0.64,0.32,0.14,0.28,0.14,0.17,0.15,0.06,,,26.27,12.92,33.21,20.7,31.81,43.47,24.64,,,34.31,13.52,32.22,14.46,17.42,19.0,8.61,28.67,23.8,18.62,0.37,0.3,0.24,19.6,23.28,27.57,77.12,74.65,70.63,19.54,,33.4,22.97,17.21,34.31,24.08,12.33,13.54,,38.7,86.29,35.73,
6525,捷敏-KY,199.5,2026-07-09,年配,5.0,2.51,,5.0,4.2,3.5,5.5,5.5,4.5,3.5,4.0,,2.51,2.11,1.75,2.76,2.76,2.26,1.75,2.01,,,15.31,13.32,21.96,21.51,18.35,18.7,23.7,,,5.15,4.39,7.21,6.65,5.31,5.15,6.6,4.23,4.74,4.46,2.12,2.38,2.24,14.32,18.03,18.98,80.64,80.07,76.23,1.62,,4.38,2.53,1.42,5.15,3.61,2.47,14.08,,21.33,2.43,4.58,
6526,達發,652.0,2026-07-09,年配,13.5,2.07,,13.5,12.5,5.0,60.0,,,,,,2.07,1.92,0.77,9.2,,,,,,,13.96,7.72,44.43,60.65,51.58,,,,,16.1,6.47,19.9,15.79,13.56,,,10.33,22.75,22.75,1.59,3.49,3.49,10.84,31.69,35.67,77.46,152.14,152.14,4.47,,14.0,9.0,4.36,16.1,12.34,7.25,2.52,,13.45,24.14,14.11,
6531,愛普*,922.0,2026-07-09,年配,7.0,0.76,,7.0,7.0,7.0,7.0,6.0,5.0,1.0,0.5,,0.76,0.76,0.76,0.76,0.65,0.54,0.11,0.05,,,13.59,12.98,24.66,51.29,31.18,-16.46,4.41,,,9.73,8.93,12.09,13.67,11.0,-5.33,1.55,7.0,6.8,5.06,0.76,0.74,0.55,13.28,25.63,17.38,75.16,63.03,44.44,4.15,,3.03,-1.32,2.04,9.73,6.63,4.56,103.43,,-54.3,-128.95,5.14,
6533,晶心科,191.5,2026-07-09,年配,0.0,0.0,,,,,1.5,2.84887117,0.741546,0.340122,0.69708658,,,,,0.78,1.49,0.39,0.18,0.36,,,0.04,-2.08,7.29,5.42,2.97,1.36,3.55,,,0.04,-2.01,7.03,3.59,0.82,0.38,0.97,,2.17,1.23,,1.14,0.64,-1.02,2.67,2.65,,50.35,70.5,-3.28,,-7.68,-7.85,-2.26,0.04,-2.58,-2.54,-45.13,,-197.67,-209.06,-8.7,
6534,正瀚-創,93.0,2026-07-09,半年配,4.8,5.16,,4.8,4.1,4.09,3.88,1.5,0.5,1.1,1.0,,5.16,4.41,4.4,4.17,1.61,0.54,1.18,1.08,,,18.41,20.11,24.43,18.2,6.77,13.46,24.86,,,4.63,4.76,4.79,3.45,1.19,2.37,4.77,4.33,3.67,2.62,4.66,3.95,2.82,19.26,20.29,18.03,87.24,74.74,58.33,4.15,,4.09,4.25,3.89,4.63,4.45,5.34,6.68,,-8.09,-20.41,4.35,
6541,泰福-KY,40.8,2026-07-09,年配,0.0,0.0,,,,,,,,,,,,,,,,,,,,,-161.17,-193.18,-78.41,-56.99,-74.47,-62.77,-47.56,,,-8.9,-16.58,-4.65,-4.74,-7.84,-9.26,-8.32,,,,,,,-177.18,-122.44,-96.36,,,,-1.47,,-4.53,-3.5,-2.09,-8.9,-7.25,-5.37,29.67,,37.52,34.82,-3.91,
6550,北極星藥業-KY,13.0,2026-07-09,年配,0.0,0.0,,,,,,,,,,,,,,,,,,,,,-35.42,-19.53,-14.48,-14.67,-20.34,-39.05,-125.22,,,-3.35,-2.12,-1.57,-1.09,-1.01,-2.46,-3.81,,,,,,,-27.48,-21.02,-38.39,,,,-0.64,,-2.91,-2.02,-0.86,-3.35,-2.23,-1.26,25.58,,-30.49,-60.32,-2.69,
6552,易華電,29.45,2026-07-09,年配,0.0,0.0,,,0.2,0.3,0.45,2.0,1.5,2.0,2.0,,,0.68,1.02,1.53,6.79,5.09,6.79,6.79,,,0.51,0.3,2.8,12.8,6.56,25.32,12.22,,,0.16,0.09,0.88,3.91,1.57,5.24,2.2,0.25,0.74,1.21,0.85,2.5,4.1,0.4,4.1,8.64,229.16,140.16,112.18,-0.65,,-3.5,-2.16,-0.69,0.16,0.36,1.07,5.8,,-1072.22,-301.87,-3.46,
6558,興能高,29.8,2026-07-09,年配,0.0,0.0,,,0.3,,,,0.3,1.0,1.20431584,,,1.01,,,,1.01,3.36,4.04,,,0.64,-2.99,-3.94,0.22,4.47,11.86,14.07,,,0.1,-0.48,-0.65,0.04,0.72,1.88,2.17,0.3,0.3,0.7,1.01,1.01,2.36,-1.18,-1.52,3.48,300.0,300.0,112.59,-0.35,,-0.45,-0.56,-0.07,0.1,0.07,0.06,-400.0,,-742.86,-1033.33,-0.73,
6573,虹揚-KY,27.95,2026-07-09,年配,0.0,0.0,,,,,,,,,0.25,,,,,,,,,0.89,,,-12.61,-28.96,-22.25,-14.34,-17.34,-8.92,1.57,,,-1.94,-2.91,-2.59,-1.93,-2.54,-1.57,0.55,,,0.25,,,0.89,-20.78,-19.54,-14.69,,,45.45,-0.4,,1.61,-0.98,-0.48,-1.94,-1.25,-1.33,16.67,,228.8,26.32,1.69,
6579,研揚,168.0,2026-07-09,年配,3.75,2.23,,3.75,5.15,6.5,5.0,3.1,3.0,3.2,4.1,,2.23,3.07,3.87,2.98,1.85,1.79,1.9,2.44,,,9.41,10.87,13.27,6.13,5.56,8.01,12.75,,,7.72,8.42,10.03,4.22,3.58,5.17,6.86,5.13,4.7,4.22,3.06,2.8,2.52,10.14,9.92,9.43,71.96,66.8,67.53,3.81,,3.44,1.9,2.07,7.72,5.37,5.58,84.06,,-35.94,-65.95,5.18,
6581,鋼聯,106.5,2026-07-09,年配,5.3,4.98,,5.3,6.0,4.3,6.5,4.0,3.0,2.6,4.98,,4.98,5.63,4.04,6.1,3.76,2.82,2.44,4.68,,,19.38,11.95,24.24,15.38,11.65,11.34,26.68,,,7.47,4.54,8.84,5.08,3.66,3.58,7.11,5.2,5.22,4.58,4.88,4.9,4.31,15.66,17.74,17.23,87.51,81.82,78.85,1.17,,4.45,3.17,1.28,7.47,5.13,3.72,-8.59,,-13.26,-14.78,4.34,
6582,申豐,32.8,2026-07-09,年配,0.0,0.0,,,1.0,,1.5,15.0,10.0,4.5,3.6,,,3.05,,4.57,45.73,30.49,13.72,10.98,,,1.75,-1.83,2.63,56.96,42.34,15.37,13.33,,,0.99,-1.02,1.65,32.74,16.85,5.01,4.08,1.0,5.83,5.93,3.05,17.78,18.09,-0.04,14.88,18.65,101.01,79.25,79.19,-0.26,,-0.19,-0.8,-0.15,0.99,1.08,0.14,-73.33,,-117.59,-671.43,-0.3,
6585,鼎基,124.5,2026-07-09,年配,4.5,3.61,,4.5,7.92426074,3.9049343,3.0,3.0000239,1.5,0.5,1.0,,3.61,6.36,3.14,2.41,2.41,1.2,0.4,0.8,,,20.39,13.39,9.88,12.04,2.78,1.84,3.46,,,10.44,6.01,4.0,4.55,1.02,0.69,1.32,5.44,4.47,3.17,4.37,3.59,2.54,16.89,13.92,9.11,70.44,70.45,82.44,1.86,,3.81,2.69,2.61,10.44,8.19,5.92,-28.74,,-53.48,-54.56,3.06,
6589,台康生技,48.25,2026-07-09,年配,0.0,0.0,,,,,,,,,,,,,,,,,,,,,-7.25,-8.84,-1.09,-0.69,-55.4,-43.67,-22.76,,,-2.28,-3.0,-0.38,-0.18,-5.41,-5.39,-2.97,,,,,,,-8.04,-4.47,-19.96,,,,-0.47,,-1.94,-1.74,-0.52,-2.28,-1.9,-1.06,9.62,,-2.11,-64.15,-1.89,
6591,動力-KY,49.4,2026-07-09,年配,4.0,8.1,,4.0,2.4,2.75,4.0,4.0,2.75,1.5,1.4975892,,8.1,4.86,5.57,8.1,8.1,5.57,3.04,3.03,,,6.4,6.77,13.87,15.07,13.68,9.35,8.32,,,3.21,3.4,6.9,6.83,5.66,3.44,3.12,3.05,3.43,2.86,6.18,6.95,5.8,6.58,10.53,10.49,77.82,68.05,58.91,0.75,,4.65,2.85,1.71,3.21,2.53,1.22,-56.14,,83.79,133.61,3.69,
6592,和潤企業,59.4,2026-07-09,年配,3.0,5.05,,3.0,3.0,3.0,3.5,4.2,3.5,3.1,3.3,,5.05,5.05,5.05,5.89,7.07,5.89,5.22,5.56,,,8.02,11.23,13.94,14.36,12.21,13.99,16.42,,,4.44,6.41,7.04,6.1,5.01,5.81,4.7,3.0,3.34,3.32,5.05,5.62,5.6,9.62,11.89,12.88,57.18,58.23,60.91,0.76,,3.16,1.92,0.47,4.44,3.7,2.53,61.7,,-14.59,-24.11,3.45,
6592A,和潤企業甲特,95.1,2026-07-09,年配,4.2,4.42,,4.2,4.2,4.2,1.17369864,,,,,,4.42,4.42,4.42,1.23,,,,,,,,,,,,,,,,,,,,,,,4.2,3.44,3.44,4.42,3.62,3.62,,,,,,,,,,,,,,,,,,,,
6592B,和潤企業乙特,95.1,2026-07-09,年配,4.5,4.73,,4.5,4.5,1.5410959,,,,,,,4.73,4.73,1.62,,,,,,,,,,,,,,,,,,,,,,,,3.51,3.51,3.51,3.69,3.69,3.69,,,,,,,,,,,,,,,,,,,,
6598,ABC-KY,22.85,2026-07-09,年配,0.0,0.0,,,,,,,,,,,,,,,,,,,,,-33.87,-22.23,-21.49,-16.6,-12.8,-58.14,-75.66,,,-2.88,-2.01,-2.26,-2.02,-1.33,-4.36,-5.06,,,,,,,-28.05,-23.55,-34.4,,,,0.2,,-1.33,-1.0,-0.35,-2.88,-2.2,-1.38,157.14,,39.55,27.54,-0.78,
6605,帝寶,126.0,2026-07-09,年配,6.5,5.16,,6.5,9.0,6.5,5.0,3.0,1.4,1.5,2.3,,5.16,7.14,5.16,3.97,2.38,1.11,1.19,1.83,,,17.02,14.03,11.84,7.98,4.07,4.62,7.26,,,18.98,14.29,10.86,6.85,3.56,3.89,5.66,7.33,6.0,4.4,5.82,4.76,3.49,15.52,12.72,9.55,46.46,45.69,43.04,4.41,,8.84,5.48,5.04,18.98,14.1,10.24,-12.5,,-37.3,-46.48,8.21,
6606,建德工業,25.05,2026-07-09,年配,1.03,4.11,,1.03,3.0,1.5,2.25977276,2.0,2.0,1.2,0.76,,4.11,11.98,5.99,9.02,7.98,7.98,4.79,3.03,,,6.69,6.46,9.07,9.81,24.9,5.98,11.22,,,0.92,0.95,1.47,1.6,3.9,0.77,1.43,1.84,1.96,1.72,7.36,7.82,6.86,6.58,8.01,10.59,241.99,190.68,146.14,0.26,,0.76,0.46,0.26,0.92,0.74,0.58,0.0,,2.7,-20.69,0.76,
6614,資拓宏宇,40.0,2026-07-09,年配,1.65,4.12,,1.65,,,,,,,,,4.12,,,,,,,,,,,,,,,,,,,,,,,,,,1.65,1.65,1.65,4.12,4.12,4.12,,,,,,,0.16,,0.87,0.46,-0.47,,,,134.04,,,,1.5,
6625,必應,78.9,2026-07-09,年配,5.0,6.34,,5.0,4.0,3.5,,,,0.1,1.5,,6.34,5.07,4.44,,,,0.13,1.9,,,30.58,40.91,-3.42,-15.19,-20.93,0.9,16.34,,,5.84,6.68,-0.31,-2.0,-3.3,0.09,2.43,4.17,4.17,2.82,5.28,5.28,3.58,35.74,13.22,7.03,60.44,60.44,73.43,1.42,,6.5,3.34,0.23,5.84,3.69,2.23,517.39,,76.15,49.78,7.69,
6641,基士德-KY,18.55,2026-07-09,年配,0.4,2.16,,0.4,1.0,1.0,3.5,4.5,4.5,4.5,3.8,,2.16,5.39,5.39,18.87,24.26,24.26,24.26,20.49,,,2.92,2.57,11.5,15.32,17.02,18.82,22.12,,,1.4,1.28,5.0,6.3,6.52,6.79,6.86,0.8,2.08,2.9,4.31,11.21,15.64,2.74,8.08,12.9,74.78,72.74,68.81,0.02,,0.11,-0.15,0.0,1.4,1.38,1.15,,,-92.03,-113.04,0.13,
6645,金萬林-創,15.8,2026-07-09,年配,0.0,0.0,,,,,0.1,0.25,,,,,,,,0.63,1.58,,,,,,-26.34,-17.66,7.55,18.09,-8.01,-14.29,-11.97,,,-3.02,-2.22,1.05,2.9,-1.03,-1.55,-1.52,,0.18,0.18,,1.1,1.1,-22.0,-4.59,-7.52,,9.07,9.07,-0.76,,-1.96,-1.43,-0.82,-3.02,-2.2,-1.53,7.32,,10.91,6.54,-1.9,
6655,科定,118.0,2026-07-09,半年配,6.0,5.08,,6.0,12.0,9.0,,12.0,8.0,0.6,0.5,,5.08,10.17,7.63,,10.17,6.78,0.51,0.42,,,16.89,12.28,20.69,25.96,12.27,6.91,11.81,,,4.93,3.52,5.56,7.68,4.09,2.25,3.5,9.0,9.75,6.87,7.63,8.26,5.82,14.58,18.95,15.26,249.54,218.45,148.65,0.95,,2.48,1.69,0.81,4.93,3.83,2.43,17.28,,-35.25,-30.45,2.62,
6657,華安,35.3,2026-07-09,年配,0.0,0.0,,,,,,,,,,,,,,,,,,,,,-29.95,-37.02,-36.52,-15.77,-17.74,-24.18,-29.59,,,-3.03,-3.62,-3.99,-2.0,-2.19,-2.85,-2.36,,,,,,,-33.48,-29.82,-27.25,,,,-0.53,,-2.19,-1.64,-1.11,-3.03,-2.38,-1.2,52.25,,7.98,-36.67,-1.61,
6658,聯策,179.5,2026-07-09,年配,1.2,0.67,,1.2,1.2,1.2,2.0,1.2,0.6,1.2,1.2,,0.67,0.67,0.67,1.11,0.67,0.33,0.67,0.67,,,4.17,2.99,13.46,4.44,9.13,4.92,8.74,,,1.09,0.99,3.97,0.75,2.64,1.43,2.49,1.2,1.36,1.22,0.67,0.76,0.68,3.58,6.26,6.84,115.65,110.42,85.22,1.63,,0.36,0.3,0.4,1.09,0.22,0.49,307.5,,63.64,-38.78,1.59,
6666,羅麗芬-KY,44.45,2026-07-09,年配,2.0,4.5,,2.0,2.0,1.3,1.1,1.5,2.0,7.0,7.0,,4.5,4.5,2.92,2.47,3.37,4.5,15.75,15.75,,,5.19,5.28,3.29,4.27,5.95,28.08,33.01,,,1.7,1.86,1.16,1.48,2.2,10.5,11.09,1.77,1.58,2.99,3.97,3.55,6.72,5.24,4.51,12.15,93.77,95.93,86.35,0.32,,2.63,1.96,0.58,1.7,1.95,1.27,-44.83,,34.87,54.33,2.37,
6668,中揚光,37.9,2026-07-09,年配,0.0,0.0,,,,,,,1.15,,1.0,,,,,,,3.03,,2.64,,,-9.64,-14.74,-17.3,-14.33,6.38,6.62,9.15,,,-1.85,-3.24,-4.53,-4.02,1.85,1.75,2.3,,,1.08,,,2.84,-12.19,-14.0,-4.84,,,52.82,-0.62,,-1.11,-0.56,-0.5,-1.85,-1.22,-1.14,-24.0,,9.02,50.88,-1.23,
6669,緯穎,5040.0,2026-07-09,年配,144.39,2.86,,144.39154497,74.0,42.0,50.0,25.0,32.0,22.99881606,16.0,,2.86,1.47,0.83,0.99,0.5,0.63,0.46,0.32,,,34.92,29.73,42.85,33.34,38.49,39.81,80.87,,,126.57,68.88,81.07,49.46,49.25,36.42,38.0,86.8,67.08,50.8,1.72,1.33,1.01,32.33,35.21,42.86,59.72,57.92,57.42,75.95,,200.85,117.93,52.7,126.57,88.38,53.77,44.12,,127.26,119.32,224.1,
6670,復盛應用,261.5,2026-07-09,年配,16.0,6.12,,16.0,19.64916189,12.5,22.0,12.0,6.6,8.0,11.0,,6.12,7.51,4.78,8.41,4.59,2.52,3.06,4.21,,,27.87,20.19,47.97,32.51,17.79,35.89,46.36,,,28.17,18.18,36.64,18.03,8.62,16.61,16.85,16.05,16.43,13.47,6.14,6.28,5.15,24.03,32.14,32.65,69.26,66.28,65.02,6.96,,14.55,11.07,8.83,28.17,18.66,12.57,-21.18,,-22.03,-11.93,12.68,
6671,三能-KY,24.6,2026-07-09,年配,1.2,4.88,,1.2,2.6,2.5,2.0,3.0,3.0,3.0,3.0,,4.88,10.57,10.16,8.13,12.2,12.2,12.2,12.2,,,11.2,10.5,8.6,12.28,13.34,11.51,11.45,,,3.18,2.89,2.43,3.5,3.66,3.11,3.28,2.1,2.26,2.54,8.54,9.19,10.32,10.85,10.64,11.27,84.14,84.07,86.6,0.26,,1.65,0.85,0.37,3.18,2.19,1.52,-29.73,,-24.66,-44.08,1.54,
6672,騰輝電子-KY,298.0,2026-07-09,半年配,3.35,1.12,,3.35,3.35,3.35,3.6,6.6,3.2,5.0,3.66,,1.12,1.12,1.12,1.21,2.21,1.07,1.68,1.23,,,10.66,13.68,15.18,30.08,15.52,22.92,27.9,,,5.01,6.08,6.6,11.72,5.28,6.85,6.75,3.35,4.05,4.01,1.12,1.36,1.35,12.17,17.4,19.42,60.98,58.21,60.09,1.73,,3.46,2.29,1.05,5.01,3.85,3.15,64.76,,-10.13,-27.3,4.14,
6674,鋐寶科技,16.8,2026-07-09,年配,0.0,0.0,,,,,0.5,1.0,1.0,0.1,1.8,,,,,2.98,5.95,5.95,0.6,10.71,,,-15.59,-24.48,-4.02,1.99,2.78,0.6,10.97,,,-2.46,-4.84,-0.94,0.49,0.7,0.16,3.02,,0.75,0.88,,4.46,5.24,-20.04,-10.52,-3.96,,75.45,83.17,-1.04,,-0.98,-0.79,-0.35,-2.46,-1.45,-0.95,-197.14,,32.41,16.84,-1.67,
6689,伊雲谷,63.8,2026-07-09,年配,2.0,3.13,,2.0,2.0,2.0,2.8,2.5,1.1,0.35,2.0,,3.13,3.13,3.13,4.39,3.92,1.72,0.55,3.13,,,3.74,5.91,4.41,12.12,9.67,11.87,15.2,,,2.26,2.7,1.61,3.4,3.09,4.28,3.12,2.0,2.26,1.84,3.13,3.54,2.89,4.82,6.54,8.99,81.28,102.5,73.98,0.53,,1.15,0.83,0.57,2.26,1.75,0.87,-7.02,,-34.29,-4.6,1.11,
6691,洋基工程,708.0,2026-07-09,年配,21.0,2.97,,21.0,16.0,16.0,19.25,14.0,6.3,10.0,8.0,,2.97,2.26,2.26,2.72,1.98,0.89,1.41,1.13,,,34.15,32.9,35.8,28.75,22.23,27.56,34.02,,,19.36,20.22,25.48,15.83,11.37,12.92,19.08,17.67,17.25,13.82,2.5,2.44,1.95,33.52,32.9,30.77,80.88,81.44,71.5,7.19,,16.64,10.54,5.7,19.36,13.01,7.77,26.14,,27.9,35.65,18.13,
6695,芯鼎,53.7,2026-07-09,年配,0.0,0.0,,,,,,,,,,,,,,,,,,,,,-2.27,-3.74,4.57,15.27,-14.8,-14.06,-19.46,,,-0.41,-0.68,0.8,1.9,-1.07,-1.13,-1.82,,,,,,,-3.0,3.46,-4.93,,,,-0.68,,-1.86,-1.49,-0.71,-0.41,-0.92,-0.63,4.23,,-102.17,-136.51,-1.83,
6698,旭暉應材,40.05,2026-07-09,年配,0.5,1.25,,0.5,,,,,0.5,1.6,1.0,,1.25,,,,,1.25,4.0,2.5,,,-1.01,-1.5,1.28,4.39,1.75,18.81,17.14,,,-0.96,-1.3,-0.55,0.39,0.07,3.4,2.25,0.5,0.5,0.9,1.25,1.25,2.25,-1.25,0.79,5.84,,,268.6,-0.35,,-1.45,-1.12,-0.27,-0.96,-0.96,-0.67,-29.63,,-51.04,-67.16,-1.53,
6706,惠特,139.0,2026-07-09,年配,0.0,0.0,,,,,3.5,10.0,4.0,1.0,4.0,,,,,2.52,7.19,2.88,0.72,2.88,,,-8.17,-9.62,22.59,30.91,14.41,15.34,21.55,,,-4.29,-5.13,12.66,13.98,5.12,5.19,5.31,,6.75,4.5,,4.86,3.24,-8.9,8.93,12.43,,49.59,54.38,-0.96,,-3.69,-3.41,-0.21,-4.29,-4.01,-2.65,-357.14,,7.98,-28.68,-4.44,
6715,嘉基,391.5,2026-07-09,年配,2.0,0.51,,2.0,3.9,3.5,4.5,1.8,2.5,1.8,0.5,,0.51,1.0,0.89,1.15,0.46,0.64,0.46,0.13,,,8.87,12.8,24.93,10.23,17.04,13.17,39.64,,,5.26,6.38,9.42,3.05,4.77,3.04,5.01,3.13,3.14,2.56,0.8,0.8,0.66,10.84,14.21,18.1,64.5,58.95,51.06,1.02,,1.17,1.14,0.69,5.26,4.5,3.15,47.83,,-74.0,-63.81,1.5,
6719,力智,266.5,2026-07-09,年配,4.6,1.73,,4.6,1.7,2.5,10.0,7.5,1.5,,1.0,,1.73,0.64,0.94,3.75,2.81,0.56,,0.38,,,2.12,0.6,19.8,47.68,28.4,5.5,37.91,,,2.42,0.63,14.85,15.75,6.27,1.03,7.19,2.93,5.26,4.11,1.1,1.97,1.54,1.36,17.55,20.29,233.54,145.51,103.31,2.1,,4.25,1.89,1.48,2.42,2.53,2.47,41.89,,67.98,-23.48,4.87,
6722,輝創,35.45,2026-07-09,年配,2.0,5.64,,2.0,,,,,,,,,5.64,,,,,,,,,,,,,,,,,,,,,,,,,,2.0,2.0,2.0,5.64,5.64,5.64,,,,,,,0.34,,2.02,1.49,0.48,,,,-29.17,,,,1.88,
6742,澤米,57.0,2026-07-09,年配,0.0,0.0,,,0.3,1.2,1.75,,,,,,,0.53,2.11,3.07,,,,,,,1.47,2.18,24.94,3.08,0.38,0.86,,,,0.3,0.42,4.6,0.4,0.04,0.1,,0.75,1.08,1.08,1.32,1.9,1.9,1.83,7.92,5.48,192.86,141.25,141.25,-0.35,,-1.5,-1.2,-0.09,0.3,0.08,0.14,-288.89,,-1975.0,-957.14,-1.76,
6743,安普新,30.9,2026-07-09,年配,3.0,9.71,,3.0,1.5,0.5,0.5,0.5,1.63934426,0.1,1.25,,9.71,4.85,1.62,1.62,1.62,5.31,0.32,4.05,,,11.01,-0.3,2.65,-1.55,20.52,6.52,25.63,,,2.1,-0.05,0.5,-0.33,4.4,1.04,4.0,1.67,1.2,1.12,5.39,3.88,3.64,5.36,2.95,9.21,-464.28,-245.02,-128.85,-0.19,,0.39,-0.4,-0.3,2.1,2.25,0.46,36.67,,-82.67,-186.96,0.5,
6753,龍德造船,148.0,2026-07-09,年配,1.25,0.84,,1.25,1.25,1.1,1.0,0.25,0.58,0.42,,,0.84,0.84,0.74,0.68,0.17,0.39,0.28,,,,21.02,23.19,16.01,13.54,10.9,9.48,,,,6.25,5.43,2.93,2.67,2.01,1.92,,1.2,0.97,0.84,0.81,0.65,0.56,22.1,18.44,15.69,20.13,20.94,22.42,2.7,,3.74,1.97,1.48,6.25,5.21,4.38,82.43,,-28.21,-55.02,4.96,
6754,匯僑設計,41.5,2026-07-09,年配,3.5,8.43,,3.5,4.0,3.5,3.7,3.5,2.8,1.2,,,8.43,9.64,8.43,8.92,8.43,6.75,2.89,,,,18.67,13.1,16.7,11.73,12.08,14.49,20.28,,,6.4,4.25,5.23,3.52,3.43,3.67,3.65,3.67,3.64,3.17,8.83,8.77,7.64,15.89,15.05,15.29,72.42,78.76,71.56,0.12,,2.29,0.8,0.29,6.4,5.0,3.33,-58.62,,-54.2,-75.98,2.12,
6756,威鋒電子,99.7,2026-07-09,年配,0.9,0.9,,0.9,1.8,2.0,7.5,11.0,4.5,3.3,,,0.9,1.81,2.01,7.52,11.03,4.51,3.31,,,,5.29,5.98,22.67,30.26,18.28,30.66,18.92,,,2.26,2.62,10.56,13.04,5.29,4.05,2.07,1.57,4.64,4.43,1.57,4.65,4.44,5.64,16.05,18.87,78.0,77.84,79.65,0.64,,0.71,0.57,0.23,2.26,1.91,1.49,178.26,,-62.83,-61.74,1.12,
6757,台灣虎航,58.2,2026-07-09,年配,2.42,4.16,,2.42027,6.05,,,,,2.0,,,4.16,10.4,,,,,3.44,,,,46.76,70.89,-121.38,-66.68,-46.96,33.63,48.92,,,6.16,4.27,-7.12,-7.19,-6.45,4.04,4.91,4.24,4.24,3.49,7.28,7.28,6.0,58.82,-17.6,-4.97,98.21,98.21,73.85,2.91,,4.28,3.26,2.05,6.16,5.52,3.42,41.95,,-22.46,-4.68,5.14,
6768,志強-KY,71.2,2026-07-09,年配,5.16,7.25,,5.15512584,6.17546298,3.8,5.0,3.5,3.375,,,,7.24,8.67,5.34,7.02,4.92,4.74,,,,,11.07,3.89,13.76,5.66,3.73,9.4,,,,8.15,2.78,9.22,3.42,2.35,6.02,,5.04,4.73,4.5,7.08,6.64,6.32,7.48,8.59,7.92,106.23,92.26,102.53,1.2,,5.32,4.46,2.71,8.15,5.78,4.02,-55.72,,-7.96,10.95,3.81,
6770,力積電,71.1,2026-07-09,半年配,0.0,0.0,,,,,1.02903734,1.83222841,0.68461549,,,,,,,1.45,2.58,0.96,,,,,-7.43,-1.74,26.73,32.24,12.07,-8.85,,,,-1.64,-0.4,5.8,4.92,1.23,-0.94,,,1.43,1.18,,2.02,1.66,-4.58,12.45,8.84,,27.49,36.88,3.36,,-1.71,-1.06,-0.26,-1.64,-1.27,-0.58,1392.31,,-34.65,-82.76,1.91,
6771,平和環保-創,39.8,2026-07-09,年配,3.2,8.04,,3.2,3.5,4.0,4.0,4.2,3.0,4.0,,,8.04,8.79,10.05,10.05,10.55,7.54,10.05,,,,14.52,18.76,21.0,23.31,17.21,23.11,24.89,,,3.89,4.76,5.2,5.44,3.85,5.08,3.94,3.57,3.78,3.7,8.96,9.5,9.3,16.64,19.4,20.4,87.0,82.03,80.8,0.69,,3.16,2.23,1.34,3.89,2.94,1.94,-48.51,,7.48,14.95,2.51,
6776,展碁國際,55.7,2026-07-09,年配,3.0,5.39,,3.0,3.0,3.5,3.5,3.2,2.0,1.5,,,5.39,5.39,6.28,6.28,5.75,3.59,2.69,,,,14.47,17.62,20.41,20.18,13.13,9.08,7.36,,,4.11,5.06,5.09,4.28,2.63,1.7,1.38,3.17,3.24,2.81,5.69,5.82,5.05,16.05,18.17,14.61,71.08,71.42,75.0,1.14,,3.18,2.01,1.01,4.11,3.09,2.08,12.87,,2.91,-3.37,3.31,
6781,AES-KY,1130.0,2026-07-09,年配,19.1,1.69,,19.1,12.5,11.6,19.0,15.0,5.3,,,,1.69,1.11,1.03,1.68,1.33,0.47,,,,,15.69,15.36,27.95,34.92,28.53,22.29,,,,25.39,23.04,37.67,30.18,14.17,9.41,,14.4,15.44,13.75,1.28,1.37,1.22,15.52,23.48,24.12,49.79,49.93,47.42,10.64,,28.71,19.36,9.7,25.39,16.9,10.63,9.69,,69.88,82.13,29.65,
6782,視陽,208.0,2026-07-09,半年配,8.4,4.04,,8.4,5.1,2.4,5.5,4.0,1.1,2.8,,,4.04,2.45,1.15,2.64,1.92,0.53,1.35,,,,19.06,9.67,29.09,45.52,15.32,,,,,10.1,4.79,11.11,8.11,2.35,,,5.3,5.08,4.19,2.55,2.44,2.01,14.36,25.84,23.73,50.3,49.86,49.25,3.82,,10.1,6.04,3.08,10.1,8.14,4.99,24.03,,24.08,21.04,10.84,
6789,采鈺,515.0,2026-07-09,年配,3.0,0.58,,3.0,2.99701565,0.9990663,1.99818891,2.0,1.98654499,,,,0.58,0.58,0.19,0.39,0.39,0.39,,,,,10.02,2.12,13.68,26.73,33.53,11.84,,,,5.49,1.13,5.8,7.41,7.18,2.11,,2.33,2.2,2.16,0.45,0.43,0.42,6.07,13.14,16.32,71.5,51.11,46.42,1.5,,2.8,1.71,0.85,5.49,3.73,1.91,76.47,,-24.93,-10.47,3.45,
6790,永豐實,40.6,2026-07-09,年配,2.65,6.53,,2.65,2.55,3.0,2.3,3.0,4.0,1.7055,,,6.53,6.28,7.39,5.67,7.39,9.85,4.2,,,,13.05,17.59,12.87,22.72,42.6,17.37,6.98,,,2.78,3.62,2.55,4.24,6.12,1.92,0.71,2.73,2.7,2.74,6.73,6.65,6.76,15.32,16.56,19.03,87.3,83.89,81.62,0.83,,2.23,1.47,0.79,2.78,2.18,1.64,5.06,,2.29,-10.37,2.27,
6792,詠業,61.7,2026-07-09,年配,2.5,4.05,,2.5,2.5,3.6,5.0,5.5,3.5,,,,4.05,4.05,5.83,8.1,8.91,5.67,,,,,5.95,11.48,15.56,20.67,17.2,16.31,,,,2.1,4.18,5.68,6.6,4.01,3.89,,2.87,3.82,3.77,4.64,6.19,6.1,8.72,13.42,14.53,102.58,94.13,92.76,0.53,,1.89,1.1,0.5,2.1,1.34,1.0,6.0,,41.04,10.0,1.92,
6794,向榮生技,82.4,2026-07-09,年配,0.0,0.0,,,,,,,,,,,,,,,,,,,,,-14.53,-18.08,-30.54,-28.49,-34.25,-35.59,-25.22,,,-1.62,-1.56,-2.2,-2.29,-3.07,-3.33,-4.26,,,,,,,-16.3,-22.91,-26.67,,,,-0.36,,-1.42,-1.0,-0.48,-1.62,-1.25,-1.02,25.0,,-13.6,1.96,-1.3,
6796,晉弘,59.2,2026-07-09,年配,0.25,0.42,,0.25,0.5,1.8,1.8,1.7726579,1.6,,,,0.42,0.84,3.04,3.04,2.99,2.7,,,,,0.73,10.28,12.35,15.17,13.87,,,,,0.16,2.2,2.2,2.3,2.41,,,0.85,1.22,1.29,1.43,2.07,2.17,5.5,9.63,10.48,197.16,138.3,123.92,-0.32,,-0.68,-0.81,0.04,0.16,-0.88,-0.23,-900.0,,22.73,-252.17,-1.04,
6799,來頡,98.6,2026-07-09,季配,2.5,2.54,,2.5,2.0,3.05,3.05,3.0,0.5,,,,2.54,2.03,3.09,3.09,3.04,0.51,,,,,8.27,16.47,30.32,49.88,38.72,14.12,,,,2.94,5.42,7.58,7.51,3.73,1.13,,2.52,2.72,2.35,2.55,2.76,2.38,12.37,26.24,26.3,62.15,51.12,43.58,1.14,,2.29,0.89,1.16,2.94,2.22,1.67,-1.72,,3.15,-46.71,2.27,
6805,富世達,1460.0,2026-07-09,年配,12.5,0.86,,12.5,8.0,5.5,4.0,4.5,0.5,,,,0.86,0.55,0.38,0.27,0.31,0.03,,,,,24.2,17.99,25.32,36.05,30.27,5.11,5.56,,,17.9,10.18,9.33,9.29,6.25,1.0,0.91,8.67,6.9,5.83,0.6,0.47,0.4,21.1,25.89,20.64,49.36,47.51,39.61,13.38,,20.04,10.02,5.2,17.9,11.88,7.01,157.31,,68.69,42.94,28.22,
6807,峰源-KY,33.35,2026-07-09,年配,2.5,7.5,,2.5,4.5,2.6,1.89,2.37,,,,,7.5,13.49,7.8,5.67,7.11,,,,,,20.49,11.65,9.6,14.29,13.27,,,,,8.88,4.41,3.28,4.71,37.48,,,3.2,2.77,2.77,9.6,8.31,8.31,16.07,14.01,13.86,54.82,54.4,54.4,0.63,,3.77,2.52,1.9,8.88,6.12,3.81,-66.84,,-38.4,-33.86,2.5,
6830,汎銓,416.5,2026-07-09,年配,1.0,0.24,,1.0,1.0,4.5,5.5,4.5,2.627,,,,0.24,0.24,1.08,1.32,1.08,0.63,,,,,2.27,10.17,12.93,14.63,10.11,,,,,1.34,5.59,6.67,6.21,4.05,,,2.17,3.3,3.19,0.52,0.79,0.76,6.22,10.0,10.02,77.56,77.51,74.98,-0.61,,-0.64,-1.23,-0.94,1.34,0.94,0.67,35.11,,-168.09,-283.58,-0.31,
6831,邁科,782.0,2026-07-09,年配,3.0,0.38,,3.0,,,,,,,,,0.38,,,,,,,,,,,,,,,,,,,,,,,,,,3.0,3.0,3.0,0.38,0.38,0.38,,,,,,,0.66,,3.14,0.65,0.22,,,,200.0,,,,3.58,
6834,天二科技,130.0,2026-07-09,年配,0.4,0.31,,0.4,0.5,,1.1,1.6,0.4,,,,0.31,0.38,,0.85,1.23,0.31,,,,,3.95,-6.36,6.94,13.6,3.29,,,,,0.64,-1.09,1.26,2.25,0.51,,,0.45,0.9,0.8,0.34,0.69,0.62,-1.2,4.53,4.28,78.12,78.84,78.74,0.45,,0.24,-0.2,0.34,0.64,0.58,0.38,32.35,,-58.62,-152.63,0.35,
6835,圓裕,34.35,2026-07-09,年配,1.0,2.91,,1.0,2.0,2.0,2.0,2.0,2.0,,,,2.91,5.82,5.82,5.82,5.82,5.82,,,,,15.25,14.92,18.12,14.83,16.41,,,,,4.06,3.57,4.05,2.72,2.99,,,1.67,1.8,1.83,4.85,5.24,5.34,15.08,15.78,15.91,52.64,57.05,59.02,0.05,,0.92,0.43,0.89,4.06,2.38,1.94,-94.38,,-61.34,-77.84,0.08,
6838,台新藥,24.3,2026-07-09,年配,0.0,0.0,,,,,,,,,,,,,,,,,,,,,-14.94,-40.04,-96.88,-146.92,-104.78,-84.68,,,,-1.43,-2.59,-3.86,-4.43,-3.18,-3.15,,,,,,,,-27.49,-74.69,-81.37,,,,-0.1,,-0.24,0.16,-0.27,-1.43,-1.16,-0.87,62.96,,79.31,118.39,-0.07,
6854,錼創科技-KY創,113.5,2026-07-09,年配,0.0,0.0,,,,,,,,,,,,,,,,,,,,,3.0,-23.31,-23.43,-54.89,-72.25,,,,,0.56,-4.78,-5.47,-14.14,-43.15,,,,,,,,,-10.15,-24.66,-34.18,,,,-2.14,,-3.06,-3.73,-0.48,0.56,-0.54,-1.09,-345.83,,-466.67,-242.2,-4.72,
6861,睿生光電,292.0,2026-07-09,年配,2.0,0.68,,2.0,1.8,1.1,1.3,1.1,,,,,0.68,0.62,0.38,0.45,0.38,,,,,,11.46,11.1,27.35,38.39,61.57,29.48,,,,3.75,3.0,5.62,6.05,8.3,3.1,,1.63,1.46,1.46,0.56,0.5,0.5,11.28,22.08,29.89,42.34,31.49,31.49,2.12,,2.52,1.8,1.03,3.75,2.77,2.02,105.83,,-9.03,-10.89,3.61,
6862,三集瑞-KY,181.5,2026-07-09,年配,5.0,2.75,,5.0,6.0,4.1,4.0,,,,,,2.75,3.31,2.26,2.2,,,,,,,23.67,30.12,30.25,,,,,,,11.41,9.02,8.26,,,,,5.03,4.78,4.78,2.77,2.63,2.63,26.9,28.01,28.01,49.02,48.82,48.82,1.0,,6.02,3.2,3.19,11.41,8.5,6.09,-68.65,,-29.18,-47.45,3.83,
6863,永道-KY,92.8,2026-07-09,年配,1.5,1.62,,1.5,5.5,3.0,1.98,,,,,,1.62,5.93,3.23,2.13,,,,,,,14.73,9.72,8.98,7.66,,,,,,11.36,6.17,5.18,4.07,,,,3.33,3.0,3.0,3.59,3.23,3.23,12.23,10.27,10.27,48.52,45.09,45.09,0.61,,2.95,2.09,2.52,11.36,7.87,5.58,-75.79,,-62.52,-62.54,1.04,
6869,雲豹能源,71.2,2026-07-09,年配,2.0,2.81,,2.0,5.0,6.10534894,2.0621068,0.2,,,,,2.81,7.02,8.57,2.9,0.28,,,,,,20.39,28.97,17.96,13.49,17.71,,,,,8.89,8.77,4.03,2.3,2.54,,,4.37,3.07,3.07,6.13,4.32,4.32,24.68,20.2,19.7,62.93,46.43,46.43,-0.99,,1.57,2.06,-1.77,8.89,1.12,1.11,44.07,,40.18,85.59,2.35,
6873,泓德能源,86.6,2026-07-09,年配,2.5,2.89,,2.5,5.5,4.08,4.0,2.0,,,,,2.89,6.35,4.71,4.62,2.31,,,,,,15.59,17.7,25.73,14.11,26.47,,,,,11.1,8.36,8.18,3.02,3.83,,,4.03,3.62,3.62,4.65,4.18,4.18,16.64,18.28,19.92,49.18,53.37,53.37,0.25,,1.57,1.31,0.68,11.1,5.72,1.56,-63.24,,-72.55,-16.03,1.14,
6885,全福生技,21.85,2026-07-09,年配,0.0,0.0,,,,,,,,,,,,,,,,,,,,,-16.64,-51.9,-39.39,-28.43,-40.24,,,,,-2.7,-6.84,-3.85,-1.78,-1.49,,,,,,,,,-34.27,-34.09,-35.32,,,,-0.5,,-2.08,-1.45,-0.53,-2.7,-1.75,-1.14,5.66,,-18.86,-27.19,-2.05,
6887,寶綠特-KY,33.8,2026-07-09,年配,2.42,7.16,,2.42210661,3.97445568,4.5887,,,,,,,7.17,11.76,13.58,,,,,,,,23.5,25.22,13.09,,,,,,,7.51,7.02,3.54,,,,,3.66,3.66,3.66,10.84,10.84,10.84,24.36,20.6,20.6,59.14,59.14,59.14,-0.62,,2.54,2.28,1.63,7.51,2.46,,-138.04,,3.25,,0.29,
6890,來億-KY,206.0,2026-07-09,年配,9.0,4.37,,9.0,9.0,5.0,5.0,,,,,,4.37,4.37,2.43,2.43,,,,,,,18.93,7.02,14.65,,,,,,,16.13,6.26,11.41,,,,,7.67,7.0,7.0,3.72,3.4,3.4,12.98,13.53,13.53,67.84,59.83,59.83,0.75,,9.16,7.12,3.66,16.13,11.23,8.1,-79.51,,-18.43,-12.1,6.25,
6901,鑽石投資,20.75,2026-07-09,年配,0.0,0.0,,,,,0.2,,,,,,,,,0.96,,,,,,,-21.67,-21.61,7.44,27.44,,,,,,-2.96,-3.32,1.26,4.5,,,,,0.2,0.2,,0.96,0.96,-21.64,-2.1,-2.1,,15.87,15.87,-0.42,,-1.36,-1.19,-0.67,-2.96,-2.06,-1.11,37.31,,33.98,-7.21,-1.11,
6902,GOGOLOOK,137.5,2026-07-09,年配,0.0,0.0,,,,,,,,,,,,,,,,,,,,,-9.22,1.48,-22.94,-23.07,,,,,,-1.24,0.16,-1.9,-2.04,,,,,,,,,,-3.87,-13.44,-13.44,,,,1.64,,0.23,0.02,0.26,-1.24,-1.13,0.04,530.77,,120.35,-50.0,1.61,
6906,現觀科,82.0,2026-07-09,年配,1.8,2.2,,1.8,3.2,3.0,3.4,0.6,2.0,,,,2.2,3.9,3.66,4.15,0.73,2.44,,,,,16.16,21.21,25.0,10.3,,,,,,3.56,3.6,3.8,1.52,,,,2.67,2.4,2.33,3.25,2.93,2.85,18.69,18.17,18.17,86.61,75.54,75.54,0.6,,0.56,0.25,0.5,3.56,1.69,0.76,20.0,,-66.86,-67.11,0.66,
6908,宏碁遊戲-創,36.6,2026-07-09,年配,1.24,3.39,,1.24,,,,,,,,,3.39,,,,,,,,,,,,,,,,,,,,,,,,,,1.24,1.24,1.24,3.39,3.39,3.39,,,,,,,0.41,,1.05,0.73,,,,,,,,,0.73,
6909,創控,51.3,2026-07-09,年配,1.0,1.95,,1.0,1.1,0.8,0.07161,,,,,,1.95,2.14,1.56,0.14,,,,,,,11.42,12.59,19.52,3.75,1.73,,,,,1.55,1.55,2.18,0.36,0.16,,,0.97,0.74,0.74,1.88,1.45,1.45,12.0,11.82,9.8,61.29,41.95,41.95,0.07,,0.04,-0.22,0.26,1.55,0.6,0.0,-73.08,,-93.33,,-0.15,
6914,阜爾運通,142.5,2026-07-09,年配,6.0,4.21,,6.0,6.0,5.0,2.8,,,,,,4.21,4.21,3.51,1.96,,,,,,,16.0,26.28,18.96,6.0,,,,,,7.14,9.11,5.53,2.44,,,,5.67,4.95,4.95,3.98,3.47,3.47,21.14,16.81,16.81,69.46,63.18,63.18,2.34,,7.38,4.29,2.16,7.14,5.24,3.8,8.33,,40.84,12.89,7.56,
6916,華凌,20.15,2026-07-09,年配,0.0,0.0,,,0.28,1.05,1.071428,0.64,,,,,,1.39,5.21,5.32,3.18,,,,,,2.76,7.64,36.46,9.74,,,,,,0.47,1.33,5.73,1.54,,,,0.66,0.76,0.76,3.3,3.78,3.78,5.2,14.15,14.15,69.26,49.7,49.7,-0.49,,-0.98,-0.92,0.01,0.47,0.23,0.06,-5000.0,,-526.09,-1633.33,-1.48,
6918,愛派司,74.1,2026-07-09,年配,5.0,6.75,,5.0,4.0,2.7257375,0.7,,,,,,6.75,5.4,3.68,0.94,,,,,,,17.29,-1.33,5.31,4.22,,,,,,4.99,-0.37,1.5,1.15,,,,3.91,3.11,3.11,5.28,4.19,4.19,7.98,6.37,6.37,-328.27,-203.29,-203.29,1.39,,4.05,2.8,1.43,4.99,3.64,2.4,-2.8,,11.26,16.67,4.01,
6919,康霈*,107.5,2026-07-09,季配,0.0,0.0,,,,,,,,,,,,,,,,,,,,,-8.76,-19.92,-31.64,-34.79,,,,,,-4.12,-3.94,-4.89,-3.41,,,,,,,,,,-14.34,-23.78,-23.78,,,,-0.07,,-0.28,-0.28,-0.11,-4.12,-3.82,-2.83,36.36,,92.67,90.11,-0.24,
6921,嘉雨思-創,68.0,2026-07-09,年配,0.0,0.0,,,,,,,,,,,,,,,,,,,,,,,,,,,,,,,,,,,,,,,,,,,,,,,,,-0.27,,0.21,0.22,,,,,,,,,-0.28,
6923,中台,75.4,2026-07-09,年配,3.0,3.98,,3.0,4.0,2.9,2.0,,,,,,3.98,5.31,3.85,2.65,,,,,,,18.04,15.06,11.16,,,,,,,4.8,3.08,2.22,,,,,3.3,2.98,2.98,4.38,3.95,3.95,16.55,14.75,14.75,88.74,89.19,89.19,0.84,,2.08,1.35,0.8,4.8,4.0,2.56,5.0,,-48.0,-47.27,2.12,
6924,榮惠-KY創,130.0,2026-07-09,年配,5.0,3.85,,5.0,5.5,4.0,3.0,,,,,,3.85,4.23,3.08,2.31,,,,,,,31.28,37.39,26.84,,,,,,,7.3,6.31,4.09,,,,,4.83,4.38,4.38,3.72,3.37,3.37,34.34,31.84,31.84,69.37,70.69,70.69,2.26,,3.23,1.71,1.32,7.3,6.25,,71.21,,-48.32,,4.17,
6928,攸泰科技,53.3,2026-07-09,年配,0.0,0.0,,,0.5,1.14666666,0.5,,,,,,,0.94,2.15,0.94,,,,,,,-3.84,20.43,23.23,31.0,-57.94,,,,,-0.82,3.44,3.13,2.99,-2.4,,,0.82,0.72,0.72,1.54,1.34,1.34,8.3,17.7,2.58,-13.82,-3.89,-3.89,-0.04,,-0.1,0.13,0.23,-0.82,-0.51,-0.16,-117.39,,80.39,181.25,-0.37,
6931,青松健康,39.75,2026-07-09,季配,0.6,1.51,0.12,0.48,0.48,0.09,0.02,,,,,0.3,1.21,1.21,0.23,0.05,,,,,,,6.12,9.39,3.21,0.04,3.38,,,,,0.68,1.08,0.44,-0.05,0.49,,,0.35,0.27,0.27,0.88,0.68,0.68,7.76,4.69,4.43,39.46,27.82,27.82,0.49,,0.78,0.31,-0.05,0.68,0.44,0.32,1080.0,,77.27,-3.13,1.32,
6933,AMAX-KY,157.5,2026-07-09,年配,2.5,1.59,,2.5,2.0,3.0,,,,,,,1.59,1.27,1.9,,,,,,,,7.96,16.16,17.2,26.58,,,,,,3.94,6.88,5.1,6.9,,,,2.5,2.5,2.5,1.59,1.59,1.59,12.06,16.98,16.98,47.18,47.18,47.18,1.1,,3.69,3.41,0.17,3.94,1.99,1.9,547.06,,85.43,79.47,4.62,
6934,心誠鎂,79.7,2026-07-09,年配,0.0,0.0,,,,,,,,,,,,,,,,,,,,,,,,,,,,,,,,,,,,,,,,,,,,,,,,,-1.43,,-4.17,-3.07,,,,,,,,,-2.53,
6936,永鴻生技,32.65,2026-07-09,年配,1.51,4.62,,1.51,1.85,1.04,1.21,,,,,,4.62,5.67,3.19,3.71,,,,,,,12.46,8.68,10.56,11.61,11.19,,,,,2.06,1.38,1.69,2.0,1.89,,,1.47,1.4,1.4,4.49,4.3,4.3,10.57,10.83,10.9,82.58,78.92,78.92,0.6,,1.19,0.73,0.53,2.06,1.52,0.88,13.21,,-21.71,-17.05,1.26,
6937,天虹,258.5,2026-07-09,年配,1.4,0.54,,1.4,2.1,2.0,1.0,,,,,,0.54,0.81,0.77,0.39,,,,,,,12.44,12.33,21.79,21.2,,,,,,6.03,5.02,5.66,4.57,,,,1.83,1.62,1.62,0.71,0.63,0.63,12.38,16.94,16.94,37.34,30.78,30.78,0.96,,1.92,1.01,0.73,6.03,3.87,2.64,31.51,,-50.39,-61.74,2.15,
6944,兆聯實業,998.0,2026-07-09,年配,17.0,1.7,,17.0,14.0,8.0,2.0,,,,,,1.7,1.4,0.8,0.2,,,,,,,38.49,36.82,16.9,,,,,,,22.33,17.57,7.44,,,,,13.0,10.25,10.25,1.3,1.02,1.02,37.66,30.74,30.74,54.12,45.04,45.04,10.08,,22.26,13.19,6.07,22.33,15.18,11.32,66.06,,46.64,16.52,26.27,
6949,沛爾生醫-創,925.0,2026-07-09,年配,0.0,0.0,,,,,,,,,,,,,,,,,,,,,-32.02,-40.2,-28.39,,,,,,,-6.83,-8.62,-5.87,,,,,,,,,,,-36.11,-33.54,-33.54,,,,-1.18,,-4.65,-2.63,-1.3,-6.83,-5.09,-3.34,9.23,,8.64,21.26,-4.53,
6951,青新-創,78.7,2026-07-09,年配,4.0,5.08,,4.0,3.8,2.35,1.5,,,,,,5.08,4.83,2.99,1.91,,,,,,,24.28,16.53,14.52,,,,,,,4.87,2.61,2.64,,,,,3.38,2.91,2.91,4.3,3.7,3.7,20.4,18.44,18.44,84.04,74.96,74.96,1.49,,4.26,2.4,1.12,4.87,3.41,1.73,33.04,,24.93,38.73,4.63,
6952,大武山,35.2,2026-07-09,年配,0.0,0.0,,,2.0,1.12502057,1.0,,,,,,,5.68,3.2,2.84,,,,,,,6.06,6.01,14.58,,,,,,,1.46,1.23,2.91,,,,,1.56,1.38,1.38,4.44,3.91,3.91,6.04,8.88,8.88,114.23,87.61,87.61,0.32,,-1.72,-1.81,-1.65,1.46,1.22,0.94,119.39,,-240.98,-292.55,0.25,
6955,邦睿生技-創,117.0,2026-07-09,年配,1.5,1.28,,1.5,1.5,0.2,,,,,,,1.28,1.28,0.17,,,,,,,,16.09,9.68,0.69,-13.38,,,,,,3.45,1.51,0.11,-2.63,,,,1.07,1.07,1.07,0.91,0.91,0.91,12.88,3.27,3.27,28.36,28.36,28.36,0.97,,2.93,2.17,1.12,3.45,2.28,1.56,-13.39,,28.51,39.1,2.78,
6957,裕慶-KY,209.5,2026-07-09,年配,9.0,4.3,,9.0,13.0,13.0,9.0,4.0,,,,,4.3,6.21,6.21,4.3,1.91,,,,,,32.43,61.1,43.74,,,,,,,14.3,18.11,12.62,,,,,11.67,9.6,9.6,5.57,4.59,4.59,46.76,45.76,45.76,81.34,78.0,78.0,1.51,,5.41,1.84,1.16,14.3,8.18,6.81,30.17,,-33.86,-72.98,5.76,
6958,日盛台駿,16.85,2026-07-09,年配,0.0,0.0,,,0.2,1.0,2.0,,,,,,,1.19,5.93,11.87,,,,,,,4.02,5.49,6.39,,,,,,,1.13,1.47,2.93,,,,,0.6,1.07,1.07,3.56,6.33,6.33,4.76,5.3,5.3,42.86,51.33,51.33,0.2,,-1.71,-0.82,-0.3,1.13,1.21,0.8,166.67,,-241.32,-202.5,-1.21,
6962,奕力-KY,35.95,2026-07-09,年配,1.0,2.78,,1.0,2.0,1.08,,,,,,,2.78,5.56,3.0,,,,,,,,12.8,7.77,27.93,,,,,,,5.61,3.5,11.57,,,,,1.36,1.36,1.36,3.78,3.78,3.78,10.28,16.17,16.17,33.25,33.25,33.25,0.58,,2.6,1.99,1.97,5.61,4.48,,-70.56,,-41.96,,1.21,
6965,中傑-KY,80.0,2026-07-09,年配,5.0,6.25,,5.0,6.0,5.5,6.6,,,,,,6.25,7.5,6.88,8.25,,,,,,,18.67,22.7,28.52,,,,,,,12.22,13.55,16.35,,,,,5.5,5.78,5.78,6.88,7.22,7.22,20.68,23.3,23.3,44.84,43.35,43.35,-0.64,,2.94,2.6,1.27,12.22,9.22,6.69,-150.39,,-68.11,-61.14,1.03,
6969,成信實業*-創,26.0,2026-07-09,年配,0.0,0.0,,,,,,,,,,,,,,,,,,,,,-23.92,-30.25,2.79,,,,,,,-2.15,-2.74,0.23,,,,,,,,,,,-27.08,-17.13,-17.13,,,,-0.05,,-0.24,-0.24,-0.02,-2.15,-2.0,-1.44,-150.0,,88.0,83.33,-0.27,
6988,威力暘-創,13.6,2026-07-09,年配,0.0,0.0,,,0.45,0.35,0.35,,,,,,,3.31,2.57,2.57,,,,,,,2.98,0.05,,,,,,,,0.51,0.01,,,,,,0.4,0.38,0.38,2.94,2.82,2.82,1.52,1.52,1.52,1794.12,1794.12,1794.12,-0.05,,-0.21,-0.22,0.09,0.51,0.57,0.36,-155.56,,-136.84,-161.11,-0.35,
6994,富威電力,41.4,2026-07-09,年配,3.0,7.25,,3.0,1.0,0.5,,,,,,,7.25,2.42,1.21,,,,,,,,8.76,6.18,2.94,,,,,,,1.42,0.94,0.64,,,,,1.5,1.5,1.5,3.63,3.63,3.63,7.47,5.96,5.96,61.8,61.8,61.8,0.48,,1.13,0.7,0.44,1.42,0.73,0.63,9.09,,54.79,11.11,1.17,
7610,聯友金屬-創,2650.0,2026-07-09,年配,0.5,0.02,,0.5,0.20049693,0.1,0.35,,,,,,0.02,0.01,0.0,0.01,,,,,,,7.67,0.68,19.33,17.14,,,,,,1.71,0.14,3.79,4.89,,,,0.27,0.29,0.29,0.01,0.01,0.01,4.18,11.2,11.2,41.58,30.79,30.79,10.87,,1.75,0.47,-0.53,1.71,,1.31,2150.94,,,-64.12,13.15,
7631,聚賢研發-創,153.5,2026-07-09,季配,3.9,2.54,0.8,3.75,2.9,4.5,4.55,,,,,0.52,2.44,1.89,2.93,2.96,,,,,,,18.67,34.82,50.61,,,,,,,5.51,8.74,11.59,,,,,3.72,3.92,3.92,2.42,2.55,2.55,26.74,34.7,34.7,52.06,47.79,47.79,1.76,,3.07,2.14,0.96,5.51,3.52,2.05,83.33,,-12.78,4.39,3.87,
7705,三商餐飲,30.5,2026-07-09,年配,1.6,5.25,,1.6,3.8,3.2,,,,,,,5.25,12.46,10.49,,,,,,,,17.63,17.13,14.92,,,,,,,4.1,3.11,2.55,,,,,2.87,2.87,2.87,9.4,9.4,9.4,17.38,16.56,16.56,97.78,97.78,97.78,0.35,,1.35,0.39,0.05,4.1,4.18,3.08,600.0,,-67.7,-87.34,1.65,
7711,永擎,307.5,2026-07-09,年配,9.0,2.93,,9.0,,,,,,,,,2.93,,,,,,,,,,,0.94,,,,,,,,,0.13,,,,,,9.0,9.0,9.0,2.93,2.93,2.93,0.94,0.94,0.94,,,,7.68,,9.3,6.63,,,,,,,,,10.35,
7721,微程式,71.0,2026-07-09,年配,1.0,1.41,,1.0,2.0,1.0,,,,,,,1.41,2.82,1.41,,,,,,,,18.59,19.5,1.58,,,,,,,3.33,2.16,0.16,,,,,1.33,1.33,1.33,1.88,1.88,1.88,19.05,13.22,13.22,53.18,53.18,53.18,0.21,,0.4,0.31,0.15,3.33,,2.33,40.0,,,-86.7,0.46,
7722,LINEPAY,321.5,2026-07-09,年配,1.5,0.47,,1.5,1.5,,,,,,,,0.47,0.47,,,,,,,,,8.25,9.6,9.44,3.31,,,,,,10.67,8.09,8.04,2.68,,,,1.5,1.5,1.5,0.47,0.47,0.47,8.93,7.65,7.65,14.06,14.06,14.06,1.97,,6.06,3.4,2.39,10.67,7.99,6.12,-17.57,,-24.16,-44.44,5.64,
7730,暉盛-創,183.0,2026-07-09,年配,1.0,0.55,,1.0,1.0,,,,,,,,0.55,0.55,,,,,,,,,11.89,18.59,,,,,,,,3.01,5.0,,,,,,1.0,1.0,1.0,0.55,0.55,0.55,15.24,15.24,15.24,33.22,33.22,33.22,0.37,,0.84,0.44,0.1,3.01,,1.37,270.0,,,-67.88,1.11,
7732,金興精密,35.7,2026-07-09,年配,1.5,4.2,,1.5,2.0,1.652,,,,,,,4.2,5.6,4.63,,,,,,,,10.29,8.92,10.06,5.6,,,,,,2.77,2.36,2.33,1.63,,,,1.72,1.72,1.72,4.81,4.81,4.81,9.6,8.72,8.72,71.1,71.1,71.1,0.82,,1.3,0.83,0.83,2.77,2.1,2.2,-1.2,,-38.1,-62.27,1.29,
7736,虎山,70.4,2026-07-09,年配,3.8,5.4,,3.8,3.5,2.1,1.0,,,,,,5.4,4.97,2.98,1.42,,,,,,,18.64,12.9,18.73,18.34,,,,,,7.19,4.34,6.17,5.59,,,,3.13,2.6,2.6,4.45,3.69,3.69,15.77,17.15,17.15,48.54,37.76,37.76,1.18,,3.4,1.9,1.68,7.19,4.94,4.03,-29.76,,-31.17,-52.85,2.9,
7740,熙特爾-創,147.5,2026-07-09,年配,2.05,1.39,,2.05,,,,,,,,,1.39,,,,,,,,,,-3.29,5.97,,,,,,,,-0.9,1.4,,,,,,2.05,2.05,2.05,1.39,1.39,1.39,1.34,1.34,1.34,,,,3.64,,3.22,3.44,1.36,-0.9,-0.97,-9.95,167.65,,431.96,134.57,5.5,
7749,意騰-KY,404.0,2026-07-09,年配,9.0,2.23,,9.0,5.26,6.359999999999999,,,,,,,2.23,1.3,1.57,,,,,,,,22.22,8.18,,,,,,,,7.17,2.33,,,,,,6.87,6.87,6.87,1.7,1.7,1.7,15.2,15.2,15.2,173.16,173.16,173.16,3.56,,9.12,4.76,2.57,7.17,,,38.52,,,,10.11,
7750,新代,2065.0,2026-07-09,年配,16.0,0.77,,16.0,11.0,6.0,5.969,,,,,,0.77,0.53,0.29,0.29,,,,,,,34.28,20.95,,,,,,,,22.31,10.85,,,,,,11.0,9.74,9.74,0.53,0.47,0.47,27.62,27.62,27.62,52.3,52.3,52.3,15.38,,22.8,17.2,7.68,22.31,17.76,13.35,100.26,,28.38,28.84,30.5,
7760,享溫馨,35.6,2026-07-09,年配,2.2,6.18,,2.2016,,,,,,,,,6.18,,,,,,,,,,,,,,,,,,,,,,,,,,2.2,2.2,2.2,6.18,6.18,6.18,,,,,,,0.7,,0.63,0.53,,,,,,,,,0.8,
7765,中華資安,221.5,2026-07-09,年配,9.67,4.37,,9.66629519,9.39096092,6.67837125,,,,,,,4.36,4.24,3.02,,,,,,,,45.26,38.58,31.73,,,,,,,10.47,7.8,6.15,,,,,8.58,8.58,8.58,3.87,3.87,3.87,41.92,38.52,38.52,87.66,87.66,87.66,3.38,,8.52,6.01,3.37,10.47,,5.35,0.3,,,12.34,8.53,
7768,頌勝科技,350.5,2026-07-09,年配,3.94,1.12,,3.939,,,,,,,,,1.12,,,,,,,,,,,,,,,,,,,,,,,,,,3.94,3.94,3.94,1.12,1.12,1.12,,,,,,,1.62,,2.43,1.35,,,,,,,,,2.7,
7769,鴻勁,6660.0,2026-07-09,年配,64.99,0.98,,64.99024621,,,,,,,,,0.98,,,,,,,,,,,,,,,,,,,,,,,,,,64.99,64.99,64.99,0.98,0.98,0.98,,,,,,,25.7,,53.54,31.15,15.89,,,,61.74,,,,63.35,
7780,大研生醫*,17.9,2026-07-09,季配,4.31,24.08,0.11658854,6.38389179,4.08420001,,,,,,,0.65,35.66,22.82,,,,,,,,,13.71,64.84,,,,,,,,2.43,10.32,,,,,,5.23,5.23,5.23,29.24,29.24,29.24,39.28,39.28,39.28,168.07,168.07,168.07,0.13,,3.44,2.4,1.75,2.43,1.33,0.12,-92.57,,158.65,1900.0,1.82,
7786,東方風能,132.5,2026-07-09,年配,5.6,4.23,,5.6,,,,,,,,,4.23,,,,,,,,,,,27.81,,,,,,,,,7.07,,,,,,5.6,5.6,5.6,4.23,4.23,4.23,27.81,27.81,27.81,,,,1.2,,9.06,4.83,1.63,,,,-26.38,,,,8.63,
7788,松川精密,250.5,2026-07-09,年配,2.0,0.8,,2.0,2.5,1.0,,,,,,,0.8,1.0,0.4,,,,,,,,10.43,10.43,19.43,,,,,,,6.95,6.17,12.93,,,,,1.83,1.83,1.83,0.73,0.73,0.73,10.43,13.43,13.43,26.09,26.09,26.09,2.22,,2.18,0.65,1.99,6.95,,3.61,11.56,,,-81.99,2.41,
7791,皇家可口,62.3,2026-07-09,年配,3.81,6.12,,3.81,3.3,3.59,,,,,,,6.12,5.3,5.76,,,,,,,,11.64,10.67,,,,,,,,5.34,3.66,,,,,,3.57,3.57,3.57,5.73,5.73,5.73,11.16,11.16,11.16,79.94,79.94,79.94,1.87,,5.38,4.08,2.66,5.34,,3.33,-29.7,,,22.52,4.59,
7795,長廣,552.0,2026-07-09,年配,2.15,0.39,,2.15,,,,,,,,,0.39,,,,,,,,,,,,,,,,,,,,,,,,,,2.15,2.15,2.15,0.39,0.39,0.39,,,,,,,0.21,,2.0,1.57,,,,,,,,,0.64,
7799,禾榮科,435.5,2026-07-09,年配,0.0,0.0,,,,,,,,,,,,,,,,,,,,,-22.83,-15.67,,,,,,,,-2.04,-1.18,,,,,,,,,,,,-19.25,-19.25,-19.25,,,,-0.37,,-2.82,-1.19,-0.59,-2.04,,-0.96,37.29,,,-23.96,-2.6,
7803,雲象科技-創,22.7,2026-07-09,年配,0.0,0.0,,,,,,,,,,,,,,,,,,,,,,,,,,,,,,,,,,,,,,,,,,,,,,,,,-0.78,,-1.71,-1.45,,,,,,,,,-1.04,
7818,溢泰實業,70.2,2026-07-09,年配,2.24,3.19,,2.24008643,,,,,,,,,3.19,,,,,,,,,,,,,,,,,,,,,,,,,,2.24,2.24,2.24,3.19,3.19,3.19,,,,,,,0.88,,3.83,2.0,,,,,,,,,2.71,
7821,神數,41.0,2026-07-09,季配,0.0,0.0,,2.0,,,,,,,,,4.88,,,,,,,,,,,,,,,,,,,,,,,,,,2.0,2.0,2.0,4.88,4.88,4.88,,,,,,,0.87,,1.76,0.91,,,,,,,,,1.72,
7822,倍利科,998.0,2026-07-09,年配,7.0,0.7,,7.0,,,,,,,,,0.7,,,,,,,,,,,,,,,,,,,,,,,,,,7.0,7.0,7.0,0.7,0.7,0.7,,,,,,,4.93,,8.86,5.25,,,,,,,,,8.54,
7823,奧義賽博-KY創,88.8,2026-07-09,年配,0.0,0.0,,,,,,,,,,,,,,,,,,,,,,,,,,,,,,,,,,,,,,,,,,,,,,,,,-0.15,,-2.01,,,,,,,,,,-0.15,
7827,漢康-KY創,185.0,2026-07-09,年配,0.0,0.0,,,,,,,,,,,,,,,,,,,,,,,,,,,,,,,,,,,,,,,,,,,,,,,,,-2.1,,-1.32,-1.91,,,,,,,,,-1.51,
8011,台通,17.5,2026-07-09,年配,0.7,4.0,,0.7,1.4,,,,,,,,4.0,8.0,,,,,,,,,11.51,1.04,-7.41,-6.98,-1.85,-3.56,-2.24,,,2.43,0.09,-1.62,-1.36,-0.19,-0.51,0.01,1.05,1.05,1.05,6.0,6.0,6.0,6.28,-0.46,-1.36,57.61,57.61,57.61,0.02,,1.0,0.75,0.47,2.43,0.78,0.64,-95.74,,28.21,17.19,0.55,
8016,矽創,363.0,2026-07-09,年配,11.5,3.17,,11.5,12.0,12.0,22.0,32.0,7.5,6.5,5.0,,3.17,3.31,3.31,6.06,8.82,2.07,1.79,1.38,,,15.9,16.46,28.24,57.8,27.25,32.82,19.87,,,15.42,15.5,30.1,50.03,11.53,10.27,7.03,11.83,17.9,13.56,3.26,4.93,3.74,16.18,29.6,28.33,77.62,73.07,70.25,4.6,,10.3,7.02,3.45,15.42,11.92,8.05,33.33,,-13.59,-12.8,11.45,
8021,尖點,521.0,2026-07-09,年配,2.0,0.38,,2.0,1.2,0.8,2.0,2.3,1.58,1.2,1.2,,0.38,0.23,0.15,0.38,0.44,0.3,0.23,0.23,,,4.22,-0.75,7.03,9.82,6.54,4.44,5.49,,,1.45,-0.25,2.34,3.14,1.98,1.34,1.69,1.33,1.66,1.54,0.25,0.32,0.29,1.74,5.08,5.26,-118.62,-19.63,23.12,1.17,,1.69,0.92,0.36,1.45,1.11,0.63,225.0,,52.25,46.03,2.5,
8028,昇陽半導體,312.5,2026-07-09,年配,2.8,0.9,,2.8,2.2,1.7999999999999998,1.8,0.8,0.6,2.0,1.6,,0.9,0.7,0.58,0.58,0.26,0.19,0.64,0.51,,,12.22,9.01,11.81,8.98,4.82,13.46,10.36,,,2.85,2.02,2.17,1.68,1.02,2.51,1.87,2.27,1.88,1.7,0.73,0.6,0.54,10.62,10.5,10.09,83.15,74.22,74.42,1.61,,3.08,1.91,1.34,2.85,1.69,0.96,20.15,,82.25,98.96,3.35,
8033,雷虎,227.0,2026-07-09,年配,0.0,0.0,,,,,,,,,,,,,,,,,,,,,5.41,-2.0,2.48,3.1,3.47,-6.43,-3.9,,,0.5,-0.18,0.07,0.18,0.03,-0.57,-0.45,,,,,,,1.7,2.25,0.3,,,,0.34,,0.73,0.7,0.25,0.5,0.29,0.5,36.0,,151.72,40.0,0.82,
8039,台虹,154.0,2026-07-09,年配,2.0,1.3,,2.0,2.5,1.0,2.5,2.5,2.5,1.2,2.0,,1.3,1.62,0.65,1.62,1.62,1.62,0.78,1.3,,,5.68,4.48,8.67,9.62,10.51,8.39,9.29,,,2.53,2.02,3.35,3.51,3.7,3.02,3.22,1.83,2.1,2.02,1.19,1.36,1.31,5.08,7.11,8.09,74.16,73.54,66.23,0.65,,1.33,0.45,0.32,2.53,2.51,1.88,103.12,,-47.01,-76.06,1.66,
8045,達運光電,58.4,2026-07-09,年配,1.0,1.71,,1.0,2.0,4.5,0.7,0.5,0.5,0.5,0.6,,1.71,3.42,7.71,1.2,0.86,0.86,0.86,1.03,,,11.25,31.48,5.65,4.36,1.54,6.24,7.89,,,2.45,5.0,0.76,0.58,0.21,0.83,1.03,2.5,1.74,1.29,4.28,2.98,2.21,21.36,13.18,9.77,85.82,87.49,100.93,0.11,,0.43,0.03,0.06,2.45,2.05,1.98,83.33,,-79.02,-98.48,0.48,
8046,南電,1215.0,2026-07-09,年配,2.0,0.16,,2.0,1.0,5.5,18.0,10.0,3.4,,,,0.16,0.08,0.45,1.48,0.82,0.28,,,,,0.44,11.45,41.22,29.05,11.9,1.05,-1.93,,,0.32,9.0,30.05,16.38,5.67,0.48,-0.9,2.83,7.3,6.65,0.23,0.6,0.54,5.94,20.54,13.31,186.8,123.64,110.9,2.03,,1.15,0.03,0.32,0.32,0.04,-0.05,534.37,,2775.0,160.0,2.86,
8070,長華*,52.7,2026-07-09,半年配,2.71,5.14,,2.70999999,2.70026021,2.54,2.5300000000000002,2.0,1.3,12.6,12.0,,5.14,5.12,4.82,4.8,3.8,2.47,23.91,22.77,,,12.03,12.52,22.97,21.05,16.06,17.35,15.74,,,2.32,2.19,3.16,2.54,1.56,17.19,13.47,2.65,2.5,4.8,5.03,4.74,9.1,12.27,17.14,16.82,116.18,97.79,90.98,0.51,,1.49,0.63,0.47,2.32,1.84,1.22,8.51,,-19.02,-48.36,1.53,
8072,陞泰,29.1,2026-07-09,年配,1.0,3.44,,1.0,1.0,0.75,1.0,0.35,0.2,0.2,0.5,,3.44,3.44,2.58,3.44,1.2,0.69,0.69,1.72,,,4.72,2.94,4.56,1.91,-0.15,-3.77,-0.53,,,1.25,0.73,1.18,0.39,-0.15,-1.16,-0.25,0.92,0.82,0.62,3.15,2.82,2.15,3.83,3.53,1.38,91.37,89.31,0.95,0.29,,0.57,0.15,0.38,1.25,0.84,0.72,-23.68,,-32.14,-79.17,0.48,
8081,致新,283.0,2026-07-09,年配,16.0,5.65,,16.0,16.0,14.0,14.0,16.0,9.5,7.5,5.0,,5.65,5.65,4.95,4.95,5.65,3.36,2.65,1.77,,,17.99,19.0,28.03,38.04,21.66,16.85,12.16,,,17.91,17.33,22.46,25.45,12.24,8.74,5.53,15.33,15.2,12.25,5.42,5.37,4.33,18.49,25.76,21.96,85.06,73.83,78.45,4.62,,13.05,8.51,4.81,17.91,13.52,8.69,-3.95,,-3.48,-2.07,12.86,
8101,華冠,13.1,2026-07-09,年配,0.0,0.0,,,,,,,,,,,,,,,,,,,,,-150.79,-104.2,-45.65,0.45,-87.81,-4.86,-48.41,,,-3.27,-2.79,-2.22,0.03,-3.06,-0.23,-3.41,,,,,,,-127.5,-75.05,-63.04,,,,-0.95,,-2.53,-1.7,-1.73,-3.27,-2.13,-1.25,45.09,,-18.78,-36.0,-1.75,
8103,瀚荃,92.0,2026-07-09,年配,2.8,3.04,,2.8,2.8,1.38,2.0,2.0,1.4,1.0,1.0,,3.04,3.04,1.5,2.17,2.17,1.52,1.09,1.09,,,9.66,7.01,11.07,12.26,8.32,6.98,8.25,,,3.96,2.76,4.2,4.29,2.7,2.16,2.51,2.33,2.2,1.8,2.53,2.38,1.95,8.34,10.0,9.08,60.36,53.74,50.42,1.17,,2.47,1.16,0.73,3.96,3.03,2.46,60.27,,-18.48,-52.85,2.91,
8104,錸寶,41.15,2026-07-09,年配,0.0,0.0,,,0.1,,1.5,2.0,3.0,0.35,3.0,,,0.24,,3.65,4.86,7.29,0.85,7.29,,,1.8,-9.13,2.1,9.04,10.84,3.22,25.79,,,0.16,-3.08,0.41,2.86,3.06,0.76,5.66,0.1,1.2,1.66,0.24,2.92,4.03,-3.67,0.95,6.24,62.5,166.09,115.9,-0.39,,0.14,0.07,-0.13,0.16,0.56,0.24,-200.0,,-75.0,-70.83,-0.12,
8105,凌巨,20.25,2026-07-09,年配,0.0,0.0,,,,0.1,0.2,,,0.1,,,,,0.49,0.99,,,0.49,,,,0.84,3.01,8.22,1.31,-14.48,-2.46,-1.58,,,0.15,0.53,1.39,0.21,-2.47,-0.45,-0.3,0.1,0.15,0.13,0.49,0.74,0.66,1.92,3.34,-0.73,18.87,16.63,3.68,0.43,,-0.56,-0.57,0.1,0.15,0.03,0.0,330.0,,-1966.67,,-0.23,
8110,華東,50.6,2026-07-09,年配,1.5,2.96,,1.5,0.2,0.2,0.15,0.13,0.2,,0.3,,2.96,0.4,0.4,0.3,0.26,0.4,,0.59,,,-0.26,-1.08,1.45,1.03,2.16,1.47,3.87,,,0.26,-0.01,0.5,0.43,0.51,0.33,0.78,0.63,0.44,0.38,1.25,0.86,0.76,-0.67,0.28,1.23,-961.54,-465.71,-297.53,0.49,,1.29,-0.44,0.21,0.26,0.34,0.42,133.33,,279.41,-204.76,1.57,
8112,至上,85.0,2026-07-09,年配,3.8,4.47,,3.80055821,3.35061806,4.07315084,4.4,4.0,3.0,2.7,3.0,,4.47,3.94,4.79,5.18,4.71,3.53,3.18,3.53,,,11.21,14.67,16.13,30.18,21.33,17.25,19.45,,,3.49,4.7,5.16,7.02,4.22,3.41,3.85,3.74,3.92,3.54,4.4,4.62,4.17,12.94,18.05,18.6,91.34,81.23,79.02,3.91,,1.62,0.61,0.27,3.49,3.42,2.42,1348.15,,-52.63,-74.79,5.26,
8112A,至上甲特,45.0,2026-07-09,年配,2.02,4.49,,2.025,2.025,2.025,1.6921233,,,,,,4.5,4.5,4.5,3.76,,,,,,,,,,,,,,,,,,,,,,,2.02,1.94,1.94,4.5,4.31,4.31,,,,,,,,,,,,,,,,,,,,
8114,振樺電,204.0,2026-07-09,年配,11.47,5.62,,11.47,7.77,4.7,7.0,4.5,1.5,4.5,6.2,,5.62,3.81,2.3,3.43,2.21,0.74,2.21,3.04,,,27.18,11.5,20.06,16.07,3.76,15.82,23.65,,,12.55,5.55,11.25,6.21,1.65,6.13,8.52,7.98,7.09,5.96,3.91,3.47,2.92,19.34,18.7,16.86,73.3,70.32,74.05,2.75,,15.84,12.27,6.6,12.55,8.02,4.51,-58.33,,97.51,172.06,11.99,
8131,福懋科,76.0,2026-07-09,年配,1.0,1.32,,1.0,1.45,0.9,3.3,2.5,2.3,2.2,2.5,,1.32,1.91,1.18,4.34,3.29,3.03,2.89,3.29,,,7.93,4.33,16.43,12.91,12.07,11.08,12.66,,,2.04,1.2,4.65,3.52,3.17,2.85,3.21,1.12,1.83,2.02,1.47,2.41,2.66,6.13,10.4,11.06,73.04,72.02,73.67,0.96,,0.46,-0.16,0.34,2.04,1.7,1.43,182.35,,-72.94,-111.19,1.08,
8150,南茂,117.0,2026-07-09,年配,1.23,1.05,,1.23,1.2,1.8,2.3,4.3,2.2,1.8,1.2,,1.05,1.03,1.54,1.97,3.68,1.88,1.54,1.03,,,5.69,7.62,13.71,22.38,11.7,13.7,6.05,,,1.95,2.6,4.64,6.96,3.26,3.55,1.37,1.41,2.17,2.0,1.21,1.85,1.72,6.66,12.35,11.55,65.39,60.53,63.98,0.72,,-0.01,-0.5,0.24,1.95,1.63,1.22,200.0,,-100.61,-140.98,0.47,
8162,微矽電子-創,78.1,2026-07-09,年配,1.5,1.92,,1.5,1.0,0.5,1.5,,,,,,1.92,1.28,0.64,1.92,,,,,,,6.53,-2.04,13.72,23.54,,,,,,1.28,-0.39,2.7,4.31,,,,1.0,1.12,1.12,1.28,1.44,1.44,2.24,10.44,10.44,-25.04,1.82,1.82,0.12,,1.53,0.88,0.3,1.28,0.79,0.15,-60.0,,93.67,486.67,1.35,
8163,達方,37.15,2026-07-09,年配,0.5,1.35,,0.5,2.0,4.0,3.0,3.0,2.5,2.3,3.5,,1.35,5.38,10.77,8.08,8.08,6.73,6.19,9.42,,,3.43,12.79,10.92,11.17,9.37,10.09,17.48,,,2.22,5.91,4.15,4.09,3.23,3.21,5.43,2.17,2.5,2.6,5.83,6.73,7.0,8.11,9.58,10.75,78.89,75.85,73.85,0.2,,0.46,0.43,0.21,2.22,1.82,1.14,-4.76,,-74.73,-62.28,0.45,
8201,無敵,12.65,2026-07-09,年配,0.0,0.0,,,,,,,,,,,,,,,,,,,,,-11.05,-12.8,-13.76,17.75,-7.85,-9.48,-3.68,,,-0.88,-1.14,-1.39,1.75,-0.76,-1.05,-0.47,,,,,,,-11.92,-4.96,-5.84,,,,-0.11,,-0.33,-0.34,-0.1,-0.88,-0.71,-0.53,-10.0,,53.52,35.85,-0.34,
8210,勤誠,1175.0,2026-07-09,年配,14.0,1.19,,14.0,7.5,5.0,4.0,3.0,4.00165479,4.6,4.0,,1.19,0.64,0.43,0.34,0.26,0.34,0.39,0.34,,,30.71,21.06,22.13,16.54,26.07,27.28,21.11,,,16.05,9.03,8.32,5.62,8.16,7.62,5.37,8.83,6.7,5.76,0.75,0.57,0.49,25.88,22.61,23.56,51.05,50.89,55.35,10.73,,20.45,12.4,5.53,16.05,12.14,6.8,94.03,,68.45,82.35,25.65,
8213,志超,34.1,2026-07-09,年配,1.14,3.34,,1.14,1.38,1.0,2.5,5.0,3.5,2.5,2.2,,3.34,4.05,2.93,7.33,14.66,10.26,7.33,6.45,,,4.52,7.37,10.18,16.8,15.44,8.59,9.77,,,2.75,4.03,5.44,8.6,7.28,4.08,4.38,1.17,2.2,2.4,3.44,6.46,7.04,5.94,9.72,10.38,37.49,44.77,48.38,0.3,,1.77,1.23,0.64,2.75,1.93,1.2,-53.12,,-8.29,2.5,1.43,
8215,明基材,28.3,2026-07-09,年配,0.3,1.06,,0.3,0.62,1.2,2.0,1.5,0.7,0.5,0.6,,1.06,2.19,4.24,7.07,5.3,2.47,1.77,2.12,,,2.92,6.71,22.52,20.46,9.37,6.18,7.83,,,0.62,1.29,4.04,3.03,1.23,0.8,1.02,0.71,1.12,0.93,2.5,3.97,3.28,4.81,13.15,10.86,96.51,73.0,67.18,-0.64,,-0.12,0.16,0.15,0.62,0.48,0.34,-526.67,,-125.0,-52.94,-0.91,
8222,寶一,40.0,2026-07-09,年配,0.35,0.87,,0.35,0.7,0.3,,,,0.45,0.5,,0.87,1.75,0.75,,,,1.12,1.25,,,11.72,7.58,2.49,-12.83,-4.45,4.86,5.33,,,1.49,0.88,0.28,-1.5,-0.58,0.65,0.7,0.45,0.45,0.46,1.12,1.12,1.15,9.65,2.24,2.1,40.53,40.53,55.43,0.37,,0.16,0.01,0.31,1.49,1.03,0.8,19.35,,-84.47,-98.75,0.22,
8249,菱光,47.0,2026-07-09,半年配,2.1,4.47,,2.1,2.1,1.1,1.9,1.3,1.3,1.2,1.3,,4.47,4.47,2.34,4.04,2.77,2.77,2.55,2.77,,,6.34,5.46,9.17,4.83,5.73,5.62,6.2,,,3.27,2.18,3.22,1.5,1.5,1.45,1.62,1.77,1.7,1.54,3.76,3.62,3.27,5.9,6.45,6.19,57.34,65.09,72.86,0.37,,3.8,2.08,1.04,3.27,2.66,0.71,-64.42,,42.86,192.96,3.13,
8261,富鼎,325.0,2026-07-09,年配,5.0,1.54,,5.0,3.2,2.5,5.0,6.0,1.0,0.5,1.0,,1.54,0.98,0.77,1.54,1.85,0.31,0.15,0.31,,,10.37,6.11,23.34,34.22,13.02,2.92,11.45,,,4.8,2.83,8.83,8.03,2.44,0.68,2.04,3.57,4.34,3.02,1.1,1.34,0.93,8.24,18.51,14.49,77.5,71.59,64.27,1.57,,4.05,2.12,1.45,4.8,3.2,1.89,8.28,,26.56,12.17,4.17,
8271,宇瞻,181.0,2026-07-09,年配,4.5,2.49,,4.5,2.2,3.15,3.3,2.89,2.02,2.55,2.5,,2.49,1.22,1.74,1.82,1.6,1.12,1.41,1.38,,,6.43,13.8,15.6,16.46,10.34,13.69,13.63,,,2.18,4.51,5.23,4.81,2.88,3.73,3.56,3.28,3.21,2.89,1.82,1.77,1.6,10.12,13.07,12.85,85.38,73.48,71.81,14.54,,3.45,1.74,0.72,2.18,1.9,1.63,1919.44,,81.58,6.75,17.27,
8341,日友,76.6,2026-07-09,年配,4.0,5.22,,4.0,3.8,3.8,7.5,8.0,8.2,8.0,6.5,,5.22,4.96,4.96,9.79,10.44,10.7,10.44,8.49,,,10.18,9.76,25.49,28.7,31.63,33.76,29.64,,,3.69,3.4,7.72,8.47,8.91,8.91,7.38,3.87,5.42,6.22,5.05,7.07,8.12,9.97,18.53,24.17,107.37,101.58,96.61,1.51,,3.6,2.22,1.29,3.69,2.69,1.47,17.05,,33.83,51.02,3.82,
8367,建新國際,40.6,2026-07-09,年配,2.85,7.02,,2.85,2.8,2.5,2.5,2.8,1.5,1.1,1.0,,7.02,6.9,6.16,6.16,6.9,3.69,2.71,2.46,,,9.97,8.47,6.69,24.55,10.41,8.62,8.56,,,3.59,3.25,2.98,7.1,2.73,1.92,1.96,2.72,2.69,2.13,6.69,6.63,5.25,9.22,12.42,11.04,77.46,69.56,63.07,0.67,,2.56,1.64,0.95,3.59,2.77,1.83,-29.47,,-7.58,-10.38,2.28,
8374,羅昇,85.8,2026-07-09,年配,0.2,0.23,,0.2,0.45,0.3,0.5,0.9,0.6,0.3,0.5,,0.23,0.52,0.35,0.58,1.05,0.7,0.35,0.58,,,5.89,-0.81,4.66,7.35,4.48,-4.2,7.3,,,0.6,-0.19,0.7,1.32,0.78,-0.78,1.28,0.32,0.47,0.47,0.37,0.55,0.54,2.54,4.27,3.52,-41.44,14.18,19.18,0.43,,0.7,0.48,0.24,0.6,0.2,0.05,79.17,,250.0,860.0,0.89,
8404,百和興業-KY,16.8,2026-07-09,年配,0.5,2.98,,0.5,0.15,,0.2,2.5,1.0,0.6,0.2,,2.98,0.89,,1.19,14.88,5.95,3.57,1.19,,,6.44,-12.06,9.67,22.44,10.35,8.04,7.24,,,0.93,-1.9,1.76,3.96,1.63,1.14,1.09,0.32,0.84,0.74,1.94,4.99,4.38,-2.81,6.62,7.45,16.13,30.21,37.16,0.17,,1.19,0.7,0.54,0.93,0.84,0.49,-68.52,,41.67,42.86,0.82,
8411,福貞-KY,12.4,2026-07-09,季配,0.1,0.81,,0.1,0.05,0.08,,0.4,0.29000000000000004,,,,0.81,0.4,0.65,,3.23,2.34,,,,,-0.87,0.57,-5.13,6.96,1.27,-1.13,-2.43,,,-0.25,0.15,-1.69,2.22,0.38,-0.34,-0.79,0.08,0.16,0.18,0.62,1.27,1.49,-0.15,0.38,-0.11,16.66,17.12,31.92,0.19,,-0.89,-0.82,-0.6,-0.25,-0.71,0.07,131.67,,-25.35,-1271.43,-0.1,
8422,可寧衛*,27.0,2026-07-09,年配,1.2,4.44,,1.2,10.0,10.0,10.0,10.0,10.0,10.0,10.0,,4.44,37.04,37.04,37.04,37.04,37.04,37.04,37.04,,,16.56,14.61,21.09,19.48,20.55,21.0,24.13,,,10.7,9.12,12.33,10.59,10.81,10.83,12.13,7.07,8.24,8.9,26.17,30.52,32.97,15.58,17.93,19.63,101.56,94.66,92.28,0.21,,10.47,8.0,3.97,10.7,7.37,4.77,-94.71,,42.06,67.71,6.71,
8429,金麗-KY,6.25,2026-07-09,年配,0.0,0.0,,,,,,,,0.02,0.13,,,,,,,,0.32,2.08,,,-0.05,-0.23,-3.18,0.35,-7.59,-0.76,5.79,,,-0.02,-0.08,-1.08,0.12,-2.7,-0.29,2.24,,,0.08,,,1.2,-0.14,-0.78,-0.81,,,-0.55,0.02,,0.07,0.06,0.03,-0.02,0.01,-0.04,-33.33,,600.0,250.0,0.06,
8438,昶昕,93.8,2026-07-09,年配,1.3,1.39,,1.3,1.3,0.9,1.0,2.0,0.9,0.2,0.58226801,,1.39,1.39,0.96,1.07,2.13,0.96,0.21,0.62,,,8.73,5.23,6.5,17.17,5.95,0.36,3.4,,,2.21,1.28,1.46,3.56,1.12,0.07,0.64,1.17,1.3,1.02,1.25,1.39,1.09,6.98,9.41,6.76,64.56,63.45,101.55,1.02,,1.21,0.64,0.49,2.21,1.77,1.13,108.16,,-31.64,-43.36,1.74,
8442,威宏-KY,45.5,2026-07-09,年配,3.0,6.59,,3.0,6.5,5.3,5.0,1.0,,0.3,1.5,,6.59,14.29,11.65,10.99,2.2,,0.66,3.3,,,21.25,22.17,31.34,4.48,-8.68,13.55,7.37,,,11.12,10.07,10.61,1.26,-2.56,4.2,1.83,4.93,4.16,3.23,10.84,9.14,7.1,21.71,19.81,13.07,55.54,59.4,54.45,0.03,,3.46,2.46,2.43,11.12,8.47,6.38,-98.77,,-59.15,-61.44,1.06,
8443,阿瘦,11.4,2026-07-09,季配,0.0,0.0,,,0.2,,,,0.15,,0.28,,,1.75,,,,1.32,,2.46,,,-6.02,2.07,-22.98,-22.59,-13.53,-3.52,0.87,,,-0.73,0.25,-3.15,-3.9,-2.81,-0.79,0.23,0.2,0.2,0.21,1.75,1.75,1.84,-1.98,-12.38,-9.39,-27.4,-27.4,29.67,-0.37,,-1.14,-0.49,0.01,-0.73,-0.62,-0.23,-3800.0,,-83.87,-113.04,-1.52,
8454,富邦媒,268.0,2026-07-09,年配,10.0,3.73,,10.0,12.8,14.8,15.0,13.0,10.0,8.3794,6.9216,,3.73,4.78,5.52,5.6,4.85,3.73,3.13,2.58,,,34.09,36.14,36.62,41.46,29.54,22.56,24.0,,,13.69,15.1,15.72,18.02,13.87,9.95,10.35,12.53,13.12,11.36,4.68,4.9,4.24,35.12,37.08,32.06,95.76,89.77,83.18,2.43,,7.81,5.99,3.41,13.69,9.29,6.98,-28.74,,-15.93,-14.18,6.83,
8462,柏文,159.0,2026-07-09,年配,7.38,4.64,,7.37781801,4.20419082,2.11185439,1.55198085,1.29106633,4.86403166,5.37937876,4.34866204,,4.64,2.64,1.33,0.98,0.81,3.06,3.38,2.74,,,19.62,6.51,4.29,-7.53,19.44,25.96,32.33,,,4.77,1.5,0.95,-1.91,5.67,7.15,7.69,4.56,3.31,3.89,2.87,2.08,2.45,13.07,5.72,14.37,114.46,81.18,77.47,2.42,,5.69,3.54,1.55,4.77,3.02,1.79,56.13,,88.41,97.77,6.56,
8463,潤泰材,21.4,2026-07-09,年配,0.8,3.74,,0.8,1.1,0.65,0.23,,0.77,0.49,0.7,,3.74,5.14,3.04,1.07,,3.6,2.29,3.27,,,11.85,8.27,4.12,-3.87,5.52,3.74,4.91,,,1.25,0.77,0.25,-0.69,0.87,0.59,0.77,0.85,0.7,0.68,3.97,3.25,3.16,10.06,5.09,4.93,86.21,88.14,87.82,0.42,,1.84,0.92,0.15,1.25,0.96,0.53,180.0,,91.67,73.58,2.11,
8464,億豐,360.0,2026-07-09,年配,16.0,4.44,,16.0,14.5,12.0,11.0,11.0,10.0,10.0,10.0,,4.44,4.03,3.33,3.06,3.06,2.78,2.78,2.78,,,27.11,24.45,30.62,33.15,33.61,34.68,29.91,,,23.56,18.73,21.07,18.15,16.36,15.37,12.39,14.17,12.9,11.81,3.93,3.58,3.28,25.78,28.83,30.5,62.8,59.61,63.62,5.62,,15.83,10.0,6.07,23.56,16.96,10.91,-7.41,,-6.66,-8.34,15.38,
8466,美吉吉-KY,17.45,2026-07-09,年配,0.3,1.72,,0.3,1.2,0.3,1.5,0.7,3.0,4.1,3.0,,1.72,6.88,1.72,8.6,4.01,17.19,23.5,17.19,,,4.96,-3.77,5.06,2.39,10.51,15.91,12.4,,,2.02,-0.98,2.18,1.04,4.22,6.09,4.7,0.6,0.8,1.76,3.44,4.59,10.1,0.6,2.16,6.78,14.4,41.23,52.45,-0.89,,0.0,0.23,0.66,2.02,1.44,1.0,-234.85,,-100.0,-77.0,-1.55,
8467,波力-KY,114.5,2026-07-09,季配,7.0,6.11,2.0,7.0,,,5.0,0.5,,1.0,0.8,1.75,6.11,,,4.37,0.44,,0.87,0.7,,,24.1,21.12,26.54,6.96,1.73,9.39,9.05,,,11.5,7.69,8.21,1.98,0.48,2.67,2.61,7.0,4.17,2.86,6.11,3.64,2.5,22.61,19.68,14.13,,43.08,38.56,0.83,,9.42,6.24,2.6,11.5,8.02,5.2,-68.08,,17.46,20.0,7.65,
8473,山林水,45.6,2026-07-09,年配,0.8,1.75,,0.79977991,0.725,,,0.85,1.0,1.5,2.55563291,,1.75,1.59,,,1.86,2.19,3.29,5.6,,,4.06,2.26,-2.36,4.63,3.69,5.87,7.24,,,0.97,0.27,-1.89,1.36,1.15,2.25,2.78,0.76,0.79,1.24,1.67,1.73,2.71,3.16,2.15,3.63,74.74,68.62,76.56,1.23,,2.05,1.51,0.92,0.97,0.94,1.01,33.7,,118.09,49.5,2.36,
8476,台境*,24.1,2026-07-09,年配,0.2,0.83,,0.2,1.02047377,2.2,2.15,,,,,,0.83,4.23,9.13,8.92,,,,,,,13.73,21.75,43.46,-4.12,-12.72,-37.39,-68.57,,,1.62,4.49,7.19,-0.49,-1.06,-3.85,-9.89,1.14,1.39,1.39,4.73,5.78,5.78,17.74,18.7,-6.27,56.0,47.3,47.3,0.0,,0.47,0.36,0.11,1.62,2.0,2.6,-100.0,,-76.5,-86.15,0.36,
8478,東哥遊艇,154.0,2026-07-09,年配,6.5,4.22,,6.5,5.0,12.0,10.0,5.0,1.0,0.5,2.0,,4.22,3.25,7.79,6.49,3.25,0.65,0.32,1.3,,,13.0,39.52,45.49,30.97,3.71,1.71,12.87,,,10.37,23.66,19.93,9.55,1.04,0.5,3.85,7.83,7.7,5.25,5.09,5.0,3.41,26.26,32.25,21.04,49.47,50.37,64.23,3.8,,10.64,5.22,0.63,10.37,13.5,12.0,503.17,,-21.19,-56.5,13.81,
8481,政伸,42.2,2026-07-09,年配,2.75,6.52,,2.75,2.55,2.0,3.8,6.5,7.0,2.65,2.85,,6.52,6.04,4.74,9.0,15.4,16.59,6.28,6.75,,,12.23,7.56,16.79,22.02,52.52,17.84,17.56,,,3.01,1.88,4.43,6.1,12.51,3.42,3.35,2.43,3.52,3.76,5.77,8.34,8.91,9.9,14.65,20.93,95.55,95.86,85.99,0.77,,2.42,1.44,0.97,3.01,2.17,1.35,-20.62,,11.52,6.67,2.22,
8482,商億-KY,47.9,2026-07-09,年配,1.96,4.09,,1.96,4.36,2.3,6.22,5.87,4.8,6.0,8.0,,4.09,9.1,4.8,12.99,12.25,10.02,12.53,16.7,,,13.23,8.25,23.91,27.14,21.17,24.71,35.14,,,4.36,2.87,7.77,7.97,6.05,7.67,9.7,2.87,4.14,4.94,6.0,8.65,10.31,10.74,18.13,21.94,90.07,83.46,81.98,0.66,,1.74,0.95,0.6,4.36,3.16,2.09,10.0,,-44.94,-54.55,1.8,
8487,愛爾達-創,78.6,2026-07-09,年配,4.81,6.12,,4.806,5.2,4.5,2.2,1.1,0.4,0.5,0.6,,6.11,6.62,5.73,2.8,1.4,0.51,0.64,0.76,,,29.01,31.88,20.39,16.75,-3.02,4.56,10.61,,,6.85,5.98,2.81,2.14,-0.37,0.58,1.21,4.84,3.56,2.41,6.15,4.53,3.07,30.44,24.51,15.74,75.58,70.21,44.08,2.58,,3.02,2.01,1.01,6.85,5.17,1.82,155.45,,-41.59,10.44,4.59,
8488,吉源-KY,10.05,2026-07-09,年配,0.0,0.0,,,,,,0.3,0.3,,,,,,,,2.99,2.99,,,,,-1.16,-4.86,-2.71,1.98,2.02,3.88,-7.51,,,-0.39,-1.75,-1.01,0.75,0.75,1.43,-2.98,,0.3,0.3,,2.99,2.99,-3.01,-1.69,-1.19,,40.0,40.0,-0.19,,-1.75,-1.66,-0.29,-0.39,-1.0,-0.6,34.48,,-75.0,-176.67,-1.65,
8499,鼎炫-KY,296.5,2026-07-09,年配,8.0,2.7,,8.0,8.0,4.0,2.0,8.0,8.0,5.0,5.0,,2.7,2.7,1.35,0.67,2.7,2.7,1.69,1.69,,,5.46,5.4,12.89,23.31,24.88,22.97,23.81,,,11.14,8.97,15.75,14.14,12.39,8.14,7.94,6.67,6.0,6.0,2.25,2.02,2.03,5.43,11.76,16.96,58.2,46.42,53.52,2.61,,6.34,3.42,2.76,11.14,6.71,4.41,-5.43,,-5.51,-22.45,6.19,
8926,台汽電,76.0,2026-07-09,年配,2.41,3.17,,2.41,2.1,1.93,1.05,1.75,1.9,1.7,1.5,,3.17,2.76,2.54,1.38,2.3,2.5,2.24,1.97,,,8.7,9.06,7.7,7.49,8.81,9.15,5.63,,,1.85,1.82,1.54,1.52,1.81,1.86,1.14,2.15,1.85,1.79,2.82,2.43,2.36,8.88,8.24,8.08,109.78,100.72,104.4,2.11,,1.86,1.68,0.48,1.85,1.32,0.98,339.58,,40.91,71.43,3.49,
8940,新天地,16.35,2026-07-09,年配,0.0,0.0,,,,,,,,,,,,,,,,,,,,,3.01,15.83,3.52,-16.81,-6.75,-0.09,-3.22,,,0.12,1.58,0.35,-1.74,-0.86,-0.26,-0.51,,,,,,,9.42,1.39,-0.64,,,,1.34,,0.02,0.97,1.26,0.12,-0.62,-0.31,6.35,,103.23,412.9,0.1,
8996,高力,1230.0,2026-07-09,年配,4.6,0.37,,4.6,4.0,4.0,1.5,1.5,1.7,1.57,1.65,,0.37,0.33,0.33,0.12,0.12,0.14,0.13,0.13,,,19.32,24.21,15.27,7.84,6.01,8.61,12.63,,,6.56,6.45,3.37,1.67,1.26,1.77,2.57,4.2,3.12,2.56,0.34,0.25,0.21,21.76,16.66,13.41,61.5,64.33,77.88,6.54,,5.62,2.79,1.46,6.56,5.56,3.28,347.95,,1.08,-14.94,10.7,
9802,鈺齊-KY,75.0,2026-07-09,半年配,5.1,6.8,,5.1,5.1,5.0,7.2,4.23,3.8,5.5,3.68,,6.8,6.8,6.67,9.6,5.64,5.07,7.33,4.91,,,10.39,11.98,31.34,13.49,10.67,17.24,11.54,,,7.23,7.87,18.1,6.39,5.06,7.81,5.1,5.07,5.33,4.95,6.76,7.1,6.6,11.18,16.8,15.24,67.04,60.01,65.39,0.89,,4.26,2.76,1.26,7.23,4.16,3.62,-29.37,,2.4,-23.76,3.89,
9902,台火,13.9,2026-07-09,年配,0.0,0.0,,,0.3,0.3,,0.5,0.3,0.4,0.3,,,2.16,2.16,,3.6,2.16,2.88,2.16,,,4.52,2.55,-3.86,8.87,2.62,2.57,1.0,,,0.58,0.32,-0.5,1.15,0.33,0.32,0.12,0.3,0.37,0.35,2.16,2.64,2.52,3.53,3.02,2.61,72.74,62.98,109.14,0.17,,0.13,-0.04,-0.03,0.58,0.68,0.61,666.67,,-80.88,-106.56,0.33,
9904,寶成,24.25,2026-07-09,年配,1.3,5.36,,1.3,1.7,1.1,1.3,1.5,0.5,1.25,1.5,,5.36,7.01,4.54,5.36,6.19,2.06,5.15,6.19,,,10.96,8.3,8.67,8.12,2.0,10.53,10.54,,,5.44,3.61,4.29,4.9,1.64,4.01,3.63,1.37,1.38,1.27,5.64,5.69,5.23,9.63,9.01,8.45,30.86,30.66,32.23,0.76,,3.03,1.75,1.22,5.44,4.68,2.74,-37.7,,-35.26,-36.13,2.57,
9905,大華,20.3,2026-07-09,年配,1.1,5.42,,1.1,1.2,1.1,1.2,1.5,1.5,1.0,1.0,,5.42,5.91,5.42,5.91,7.39,7.39,4.93,4.93,,,6.12,5.63,6.0,7.73,7.49,6.49,6.23,,,1.63,1.45,1.55,1.97,1.83,1.57,1.47,1.13,1.22,1.2,5.58,6.01,5.91,5.88,6.37,6.53,74.74,75.76,73.82,0.35,,0.98,0.55,0.24,1.63,1.32,0.72,45.83,,-25.76,-23.61,1.09,
9906,欣巴巴,40.5,2026-07-09,年配,0.0,0.0,,,6.5,5.6142537,4.5722763,0.6583098,,,,,,16.05,13.86,11.29,1.63,,,,,,33.59,36.53,36.57,31.06,-11.77,-9.69,-3.37,,,6.55,6.24,5.08,3.14,-1.07,-0.98,-0.36,6.06,4.34,4.34,14.96,10.71,10.71,35.06,34.44,16.13,94.6,75.05,75.05,1.57,,-1.99,-1.44,-1.0,6.55,3.77,-0.04,257.0,,-152.79,-3500.0,0.58,
9907,統一實,15.1,2026-07-09,年配,1.18,7.81,,1.18,0.97,0.3,1.48,1.0,0.53,,0.47,,7.81,6.42,1.99,9.8,6.62,3.51,,3.11,,,7.02,2.83,9.9,8.78,4.56,2.27,7.83,,,0.97,0.43,1.42,1.17,0.58,0.34,0.94,0.82,0.99,0.85,5.41,6.53,5.61,4.92,7.13,6.17,84.88,89.87,83.48,0.17,,1.12,0.76,0.42,0.97,0.72,0.43,-59.52,,55.56,76.74,0.87,
9908,大台北,29.75,2026-07-09,年配,1.2,4.03,,1.2,1.2,1.2,1.1,1.1,1.1,1.1,1.1,,4.03,4.03,4.03,3.7,3.7,3.7,3.7,3.7,,,6.11,8.6,6.17,7.14,7.03,7.37,6.0,,,1.71,2.32,1.55,1.75,1.64,1.68,1.32,1.2,1.16,1.14,4.03,3.9,3.82,7.36,7.01,6.92,60.95,63.93,67.37,0.33,,1.54,0.72,0.28,1.71,1.54,0.9,17.86,,0.0,-20.0,1.59,
9910,豐泰,67.5,2026-07-09,年配,4.1,6.07,,4.1,5.1,4.3,7.7,4.1,3.7,4.0,6.7,,6.07,7.56,6.37,11.41,6.07,5.48,5.93,9.93,,,23.26,20.97,41.78,26.32,29.36,38.14,35.12,,,5.94,5.04,10.3,5.15,5.53,8.48,7.88,4.5,5.06,4.96,6.67,7.5,7.35,22.12,28.08,30.71,85.59,81.39,74.95,0.68,,3.65,1.89,1.16,5.94,4.34,2.89,-41.38,,-15.9,-34.6,3.17,
9911,櫻花,83.5,2026-07-09,年配,5.0,5.99,,5.0,4.7,3.88,3.7,3.6,3.2,2.65,2.65,,5.99,5.63,4.65,4.43,4.31,3.83,3.17,3.17,,,20.48,18.18,18.08,19.23,18.35,19.62,18.75,,,5.94,4.9,4.66,4.62,4.08,4.06,3.65,4.53,4.18,3.67,5.42,5.0,4.4,19.33,18.99,18.96,79.15,78.9,75.99,1.87,,4.57,3.04,1.74,5.94,4.56,3.03,7.47,,0.22,0.33,4.7,
9912,偉聯,12.75,2026-07-09,年配,0.0,0.0,,,,,,,,,,,,,,,,,,,,,-14.97,-13.52,-7.26,4.34,-8.83,-21.87,2.1,,,-0.98,-0.59,-0.27,0.37,-0.77,-2.2,0.23,,,,,,,-14.24,-7.85,-8.57,,,,-0.19,,-1.15,-0.88,-0.5,-0.98,-0.66,-0.46,62.0,,-74.24,-91.3,-0.84,
9914,美利達,72.8,2026-07-09,年配,2.8,3.85,,2.8,4.0,6.0,7.0,8.0,7.0,4.2,3.5,,3.85,5.49,8.24,9.62,10.99,9.62,5.77,4.81,,,-3.66,8.35,17.24,27.09,26.37,18.07,13.77,,,-2.34,5.66,11.34,15.55,13.36,8.37,5.72,4.27,5.56,5.31,5.86,7.64,7.3,2.34,12.26,15.32,-32.46,12.06,30.29,1.09,,4.81,2.72,1.4,-2.34,5.89,3.58,-22.14,,-18.34,-24.02,4.5,
9917,中保科,107.5,2026-07-09,年配,5.7,5.3,,5.7,5.2,5.2,5.0,5.0,5.0,4.0,4.0,,5.3,4.84,4.84,4.65,4.65,4.65,3.72,3.72,,,21.8,20.49,21.25,21.75,21.3,19.8,19.66,,,6.42,5.85,5.85,5.73,5.42,4.85,4.64,5.37,5.22,4.89,4.99,4.86,4.55,21.14,21.32,20.86,84.94,85.66,86.22,1.6,,4.99,3.26,1.59,6.42,4.82,3.18,0.63,,3.53,2.52,5.0,
9918,欣天然,43.75,2026-07-09,年配,1.5,3.43,,1.5,1.6,1.5,1.0,1.7,1.6,1.35,1.15,,3.43,3.66,3.43,2.29,3.89,3.66,3.09,2.63,,,12.28,11.57,4.7,11.03,10.79,8.86,7.81,,,2.23,2.0,0.81,1.92,1.84,1.47,1.27,1.53,1.46,1.42,3.51,3.34,3.26,11.92,9.9,9.58,73.38,89.69,89.73,0.63,,1.3,0.82,0.54,2.23,1.8,1.61,16.67,,-27.78,-49.07,1.39,
9919,康那香,13.8,2026-07-09,年配,0.0,0.0,,,0.2,0.3,0.15,0.3,3.0,,,,,1.45,2.17,1.09,2.17,21.74,,,,,-13.29,24.9,-10.51,3.42,32.46,0.37,-1.0,,,-1.89,3.37,-1.34,0.5,4.5,0.06,-0.08,0.25,0.24,0.79,1.81,1.72,5.72,5.8,1.13,5.19,-0.84,11.78,22.76,-0.52,,-1.49,-0.55,0.25,-1.89,-1.48,-0.88,-308.0,,-0.68,37.5,-2.26,
9921,巨大,72.7,2026-07-09,年配,1.8,2.48,,1.8,2.2,5.0,7.8,10.0,8.0,4.6,4.6,,2.48,3.03,6.88,10.73,13.76,11.0,6.33,6.33,,,4.05,9.88,18.84,22.28,20.53,15.72,13.72,,,3.22,8.68,15.51,15.81,13.19,9.0,7.64,3.0,5.36,5.5,4.13,7.38,7.57,6.96,13.76,15.0,62.96,59.86,58.78,-0.51,,2.31,1.42,0.94,3.22,5.54,4.27,-154.26,,-58.3,-66.74,0.86,
9924,福興,39.9,2026-07-09,年配,2.5,6.27,,2.5,3.1,3.0,2.9,2.4,2.6,2.6,2.4,,6.27,7.77,7.52,7.27,6.02,6.52,6.52,6.02,,,12.57,13.82,14.27,11.16,14.39,15.43,13.58,,,4.83,5.03,4.83,3.54,4.37,4.38,3.68,2.87,2.78,2.69,7.19,6.97,6.74,13.2,12.95,13.6,61.91,62.92,62.25,0.54,,2.14,0.8,1.06,4.83,3.7,2.54,-49.06,,-42.16,-68.5,1.62,
9925,新保,41.3,2026-07-09,年配,2.0,4.84,,2.0,2.0,2.0,2.0,2.0,2.0,1.8,1.98,,4.84,4.84,4.84,4.84,4.84,4.84,4.36,4.79,,,7.49,8.5,8.92,9.06,8.74,8.21,8.37,,,2.3,2.43,2.51,2.5,2.31,2.13,2.18,2.0,2.0,1.97,4.84,4.84,4.77,8.0,8.49,8.47,84.63,82.24,84.41,0.47,,2.04,1.28,0.43,2.3,1.86,1.4,9.3,,9.68,-8.57,2.08,
9926,新海,49.65,2026-07-09,年配,2.1,4.23,,2.1,2.0,2.0,2.0,2.0,1.8,1.7,1.5,,4.23,4.03,4.03,4.03,4.03,3.63,3.42,3.02,,,11.84,12.58,12.69,13.04,13.19,12.09,11.23,,,2.64,2.61,2.52,2.5,2.34,2.03,1.82,2.03,2.02,1.89,4.1,4.07,3.8,12.21,12.54,12.38,76.19,77.94,79.26,0.68,,2.3,1.45,0.64,2.64,2.3,1.55,6.25,,0.0,-6.45,2.34,
9927,泰銘,68.3,2026-07-09,年配,5.0,7.32,,5.0,6.0,5.15,4.0,4.5,1.0,2.0,1.38,,7.32,8.78,7.54,5.86,6.59,1.46,2.93,2.02,,,16.28,16.0,11.32,14.08,6.73,9.87,7.04,,,6.29,5.94,4.07,4.0,1.68,2.45,1.75,5.38,4.93,3.63,7.88,7.22,5.31,16.14,14.42,11.62,91.04,98.22,87.55,1.12,,2.61,1.26,1.19,6.29,4.91,3.79,-5.88,,-46.84,-66.75,2.54,
9928,中視,18.65,2026-07-09,年配,0.0,0.0,,,,,,,,,,,,,,,,,,,,,-2.63,-2.0,1.61,-6.47,-6.21,-27.84,-30.09,,,-0.57,-0.14,0.11,-0.46,-0.18,-0.94,-1.27,,,,,,,-2.32,-2.37,-10.52,,,,-0.51,,-1.21,-0.79,-0.44,-0.57,-0.17,0.09,-15.91,,-611.76,-977.78,-1.28,
9929,秋雨,10.95,2026-07-09,年配,0.0,0.0,,,,,,,0.4,,,,,,,,,3.65,,,,,-2.89,-15.92,-10.84,0.11,83.11,-34.32,4.67,,,-0.14,-1.04,-0.82,0.05,6.94,-1.48,0.32,,,0.4,,,3.65,-9.4,-7.38,3.42,,,5.76,0.22,,-0.19,-0.16,-0.11,-0.14,-0.18,0.0,300.0,,-5.56,,0.14,
9930,中聯資源,63.4,2026-07-09,年配,4.0,6.31,,4.0,4.0,3.0,2.5,2.5,2.0,2.0,2.0,,6.31,6.31,4.73,3.94,3.94,3.15,3.15,3.15,,,18.29,13.84,12.48,12.52,14.16,15.96,17.96,,,4.66,3.38,3.04,2.86,3.07,3.28,3.36,3.67,3.2,2.75,5.78,5.05,4.34,16.06,14.28,15.03,87.3,86.06,75.7,1.1,,3.85,2.7,1.33,4.66,3.48,2.35,-17.29,,10.63,14.89,3.62,
9931,欣高,33.3,2026-07-09,年配,1.8,5.41,,1.8,1.8,1.0,0.3,1.4,1.3,0.5,1.3,,5.41,5.41,3.0,0.9,4.2,3.9,1.5,3.9,,,12.38,6.85,7.18,10.36,9.0,9.71,11.57,,,2.86,1.44,1.57,2.15,1.73,1.89,2.07,1.53,1.26,1.18,4.61,3.78,3.53,9.62,9.19,9.58,66.19,54.15,54.43,0.69,,1.86,1.06,0.76,2.86,1.98,1.46,-9.21,,-6.06,-27.4,1.79,
9933,中鼎,41.1,2026-07-09,年配,0.8,1.95,,0.8,1.0,2.06,1.91,2.3,2.0,1.24,2.255,,1.95,2.43,5.01,4.65,5.6,4.87,3.02,5.49,,,12.37,12.8,15.43,12.14,6.8,8.38,11.04,,,2.43,2.39,3.07,2.15,1.01,1.54,2.4,1.29,1.61,1.7,3.13,3.93,4.13,12.58,13.18,11.28,63.67,74.13,95.58,1.0,,-0.23,-1.2,-1.52,2.43,1.81,1.34,165.79,,-112.71,-189.55,2.29,
9934,成霖,10.3,2026-07-09,年配,0.1,0.97,,0.1,0.35,1.2,,,0.5,0.42,1.3,,0.97,3.4,11.65,,,4.85,4.08,12.62,,,7.66,11.45,-18.05,0.24,5.18,5.82,10.25,,,1.15,1.52,-2.48,0.04,0.81,0.94,1.69,0.55,0.55,0.64,5.34,5.34,6.26,9.56,0.32,3.22,54.69,54.69,58.54,0.28,,-0.12,0.2,0.06,1.15,0.85,0.84,366.67,,-114.12,-76.19,0.1,
9935,慶豐富,18.3,2026-07-09,年配,1.2,6.56,,1.2,1.8,0.5,0.65,0.51,0.88,0.6,,,6.56,9.84,2.73,3.55,2.79,4.81,3.28,,,,16.37,4.59,10.25,3.74,17.68,13.46,14.75,,,2.39,0.6,1.31,0.46,2.15,1.5,1.43,1.17,0.93,0.88,6.38,5.09,4.79,10.48,8.74,11.55,79.32,79.78,66.68,0.51,,1.01,0.3,0.51,2.39,1.71,1.06,0.0,,-40.94,-71.7,1.01,
9937,全國,55.4,2026-07-09,年配,2.2,3.97,,2.2,2.1,2.1,2.1,2.1,2.3,2.0,2.0,,3.97,3.79,3.79,3.79,3.79,4.15,3.61,3.61,,,13.13,14.37,13.46,15.16,15.19,15.09,15.43,,,2.39,2.53,2.35,2.62,2.57,2.39,2.38,2.13,2.12,2.11,3.85,3.83,3.81,13.75,14.03,14.55,85.44,85.1,85.37,0.66,,1.74,1.09,0.53,2.39,1.76,1.13,24.53,,-1.14,-3.54,1.87,
9938,百和,46.15,2026-07-09,年配,3.0,6.5,,3.0,3.0,1.0,2.5,3.5,3.0,3.0,2.6,,6.5,6.5,2.17,5.42,7.58,6.5,6.5,5.63,,,10.51,1.95,12.72,20.44,14.93,14.9,13.95,,,4.75,1.95,5.1,6.91,5.21,5.11,4.57,2.33,2.6,2.7,5.06,5.63,5.85,6.23,11.4,12.77,57.22,53.53,55.33,0.87,,3.37,2.21,1.54,4.75,3.82,2.29,-43.51,,-11.78,-3.49,2.7,
9939,宏全,122.5,2026-07-09,年配,6.2,5.06,,6.2,6.2,5.35,4.8,4.3,3.6,3.0,2.3,,5.06,5.06,4.37,3.92,3.51,2.94,2.45,1.88,,,16.11,16.0,15.32,14.45,12.54,10.94,8.4,,,9.8,8.6,7.7,6.83,5.72,4.72,3.73,5.92,5.37,4.47,4.83,4.38,3.65,16.06,15.47,13.39,62.74,62.7,62.71,2.25,,7.6,4.65,2.33,9.8,8.61,5.62,-3.43,,-11.73,-17.26,7.52,
9940,信義,19.7,2026-07-09,年配,0.6,3.05,,0.6,1.8,1.6,1.2,2.8,1.7,1.2,1.3,,3.05,9.14,8.12,6.09,14.21,8.63,6.09,6.6,,,13.63,14.47,10.09,19.57,13.86,11.57,13.26,,,2.42,2.39,1.66,3.19,2.11,1.71,2.04,1.33,1.6,1.52,6.77,8.12,7.74,14.05,14.44,13.78,70.66,75.35,73.7,0.22,,0.07,-0.04,0.12,2.42,2.09,1.54,83.33,,-96.65,-102.6,0.17,
9941,裕融,81.0,2026-07-09,年配,4.38,5.41,,4.38,4.38,6.1,5.6,5.5,4.7,4.5,5.5,,5.41,5.41,7.53,6.91,6.79,5.8,5.56,6.79,,,12.95,16.99,19.94,22.51,13.55,15.08,16.41,,,8.88,11.07,12.06,12.96,8.85,9.12,9.27,4.95,5.19,5.08,6.12,6.41,6.28,14.97,18.1,16.78,52.21,48.32,50.72,1.82,,5.8,3.91,1.99,8.88,7.4,4.62,-8.54,,-21.62,-15.37,5.63,
9941A,裕融甲特,50.9,2026-07-09,年配,2.34,4.6,,2.339375,2.339375,2.07066438,2.0,2.0,2.0,2.0,0.42191781,,4.6,4.6,4.07,3.93,3.93,3.93,3.93,0.83,,,,,,,,,,,,,,,,,,,2.25,2.15,1.9,4.42,4.23,3.73,,,,,,,,,,,,,,,,,,,,
9942,茂順,120.0,2026-07-09,年配,7.0,5.83,,7.0,7.0,7.0,5.6,5.0,4.2,4.2,4.2,,5.83,5.83,5.83,4.67,4.17,3.5,3.5,3.5,,,17.7,26.33,19.42,17.37,12.89,13.75,14.91,,,8.67,11.77,7.82,6.49,4.64,4.92,5.28,7.0,6.32,5.52,5.83,5.27,4.6,22.02,20.21,17.48,70.1,72.22,77.76,2.22,,6.03,3.79,2.16,8.67,6.32,4.27,2.78,,-4.59,-11.24,6.09,
9943,好樂迪,53.3,2026-07-09,年配,3.5,6.57,,3.5,4.8,5.2,3.3,0.5,4.0,4.9,5.4,,6.57,9.01,9.76,6.19,0.94,7.5,9.19,10.13,,,16.21,19.14,13.01,1.63,15.76,19.4,22.32,,,7.74,8.81,3.42,0.43,4.41,5.48,6.06,4.5,3.46,3.95,8.45,6.49,7.41,17.68,12.5,15.35,60.52,83.45,86.15,1.88,,3.05,1.92,1.95,7.74,5.83,4.48,-3.59,,-47.68,-57.14,2.98,
9944,新麗,17.75,2026-07-09,年配,0.3,1.69,,0.3,0.3,0.6,1.05,1.0,0.4,,,,1.69,1.69,3.38,5.92,5.63,2.25,,,,,0.8,5.04,7.13,17.04,3.12,-1.37,0.59,,,0.05,1.49,2.12,4.71,0.69,-0.45,0.01,0.4,0.65,0.61,2.25,3.66,3.43,2.92,7.5,4.62,320.14,177.76,153.8,0.65,,-0.12,0.27,0.44,0.05,0.34,1.18,47.73,,-135.29,-77.12,0.09,
9945,潤泰新,25.85,2026-07-09,年配,1.1,4.26,,1.1,1.1,1.5,,2.0,1.0,1.0,,,4.26,4.26,5.8,,7.74,3.87,3.87,,,,18.64,9.61,9.82,14.45,9.08,15.89,23.76,,,6.07,2.65,3.0,7.98,5.88,9.35,7.22,1.23,1.42,1.28,4.77,5.52,4.97,14.12,13.13,14.46,37.36,33.26,25.5,0.99,,2.68,1.72,1.24,6.07,5.31,4.01,-20.16,,-49.53,-57.11,2.43,
9946,三發地產,19.9,2026-07-09,季配,1.37,6.88,,1.37,1.03,0.7,0.427,0.68,0.3,0.3,,,6.88,5.18,3.52,2.15,3.42,1.51,1.51,,,,5.69,1.37,2.15,3.4,2.76,26.69,6.8,,,1.15,0.27,0.43,0.68,0.57,5.28,1.23,1.03,0.84,0.69,5.19,4.23,3.45,3.53,3.15,6.98,174.42,137.03,101.07,2.56,,-0.32,-0.27,-0.08,1.15,0.65,0.57,3300.0,,-149.23,-147.37,2.32,
9955,佳龍,26.2,2026-07-09,年配,0.0,0.0,,,,,,,,,,,,,,,,,,,,,-13.15,-6.03,-6.84,-6.39,-7.47,0.6,-14.65,,,-1.58,-0.79,-0.96,-0.95,-1.19,0.1,-2.62,,,,,,,-9.59,-8.1,-7.7,,,,0.05,,-0.37,-0.41,-0.12,-1.58,-0.76,-0.54,141.67,,51.32,24.07,-0.2,
9958,世紀鋼,117.0,2026-07-09,年配,4.5,3.85,,4.5,4.0,3.0,0.5,3.0,3.0,1.0,0.29993241,,3.85,3.42,2.56,0.43,2.56,2.56,0.85,0.26,,,13.06,11.2,0.99,16.03,11.84,13.78,-1.21,,,6.93,4.46,1.59,5.46,3.59,3.66,-0.09,3.83,3.0,2.41,3.28,2.56,2.06,12.13,10.32,9.38,62.49,52.84,-1.57,2.63,,4.78,3.6,1.41,6.93,6.53,4.84,86.52,,-26.8,-25.62,6.0,
